time,temperature_2m,relative_humidity_2m,dew_point_2m,cloud_cover,cloud_cover_low,cloud_cover_mid,cloud_cover_high,shortwave_radiation,direct_radiation,direct_normal_irradiance,diffuse_radiation,wind_speed_10m,wind_gusts_10m,precipitation,pressure_msl
2025-03-05 00:00:00+00:00,1.6,89,-0.0,0,0,0,0,0.0,0.0,0.0,0.0,9.3,10.1,0.0,1024.5
2025-03-05 01:00:00+00:00,1.2,92,0.1,0,0,0,0,0.0,0.0,0.0,0.0,9.2,10.1,0.0,1024.3
2025-03-05 02:00:00+00:00,0.9,95,0.3,0,0,0,0,0.0,0.0,0.0,0.0,9.5,10.4,0.0,1024.1
2025-03-05 03:00:00+00:00,0.8,96,0.3,0,0,0,0,0.0,0.0,0.0,0.0,8.5,10.1,0.0,1023.7
2025-03-05 04:00:00+00:00,0.8,97,0.3,0,0,0,0,0.0,0.0,0.0,0.0,8.3,9.4,0.0,1023.8
2025-03-05 05:00:00+00:00,1.8,96,1.2,40,40,0,0,0.0,0.0,0.0,0.0,9.6,7.6,0.0,1023.6
2025-03-05 06:00:00+00:00,0.8,97,0.4,39,39,0,0,0.0,0.0,0.0,0.0,10.0,10.8,0.0,1023.8
2025-03-05 07:00:00+00:00,0.7,98,0.4,97,97,0,0,2.0,0.0,0.0,2.0,10.1,13.3,0.0,1023.7
2025-03-05 08:00:00+00:00,2.8,99,2.6,100,100,0,0,65.0,29.0,253.1,36.0,8.7,13.7,0.0,1023.8
2025-03-05 09:00:00+00:00,4.8,97,4.3,100,100,0,0,194.0,101.0,385.9,93.0,6.9,15.8,0.0,1023.7
2025-03-05 10:00:00+00:00,6.1,96,5.5,55,55,0,0,316.0,177.0,459.0,139.0,4.3,16.9,0.0,1023.9
2025-03-05 11:00:00+00:00,7.9,91,6.6,3,3,0,0,390.0,225.0,470.9,165.0,4.6,18.0,0.0,1023.4
2025-03-05 12:00:00+00:00,10.0,80,6.7,0,0,0,0,505.0,382.0,718.1,123.0,5.6,19.8,0.0,1023.1
2025-03-05 13:00:00+00:00,11.2,71,6.1,0,0,0,0,524.0,410.0,752.9,114.0,6.3,20.2,0.0,1022.4
2025-03-05 14:00:00+00:00,12.1,65,5.8,0,0,0,0,511.0,423.0,822.0,88.0,6.9,19.8,0.0,1021.7
2025-03-05 15:00:00+00:00,12.7,60,5.2,0,0,0,0,414.0,332.0,747.3,82.0,7.5,19.4,0.0,1020.9
2025-03-05 16:00:00+00:00,12.3,60,4.7,0,0,0,0,302.0,231.0,682.9,71.0,8.0,19.1,0.0,1020.5
2025-03-05 17:00:00+00:00,11.1,66,4.9,0,0,0,0,159.0,108.0,529.8,51.0,7.2,16.2,0.0,1020.4
2025-03-05 18:00:00+00:00,8.6,75,4.5,0,0,0,0,31.0,17.0,209.1,14.0,7.6,14.8,0.0,1020.3
2025-03-05 19:00:00+00:00,7.4,80,4.3,1,1,0,0,0.0,0.0,0.0,0.0,7.0,11.9,0.0,1020.4
2025-03-05 20:00:00+00:00,5.7,84,3.2,0,0,0,0,0.0,0.0,0.0,0.0,7.0,11.9,0.0,1020.0
2025-03-05 21:00:00+00:00,5.0,87,3.0,1,1,0,0,0.0,0.0,0.0,0.0,7.4,12.6,0.0,1019.6
2025-03-05 22:00:00+00:00,4.4,91,3.0,1,1,0,0,0.0,0.0,0.0,0.0,7.0,13.0,0.0,1019.5
2025-03-05 23:00:00+00:00,4.0,91,2.6,0,0,0,0,0.0,0.0,0.0,0.0,7.5,13.7,0.0,1019.0
2025-03-06 00:00:00+00:00,3.6,91,2.2,1,1,0,0,0.0,0.0,0.0,0.0,8.0,13.7,0.0,1018.4
2025-03-06 01:00:00+00:00,3.4,90,1.9,0,0,0,0,0.0,0.0,0.0,0.0,7.9,14.0,0.0,1018.1
2025-03-06 02:00:00+00:00,3.2,91,1.9,2,2,0,0,0.0,0.0,0.0,0.0,8.1,13.7,0.0,1017.6
2025-03-06 03:00:00+00:00,2.9,93,1.8,0,0,0,0,0.0,0.0,0.0,0.0,8.4,13.7,0.0,1016.6
2025-03-06 04:00:00+00:00,2.7,94,1.9,0,0,0,0,0.0,0.0,0.0,0.0,8.1,13.3,0.0,1015.9
2025-03-06 05:00:00+00:00,2.6,94,1.8,0,0,0,0,0.0,0.0,0.0,0.0,8.5,13.3,0.0,1015.4
2025-03-06 06:00:00+00:00,3.1,94,2.2,0,0,0,0,0.0,0.0,0.0,0.0,9.2,15.8,0.0,1014.8
2025-03-06 07:00:00+00:00,3.1,93,2.1,0,0,0,0,2.0,1.0,19.1,1.0,10.2,17.3,0.0,1014.5
2025-03-06 08:00:00+00:00,4.8,90,3.3,15,0,0,15,82.0,50.0,415.0,32.0,12.5,22.0,0.0,1014.4
2025-03-06 09:00:00+00:00,8.2,85,5.8,7,0,0,7,227.0,166.0,620.2,61.0,13.4,25.2,0.0,1014.2
2025-03-06 10:00:00+00:00,10.9,76,6.8,0,0,0,0,364.0,288.0,735.6,76.0,14.0,30.2,0.0,1013.8
2025-03-06 11:00:00+00:00,12.8,66,6.5,36,0,0,36,461.0,367.0,758.9,94.0,16.1,34.6,0.0,1013.3
2025-03-06 12:00:00+00:00,13.9,61,6.4,92,0,3,92,529.0,436.0,810.9,93.0,17.7,38.2,0.0,1012.9
2025-03-06 13:00:00+00:00,14.1,58,6.1,100,0,27,100,534.0,424.0,770.7,110.0,18.5,40.3,0.0,1012.6
2025-03-06 14:00:00+00:00,14.2,58,6.0,100,0,75,100,471.0,326.0,626.9,145.0,18.6,40.7,0.0,1012.2
2025-03-06 15:00:00+00:00,13.7,59,5.9,98,0,77,98,340.0,198.0,440.5,142.0,18.2,37.8,0.0,1011.8
2025-03-06 16:00:00+00:00,13.1,61,5.8,98,1,59,98,199.0,50.0,145.7,149.0,15.5,31.0,0.0,1011.7
2025-03-06 17:00:00+00:00,12.4,64,5.8,98,2,26,98,75.0,0.0,0.0,75.0,15.5,34.6,0.0,1011.5
2025-03-06 18:00:00+00:00,11.7,68,5.9,92,2,24,86,20.0,1.0,11.9,19.0,14.9,36.4,0.0,1011.6
2025-03-06 19:00:00+00:00,11.0,72,6.1,57,7,35,36,0.0,0.0,0.0,0.0,16.9,31.7,0.0,1011.7
2025-03-06 20:00:00+00:00,10.7,74,6.3,62,1,43,44,0.0,0.0,0.0,0.0,18.0,33.1,0.0,1012.0
2025-03-06 21:00:00+00:00,10.6,77,6.7,68,3,32,56,0.0,0.0,0.0,0.0,18.1,32.8,0.0,1011.8
2025-03-06 22:00:00+00:00,10.4,79,6.9,39,10,8,31,0.0,0.0,0.0,0.0,17.4,33.1,0.0,1011.9
2025-03-06 23:00:00+00:00,10.3,80,7.1,74,8,11,70,0.0,0.0,0.0,0.0,16.4,32.0,0.0,1011.8
2025-03-07 00:00:00+00:00,10.0,82,7.1,83,20,33,77,0.0,0.0,0.0,0.0,15.7,30.2,0.0,1011.7
2025-03-07 01:00:00+00:00,10.0,83,7.3,78,23,32,70,0.0,0.0,0.0,0.0,15.3,30.2,0.0,1011.5
2025-03-07 02:00:00+00:00,9.8,83,7.1,74,18,27,65,0.0,0.0,0.0,0.0,15.1,29.5,0.0,1011.1
2025-03-07 03:00:00+00:00,9.6,83,6.9,75,22,22,66,0.0,0.0,0.0,0.0,15.0,27.7,0.0,1010.8
2025-03-07 04:00:00+00:00,9.7,83,6.9,85,35,26,77,0.0,0.0,0.0,0.0,14.5,27.7,0.0,1010.6
2025-03-07 05:00:00+00:00,9.7,83,6.9,99,80,55,91,0.0,0.0,0.0,0.0,14.3,26.6,0.1,1010.7
2025-03-07 06:00:00+00:00,9.7,85,7.2,97,85,86,91,0.0,0.0,0.0,0.0,14.3,25.2,0.0,1010.6
2025-03-07 07:00:00+00:00,9.8,86,7.5,100,83,99,94,2.0,0.0,0.0,2.0,14.8,26.3,0.0,1010.8
2025-03-07 08:00:00+00:00,10.5,85,8.1,100,81,100,90,47.0,9.0,71.2,38.0,16.2,29.2,0.0,1011.2
2025-03-07 09:00:00+00:00,11.9,81,8.7,100,98,99,80,126.0,45.0,164.5,81.0,15.5,28.8,0.0,1011.4
2025-03-07 10:00:00+00:00,12.4,78,8.6,89,50,66,62,142.0,25.0,62.9,117.0,15.2,32.0,0.0,1011.5
2025-03-07 11:00:00+00:00,12.5,76,8.4,63,4,39,44,169.0,26.0,53.1,143.0,17.0,33.8,0.0,1011.6
2025-03-07 12:00:00+00:00,12.7,74,8.2,75,2,47,55,201.0,72.0,132.5,129.0,16.8,33.8,0.0,1011.4
2025-03-07 13:00:00+00:00,12.6,75,8.3,79,13,52,52,193.0,51.0,91.8,142.0,16.5,31.7,0.0,1011.2
2025-03-07 14:00:00+00:00,12.7,76,8.5,70,14,45,41,169.0,37.0,70.4,132.0,15.7,29.2,0.0,1010.9
2025-03-07 15:00:00+00:00,12.6,76,8.4,61,23,39,35,200.0,69.0,151.8,131.0,14.8,28.4,0.1,1010.6
2025-03-07 16:00:00+00:00,12.6,77,8.6,75,28,45,41,136.0,31.0,89.0,105.0,12.5,25.2,0.0,1010.6
2025-03-07 17:00:00+00:00,12.3,77,8.4,88,66,39,53,76.0,17.0,79.6,59.0,13.0,27.0,0.0,1010.3
2025-03-07 18:00:00+00:00,11.6,80,8.2,91,81,36,73,19.0,7.0,81.2,12.0,14.0,25.6,0.0,1010.4
2025-03-07 19:00:00+00:00,11.1,80,7.8,97,67,41,85,0.0,0.0,0.0,0.0,15.0,26.6,0.0,1010.3
2025-03-07 20:00:00+00:00,11.1,80,7.8,93,34,49,80,0.0,0.0,0.0,0.0,14.7,26.3,0.0,1010.3
2025-03-07 21:00:00+00:00,11.1,80,7.8,93,10,43,88,0.0,0.0,0.0,0.0,14.4,25.6,0.0,1010.2
2025-03-07 22:00:00+00:00,11.0,80,7.7,95,21,12,93,0.0,0.0,0.0,0.0,15.0,25.9,0.0,1010.0
2025-03-07 23:00:00+00:00,10.9,80,7.5,83,9,3,81,0.0,0.0,0.0,0.0,14.3,26.6,0.0,1010.0
2025-03-08 00:00:00+00:00,10.4,81,7.2,67,2,5,65,0.0,0.0,0.0,0.0,13.4,25.6,0.0,1010.0
2025-03-08 01:00:00+00:00,9.9,81,6.9,6,0,2,4,0.0,0.0,0.0,0.0,12.7,23.4,0.0,1009.8
2025-03-08 02:00:00+00:00,9.7,81,6.6,9,0,3,6,0.0,0.0,0.0,0.0,12.0,22.0,0.0,1009.0
2025-03-08 03:00:00+00:00,9.1,81,6.1,18,0,0,18,0.0,0.0,0.0,0.0,12.9,22.3,0.0,1008.5
2025-03-08 04:00:00+00:00,8.6,81,5.5,28,0,0,28,0.0,0.0,0.0,0.0,14.4,23.4,0.0,1008.2
2025-03-08 05:00:00+00:00,8.2,82,5.2,58,0,0,58,0.0,0.0,0.0,0.0,15.3,25.6,0.0,1007.9
2025-03-08 06:00:00+00:00,8.1,81,5.0,85,0,0,85,0.0,0.0,0.0,0.0,15.0,27.0,0.0,1007.6
2025-03-08 07:00:00+00:00,7.7,82,4.8,91,0,0,91,4.0,1.0,19.1,3.0,15.7,27.0,0.0,1007.5
2025-03-08 08:00:00+00:00,9.2,78,5.5,92,0,0,92,88.0,52.0,393.2,36.0,16.6,29.5,0.0,1007.7
2025-03-08 09:00:00+00:00,10.7,73,6.2,90,0,0,90,231.0,165.0,590.5,66.0,16.3,31.3,0.0,1007.7
2025-03-08 10:00:00+00:00,13.0,65,6.7,87,0,0,87,367.0,285.0,706.8,82.0,16.2,34.9,0.0,1007.4
2025-03-08 11:00:00+00:00,13.9,61,6.5,93,0,3,93,463.0,358.0,723.0,105.0,16.7,36.7,0.0,1007.3
2025-03-08 12:00:00+00:00,14.3,59,6.4,97,0,16,97,475.0,306.0,557.3,169.0,16.6,36.0,0.0,1006.9
2025-03-08 13:00:00+00:00,14.6,57,6.2,96,0,51,96,480.0,282.0,502.5,198.0,16.1,34.9,0.0,1006.5
2025-03-08 14:00:00+00:00,15.0,56,6.3,87,0,82,35,430.0,225.0,424.0,205.0,16.2,33.8,0.0,1005.7
2025-03-08 15:00:00+00:00,14.6,57,6.2,80,0,80,0,381.0,229.0,498.1,152.0,16.2,33.8,0.0,1004.9
2025-03-08 16:00:00+00:00,14.0,59,6.0,86,0,86,2,248.0,103.0,291.6,145.0,15.8,31.3,0.0,1004.8
2025-03-08 17:00:00+00:00,13.3,60,5.6,90,0,87,51,122.0,42.0,192.4,80.0,15.5,28.1,0.0,1004.9
2025-03-08 18:00:00+00:00,12.3,63,5.4,93,0,45,89,33.0,10.0,112.9,23.0,14.6,27.0,0.0,1005.2
2025-03-08 19:00:00+00:00,11.7,65,5.4,98,0,59,92,0.0,0.0,0.0,0.0,13.9,24.1,0.0,1005.1
2025-03-08 20:00:00+00:00,11.5,67,5.6,98,0,87,93,0.0,0.0,0.0,0.0,13.7,23.8,0.0,1004.9
2025-03-08 21:00:00+00:00,11.2,69,5.8,94,0,62,92,0.0,0.0,0.0,0.0,13.5,24.5,0.0,1004.7
2025-03-08 22:00:00+00:00,10.8,70,5.6,99,0,0,99,0.0,0.0,0.0,0.0,13.6,23.4,0.0,1004.8
2025-03-08 23:00:00+00:00,10.4,72,5.5,61,0,1,61,0.0,0.0,0.0,0.0,13.4,22.0,0.0,1004.3
2025-03-09 00:00:00+00:00,10.0,72,5.1,27,0,25,3,0.0,0.0,0.0,0.0,13.4,22.7,0.0,1004.0
2025-03-09 01:00:00+00:00,9.9,72,5.0,41,0,38,5,0.0,0.0,0.0,0.0,14.5,25.2,0.0,1003.8
2025-03-09 02:00:00+00:00,9.5,72,4.7,54,0,1,53,0.0,0.0,0.0,0.0,15.6,26.6,0.0,1003.1
2025-03-09 03:00:00+00:00,8.9,74,4.5,95,0,0,95,0.0,0.0,0.0,0.0,16.0,27.0,0.0,1002.4
2025-03-09 04:00:00+00:00,8.5,76,4.5,99,0,0,99,0.0,0.0,0.0,0.0,16.1,25.9,0.0,1002.0
2025-03-09 05:00:00+00:00,7.8,79,4.3,72,0,0,72,0.0,0.0,0.0,0.0,15.9,25.9,0.0,1002.0
2025-03-09 06:00:00+00:00,7.6,80,4.4,99,0,0,99,0.0,0.0,0.0,0.0,15.5,26.3,0.0,1001.8
2025-03-09 07:00:00+00:00,7.4,81,4.4,99,0,0,99,5.0,1.0,19.1,4.0,15.5,27.0,0.0,1001.8
2025-03-09 08:00:00+00:00,8.9,79,5.4,76,0,0,76,90.0,49.0,354.7,41.0,16.0,28.4,0.0,1002.3
2025-03-09 09:00:00+00:00,10.9,71,5.8,0,0,0,0,230.0,155.0,543.2,75.0,15.3,29.2,0.0,1002.2
2025-03-09 10:00:00+00:00,12.7,63,5.9,100,0,0,100,374.0,294.0,718.6,80.0,15.4,31.7,0.0,1001.8
2025-03-09 11:00:00+00:00,14.0,60,6.3,97,0,0,97,481.0,394.0,786.4,87.0,16.2,32.4,0.0,1001.5
2025-03-09 12:00:00+00:00,15.2,56,6.5,94,0,0,94,545.0,454.0,818.4,91.0,16.7,33.5,0.0,1001.2
2025-03-09 13:00:00+00:00,15.7,53,6.1,97,0,0,97,558.0,466.0,822.3,92.0,17.4,33.5,0.0,1001.4
2025-03-09 14:00:00+00:00,16.1,50,5.6,100,0,0,100,521.0,430.0,802.2,91.0,15.6,32.8,0.0,1000.9
2025-03-09 15:00:00+00:00,16.0,49,5.3,99,2,0,99,438.0,355.0,763.6,83.0,14.1,31.3,0.0,1000.5
2025-03-09 16:00:00+00:00,15.5,50,5.0,100,8,4,100,320.0,249.0,695.2,71.0,13.1,28.1,0.0,1000.4
2025-03-09 17:00:00+00:00,14.3,53,5.0,100,50,20,100,174.0,122.0,546.8,52.0,10.8,21.2,0.0,1000.8
2025-03-09 18:00:00+00:00,12.8,59,5.0,100,61,27,99,38.0,17.0,186.8,21.0,9.2,15.5,0.0,1000.8
2025-03-09 19:00:00+00:00,12.3,61,4.9,100,8,22,99,0.0,0.0,0.0,0.0,9.1,15.8,0.0,1001.0
2025-03-09 20:00:00+00:00,11.8,64,5.1,95,7,33,94,0.0,0.0,0.0,0.0,8.6,14.8,0.0,1001.4
2025-03-09 21:00:00+00:00,11.3,68,5.6,98,6,39,97,0.0,0.0,0.0,0.0,8.2,13.3,0.0,1001.8
2025-03-09 22:00:00+00:00,11.6,66,5.6,98,40,70,98,0.0,0.0,0.0,0.0,8.8,13.3,0.0,1002.0
2025-03-09 23:00:00+00:00,11.6,67,5.6,99,47,91,89,0.0,0.0,0.0,0.0,8.6,14.0,0.0,1001.8
2025-03-10 00:00:00+00:00,11.9,66,5.8,98,39,92,83,0.0,0.0,0.0,0.0,8.8,15.1,0.0,1001.6
2025-03-10 01:00:00+00:00,11.7,68,6.0,99,64,93,82,0.0,0.0,0.0,0.0,7.4,14.4,0.0,1001.5
2025-03-10 02:00:00+00:00,11.5,69,6.1,93,0,13,92,0.0,0.0,0.0,0.0,7.2,14.4,0.0,1000.9
2025-03-10 03:00:00+00:00,11.2,72,6.4,96,0,15,96,0.0,0.0,0.0,0.0,9.8,16.9,0.0,1000.4
2025-03-10 04:00:00+00:00,10.8,75,6.4,89,5,21,88,0.0,0.0,0.0,0.0,11.0,19.1,0.0,1000.2
2025-03-10 05:00:00+00:00,10.3,77,6.4,58,11,49,18,0.0,0.0,0.0,0.0,12.1,19.8,0.0,1000.4
2025-03-10 06:00:00+00:00,10.1,77,6.3,99,2,99,11,0.0,0.0,0.0,0.0,12.9,19.4,0.0,1000.6
2025-03-10 07:00:00+00:00,10.2,76,6.2,100,4,100,83,2.0,0.0,0.0,2.0,13.5,24.1,0.0,1001.3
2025-03-10 08:00:00+00:00,10.3,78,6.5,100,1,100,99,17.0,0.0,0.0,17.0,13.5,24.8,0.2,1002.0
2025-03-10 09:00:00+00:00,11.1,76,7.0,100,0,100,93,67.0,0.0,0.0,67.0,14.0,25.9,0.2,1002.3
2025-03-10 10:00:00+00:00,11.7,76,7.7,100,0,99,35,199.0,19.0,45.8,180.0,14.0,27.7,0.1,1002.4
2025-03-10 11:00:00+00:00,12.7,73,8.0,100,1,100,66,321.0,134.0,264.4,187.0,12.7,28.1,0.0,1002.7
2025-03-10 12:00:00+00:00,13.8,69,8.2,100,1,99,81,407.0,172.0,306.9,235.0,12.1,28.4,0.0,1002.9
2025-03-10 13:00:00+00:00,14.8,64,8.0,88,1,66,82,459.0,300.0,524.3,159.0,13.1,29.5,0.0,1002.9
2025-03-10 14:00:00+00:00,14.7,63,7.8,90,2,67,87,383.0,237.0,437.8,146.0,15.2,31.0,0.0,1002.7
2025-03-10 15:00:00+00:00,14.1,64,7.5,84,7,38,81,341.0,217.0,461.6,124.0,17.4,33.1,0.0,1002.6
2025-03-10 16:00:00+00:00,13.2,68,7.4,68,3,48,48,248.0,147.0,404.8,101.0,17.4,32.4,0.0,1002.9
2025-03-10 17:00:00+00:00,12.3,71,7.2,86,5,84,33,130.0,62.0,272.1,68.0,17.4,31.7,0.0,1003.4
2025-03-10 18:00:00+00:00,11.7,72,6.9,98,0,93,61,33.0,11.0,117.8,22.0,18.4,32.4,0.1,1004.0
2025-03-10 19:00:00+00:00,11.1,75,6.8,99,2,96,84,0.0,0.0,0.0,0.0,20.3,37.1,0.0,1004.8
2025-03-10 20:00:00+00:00,10.5,77,6.6,95,5,90,85,0.0,0.0,0.0,0.0,21.6,39.2,0.0,1005.4
2025-03-10 21:00:00+00:00,9.7,79,6.2,96,7,93,79,0.0,0.0,0.0,0.0,21.7,40.0,0.0,1005.8
2025-03-10 22:00:00+00:00,9.1,73,4.6,89,4,84,76,0.0,0.0,0.0,0.0,18.4,38.9,0.0,1006.7
2025-03-10 23:00:00+00:00,8.7,73,4.0,94,6,91,78,0.0,0.0,0.0,0.0,20.1,37.8,0.0,1007.0
2025-03-11 00:00:00+00:00,8.3,74,3.9,96,5,89,76,0.0,0.0,0.0,0.0,20.5,37.8,0.0,1007.0
2025-03-11 01:00:00+00:00,8.0,77,4.2,96,44,93,82,0.0,0.0,0.0,0.0,21.8,37.8,0.0,1007.2
2025-03-11 02:00:00+00:00,7.7,80,4.5,95,42,87,64,0.0,0.0,0.0,0.0,22.7,35.6,0.0,1007.1
2025-03-11 03:00:00+00:00,7.3,81,4.2,99,36,99,50,0.0,0.0,0.0,0.0,21.3,37.1,0.0,1006.9
2025-03-11 04:00:00+00:00,6.9,80,3.8,96,50,89,46,0.0,0.0,0.0,0.0,20.7,37.4,0.0,1006.9
2025-03-11 05:00:00+00:00,6.5,81,3.4,99,94,99,39,0.0,0.0,0.0,0.0,21.5,41.8,0.0,1007.6
2025-03-11 06:00:00+00:00,6.3,79,2.9,100,97,98,19,0.0,0.0,0.0,0.0,21.5,42.8,0.0,1007.7
2025-03-11 07:00:00+00:00,6.0,78,2.5,100,99,48,10,3.0,0.0,0.0,3.0,21.1,40.3,0.0,1007.9
2025-03-11 08:00:00+00:00,6.1,77,2.4,93,86,23,38,65.0,20.0,133.2,45.0,22.0,41.4,0.0,1008.2
2025-03-11 09:00:00+00:00,6.5,75,2.4,89,67,22,68,126.0,37.0,124.4,89.0,22.4,41.0,0.0,1008.4
2025-03-11 10:00:00+00:00,6.9,74,2.5,83,38,11,72,185.0,72.0,171.0,113.0,19.5,39.6,0.0,1008.3
2025-03-11 11:00:00+00:00,7.6,66,1.7,92,31,41,90,376.0,224.0,436.9,152.0,18.8,43.2,0.0,1008.4
2025-03-11 12:00:00+00:00,8.0,62,1.2,95,67,63,86,381.0,168.0,296.8,213.0,19.3,40.0,0.0,1008.4
2025-03-11 13:00:00+00:00,8.8,56,0.5,100,90,48,57,388.0,108.0,186.9,280.0,18.0,38.5,0.0,1008.1
2025-03-11 14:00:00+00:00,8.8,57,0.6,87,79,30,14,244.0,52.0,95.1,192.0,17.7,37.4,0.0,1007.7
2025-03-11 15:00:00+00:00,8.4,58,0.5,89,89,4,1,217.0,69.0,145.2,148.0,17.4,34.9,0.0,1007.4
2025-03-11 16:00:00+00:00,8.2,56,-0.2,72,71,9,0,174.0,57.0,154.9,117.0,16.5,30.6,0.0,1007.3
2025-03-11 17:00:00+00:00,8.0,55,-0.5,67,66,39,0,120.0,46.0,197.7,74.0,13.7,24.1,0.0,1007.3
2025-03-11 18:00:00+00:00,6.9,58,-0.8,73,72,57,0,35.0,11.0,114.8,24.0,10.2,17.3,0.0,1007.4
2025-03-11 19:00:00+00:00,5.7,64,-0.5,74,51,67,2,0.0,0.0,0.0,0.0,8.8,16.2,0.0,1007.5
2025-03-11 20:00:00+00:00,5.1,69,-0.2,85,25,80,5,0.0,0.0,0.0,0.0,8.8,15.1,0.0,1007.6
2025-03-11 21:00:00+00:00,4.8,72,0.1,49,30,44,2,0.0,0.0,0.0,0.0,10.2,17.6,0.0,1007.7
2025-03-11 22:00:00+00:00,4.9,71,0.1,63,46,52,0,0.0,0.0,0.0,0.0,10.7,20.9,0.0,1007.6
2025-03-11 23:00:00+00:00,4.7,74,0.4,65,61,29,0,0.0,0.0,0.0,0.0,12.2,22.7,0.0,1007.5
2025-03-12 00:00:00+00:00,4.5,76,0.7,70,58,36,0,0.0,0.0,0.0,0.0,11.9,20.9,0.0,1007.2
2025-03-12 01:00:00+00:00,4.1,79,0.7,53,16,53,0,0.0,0.0,0.0,0.0,10.2,17.3,0.0,1006.6
2025-03-12 02:00:00+00:00,3.7,81,0.7,54,11,54,0,0.0,0.0,0.0,0.0,9.0,15.8,0.0,1006.4
2025-03-12 03:00:00+00:00,3.4,81,0.5,48,7,48,0,0.0,0.0,0.0,0.0,9.9,15.8,0.0,1005.8
2025-03-12 04:00:00+00:00,2.9,82,0.1,28,8,25,0,0.0,0.0,0.0,0.0,9.9,14.8,0.0,1005.5
2025-03-12 05:00:00+00:00,2.8,83,0.2,14,12,12,0,0.0,0.0,0.0,0.0,8.0,13.3,0.0,1005.2
2025-03-12 06:00:00+00:00,2.1,85,-0.2,9,8,1,0,0.0,0.0,0.0,0.0,7.2,13.3,0.0,1004.9
2025-03-12 07:00:00+00:00,2.1,84,-0.3,15,14,2,0,9.0,4.0,72.8,5.0,8.5,14.4,0.0,1005.3
2025-03-12 08:00:00+00:00,2.8,82,0.1,20,10,18,0,111.0,69.0,441.6,42.0,8.8,18.0,0.0,1005.1
2025-03-12 09:00:00+00:00,4.5,77,0.9,16,6,14,0,233.0,156.0,514.1,77.0,8.6,19.4,0.0,1004.7
2025-03-12 10:00:00+00:00,5.7,72,1.0,12,5,8,0,379.0,276.0,646.4,103.0,9.3,21.6,0.0,1004.2
2025-03-12 11:00:00+00:00,6.6,63,0.1,31,7,30,0,485.0,381.0,734.8,104.0,9.7,24.8,0.1,1003.9
2025-03-12 12:00:00+00:00,6.8,63,0.3,40,15,36,0,500.0,353.0,617.3,147.0,11.1,27.0,0.2,1003.6
2025-03-12 13:00:00+00:00,6.9,68,1.4,35,9,31,0,466.0,313.0,536.7,153.0,11.7,27.7,0.1,1002.9
2025-03-12 14:00:00+00:00,7.1,69,1.8,42,28,23,0,436.0,290.0,525.3,146.0,10.6,27.4,0.1,1002.7
2025-03-12 15:00:00+00:00,7.4,68,1.8,50,36,23,0,422.0,318.0,662.1,104.0,11.9,28.8,0.2,1002.4
2025-03-12 16:00:00+00:00,7.1,69,1.7,50,12,43,0,292.0,168.0,450.4,124.0,14.2,30.6,0.5,1002.2
2025-03-12 17:00:00+00:00,6.6,68,1.2,44,7,43,0,150.0,79.0,332.7,71.0,12.7,23.8,0.3,1002.4
2025-03-12 18:00:00+00:00,5.8,73,1.3,24,11,20,0,43.0,19.0,193.5,24.0,8.5,20.2,0.0,1002.7
2025-03-12 19:00:00+00:00,4.7,78,1.1,27,21,16,0,0.0,0.0,0.0,0.0,10.2,19.4,0.0,1003.1
2025-03-12 20:00:00+00:00,3.9,82,1.1,23,23,12,0,0.0,0.0,0.0,0.0,11.1,21.2,0.0,1003.1
2025-03-12 21:00:00+00:00,3.5,84,1.1,7,7,0,0,0.0,0.0,0.0,0.0,13.1,24.8,0.0,1003.3
2025-03-12 22:00:00+00:00,3.3,86,1.1,18,18,1,0,0.0,0.0,0.0,0.0,14.1,25.9,0.0,1003.4
2025-03-12 23:00:00+00:00,2.9,87,0.9,7,7,0,0,0.0,0.0,0.0,0.0,15.3,27.0,0.0,1003.7
2025-03-13 00:00:00+00:00,2.6,89,0.9,14,5,5,10,0.0,0.0,0.0,0.0,16.4,28.1,0.0,1003.8
2025-03-13 01:00:00+00:00,2.4,89,0.7,47,0,27,44,0.0,0.0,0.0,0.0,16.2,27.4,0.0,1004.0
2025-03-13 02:00:00+00:00,1.9,91,0.5,21,0,7,21,0.0,0.0,0.0,0.0,15.3,26.3,0.0,1003.6
2025-03-13 03:00:00+00:00,1.6,91,0.4,0,0,0,0,0.0,0.0,0.0,0.0,15.0,26.3,0.0,1003.5
2025-03-13 04:00:00+00:00,1.5,92,0.3,3,1,2,0,0.0,0.0,0.0,0.0,15.2,27.4,0.0,1003.4
2025-03-13 05:00:00+00:00,1.7,92,0.5,19,19,0,0,0.0,0.0,0.0,0.0,16.3,29.2,0.0,1003.5
2025-03-13 06:00:00+00:00,2.2,91,0.8,61,61,0,0,0.0,0.0,0.0,0.0,17.0,31.7,0.0,1003.7
2025-03-13 07:00:00+00:00,2.4,89,0.7,96,96,0,0,9.0,2.0,34.4,7.0,17.3,31.7,0.0,1004.0
2025-03-13 08:00:00+00:00,3.2,85,0.9,93,93,0,0,72.0,21.0,129.3,51.0,21.3,40.3,0.0,1004.2
2025-03-13 09:00:00+00:00,3.9,82,1.1,98,98,0,0,155.0,51.0,164.8,104.0,23.1,42.5,0.0,1004.5
2025-03-13 10:00:00+00:00,4.7,77,1.0,81,81,0,0,223.0,35.0,80.8,188.0,17.6,41.0,0.0,1004.6
2025-03-13 11:00:00+00:00,5.5,71,0.8,99,99,0,0,321.0,120.0,228.8,201.0,17.1,41.0,0.0,1004.6
2025-03-13 12:00:00+00:00,6.2,65,0.2,55,54,19,0,332.0,106.0,183.5,226.0,16.2,39.2,0.0,1004.8
2025-03-13 13:00:00+00:00,6.6,62,-0.2,48,41,39,0,309.0,69.0,117.2,240.0,16.2,38.5,0.0,1004.6
2025-03-13 14:00:00+00:00,6.7,62,-0.0,47,39,31,0,292.0,113.0,202.7,179.0,17.5,34.9,0.0,1004.2
2025-03-13 15:00:00+00:00,6.8,61,-0.2,42,31,35,0,281.0,122.0,251.3,159.0,16.8,33.1,0.1,1004.4
2025-03-13 16:00:00+00:00,7.0,61,-0.0,33,29,15,0,241.0,125.0,330.7,116.0,16.7,31.3,0.1,1004.5
2025-03-13 17:00:00+00:00,6.8,61,-0.1,15,14,5,0,165.0,93.0,383.9,72.0,14.3,25.6,0.0,1004.7
2025-03-13 18:00:00+00:00,5.6,67,-0.2,7,7,3,0,52.0,26.0,258.5,26.0,11.6,20.5,0.0,1005.3
2025-03-13 19:00:00+00:00,4.5,70,-0.4,16,14,5,0,0.0,0.0,0.0,0.0,11.7,20.5,0.0,1006.1
2025-03-13 20:00:00+00:00,3.9,73,-0.5,17,17,0,0,0.0,0.0,0.0,0.0,11.5,19.8,0.0,1006.4
2025-03-13 21:00:00+00:00,3.2,79,-0.2,16,16,0,0,0.0,0.0,0.0,0.0,11.0,19.1,0.0,1006.8
2025-03-13 22:00:00+00:00,2.1,84,-0.3,3,3,0,0,0.0,0.0,0.0,0.0,8.0,17.6,0.0,1007.2
2025-03-13 23:00:00+00:00,1.4,88,-0.3,0,0,0,0,0.0,0.0,0.0,0.0,7.8,16.2,0.0,1007.3
2025-03-14 00:00:00+00:00,0.7,90,-0.7,0,0,0,0,0.0,0.0,0.0,0.0,7.6,15.1,0.0,1007.3
2025-03-14 01:00:00+00:00,0.3,92,-0.9,0,0,0,0,0.0,0.0,0.0,0.0,7.2,14.0,0.0,1007.6
2025-03-14 02:00:00+00:00,-0.6,95,-1.4,0,0,0,0,0.0,0.0,0.0,0.0,6.9,13.7,0.0,1007.5
2025-03-14 03:00:00+00:00,-1.0,95,-1.7,0,0,0,0,0.0,0.0,0.0,0.0,7.3,13.7,0.0,1007.6
2025-03-14 04:00:00+00:00,-1.2,95,-1.9,2,2,0,0,0.0,0.0,0.0,0.0,7.8,14.0,0.0,1007.6
2025-03-14 05:00:00+00:00,-1.1,96,-1.7,10,6,0,3,0.0,0.0,0.0,0.0,7.3,13.7,0.0,1008.3
2025-03-14 06:00:00+00:00,-0.7,95,-1.4,27,8,0,19,0.0,0.0,0.0,0.0,6.9,13.0,0.0,1008.5
2025-03-14 07:00:00+00:00,-0.3,95,-1.0,32,6,0,28,13.0,5.0,81.7,8.0,7.8,13.0,0.0,1009.3
2025-03-14 08:00:00+00:00,0.9,94,-0.0,35,6,0,30,115.0,59.0,350.1,56.0,7.6,15.5,0.0,1009.6
2025-03-14 09:00:00+00:00,2.9,90,1.4,24,0,0,24,272.0,192.0,608.3,80.0,7.0,16.9,0.0,1010.1
2025-03-14 10:00:00+00:00,4.9,80,1.8,28,2,9,20,421.0,337.0,767.6,84.0,7.4,20.5,0.0,1010.6
2025-03-14 11:00:00+00:00,6.9,64,0.5,36,4,19,19,524.0,432.0,814.6,92.0,9.7,25.6,0.1,1011.1
2025-03-14 12:00:00+00:00,8.0,53,-1.1,63,18,49,24,498.0,368.0,631.0,130.0,13.9,25.9,0.2,1011.3
2025-03-14 13:00:00+00:00,7.9,54,-1.0,76,22,70,28,518.0,348.0,585.6,170.0,14.1,26.6,0.3,1011.6
2025-03-14 14:00:00+00:00,7.6,55,-0.8,80,23,63,51,442.0,263.0,467.4,179.0,14.4,27.7,0.2,1012.0
2025-03-14 15:00:00+00:00,8.0,56,-0.3,92,44,69,69,381.0,237.0,483.2,144.0,15.4,29.5,0.1,1012.5
2025-03-14 16:00:00+00:00,7.7,60,0.5,87,23,52,77,209.0,95.0,248.1,114.0,15.3,28.1,0.2,1013.0
2025-03-14 17:00:00+00:00,7.4,67,1.6,86,33,45,77,129.0,54.0,218.6,75.0,13.4,23.4,0.0,1013.4
2025-03-14 18:00:00+00:00,6.8,70,1.7,88,25,23,84,44.0,17.0,165.1,27.0,11.0,18.4,0.0,1014.2
2025-03-14 19:00:00+00:00,6.2,69,0.9,80,25,18,73,0.0,0.0,0.0,0.0,11.2,19.4,0.0,1015.2
2025-03-14 20:00:00+00:00,5.3,73,0.9,53,25,18,31,0.0,0.0,0.0,0.0,11.0,20.5,0.0,1016.0
2025-03-14 21:00:00+00:00,5.0,77,1.2,25,22,7,4,0.0,0.0,0.0,0.0,10.5,18.7,0.0,1016.7
2025-03-14 22:00:00+00:00,4.4,79,1.1,23,22,6,0,0.0,0.0,0.0,0.0,9.8,18.4,0.0,1017.3
2025-03-14 23:00:00+00:00,4.1,80,1.0,20,19,9,0,0.0,0.0,0.0,0.0,10.6,19.1,0.0,1018.0
2025-03-15 00:00:00+00:00,3.6,82,0.8,14,12,6,0,0.0,0.0,0.0,0.0,10.7,19.1,0.0,1018.2
2025-03-15 01:00:00+00:00,3.3,83,0.8,16,15,2,0,0.0,0.0,0.0,0.0,11.1,19.4,0.0,1018.8
2025-03-15 02:00:00+00:00,2.9,85,0.6,10,10,1,0,0.0,0.0,0.0,0.0,11.5,20.5,0.0,1019.2
2025-03-15 03:00:00+00:00,2.5,87,0.6,13,11,8,0,0.0,0.0,0.0,0.0,12.2,21.2,0.0,1019.3
2025-03-15 04:00:00+00:00,2.1,88,0.4,8,8,2,0,0.0,0.0,0.0,0.0,13.0,22.7,0.0,1019.8
2025-03-15 05:00:00+00:00,2.0,90,0.5,8,8,0,0,0.0,0.0,0.0,0.0,13.6,23.8,0.0,1020.3
2025-03-15 06:00:00+00:00,1.5,92,0.3,3,3,0,0,0.0,0.0,0.0,0.0,14.1,24.5,0.0,1020.7
2025-03-15 07:00:00+00:00,1.5,93,0.5,2,2,0,0,15.0,6.0,93.3,9.0,14.6,26.3,0.0,1021.6
2025-03-15 08:00:00+00:00,3.0,91,1.6,15,15,0,0,129.0,81.0,463.6,48.0,15.3,29.2,0.0,1021.9
2025-03-15 09:00:00+00:00,4.6,84,2.1,50,50,0,0,276.0,192.0,596.7,84.0,19.4,37.8,0.0,1022.4
2025-03-15 10:00:00+00:00,6.0,72,1.4,50,47,22,0,380.0,266.0,597.7,114.0,19.7,39.2,0.0,1022.5
2025-03-15 11:00:00+00:00,7.0,63,0.4,64,63,11,0,417.0,264.0,492.4,153.0,21.0,40.0,0.0,1022.6
2025-03-15 12:00:00+00:00,7.3,57,-0.6,55,55,0,0,320.0,103.0,174.9,217.0,22.3,40.0,0.0,1022.6
2025-03-15 13:00:00+00:00,7.9,53,-1.1,70,70,1,0,360.0,154.0,256.8,206.0,21.5,40.7,0.0,1021.9
2025-03-15 14:00:00+00:00,8.1,50,-1.7,99,99,0,0,378.0,167.0,294.1,211.0,21.2,40.7,0.0,1021.8
2025-03-15 15:00:00+00:00,8.2,48,-2.1,94,94,0,0,348.0,177.0,357.1,171.0,20.7,40.3,0.0,1021.5
2025-03-15 16:00:00+00:00,8.0,48,-2.4,90,90,0,0,280.0,130.0,335.3,150.0,21.3,40.7,0.0,1021.4
2025-03-15 17:00:00+00:00,7.3,51,-2.3,8,8,0,0,143.0,55.0,218.5,88.0,17.9,32.8,0.0,1021.7
2025-03-15 18:00:00+00:00,6.3,53,-2.6,7,7,0,0,52.0,21.0,199.3,31.0,14.9,28.1,0.0,1022.1
2025-03-15 19:00:00+00:00,5.2,54,-3.3,6,6,0,0,0.0,0.0,0.0,0.0,13.6,24.5,0.0,1022.8
2025-03-15 20:00:00+00:00,4.2,57,-3.5,9,9,0,0,0.0,0.0,0.0,0.0,13.6,24.5,0.0,1023.6
2025-03-15 21:00:00+00:00,3.6,60,-3.5,8,8,0,0,0.0,0.0,0.0,0.0,13.5,24.1,0.0,1023.8
2025-03-15 22:00:00+00:00,2.4,67,-3.1,4,4,0,0,0.0,0.0,0.0,0.0,14.5,22.7,0.0,1024.1
2025-03-15 23:00:00+00:00,1.5,73,-2.9,9,9,0,0,0.0,0.0,0.0,0.0,13.1,21.2,0.0,1024.3
2025-03-16 00:00:00+00:00,0.8,77,-2.7,10,10,0,0,0.0,0.0,0.0,0.0,13.2,21.2,0.0,1024.1
2025-03-16 01:00:00+00:00,0.1,82,-2.6,11,11,0,0,0.0,0.0,0.0,0.0,13.6,22.0,0.0,1024.2
2025-03-16 02:00:00+00:00,-0.3,85,-2.5,7,7,0,0,0.0,0.0,0.0,0.0,13.6,22.7,0.0,1024.1
2025-03-16 03:00:00+00:00,-0.5,87,-2.5,5,5,0,0,0.0,0.0,0.0,0.0,13.7,23.8,0.0,1024.0
2025-03-16 04:00:00+00:00,-0.7,89,-2.4,3,3,0,0,0.0,0.0,0.0,0.0,14.3,24.5,0.0,1023.9
2025-03-16 05:00:00+00:00,-0.7,90,-2.1,13,13,0,0,0.0,0.0,0.0,0.0,14.7,25.6,0.0,1024.2
2025-03-16 06:00:00+00:00,-0.6,90,-2.1,19,19,0,0,0.0,0.0,0.0,0.0,15.3,26.3,0.0,1024.5
2025-03-16 07:00:00+00:00,-0.3,90,-1.8,28,28,0,0,18.0,8.0,118.7,10.0,15.9,28.1,0.0,1024.8
2025-03-16 08:00:00+00:00,1.4,85,-0.9,48,48,0,0,136.0,87.0,480.9,49.0,16.0,29.9,0.0,1025.4
2025-03-16 09:00:00+00:00,3.8,78,0.3,47,47,0,0,276.0,191.0,582.5,85.0,17.5,34.9,0.0,1025.4
2025-03-16 10:00:00+00:00,5.3,67,-0.3,52,52,0,0,391.0,259.0,574.2,132.0,19.7,43.6,0.0,1025.6
2025-03-16 11:00:00+00:00,6.6,60,-0.5,45,45,0,0,472.0,298.0,549.8,174.0,19.7,41.0,0.0,1025.5
2025-03-16 12:00:00+00:00,7.4,56,-0.7,38,38,0,0,431.0,244.0,410.3,187.0,18.8,39.2,0.0,1025.3
2025-03-16 13:00:00+00:00,7.9,53,-1.1,10,10,0,0,410.0,174.0,287.5,236.0,18.3,38.2,0.0,1025.0
2025-03-16 14:00:00+00:00,8.3,52,-0.9,40,40,0,0,381.0,144.0,251.2,237.0,19.3,37.1,0.0,1024.7
2025-03-16 15:00:00+00:00,8.2,53,-0.9,51,51,0,0,249.0,85.0,169.8,164.0,19.6,35.3,0.0,1024.4
2025-03-16 16:00:00+00:00,8.1,52,-1.1,66,66,0,0,179.0,24.0,61.1,155.0,19.8,33.5,0.0,1024.3
2025-03-16 17:00:00+00:00,7.6,55,-0.8,47,47,0,0,95.0,9.0,35.1,86.0,17.0,26.6,0.0,1024.6
2025-03-16 18:00:00+00:00,7.1,58,-0.7,58,58,0,0,34.0,8.0,74.3,26.0,14.3,21.2,0.0,1025.2
2025-03-16 19:00:00+00:00,6.4,62,-0.4,82,82,0,0,0.0,0.0,0.0,0.0,13.3,23.8,0.0,1026.1
2025-03-16 20:00:00+00:00,5.5,68,0.1,77,77,0,0,0.0,0.0,0.0,0.0,13.8,23.8,0.0,1026.4
2025-03-16 21:00:00+00:00,5.4,69,0.2,85,85,0,0,0.0,0.0,0.0,0.0,13.0,23.8,0.0,1027.1
2025-03-16 22:00:00+00:00,5.5,73,1.1,88,88,0,0,0.0,0.0,0.0,0.0,11.8,20.5,0.0,1026.9
2025-03-16 23:00:00+00:00,5.0,77,1.4,84,84,0,0,0.0,0.0,0.0,0.0,11.2,18.7,0.0,1027.4
2025-03-17 00:00:00+00:00,5.1,78,1.7,96,96,0,0,0.0,0.0,0.0,0.0,10.9,19.8,0.0,1027.3
2025-03-17 01:00:00+00:00,5.1,82,2.2,97,97,0,0,0.0,0.0,0.0,0.0,11.0,20.5,0.0,1027.5
2025-03-17 02:00:00+00:00,5.2,85,2.9,98,98,0,0,0.0,0.0,0.0,0.0,12.0,22.7,0.0,1027.3
2025-03-17 03:00:00+00:00,5.5,85,3.2,100,100,0,0,0.0,0.0,0.0,0.0,13.2,25.6,0.0,1027.3
2025-03-17 04:00:00+00:00,5.4,87,3.4,100,100,0,0,0.0,0.0,0.0,0.0,13.9,27.0,0.0,1027.1
2025-03-17 05:00:00+00:00,5.4,88,3.5,100,100,0,0,0.0,0.0,0.0,0.0,14.4,28.4,0.0,1027.3
2025-03-17 06:00:00+00:00,5.2,86,3.1,97,97,0,0,0.0,0.0,0.0,0.0,15.0,29.2,0.0,1027.2
2025-03-17 07:00:00+00:00,5.3,83,2.6,100,100,0,0,10.0,3.0,42.5,7.0,16.3,29.9,0.0,1027.6
2025-03-17 08:00:00+00:00,5.6,82,2.7,99,99,0,0,71.0,33.0,176.4,38.0,15.3,31.3,0.0,1028.0
2025-03-17 09:00:00+00:00,6.3,80,3.1,97,97,0,0,128.0,39.0,116.7,89.0,17.6,36.7,0.0,1028.2
2025-03-17 10:00:00+00:00,7.2,77,3.4,98,98,0,0,212.0,71.0,155.3,141.0,18.7,38.9,0.0,1028.0
2025-03-17 11:00:00+00:00,7.5,72,2.9,100,100,0,0,205.0,45.0,82.1,160.0,18.3,36.4,0.0,1028.1
2025-03-17 12:00:00+00:00,7.9,69,2.5,100,100,0,0,280.0,107.0,178.2,173.0,18.8,36.7,0.0,1027.9
2025-03-17 13:00:00+00:00,7.4,70,2.3,100,100,0,0,185.0,5.0,8.2,180.0,18.5,34.9,0.0,1027.8
2025-03-17 14:00:00+00:00,7.8,67,2.0,100,100,0,0,236.0,47.0,81.3,189.0,17.9,34.9,0.0,1027.3
2025-03-17 15:00:00+00:00,7.7,65,1.5,100,100,0,0,178.0,13.0,25.7,165.0,17.8,33.1,0.0,1026.7
2025-03-17 16:00:00+00:00,7.8,63,1.1,100,100,0,0,150.0,14.0,35.2,136.0,18.0,32.8,0.0,1026.4
2025-03-17 17:00:00+00:00,7.6,61,0.7,98,98,0,0,130.0,51.0,195.3,79.0,17.1,31.0,0.0,1026.2
2025-03-17 18:00:00+00:00,7.1,62,0.2,90,90,0,0,37.0,6.0,54.5,31.0,15.7,26.3,0.0,1026.3
2025-03-17 19:00:00+00:00,6.4,63,-0.0,81,81,0,0,0.0,0.0,0.0,0.0,16.3,30.2,0.0,1026.5
2025-03-17 20:00:00+00:00,5.8,67,0.1,81,81,0,0,0.0,0.0,0.0,0.0,17.1,31.7,0.0,1026.6
2025-03-17 21:00:00+00:00,5.2,70,0.3,75,75,0,0,0.0,0.0,0.0,0.0,17.1,32.0,0.0,1026.7
2025-03-17 22:00:00+00:00,4.9,72,0.2,88,88,0,0,0.0,0.0,0.0,0.0,16.6,30.6,0.0,1026.6
2025-03-17 23:00:00+00:00,4.6,74,0.3,77,77,0,0,0.0,0.0,0.0,0.0,15.8,28.8,0.0,1026.3
2025-03-18 00:00:00+00:00,4.4,74,0.1,49,49,0,0,0.0,0.0,0.0,0.0,15.6,27.4,0.0,1025.7
2025-03-18 01:00:00+00:00,4.1,75,0.1,27,27,0,0,0.0,0.0,0.0,0.0,16.5,28.4,0.0,1025.6
2025-03-18 02:00:00+00:00,3.5,77,-0.1,23,23,0,0,0.0,0.0,0.0,0.0,17.9,30.2,0.0,1024.9
2025-03-18 03:00:00+00:00,3.2,78,-0.2,19,19,0,0,0.0,0.0,0.0,0.0,18.0,32.0,0.0,1024.2
2025-03-18 04:00:00+00:00,2.6,80,-0.4,8,8,0,0,0.0,0.0,0.0,0.0,17.5,32.4,0.0,1023.7
2025-03-18 05:00:00+00:00,2.4,82,-0.3,1,1,0,0,0.0,0.0,0.0,0.0,17.3,31.7,0.0,1023.9
2025-03-18 06:00:00+00:00,2.1,84,-0.4,0,0,0,0,0.0,0.0,0.0,0.0,17.2,30.2,0.0,1023.8
2025-03-18 07:00:00+00:00,2.6,83,-0.1,0,0,0,0,23.0,11.0,149.2,12.0,17.7,31.7,0.0,1023.9
2025-03-18 08:00:00+00:00,4.4,77,0.8,0,0,0,0,152.0,102.0,527.6,50.0,17.2,32.4,0.0,1024.0
2025-03-18 09:00:00+00:00,6.5,69,1.2,0,0,0,0,310.0,238.0,699.6,72.0,20.7,39.6,0.0,1023.9
2025-03-18 10:00:00+00:00,8.2,60,0.9,0,0,0,0,455.0,369.0,796.8,86.0,20.8,43.9,0.0,1023.4
2025-03-18 11:00:00+00:00,9.2,53,0.2,0,0,0,0,563.0,470.0,848.8,93.0,21.2,43.9,0.0,1023.2
2025-03-18 12:00:00+00:00,9.9,49,-0.2,0,0,0,0,626.0,528.0,871.4,98.0,21.1,43.9,0.0,1022.8
2025-03-18 13:00:00+00:00,10.5,44,-1.4,0,0,0,0,640.0,540.0,876.5,100.0,21.3,44.3,0.0,1021.9
2025-03-18 14:00:00+00:00,11.0,39,-2.4,0,0,0,0,601.0,504.0,863.6,97.0,21.5,42.1,0.0,1021.1
2025-03-18 15:00:00+00:00,11.2,38,-2.7,0,0,0,0,513.0,423.0,828.3,90.0,20.9,38.5,0.0,1020.5
2025-03-18 16:00:00+00:00,10.9,40,-2.1,0,0,0,0,384.0,305.0,758.1,79.0,19.3,34.9,0.0,1020.3
2025-03-18 17:00:00+00:00,9.8,45,-1.5,0,0,0,0,229.0,167.0,628.1,62.0,16.1,28.4,0.0,1020.2
2025-03-18 18:00:00+00:00,8.3,50,-1.4,0,0,0,0,76.0,45.0,400.2,31.0,14.8,25.6,0.0,1020.3
2025-03-18 19:00:00+00:00,6.8,56,-1.4,0,0,0,0,1.0,0.0,0.0,1.0,14.5,25.6,0.0,1020.8
2025-03-18 20:00:00+00:00,5.7,60,-1.6,0,0,0,0,0.0,0.0,0.0,0.0,13.7,23.8,0.0,1021.1
2025-03-18 21:00:00+00:00,4.7,64,-1.6,0,0,0,0,0.0,0.0,0.0,0.0,13.1,22.3,0.0,1020.9
2025-03-18 22:00:00+00:00,3.9,67,-1.7,0,0,0,0,0.0,0.0,0.0,0.0,12.8,21.2,0.0,1021.0
2025-03-18 23:00:00+00:00,3.1,70,-1.9,0,0,0,0,0.0,0.0,0.0,0.0,11.3,19.4,0.0,1020.8
2025-03-19 00:00:00+00:00,2.7,72,-1.8,5,0,0,5,0.0,0.0,0.0,0.0,10.3,18.0,0.0,1020.6
2025-03-19 01:00:00+00:00,2.4,75,-1.5,45,0,0,45,0.0,0.0,0.0,0.0,10.1,18.0,0.0,1020.6
2025-03-19 02:00:00+00:00,1.9,79,-1.4,86,0,0,86,0.0,0.0,0.0,0.0,10.1,17.6,0.0,1020.5
2025-03-19 03:00:00+00:00,1.5,81,-1.4,76,0,1,76,0.0,0.0,0.0,0.0,9.7,17.3,0.0,1020.2
2025-03-19 04:00:00+00:00,1.4,83,-1.2,75,0,10,75,0.0,0.0,0.0,0.0,10.0,17.6,0.0,1020.0
2025-03-19 05:00:00+00:00,1.4,85,-0.9,79,1,44,77,0.0,0.0,0.0,0.0,10.3,17.3,0.0,1020.2
2025-03-19 06:00:00+00:00,1.5,86,-0.6,89,7,65,88,0.0,0.0,0.0,0.0,10.3,16.9,0.0,1020.0
2025-03-19 07:00:00+00:00,2.1,85,-0.1,86,7,59,85,21.0,5.0,65.1,16.0,10.9,18.0,0.0,1020.7
2025-03-19 08:00:00+00:00,5.1,82,2.2,4,4,0,0,131.0,65.0,325.7,66.0,11.1,20.2,0.0,1020.9
2025-03-19 09:00:00+00:00,8.0,75,3.8,2,1,1,0,279.0,179.0,516.9,100.0,10.1,20.5,0.0,1020.8
2025-03-19 10:00:00+00:00,10.7,66,4.5,95,0,12,95,369.0,220.0,469.0,149.0,10.8,20.5,0.0,1020.7
2025-03-19 11:00:00+00:00,12.7,61,5.3,89,0,38,81,514.0,368.0,657.7,146.0,8.4,22.3,0.0,1020.7
2025-03-19 12:00:00+00:00,13.9,59,5.9,77,0,44,60,581.0,446.0,729.3,135.0,7.3,23.0,0.0,1020.7
2025-03-19 13:00:00+00:00,14.6,57,6.1,89,0,32,85,574.0,410.0,659.7,164.0,9.4,23.4,0.0,1020.3
2025-03-19 14:00:00+00:00,14.7,57,6.2,97,1,41,95,475.0,274.0,465.4,201.0,10.0,22.7,0.0,1019.9
2025-03-19 15:00:00+00:00,15.2,56,6.4,96,0,74,92,373.0,173.0,335.5,200.0,10.1,22.3,0.0,1019.6
2025-03-19 16:00:00+00:00,14.3,59,6.3,96,0,86,87,212.0,37.0,90.9,175.0,10.1,21.2,0.0,1019.6
2025-03-19 17:00:00+00:00,13.3,60,5.6,100,0,99,47,118.0,23.0,85.0,95.0,7.9,22.0,0.1,1019.7
2025-03-19 18:00:00+00:00,12.2,66,6.0,99,0,99,12,29.0,3.0,26.0,26.0,6.5,14.8,0.1,1019.9
2025-03-19 19:00:00+00:00,10.9,72,6.0,74,0,74,1,0.0,0.0,0.0,0.0,7.6,14.4,0.1,1020.3
2025-03-19 20:00:00+00:00,10.3,74,5.8,68,0,68,0,0.0,0.0,0.0,0.0,9.1,13.7,0.1,1020.6
2025-03-19 21:00:00+00:00,9.9,76,5.9,45,0,45,0,0.0,0.0,0.0,0.0,7.7,11.2,0.0,1020.6
2025-03-19 22:00:00+00:00,8.0,81,4.8,17,0,17,0,0.0,0.0,0.0,0.0,6.5,10.8,0.0,1020.5
2025-03-19 23:00:00+00:00,7.2,83,4.4,23,7,23,0,0.0,0.0,0.0,0.0,7.2,10.8,0.0,1020.7
2025-03-20 00:00:00+00:00,7.6,82,4.8,36,26,31,0,0.0,0.0,0.0,0.0,7.6,10.1,0.0,1020.7
2025-03-20 01:00:00+00:00,8.2,80,5.0,69,62,45,0,0.0,0.0,0.0,0.0,6.0,9.7,0.0,1020.9
2025-03-20 02:00:00+00:00,8.0,82,5.1,78,74,42,0,0.0,0.0,0.0,0.0,5.8,10.4,0.0,1020.5
2025-03-20 03:00:00+00:00,8.4,80,5.2,36,35,20,0,0.0,0.0,0.0,0.0,6.5,12.2,0.0,1020.2
2025-03-20 04:00:00+00:00,8.1,82,5.3,1,0,1,0,0.0,0.0,0.0,0.0,7.2,13.7,0.0,1019.5
2025-03-20 05:00:00+00:00,7.8,84,5.3,0,0,0,0,0.0,0.0,0.0,0.0,7.8,14.0,0.0,1019.4
2025-03-20 06:00:00+00:00,8.0,85,5.7,1,1,0,0,0.0,0.0,0.0,0.0,8.5,14.4,0.0,1019.6
2025-03-20 07:00:00+00:00,7.9,87,5.9,3,3,0,0,27.0,14.0,175.1,13.0,9.7,16.6,0.0,1019.7
2025-03-20 08:00:00+00:00,10.5,83,7.7,0,0,0,0,148.0,95.0,461.7,53.0,10.9,19.4,0.0,1020.0
2025-03-20 09:00:00+00:00,13.0,73,8.3,2,2,2,0,306.0,233.0,661.2,73.0,9.8,21.2,0.0,1019.9
2025-03-20 10:00:00+00:00,15.3,64,8.5,4,1,3,0,423.0,320.0,673.6,103.0,10.1,24.5,0.0,1019.8
2025-03-20 11:00:00+00:00,16.6,59,8.6,1,0,0,0,548.0,452.0,799.5,96.0,12.2,29.2,0.0,1019.4
2025-03-20 12:00:00+00:00,17.4,55,8.3,1,0,0,1,600.0,491.0,795.7,109.0,14.6,32.4,0.0,1018.9
2025-03-20 13:00:00+00:00,17.8,53,8.0,0,0,0,0,626.0,527.0,840.7,99.0,16.3,34.9,0.0,1018.2
2025-03-20 14:00:00+00:00,17.7,53,7.9,2,0,2,0,576.0,477.0,803.1,99.0,16.3,35.3,0.0,1017.7
2025-03-20 15:00:00+00:00,17.4,51,7.3,2,0,2,0,497.0,405.0,777.9,92.0,15.3,34.6,0.0,1017.3
2025-03-20 16:00:00+00:00,17.0,50,6.6,4,0,0,3,380.0,303.0,735.6,77.0,13.9,32.4,0.0,1016.6
2025-03-20 17:00:00+00:00,15.9,52,6.2,30,0,0,30,227.0,165.0,599.6,62.0,13.2,29.9,0.0,1016.2
2025-03-20 18:00:00+00:00,14.5,56,5.7,9,0,0,9,79.0,47.0,392.1,32.0,14.1,29.5,0.0,1016.0
2025-03-20 19:00:00+00:00,12.9,60,5.2,32,0,0,32,2.0,0.0,0.0,2.0,16.0,28.4,0.0,1015.7
2025-03-20 20:00:00+00:00,12.2,63,5.4,89,0,0,89,0.0,0.0,0.0,0.0,17.0,29.9,0.0,1015.5
2025-03-20 21:00:00+00:00,12.1,67,6.1,99,0,0,99,0.0,0.0,0.0,0.0,17.2,31.0,0.0,1015.6
2025-03-20 22:00:00+00:00,11.8,70,6.5,99,0,0,99,0.0,0.0,0.0,0.0,17.3,29.9,0.0,1014.8
2025-03-20 23:00:00+00:00,11.5,76,7.4,100,0,0,100,0.0,0.0,0.0,0.0,16.7,28.1,0.0,1014.3
2025-03-21 00:00:00+00:00,11.2,79,7.6,100,0,0,100,0.0,0.0,0.0,0.0,15.3,26.6,0.0,1013.3
2025-03-21 01:00:00+00:00,10.9,80,7.5,99,0,20,99,0.0,0.0,0.0,0.0,15.1,25.2,0.0,1012.7
2025-03-21 02:00:00+00:00,10.8,80,7.4,99,0,88,93,0.0,0.0,0.0,0.0,15.7,27.4,0.0,1011.9
2025-03-21 03:00:00+00:00,10.6,80,7.2,99,0,73,99,0.0,0.0,0.0,0.0,15.7,26.6,0.0,1010.9
2025-03-21 04:00:00+00:00,10.0,81,6.9,100,0,46,100,0.0,0.0,0.0,0.0,16.4,27.4,0.0,1010.3
2025-03-21 05:00:00+00:00,9.9,82,6.9,100,0,14,100,0.0,0.0,0.0,0.0,17.0,28.4,0.0,1009.6
2025-03-21 06:00:00+00:00,10.0,81,6.8,100,0,5,100,0.0,0.0,0.0,0.0,17.4,30.6,0.0,1008.8
2025-03-21 07:00:00+00:00,10.2,80,6.9,100,0,18,100,16.0,1.0,12.0,15.0,18.8,33.1,0.0,1008.3
2025-03-21 08:00:00+00:00,11.0,78,7.4,100,0,61,100,87.0,6.0,28.3,81.0,19.2,35.6,0.0,1007.7
2025-03-21 09:00:00+00:00,12.0,75,7.8,100,0,97,99,140.0,13.0,36.3,127.0,18.6,35.3,0.0,1007.3
2025-03-21 10:00:00+00:00,12.6,72,7.6,100,0,59,100,155.0,2.0,4.2,153.0,17.7,36.7,0.0,1006.3
2025-03-21 11:00:00+00:00,13.9,66,7.7,100,0,1,100,270.0,59.0,103.3,211.0,20.0,42.5,0.0,1005.1
2025-03-21 12:00:00+00:00,15.0,61,7.6,100,0,82,100,393.0,109.0,175.1,284.0,21.3,43.9,0.0,1004.5
2025-03-21 13:00:00+00:00,15.3,59,7.4,100,0,0,100,443.0,171.0,270.5,272.0,22.0,45.7,0.0,1003.7
2025-03-21 14:00:00+00:00,15.2,59,7.4,98,2,12,98,472.0,290.0,484.1,182.0,20.7,44.3,0.0,1002.7
2025-03-21 15:00:00+00:00,15.4,60,7.6,99,0,62,99,396.0,220.0,418.6,176.0,19.3,40.3,0.0,1002.0
2025-03-21 16:00:00+00:00,15.0,63,7.9,100,4,94,99,269.0,94.0,225.6,175.0,18.2,35.3,0.0,1001.4
2025-03-21 17:00:00+00:00,14.0,69,8.4,98,10,80,96,121.0,35.0,125.1,86.0,19.6,33.1,0.3,1001.5
2025-03-21 18:00:00+00:00,13.3,75,9.0,100,54,97,96,24.0,5.0,40.2,19.0,17.4,27.0,0.7,1001.3
2025-03-21 19:00:00+00:00,12.5,82,9.5,97,17,81,89,1.0,0.0,0.0,1.0,17.7,32.4,0.9,1001.4
2025-03-21 20:00:00+00:00,12.1,86,9.9,98,25,76,96,0.0,0.0,0.0,0.0,19.4,34.6,0.3,1001.1
2025-03-21 21:00:00+00:00,11.9,90,10.3,100,68,93,100,0.0,0.0,0.0,0.0,19.8,37.4,0.4,1000.9
2025-03-21 22:00:00+00:00,11.6,92,10.3,100,54,100,100,0.0,0.0,0.0,0.0,18.4,36.4,0.5,1000.4
2025-03-21 23:00:00+00:00,11.4,92,10.2,100,24,95,100,0.0,0.0,0.0,0.0,19.2,34.2,0.3,1000.3
2025-03-22 00:00:00+00:00,11.3,91,9.8,81,11,32,53,0.0,0.0,0.0,0.0,18.3,31.0,0.1,1000.3
2025-03-22 01:00:00+00:00,10.9,91,9.4,65,10,0,59,0.0,0.0,0.0,0.0,15.1,26.6,0.0,999.9
2025-03-22 02:00:00+00:00,10.4,92,9.2,99,8,5,99,0.0,0.0,0.0,0.0,14.1,23.8,0.0,999.6
2025-03-22 03:00:00+00:00,9.7,94,8.8,100,27,14,99,0.0,0.0,0.0,0.0,12.7,22.3,0.0,999.2
2025-03-22 04:00:00+00:00,9.2,95,8.5,99,46,15,99,0.0,0.0,0.0,0.0,12.0,21.6,0.0,999.0
2025-03-22 05:00:00+00:00,9.1,95,8.4,100,39,13,100,0.0,0.0,0.0,0.0,12.3,20.9,0.0,999.0
2025-03-22 06:00:00+00:00,9.0,96,8.3,89,22,6,85,0.0,0.0,0.0,0.0,13.3,20.5,0.0,999.1
2025-03-22 07:00:00+00:00,9.3,96,8.7,98,23,5,98,25.0,5.0,58.0,20.0,13.5,23.4,0.0,999.4
2025-03-22 08:00:00+00:00,10.7,94,9.7,99,47,7,97,132.0,46.0,210.9,86.0,15.4,24.5,0.0,999.3
2025-03-22 09:00:00+00:00,11.7,91,10.4,98,78,8,97,212.0,77.0,211.2,135.0,15.5,30.6,0.0,999.4
2025-03-22 10:00:00+00:00,13.2,85,10.7,98,54,19,96,297.0,93.0,191.0,204.0,13.5,31.7,0.0,999.6
2025-03-22 11:00:00+00:00,13.9,81,10.8,100,62,43,98,337.0,103.0,178.6,234.0,15.0,32.4,0.0,999.5
2025-03-22 12:00:00+00:00,14.6,78,10.7,99,53,68,97,390.0,153.0,243.6,237.0,15.3,33.8,0.0,999.4
2025-03-22 13:00:00+00:00,14.9,75,10.5,100,31,87,100,394.0,95.0,149.0,299.0,14.9,32.0,0.0,999.0
2025-03-22 14:00:00+00:00,14.9,74,10.2,99,15,90,96,400.0,144.0,238.4,256.0,14.3,29.5,0.0,998.8
2025-03-22 15:00:00+00:00,14.6,73,9.8,100,6,78,100,316.0,109.0,205.5,207.0,12.1,25.6,0.0,998.4
2025-03-22 16:00:00+00:00,14.7,72,9.7,98,2,57,97,289.0,143.0,339.4,146.0,9.7,23.8,0.0,998.0
2025-03-22 17:00:00+00:00,14.1,74,9.6,97,2,41,96,182.0,108.0,379.7,74.0,5.6,16.6,0.0,998.3
2025-03-22 18:00:00+00:00,12.8,80,9.4,97,2,45,96,73.0,39.0,302.4,34.0,5.7,10.1,0.0,998.8
2025-03-22 19:00:00+00:00,11.9,83,9.1,95,3,29,93,3.0,0.0,0.0,3.0,6.7,10.8,0.0,999.2
2025-03-22 20:00:00+00:00,11.4,86,9.1,99,4,26,98,0.0,0.0,0.0,0.0,6.2,11.2,0.0,999.4
2025-03-22 21:00:00+00:00,11.0,89,9.2,82,6,6,81,0.0,0.0,0.0,0.0,6.3,10.4,0.0,999.5
2025-03-22 22:00:00+00:00,9.8,92,8.6,94,1,17,94,0.0,0.0,0.0,0.0,5.8,10.8,0.0,999.6
2025-03-22 23:00:00+00:00,10.1,93,9.1,95,3,27,94,0.0,0.0,0.0,0.0,6.8,12.2,0.0,999.6
2025-03-23 00:00:00+00:00,10.3,93,9.2,78,5,13,75,0.0,0.0,0.0,0.0,7.7,13.3,0.0,999.4
2025-03-23 01:00:00+00:00,10.0,93,8.9,98,5,1,97,0.0,0.0,0.0,0.0,8.6,13.7,0.0,999.4
2025-03-23 02:00:00+00:00,9.4,95,8.7,100,13,9,100,0.0,0.0,0.0,0.0,9.6,14.0,0.0,999.1
2025-03-23 03:00:00+00:00,8.9,96,8.3,99,45,25,99,0.0,0.0,0.0,0.0,10.1,16.6,0.0,999.1
2025-03-23 04:00:00+00:00,8.7,96,8.1,97,67,26,91,0.0,0.0,0.0,0.0,10.7,19.8,0.0,999.7
2025-03-23 05:00:00+00:00,8.6,96,8.0,98,87,3,91,0.0,0.0,0.0,0.0,12.5,24.1,0.0,999.8
2025-03-23 06:00:00+00:00,8.7,97,8.2,98,92,0,91,0.0,0.0,0.0,0.0,13.5,28.8,0.0,1000.3
2025-03-23 07:00:00+00:00,9.2,96,8.6,99,95,0,98,27.0,11.0,123.2,16.0,14.2,25.9,0.0,1001.1
2025-03-23 08:00:00+00:00,10.1,95,9.4,100,97,0,98,103.0,32.0,142.7,71.0,15.5,28.8,0.0,1001.5
2025-03-23 09:00:00+00:00,11.6,89,9.8,100,97,0,99,202.0,62.0,167.3,140.0,14.9,29.9,0.0,1002.1
2025-03-23 10:00:00+00:00,12.6,84,10.0,100,65,0,100,296.0,108.0,219.2,188.0,12.3,30.2,0.0,1002.3
2025-03-23 11:00:00+00:00,13.3,78,9.4,100,74,1,100,322.0,96.0,164.8,226.0,11.4,28.8,0.0,1002.8
2025-03-23 12:00:00+00:00,13.8,74,9.2,100,43,9,99,301.0,114.0,179.9,187.0,10.8,26.6,0.0,1003.2
2025-03-23 13:00:00+00:00,13.8,74,9.2,100,97,22,96,237.0,13.0,20.2,224.0,10.8,25.6,0.1,1003.4
2025-03-23 14:00:00+00:00,13.6,76,9.4,99,88,41,87,151.0,21.0,34.5,130.0,10.8,24.1,0.0,1003.7
2025-03-23 15:00:00+00:00,13.5,77,9.5,84,65,49,50,193.0,37.0,69.1,156.0,10.2,26.6,0.1,1004.0
2025-03-23 16:00:00+00:00,13.0,79,9.4,81,41,59,46,204.0,89.0,208.9,115.0,11.2,28.1,0.2,1004.8
2025-03-23 17:00:00+00:00,12.6,81,9.5,69,45,61,18,154.0,76.0,263.0,78.0,11.0,25.6,0.0,1005.5
2025-03-23 18:00:00+00:00,12.1,83,9.3,90,73,76,16,41.0,19.0,142.3,22.0,10.9,26.3,0.0,1006.3
2025-03-23 19:00:00+00:00,11.8,84,9.2,100,85,99,10,1.0,0.0,0.0,1.0,14.7,25.9,0.8,1007.4
2025-03-23 20:00:00+00:00,11.7,85,9.2,100,100,92,9,0.0,0.0,0.0,0.0,17.6,31.7,0.4,1008.5
2025-03-23 21:00:00+00:00,11.4,86,9.2,98,92,79,2,0.0,0.0,0.0,0.0,19.4,34.2,0.3,1009.3
2025-03-23 22:00:00+00:00,10.5,90,8.9,95,95,37,5,0.0,0.0,0.0,0.0,17.7,34.9,0.3,1010.6
2025-03-23 23:00:00+00:00,9.9,90,8.3,99,93,51,10,0.0,0.0,0.0,0.0,19.1,33.1,0.0,1011.2
2025-03-24 00:00:00+00:00,9.3,88,7.5,100,100,33,5,0.0,0.0,0.0,0.0,18.3,31.3,0.0,1011.8
2025-03-24 01:00:00+00:00,8.9,87,6.8,100,100,42,1,0.0,0.0,0.0,0.0,17.6,31.3,0.0,1012.5
2025-03-24 02:00:00+00:00,8.5,86,6.3,100,100,15,0,0.0,0.0,0.0,0.0,17.2,32.0,0.0,1013.0
2025-03-24 03:00:00+00:00,8.1,85,5.8,100,100,11,0,0.0,0.0,0.0,0.0,17.4,32.8,0.0,1013.1
2025-03-24 04:00:00+00:00,7.8,85,5.5,100,100,0,0,0.0,0.0,0.0,0.0,17.1,31.3,0.0,1013.7
2025-03-24 05:00:00+00:00,7.6,85,5.3,100,100,0,0,0.0,0.0,0.0,0.0,15.9,32.0,0.0,1014.3
2025-03-24 06:00:00+00:00,7.5,86,5.3,100,100,0,0,0.0,0.0,0.0,0.0,15.5,31.7,0.0,1015.1
2025-03-24 07:00:00+00:00,7.4,86,5.2,100,100,0,0,18.0,1.0,10.8,17.0,16.5,31.3,0.0,1016.3
2025-03-24 08:00:00+00:00,7.5,86,5.3,100,100,0,0,63.0,0.0,0.0,63.0,16.2,31.7,0.0,1017.0
2025-03-24 09:00:00+00:00,7.7,85,5.4,100,100,0,0,130.0,5.0,13.3,125.0,14.8,30.2,0.0,1017.7
2025-03-24 10:00:00+00:00,8.1,85,5.8,100,100,0,0,238.0,44.0,88.3,194.0,12.2,28.1,0.0,1018.6
2025-03-24 11:00:00+00:00,8.5,84,5.9,100,100,0,0,312.0,114.0,193.9,198.0,10.6,25.6,0.0,1019.2
2025-03-24 12:00:00+00:00,9.1,80,5.9,100,100,0,0,322.0,81.0,126.8,241.0,9.3,24.1,0.0,1019.6
2025-03-24 13:00:00+00:00,10.2,76,6.2,100,100,0,0,394.0,129.0,199.1,265.0,7.7,22.3,0.0,1019.6
2025-03-24 14:00:00+00:00,11.1,71,6.1,84,83,0,7,355.0,132.0,215.0,223.0,7.9,21.2,0.0,1019.5
2025-03-24 15:00:00+00:00,12.2,65,5.8,80,76,0,12,398.0,253.0,468.5,145.0,7.4,20.2,0.0,1019.3
2025-03-24 16:00:00+00:00,12.6,63,5.7,40,38,0,6,322.0,199.0,462.1,123.0,5.6,17.3,0.0,1019.6
2025-03-24 17:00:00+00:00,12.3,63,5.6,1,1,0,0,218.0,140.0,477.0,78.0,4.7,13.0,0.0,1020.0
2025-03-24 18:00:00+00:00,10.8,71,5.8,2,2,0,0,76.0,40.0,289.9,36.0,5.4,9.7,0.0,1020.3
2025-03-24 19:00:00+00:00,9.0,77,5.1,0,0,0,0,4.0,1.0,19.1,3.0,7.5,9.4,0.0,1020.9
2025-03-24 20:00:00+00:00,7.4,83,4.7,0,0,0,0,0.0,0.0,0.0,0.0,7.9,11.2,0.0,1021.5
2025-03-24 21:00:00+00:00,6.4,87,4.4,0,0,0,0,0.0,0.0,0.0,0.0,7.8,12.2,0.0,1021.9
2025-03-24 22:00:00+00:00,6.3,89,4.6,0,0,0,0,0.0,0.0,0.0,0.0,7.3,13.7,0.0,1022.4
2025-03-24 23:00:00+00:00,6.0,91,4.6,0,0,0,0,0.0,0.0,0.0,0.0,7.8,14.0,0.0,1022.6
2025-03-25 00:00:00+00:00,5.4,92,4.2,0,0,0,0,0.0,0.0,0.0,0.0,7.9,13.3,0.0,1022.4
2025-03-25 01:00:00+00:00,5.0,93,4.0,0,0,0,0,0.0,0.0,0.0,0.0,8.6,13.0,0.0,1022.7
2025-03-25 02:00:00+00:00,4.9,94,4.1,21,11,0,13,0.0,0.0,0.0,0.0,9.5,13.7,0.0,1022.4
2025-03-25 03:00:00+00:00,5.2,95,4.5,61,60,0,9,0.0,0.0,0.0,0.0,11.4,15.5,0.0,1022.2
2025-03-25 04:00:00+00:00,5.3,97,4.8,100,100,0,7,0.0,0.0,0.0,0.0,11.6,15.1,0.0,1022.1
2025-03-25 05:00:00+00:00,5.2,97,4.7,100,100,0,16,0.0,0.0,0.0,0.0,9.8,14.0,0.0,1022.3
2025-03-25 06:00:00+00:00,5.2,97,4.8,100,100,0,40,0.0,0.0,0.0,0.0,10.1,14.8,0.0,1022.5
2025-03-25 07:00:00+00:00,5.6,97,5.2,100,100,4,73,24.0,3.0,31.4,21.0,12.1,23.0,0.0,1022.8
2025-03-25 08:00:00+00:00,6.6,96,6.0,100,100,2,95,83.0,9.0,38.1,74.0,11.4,22.7,0.0,1023.0
2025-03-25 09:00:00+00:00,8.4,91,6.9,100,100,5,94,181.0,41.0,107.2,140.0,11.4,24.8,0.0,1023.1
2025-03-25 10:00:00+00:00,9.9,85,7.4,80,17,21,69,305.0,81.0,160.6,224.0,9.6,24.8,0.0,1023.2
2025-03-25 11:00:00+00:00,12.2,73,7.6,63,11,42,35,444.0,214.0,360.5,230.0,9.0,24.5,0.0,1023.1
2025-03-25 12:00:00+00:00,13.9,67,8.0,81,16,74,19,479.0,245.0,380.3,234.0,10.4,25.6,0.0,1022.9
2025-03-25 13:00:00+00:00,15.0,66,8.7,88,50,76,5,423.0,233.0,356.9,190.0,11.9,25.9,0.0,1022.7
2025-03-25 14:00:00+00:00,14.9,67,8.9,100,99,41,0,188.0,30.0,48.5,158.0,12.4,22.3,0.0,1022.3
2025-03-25 15:00:00+00:00,14.7,71,9.6,100,100,23,0,64.0,1.0,1.8,63.0,12.5,17.6,0.0,1021.9
2025-03-25 16:00:00+00:00,14.4,73,9.6,100,100,32,0,45.0,0.0,0.0,45.0,8.5,18.4,0.0,1022.0
2025-03-25 17:00:00+00:00,14.0,75,9.7,100,100,42,2,38.0,0.0,0.0,38.0,6.6,17.6,0.0,1022.3
2025-03-25 18:00:00+00:00,13.4,79,9.8,100,100,38,24,18.0,1.0,7.0,17.0,5.6,14.0,0.0,1022.9
2025-03-25 19:00:00+00:00,12.9,81,9.8,100,100,15,66,1.0,0.0,0.0,1.0,7.1,13.0,0.0,1023.4
2025-03-25 20:00:00+00:00,12.4,84,9.9,100,100,0,82,0.0,0.0,0.0,0.0,8.3,15.5,0.0,1023.9
2025-03-25 21:00:00+00:00,12.4,85,10.0,98,95,0,72,0.0,0.0,0.0,0.0,9.8,17.6,0.0,1024.2
2025-03-25 22:00:00+00:00,11.9,86,9.7,89,85,0,24,0.0,0.0,0.0,0.0,8.7,18.7,0.0,1024.5
2025-03-25 23:00:00+00:00,11.6,85,9.2,75,74,0,2,0.0,0.0,0.0,0.0,9.2,19.4,0.0,1024.8
2025-03-26 00:00:00+00:00,10.7,87,8.6,69,69,0,0,0.0,0.0,0.0,0.0,9.7,17.6,0.0,1024.9
2025-03-26 01:00:00+00:00,10.4,86,8.1,65,65,0,0,0.0,0.0,0.0,0.0,8.7,16.2,0.0,1025.2
2025-03-26 02:00:00+00:00,9.7,84,7.2,63,63,0,0,0.0,0.0,0.0,0.0,8.6,16.2,0.0,1025.1
2025-03-26 03:00:00+00:00,9.2,84,6.7,55,55,0,0,0.0,0.0,0.0,0.0,8.8,18.0,0.0,1025.0
2025-03-26 04:00:00+00:00,8.6,85,6.2,56,56,0,0,0.0,0.0,0.0,0.0,7.6,16.6,0.0,1025.1
2025-03-26 05:00:00+00:00,8.5,84,6.0,51,51,0,0,0.0,0.0,0.0,0.0,6.6,13.7,0.0,1025.1
2025-03-26 06:00:00+00:00,8.2,85,5.9,60,60,0,0,0.0,0.0,0.0,0.0,7.0,11.5,0.0,1025.4
2025-03-26 07:00:00+00:00,8.3,86,6.2,66,66,0,0,20.0,5.0,50.8,15.0,7.5,14.0,0.0,1025.7
2025-03-26 08:00:00+00:00,9.5,84,7.0,70,70,0,0,76.0,21.0,86.7,55.0,5.8,13.3,0.0,1026.0
2025-03-26 09:00:00+00:00,11.4,79,7.8,72,72,0,0,153.0,47.0,121.1,106.0,4.3,12.6,0.0,1026.3
2025-03-26 10:00:00+00:00,13.0,71,7.9,43,43,0,0,257.0,92.0,180.4,165.0,2.9,11.9,0.0,1026.3
2025-03-26 11:00:00+00:00,14.0,64,7.4,54,54,0,0,284.0,130.0,217.0,154.0,1.5,9.0,0.0,1026.2
2025-03-26 12:00:00+00:00,14.8,58,6.6,56,56,0,0,440.0,303.0,466.5,137.0,1.5,11.5,0.0,1025.7
2025-03-26 13:00:00+00:00,14.9,57,6.5,81,81,0,0,347.0,112.0,170.2,235.0,1.3,13.3,0.0,1025.5
2025-03-26 14:00:00+00:00,15.3,56,6.6,75,75,0,0,359.0,158.0,253.3,201.0,2.7,15.1,0.0,1025.0
2025-03-26 15:00:00+00:00,15.2,57,6.8,74,74,0,0,309.0,104.0,189.3,205.0,5.0,15.8,0.0,1024.3
2025-03-26 16:00:00+00:00,14.7,62,7.4,62,62,0,0,251.0,106.0,241.0,145.0,7.6,17.6,0.0,1024.2
2025-03-26 17:00:00+00:00,13.9,67,7.9,56,56,0,0,154.0,43.0,142.1,111.0,9.4,17.6,0.0,1024.1
2025-03-26 18:00:00+00:00,12.8,73,8.1,55,55,0,0,67.0,24.0,163.3,43.0,8.6,15.1,0.0,1024.3
2025-03-26 19:00:00+00:00,11.2,81,8.0,66,66,0,0,5.0,2.0,38.2,3.0,8.5,15.5,0.0,1024.7
2025-03-26 20:00:00+00:00,10.4,85,8.0,69,69,0,0,0.0,0.0,0.0,0.0,8.0,14.0,0.0,1024.8
2025-03-26 21:00:00+00:00,9.3,89,7.6,66,66,0,0,0.0,0.0,0.0,0.0,7.2,12.2,0.0,1024.9
2025-03-26 22:00:00+00:00,8.4,92,7.2,100,100,0,0,0.0,0.0,0.0,0.0,7.6,11.2,0.0,1024.9
2025-03-26 23:00:00+00:00,7.3,94,6.5,100,100,0,0,0.0,0.0,0.0,0.0,8.4,10.4,0.0,1024.7
2025-03-27 00:00:00+00:00,7.3,95,6.6,100,100,0,0,0.0,0.0,0.0,0.0,8.8,10.8,0.0,1024.3
2025-03-27 01:00:00+00:00,7.0,96,6.4,100,100,0,0,0.0,0.0,0.0,0.0,8.6,10.4,0.0,1024.2
2025-03-27 02:00:00+00:00,6.8,97,6.4,100,100,0,0,0.0,0.0,0.0,0.0,8.4,11.2,0.0,1024.1
2025-03-27 03:00:00+00:00,5.9,98,5.6,79,79,0,0,0.0,0.0,0.0,0.0,6.3,10.8,0.0,1023.8
2025-03-27 04:00:00+00:00,4.9,98,4.6,75,75,0,0,0.0,0.0,0.0,0.0,4.6,10.8,0.0,1023.7
2025-03-27 05:00:00+00:00,5.0,97,4.5,76,76,0,0,0.0,0.0,0.0,0.0,3.6,10.1,0.0,1023.5
2025-03-27 06:00:00+00:00,4.4,97,4.0,76,76,0,0,0.0,0.0,0.0,0.0,3.4,9.4,0.0,1023.2
2025-03-27 07:00:00+00:00,5.2,97,4.7,69,69,0,0,32.0,13.0,128.1,19.0,4.9,10.8,0.0,1023.3
2025-03-27 08:00:00+00:00,6.9,96,6.3,74,74,0,0,111.0,38.0,153.1,73.0,6.0,13.3,0.0,1023.1
2025-03-27 09:00:00+00:00,8.8,94,7.9,100,100,0,0,243.0,119.0,302.0,124.0,8.4,17.6,0.0,1023.2
2025-03-27 10:00:00+00:00,10.1,88,8.2,100,100,0,0,278.0,89.0,172.6,189.0,8.1,22.7,0.0,1022.7
2025-03-27 11:00:00+00:00,10.8,85,8.4,100,100,0,0,340.0,132.0,218.4,208.0,10.0,25.2,0.0,1022.5
2025-03-27 12:00:00+00:00,10.8,84,8.3,100,100,0,0,270.0,25.0,38.2,245.0,11.0,26.3,0.0,1021.8
2025-03-27 13:00:00+00:00,11.3,83,8.5,100,100,0,0,303.0,35.0,52.8,268.0,12.0,27.7,0.0,1021.3
2025-03-27 14:00:00+00:00,11.4,82,8.5,98,98,0,0,271.0,26.0,41.4,245.0,12.3,27.7,0.0,1020.6
2025-03-27 15:00:00+00:00,11.7,81,8.5,99,99,0,0,276.0,64.0,115.5,212.0,12.5,27.7,0.0,1019.8
2025-03-27 16:00:00+00:00,11.7,81,8.5,100,100,0,0,206.0,37.0,83.3,169.0,13.2,26.6,0.0,1019.3
2025-03-27 17:00:00+00:00,11.4,81,8.2,100,100,0,0,143.0,17.0,55.4,126.0,13.3,25.6,0.0,1018.8
2025-03-27 18:00:00+00:00,10.8,83,8.0,100,100,0,0,48.0,4.0,26.4,44.0,12.3,19.8,0.0,1018.5
2025-03-27 19:00:00+00:00,10.3,86,8.1,100,100,0,0,3.0,0.0,0.0,3.0,11.7,21.2,0.0,1018.1
2025-03-27 20:00:00+00:00,9.8,89,8.1,100,100,0,0,0.0,0.0,0.0,0.0,12.9,23.8,0.0,1017.8
2025-03-27 21:00:00+00:00,9.5,91,8.1,100,100,0,0,0.0,0.0,0.0,0.0,13.3,23.8,0.0,1017.5
2025-03-27 22:00:00+00:00,9.3,92,8.0,99,99,0,10,0.0,0.0,0.0,0.0,12.0,23.4,0.0,1016.9
2025-03-27 23:00:00+00:00,9.4,91,8.0,100,100,0,13,0.0,0.0,0.0,0.0,13.5,25.2,0.0,1016.4
2025-03-28 00:00:00+00:00,9.3,90,7.7,95,92,0,45,0.0,0.0,0.0,0.0,15.1,28.4,0.0,1015.7
2025-03-28 01:00:00+00:00,9.1,89,7.4,100,99,0,77,0.0,0.0,0.0,0.0,16.7,29.9,0.0,1015.2
2025-03-28 02:00:00+00:00,9.1,90,7.5,100,100,0,95,0.0,0.0,0.0,0.0,17.3,30.6,0.0,1014.3
2025-03-28 03:00:00+00:00,9.4,90,7.8,100,100,3,99,0.0,0.0,0.0,0.0,18.3,31.7,0.0,1013.6
2025-03-28 04:00:00+00:00,9.7,92,8.5,100,100,20,99,0.0,0.0,0.0,0.0,18.4,32.8,0.0,1012.7
2025-03-28 05:00:00+00:00,9.8,93,8.8,100,100,55,100,0.0,0.0,0.0,0.0,18.5,34.2,0.0,1012.0
2025-03-28 06:00:00+00:00,9.9,94,8.9,100,100,75,99,0.0,0.0,0.0,0.0,18.0,33.5,0.1,1012.0
2025-03-28 07:00:00+00:00,10.2,94,9.3,100,100,82,100,8.0,0.0,0.0,8.0,17.2,33.8,0.1,1012.0
2025-03-28 08:00:00+00:00,10.4,91,9.0,100,99,93,100,32.0,0.0,0.0,32.0,16.9,32.8,0.1,1012.3
2025-03-28 09:00:00+00:00,10.6,86,8.3,100,67,46,100,73.0,0.0,0.0,73.0,17.6,33.8,0.0,1012.5
2025-03-28 10:00:00+00:00,10.9,75,6.7,87,29,5,80,217.0,83.0,159.3,134.0,19.9,38.5,0.0,1012.8
2025-03-28 11:00:00+00:00,11.9,64,5.2,29,15,0,17,472.0,289.0,473.9,183.0,19.6,40.3,0.0,1013.1
2025-03-28 12:00:00+00:00,13.1,53,3.8,24,22,1,3,602.0,484.0,733.5,118.0,19.9,42.5,0.0,1012.9
2025-03-28 13:00:00+00:00,13.8,49,3.1,42,40,10,1,612.0,480.0,718.7,132.0,21.4,45.7,0.0,1012.8
2025-03-28 14:00:00+00:00,13.6,48,2.8,50,49,9,0,586.0,444.0,701.1,142.0,22.7,48.6,0.0,1012.8
2025-03-28 15:00:00+00:00,13.1,47,2.1,18,15,7,0,468.0,321.0,574.7,147.0,22.9,48.6,0.0,1012.7
2025-03-28 16:00:00+00:00,12.8,46,1.4,8,6,5,0,401.0,294.0,655.1,107.0,23.7,47.2,0.0,1013.0
2025-03-28 17:00:00+00:00,11.8,48,1.3,6,5,5,0,250.0,168.0,539.5,82.0,21.7,40.7,0.0,1013.9
2025-03-28 18:00:00+00:00,10.5,52,1.1,9,6,8,0,106.0,63.0,404.4,43.0,19.7,35.3,0.0,1014.6
2025-03-28 19:00:00+00:00,9.0,59,1.4,1,0,1,0,8.0,3.0,55.8,5.0,18.8,34.2,0.0,1015.6
2025-03-28 20:00:00+00:00,7.8,66,1.8,1,1,0,0,0.0,0.0,0.0,0.0,17.8,31.7,0.0,1016.7
2025-03-28 21:00:00+00:00,7.1,70,2.0,0,0,0,0,0.0,0.0,0.0,0.0,15.8,27.4,0.0,1017.3
2025-03-28 22:00:00+00:00,6.3,76,2.3,0,0,0,0,0.0,0.0,0.0,0.0,14.5,23.4,0.0,1018.3
2025-03-28 23:00:00+00:00,5.8,77,2.1,0,0,0,0,0.0,0.0,0.0,0.0,12.9,21.6,0.0,1018.9
2025-03-29 00:00:00+00:00,4.9,79,1.5,0,0,0,0,0.0,0.0,0.0,0.0,11.6,19.8,0.0,1019.1
2025-03-29 01:00:00+00:00,4.2,81,1.3,0,0,0,0,0.0,0.0,0.0,0.0,11.9,19.4,0.0,1019.8
2025-03-29 02:00:00+00:00,3.6,85,1.2,0,0,0,0,0.0,0.0,0.0,0.0,12.2,19.1,0.0,1020.3
2025-03-29 03:00:00+00:00,2.9,86,0.8,0,0,0,0,0.0,0.0,0.0,0.0,11.8,18.0,0.0,1020.8
2025-03-29 04:00:00+00:00,2.4,88,0.6,0,0,0,0,0.0,0.0,0.0,0.0,10.7,16.9,0.0,1021.3
2025-03-29 05:00:00+00:00,1.8,89,0.2,9,0,0,9,0.0,0.0,0.0,0.0,9.0,16.6,0.0,1021.6
2025-03-29 06:00:00+00:00,1.8,89,0.3,21,0,0,21,0.0,0.0,0.0,0.0,8.4,15.1,0.0,1022.2
2025-03-29 07:00:00+00:00,3.2,89,1.5,73,0,1,72,65.0,38.0,353.8,27.0,10.5,17.3,0.0,1023.2
2025-03-29 08:00:00+00:00,6.1,84,3.6,92,0,0,92,211.0,140.0,538.5,71.0,9.3,19.8,0.0,1023.7
2025-03-29 09:00:00+00:00,8.5,76,4.5,97,0,0,97,360.0,249.0,614.1,111.0,9.0,21.2,0.0,1024.0
2025-03-29 10:00:00+00:00,10.4,65,4.0,33,2,0,31,485.0,327.0,621.0,158.0,8.8,23.4,0.0,1024.0
2025-03-29 11:00:00+00:00,11.1,59,3.5,95,0,0,95,628.0,532.0,864.9,96.0,10.7,25.6,0.0,1023.7
2025-03-29 12:00:00+00:00,12.2,57,3.9,99,11,23,98,662.0,532.0,800.1,130.0,14.8,32.4,0.0,1024.0
2025-03-29 13:00:00+00:00,12.5,53,3.3,99,18,76,97,678.0,561.0,833.9,117.0,17.6,38.2,0.0,1023.8
2025-03-29 14:00:00+00:00,12.6,53,3.3,62,29,0,44,540.0,396.0,620.7,144.0,18.6,39.2,0.0,1023.0
2025-03-29 15:00:00+00:00,12.5,55,3.7,77,55,0,50,476.0,305.0,541.6,171.0,21.0,42.1,0.0,1022.5
2025-03-29 16:00:00+00:00,12.0,59,4.2,99,86,1,97,302.0,138.0,304.5,164.0,22.0,41.8,0.0,1022.2
2025-03-29 17:00:00+00:00,11.2,66,5.1,100,86,1,100,148.0,32.0,101.3,116.0,19.9,37.8,0.0,1021.7
2025-03-29 18:00:00+00:00,10.3,73,5.7,98,91,5,75,68.0,12.0,74.9,56.0,20.8,38.9,0.0,1021.5
2025-03-29 19:00:00+00:00,9.5,78,5.9,94,88,48,15,7.0,1.0,17.9,6.0,21.0,38.5,0.0,1021.0
2025-03-29 20:00:00+00:00,9.5,80,6.2,100,100,38,93,0.0,0.0,0.0,0.0,21.8,40.3,0.0,1020.9
2025-03-29 21:00:00+00:00,9.7,82,6.7,100,100,48,94,0.0,0.0,0.0,0.0,22.2,41.0,0.0,1020.3
2025-03-29 22:00:00+00:00,9.8,84,7.2,100,100,19,96,0.0,0.0,0.0,0.0,22.8,39.6,0.0,1020.2
2025-03-29 23:00:00+00:00,9.9,87,7.9,100,100,0,89,0.0,0.0,0.0,0.0,22.6,37.1,0.0,1019.6
2025-03-30 00:00:00+00:00,10.1,90,8.6,100,100,0,88,0.0,0.0,0.0,0.0,21.4,34.6,0.0,1018.7
2025-03-30 01:00:00+00:00,10.5,93,9.4,100,100,0,84,0.0,0.0,0.0,0.0,19.5,33.1,0.0,1019.1
2025-03-30 02:00:00+00:00,11.1,94,10.1,100,100,0,90,0.0,0.0,0.0,0.0,18.5,33.5,0.0,1018.5
2025-03-30 03:00:00+00:00,11.1,91,9.8,100,100,0,90,0.0,0.0,0.0,0.0,18.2,33.8,0.0,1018.5
2025-03-30 04:00:00+00:00,10.4,89,8.7,100,100,0,74,0.0,0.0,0.0,0.0,17.9,32.0,0.0,1018.6
2025-03-30 05:00:00+00:00,10.0,87,7.9,100,99,0,85,0.0,0.0,0.0,0.0,17.2,31.7,0.0,1019.0
2025-03-30 06:00:00+00:00,9.3,89,7.5,95,79,0,86,1.0,0.0,0.0,1.0,16.4,30.2,0.0,1019.8
2025-03-30 07:00:00+00:00,9.4,88,7.5,85,44,0,77,47.0,12.0,108.7,35.0,16.1,27.7,0.0,1020.4
2025-03-30 08:00:00+00:00,10.3,82,7.4,37,26,0,17,169.0,81.0,304.7,88.0,18.4,34.9,0.0,1021.3
2025-03-30 09:00:00+00:00,11.7,73,7.0,46,46,0,0,318.0,208.0,505.9,110.0,19.7,37.8,0.0,1021.5
2025-03-30 10:00:00+00:00,13.2,66,6.9,1,1,0,0,492.0,367.0,689.7,125.0,17.8,39.6,0.0,1022.2
2025-03-30 11:00:00+00:00,14.6,60,6.8,15,4,0,12,620.0,505.0,814.0,115.0,18.0,40.7,0.0,1022.0
2025-03-30 12:00:00+00:00,15.5,55,6.6,16,0,0,16,687.0,572.0,853.7,115.0,18.6,41.0,0.0,1022.5
2025-03-30 13:00:00+00:00,16.3,51,6.0,0,0,0,0,677.0,557.0,822.0,120.0,18.6,41.0,0.0,1022.7
2025-03-30 14:00:00+00:00,16.9,48,5.8,0,0,0,0,655.0,558.0,868.2,97.0,18.4,40.7,0.0,1022.7
2025-03-30 15:00:00+00:00,17.3,46,5.4,0,0,0,0,564.0,473.0,833.2,91.0,18.1,39.2,0.0,1022.9
2025-03-30 16:00:00+00:00,17.2,45,5.0,0,0,0,0,435.0,353.0,771.3,82.0,17.7,36.0,0.0,1022.9
2025-03-30 17:00:00+00:00,16.6,45,4.6,1,1,0,0,279.0,212.0,662.2,67.0,14.6,28.1,0.0,1023.4
2025-03-30 18:00:00+00:00,15.1,49,4.5,0,0,0,0,120.0,78.0,474.0,42.0,11.4,21.2,0.0,1024.0
2025-03-30 19:00:00+00:00,12.9,55,4.1,0,0,0,0,11.0,5.0,86.0,6.0,9.8,18.0,0.0,1025.2
2025-03-30 20:00:00+00:00,11.3,60,3.8,1,0,0,1,0.0,0.0,0.0,0.0,10.3,18.4,0.0,1025.7
2025-03-30 21:00:00+00:00,9.9,64,3.4,15,0,0,15,0.0,0.0,0.0,0.0,11.2,19.8,0.0,1026.6
2025-03-30 22:00:00+00:00,8.9,67,3.1,23,0,0,23,0.0,0.0,0.0,0.0,10.8,19.8,0.0,1026.9
2025-03-30 23:00:00+00:00,8.0,69,2.8,8,0,0,8,0.0,0.0,0.0,0.0,11.2,20.2,0.0,1027.4
2025-03-31 00:00:00+00:00,7.0,73,2.4,7,0,0,7,0.0,0.0,0.0,0.0,11.0,19.4,0.0,1027.6
2025-03-31 01:00:00+00:00,6.3,77,2.6,0,0,0,0,0.0,0.0,0.0,0.0,11.2,19.1,0.0,1027.6
2025-03-31 02:00:00+00:00,5.3,82,2.5,0,0,0,0,0.0,0.0,0.0,0.0,10.7,17.6,0.0,1027.8
2025-03-31 03:00:00+00:00,4.7,86,2.5,1,0,0,1,0.0,0.0,0.0,0.0,9.3,15.8,0.0,1027.8
2025-03-31 04:00:00+00:00,4.2,87,2.2,14,0,0,14,0.0,0.0,0.0,0.0,8.4,14.4,0.0,1027.7
2025-03-31 05:00:00+00:00,3.7,90,2.2,21,0,0,21,0.0,0.0,0.0,0.0,7.3,13.0,0.0,1028.0
2025-03-31 06:00:00+00:00,3.3,91,1.9,30,0,0,30,1.0,0.0,0.0,1.0,7.0,12.6,0.0,1028.3
2025-03-31 07:00:00+00:00,4.9,89,3.2,59,0,0,59,72.0,41.0,361.8,31.0,8.6,15.5,0.0,1028.7
2025-03-31 08:00:00+00:00,8.5,80,5.2,60,0,0,60,218.0,147.0,541.1,71.0,6.9,16.2,0.0,1029.1
2025-03-31 09:00:00+00:00,11.5,69,6.1,31,0,0,31,384.0,303.0,726.8,81.0,7.7,18.7,0.0,1029.3
2025-03-31 10:00:00+00:00,13.6,60,6.0,29,0,0,29,525.0,435.0,809.1,90.0,6.1,21.6,0.0,1029.2
2025-03-31 11:00:00+00:00,14.8,55,5.9,35,0,0,35,629.0,531.0,848.7,98.0,7.2,23.8,0.0,1029.3
2025-03-31 12:00:00+00:00,15.2,54,5.9,18,0,0,18,684.0,572.0,847.3,112.0,7.2,23.8,0.0,1028.8
2025-03-31 13:00:00+00:00,15.7,52,6.0,2,2,0,0,679.0,548.0,803.0,131.0,6.7,23.4,0.0,1028.9
2025-03-31 14:00:00+00:00,16.0,50,5.6,36,0,0,36,621.0,472.0,729.1,149.0,6.9,23.0,0.0,1028.0
2025-03-31 15:00:00+00:00,16.0,50,5.7,52,0,0,52,502.0,323.0,564.5,179.0,7.4,21.2,0.0,1027.7
2025-03-31 16:00:00+00:00,15.9,49,5.2,17,0,0,17,394.0,246.0,532.4,148.0,8.4,20.9,0.0,1027.7
2025-03-31 17:00:00+00:00,15.0,54,5.7,0,0,0,0,253.0,150.0,462.2,103.0,9.1,18.0,0.0,1027.5
2025-03-31 18:00:00+00:00,13.4,62,6.1,0,0,0,0,117.0,69.0,408.5,48.0,7.1,13.3,0.0,1027.7
2025-03-31 19:00:00+00:00,10.5,74,6.0,1,1,0,0,12.0,5.0,82.9,7.0,6.9,13.0,0.0,1027.8
2025-03-31 20:00:00+00:00,9.1,79,5.7,0,0,0,0,0.0,0.0,0.0,0.0,8.0,14.0,0.0,1028.0
2025-03-31 21:00:00+00:00,8.5,80,5.3,19,0,0,19,0.0,0.0,0.0,0.0,10.7,19.1,0.0,1027.9
2025-03-31 22:00:00+00:00,7.9,79,4.4,29,0,0,29,0.0,0.0,0.0,0.0,13.3,23.8,0.0,1027.6
2025-03-31 23:00:00+00:00,7.5,73,2.9,29,0,0,29,0.0,0.0,0.0,0.0,14.8,25.2,0.0,1027.3
2025-04-01 00:00:00+00:00,6.5,71,1.7,34,1,0,34,0.0,0.0,0.0,0.0,14.9,25.6,0.0,1027.2
2025-04-01 01:00:00+00:00,6.0,73,1.4,27,2,0,26,0.0,0.0,0.0,0.0,14.6,25.9,0.0,1027.0
2025-04-01 02:00:00+00:00,5.4,77,1.7,5,5,0,0,0.0,0.0,0.0,0.0,14.8,25.6,0.0,1026.4
2025-04-01 03:00:00+00:00,4.9,83,2.2,2,2,0,0,0.0,0.0,0.0,0.0,14.8,25.6,0.0,1025.9
2025-04-01 04:00:00+00:00,4.6,87,2.6,7,7,0,1,0.0,0.0,0.0,0.0,15.0,25.6,0.0,1025.6
2025-04-01 05:00:00+00:00,4.6,88,2.8,11,5,0,6,0.0,0.0,0.0,0.0,15.8,26.3,0.0,1025.6
2025-04-01 06:00:00+00:00,4.8,89,3.1,13,6,0,8,2.0,0.0,0.0,2.0,16.3,27.0,0.0,1025.6
2025-04-01 07:00:00+00:00,5.8,88,4.0,3,3,0,0,77.0,44.0,373.1,33.0,17.4,30.2,0.0,1025.7
2025-04-01 08:00:00+00:00,7.7,83,5.0,6,6,0,0,227.0,161.0,580.1,66.0,18.6,36.0,0.0,1025.8
2025-04-01 09:00:00+00:00,9.8,74,5.4,1,1,0,0,380.0,279.0,660.3,101.0,20.7,40.3,0.0,1025.8
2025-04-01 10:00:00+00:00,11.6,63,4.9,0,0,0,0,534.0,433.0,797.3,101.0,20.7,44.3,0.0,1025.4
2025-04-01 11:00:00+00:00,12.9,56,4.4,0,0,0,0,641.0,538.0,852.7,103.0,22.4,48.2,0.0,1025.0
2025-04-01 12:00:00+00:00,13.7,51,3.7,0,0,0,0,696.0,579.0,851.3,117.0,22.7,48.2,0.0,1024.5
2025-04-01 13:00:00+00:00,14.5,48,3.6,0,0,0,0,713.0,611.0,889.0,102.0,23.4,47.5,0.0,1023.7
2025-04-01 14:00:00+00:00,14.9,46,3.3,0,0,0,0,658.0,542.0,831.3,116.0,23.3,45.7,0.0,1022.5
2025-04-01 15:00:00+00:00,15.2,43,2.8,0,0,0,0,579.0,487.0,844.5,92.0,23.3,43.6,0.0,1022.0
2025-04-01 16:00:00+00:00,15.1,44,2.9,0,0,0,0,448.0,366.0,784.7,82.0,23.2,41.0,0.0,1021.3
2025-04-01 17:00:00+00:00,14.2,45,2.6,0,0,0,0,290.0,223.0,678.1,67.0,21.4,36.4,0.0,1021.0
2025-04-01 18:00:00+00:00,12.8,51,2.8,0,0,0,0,128.0,85.0,490.5,43.0,22.5,37.8,0.0,1021.5
2025-04-01 19:00:00+00:00,11.0,58,3.1,0,0,0,0,14.0,6.0,96.0,8.0,23.8,43.6,0.0,1021.9
2025-04-01 20:00:00+00:00,9.7,63,3.0,0,0,0,0,0.0,0.0,0.0,0.0,23.4,42.8,0.0,1022.3
2025-04-01 21:00:00+00:00,9.0,66,3.0,0,0,0,0,0.0,0.0,0.0,0.0,22.3,40.7,0.0,1022.4
2025-04-01 22:00:00+00:00,8.3,70,3.1,0,0,0,0,0.0,0.0,0.0,0.0,19.8,37.4,0.0,1022.4
2025-04-01 23:00:00+00:00,7.9,71,3.0,0,0,0,0,0.0,0.0,0.0,0.0,18.8,33.8,0.0,1022.5
2025-04-02 00:00:00+00:00,7.4,72,2.7,0,0,0,0,0.0,0.0,0.0,0.0,18.2,31.3,0.0,1022.4
2025-04-02 01:00:00+00:00,7.0,72,2.2,0,0,0,0,0.0,0.0,0.0,0.0,18.3,30.2,0.0,1022.3
2025-04-02 02:00:00+00:00,6.5,72,1.9,0,0,0,0,0.0,0.0,0.0,0.0,18.4,30.2,0.0,1021.7
2025-04-02 03:00:00+00:00,6.2,74,1.8,0,0,0,0,0.0,0.0,0.0,0.0,18.9,31.3,0.0,1021.7
2025-04-02 04:00:00+00:00,6.1,74,1.9,0,0,0,0,0.0,0.0,0.0,0.0,18.3,32.4,0.0,1021.5
2025-04-02 05:00:00+00:00,6.0,75,1.9,0,0,0,0,0.0,0.0,0.0,0.0,18.0,32.8,0.0,1021.2
2025-04-02 06:00:00+00:00,5.9,76,2.1,0,0,0,0,2.0,1.0,19.1,1.0,20.5,34.9,0.0,1021.5
2025-04-02 07:00:00+00:00,7.3,74,3.1,0,0,0,0,86.0,53.0,427.8,33.0,22.0,39.2,0.0,1021.6
2025-04-02 08:00:00+00:00,9.3,69,3.9,0,0,0,0,245.0,183.0,645.8,62.0,21.9,40.7,0.0,1021.5
2025-04-02 09:00:00+00:00,11.3,61,4.1,0,0,0,0,408.0,329.0,768.3,79.0,24.5,46.4,0.0,1021.6
2025-04-02 10:00:00+00:00,13.1,54,4.0,0,0,0,0,546.0,456.0,831.3,90.0,23.7,48.6,0.0,1020.8
2025-04-02 11:00:00+00:00,14.5,49,3.9,0,0,0,0,648.0,551.0,866.2,97.0,25.8,50.4,0.0,1020.2
2025-04-02 12:00:00+00:00,15.4,47,4.0,0,0,0,0,703.0,603.0,880.2,100.0,27.3,52.2,0.0,1019.4
2025-04-02 13:00:00+00:00,16.3,43,3.8,0,0,0,0,706.0,597.0,862.6,109.0,29.0,56.2,0.0,1018.7
2025-04-02 14:00:00+00:00,16.6,44,4.4,0,0,0,0,650.0,519.0,790.5,131.0,29.7,55.1,0.0,1017.9
2025-04-02 15:00:00+00:00,16.7,44,4.5,0,0,0,0,569.0,474.0,815.7,95.0,29.1,52.2,0.0,1017.4
2025-04-02 16:00:00+00:00,16.0,46,4.4,0,0,0,0,401.0,313.0,664.8,88.0,27.4,48.2,0.0,1017.4
2025-04-02 17:00:00+00:00,15.3,48,4.3,6,4,6,0,279.0,200.0,600.3,79.0,25.7,42.1,0.0,1017.4
2025-04-02 18:00:00+00:00,14.3,51,4.2,19,16,14,0,109.0,64.0,360.3,45.0,24.6,44.3,0.0,1017.6
2025-04-02 19:00:00+00:00,13.0,55,4.2,36,33,35,0,12.0,5.0,77.4,7.0,23.7,43.2,0.0,1017.8
2025-04-02 20:00:00+00:00,12.0,60,4.4,28,19,27,0,0.0,0.0,0.0,0.0,23.4,42.1,0.0,1018.0
2025-04-02 21:00:00+00:00,11.1,63,4.4,14,5,12,0,0.0,0.0,0.0,0.0,22.5,40.7,0.0,1018.3
2025-04-02 22:00:00+00:00,10.3,67,4.4,7,1,7,0,0.0,0.0,0.0,0.0,22.4,39.2,0.0,1018.3
2025-04-02 23:00:00+00:00,9.6,70,4.4,5,4,5,0,0.0,0.0,0.0,0.0,21.8,37.8,0.0,1018.3
2025-04-03 00:00:00+00:00,9.0,73,4.4,4,4,1,0,0.0,0.0,0.0,0.0,21.7,37.4,0.0,1018.0
2025-04-03 01:00:00+00:00,8.6,76,4.6,7,7,1,0,0.0,0.0,0.0,0.0,21.2,36.7,0.0,1017.9
2025-04-03 02:00:00+00:00,8.5,76,4.5,7,7,0,0,0.0,0.0,0.0,0.0,20.4,35.3,0.0,1017.6
2025-04-03 03:00:00+00:00,8.3,77,4.5,6,6,1,0,0.0,0.0,0.0,0.0,19.5,33.5,0.0,1017.4
2025-04-03 04:00:00+00:00,8.1,77,4.2,3,1,1,1,0.0,0.0,0.0,0.0,18.3,32.8,0.0,1017.3
2025-04-03 05:00:00+00:00,7.9,78,4.3,1,0,0,0,0.0,0.0,0.0,0.0,16.9,32.0,0.0,1017.5
2025-04-03 06:00:00+00:00,7.7,78,4.2,1,0,1,0,3.0,1.0,19.1,2.0,16.1,32.4,0.0,1017.7
2025-04-03 07:00:00+00:00,9.2,77,5.4,3,1,3,0,84.0,50.0,385.0,34.0,17.5,31.3,0.0,1017.8
2025-04-03 08:00:00+00:00,11.3,71,6.2,1,1,0,0,232.0,161.0,556.7,71.0,18.5,34.2,0.0,1017.9
2025-04-03 09:00:00+00:00,13.1,65,6.6,1,0,1,0,388.0,293.0,675.3,95.0,20.6,39.2,0.0,1017.8
2025-04-03 10:00:00+00:00,15.1,58,6.8,1,0,0,1,540.0,452.0,816.0,88.0,20.6,42.5,0.0,1017.6
2025-04-03 11:00:00+00:00,16.2,55,7.1,33,0,0,33,641.0,546.0,851.4,95.0,20.7,44.6,0.0,1017.4
2025-04-03 12:00:00+00:00,17.5,50,7.0,15,0,0,15,701.0,601.0,871.0,100.0,21.3,45.4,0.0,1017.3
2025-04-03 13:00:00+00:00,18.0,48,6.8,34,0,0,34,700.0,581.0,833.8,119.0,22.1,44.6,0.0,1017.2
2025-04-03 14:00:00+00:00,18.2,46,6.5,96,0,0,96,637.0,498.0,753.3,139.0,22.7,43.9,0.0,1016.7
2025-04-03 15:00:00+00:00,17.7,47,6.3,100,0,11,100,521.0,338.0,577.3,183.0,22.0,43.6,0.0,1016.6
2025-04-03 16:00:00+00:00,17.1,50,6.6,100,0,53,100,346.0,155.0,326.2,191.0,19.4,39.6,0.0,1016.9
2025-04-03 17:00:00+00:00,16.4,54,7.1,100,2,58,100,169.0,19.0,56.3,150.0,18.2,34.6,0.0,1017.0
2025-04-03 18:00:00+00:00,15.9,57,7.3,100,4,21,100,63.0,3.0,16.5,60.0,15.5,32.4,0.0,1017.6
2025-04-03 19:00:00+00:00,15.4,60,7.7,100,0,84,99,6.0,0.0,0.0,6.0,14.9,26.6,0.0,1017.8
2025-04-03 20:00:00+00:00,14.5,66,8.2,100,1,89,98,0.0,0.0,0.0,0.0,14.0,25.2,0.1,1018.5
2025-04-03 21:00:00+00:00,13.9,70,8.5,100,0,100,99,0.0,0.0,0.0,0.0,12.8,22.0,0.0,1018.6
2025-04-03 22:00:00+00:00,12.9,75,8.6,100,0,69,100,0.0,0.0,0.0,0.0,10.0,17.3,0.0,1019.2
2025-04-03 23:00:00+00:00,11.9,80,8.7,100,0,86,99,0.0,0.0,0.0,0.0,8.5,12.2,0.0,1019.2
2025-04-04 00:00:00+00:00,11.3,83,8.6,100,0,76,100,0.0,0.0,0.0,0.0,7.3,8.6,0.1,1019.0
2025-04-04 01:00:00+00:00,10.7,85,8.3,100,0,64,100,0.0,0.0,0.0,0.0,7.7,7.9,0.3,1018.9
2025-04-04 02:00:00+00:00,10.6,85,8.2,100,0,68,100,0.0,0.0,0.0,0.0,8.7,9.4,0.2,1018.7
2025-04-04 03:00:00+00:00,10.5,85,8.1,100,7,60,100,0.0,0.0,0.0,0.0,9.4,13.0,0.0,1018.7
2025-04-04 04:00:00+00:00,10.3,85,7.9,100,11,63,98,0.0,0.0,0.0,0.0,10.7,15.5,0.0,1018.2
2025-04-04 05:00:00+00:00,10.4,84,7.8,100,17,51,100,0.0,0.0,0.0,0.0,11.9,17.6,0.0,1018.1
2025-04-04 06:00:00+00:00,10.4,84,7.8,99,12,33,99,2.0,0.0,0.0,2.0,12.7,19.8,0.0,1018.3
2025-04-04 07:00:00+00:00,10.7,84,8.0,97,12,31,97,47.0,4.0,29.5,43.0,14.0,25.6,0.0,1018.2
2025-04-04 08:00:00+00:00,12.2,79,8.7,67,14,12,57,175.0,57.0,193.2,118.0,15.3,28.1,0.0,1018.3
2025-04-04 09:00:00+00:00,14.1,72,9.1,38,2,22,17,359.0,246.0,559.8,113.0,16.5,32.0,0.0,1018.3
2025-04-04 10:00:00+00:00,16.7,60,8.9,10,0,5,6,519.0,411.0,734.8,108.0,18.6,34.6,0.0,1017.9
2025-04-04 11:00:00+00:00,18.2,55,9.1,7,1,4,4,557.0,418.0,646.6,139.0,20.0,36.7,0.0,1017.4
2025-04-04 12:00:00+00:00,19.6,51,9.2,0,0,0,0,629.0,494.0,710.9,135.0,21.5,40.3,0.0,1017.2
2025-04-04 13:00:00+00:00,20.6,46,8.7,3,2,3,0,653.0,511.0,728.5,142.0,22.8,42.8,0.0,1016.5
2025-04-04 14:00:00+00:00,21.4,42,7.8,2,0,0,2,634.0,512.0,769.2,122.0,22.8,43.2,0.0,1016.2
2025-04-04 15:00:00+00:00,21.7,39,7.2,21,0,0,21,570.0,476.0,806.9,94.0,21.8,40.7,0.0,1015.8
2025-04-04 16:00:00+00:00,21.4,38,6.6,46,0,0,46,446.0,365.0,761.4,81.0,20.0,36.7,0.0,1015.3
2025-04-04 17:00:00+00:00,20.7,40,6.6,48,0,0,48,294.0,228.0,667.2,66.0,19.2,34.9,0.0,1015.4
2025-04-04 18:00:00+00:00,19.0,44,6.4,11,0,0,11,135.0,90.0,483.2,45.0,19.1,34.9,0.0,1015.7
2025-04-04 19:00:00+00:00,16.9,47,5.4,1,0,0,0,18.0,9.0,130.5,9.0,20.4,37.1,0.0,1016.1
2025-04-04 20:00:00+00:00,15.2,50,4.7,3,0,2,1,0.0,0.0,0.0,0.0,21.9,39.6,0.0,1016.6
2025-04-04 21:00:00+00:00,14.1,52,4.4,23,2,22,0,0.0,0.0,0.0,0.0,22.6,40.7,0.0,1016.7
2025-04-04 22:00:00+00:00,13.2,56,4.6,45,1,37,28,0.0,0.0,0.0,0.0,21.6,41.4,0.0,1017.0
2025-04-04 23:00:00+00:00,12.0,62,4.8,30,3,22,15,0.0,0.0,0.0,0.0,22.7,42.5,0.0,1017.2
2025-04-05 00:00:00+00:00,10.8,66,4.6,1,1,0,0,0.0,0.0,0.0,0.0,24.5,43.6,0.0,1017.4
2025-04-05 01:00:00+00:00,9.8,69,4.4,6,6,0,0,0.0,0.0,0.0,0.0,24.9,43.2,0.0,1017.5
2025-04-05 02:00:00+00:00,9.2,71,4.2,6,6,0,0,0.0,0.0,0.0,0.0,25.1,43.2,0.0,1017.5
2025-04-05 03:00:00+00:00,8.6,71,3.6,7,7,0,0,0.0,0.0,0.0,0.0,24.6,41.8,0.0,1017.3
2025-04-05 04:00:00+00:00,8.1,71,3.1,2,2,0,0,0.0,0.0,0.0,0.0,23.7,39.6,0.0,1017.3
2025-04-05 05:00:00+00:00,7.7,71,2.9,6,6,0,0,0.0,0.0,0.0,0.0,23.7,40.0,0.0,1017.6
2025-04-05 06:00:00+00:00,7.3,73,2.8,4,4,0,0,5.0,2.0,38.2,3.0,24.8,41.0,0.0,1017.9
2025-04-05 07:00:00+00:00,7.9,75,3.6,7,7,0,0,99.0,63.0,444.5,36.0,24.3,45.0,0.0,1018.1
2025-04-05 08:00:00+00:00,9.3,72,4.5,10,10,0,0,250.0,184.0,611.8,66.0,26.1,50.0,0.0,1018.4
2025-04-05 09:00:00+00:00,11.3,66,5.2,4,4,0,0,421.0,342.0,768.5,79.0,25.5,49.7,0.0,1018.7
2025-04-05 10:00:00+00:00,13.5,59,5.5,4,4,0,0,554.0,461.0,816.4,93.0,24.0,49.0,0.0,1019.2
2025-04-05 11:00:00+00:00,15.6,52,5.8,1,1,0,0,664.0,567.0,870.2,97.0,24.3,48.6,0.0,1018.7
2025-04-05 12:00:00+00:00,17.2,48,6.1,0,0,0,0,722.0,623.0,890.3,99.0,24.7,47.9,0.0,1018.6
2025-04-05 13:00:00+00:00,18.4,44,5.9,0,0,0,0,728.0,628.0,889.4,100.0,24.4,46.1,0.0,1018.4
2025-04-05 14:00:00+00:00,19.0,42,5.9,0,0,0,0,684.0,587.0,876.0,97.0,23.8,44.6,0.0,1018.2
2025-04-05 15:00:00+00:00,19.1,41,5.4,0,0,0,0,593.0,501.0,843.1,92.0,24.0,44.3,0.0,1017.9
2025-04-05 16:00:00+00:00,18.4,40,4.5,0,0,0,0,463.0,380.0,785.7,83.0,23.8,43.9,0.0,1017.8
2025-04-05 17:00:00+00:00,17.1,40,3.4,0,0,0,0,307.0,238.0,688.0,69.0,23.1,40.3,0.0,1018.0
2025-04-05 18:00:00+00:00,15.2,38,1.1,0,0,0,0,145.0,99.0,519.5,46.0,22.2,40.0,0.0,1018.2
2025-04-05 19:00:00+00:00,13.2,39,-0.6,0,0,0,0,21.0,11.0,154.8,10.0,22.7,41.4,0.0,1018.6
2025-04-05 20:00:00+00:00,11.5,42,-1.1,0,0,0,0,0.0,0.0,0.0,0.0,23.7,43.2,0.0,1019.5
2025-04-05 21:00:00+00:00,9.8,47,-0.9,0,0,0,0,0.0,0.0,0.0,0.0,22.3,41.0,0.0,1020.0
2025-04-05 22:00:00+00:00,8.4,54,-0.3,2,2,0,0,0.0,0.0,0.0,0.0,20.8,39.2,0.0,1020.5
2025-04-05 23:00:00+00:00,7.4,62,0.6,0,0,0,0,0.0,0.0,0.0,0.0,20.5,36.7,0.0,1021.0
2025-04-06 00:00:00+00:00,6.6,70,1.4,1,1,0,0,0.0,0.0,0.0,0.0,19.8,33.5,0.0,1021.2
2025-04-06 01:00:00+00:00,6.1,74,1.9,0,0,0,0,0.0,0.0,0.0,0.0,19.5,32.8,0.0,1021.2
2025-04-06 02:00:00+00:00,5.5,80,2.3,0,0,0,0,0.0,0.0,0.0,0.0,18.7,33.1,0.0,1021.1
2025-04-06 03:00:00+00:00,5.3,83,2.6,0,0,0,0,0.0,0.0,0.0,0.0,18.6,33.8,0.0,1021.1
2025-04-06 04:00:00+00:00,5.1,86,3.0,22,4,0,18,0.0,0.0,0.0,0.0,18.6,33.8,0.0,1021.2
2025-04-06 05:00:00+00:00,5.3,87,3.3,4,4,0,0,0.0,0.0,0.0,0.0,18.5,33.5,0.0,1021.5
2025-04-06 06:00:00+00:00,5.4,87,3.4,1,1,0,0,6.0,2.0,38.2,4.0,18.4,32.8,0.0,1021.9
2025-04-06 07:00:00+00:00,6.8,84,4.2,4,3,0,2,104.0,66.0,447.1,38.0,18.1,32.0,0.0,1022.2
2025-04-06 08:00:00+00:00,8.9,75,4.7,5,3,0,2,266.0,200.0,652.5,66.0,19.2,37.4,0.0,1022.2
2025-04-06 09:00:00+00:00,10.9,65,4.7,11,0,0,11,426.0,341.0,756.9,85.0,19.8,39.6,0.0,1022.3
2025-04-06 10:00:00+00:00,12.8,58,4.8,2,0,0,2,571.0,481.0,843.9,90.0,17.6,40.3,0.0,1022.5
2025-04-06 11:00:00+00:00,14.4,52,4.6,0,0,0,0,675.0,577.0,878.8,98.0,17.4,41.0,0.0,1022.4
2025-04-06 12:00:00+00:00,15.5,47,4.3,0,0,0,0,732.0,632.0,897.0,100.0,17.4,40.0,0.0,1022.5
2025-04-06 13:00:00+00:00,16.3,44,4.1,0,0,0,0,739.0,638.0,897.7,101.0,17.4,38.2,0.0,1022.3
2025-04-06 14:00:00+00:00,16.7,42,3.7,0,0,0,0,694.0,596.0,883.6,98.0,17.3,35.6,0.0,1022.0
2025-04-06 15:00:00+00:00,16.8,40,3.2,0,0,0,0,602.0,510.0,852.1,92.0,17.0,34.2,0.0,1021.8
2025-04-06 16:00:00+00:00,16.5,42,3.4,0,0,0,0,471.0,388.0,795.3,83.0,16.7,32.8,0.0,1021.5
2025-04-06 17:00:00+00:00,15.6,44,3.3,0,0,0,0,313.0,244.0,696.8,69.0,15.4,30.2,0.0,1021.4
2025-04-06 18:00:00+00:00,14.0,46,2.5,0,0,0,0,149.0,101.0,518.4,48.0,14.4,26.6,0.0,1021.9
2025-04-06 19:00:00+00:00,12.0,50,1.8,0,0,0,0,23.0,12.0,163.9,11.0,14.3,25.6,0.0,1022.8
2025-04-06 20:00:00+00:00,10.2,54,1.2,0,0,0,0,0.0,0.0,0.0,0.0,14.8,26.6,0.0,1023.6
2025-04-06 21:00:00+00:00,8.6,57,0.5,0,0,0,0,0.0,0.0,0.0,0.0,15.0,27.0,0.0,1024.2
2025-04-06 22:00:00+00:00,7.6,56,-0.6,0,0,0,0,0.0,0.0,0.0,0.0,15.1,26.6,0.0,1024.5
2025-04-06 23:00:00+00:00,6.9,57,-1.0,0,0,0,0,0.0,0.0,0.0,0.0,15.0,25.6,0.0,1024.8
2025-04-07 00:00:00+00:00,6.1,61,-0.9,0,0,0,0,0.0,0.0,0.0,0.0,14.3,25.2,0.0,1024.8
2025-04-07 01:00:00+00:00,5.4,66,-0.5,0,0,0,0,0.0,0.0,0.0,0.0,13.6,24.1,0.0,1024.7
2025-04-07 02:00:00+00:00,4.7,71,-0.2,0,0,0,0,0.0,0.0,0.0,0.0,13.2,23.4,0.0,1024.5
2025-04-07 03:00:00+00:00,4.0,75,-0.1,0,0,0,0,0.0,0.0,0.0,0.0,13.0,23.8,0.0,1024.4
2025-04-07 04:00:00+00:00,3.6,79,0.4,0,0,0,0,0.0,0.0,0.0,0.0,13.8,24.5,0.0,1024.6
2025-04-07 05:00:00+00:00,3.4,82,0.7,0,0,0,0,0.0,0.0,0.0,0.0,14.3,24.8,0.0,1025.0
2025-04-07 06:00:00+00:00,3.5,86,1.3,0,0,0,0,8.0,3.0,57.3,5.0,14.6,25.2,0.0,1025.3
2025-04-07 07:00:00+00:00,5.5,85,3.1,0,0,0,0,112.0,72.0,469.1,40.0,14.1,25.9,0.0,1025.7
2025-04-07 08:00:00+00:00,8.1,76,4.2,0,0,0,0,275.0,210.0,672.7,65.0,13.9,28.4,0.0,1025.8
2025-04-07 09:00:00+00:00,10.4,63,3.7,0,0,0,0,440.0,360.0,789.5,80.0,13.6,29.2,0.0,1026.0
2025-04-07 10:00:00+00:00,12.4,52,2.9,0,0,0,0,582.0,492.0,855.4,90.0,11.8,29.9,0.0,1026.0
2025-04-07 11:00:00+00:00,13.6,45,1.8,0,0,0,0,686.0,589.0,890.3,97.0,11.8,30.6,0.0,1025.9
2025-04-07 12:00:00+00:00,14.7,42,1.8,0,0,0,0,744.0,644.0,907.9,100.0,11.0,29.2,0.0,1025.7
2025-04-07 13:00:00+00:00,15.3,41,2.2,0,0,0,0,750.0,649.0,907.4,101.0,10.3,27.4,0.0,1025.5
2025-04-07 14:00:00+00:00,15.6,41,2.4,0,0,0,0,704.0,606.0,892.7,98.0,9.8,24.8,0.0,1025.2
2025-04-07 15:00:00+00:00,15.8,40,2.3,0,0,0,0,611.0,518.0,859.4,93.0,9.1,22.3,0.0,1024.9
2025-04-07 16:00:00+00:00,15.6,42,2.6,0,0,0,0,478.0,395.0,802.8,83.0,8.9,19.8,0.0,1024.7
2025-04-07 17:00:00+00:00,15.2,42,2.2,0,0,0,0,319.0,249.0,702.7,70.0,8.8,17.6,0.0,1024.6
2025-04-07 18:00:00+00:00,13.8,47,2.6,0,0,0,0,154.0,106.0,532.5,48.0,5.8,10.4,0.0,1024.8
2025-04-07 19:00:00+00:00,10.6,56,2.3,0,0,0,0,25.0,13.0,172.6,12.0,8.5,13.0,0.0,1025.2
2025-04-07 20:00:00+00:00,9.0,61,2.0,0,0,0,0,0.0,0.0,0.0,0.0,9.0,13.3,0.0,1026.0
2025-04-07 21:00:00+00:00,7.9,62,1.1,0,0,0,0,0.0,0.0,0.0,0.0,9.0,13.7,0.0,1026.5
2025-04-07 22:00:00+00:00,6.4,70,1.4,0,0,0,0,0.0,0.0,0.0,0.0,8.0,13.7,0.0,1026.9
2025-04-07 23:00:00+00:00,6.1,68,0.5,0,0,0,0,0.0,0.0,0.0,0.0,8.5,14.4,0.0,1027.1
2025-04-08 00:00:00+00:00,5.4,65,-0.8,0,0,0,0,0.0,0.0,0.0,0.0,8.6,15.8,0.0,1027.2
2025-04-08 01:00:00+00:00,4.5,64,-1.8,0,0,0,0,0.0,0.0,0.0,0.0,9.1,16.9,0.0,1027.2
2025-04-08 02:00:00+00:00,3.6,65,-2.3,0,0,0,0,0.0,0.0,0.0,0.0,10.1,16.9,0.0,1027.0
2025-04-08 03:00:00+00:00,3.0,70,-2.0,0,0,0,0,0.0,0.0,0.0,0.0,9.8,16.2,0.0,1026.6
2025-04-08 04:00:00+00:00,2.6,75,-1.4,0,0,0,0,0.0,0.0,0.0,0.0,8.7,16.2,0.0,1026.5
2025-04-08 05:00:00+00:00,2.3,80,-0.8,0,0,0,0,0.0,0.0,0.0,0.0,9.2,16.6,0.0,1026.8
2025-04-08 06:00:00+00:00,2.3,83,-0.3,0,0,0,0,9.0,4.0,72.8,5.0,10.1,17.6,0.0,1027.0
2025-04-08 07:00:00+00:00,4.4,84,2.0,0,0,0,0,116.0,76.0,477.1,40.0,10.8,20.5,0.0,1027.7
2025-04-08 08:00:00+00:00,7.6,77,3.8,2,0,0,2,280.0,214.0,673.4,66.0,9.8,21.6,0.0,1028.0
2025-04-08 09:00:00+00:00,10.4,69,5.1,65,0,0,65,440.0,355.0,769.4,85.0,9.7,23.0,0.0,1027.7
2025-04-08 10:00:00+00:00,12.4,59,4.5,100,0,0,100,548.0,393.0,677.2,155.0,9.1,24.8,0.0,1027.5
2025-04-08 11:00:00+00:00,13.5,51,3.5,99,0,0,99,602.0,359.0,538.6,243.0,9.4,24.1,0.0,1027.0
2025-04-08 12:00:00+00:00,14.3,47,3.2,97,0,0,97,626.0,346.0,484.6,280.0,9.0,22.7,0.0,1026.7
2025-04-08 13:00:00+00:00,15.0,45,3.1,94,0,0,94,653.0,392.0,544.7,261.0,6.7,20.5,0.0,1026.6
2025-04-08 14:00:00+00:00,15.6,44,3.4,87,0,0,87,654.0,473.0,692.4,181.0,5.3,18.4,0.0,1026.3
2025-04-08 15:00:00+00:00,15.8,43,3.3,73,0,0,73,562.0,404.0,665.7,158.0,5.1,16.9,0.0,1025.7
2025-04-08 16:00:00+00:00,15.7,44,3.4,48,0,0,48,454.0,329.0,663.1,125.0,6.2,15.5,0.0,1025.5
2025-04-08 17:00:00+00:00,15.4,44,3.2,13,0,0,13,305.0,214.0,597.0,91.0,6.9,14.0,0.0,1025.3
2025-04-08 18:00:00+00:00,13.9,53,4.4,3,2,0,1,156.0,108.0,531.3,48.0,5.0,8.3,0.0,1025.3
2025-04-08 19:00:00+00:00,11.4,57,3.2,7,7,0,0,25.0,13.0,168.0,12.0,8.7,12.2,0.0,1025.6
2025-04-08 20:00:00+00:00,10.4,59,2.7,3,3,0,0,0.0,0.0,0.0,0.0,7.4,13.3,0.0,1025.9
2025-04-08 21:00:00+00:00,9.3,62,2.4,1,1,0,0,0.0,0.0,0.0,0.0,8.5,15.1,0.0,1026.2
2025-04-08 22:00:00+00:00,8.0,66,2.0,1,0,0,1,0.0,0.0,0.0,0.0,8.9,15.1,0.0,1026.7
2025-04-08 23:00:00+00:00,7.0,68,1.5,0,0,0,0,0.0,0.0,0.0,0.0,8.6,15.1,0.0,1026.9
2025-04-09 00:00:00+00:00,6.3,68,0.8,0,0,0,0,0.0,0.0,0.0,0.0,8.7,15.5,0.0,1027.1
2025-04-09 01:00:00+00:00,5.7,69,0.4,0,0,0,0,0.0,0.0,0.0,0.0,8.8,16.2,0.0,1027.1
2025-04-09 02:00:00+00:00,4.7,71,-0.0,0,0,0,0,0.0,0.0,0.0,0.0,9.3,16.6,0.0,1027.0
2025-04-09 03:00:00+00:00,4.0,74,-0.2,0,0,0,0,0.0,0.0,0.0,0.0,10.0,17.6,0.0,1026.7
2025-04-09 04:00:00+00:00,3.8,78,0.2,0,0,0,0,0.0,0.0,0.0,0.0,11.2,19.4,0.0,1027.0
2025-04-09 05:00:00+00:00,3.7,79,0.4,0,0,0,0,0.0,0.0,0.0,0.0,11.9,21.2,0.0,1027.3
2025-04-09 06:00:00+00:00,3.7,80,0.6,0,0,0,0,11.0,5.0,86.4,6.0,12.9,23.4,0.0,1027.7
2025-04-09 07:00:00+00:00,5.3,79,1.9,8,0,0,8,121.0,80.0,484.7,41.0,14.2,26.6,0.0,1028.2
2025-04-09 08:00:00+00:00,7.5,71,2.5,22,0,0,22,284.0,216.0,668.0,68.0,15.7,31.7,0.0,1028.5
2025-04-09 09:00:00+00:00,9.3,60,2.0,51,0,0,51,446.0,359.0,769.1,87.0,16.8,34.9,0.0,1028.7
2025-04-09 10:00:00+00:00,10.6,55,2.0,48,0,0,48,587.0,489.0,835.2,98.0,14.9,35.6,0.0,1029.0
2025-04-09 11:00:00+00:00,11.7,54,2.8,4,0,0,4,695.0,599.0,892.2,96.0,14.9,36.7,0.0,1029.0
2025-04-09 12:00:00+00:00,12.9,54,3.8,0,0,0,0,756.0,664.0,923.9,92.0,15.7,37.4,0.0,1029.1
2025-04-09 13:00:00+00:00,13.6,53,4.2,0,0,0,0,763.0,669.0,923.9,94.0,15.7,37.1,0.0,1028.8
2025-04-09 14:00:00+00:00,14.1,52,4.4,2,2,0,0,706.0,601.0,874.3,105.0,15.5,36.4,0.0,1028.6
2025-04-09 15:00:00+00:00,14.4,51,4.5,0,0,0,0,612.0,512.0,837.9,100.0,16.2,35.3,0.0,1028.4
2025-04-09 16:00:00+00:00,14.3,52,4.6,0,0,0,0,487.0,403.0,805.6,84.0,15.8,33.8,0.0,1028.3
2025-04-09 17:00:00+00:00,13.9,53,4.3,0,0,0,0,328.0,258.0,711.5,70.0,15.8,30.6,0.0,1028.5
2025-04-09 18:00:00+00:00,13.0,56,4.3,0,0,0,0,162.0,112.0,539.9,50.0,12.7,22.7,0.0,1028.6
2025-04-09 19:00:00+00:00,11.4,60,4.0,0,0,0,0,29.0,16.0,201.3,13.0,10.8,19.4,0.0,1029.3
2025-04-09 20:00:00+00:00,9.7,66,3.7,0,0,0,0,0.0,0.0,0.0,0.0,11.5,20.2,0.0,1030.1
2025-04-09 21:00:00+00:00,8.3,72,3.6,0,0,0,0,0.0,0.0,0.0,0.0,11.9,20.5,0.0,1030.8
2025-04-09 22:00:00+00:00,7.5,74,3.2,0,0,0,0,0.0,0.0,0.0,0.0,10.7,19.8,0.0,1031.5
2025-04-09 23:00:00+00:00,6.5,79,3.1,0,0,0,0,0.0,0.0,0.0,0.0,11.3,20.2,0.0,1031.8
2025-04-10 00:00:00+00:00,5.6,82,2.8,1,1,0,0,0.0,0.0,0.0,0.0,11.9,21.2,0.0,1032.1
2025-04-10 01:00:00+00:00,5.0,84,2.6,3,3,0,0,0.0,0.0,0.0,0.0,11.5,20.5,0.0,1032.4
2025-04-10 02:00:00+00:00,4.0,87,2.1,20,20,0,0,0.0,0.0,0.0,0.0,11.1,19.8,0.0,1032.4
2025-04-10 03:00:00+00:00,3.6,88,1.8,25,25,0,0,0.0,0.0,0.0,0.0,11.1,20.2,0.0,1032.2
2025-04-10 04:00:00+00:00,3.5,87,1.6,37,37,0,0,0.0,0.0,0.0,0.0,10.9,19.1,0.0,1032.2
2025-04-10 05:00:00+00:00,3.5,86,1.4,41,41,0,0,0.0,0.0,0.0,0.0,9.4,17.6,0.0,1032.3
2025-04-10 06:00:00+00:00,3.7,86,1.6,43,43,0,1,10.0,3.0,49.4,7.0,9.4,17.3,0.0,1032.5
2025-04-10 07:00:00+00:00,5.1,83,2.5,48,41,0,15,102.0,53.0,310.4,49.0,10.7,20.5,0.0,1032.6
2025-04-10 08:00:00+00:00,6.7,78,3.1,62,45,0,33,215.0,107.0,325.3,108.0,11.9,25.6,0.0,1032.8
2025-04-10 09:00:00+00:00,8.0,73,3.4,55,22,0,43,380.0,216.0,457.6,164.0,10.6,24.8,0.0,1032.7
2025-04-10 10:00:00+00:00,9.3,69,3.8,10,0,0,10,551.0,399.0,675.7,152.0,7.6,23.0,0.0,1032.2
2025-04-10 11:00:00+00:00,10.7,64,4.1,15,0,0,15,681.0,550.0,813.4,131.0,6.1,21.2,0.0,1032.0
2025-04-10 12:00:00+00:00,12.3,61,5.0,26,0,0,26,751.0,634.0,876.6,117.0,4.9,19.1,0.0,1031.5
2025-04-10 13:00:00+00:00,13.2,58,5.2,24,0,0,24,769.0,680.0,933.4,89.0,3.6,17.3,0.0,1030.9
2025-04-10 14:00:00+00:00,14.1,57,5.6,4,0,0,4,712.0,624.0,902.2,88.0,2.8,15.5,0.0,1030.2
2025-04-10 15:00:00+00:00,14.8,55,5.9,3,0,0,3,625.0,541.0,879.4,84.0,1.6,13.0,0.0,1029.5
2025-04-10 16:00:00+00:00,15.1,55,6.0,0,0,0,0,472.0,378.0,749.5,94.0,1.3,10.4,0.0,1028.9
2025-04-10 17:00:00+00:00,15.0,55,6.0,0,0,0,0,332.0,264.0,720.0,68.0,1.7,7.9,0.0,1028.4
2025-04-10 18:00:00+00:00,14.3,56,5.6,0,0,0,0,165.0,115.0,543.4,50.0,0.5,2.5,0.0,1027.9
2025-04-10 19:00:00+00:00,11.5,68,5.7,0,0,0,0,31.0,17.0,208.5,14.0,4.6,6.5,0.0,1027.9
2025-04-10 20:00:00+00:00,8.7,79,5.2,0,0,0,0,0.0,0.0,0.0,0.0,6.5,9.7,0.0,1027.9
2025-04-10 21:00:00+00:00,7.7,83,4.9,0,0,0,0,0.0,0.0,0.0,0.0,6.4,9.4,0.0,1027.8
2025-04-10 22:00:00+00:00,6.3,88,4.4,0,0,0,0,0.0,0.0,0.0,0.0,6.1,7.9,0.0,1027.6
2025-04-10 23:00:00+00:00,6.2,88,4.4,0,0,0,0,0.0,0.0,0.0,0.0,6.1,6.8,0.0,1027.5
2025-04-11 00:00:00+00:00,6.0,89,4.3,0,0,0,0,0.0,0.0,0.0,0.0,6.7,6.5,0.0,1027.0
2025-04-11 01:00:00+00:00,5.5,91,4.1,0,0,0,0,0.0,0.0,0.0,0.0,7.4,6.5,0.0,1026.6
2025-04-11 02:00:00+00:00,4.9,92,3.8,0,0,0,0,0.0,0.0,0.0,0.0,7.2,6.1,0.0,1026.0
2025-04-11 03:00:00+00:00,4.7,93,3.6,0,0,0,0,0.0,0.0,0.0,0.0,7.5,5.8,0.0,1025.5
2025-04-11 04:00:00+00:00,4.2,94,3.3,0,0,0,0,0.0,0.0,0.0,0.0,7.3,5.4,0.0,1025.2
2025-04-11 05:00:00+00:00,3.8,94,2.8,3,3,0,0,0.0,0.0,0.0,0.0,7.1,5.4,0.0,1025.3
2025-04-11 06:00:00+00:00,3.1,96,2.5,3,3,0,0,15.0,7.0,110.2,8.0,4.4,5.4,0.0,1025.0
2025-04-11 07:00:00+00:00,6.4,93,5.4,0,0,0,0,133.0,90.0,510.3,43.0,4.8,10.4,0.0,1024.8
2025-04-11 08:00:00+00:00,10.2,84,7.5,0,0,0,0,298.0,232.0,693.9,66.0,2.3,10.4,0.0,1024.5
2025-04-11 09:00:00+00:00,13.1,70,7.8,0,0,0,0,461.0,385.0,806.7,76.0,2.6,11.5,0.0,1024.0
2025-04-11 10:00:00+00:00,15.7,59,7.7,0,0,0,0,601.0,516.0,866.5,85.0,2.9,13.0,0.0,1023.3
2025-04-11 11:00:00+00:00,17.2,52,7.3,0,0,0,0,706.0,617.0,906.2,89.0,2.4,13.3,0.0,1022.6
2025-04-11 12:00:00+00:00,18.3,48,7.0,0,0,0,0,760.0,666.0,915.2,94.0,1.9,13.3,0.0,1022.0
2025-04-11 13:00:00+00:00,18.9,46,6.9,0,0,0,0,762.0,664.0,906.1,98.0,1.6,14.4,0.0,1021.3
2025-04-11 14:00:00+00:00,19.4,44,6.8,0,0,0,0,718.0,624.0,896.8,94.0,2.8,14.0,0.0,1020.4
2025-04-11 15:00:00+00:00,19.8,42,6.6,0,0,0,0,625.0,533.0,860.8,92.0,4.2,14.8,0.0,1019.7
2025-04-11 16:00:00+00:00,19.7,41,6.1,0,0,0,0,495.0,411.0,808.5,84.0,6.0,16.2,0.0,1018.9
2025-04-11 17:00:00+00:00,19.1,44,6.6,0,0,0,0,336.0,266.0,717.5,70.0,7.6,15.8,0.0,1018.2
2025-04-11 18:00:00+00:00,17.3,48,6.2,0,0,0,0,170.0,120.0,556.2,50.0,6.7,14.4,0.0,1017.8
2025-04-11 19:00:00+00:00,14.3,60,6.7,0,0,0,0,34.0,19.0,227.3,15.0,7.7,12.6,0.0,1017.4
2025-04-11 20:00:00+00:00,11.1,71,6.0,0,0,0,0,0.0,0.0,0.0,0.0,7.7,13.0,0.0,1017.1
2025-04-11 21:00:00+00:00,9.3,73,4.7,0,0,0,0,0.0,0.0,0.0,0.0,7.4,13.0,0.0,1016.9
2025-04-11 22:00:00+00:00,9.0,71,4.1,0,0,0,0,0.0,0.0,0.0,0.0,8.2,13.3,0.0,1016.3
2025-04-11 23:00:00+00:00,8.6,66,2.7,0,0,0,0,0.0,0.0,0.0,0.0,8.7,14.4,0.0,1015.7
2025-04-12 00:00:00+00:00,8.7,64,2.2,0,0,0,0,0.0,0.0,0.0,0.0,9.6,17.6,0.0,1015.1
2025-04-12 01:00:00+00:00,8.5,66,2.6,0,0,0,0,0.0,0.0,0.0,0.0,10.4,19.4,0.0,1014.2
2025-04-12 02:00:00+00:00,7.9,72,3.2,0,0,0,0,0.0,0.0,0.0,0.0,10.6,19.1,0.0,1013.3
2025-04-12 03:00:00+00:00,7.1,78,3.5,0,0,0,0,0.0,0.0,0.0,0.0,10.1,19.1,0.0,1012.5
2025-04-12 04:00:00+00:00,7.0,82,4.1,5,0,0,5,0.0,0.0,0.0,0.0,10.8,19.8,0.0,1011.5
2025-04-12 05:00:00+00:00,7.1,82,4.2,3,0,0,3,0.0,0.0,0.0,0.0,11.9,20.2,0.0,1010.7
2025-04-12 06:00:00+00:00,7.4,82,4.6,39,0,0,39,17.0,8.0,120.7,9.0,12.7,21.6,0.0,1010.0
2025-04-12 07:00:00+00:00,9.7,79,6.3,91,0,0,91,134.0,87.0,478.2,47.0,13.8,24.5,0.0,1009.5
2025-04-12 08:00:00+00:00,12.4,70,7.2,93,0,0,93,256.0,132.0,388.6,124.0,13.1,25.9,0.0,1008.8
2025-04-12 09:00:00+00:00,14.6,62,7.4,97,0,0,97,378.0,222.0,460.2,156.0,13.3,27.7,0.0,1008.2
2025-04-12 10:00:00+00:00,16.3,55,7.3,100,0,2,100,539.0,347.0,578.0,192.0,11.6,30.2,0.0,1007.3
2025-04-12 11:00:00+00:00,17.6,52,7.5,100,0,8,100,649.0,462.0,673.9,187.0,12.4,31.3,0.0,1006.1
2025-04-12 12:00:00+00:00,18.7,48,7.4,100,0,29,100,703.0,481.0,657.0,222.0,12.4,30.6,0.0,1005.2
2025-04-12 13:00:00+00:00,19.0,46,7.2,100,0,52,100,661.0,370.0,502.0,291.0,11.5,27.7,0.0,1004.0
2025-04-12 14:00:00+00:00,18.6,48,7.3,98,0,70,98,512.0,184.0,262.9,328.0,10.3,25.2,0.0,1003.1
2025-04-12 15:00:00+00:00,17.6,51,7.4,98,0,97,98,329.0,142.0,227.9,187.0,10.1,23.4,0.0,1002.4
2025-04-12 16:00:00+00:00,16.8,53,7.0,100,0,100,95,257.0,80.0,156.2,177.0,9.8,21.6,0.0,1001.7
2025-04-12 17:00:00+00:00,16.1,53,6.4,99,0,99,69,177.0,53.0,141.4,124.0,8.1,16.9,0.0,1001.3
2025-04-12 18:00:00+00:00,15.2,57,6.8,84,0,79,34,73.0,11.0,50.0,62.0,6.4,14.8,0.0,1000.9
2025-04-12 19:00:00+00:00,14.0,63,7.0,78,1,69,34,22.0,4.0,46.7,18.0,6.9,11.5,0.0,1000.7
2025-04-12 20:00:00+00:00,12.7,70,7.4,67,1,59,36,0.0,0.0,0.0,0.0,10.3,17.3,0.0,1001.2
2025-04-12 21:00:00+00:00,12.4,72,7.5,61,0,54,15,0.0,0.0,0.0,0.0,10.1,16.2,0.1,1000.8
2025-04-12 22:00:00+00:00,12.2,77,8.2,70,0,70,0,0.0,0.0,0.0,0.0,9.2,16.6,0.0,1000.8
2025-04-12 23:00:00+00:00,11.5,82,8.5,81,3,81,0,0.0,0.0,0.0,0.0,9.8,15.8,0.1,1000.9
2025-04-13 00:00:00+00:00,11.6,80,8.2,61,4,61,0,0.0,0.0,0.0,0.0,11.7,19.8,0.1,1000.9
2025-04-13 01:00:00+00:00,11.1,81,7.9,27,6,26,0,0.0,0.0,0.0,0.0,12.1,22.3,0.0,1001.0
2025-04-13 02:00:00+00:00,10.5,83,7.7,35,11,33,0,0.0,0.0,0.0,0.0,11.8,24.5,0.0,1001.3
2025-04-13 03:00:00+00:00,9.6,87,7.5,35,14,32,0,0.0,0.0,0.0,0.0,12.5,24.8,0.0,1001.7
2025-04-13 04:00:00+00:00,9.2,88,7.3,25,21,14,0,0.0,0.0,0.0,0.0,12.6,23.8,0.0,1002.2
2025-04-13 05:00:00+00:00,8.4,89,6.7,23,23,7,0,0.0,0.0,0.0,0.0,12.3,20.5,0.0,1002.7
2025-04-13 06:00:00+00:00,8.0,91,6.7,31,31,2,0,18.0,8.0,115.9,10.0,13.0,20.5,0.0,1003.2
2025-04-13 07:00:00+00:00,9.3,90,7.8,79,79,2,0,114.0,61.0,325.4,53.0,18.6,34.9,0.0,1004.0
2025-04-13 08:00:00+00:00,10.5,84,7.9,89,89,11,0,202.0,99.0,287.0,103.0,17.6,34.6,0.0,1004.3
2025-04-13 09:00:00+00:00,11.8,78,8.1,94,94,29,5,286.0,117.0,240.0,169.0,17.2,33.8,0.0,1004.6
2025-04-13 10:00:00+00:00,12.3,74,7.8,94,80,25,72,335.0,135.0,223.1,200.0,14.4,33.8,0.1,1005.1
2025-04-13 11:00:00+00:00,13.2,71,8.1,78,48,37,53,441.0,195.0,282.6,246.0,14.2,37.8,0.3,1004.9
2025-04-13 12:00:00+00:00,14.0,68,8.3,60,8,56,10,566.0,404.0,548.5,162.0,16.0,39.2,0.3,1004.5
2025-04-13 13:00:00+00:00,14.2,67,8.0,67,17,50,37,570.0,353.0,476.3,217.0,18.4,40.3,0.4,1005.3
2025-04-13 14:00:00+00:00,14.0,67,8.0,98,10,61,97,439.0,267.0,379.3,172.0,18.2,38.9,0.2,1005.1
2025-04-13 15:00:00+00:00,12.7,74,8.2,99,13,96,99,387.0,210.0,334.9,177.0,17.6,37.1,0.6,1005.3
2025-04-13 16:00:00+00:00,11.1,82,8.2,100,19,100,100,206.0,31.0,60.1,175.0,17.8,33.5,0.8,1005.5
2025-04-13 17:00:00+00:00,10.9,84,8.3,100,42,100,99,119.0,4.0,10.6,115.0,16.0,25.9,0.6,1005.7
2025-04-13 18:00:00+00:00,10.8,81,7.6,96,19,83,91,69.0,0.0,0.0,69.0,14.9,24.8,0.3,1006.2
2025-04-13 19:00:00+00:00,9.9,84,7.3,94,21,29,90,27.0,7.0,79.9,20.0,13.0,23.0,0.0,1006.4
2025-04-13 20:00:00+00:00,8.6,88,6.8,73,14,6,67,0.0,0.0,0.0,0.0,11.3,19.8,0.0,1007.4
2025-04-13 21:00:00+00:00,7.6,92,6.3,38,23,3,18,0.0,0.0,0.0,0.0,9.9,17.6,0.0,1007.2
2025-04-13 22:00:00+00:00,7.3,91,6.0,58,35,43,0,0.0,0.0,0.0,0.0,10.2,14.0,0.0,1007.4
2025-04-13 23:00:00+00:00,6.5,93,5.4,20,18,5,0,0.0,0.0,0.0,0.0,9.6,12.2,0.0,1007.6
2025-04-14 00:00:00+00:00,5.7,93,4.6,11,6,3,4,0.0,0.0,0.0,0.0,9.2,13.3,0.0,1007.7
2025-04-14 01:00:00+00:00,5.5,94,4.6,58,12,2,53,0.0,0.0,0.0,0.0,6.7,13.7,0.0,1007.5
2025-04-14 02:00:00+00:00,5.0,95,4.2,73,16,5,67,0.0,0.0,0.0,0.0,7.5,13.7,0.0,1007.2
2025-04-14 03:00:00+00:00,4.8,95,4.1,63,29,3,50,0.0,0.0,0.0,0.0,8.2,14.8,0.0,1007.3
2025-04-14 04:00:00+00:00,5.1,95,4.4,38,31,2,10,0.0,0.0,0.0,0.0,8.8,15.1,0.0,1007.1
2025-04-14 05:00:00+00:00,5.6,94,4.7,80,27,1,71,0.0,0.0,0.0,0.0,8.8,16.2,0.0,1006.9
2025-04-14 06:00:00+00:00,6.0,95,5.3,100,20,0,100,17.0,7.0,97.6,10.0,10.1,18.0,0.0,1006.9
2025-04-14 07:00:00+00:00,8.1,94,7.2,89,27,18,87,103.0,52.0,269.6,51.0,11.7,22.7,0.0,1006.6
2025-04-14 08:00:00+00:00,9.8,88,7.9,68,64,4,16,213.0,102.0,291.3,111.0,18.9,34.2,0.0,1006.4
2025-04-14 09:00:00+00:00,10.9,80,7.6,70,57,15,25,311.0,169.0,343.2,142.0,22.1,42.5,0.1,1006.0
2025-04-14 10:00:00+00:00,11.9,74,7.5,98,36,67,97,409.0,205.0,336.1,204.0,20.7,47.9,0.2,1005.7
2025-04-14 11:00:00+00:00,12.6,70,7.3,100,39,98,100,459.0,286.0,411.8,173.0,21.7,49.0,0.3,1005.6
2025-04-14 12:00:00+00:00,13.0,66,6.8,100,62,100,100,527.0,334.0,450.9,193.0,20.2,48.2,0.2,1005.1
2025-04-14 13:00:00+00:00,13.2,65,6.8,100,56,84,99,515.0,278.0,373.0,237.0,18.7,46.4,0.1,1004.5
2025-04-14 14:00:00+00:00,13.4,63,6.6,99,61,92,94,478.0,228.0,322.1,250.0,18.4,42.1,0.1,1003.7
2025-04-14 15:00:00+00:00,13.5,64,6.7,100,41,97,100,365.0,147.0,233.0,218.0,15.9,37.4,0.0,1003.2
2025-04-14 16:00:00+00:00,13.1,64,6.5,100,25,89,100,277.0,90.0,173.0,187.0,15.9,32.4,0.0,1002.3
2025-04-14 17:00:00+00:00,12.7,66,6.5,100,3,94,100,148.0,23.0,60.1,125.0,13.6,24.8,0.0,1001.7
2025-04-14 18:00:00+00:00,12.0,71,7.0,100,1,99,98,61.0,2.0,8.8,59.0,10.4,19.4,0.0,1001.1
2025-04-14 19:00:00+00:00,11.2,78,7.5,99,1,98,99,20.0,0.0,0.0,20.0,8.3,14.8,0.0,1000.9
2025-04-14 20:00:00+00:00,10.6,83,7.8,100,0,100,99,0.0,0.0,0.0,0.0,7.5,13.3,0.0,1000.8
2025-04-14 21:00:00+00:00,10.1,87,8.1,100,0,100,100,0.0,0.0,0.0,0.0,7.9,14.4,0.1,1000.5
2025-04-14 22:00:00+00:00,9.6,88,7.8,100,2,100,100,0.0,0.0,0.0,0.0,9.5,15.5,0.2,1000.1
2025-04-14 23:00:00+00:00,9.6,88,7.8,100,11,100,100,0.0,0.0,0.0,0.0,7.8,15.5,0.3,999.5
2025-04-15 00:00:00+00:00,9.5,89,7.7,100,15,100,100,0.0,0.0,0.0,0.0,7.2,16.2,0.3,999.0
2025-04-15 01:00:00+00:00,9.4,91,8.1,100,92,99,100,0.0,0.0,0.0,0.0,8.1,17.3,0.3,998.3
2025-04-15 02:00:00+00:00,9.5,93,8.3,100,100,95,100,0.0,0.0,0.0,0.0,8.6,13.7,0.2,997.5
2025-04-15 03:00:00+00:00,9.2,94,8.3,100,98,96,100,0.0,0.0,0.0,0.0,8.3,12.2,0.1,996.8
2025-04-15 04:00:00+00:00,9.0,95,8.3,100,98,97,100,0.0,0.0,0.0,0.0,7.4,11.5,0.0,996.1
2025-04-15 05:00:00+00:00,9.1,95,8.4,100,99,93,99,0.0,0.0,0.0,0.0,7.1,10.8,0.0,995.9
2025-04-15 06:00:00+00:00,9.2,95,8.5,97,24,52,94,8.0,0.0,0.0,8.0,8.6,12.2,0.0,995.5
2025-04-15 07:00:00+00:00,9.9,95,9.2,66,1,9,66,80.0,9.0,45.4,71.0,9.1,16.9,0.0,995.4
2025-04-15 08:00:00+00:00,11.2,90,9.7,10,0,0,10,262.0,158.0,444.7,104.0,9.2,20.9,0.0,995.2
2025-04-15 09:00:00+00:00,12.3,86,10.0,50,50,0,1,409.0,266.0,534.9,143.0,11.9,26.6,0.0,995.0
2025-04-15 10:00:00+00:00,13.2,82,10.1,85,76,20,33,544.0,384.0,624.9,160.0,11.7,28.8,0.0,994.8
2025-04-15 11:00:00+00:00,13.9,78,10.1,99,98,15,43,571.0,355.0,507.9,216.0,14.3,31.3,0.0,994.7
2025-04-15 12:00:00+00:00,14.5,76,10.3,85,75,14,45,482.0,225.0,302.0,257.0,16.6,32.8,0.1,994.4
2025-04-15 13:00:00+00:00,15.4,74,10.8,99,87,56,90,559.0,371.0,495.1,188.0,17.6,39.6,0.0,994.2
2025-04-15 14:00:00+00:00,14.5,79,11.0,100,72,58,99,364.0,178.0,250.1,186.0,18.7,38.9,0.4,994.2
2025-04-15 15:00:00+00:00,14.3,84,11.5,100,77,47,100,400.0,202.0,318.2,198.0,19.5,39.6,0.5,994.1
2025-04-15 16:00:00+00:00,13.5,89,11.8,98,29,29,97,332.0,186.0,355.0,146.0,16.4,38.2,0.7,993.9
2025-04-15 17:00:00+00:00,13.8,87,11.7,89,37,32,80,256.0,169.0,437.3,87.0,15.9,35.6,0.0,993.7
2025-04-15 18:00:00+00:00,13.6,81,10.4,90,78,51,47,100.0,48.0,206.9,52.0,17.2,34.2,0.1,993.8
2025-04-15 19:00:00+00:00,13.1,78,9.4,66,42,49,28,23.0,6.0,65.5,17.0,17.8,34.2,0.0,993.9
2025-04-15 20:00:00+00:00,12.0,82,9.0,45,43,13,0,0.0,0.0,0.0,0.0,19.0,36.4,0.0,994.4
2025-04-15 21:00:00+00:00,10.3,89,8.5,99,99,0,0,0.0,0.0,0.0,0.0,22.5,42.1,0.0,994.7
2025-04-15 22:00:00+00:00,9.2,86,7.0,60,60,0,0,0.0,0.0,0.0,0.0,25.3,47.5,0.0,995.1
2025-04-15 23:00:00+00:00,8.7,81,5.6,100,100,0,0,0.0,0.0,0.0,0.0,28.0,50.8,0.0,995.3
2025-04-16 00:00:00+00:00,8.3,77,4.5,100,100,0,0,0.0,0.0,0.0,0.0,31.1,55.1,0.0,995.4
2025-04-16 01:00:00+00:00,8.1,76,4.2,100,100,0,0,0.0,0.0,0.0,0.0,30.2,56.5,0.0,995.3
2025-04-16 02:00:00+00:00,7.8,78,4.2,100,100,0,0,0.0,0.0,0.0,0.0,35.6,62.3,0.0,995.7
2025-04-16 03:00:00+00:00,7.3,80,4.1,98,98,0,0,0.0,0.0,0.0,0.0,35.7,63.0,0.0,996.5
2025-04-16 04:00:00+00:00,6.8,83,4.1,99,99,13,0,0.0,0.0,0.0,0.0,34.2,64.1,0.0,998.3
2025-04-16 05:00:00+00:00,6.6,82,3.7,82,80,26,0,0.0,0.0,0.0,0.0,32.3,63.4,0.1,1000.0
2025-04-16 06:00:00+00:00,6.8,78,3.3,44,16,34,0,14.0,4.0,51.9,10.0,28.2,58.0,0.1,1001.0
2025-04-16 07:00:00+00:00,8.0,74,3.6,3,3,0,0,137.0,77.0,378.6,60.0,25.0,46.4,0.0,1001.4
2025-04-16 08:00:00+00:00,9.7,67,3.8,17,17,1,0,318.0,244.0,677.2,74.0,29.0,55.1,0.0,1002.5
2025-04-16 09:00:00+00:00,10.9,62,3.8,24,22,9,0,423.0,313.0,623.4,110.0,29.9,57.2,0.0,1003.3
2025-04-16 10:00:00+00:00,11.4,62,4.5,29,11,26,0,537.0,407.0,657.4,130.0,25.8,58.3,0.0,1003.9
2025-04-16 11:00:00+00:00,12.2,58,4.1,10,8,4,0,639.0,505.0,718.0,134.0,27.3,63.0,0.0,1004.5
2025-04-16 12:00:00+00:00,13.4,50,3.3,17,16,2,0,768.0,637.0,850.4,131.0,27.8,61.9,0.0,1005.2
2025-04-16 13:00:00+00:00,13.6,49,3.1,15,14,3,0,733.0,591.0,784.6,142.0,27.8,60.8,0.0,1005.9
2025-04-16 14:00:00+00:00,13.1,51,3.1,25,11,21,0,670.0,533.0,744.9,137.0,27.2,55.4,0.7,1006.4
2025-04-16 15:00:00+00:00,13.1,51,3.1,37,10,36,0,594.0,453.0,709.4,141.0,26.9,55.1,0.1,1006.9
2025-04-16 16:00:00+00:00,12.7,55,3.9,22,15,18,0,437.0,304.0,576.1,133.0,24.0,46.4,0.1,1007.5
2025-04-16 17:00:00+00:00,12.1,60,4.5,10,9,4,0,312.0,220.0,563.6,92.0,19.8,39.6,0.0,1007.9
2025-04-16 18:00:00+00:00,11.3,63,4.6,6,3,6,0,186.0,132.0,559.5,54.0,15.1,30.6,0.0,1008.5
2025-04-16 19:00:00+00:00,10.0,70,4.8,6,3,3,2,47.0,28.0,299.2,19.0,10.8,19.1,0.0,1009.2
2025-04-16 20:00:00+00:00,8.9,78,5.2,3,1,2,1,0.0,0.0,0.0,0.0,8.8,14.8,0.0,1010.0
2025-04-16 21:00:00+00:00,7.6,83,4.9,8,7,3,0,0.0,0.0,0.0,0.0,7.0,12.2,0.0,1010.7
2025-04-16 22:00:00+00:00,5.9,89,4.1,17,16,0,0,0.0,0.0,0.0,0.0,6.2,11.5,0.0,1010.8
2025-04-16 23:00:00+00:00,5.0,91,3.6,36,10,7,29,0.0,0.0,0.0,0.0,8.0,11.5,0.0,1011.2
2025-04-17 00:00:00+00:00,6.6,88,4.8,13,0,5,11,0.0,0.0,0.0,0.0,3.8,7.6,0.0,1011.2
2025-04-17 01:00:00+00:00,6.1,91,4.8,0,0,0,0,0.0,0.0,0.0,0.0,4.0,4.0,0.0,1011.1
2025-04-17 02:00:00+00:00,5.1,94,4.2,1,1,0,0,0.0,0.0,0.0,0.0,5.0,2.2,0.0,1011.4
2025-04-17 03:00:00+00:00,2.5,98,2.2,42,42,0,0,0.0,0.0,0.0,0.0,6.0,6.8,0.0,1011.5
2025-04-17 04:00:00+00:00,2.0,98,1.6,44,44,0,0,0.0,0.0,0.0,0.0,6.1,9.4,0.0,1011.8
2025-04-17 05:00:00+00:00,1.6,98,1.3,42,42,0,0,0.0,0.0,0.0,0.0,5.0,9.7,0.0,1011.9
2025-04-17 06:00:00+00:00,3.2,96,2.6,43,43,0,0,24.0,8.0,100.6,16.0,8.2,11.2,0.0,1012.2
2025-04-17 07:00:00+00:00,5.3,98,5.0,3,3,1,0,151.0,91.0,436.4,60.0,7.6,16.6,0.0,1012.6
2025-04-17 08:00:00+00:00,9.2,86,7.0,5,5,1,0,316.0,230.0,629.7,86.0,7.1,17.6,0.0,1012.7
2025-04-17 09:00:00+00:00,12.4,65,6.0,12,12,1,0,461.0,354.0,698.5,107.0,7.3,19.4,0.0,1012.7
2025-04-17 10:00:00+00:00,13.9,58,5.6,34,1,34,0,609.0,514.0,824.3,95.0,6.8,22.7,0.2,1012.7
2025-04-17 11:00:00+00:00,14.5,52,4.7,30,19,24,0,623.0,503.0,710.9,120.0,9.7,28.4,0.0,1012.3
2025-04-17 12:00:00+00:00,14.8,50,4.6,35,10,33,0,593.0,420.0,557.7,173.0,12.8,31.3,0.0,1012.3
2025-04-17 13:00:00+00:00,15.2,49,4.7,32,11,30,0,641.0,450.0,594.4,191.0,13.7,32.8,0.0,1012.1
2025-04-17 14:00:00+00:00,15.0,50,4.6,24,5,23,0,609.0,453.0,629.8,156.0,13.5,32.0,0.0,1012.0
2025-04-17 15:00:00+00:00,15.0,51,4.8,8,1,7,0,581.0,450.0,700.6,131.0,13.6,31.0,0.0,1011.9
2025-04-17 16:00:00+00:00,14.5,53,5.1,6,3,4,0,458.0,350.0,658.6,108.0,14.3,29.5,0.0,1012.1
2025-04-17 17:00:00+00:00,13.9,56,5.3,12,9,3,3,318.0,230.0,583.6,88.0,14.0,25.6,0.0,1012.2
2025-04-17 18:00:00+00:00,12.7,59,5.0,16,6,3,12,151.0,93.0,387.7,58.0,11.4,16.6,0.0,1012.4
2025-04-17 19:00:00+00:00,10.7,71,5.6,24,6,9,16,45.0,25.0,261.7,20.0,7.1,12.6,0.0,1012.8
2025-04-17 20:00:00+00:00,9.3,77,5.5,31,2,10,22,0.0,0.0,0.0,0.0,7.2,12.6,0.0,1013.0
2025-04-17 21:00:00+00:00,8.2,81,5.2,86,2,21,81,0.0,0.0,0.0,0.0,8.6,14.8,0.0,1013.1
2025-04-17 22:00:00+00:00,7.5,84,4.9,64,9,52,47,0.0,0.0,0.0,0.0,6.9,14.4,0.0,1013.0
2025-04-17 23:00:00+00:00,7.0,86,4.7,85,8,69,71,0.0,0.0,0.0,0.0,8.2,13.3,0.0,1012.9
2025-04-18 00:00:00+00:00,7.3,84,4.9,49,6,45,10,0.0,0.0,0.0,0.0,8.4,14.4,0.0,1012.7
2025-04-18 01:00:00+00:00,7.4,85,5.1,60,9,55,17,0.0,0.0,0.0,0.0,8.8,15.1,0.0,1012.3
2025-04-18 02:00:00+00:00,7.7,84,5.2,63,14,50,28,0.0,0.0,0.0,0.0,10.8,16.9,0.0,1011.9
2025-04-18 03:00:00+00:00,7.9,83,5.2,79,12,72,31,0.0,0.0,0.0,0.0,11.6,20.5,0.0,1011.4
2025-04-18 04:00:00+00:00,8.2,82,5.3,90,9,88,8,0.0,0.0,0.0,0.0,12.9,23.4,0.0,1011.0
2025-04-18 05:00:00+00:00,8.9,80,5.7,99,5,95,78,0.0,0.0,0.0,0.0,14.8,24.8,0.0,1010.7
2025-04-18 06:00:00+00:00,9.6,81,6.6,100,5,95,100,15.0,4.0,48.7,11.0,16.7,26.6,0.0,1010.4
2025-04-18 07:00:00+00:00,10.5,82,7.6,100,7,91,100,63.0,9.0,42.1,54.0,18.8,34.9,0.0,1010.3
2025-04-18 08:00:00+00:00,11.3,78,7.6,100,5,91,99,152.0,32.0,86.5,120.0,20.3,41.4,0.0,1010.3
2025-04-18 09:00:00+00:00,11.9,70,6.6,100,10,98,99,246.0,49.0,95.8,197.0,23.3,48.6,0.0,1010.0
2025-04-18 10:00:00+00:00,12.1,67,6.2,100,10,93,100,297.0,33.0,52.6,264.0,26.2,52.6,0.1,1009.7
2025-04-18 11:00:00+00:00,11.8,72,6.9,100,37,93,99,302.0,52.0,73.1,250.0,26.3,49.3,0.9,1009.4
2025-04-18 12:00:00+00:00,11.8,77,7.9,100,74,86,98,273.0,64.0,84.5,209.0,25.7,44.3,0.9,1009.1
2025-04-18 13:00:00+00:00,11.6,80,8.3,98,94,87,74,169.0,33.0,43.4,136.0,25.1,41.4,0.8,1008.8
2025-04-18 14:00:00+00:00,11.5,83,8.7,100,100,100,80,135.0,9.0,12.4,126.0,21.6,41.4,1.1,1008.2
2025-04-18 15:00:00+00:00,11.3,84,8.7,100,100,96,82,110.0,6.0,9.3,104.0,19.1,38.5,0.7,1007.8
2025-04-18 16:00:00+00:00,11.2,85,8.8,100,100,76,76,68.0,8.0,15.0,60.0,19.1,36.4,0.5,1007.4
2025-04-18 17:00:00+00:00,11.1,85,8.8,100,100,76,64,33.0,0.0,0.0,33.0,19.0,35.3,0.6,1006.9
2025-04-18 18:00:00+00:00,11.2,86,8.9,100,100,95,82,20.0,0.0,0.0,20.0,17.9,34.2,0.5,1006.9
2025-04-18 19:00:00+00:00,11.2,86,8.9,100,100,100,100,5.0,0.0,0.0,5.0,17.4,31.7,0.4,1006.7
2025-04-18 20:00:00+00:00,11.1,87,9.0,100,100,100,100,0.0,0.0,0.0,0.0,17.8,32.4,0.5,1006.7
2025-04-18 21:00:00+00:00,11.2,86,8.9,100,100,100,99,0.0,0.0,0.0,0.0,18.1,33.5,0.5,1006.4
2025-04-18 22:00:00+00:00,11.4,83,8.7,100,97,100,99,0.0,0.0,0.0,0.0,16.8,36.0,0.5,1005.9
2025-04-18 23:00:00+00:00,11.7,82,8.7,100,60,98,97,0.0,0.0,0.0,0.0,18.4,40.7,0.4,1005.4
2025-04-19 00:00:00+00:00,11.6,81,8.4,100,98,99,97,0.0,0.0,0.0,0.0,21.5,44.3,0.4,1005.2
2025-04-19 01:00:00+00:00,11.7,77,7.8,100,61,98,93,0.0,0.0,0.0,0.0,22.9,47.5,0.2,1004.8
2025-04-19 02:00:00+00:00,11.3,77,7.4,100,70,100,98,0.0,0.0,0.0,0.0,23.1,46.4,0.2,1004.6
2025-04-19 03:00:00+00:00,11.0,78,7.3,100,99,100,100,0.0,0.0,0.0,0.0,22.9,45.7,0.1,1004.8
2025-04-19 04:00:00+00:00,10.6,81,7.5,100,89,76,99,0.0,0.0,0.0,0.0,21.9,45.0,0.6,1004.7
2025-04-19 05:00:00+00:00,10.3,83,7.6,100,100,99,97,0.0,0.0,0.0,0.0,21.3,45.7,0.8,1004.6
2025-04-19 06:00:00+00:00,10.3,82,7.4,100,98,99,98,5.0,0.0,0.0,5.0,22.0,45.0,0.6,1005.2
2025-04-19 07:00:00+00:00,10.4,81,7.2,100,100,99,98,28.0,0.0,0.0,28.0,22.0,41.0,0.6,1005.6
2025-04-19 08:00:00+00:00,10.7,79,7.3,100,100,100,95,79.0,0.0,0.0,79.0,21.8,40.3,0.6,1006.0
2025-04-19 09:00:00+00:00,10.9,80,7.6,100,100,99,51,99.0,0.0,0.0,99.0,21.0,39.6,0.5,1006.3
2025-04-19 10:00:00+00:00,11.7,79,8.2,93,66,88,26,164.0,11.0,17.4,153.0,19.5,38.5,0.1,1006.6
2025-04-19 11:00:00+00:00,13.1,70,7.8,72,39,59,23,233.0,87.0,121.5,146.0,21.2,38.5,0.0,1006.5
2025-04-19 12:00:00+00:00,14.8,59,6.8,67,25,44,32,424.0,227.0,298.3,197.0,21.2,44.6,0.0,1006.3
2025-04-19 13:00:00+00:00,16.0,54,6.6,36,11,27,13,468.0,266.0,347.9,202.0,21.4,41.8,0.0,1006.1
2025-04-19 14:00:00+00:00,16.8,50,6.4,52,6,8,48,580.0,388.0,533.9,192.0,21.2,41.8,0.0,1005.8
2025-04-19 15:00:00+00:00,16.7,50,6.3,87,4,2,86,526.0,371.0,571.1,155.0,20.4,40.7,0.0,1005.7
2025-04-19 16:00:00+00:00,16.2,51,6.1,95,2,3,95,435.0,323.0,599.5,112.0,19.6,40.0,0.0,1005.8
2025-04-19 17:00:00+00:00,15.3,53,5.8,78,1,1,78,290.0,187.0,465.6,103.0,18.7,37.4,0.0,1006.0
2025-04-19 18:00:00+00:00,14.2,55,5.3,75,0,1,75,168.0,106.0,428.0,62.0,18.0,37.4,0.0,1006.3
2025-04-19 19:00:00+00:00,12.6,59,4.8,96,0,0,96,49.0,21.0,211.3,28.0,17.8,32.4,0.0,1006.5
2025-04-19 20:00:00+00:00,11.4,60,3.8,100,0,0,100,0.0,0.0,0.0,0.0,18.8,34.2,0.0,1006.9
2025-04-19 21:00:00+00:00,10.2,61,3.1,99,1,0,99,0.0,0.0,0.0,0.0,19.5,35.3,0.0,1007.2
2025-04-19 22:00:00+00:00,9.6,64,3.1,100,2,0,100,0.0,0.0,0.0,0.0,18.2,34.9,0.0,1007.1
2025-04-19 23:00:00+00:00,8.7,69,3.2,98,2,0,98,0.0,0.0,0.0,0.0,19.0,36.0,0.0,1007.3
2025-04-20 00:00:00+00:00,8.0,71,3.1,88,2,5,88,0.0,0.0,0.0,0.0,20.0,36.0,0.0,1007.3
2025-04-20 01:00:00+00:00,7.4,75,3.2,68,3,12,57,0.0,0.0,0.0,0.0,20.0,35.3,0.0,1007.1
2025-04-20 02:00:00+00:00,6.8,77,3.1,43,8,31,9,0.0,0.0,0.0,0.0,20.6,36.0,0.0,1006.9
2025-04-20 03:00:00+00:00,6.3,79,3.0,53,15,47,0,0.0,0.0,0.0,0.0,20.2,36.4,0.0,1006.8
2025-04-20 04:00:00+00:00,5.9,81,3.0,52,18,46,4,0.0,0.0,0.0,0.0,19.5,35.6,0.0,1006.6
2025-04-20 05:00:00+00:00,6.0,81,3.1,78,38,41,34,0.0,0.0,0.0,0.0,19.1,35.3,0.0,1006.7
2025-04-20 06:00:00+00:00,6.1,82,3.2,75,37,16,60,35.0,20.0,229.7,15.0,18.6,32.4,0.0,1006.8
2025-04-20 07:00:00+00:00,6.9,80,3.7,88,17,10,83,153.0,90.0,402.4,63.0,19.7,38.2,0.0,1006.9
2025-04-20 08:00:00+00:00,8.4,75,4.3,90,7,9,89,302.0,222.0,584.7,80.0,18.7,37.1,0.0,1007.1
2025-04-20 09:00:00+00:00,9.8,72,4.9,76,3,4,76,439.0,340.0,653.2,99.0,17.9,36.4,0.0,1006.8
2025-04-20 10:00:00+00:00,11.1,69,5.6,73,9,4,70,528.0,371.0,582.8,157.0,15.4,34.6,0.0,1006.8
2025-04-20 11:00:00+00:00,12.8,65,6.4,75,44,28,52,683.0,535.0,743.2,148.0,15.3,33.1,0.0,1006.5
2025-04-20 12:00:00+00:00,13.7,64,7.1,88,83,55,33,600.0,370.0,483.7,230.0,14.5,29.9,0.0,1006.4
2025-04-20 13:00:00+00:00,14.1,65,7.6,97,90,53,28,441.0,185.0,240.8,256.0,14.2,24.5,0.0,1006.3
2025-04-20 14:00:00+00:00,14.5,65,7.9,100,100,72,1,382.0,139.0,190.3,243.0,13.1,20.9,0.0,1006.3
2025-04-20 15:00:00+00:00,14.4,65,7.9,100,100,66,2,310.0,99.0,151.5,211.0,11.4,20.2,0.0,1006.1
2025-04-20 16:00:00+00:00,13.5,72,8.6,100,100,100,0,111.0,27.0,49.8,84.0,11.3,18.4,0.0,1006.1
2025-04-20 17:00:00+00:00,12.5,78,8.8,100,100,100,0,46.0,0.0,0.0,46.0,9.4,16.6,0.0,1006.2
2025-04-20 18:00:00+00:00,12.0,81,8.8,100,99,99,0,18.0,0.0,0.0,18.0,8.4,12.6,0.0,1006.4
2025-04-20 19:00:00+00:00,11.7,83,9.0,100,98,100,0,10.0,3.0,29.6,7.0,6.6,11.5,0.4,1006.8
2025-04-20 20:00:00+00:00,11.4,85,8.9,97,71,96,3,0.0,0.0,0.0,0.0,5.3,9.0,0.2,1007.2
2025-04-20 21:00:00+00:00,11.0,89,9.2,78,55,57,4,0.0,0.0,0.0,0.0,5.3,8.6,0.0,1007.1
2025-04-20 22:00:00+00:00,9.5,92,8.2,82,62,61,32,0.0,0.0,0.0,0.0,4.9,7.9,0.0,1007.3
2025-04-20 23:00:00+00:00,9.7,91,8.3,84,65,47,27,0.0,0.0,0.0,0.0,1.0,6.5,0.0,1007.4
2025-04-21 00:00:00+00:00,9.5,90,8.0,85,75,50,17,0.0,0.0,0.0,0.0,1.9,6.5,0.0,1007.3
2025-04-21 01:00:00+00:00,9.7,90,8.1,94,92,38,12,0.0,0.0,0.0,0.0,1.2,5.8,0.0,1007.4
2025-04-21 02:00:00+00:00,9.6,92,8.3,98,98,39,11,0.0,0.0,0.0,0.0,2.8,5.0,0.0,1007.5
2025-04-21 03:00:00+00:00,8.6,95,7.8,98,97,3,42,0.0,0.0,0.0,0.0,2.7,6.5,0.0,1007.5
2025-04-21 04:00:00+00:00,8.1,96,7.6,97,96,10,74,0.0,0.0,0.0,0.0,3.7,7.2,0.0,1007.6
2025-04-21 05:00:00+00:00,8.6,97,8.1,100,96,5,89,0.0,0.0,0.0,0.0,4.1,6.5,0.0,1007.7
2025-04-21 06:00:00+00:00,9.1,97,8.7,100,92,19,88,20.0,5.0,55.9,15.0,4.5,9.7,0.0,1007.9
2025-04-21 07:00:00+00:00,9.8,95,9.0,99,92,29,87,69.0,23.0,100.6,46.0,6.5,14.8,0.0,1008.4
2025-04-21 08:00:00+00:00,10.9,92,9.6,100,100,45,85,110.0,30.0,78.0,80.0,9.4,18.4,0.0,1008.8
2025-04-21 09:00:00+00:00,11.6,91,10.1,99,92,58,88,170.0,70.0,133.3,100.0,11.2,22.7,0.0,1009.3
2025-04-21 10:00:00+00:00,11.8,89,10.0,100,95,79,93,225.0,69.0,107.7,156.0,11.8,24.1,0.1,1009.7
2025-04-21 11:00:00+00:00,12.1,87,10.0,100,100,58,52,213.0,32.0,44.2,181.0,11.9,24.1,0.1,1010.0
2025-04-21 12:00:00+00:00,12.6,86,10.2,85,81,57,16,275.0,89.0,115.8,186.0,12.2,24.5,0.2,1010.3
2025-04-21 13:00:00+00:00,13.4,83,10.6,96,91,82,41,469.0,237.0,307.0,232.0,13.0,27.4,0.1,1010.6
2025-04-21 14:00:00+00:00,13.9,79,10.4,99,97,94,65,385.0,195.0,265.7,190.0,12.7,29.9,0.1,1010.9
2025-04-21 15:00:00+00:00,13.5,80,10.1,84,75,75,23,218.0,34.0,51.8,184.0,12.6,31.3,0.9,1011.2
2025-04-21 16:00:00+00:00,14.1,78,10.4,74,68,42,1,342.0,186.0,340.6,156.0,12.9,31.0,0.1,1011.3
2025-04-21 17:00:00+00:00,14.2,74,9.5,54,40,32,0,283.0,157.0,383.8,126.0,12.1,28.4,0.0,1011.5
2025-04-21 18:00:00+00:00,13.1,71,8.1,47,22,42,0,179.0,109.0,426.8,70.0,11.5,24.5,0.0,1012.2
2025-04-21 19:00:00+00:00,12.1,70,6.8,45,21,33,8,43.0,20.0,193.8,23.0,9.2,17.6,0.0,1012.7
2025-04-21 20:00:00+00:00,10.4,73,5.8,42,17,20,20,0.0,0.0,0.0,0.0,10.4,18.7,0.0,1013.6
2025-04-21 21:00:00+00:00,8.9,78,5.3,69,7,4,65,0.0,0.0,0.0,0.0,12.2,22.0,0.0,1014.3
2025-04-21 22:00:00+00:00,8.0,84,5.5,85,1,1,84,0.0,0.0,0.0,0.0,13.3,22.7,0.0,1014.8
2025-04-21 23:00:00+00:00,7.4,89,5.7,100,2,1,100,0.0,0.0,0.0,0.0,13.1,20.9,0.0,1015.3
2025-04-22 00:00:00+00:00,6.9,92,5.6,99,5,5,99,0.0,0.0,0.0,0.0,11.5,18.7,0.0,1015.5
2025-04-22 01:00:00+00:00,6.6,93,5.6,100,5,33,99,0.0,0.0,0.0,0.0,9.8,17.3,0.0,1015.7
2025-04-22 02:00:00+00:00,5.6,95,4.9,98,11,83,97,0.0,0.0,0.0,0.0,8.5,15.5,0.0,1015.9
2025-04-22 03:00:00+00:00,5.1,96,4.5,100,5,85,100,0.0,0.0,0.0,0.0,7.9,14.4,0.0,1016.0
2025-04-22 04:00:00+00:00,5.1,96,4.6,98,10,0,97,0.0,0.0,0.0,0.0,7.4,13.3,0.0,1016.0
2025-04-22 05:00:00+00:00,4.8,96,4.3,66,4,1,65,0.0,0.0,0.0,0.0,7.0,12.2,0.0,1016.3
2025-04-22 06:00:00+00:00,5.6,97,5.1,91,13,5,91,37.0,11.0,119.6,26.0,8.8,14.8,0.0,1016.9
2025-04-22 07:00:00+00:00,7.5,96,6.9,95,8,11,94,168.0,98.0,419.7,70.0,9.4,19.1,0.0,1017.5
2025-04-22 08:00:00+00:00,9.8,90,8.3,92,38,35,80,308.0,184.0,472.9,124.0,11.8,25.6,0.0,1018.0
2025-04-22 09:00:00+00:00,11.9,77,8.0,65,29,19,45,434.0,280.0,528.9,154.0,11.4,26.3,0.0,1018.0
2025-04-22 10:00:00+00:00,13.0,66,6.9,57,39,34,15,539.0,384.0,595.4,155.0,12.3,29.9,0.0,1018.0
2025-04-22 11:00:00+00:00,13.7,63,6.8,50,28,43,1,643.0,473.0,649.8,170.0,14.4,33.1,0.0,1017.9
2025-04-22 12:00:00+00:00,14.5,58,6.4,70,44,42,21,652.0,464.0,600.7,188.0,15.8,34.9,0.0,1017.6
2025-04-22 13:00:00+00:00,15.0,56,6.2,91,58,47,64,665.0,485.0,625.2,180.0,17.1,37.1,0.0,1017.6
2025-04-22 14:00:00+00:00,14.6,58,6.4,92,58,30,78,492.0,292.0,395.9,200.0,17.8,38.2,0.0,1017.5
2025-04-22 15:00:00+00:00,14.0,63,7.1,69,51,22,43,456.0,278.0,421.0,178.0,18.6,38.9,0.0,1017.2
2025-04-22 16:00:00+00:00,13.9,66,7.6,39,32,14,7,322.0,176.0,320.2,146.0,18.9,36.7,0.0,1016.8
2025-04-22 17:00:00+00:00,13.5,68,7.6,22,20,6,0,331.0,241.0,583.9,90.0,18.4,36.4,0.0,1016.6
2025-04-22 18:00:00+00:00,12.5,72,7.6,27,16,3,12,190.0,137.0,528.5,53.0,16.1,32.0,0.0,1016.2
2025-04-22 19:00:00+00:00,11.2,82,8.2,83,4,4,81,58.0,30.0,285.6,28.0,14.5,25.6,0.0,1016.1
2025-04-22 20:00:00+00:00,10.3,87,8.3,100,11,45,100,0.0,0.0,0.0,0.0,14.5,25.2,0.0,1016.0
2025-04-22 21:00:00+00:00,10.0,88,8.1,99,11,84,98,0.0,0.0,0.0,0.0,16.2,28.4,0.0,1015.2
2025-04-22 22:00:00+00:00,10.0,86,7.8,98,13,70,95,0.0,0.0,0.0,0.0,16.6,32.4,0.3,1014.7
2025-04-22 23:00:00+00:00,10.2,83,7.5,100,22,100,100,0.0,0.0,0.0,0.0,21.4,37.4,0.2,1013.5
2025-04-23 00:00:00+00:00,10.1,87,8.0,100,6,100,99,0.0,0.0,0.0,0.0,24.1,42.1,0.7,1011.4
2025-04-23 01:00:00+00:00,10.2,91,8.8,100,62,98,86,0.0,0.0,0.0,0.0,24.4,48.2,1.6,1010.6
2025-04-23 02:00:00+00:00,9.9,93,8.8,100,100,100,50,0.0,0.0,0.0,0.0,26.1,49.3,2.2,1009.0
2025-04-23 03:00:00+00:00,9.4,94,8.5,100,100,97,12,0.0,0.0,0.0,0.0,21.0,47.9,1.2,1007.6
2025-04-23 04:00:00+00:00,9.4,97,9.0,99,99,64,2,0.0,0.0,0.0,0.0,11.0,31.7,0.5,1007.0
2025-04-23 05:00:00+00:00,9.4,99,9.3,82,78,50,0,0.0,0.0,0.0,0.0,11.5,19.1,0.2,1007.0
2025-04-23 06:00:00+00:00,9.5,99,9.3,73,64,42,0,9.0,2.0,21.2,7.0,15.4,22.0,0.1,1007.4
2025-04-23 07:00:00+00:00,10.3,96,9.7,67,57,34,2,79.0,32.0,134.3,47.0,17.5,31.3,0.0,1007.9
2025-04-23 08:00:00+00:00,11.0,90,9.4,99,99,7,4,213.0,108.0,274.3,105.0,21.8,41.0,0.0,1008.6
2025-04-23 09:00:00+00:00,11.5,88,9.7,100,100,6,0,269.0,99.0,185.5,170.0,18.9,36.0,0.1,1009.2
2025-04-23 10:00:00+00:00,12.0,85,9.5,99,99,5,0,243.0,30.0,46.2,213.0,14.3,30.6,0.2,1010.1
2025-04-23 11:00:00+00:00,12.0,86,9.8,100,100,1,0,245.0,32.0,43.7,213.0,13.5,30.2,0.1,1010.8
2025-04-23 12:00:00+00:00,12.6,82,9.6,99,99,0,0,397.0,97.0,125.0,300.0,16.0,34.2,0.1,1011.4
2025-04-23 13:00:00+00:00,12.8,79,9.3,100,100,0,0,396.0,94.0,120.6,302.0,17.8,36.4,0.1,1012.2
2025-04-23 14:00:00+00:00,12.9,75,8.6,100,100,0,0,268.0,32.0,43.2,236.0,16.5,32.0,0.0,1012.9
2025-04-23 15:00:00+00:00,12.8,72,7.9,100,100,5,0,233.0,13.0,19.6,220.0,15.0,26.6,0.0,1013.6
2025-04-23 16:00:00+00:00,12.8,70,7.4,100,100,1,0,161.0,16.0,28.9,145.0,13.9,24.1,0.0,1014.2
2025-04-23 17:00:00+00:00,12.8,70,7.5,98,98,0,0,89.0,0.0,0.0,89.0,11.9,19.4,0.0,1014.8
2025-04-23 18:00:00+00:00,12.6,71,7.4,94,93,0,18,87.0,20.0,76.0,67.0,9.5,15.1,0.0,1015.6
2025-04-23 19:00:00+00:00,12.0,72,7.1,79,78,2,8,22.0,2.0,18.7,20.0,7.3,13.0,0.0,1016.2
2025-04-23 20:00:00+00:00,11.4,74,6.9,36,36,4,0,0.0,0.0,0.0,0.0,6.2,10.8,0.0,1017.3
2025-04-23 21:00:00+00:00,10.9,75,6.7,25,23,5,0,0.0,0.0,0.0,0.0,6.0,9.0,0.0,1018.0
2025-04-23 22:00:00+00:00,9.8,80,6.5,66,66,3,0,0.0,0.0,0.0,0.0,5.4,9.0,0.0,1018.6
2025-04-23 23:00:00+00:00,9.2,83,6.4,100,100,1,0,0.0,0.0,0.0,0.0,5.2,9.7,0.0,1019.3
2025-04-24 00:00:00+00:00,8.8,85,6.4,100,100,4,0,0.0,0.0,0.0,0.0,6.1,11.2,0.0,1019.5
2025-04-24 01:00:00+00:00,8.5,85,6.2,100,100,1,0,0.0,0.0,0.0,0.0,7.2,13.0,0.0,1019.5
2025-04-24 02:00:00+00:00,8.1,86,5.9,97,96,0,6,0.0,0.0,0.0,0.0,8.1,15.8,0.0,1019.6
2025-04-24 03:00:00+00:00,7.9,88,6.1,92,91,1,17,0.0,0.0,0.0,0.0,9.2,18.4,0.0,1020.0
2025-04-24 04:00:00+00:00,7.8,90,6.3,71,71,2,0,0.0,0.0,0.0,0.0,10.6,19.1,0.0,1020.2
2025-04-24 05:00:00+00:00,7.6,92,6.4,73,73,1,1,0.0,0.0,0.0,0.0,11.2,17.3,0.0,1020.9
2025-04-24 06:00:00+00:00,7.8,92,6.5,88,87,4,3,34.0,12.0,124.1,22.0,12.3,22.3,0.0,1021.6
2025-04-24 07:00:00+00:00,8.5,90,7.0,98,96,7,32,107.0,18.0,74.0,89.0,13.0,26.3,0.0,1021.9
2025-04-24 08:00:00+00:00,9.4,87,7.4,96,80,20,71,240.0,96.0,241.1,144.0,13.0,26.3,0.0,1022.2
2025-04-24 09:00:00+00:00,10.3,83,7.5,100,68,51,97,340.0,124.0,230.4,216.0,10.7,23.8,0.0,1022.4
2025-04-24 10:00:00+00:00,12.4,72,7.5,99,76,54,92,476.0,205.0,313.9,271.0,7.1,23.0,0.0,1022.8
2025-04-24 11:00:00+00:00,13.1,68,7.4,95,79,59,71,535.0,241.0,327.6,294.0,5.4,22.0,0.0,1022.8
2025-04-24 12:00:00+00:00,13.7,65,7.2,89,81,25,27,541.0,209.0,268.0,332.0,4.4,19.4,0.0,1023.0
2025-04-24 13:00:00+00:00,14.3,62,7.2,98,98,4,3,490.0,257.0,328.3,233.0,4.0,16.6,0.0,1022.8
2025-04-24 14:00:00+00:00,14.8,59,7.0,99,99,1,0,408.0,157.0,210.9,251.0,4.2,13.0,0.0,1022.6
2025-04-24 15:00:00+00:00,14.8,60,7.1,99,99,6,0,227.0,22.0,33.0,205.0,3.2,9.7,0.0,1022.3
2025-04-24 16:00:00+00:00,14.8,61,7.4,99,99,47,0,212.0,32.0,57.5,180.0,2.1,9.7,0.0,1022.2
2025-04-24 17:00:00+00:00,14.7,62,7.4,98,98,47,0,226.0,114.0,271.4,112.0,1.3,10.1,0.0,1022.0
2025-04-24 18:00:00+00:00,14.0,66,7.9,98,98,31,0,118.0,48.0,179.9,70.0,0.9,9.7,0.0,1022.0
2025-04-24 19:00:00+00:00,11.9,78,8.2,88,88,7,0,40.0,11.0,101.1,29.0,2.1,4.3,0.0,1022.3
2025-04-24 20:00:00+00:00,10.4,86,8.2,92,92,9,0,1.0,0.0,0.0,1.0,3.6,4.7,0.0,1022.5
2025-04-24 21:00:00+00:00,9.8,89,8.1,97,97,3,3,0.0,0.0,0.0,0.0,0.6,3.6,0.0,1022.8
2025-04-24 22:00:00+00:00,8.9,87,6.9,94,94,5,4,0.0,0.0,0.0,0.0,3.6,6.1,0.0,1022.8
2025-04-24 23:00:00+00:00,8.3,86,6.1,86,85,7,12,0.0,0.0,0.0,0.0,6.1,11.5,0.0,1022.8
2025-04-25 00:00:00+00:00,8.6,80,5.3,81,71,2,28,0.0,0.0,0.0,0.0,7.8,18.4,0.0,1022.9
2025-04-25 01:00:00+00:00,8.3,80,5.1,88,73,5,59,0.0,0.0,0.0,0.0,9.1,20.9,0.0,1023.0
2025-04-25 02:00:00+00:00,8.0,85,5.5,85,67,8,55,0.0,0.0,0.0,0.0,8.9,21.2,0.0,1022.9
2025-04-25 03:00:00+00:00,7.6,89,5.9,79,75,9,16,0.0,0.0,0.0,0.0,9.1,20.5,0.0,1022.7
2025-04-25 04:00:00+00:00,7.7,91,6.3,100,100,13,4,0.0,0.0,0.0,0.0,9.5,19.4,0.0,1022.6
2025-04-25 05:00:00+00:00,7.7,92,6.4,96,95,13,38,0.0,0.0,0.0,0.0,9.9,19.1,0.0,1022.8
2025-04-25 06:00:00+00:00,8.0,93,6.9,95,92,41,74,23.0,2.0,20.2,21.0,11.2,20.2,0.0,1022.8
2025-04-25 07:00:00+00:00,8.9,92,7.6,99,98,73,77,85.0,21.0,84.7,64.0,11.0,22.0,0.0,1023.0
2025-04-25 08:00:00+00:00,9.7,88,7.8,100,99,80,91,226.0,65.0,161.4,161.0,11.1,23.8,0.0,1023.2
2025-04-25 09:00:00+00:00,11.0,81,7.8,100,97,83,91,341.0,132.0,243.4,209.0,10.6,24.5,0.0,1023.0
2025-04-25 10:00:00+00:00,12.8,73,8.1,97,80,45,81,431.0,195.0,296.7,236.0,9.2,25.9,0.0,1023.0
2025-04-25 11:00:00+00:00,13.2,70,7.9,95,81,2,76,423.0,154.0,208.3,269.0,9.3,25.6,0.0,1022.7
2025-04-25 12:00:00+00:00,14.2,66,8.0,93,89,4,31,592.0,302.0,385.5,290.0,9.4,26.3,0.0,1022.4
2025-04-25 13:00:00+00:00,14.6,64,7.9,98,98,2,2,611.0,357.0,454.0,254.0,9.3,25.9,0.0,1022.1
2025-04-25 14:00:00+00:00,14.8,63,7.8,98,98,1,0,511.0,325.0,434.6,186.0,9.8,24.5,0.0,1021.7
2025-04-25 15:00:00+00:00,14.6,63,7.6,95,95,7,0,383.0,200.0,298.2,183.0,9.7,24.5,0.0,1021.4
2025-04-25 16:00:00+00:00,14.4,65,7.8,58,42,17,9,357.0,174.0,310.7,183.0,10.0,25.2,0.0,1021.3
2025-04-25 17:00:00+00:00,13.9,68,8.0,69,34,31,26,279.0,131.0,309.2,148.0,10.4,24.1,0.0,1021.0
2025-04-25 18:00:00+00:00,12.9,72,7.9,53,2,5,52,160.0,83.0,306.8,77.0,9.5,18.7,0.0,1020.9
2025-04-25 19:00:00+00:00,11.2,81,8.0,45,9,1,41,61.0,28.0,251.3,33.0,7.2,13.0,0.0,1020.9
2025-04-25 20:00:00+00:00,9.2,89,7.5,36,2,2,34,1.0,0.0,0.0,1.0,6.0,10.4,0.0,1021.6
2025-04-25 21:00:00+00:00,8.1,93,7.0,59,1,1,58,0.0,0.0,0.0,0.0,5.9,10.8,0.0,1021.5
2025-04-25 22:00:00+00:00,7.6,95,6.9,54,2,2,53,0.0,0.0,0.0,0.0,6.2,10.8,0.0,1021.7
2025-04-25 23:00:00+00:00,8.1,95,7.4,85,1,1,85,0.0,0.0,0.0,0.0,7.4,14.0,0.0,1021.8
2025-04-26 00:00:00+00:00,8.1,94,7.3,87,1,1,86,0.0,0.0,0.0,0.0,9.0,16.2,0.0,1021.5
2025-04-26 01:00:00+00:00,8.1,94,7.2,99,7,1,99,0.0,0.0,0.0,0.0,9.4,16.2,0.0,1021.4
2025-04-26 02:00:00+00:00,7.9,94,6.9,100,16,13,100,0.0,0.0,0.0,0.0,8.7,16.6,0.0,1021.3
2025-04-26 03:00:00+00:00,7.9,93,6.8,100,38,24,100,0.0,0.0,0.0,0.0,8.1,18.7,0.0,1021.0
2025-04-26 04:00:00+00:00,7.7,93,6.6,100,53,29,100,0.0,0.0,0.0,0.0,8.2,19.1,0.0,1020.8
2025-04-26 05:00:00+00:00,7.8,93,6.7,100,66,43,100,0.0,0.0,0.0,0.0,7.3,16.6,0.0,1021.1
2025-04-26 06:00:00+00:00,8.6,91,7.2,100,80,71,100,32.0,10.0,98.7,22.0,8.1,16.6,0.1,1021.5
2025-04-26 07:00:00+00:00,9.6,89,7.8,100,59,50,100,79.0,14.0,55.4,65.0,7.3,15.1,0.2,1021.9
2025-04-26 08:00:00+00:00,10.2,89,8.4,100,34,52,99,158.0,44.0,108.1,114.0,7.5,16.9,0.3,1022.3
2025-04-26 09:00:00+00:00,11.2,86,8.9,99,40,57,99,297.0,121.0,221.4,176.0,7.8,18.4,0.1,1022.6
2025-04-26 10:00:00+00:00,13.1,79,9.6,100,34,71,100,361.0,100.0,151.3,261.0,5.8,18.0,0.3,1022.5
2025-04-26 11:00:00+00:00,14.1,75,9.6,99,42,55,99,277.0,42.0,56.5,235.0,4.2,14.4,0.0,1022.3
2025-04-26 12:00:00+00:00,15.0,71,9.7,100,47,43,100,330.0,127.0,161.4,203.0,4.3,19.1,0.0,1022.3
2025-04-26 13:00:00+00:00,16.3,65,9.7,99,31,40,98,461.0,183.0,231.7,278.0,5.8,15.8,0.1,1022.2
2025-04-26 14:00:00+00:00,16.4,63,9.5,100,52,55,100,368.0,161.0,214.3,207.0,5.4,13.0,0.1,1022.4
2025-04-26 15:00:00+00:00,16.9,60,9.0,100,45,73,98,407.0,144.0,213.6,263.0,4.9,13.7,0.0,1022.5
2025-04-26 16:00:00+00:00,16.9,58,8.5,99,47,73,97,322.0,104.0,184.6,218.0,5.6,11.5,0.1,1022.7
2025-04-26 17:00:00+00:00,16.5,60,8.6,100,54,81,93,168.0,37.0,86.6,131.0,6.7,8.6,0.0,1022.8
2025-04-26 18:00:00+00:00,15.6,63,8.5,89,52,68,36,106.0,22.0,80.2,84.0,6.0,8.3,0.0,1023.2
2025-04-26 19:00:00+00:00,14.6,71,9.3,86,66,69,10,42.0,18.0,156.0,24.0,6.9,9.0,0.0,1023.5
2025-04-26 20:00:00+00:00,13.1,77,9.1,66,15,40,37,1.0,0.0,0.0,1.0,6.4,9.4,0.0,1024.2
2025-04-26 21:00:00+00:00,12.4,80,9.0,60,15,2,51,0.0,0.0,0.0,0.0,5.1,8.3,0.0,1024.4
2025-04-26 22:00:00+00:00,11.6,83,8.8,72,18,4,67,0.0,0.0,0.0,0.0,4.8,7.2,0.0,1024.7
2025-04-26 23:00:00+00:00,10.6,87,8.5,76,22,1,72,0.0,0.0,0.0,0.0,5.2,7.6,0.0,1024.8
2025-04-27 00:00:00+00:00,9.7,89,8.0,74,16,7,67,0.0,0.0,0.0,0.0,4.4,7.9,0.0,1024.8
2025-04-27 01:00:00+00:00,8.8,92,7.6,39,20,1,25,0.0,0.0,0.0,0.0,4.1,8.3,0.0,1025.0
2025-04-27 02:00:00+00:00,8.3,94,7.3,11,10,0,2,0.0,0.0,0.0,0.0,4.2,8.3,0.0,1024.8
2025-04-27 03:00:00+00:00,7.2,96,6.6,40,40,0,0,0.0,0.0,0.0,0.0,5.4,9.0,0.0,1024.8
2025-04-27 04:00:00+00:00,6.6,96,6.1,40,40,0,0,0.0,0.0,0.0,0.0,5.2,8.6,0.0,1025.1
2025-04-27 05:00:00+00:00,6.6,97,6.1,42,42,0,0,0.0,0.0,0.0,0.0,3.7,7.6,0.0,1025.3
2025-04-27 06:00:00+00:00,7.5,97,7.1,44,44,1,0,58.0,33.0,318.6,25.0,5.8,10.4,0.0,1025.8
2025-04-27 07:00:00+00:00,9.9,94,9.1,49,42,0,9,170.0,80.0,311.2,90.0,4.9,13.7,0.0,1026.2
2025-04-27 08:00:00+00:00,12.5,86,10.2,31,3,0,29,316.0,182.0,442.3,134.0,3.2,13.0,0.0,1026.5
2025-04-27 09:00:00+00:00,14.6,75,10.2,17,0,0,17,428.0,271.0,492.2,157.0,2.2,11.5,0.0,1026.6
2025-04-27 10:00:00+00:00,16.6,67,10.4,0,0,0,0,648.0,536.0,806.1,112.0,4.1,15.8,0.0,1026.6
2025-04-27 11:00:00+00:00,17.7,60,9.8,7,1,0,6,752.0,646.0,865.1,106.0,5.7,19.8,0.0,1026.4
2025-04-27 12:00:00+00:00,18.5,55,9.2,39,7,0,32,730.0,569.0,719.9,161.0,7.1,22.3,0.0,1026.3
2025-04-27 13:00:00+00:00,18.5,55,9.3,73,42,4,48,631.0,414.0,522.0,217.0,9.0,23.4,0.0,1026.2
2025-04-27 14:00:00+00:00,18.8,53,9.0,94,63,32,52,538.0,280.0,371.1,258.0,10.3,23.8,0.0,1026.3
2025-04-27 15:00:00+00:00,18.8,53,9.2,78,43,11,59,505.0,272.0,401.6,233.0,10.3,24.5,0.0,1026.1
2025-04-27 16:00:00+00:00,18.6,55,9.4,90,35,0,80,445.0,300.0,529.2,145.0,10.8,25.2,0.0,1025.9
2025-04-27 17:00:00+00:00,18.2,57,9.5,84,1,0,84,326.0,186.0,431.9,140.0,12.6,25.2,0.0,1025.9
2025-04-27 18:00:00+00:00,17.0,59,9.0,53,0,0,53,211.0,139.0,500.0,72.0,12.5,20.9,0.0,1026.1
2025-04-27 19:00:00+00:00,15.3,65,8.8,8,0,0,8,76.0,44.0,368.9,32.0,10.5,18.0,0.0,1026.4
2025-04-27 20:00:00+00:00,13.3,74,8.8,0,0,0,0,2.0,1.0,19.1,1.0,9.1,14.4,0.0,1026.8
2025-04-27 21:00:00+00:00,11.6,79,8.1,2,0,0,2,0.0,0.0,0.0,0.0,7.7,12.2,0.0,1027.1
2025-04-27 22:00:00+00:00,10.3,83,7.6,27,0,0,27,0.0,0.0,0.0,0.0,7.6,11.5,0.0,1027.2
2025-04-27 23:00:00+00:00,8.8,87,6.7,36,0,0,36,0.0,0.0,0.0,0.0,7.4,11.9,0.0,1027.3
2025-04-28 00:00:00+00:00,9.0,88,7.1,60,0,0,60,0.0,0.0,0.0,0.0,8.0,7.9,0.0,1027.2
2025-04-28 01:00:00+00:00,9.0,89,7.4,88,0,0,88,0.0,0.0,0.0,0.0,5.6,3.6,0.0,1027.1
2025-04-28 02:00:00+00:00,8.7,90,7.2,97,0,0,97,0.0,0.0,0.0,0.0,3.9,1.8,0.0,1026.8
2025-04-28 03:00:00+00:00,7.2,96,6.6,98,0,0,98,0.0,0.0,0.0,0.0,2.9,3.6,0.0,1026.5
2025-04-28 04:00:00+00:00,5.5,97,5.0,96,2,0,96,0.0,0.0,0.0,0.0,2.4,5.8,0.0,1026.6
2025-04-28 05:00:00+00:00,5.3,97,4.8,100,100,0,93,1.0,0.0,0.0,1.0,3.2,6.1,0.0,1026.6
2025-04-28 06:00:00+00:00,6.9,95,6.2,100,100,0,78,48.0,11.0,104.0,37.0,4.8,10.1,0.0,1026.9
2025-04-28 07:00:00+00:00,10.1,92,8.9,97,60,0,90,182.0,98.0,374.7,84.0,3.6,11.5,0.0,1027.3
2025-04-28 08:00:00+00:00,13.1,84,10.5,91,5,0,90,326.0,191.0,459.4,135.0,2.9,11.5,0.0,1027.6
2025-04-28 09:00:00+00:00,16.0,66,9.5,89,0,0,89,482.0,313.0,564.4,169.0,4.2,13.7,0.0,1027.5
2025-04-28 10:00:00+00:00,18.0,55,8.7,92,0,0,92,640.0,480.0,717.8,160.0,3.0,17.3,0.0,1027.4
2025-04-28 11:00:00+00:00,19.0,50,8.4,93,0,0,93,751.0,598.0,797.1,153.0,4.4,19.8,0.0,1027.1
2025-04-28 12:00:00+00:00,19.6,47,8.1,90,0,0,90,818.0,689.0,868.0,129.0,5.1,20.9,0.0,1026.8
2025-04-28 13:00:00+00:00,20.0,46,7.9,76,0,0,76,825.0,710.0,891.6,115.0,6.1,21.6,0.0,1026.8
2025-04-28 14:00:00+00:00,20.2,44,7.7,38,0,0,38,770.0,651.0,859.2,119.0,7.0,20.9,0.0,1026.4
2025-04-28 15:00:00+00:00,20.4,44,7.8,4,0,0,4,684.0,576.0,846.4,108.0,6.9,19.4,0.0,1026.1
2025-04-28 16:00:00+00:00,20.2,44,7.4,0,0,0,0,560.0,470.0,824.3,90.0,6.9,17.3,0.0,1025.8
2025-04-28 17:00:00+00:00,19.9,44,7.4,0,0,0,0,399.0,321.0,739.4,78.0,7.3,15.5,0.0,1025.5
2025-04-28 18:00:00+00:00,18.8,48,7.7,0,0,0,0,235.0,174.0,617.9,61.0,5.7,10.1,0.0,1025.4
2025-04-28 19:00:00+00:00,16.1,59,8.1,0,0,0,0,82.0,50.0,406.1,32.0,8.4,11.5,0.0,1025.5
2025-04-28 20:00:00+00:00,14.6,60,6.9,0,0,0,0,3.0,1.0,19.1,2.0,8.5,10.4,0.0,1025.9
2025-04-28 21:00:00+00:00,12.0,70,6.6,0,0,0,0,0.0,0.0,0.0,0.0,9.0,11.9,0.0,1026.2
2025-04-28 22:00:00+00:00,10.8,75,6.6,0,0,0,0,0.0,0.0,0.0,0.0,8.8,13.3,0.0,1026.3
2025-04-28 23:00:00+00:00,10.8,72,6.0,0,0,0,0,0.0,0.0,0.0,0.0,7.5,14.0,0.0,1026.5
2025-04-29 00:00:00+00:00,9.9,73,5.3,0,0,0,0,0.0,0.0,0.0,0.0,8.1,15.1,0.0,1026.4
2025-04-29 01:00:00+00:00,9.6,73,5.0,0,0,0,0,0.0,0.0,0.0,0.0,8.1,15.1,0.0,1026.1
2025-04-29 02:00:00+00:00,9.0,73,4.5,0,0,0,0,0.0,0.0,0.0,0.0,8.4,14.4,0.0,1025.9
2025-04-29 03:00:00+00:00,8.6,76,4.6,0,0,0,0,0.0,0.0,0.0,0.0,8.9,14.4,0.0,1025.8
2025-04-29 04:00:00+00:00,8.7,76,4.7,0,0,0,0,0.0,0.0,0.0,0.0,9.8,15.1,0.0,1025.8
2025-04-29 05:00:00+00:00,8.5,76,4.5,0,0,0,0,1.0,0.0,0.0,1.0,10.3,16.6,0.0,1026.0
2025-04-29 06:00:00+00:00,9.5,77,5.7,1,1,0,1,68.0,40.0,370.5,28.0,11.7,19.1,0.0,1026.2
2025-04-29 07:00:00+00:00,12.3,72,7.4,6,1,0,5,216.0,158.0,594.0,58.0,11.3,21.6,0.0,1026.3
2025-04-29 08:00:00+00:00,15.5,64,8.8,0,0,0,0,382.0,305.0,726.4,77.0,11.4,23.8,0.0,1026.3
2025-04-29 09:00:00+00:00,18.0,57,9.3,0,0,0,0,542.0,452.0,809.3,90.0,12.1,25.6,0.0,1026.1
2025-04-29 10:00:00+00:00,19.9,52,9.8,0,0,0,0,676.0,578.0,859.7,98.0,11.2,27.7,0.0,1026.0
2025-04-29 11:00:00+00:00,21.1,46,9.2,0,0,0,0,774.0,670.0,888.9,104.0,12.5,31.7,0.0,1025.7
2025-04-29 12:00:00+00:00,21.7,43,8.7,0,0,0,0,826.0,719.0,902.0,107.0,13.6,33.5,0.0,1025.2
2025-04-29 13:00:00+00:00,22.0,41,8.1,0,0,0,0,828.0,721.0,901.8,107.0,13.9,33.8,0.0,1024.9
2025-04-29 14:00:00+00:00,22.3,39,7.5,0,0,0,0,782.0,678.0,891.1,104.0,14.3,33.1,0.0,1024.5
2025-04-29 15:00:00+00:00,22.3,38,7.2,0,0,0,0,690.0,591.0,864.3,99.0,13.9,31.0,0.0,1024.0
2025-04-29 16:00:00+00:00,22.1,38,7.0,0,0,0,0,560.0,469.0,817.8,91.0,13.0,27.7,0.0,1023.5
2025-04-29 17:00:00+00:00,21.7,40,7.5,0,0,0,0,403.0,324.0,740.5,79.0,11.2,21.6,0.0,1023.0
2025-04-29 18:00:00+00:00,20.6,44,7.9,0,0,0,0,236.0,174.0,610.0,62.0,7.5,13.3,0.0,1023.0
2025-04-29 19:00:00+00:00,17.6,55,8.5,0,0,0,0,85.0,52.0,409.6,33.0,8.1,13.0,0.0,1022.9
2025-04-29 20:00:00+00:00,15.0,62,7.8,0,0,0,0,3.0,1.0,19.1,2.0,9.2,15.1,0.0,1023.6
2025-04-29 21:00:00+00:00,14.2,66,8.0,0,0,0,0,0.0,0.0,0.0,0.0,11.3,18.7,0.0,1023.8
2025-04-29 22:00:00+00:00,13.3,71,8.1,0,0,0,0,0.0,0.0,0.0,0.0,11.6,19.4,0.0,1023.9
2025-04-29 23:00:00+00:00,12.1,73,7.5,0,0,0,0,0.0,0.0,0.0,0.0,11.4,18.7,0.0,1024.0
2025-04-30 00:00:00+00:00,11.2,75,7.0,0,0,0,0,0.0,0.0,0.0,0.0,10.2,17.6,0.0,1023.8
2025-04-30 01:00:00+00:00,10.5,76,6.5,0,0,0,0,0.0,0.0,0.0,0.0,9.7,17.3,0.0,1023.7
2025-04-30 02:00:00+00:00,9.8,78,6.1,0,0,0,0,0.0,0.0,0.0,0.0,9.7,16.9,0.0,1023.6
2025-04-30 03:00:00+00:00,9.2,82,6.2,0,0,0,0,0.0,0.0,0.0,0.0,9.8,16.9,0.0,1023.4
2025-04-30 04:00:00+00:00,8.9,84,6.4,0,0,0,0,0.0,0.0,0.0,0.0,10.0,16.6,0.0,1023.2
2025-04-30 05:00:00+00:00,8.8,85,6.4,0,0,0,0,1.0,0.0,0.0,1.0,10.2,16.6,0.0,1023.2
2025-04-30 06:00:00+00:00,9.9,85,7.5,0,0,0,0,71.0,42.0,375.6,29.0,11.5,18.4,0.0,1023.0
2025-04-30 07:00:00+00:00,12.8,79,9.3,0,0,0,0,222.0,162.0,599.3,60.0,9.8,20.2,0.0,1023.1
2025-04-30 08:00:00+00:00,16.0,69,10.4,0,0,0,0,391.0,313.0,738.3,78.0,8.8,19.8,0.0,1023.0
2025-04-30 09:00:00+00:00,18.7,61,11.0,0,0,0,0,553.0,463.0,823.4,90.0,8.1,19.8,0.0,1022.9
2025-04-30 10:00:00+00:00,21.1,54,11.3,0,0,0,0,688.0,590.0,872.8,98.0,6.7,19.8,0.0,1023.0
2025-04-30 11:00:00+00:00,22.8,44,9.7,0,0,0,0,785.0,681.0,899.4,104.0,7.0,21.2,0.0,1022.6
2025-04-30 12:00:00+00:00,23.5,37,7.9,0,0,0,0,835.0,728.0,909.6,107.0,7.1,22.3,0.0,1022.2
2025-04-30 13:00:00+00:00,23.8,36,7.7,0,0,0,0,837.0,730.0,909.4,107.0,7.2,22.3,0.0,1021.8
2025-04-30 14:00:00+00:00,24.1,35,7.8,0,0,0,0,788.0,684.0,895.3,104.0,7.3,21.2,0.0,1021.2
2025-04-30 15:00:00+00:00,24.1,35,7.6,0,0,0,0,695.0,597.0,869.1,98.0,7.8,20.2,0.0,1020.5
2025-04-30 16:00:00+00:00,23.9,36,7.8,0,0,0,0,564.0,473.0,820.2,91.0,8.1,18.0,0.0,1020.0
2025-04-30 17:00:00+00:00,23.5,37,7.8,0,0,0,0,407.0,328.0,743.9,79.0,8.2,14.8,0.0,1019.7
2025-04-30 18:00:00+00:00,22.2,44,9.3,0,0,0,0,240.0,178.0,616.4,62.0,5.4,9.7,0.0,1019.4
2025-04-30 19:00:00+00:00,18.7,57,9.9,0,0,0,0,88.0,54.0,413.0,34.0,9.3,12.6,0.0,1019.5
2025-04-30 20:00:00+00:00,16.2,61,8.6,0,0,0,0,4.0,1.0,19.1,3.0,10.2,13.3,0.0,1019.8
2025-04-30 21:00:00+00:00,13.9,70,8.4,1,0,1,0,0.0,0.0,0.0,0.0,9.2,14.0,0.0,1019.9
2025-04-30 22:00:00+00:00,13.4,72,8.5,2,0,2,0,0.0,0.0,0.0,0.0,8.8,13.7,0.0,1019.8
2025-04-30 23:00:00+00:00,12.8,76,8.6,3,0,3,0,0.0,0.0,0.0,0.0,7.8,14.0,0.0,1020.0
2025-05-01 00:00:00+00:00,11.9,80,8.6,1,0,1,0,0.0,0.0,0.0,0.0,7.9,14.0,0.0,1019.7
2025-05-01 01:00:00+00:00,11.7,80,8.4,5,0,5,0,0.0,0.0,0.0,0.0,8.0,14.0,0.0,1019.5
2025-05-01 02:00:00+00:00,11.2,81,8.1,2,0,2,0,0.0,0.0,0.0,0.0,8.5,14.4,0.0,1019.1
2025-05-01 03:00:00+00:00,10.9,84,8.2,3,0,3,0,0.0,0.0,0.0,0.0,8.6,15.5,0.0,1018.9
2025-05-01 04:00:00+00:00,10.8,83,8.0,1,0,1,0,0.0,0.0,0.0,0.0,9.2,15.8,0.0,1018.5
2025-05-01 05:00:00+00:00,10.9,83,8.2,12,0,4,9,2.0,0.0,0.0,2.0,9.2,15.8,0.0,1018.3
2025-05-01 06:00:00+00:00,12.4,82,9.4,59,0,8,55,71.0,39.0,335.4,32.0,10.3,17.6,0.0,1018.2
2025-05-01 07:00:00+00:00,15.5,74,10.9,93,0,4,92,195.0,127.0,462.6,68.0,9.3,18.4,0.0,1017.9
2025-05-01 08:00:00+00:00,18.3,65,11.6,89,0,3,88,358.0,252.0,588.9,106.0,8.7,19.4,0.0,1017.8
2025-05-01 09:00:00+00:00,20.8,57,11.8,80,0,1,80,509.0,365.0,644.8,144.0,9.3,21.6,0.0,1017.6
2025-05-01 10:00:00+00:00,23.0,51,12.2,88,0,3,87,628.0,451.0,663.8,177.0,8.3,23.4,0.0,1017.3
2025-05-01 11:00:00+00:00,24.2,47,12.2,85,0,0,85,729.0,566.0,744.3,163.0,10.1,25.2,0.0,1016.7
2025-05-01 12:00:00+00:00,24.8,44,11.7,35,0,0,35,787.0,619.0,770.3,168.0,12.5,28.1,0.0,1016.4
2025-05-01 13:00:00+00:00,25.3,43,11.7,13,0,0,13,774.0,615.0,763.2,159.0,13.6,29.5,0.0,1016.0
2025-05-01 14:00:00+00:00,25.4,43,11.9,94,0,0,94,667.0,405.0,528.0,262.0,14.1,28.8,0.0,1015.4
2025-05-01 15:00:00+00:00,24.6,45,12.0,98,0,0,98,540.0,249.0,360.9,291.0,13.7,25.6,0.0,1015.2
2025-05-01 16:00:00+00:00,23.5,50,12.3,99,0,6,99,391.0,140.0,241.4,251.0,12.0,21.6,0.0,1014.9
2025-05-01 17:00:00+00:00,22.1,53,12.0,91,0,0,91,243.0,51.0,114.8,192.0,9.2,16.6,0.0,1014.8
2025-05-01 18:00:00+00:00,21.0,57,12.1,46,0,0,46,124.0,11.0,37.6,113.0,6.9,10.8,0.0,1014.5
2025-05-01 19:00:00+00:00,19.1,64,12.1,75,0,0,75,81.0,39.0,290.0,42.0,6.6,9.7,0.0,1014.6
2025-05-01 20:00:00+00:00,16.8,76,12.5,97,0,1,97,4.0,1.0,19.1,3.0,8.9,11.9,0.0,1014.8
2025-05-01 21:00:00+00:00,15.8,77,11.9,88,0,1,88,0.0,0.0,0.0,0.0,8.1,11.2,0.0,1015.1
2025-05-01 22:00:00+00:00,14.6,78,10.8,99,0,10,99,0.0,0.0,0.0,0.0,8.4,10.8,0.0,1015.3
2025-05-01 23:00:00+00:00,14.5,76,10.4,73,0,1,73,0.0,0.0,0.0,0.0,7.4,11.5,0.0,1015.2
2025-05-02 00:00:00+00:00,14.3,78,10.4,93,0,3,93,0.0,0.0,0.0,0.0,7.3,10.8,0.0,1015.5
2025-05-02 01:00:00+00:00,13.7,83,10.8,93,7,27,92,0.0,0.0,0.0,0.0,10.1,10.8,0.0,1015.6
2025-05-02 02:00:00+00:00,13.6,84,10.9,99,2,43,97,0.0,0.0,0.0,0.0,10.9,10.8,0.0,1015.6
2025-05-02 03:00:00+00:00,12.8,88,10.9,98,0,25,98,0.0,0.0,0.0,0.0,7.5,10.8,0.0,1015.1
2025-05-02 04:00:00+00:00,12.3,89,10.6,77,0,4,75,0.0,0.0,0.0,0.0,6.9,10.8,0.0,1015.0
2025-05-02 05:00:00+00:00,12.0,90,10.3,14,9,1,5,2.0,1.0,19.1,1.0,6.6,10.1,0.0,1015.2
2025-05-02 06:00:00+00:00,13.0,87,10.9,14,12,0,2,73.0,42.0,348.2,31.0,7.6,13.0,0.0,1015.3
2025-05-02 07:00:00+00:00,14.8,82,11.7,17,17,0,0,208.0,139.0,498.8,69.0,5.2,14.0,0.0,1015.9
2025-05-02 08:00:00+00:00,16.4,76,12.2,13,13,0,0,377.0,294.0,680.8,83.0,4.1,14.0,0.0,1016.4
2025-05-02 09:00:00+00:00,17.8,71,12.5,1,1,0,0,536.0,446.0,782.9,90.0,3.0,13.0,0.0,1016.6
2025-05-02 10:00:00+00:00,19.6,70,13.9,0,0,0,0,675.0,586.0,858.1,89.0,2.3,13.0,0.0,1016.3
2025-05-02 11:00:00+00:00,20.8,64,13.8,0,0,0,0,768.0,672.0,879.9,96.0,2.3,14.4,0.0,1015.9
2025-05-02 12:00:00+00:00,21.5,62,13.9,0,0,0,0,817.0,719.0,891.4,98.0,3.1,18.0,0.0,1015.6
2025-05-02 13:00:00+00:00,22.1,60,14.1,9,3,7,0,812.0,697.0,861.8,115.0,3.1,19.1,0.0,1015.3
2025-05-02 14:00:00+00:00,22.2,60,14.2,31,14,25,0,772.0,664.0,862.3,108.0,1.5,16.9,0.0,1014.7
2025-05-02 15:00:00+00:00,22.5,58,13.9,19,6,16,0,588.0,462.0,666.7,126.0,2.3,14.8,0.0,1014.6
2025-05-02 16:00:00+00:00,22.2,58,13.7,18,13,13,0,486.0,389.0,667.2,97.0,4.8,13.3,0.0,1014.6
2025-05-02 17:00:00+00:00,22.1,59,13.6,25,19,14,1,370.0,292.0,652.5,78.0,5.8,10.4,0.0,1014.4
2025-05-02 18:00:00+00:00,21.4,66,14.7,50,18,10,36,205.0,144.0,486.8,61.0,4.0,6.8,0.0,1014.0
2025-05-02 19:00:00+00:00,20.0,70,14.3,78,21,7,69,79.0,44.0,318.4,35.0,4.6,6.5,0.0,1014.2
2025-05-02 20:00:00+00:00,18.4,75,13.8,83,34,0,69,5.0,1.0,19.1,4.0,6.3,11.5,0.0,1014.3
2025-05-02 21:00:00+00:00,16.0,86,13.7,57,30,1,43,0.0,0.0,0.0,0.0,7.2,13.0,0.0,1014.7
2025-05-02 22:00:00+00:00,15.3,91,13.9,61,21,0,53,0.0,0.0,0.0,0.0,9.1,17.6,0.0,1014.7
2025-05-02 23:00:00+00:00,14.6,94,13.7,29,15,0,19,0.0,0.0,0.0,0.0,11.2,22.0,0.0,1015.2
2025-05-03 00:00:00+00:00,13.6,95,12.7,84,76,0,27,0.0,0.0,0.0,0.0,11.7,22.3,0.0,1015.1
2025-05-03 01:00:00+00:00,12.5,94,11.5,66,44,0,36,0.0,0.0,0.0,0.0,11.5,18.7,0.0,1015.0
2025-05-03 02:00:00+00:00,11.4,91,10.0,48,22,0,34,0.0,0.0,0.0,0.0,11.0,16.2,0.0,1014.7
2025-05-03 03:00:00+00:00,10.4,90,8.9,31,28,1,3,0.0,0.0,0.0,0.0,9.7,14.8,0.0,1014.4
2025-05-03 04:00:00+00:00,10.2,89,8.4,40,35,8,4,0.0,0.0,0.0,0.0,8.3,12.2,0.0,1014.1
2025-05-03 05:00:00+00:00,10.2,89,8.4,48,41,14,2,3.0,0.0,0.0,3.0,8.6,11.9,0.0,1013.8
2025-05-03 06:00:00+00:00,11.1,87,9.1,76,76,0,1,63.0,31.0,248.2,32.0,9.6,17.3,0.0,1013.7
2025-05-03 07:00:00+00:00,12.9,81,9.7,99,98,1,0,161.0,83.0,293.6,78.0,10.9,24.5,0.0,1013.7
2025-05-03 08:00:00+00:00,14.6,74,10.1,100,100,7,0,195.0,44.0,101.0,151.0,11.6,28.4,0.0,1013.6
2025-05-03 09:00:00+00:00,15.9,71,10.7,100,100,14,0,269.0,55.0,95.9,214.0,11.2,25.6,0.0,1013.3
2025-05-03 10:00:00+00:00,16.9,70,11.3,86,80,63,0,364.0,106.0,154.5,258.0,8.9,23.8,0.0,1013.3
2025-05-03 11:00:00+00:00,17.6,67,11.4,81,41,80,0,470.0,236.0,307.8,234.0,10.2,26.6,0.0,1013.3
2025-05-03 12:00:00+00:00,18.7,63,11.5,65,54,48,0,721.0,545.0,673.1,176.0,10.0,30.6,0.0,1013.1
2025-05-03 13:00:00+00:00,18.7,58,10.2,72,66,35,2,721.0,552.0,680.0,169.0,11.2,34.6,0.0,1012.9
2025-05-03 14:00:00+00:00,19.0,49,8.0,25,20,21,0,702.0,547.0,707.7,155.0,14.5,37.1,0.0,1012.7
2025-05-03 15:00:00+00:00,19.0,47,7.3,33,28,20,0,602.0,472.0,678.2,130.0,17.5,37.8,0.0,1012.8
2025-05-03 16:00:00+00:00,18.7,47,7.2,37,33,22,0,515.0,418.0,713.2,97.0,19.3,38.5,0.0,1012.7
2025-05-03 17:00:00+00:00,17.8,51,7.5,41,39,13,0,369.0,274.0,607.9,95.0,20.0,38.9,0.0,1012.9
2025-05-03 18:00:00+00:00,16.6,56,7.8,53,53,4,0,223.0,153.0,511.3,70.0,20.1,38.9,0.0,1013.5
2025-05-03 19:00:00+00:00,15.1,60,7.4,81,81,5,0,76.0,41.0,289.1,35.0,20.1,37.4,0.0,1014.1
2025-05-03 20:00:00+00:00,13.3,65,6.7,99,99,1,0,5.0,1.0,19.1,4.0,19.3,35.6,0.0,1015.1
2025-05-03 21:00:00+00:00,12.2,67,6.2,93,93,1,0,0.0,0.0,0.0,0.0,17.3,31.7,0.0,1015.9
2025-05-03 22:00:00+00:00,11.6,67,5.6,65,65,8,0,0.0,0.0,0.0,0.0,16.6,30.2,0.0,1016.6
2025-05-03 23:00:00+00:00,10.8,65,4.5,43,42,15,0,0.0,0.0,0.0,0.0,17.2,29.9,0.0,1017.2
2025-05-04 00:00:00+00:00,10.1,65,3.7,34,33,10,0,0.0,0.0,0.0,0.0,16.8,29.2,0.0,1017.6
2025-05-04 01:00:00+00:00,8.7,68,3.1,14,14,3,0,0.0,0.0,0.0,0.0,15.2,23.8,0.0,1017.6
2025-05-04 02:00:00+00:00,7.6,73,3.0,10,10,2,0,0.0,0.0,0.0,0.0,13.0,22.0,0.0,1017.9
2025-05-04 03:00:00+00:00,6.9,79,3.5,8,7,2,0,0.0,0.0,0.0,0.0,12.9,22.7,0.0,1018.1
2025-05-04 04:00:00+00:00,6.7,82,3.9,21,21,1,0,0.0,0.0,0.0,0.0,14.2,24.1,0.0,1018.1
2025-05-04 05:00:00+00:00,7.0,84,4.5,53,52,0,0,3.0,1.0,19.1,2.0,14.4,25.2,0.0,1018.4
2025-05-04 06:00:00+00:00,8.1,84,5.6,70,69,4,0,71.0,30.0,232.5,41.0,15.0,31.0,0.0,1018.5
2025-05-04 07:00:00+00:00,9.4,78,5.8,61,60,18,0,182.0,107.0,373.3,75.0,16.0,32.0,0.0,1018.3
2025-05-04 08:00:00+00:00,10.5,70,5.3,63,58,43,0,316.0,192.0,437.0,124.0,16.2,33.5,0.0,1018.4
2025-05-04 09:00:00+00:00,12.0,62,4.9,76,75,58,0,495.0,360.0,624.2,135.0,17.4,37.1,0.0,1018.4
2025-05-04 10:00:00+00:00,13.0,56,4.4,88,67,87,0,600.0,395.0,572.9,205.0,18.7,42.8,0.0,1018.5
2025-05-04 11:00:00+00:00,13.2,55,4.5,84,72,65,0,612.0,375.0,487.1,237.0,20.7,45.0,0.0,1018.5
2025-05-04 12:00:00+00:00,13.8,51,3.9,78,68,53,0,558.0,275.0,338.4,283.0,22.0,45.7,0.0,1018.3
2025-05-04 13:00:00+00:00,14.4,48,3.5,73,73,46,0,622.0,314.0,385.5,308.0,21.5,44.3,0.0,1018.2
2025-05-04 14:00:00+00:00,14.8,44,2.6,62,59,52,0,647.0,430.0,554.3,217.0,20.9,42.8,0.0,1018.3
2025-05-04 15:00:00+00:00,14.6,42,2.0,88,83,58,0,470.0,247.0,353.4,223.0,20.5,41.0,0.0,1018.2
2025-05-04 16:00:00+00:00,14.3,42,1.5,61,50,58,0,348.0,144.0,244.4,204.0,20.1,40.7,0.0,1018.0
2025-05-04 17:00:00+00:00,13.5,46,2.2,72,46,71,0,240.0,148.0,326.1,92.0,19.8,41.0,0.0,1018.3
2025-05-04 18:00:00+00:00,12.6,49,2.3,83,63,81,0,192.0,116.0,383.4,76.0,20.0,40.7,0.0,1018.5
2025-05-04 19:00:00+00:00,11.6,50,1.6,79,61,77,0,49.0,15.0,103.1,34.0,18.6,33.1,0.0,1019.0
2025-05-04 20:00:00+00:00,10.6,53,1.4,67,64,65,0,5.0,1.0,19.1,4.0,18.2,31.7,0.0,1019.4
2025-05-04 21:00:00+00:00,9.7,58,1.8,83,81,77,0,0.0,0.0,0.0,0.0,18.9,34.6,0.0,1020.0
2025-05-04 22:00:00+00:00,9.3,60,1.9,82,43,82,0,0.0,0.0,0.0,0.0,15.6,34.6,0.0,1020.6
2025-05-04 23:00:00+00:00,8.3,64,1.9,67,18,65,0,0.0,0.0,0.0,0.0,16.6,33.8,0.0,1021.0
2025-05-05 00:00:00+00:00,7.4,67,1.7,5,0,5,0,0.0,0.0,0.0,0.0,17.1,33.5,0.0,1021.3
2025-05-05 01:00:00+00:00,6.3,73,1.8,0,0,0,0,0.0,0.0,0.0,0.0,16.7,31.3,0.0,1021.4
2025-05-05 02:00:00+00:00,5.4,78,1.8,1,0,1,0,0.0,0.0,0.0,0.0,16.9,30.2,0.0,1021.3
2025-05-05 03:00:00+00:00,4.7,81,1.7,2,0,2,0,0.0,0.0,0.0,0.0,17.5,30.2,0.0,1021.4
2025-05-05 04:00:00+00:00,4.3,83,1.6,3,0,3,0,0.0,0.0,0.0,0.0,17.1,30.2,0.0,1021.4
2025-05-05 05:00:00+00:00,4.4,83,1.8,4,0,4,0,5.0,1.0,19.1,4.0,17.4,30.6,0.0,1021.5
2025-05-05 06:00:00+00:00,5.4,82,2.5,7,0,7,0,87.0,50.0,375.6,37.0,17.3,31.3,0.0,1021.8
2025-05-05 07:00:00+00:00,6.7,77,2.9,23,20,5,0,240.0,174.0,599.1,66.0,21.8,41.0,0.0,1021.6
2025-05-05 08:00:00+00:00,8.2,71,3.3,36,35,4,0,407.0,317.0,715.7,90.0,22.5,45.4,0.0,1021.7
2025-05-05 09:00:00+00:00,9.8,67,3.9,88,88,17,0,512.0,355.0,612.0,157.0,22.9,46.1,0.0,1021.3
2025-05-05 10:00:00+00:00,11.4,62,4.3,80,27,78,0,535.0,328.0,473.6,207.0,20.3,47.9,0.0,1021.4
2025-05-05 11:00:00+00:00,11.9,60,4.4,78,50,71,0,452.0,228.0,295.0,224.0,23.2,50.4,0.0,1021.3
2025-05-05 12:00:00+00:00,12.5,59,4.8,66,43,57,0,383.0,174.0,213.4,209.0,21.9,51.5,0.0,1021.2
2025-05-05 13:00:00+00:00,13.2,56,4.5,81,58,74,0,423.0,152.0,186.0,271.0,25.8,53.3,0.0,1021.2
2025-05-05 14:00:00+00:00,13.2,58,5.1,83,65,64,0,455.0,221.0,283.8,234.0,27.2,53.3,0.1,1021.1
2025-05-05 15:00:00+00:00,13.3,58,5.1,77,65,71,0,312.0,116.0,165.3,196.0,26.0,49.0,0.0,1021.0
2025-05-05 16:00:00+00:00,13.7,54,4.6,87,44,86,0,291.0,131.0,221.3,160.0,23.4,44.3,0.0,1021.3
2025-05-05 17:00:00+00:00,13.4,51,3.6,90,56,90,0,236.0,121.0,264.8,115.0,20.5,39.6,0.0,1021.4
2025-05-05 18:00:00+00:00,13.0,49,2.7,73,45,71,0,137.0,60.0,196.1,77.0,18.0,33.1,0.0,1021.9
2025-05-05 19:00:00+00:00,12.2,48,1.6,46,34,39,0,67.0,31.0,208.1,36.0,17.2,31.3,0.0,1022.3
2025-05-05 20:00:00+00:00,10.5,52,1.0,26,25,10,0,7.0,1.0,19.1,6.0,16.6,29.9,0.0,1023.1
2025-05-05 21:00:00+00:00,8.9,57,0.9,27,27,1,0,0.0,0.0,0.0,0.0,16.3,28.8,0.0,1024.0
2025-05-05 22:00:00+00:00,7.9,62,1.1,31,31,0,0,0.0,0.0,0.0,0.0,16.1,27.7,0.0,1024.5
2025-05-05 23:00:00+00:00,7.3,65,1.2,7,7,0,0,0.0,0.0,0.0,0.0,15.6,26.3,0.0,1024.7
2025-05-06 00:00:00+00:00,6.4,71,1.4,3,3,0,0,0.0,0.0,0.0,0.0,15.2,25.6,0.0,1024.7
2025-05-06 01:00:00+00:00,5.7,74,1.5,1,1,0,0,0.0,0.0,0.0,0.0,14.4,25.2,0.0,1024.7
2025-05-06 02:00:00+00:00,5.1,78,1.6,1,1,0,0,0.0,0.0,0.0,0.0,13.6,24.1,0.0,1024.6
2025-05-06 03:00:00+00:00,4.5,81,1.5,3,3,0,0,0.0,0.0,0.0,0.0,12.8,23.0,0.0,1024.7
2025-05-06 04:00:00+00:00,4.3,81,1.3,6,6,0,0,0.0,0.0,0.0,0.0,12.8,23.0,0.0,1024.8
2025-05-06 05:00:00+00:00,4.3,82,1.5,12,12,0,0,5.0,2.0,38.2,3.0,13.4,24.1,0.0,1025.0
2025-05-06 06:00:00+00:00,5.7,79,2.3,11,11,0,0,87.0,49.0,357.5,38.0,14.1,25.9,0.0,1025.4
2025-05-06 07:00:00+00:00,7.7,72,3.0,16,16,0,0,217.0,143.0,486.1,74.0,15.4,29.9,0.0,1025.5
2025-05-06 08:00:00+00:00,9.6,61,2.4,71,54,0,40,374.0,279.0,625.0,95.0,18.5,35.6,0.0,1025.6
2025-05-06 09:00:00+00:00,10.5,56,2.2,98,98,0,32,495.0,341.0,584.6,154.0,17.3,36.4,0.0,1025.5
2025-05-06 10:00:00+00:00,11.1,55,2.4,100,100,0,0,470.0,182.0,261.6,288.0,15.8,35.3,0.0,1025.8
2025-05-06 11:00:00+00:00,11.6,55,2.7,100,100,0,0,556.0,179.0,230.7,377.0,15.3,34.6,0.0,1025.7
2025-05-06 12:00:00+00:00,12.4,52,2.9,100,100,0,0,643.0,311.0,380.1,332.0,14.8,34.2,0.0,1025.3
2025-05-06 13:00:00+00:00,13.3,50,3.2,98,98,0,0,675.0,267.0,325.6,408.0,14.4,33.1,0.0,1024.9
2025-05-06 14:00:00+00:00,14.2,49,3.5,62,62,0,1,636.0,347.0,444.1,289.0,14.1,32.8,0.0,1024.2
2025-05-06 15:00:00+00:00,15.0,45,3.2,71,71,0,2,594.0,406.0,576.3,188.0,14.9,32.0,0.0,1024.0
2025-05-06 16:00:00+00:00,15.2,46,3.6,87,87,4,2,520.0,347.0,583.2,173.0,15.9,32.4,0.0,1023.9
2025-05-06 17:00:00+00:00,14.8,48,3.8,95,95,33,1,320.0,153.0,332.5,167.0,17.1,31.0,0.0,1023.7
2025-05-06 18:00:00+00:00,14.3,51,4.3,100,100,4,10,176.0,47.0,152.0,129.0,16.3,28.1,0.0,1024.2
2025-05-06 19:00:00+00:00,13.0,54,3.9,70,66,0,16,57.0,13.0,85.3,44.0,13.3,25.2,0.0,1024.1
2025-05-06 20:00:00+00:00,11.3,60,3.9,63,59,0,18,7.0,2.0,38.2,5.0,11.2,20.2,0.0,1024.7
2025-05-06 21:00:00+00:00,10.5,63,3.8,77,71,0,29,0.0,0.0,0.0,0.0,10.7,19.8,0.0,1025.1
2025-05-06 22:00:00+00:00,9.7,70,4.4,80,63,1,50,0.0,0.0,0.0,0.0,10.2,17.3,0.0,1025.2
2025-05-06 23:00:00+00:00,9.1,73,4.5,86,42,0,80,0.0,0.0,0.0,0.0,9.3,16.2,0.0,1025.4
2025-05-07 00:00:00+00:00,8.4,76,4.5,93,34,0,90,0.0,0.0,0.0,0.0,8.7,14.8,0.0,1025.2
2025-05-07 01:00:00+00:00,7.9,80,4.6,82,36,0,66,0.0,0.0,0.0,0.0,8.0,11.5,0.0,1025.2
2025-05-07 02:00:00+00:00,7.3,83,4.6,89,45,6,79,0.0,0.0,0.0,0.0,7.4,9.4,0.0,1024.9
2025-05-07 03:00:00+00:00,7.1,84,4.6,95,24,9,93,0.0,0.0,0.0,0.0,7.5,11.5,0.0,1024.6
2025-05-07 04:00:00+00:00,6.6,87,4.5,95,11,2,94,0.0,0.0,0.0,0.0,9.0,14.8,0.0,1024.7
2025-05-07 05:00:00+00:00,6.6,86,4.5,91,5,5,89,5.0,1.0,19.1,4.0,10.6,17.3,0.0,1024.6
2025-05-07 06:00:00+00:00,7.2,87,5.3,91,4,4,90,77.0,21.0,149.1,56.0,11.3,20.5,0.0,1024.9
2025-05-07 07:00:00+00:00,8.9,83,6.2,90,1,14,89,215.0,111.0,372.8,104.0,12.2,24.8,0.0,1024.7
2025-05-07 08:00:00+00:00,10.8,73,6.1,89,0,26,83,371.0,242.0,538.1,129.0,13.8,29.2,0.0,1024.8
2025-05-07 09:00:00+00:00,12.4,63,5.5,82,5,22,75,543.0,404.0,688.9,139.0,14.9,32.4,0.0,1024.4
2025-05-07 10:00:00+00:00,13.6,58,5.5,76,19,7,67,697.0,571.0,817.3,126.0,16.2,34.9,0.0,1024.2
2025-05-07 11:00:00+00:00,15.3,51,5.3,88,55,13,70,775.0,611.0,784.8,164.0,18.9,40.0,0.0,1023.6
2025-05-07 12:00:00+00:00,16.4,49,5.6,87,46,26,70,766.0,532.0,648.1,234.0,17.8,37.4,0.0,1023.0
2025-05-07 13:00:00+00:00,16.9,48,5.9,85,10,35,82,706.0,463.0,562.8,243.0,17.8,36.7,0.0,1022.6
2025-05-07 14:00:00+00:00,17.1,47,5.7,96,2,69,90,671.0,378.0,482.2,293.0,19.2,37.8,0.0,1022.0
2025-05-07 15:00:00+00:00,17.1,48,5.9,93,0,77,77,578.0,311.0,439.7,267.0,19.0,37.4,0.0,1021.7
2025-05-07 16:00:00+00:00,16.8,48,5.8,87,0,76,65,425.0,177.0,296.1,248.0,17.9,35.3,0.0,1021.2
2025-05-07 17:00:00+00:00,16.3,49,5.5,80,0,75,43,281.0,78.0,168.4,203.0,16.2,32.0,0.0,1021.0
2025-05-07 18:00:00+00:00,15.6,50,5.2,64,18,60,16,156.0,28.0,89.6,128.0,13.4,24.1,0.0,1021.1
2025-05-07 19:00:00+00:00,14.6,51,4.5,60,28,57,17,77.0,26.0,166.7,51.0,12.3,23.4,0.0,1021.2
2025-05-07 20:00:00+00:00,13.5,53,4.1,50,27,47,8,7.0,1.0,18.6,6.0,11.5,22.3,0.0,1021.8
2025-05-07 21:00:00+00:00,12.7,57,4.3,40,15,37,2,0.0,0.0,0.0,0.0,10.1,19.8,0.0,1022.1
2025-05-07 22:00:00+00:00,11.2,63,4.5,42,26,24,0,0.0,0.0,0.0,0.0,8.0,19.8,0.0,1022.3
2025-05-07 23:00:00+00:00,10.6,66,4.5,49,21,40,0,0.0,0.0,0.0,0.0,9.0,18.4,0.0,1022.4
2025-05-08 00:00:00+00:00,10.0,68,4.3,33,12,26,0,0.0,0.0,0.0,0.0,10.9,19.1,0.0,1022.2
2025-05-08 01:00:00+00:00,9.1,73,4.5,17,17,4,0,0.0,0.0,0.0,0.0,12.2,19.8,0.0,1021.7
2025-05-08 02:00:00+00:00,8.2,78,4.7,24,24,0,0,0.0,0.0,0.0,0.0,12.7,20.5,0.0,1021.4
2025-05-08 03:00:00+00:00,7.9,82,4.9,50,50,3,0,0.0,0.0,0.0,0.0,12.9,21.2,0.0,1021.3
2025-05-08 04:00:00+00:00,7.9,84,5.3,81,81,0,0,0.0,0.0,0.0,0.0,13.2,21.6,0.0,1020.9
2025-05-08 05:00:00+00:00,7.8,86,5.7,83,83,0,0,6.0,2.0,38.2,4.0,13.6,23.0,0.0,1020.7
2025-05-08 06:00:00+00:00,8.7,84,6.1,79,79,0,0,65.0,29.0,200.5,36.0,14.4,26.3,0.0,1020.9
2025-05-08 07:00:00+00:00,9.8,77,6.0,76,76,0,0,141.0,56.0,185.9,85.0,19.6,37.8,0.0,1020.7
2025-05-08 08:00:00+00:00,10.8,69,5.3,77,77,0,0,276.0,106.0,234.0,170.0,18.6,37.1,0.0,1020.9
2025-05-08 09:00:00+00:00,11.6,63,4.8,63,63,0,0,450.0,244.0,413.9,206.0,16.7,34.9,0.0,1020.8
2025-05-08 10:00:00+00:00,13.0,60,5.4,100,100,0,0,463.0,244.0,347.8,219.0,13.9,31.0,0.0,1020.7
2025-05-08 11:00:00+00:00,13.8,57,5.3,100,100,0,0,404.0,136.0,174.1,268.0,12.4,27.0,0.0,1020.5
2025-05-08 12:00:00+00:00,14.7,54,5.5,100,100,0,0,478.0,160.0,194.3,318.0,11.2,26.3,0.0,1020.4
2025-05-08 13:00:00+00:00,15.1,52,5.4,99,99,48,0,430.0,103.0,124.8,327.0,10.8,25.9,0.0,1020.1
2025-05-08 14:00:00+00:00,15.5,52,5.7,99,99,89,0,441.0,143.0,181.8,298.0,11.4,25.6,0.0,1020.1
2025-05-08 15:00:00+00:00,15.9,51,5.8,99,99,96,0,387.0,97.0,136.6,290.0,12.6,25.6,0.0,1019.7
2025-05-08 16:00:00+00:00,15.9,50,5.5,99,99,97,0,310.0,87.0,144.9,223.0,13.6,26.6,0.0,1019.6
2025-05-08 17:00:00+00:00,15.5,51,5.5,74,58,73,1,217.0,70.0,150.2,147.0,14.6,25.9,0.0,1019.5
2025-05-08 18:00:00+00:00,14.8,52,5.1,61,41,58,5,121.0,31.0,98.2,90.0,14.5,21.6,0.0,1019.5
2025-05-08 19:00:00+00:00,13.8,53,4.3,49,26,40,11,71.0,32.0,200.8,39.0,13.8,24.8,0.0,1019.6
2025-05-08 20:00:00+00:00,12.0,56,3.5,36,20,28,5,9.0,2.0,36.0,7.0,15.2,27.7,0.0,1020.1
2025-05-08 21:00:00+00:00,10.7,60,3.2,23,20,18,0,0.0,0.0,0.0,0.0,16.0,29.2,0.0,1020.6
2025-05-08 22:00:00+00:00,9.6,67,3.8,30,30,6,0,0.0,0.0,0.0,0.0,14.6,28.1,0.0,1020.8
2025-05-08 23:00:00+00:00,8.6,71,3.7,12,12,2,0,0.0,0.0,0.0,0.0,13.9,26.3,0.0,1020.9
2025-05-09 00:00:00+00:00,8.0,73,3.5,9,8,1,0,0.0,0.0,0.0,0.0,13.2,24.5,0.0,1020.9
2025-05-09 01:00:00+00:00,7.4,76,3.5,9,9,1,0,0.0,0.0,0.0,0.0,12.8,23.0,0.0,1020.5
2025-05-09 02:00:00+00:00,6.8,79,3.5,7,7,2,0,0.0,0.0,0.0,0.0,13.0,22.3,0.0,1020.3
2025-05-09 03:00:00+00:00,6.2,83,3.5,6,4,2,1,0.0,0.0,0.0,0.0,13.2,22.3,0.0,1020.2
2025-05-09 04:00:00+00:00,6.1,86,3.9,18,17,9,0,0.0,0.0,0.0,0.0,13.5,22.3,0.0,1020.3
2025-05-09 05:00:00+00:00,6.2,87,4.2,23,20,12,0,8.0,3.0,57.3,5.0,13.9,24.1,0.0,1020.5
2025-05-09 06:00:00+00:00,7.0,88,5.2,32,28,23,0,99.0,60.0,404.7,39.0,14.1,26.6,0.0,1020.6
2025-05-09 07:00:00+00:00,8.6,85,6.3,24,20,17,0,211.0,134.0,439.8,77.0,14.3,29.2,0.0,1020.7
2025-05-09 08:00:00+00:00,10.7,78,7.1,10,10,3,0,399.0,311.0,681.7,88.0,14.0,29.9,0.0,1020.5
2025-05-09 09:00:00+00:00,13.1,70,7.7,7,5,6,0,571.0,471.0,794.9,100.0,13.3,29.9,0.0,1020.6
2025-05-09 10:00:00+00:00,15.4,62,8.1,4,1,4,0,677.0,538.0,763.9,139.0,12.8,29.9,0.0,1020.3
2025-05-09 11:00:00+00:00,17.1,50,6.7,46,1,46,0,778.0,664.0,847.0,114.0,13.3,33.5,0.1,1020.0
2025-05-09 12:00:00+00:00,17.8,42,4.9,51,17,50,0,662.0,486.0,588.3,176.0,13.7,33.1,0.0,1019.8
2025-05-09 13:00:00+00:00,18.2,40,4.5,98,18,98,0,641.0,433.0,523.0,208.0,13.9,31.7,0.0,1019.5
2025-05-09 14:00:00+00:00,18.2,40,4.4,91,35,91,0,467.0,254.0,321.9,213.0,13.8,28.8,0.0,1019.2
2025-05-09 15:00:00+00:00,18.5,39,4.4,72,0,72,0,511.0,321.0,450.5,190.0,13.8,27.7,0.0,1018.9
2025-05-09 16:00:00+00:00,18.4,38,3.8,28,0,28,0,533.0,379.0,628.1,154.0,14.4,28.1,0.0,1018.6
2025-05-09 17:00:00+00:00,18.1,35,2.4,1,1,0,0,440.0,352.0,750.4,88.0,14.8,28.4,0.0,1018.6
2025-05-09 18:00:00+00:00,17.3,38,2.7,0,0,0,0,274.0,208.0,652.5,66.0,11.9,22.0,0.0,1018.8
2025-05-09 19:00:00+00:00,15.6,43,2.9,0,0,0,0,114.0,72.0,442.4,42.0,7.8,13.3,0.0,1019.0
2025-05-09 20:00:00+00:00,13.3,49,2.9,0,0,0,0,12.0,5.0,87.3,7.0,9.2,15.5,0.0,1019.5
2025-05-09 21:00:00+00:00,11.5,55,2.7,0,0,0,0,0.0,0.0,0.0,0.0,11.9,20.2,0.0,1019.7
2025-05-09 22:00:00+00:00,10.6,58,2.7,1,1,1,0,0.0,0.0,0.0,0.0,13.2,22.7,0.0,1020.0
2025-05-09 23:00:00+00:00,9.7,61,2.6,4,3,4,0,0.0,0.0,0.0,0.0,13.7,22.7,0.0,1019.9
2025-05-10 00:00:00+00:00,8.8,65,2.5,11,4,11,0,0.0,0.0,0.0,0.0,13.2,22.7,0.0,1019.8
2025-05-10 01:00:00+00:00,8.3,69,2.9,19,6,18,0,0.0,0.0,0.0,0.0,12.1,22.0,0.0,1019.5
2025-05-10 02:00:00+00:00,7.4,74,3.0,24,3,23,0,0.0,0.0,0.0,0.0,11.6,20.9,0.0,1019.4
2025-05-10 03:00:00+00:00,7.1,78,3.5,25,8,25,0,0.0,0.0,0.0,0.0,11.8,20.5,0.0,1019.0
2025-05-10 04:00:00+00:00,6.7,80,3.6,19,8,18,0,0.0,0.0,0.0,0.0,11.7,19.8,0.0,1018.7
2025-05-10 05:00:00+00:00,7.1,83,4.3,3,1,3,0,9.0,3.0,57.3,6.0,12.0,19.8,0.0,1018.5
2025-05-10 06:00:00+00:00,9.3,81,6.2,0,0,0,0,99.0,58.0,382.0,41.0,12.8,21.6,0.0,1018.5
2025-05-10 07:00:00+00:00,12.3,72,7.4,0,0,0,0,251.0,181.0,587.6,70.0,11.7,23.8,0.0,1018.5
2025-05-10 08:00:00+00:00,15.0,62,7.7,0,0,0,0,425.0,342.0,744.6,83.0,13.1,27.4,0.0,1018.0
2025-05-10 09:00:00+00:00,17.2,52,7.3,0,0,0,0,584.0,492.0,826.3,92.0,16.2,32.0,0.0,1017.8
2025-05-10 10:00:00+00:00,18.9,40,5.1,0,0,0,0,714.0,612.0,865.6,102.0,18.2,38.5,0.0,1017.2
2025-05-10 11:00:00+00:00,19.6,35,3.9,1,1,1,0,810.0,704.0,895.0,106.0,19.3,41.0,0.0,1016.7
2025-05-10 12:00:00+00:00,20.0,36,4.4,2,0,2,0,856.0,736.0,888.2,120.0,19.0,40.7,0.0,1016.5
2025-05-10 13:00:00+00:00,20.4,35,4.6,0,0,0,0,842.0,711.0,856.3,131.0,18.1,38.5,0.0,1015.9
2025-05-10 14:00:00+00:00,20.6,35,4.5,0,0,0,0,803.0,683.0,862.7,120.0,17.6,37.1,0.0,1015.7
2025-05-10 15:00:00+00:00,20.7,36,5.0,1,0,1,0,698.0,578.0,808.2,120.0,17.0,34.9,0.0,1015.0
2025-05-10 16:00:00+00:00,20.4,37,5.2,4,0,0,4,564.0,452.0,745.7,112.0,17.0,34.2,0.0,1014.7
2025-05-10 17:00:00+00:00,20.0,37,4.8,24,0,1,23,424.0,325.0,688.5,99.0,16.5,32.4,0.0,1014.4
2025-05-10 18:00:00+00:00,19.2,39,4.8,7,0,2,5,258.0,189.0,587.1,69.0,12.8,23.4,0.0,1014.2
2025-05-10 19:00:00+00:00,17.9,42,4.9,54,0,1,53,113.0,70.0,421.4,43.0,10.1,17.6,0.0,1014.2
2025-05-10 20:00:00+00:00,16.3,47,4.8,62,0,3,61,13.0,5.0,84.9,8.0,11.4,19.1,0.0,1014.2
2025-05-10 21:00:00+00:00,15.0,51,5.0,43,1,9,36,0.0,0.0,0.0,0.0,14.3,24.1,0.0,1014.4
2025-05-10 22:00:00+00:00,13.5,56,5.0,37,2,7,31,0.0,0.0,0.0,0.0,16.0,27.4,0.0,1014.3
2025-05-10 23:00:00+00:00,12.8,58,4.8,36,0,1,36,0.0,0.0,0.0,0.0,15.6,27.4,0.0,1013.8
2025-05-11 00:00:00+00:00,12.3,59,4.6,64,0,0,64,0.0,0.0,0.0,0.0,15.0,26.6,0.0,1013.7
2025-05-11 01:00:00+00:00,11.5,62,4.5,4,0,1,3,0.0,0.0,0.0,0.0,14.0,25.6,0.0,1013.3
2025-05-11 02:00:00+00:00,11.0,65,4.6,43,0,0,43,0.0,0.0,0.0,0.0,14.0,24.8,0.0,1012.4
2025-05-11 03:00:00+00:00,10.3,68,4.6,93,0,2,92,0.0,0.0,0.0,0.0,14.3,24.1,0.0,1012.0
2025-05-11 04:00:00+00:00,10.3,69,4.9,99,0,5,99,0.0,0.0,0.0,0.0,14.9,24.5,0.0,1011.4
2025-05-11 05:00:00+00:00,10.6,71,5.6,82,0,17,78,9.0,3.0,56.0,6.0,15.6,25.2,0.0,1011.0
2025-05-11 06:00:00+00:00,12.2,70,6.8,52,0,23,41,100.0,51.0,328.3,49.0,16.4,26.3,0.0,1010.8
2025-05-11 07:00:00+00:00,14.5,64,7.8,62,10,26,47,231.0,157.0,504.3,74.0,16.8,30.2,0.0,1010.5
2025-05-11 08:00:00+00:00,16.9,57,8.2,82,0,20,76,334.0,221.0,478.0,113.0,17.8,33.1,0.0,1010.2
2025-05-11 09:00:00+00:00,18.8,52,8.8,93,2,19,92,479.0,347.0,580.0,132.0,16.9,33.5,0.0,1009.8
2025-05-11 10:00:00+00:00,20.4,48,8.9,81,12,20,76,678.0,559.0,787.7,119.0,15.1,35.3,0.0,1009.3
2025-05-11 11:00:00+00:00,21.0,47,9.2,89,13,14,88,777.0,643.0,814.9,134.0,16.0,37.8,0.0,1009.0
2025-05-11 12:00:00+00:00,21.0,49,9.9,94,9,4,93,790.0,634.0,762.9,156.0,17.8,38.2,0.0,1008.8
2025-05-11 13:00:00+00:00,21.3,51,10.7,93,6,1,92,781.0,647.0,776.9,134.0,17.8,37.1,0.0,1008.5
2025-05-11 14:00:00+00:00,21.6,51,11.0,93,2,0,93,765.0,616.0,775.7,149.0,16.4,34.6,0.0,1008.4
2025-05-11 15:00:00+00:00,21.1,52,10.9,85,1,0,85,687.0,572.0,796.9,115.0,14.8,32.0,0.0,1008.3
2025-05-11 16:00:00+00:00,20.9,53,11.0,84,1,10,83,559.0,435.0,714.4,124.0,12.5,31.0,0.0,1008.1
2025-05-11 17:00:00+00:00,20.1,57,11.2,88,1,35,87,368.0,214.0,450.6,154.0,12.1,28.4,0.0,1008.3
2025-05-11 18:00:00+00:00,18.7,62,11.2,99,0,50,99,207.0,84.0,258.4,123.0,8.5,22.3,0.0,1008.2
2025-05-11 19:00:00+00:00,17.4,66,11.0,99,0,58,99,67.0,12.0,70.8,55.0,6.0,13.0,0.2,1008.7
2025-05-11 20:00:00+00:00,15.5,77,11.5,92,0,49,90,9.0,0.0,0.0,9.0,7.0,9.0,0.1,1008.9
2025-05-11 21:00:00+00:00,15.5,77,11.4,66,2,36,52,0.0,0.0,0.0,0.0,5.8,13.7,0.3,1009.2
2025-05-11 22:00:00+00:00,14.5,86,12.2,85,1,64,65,0.0,0.0,0.0,0.0,4.7,12.2,0.3,1009.3
2025-05-11 23:00:00+00:00,14.1,88,12.2,99,10,81,87,0.0,0.0,0.0,0.0,4.9,4.7,0.1,1009.5
2025-05-12 00:00:00+00:00,13.0,94,12.1,98,27,73,93,0.0,0.0,0.0,0.0,4.9,5.8,0.0,1009.3
2025-05-12 01:00:00+00:00,13.3,95,12.6,98,11,52,93,0.0,0.0,0.0,0.0,6.1,6.8,0.0,1009.0
2025-05-12 02:00:00+00:00,13.3,96,12.7,96,18,35,91,0.0,0.0,0.0,0.0,7.1,8.3,0.0,1009.1
2025-05-12 03:00:00+00:00,13.4,96,12.7,91,21,57,76,0.0,0.0,0.0,0.0,7.4,9.4,0.0,1009.1
2025-05-12 04:00:00+00:00,13.7,96,13.0,88,18,22,81,0.0,0.0,0.0,0.0,6.9,8.6,0.1,1008.7
2025-05-12 05:00:00+00:00,13.3,97,12.9,87,25,35,80,8.0,1.0,18.1,7.0,7.9,9.7,0.1,1009.0
2025-05-12 06:00:00+00:00,13.6,98,13.3,99,95,24,78,73.0,23.0,144.9,50.0,10.2,16.6,0.0,1009.4
2025-05-12 07:00:00+00:00,14.2,95,13.4,97,83,31,78,163.0,47.0,149.4,116.0,10.7,21.2,0.0,1009.8
2025-05-12 08:00:00+00:00,14.9,93,13.8,79,70,17,18,296.0,130.0,279.4,166.0,11.5,23.8,0.1,1010.2
2025-05-12 09:00:00+00:00,15.6,88,13.7,43,36,13,1,470.0,312.0,519.1,158.0,13.1,31.3,0.1,1010.6
2025-05-12 10:00:00+00:00,17.2,74,12.5,63,15,35,38,562.0,375.0,526.5,187.0,11.5,33.1,0.1,1011.2
2025-05-12 11:00:00+00:00,18.0,70,12.5,62,37,50,4,653.0,454.0,573.5,199.0,11.9,38.5,0.0,1011.3
2025-05-12 12:00:00+00:00,18.6,68,12.5,66,19,59,1,736.0,525.0,629.9,211.0,11.7,39.2,0.0,1011.1
2025-05-12 13:00:00+00:00,18.3,67,12.2,69,8,68,1,714.0,513.0,614.2,201.0,12.6,39.6,0.3,1011.4
2025-05-12 14:00:00+00:00,18.8,63,11.7,67,16,60,20,711.0,525.0,659.1,186.0,14.8,35.3,0.0,1011.7
2025-05-12 15:00:00+00:00,18.9,58,10.4,18,3,3,15,650.0,515.0,715.0,135.0,15.0,30.6,0.0,1011.3
2025-05-12 16:00:00+00:00,19.0,56,10.0,14,0,2,13,547.0,433.0,708.0,114.0,14.3,30.2,0.0,1011.5
2025-05-12 17:00:00+00:00,19.0,51,8.7,40,0,6,38,407.0,316.0,661.4,91.0,12.7,29.2,0.0,1011.7
2025-05-12 18:00:00+00:00,18.2,52,8.2,10,0,9,6,222.0,148.0,451.0,74.0,12.1,23.4,0.0,1012.3
2025-05-12 19:00:00+00:00,17.2,55,8.0,1,0,1,0,115.0,68.0,393.6,47.0,9.6,17.6,0.0,1012.5
2025-05-12 20:00:00+00:00,15.5,62,8.2,15,0,3,12,15.0,6.0,96.5,9.0,8.0,13.7,0.0,1013.4
2025-05-12 21:00:00+00:00,14.2,67,8.2,48,2,8,44,0.0,0.0,0.0,0.0,9.0,15.1,0.0,1013.7
2025-05-12 22:00:00+00:00,13.2,77,9.3,53,0,13,46,0.0,0.0,0.0,0.0,7.9,15.5,0.0,1014.2
2025-05-12 23:00:00+00:00,13.2,77,9.3,49,0,5,46,0.0,0.0,0.0,0.0,9.1,16.6,0.0,1014.4
2025-05-13 00:00:00+00:00,12.2,81,9.1,35,0,3,33,0.0,0.0,0.0,0.0,9.2,16.9,0.0,1014.6
2025-05-13 01:00:00+00:00,12.0,83,9.2,48,0,10,42,0.0,0.0,0.0,0.0,8.7,16.2,0.0,1015.1
2025-05-13 02:00:00+00:00,11.4,86,9.1,64,2,17,61,0.0,0.0,0.0,0.0,7.8,15.1,0.0,1015.3
2025-05-13 03:00:00+00:00,11.4,87,9.3,74,0,11,74,0.0,0.0,0.0,0.0,6.9,14.8,0.0,1015.4
2025-05-13 04:00:00+00:00,11.1,88,9.2,59,0,6,57,0.0,0.0,0.0,0.0,6.4,14.4,0.0,1015.5
2025-05-13 05:00:00+00:00,11.3,88,9.4,73,0,25,62,11.0,3.0,52.7,8.0,7.3,14.0,0.0,1016.1
2025-05-13 06:00:00+00:00,12.6,86,10.2,82,0,47,73,101.0,55.0,339.3,46.0,8.9,16.2,0.0,1016.5
2025-05-13 07:00:00+00:00,14.7,80,11.3,68,0,15,61,208.0,114.0,358.9,94.0,8.0,17.6,0.0,1016.9
2025-05-13 08:00:00+00:00,16.5,74,11.9,51,1,11,44,377.0,263.0,561.7,114.0,8.1,19.8,0.0,1017.4
2025-05-13 09:00:00+00:00,18.2,68,12.3,35,2,4,33,532.0,408.0,675.8,124.0,8.3,28.1,0.0,1017.5
2025-05-13 10:00:00+00:00,19.8,61,12.0,21,14,5,8,675.0,552.0,772.2,123.0,8.2,30.6,0.0,1017.7
2025-05-13 11:00:00+00:00,20.6,58,12.1,11,11,0,0,782.0,664.0,836.3,118.0,8.6,32.4,0.0,1017.7
2025-05-13 12:00:00+00:00,21.2,56,11.9,14,14,4,0,825.0,700.0,837.5,125.0,8.5,33.1,0.0,1017.8
2025-05-13 13:00:00+00:00,21.3,55,12.0,12,7,8,0,808.0,664.0,792.8,144.0,8.2,32.4,0.0,1017.6
2025-05-13 14:00:00+00:00,21.4,56,12.1,41,37,8,1,682.0,515.0,644.6,167.0,8.0,33.5,0.0,1017.3
2025-05-13 15:00:00+00:00,21.5,56,12.4,29,19,25,1,669.0,545.0,754.0,124.0,8.7,33.8,0.0,1017.2
2025-05-13 16:00:00+00:00,20.5,60,12.5,46,22,31,11,556.0,446.0,726.1,110.0,7.2,24.8,0.6,1017.3
2025-05-13 17:00:00+00:00,20.0,59,11.8,72,66,32,3,385.0,283.0,588.8,102.0,1.5,14.4,0.0,1017.3
2025-05-13 18:00:00+00:00,18.6,66,12.1,84,56,41,51,207.0,129.0,389.5,78.0,2.3,11.2,0.9,1017.6
2025-05-13 19:00:00+00:00,18.0,69,12.3,43,0,24,28,92.0,43.0,244.3,49.0,3.9,4.7,0.8,1017.7
2025-05-13 20:00:00+00:00,15.5,82,12.4,24,2,22,4,13.0,5.0,78.4,8.0,6.1,9.7,0.0,1017.9
2025-05-13 21:00:00+00:00,14.9,84,12.2,13,1,10,5,0.0,0.0,0.0,0.0,8.2,15.8,0.0,1018.7
2025-05-13 22:00:00+00:00,13.7,82,10.7,18,3,13,7,0.0,0.0,0.0,0.0,10.5,20.2,0.0,1019.4
2025-05-13 23:00:00+00:00,12.7,76,8.6,7,2,6,0,0.0,0.0,0.0,0.0,11.3,21.2,0.0,1019.6
2025-05-14 00:00:00+00:00,11.5,73,6.8,4,2,4,0,0.0,0.0,0.0,0.0,11.5,21.6,0.0,1019.6
2025-05-14 01:00:00+00:00,10.6,72,5.9,3,2,3,0,0.0,0.0,0.0,0.0,12.7,23.0,0.0,1019.7
2025-05-14 02:00:00+00:00,9.8,75,5.5,2,1,2,0,0.0,0.0,0.0,0.0,13.8,24.5,0.0,1019.8
2025-05-14 03:00:00+00:00,9.3,76,5.4,2,1,2,0,0.0,0.0,0.0,0.0,13.8,24.8,0.0,1019.9
2025-05-14 04:00:00+00:00,9.1,77,5.2,5,2,5,0,0.0,0.0,0.0,0.0,13.5,24.5,0.0,1019.8
2025-05-14 05:00:00+00:00,9.1,78,5.4,2,0,2,0,13.0,5.0,85.5,8.0,14.0,24.8,0.0,1020.1
2025-05-14 06:00:00+00:00,10.2,79,6.6,2,0,2,0,111.0,70.0,423.4,41.0,15.3,26.3,0.0,1020.2
2025-05-14 07:00:00+00:00,11.8,76,7.7,3,0,3,0,255.0,184.0,573.9,71.0,16.4,33.1,0.0,1020.5
2025-05-14 08:00:00+00:00,13.9,68,8.2,1,0,1,0,426.0,343.0,728.2,83.0,16.9,34.9,0.0,1020.5
2025-05-14 09:00:00+00:00,16.0,61,8.4,1,0,1,0,584.0,487.0,803.2,97.0,16.8,35.6,0.0,1020.6
2025-05-14 10:00:00+00:00,18.4,55,9.2,0,0,0,0,696.0,588.0,819.8,108.0,14.1,34.9,0.0,1020.7
2025-05-14 11:00:00+00:00,19.9,50,9.3,0,0,0,0,760.0,640.0,803.7,120.0,13.0,33.1,0.0,1020.6
2025-05-14 12:00:00+00:00,21.2,46,9.1,0,0,0,0,856.0,742.0,885.3,114.0,11.9,31.0,0.0,1020.5
2025-05-14 13:00:00+00:00,22.3,44,9.3,0,0,0,0,858.0,745.0,887.1,113.0,10.5,28.1,0.0,1020.4
2025-05-14 14:00:00+00:00,22.8,42,9.2,16,1,15,0,811.0,700.0,873.6,111.0,8.9,24.8,0.0,1020.5
2025-05-14 15:00:00+00:00,23.0,41,9.0,67,0,67,0,693.0,580.0,799.7,113.0,7.7,21.2,0.0,1020.2
2025-05-14 16:00:00+00:00,22.9,40,8.8,82,0,82,0,558.0,440.0,713.3,118.0,7.9,20.5,0.0,1019.9
2025-05-14 17:00:00+00:00,22.5,40,8.0,88,0,88,0,381.0,266.0,550.2,115.0,8.9,19.8,0.0,1020.0
2025-05-14 18:00:00+00:00,21.6,44,8.9,84,5,72,29,251.0,170.0,508.7,81.0,8.4,14.4,0.0,1020.2
2025-05-14 19:00:00+00:00,19.1,56,10.0,71,11,29,54,108.0,60.0,334.7,48.0,7.1,13.0,0.0,1020.6
2025-05-14 20:00:00+00:00,16.6,63,9.6,77,7,0,75,15.0,5.0,76.5,10.0,8.9,15.1,0.0,1021.4
2025-05-14 21:00:00+00:00,14.9,68,9.1,87,2,0,87,0.0,0.0,0.0,0.0,12.6,21.6,0.0,1022.1
2025-05-14 22:00:00+00:00,13.8,69,8.2,95,0,0,95,0.0,0.0,0.0,0.0,11.1,24.5,0.0,1023.0
2025-05-14 23:00:00+00:00,12.6,73,7.9,2,0,0,2,0.0,0.0,0.0,0.0,11.8,24.8,0.0,1023.2
2025-05-15 00:00:00+00:00,11.3,74,6.8,2,0,0,2,0.0,0.0,0.0,0.0,13.2,25.6,0.0,1023.5
2025-05-15 01:00:00+00:00,10.0,75,5.8,18,1,0,17,0.0,0.0,0.0,0.0,13.7,24.8,0.0,1023.7
2025-05-15 02:00:00+00:00,9.1,77,5.2,13,6,0,7,0.0,0.0,0.0,0.0,12.0,22.7,0.0,1023.8
2025-05-15 03:00:00+00:00,8.3,79,4.9,7,7,0,0,0.0,0.0,0.0,0.0,10.4,21.2,0.0,1023.8
2025-05-15 04:00:00+00:00,8.1,81,4.9,31,31,0,0,0.0,0.0,0.0,0.0,11.5,21.6,0.0,1023.9
2025-05-15 05:00:00+00:00,8.1,82,5.2,50,48,0,4,14.0,6.0,99.9,8.0,12.4,23.4,0.0,1024.2
2025-05-15 06:00:00+00:00,9.2,82,6.2,64,60,0,5,110.0,65.0,385.8,45.0,16.1,28.8,0.0,1024.5
2025-05-15 07:00:00+00:00,10.4,78,6.7,69,50,0,51,223.0,111.0,343.1,112.0,16.2,33.1,0.0,1024.8
2025-05-15 08:00:00+00:00,11.7,72,6.7,92,23,0,91,354.0,218.0,460.2,136.0,15.7,33.5,0.0,1024.7
2025-05-15 09:00:00+00:00,13.0,67,7.0,91,2,0,91,564.0,435.0,714.5,129.0,16.3,35.6,0.0,1024.8
2025-05-15 10:00:00+00:00,14.0,64,7.4,90,24,0,89,687.0,524.0,728.2,163.0,15.4,37.4,0.0,1024.9
2025-05-15 11:00:00+00:00,14.8,62,7.6,40,15,0,26,759.0,587.0,735.1,172.0,15.6,37.4,0.0,1024.8
2025-05-15 12:00:00+00:00,15.4,60,7.8,23,20,0,3,842.0,669.0,796.1,173.0,15.9,36.4,0.0,1025.1
2025-05-15 13:00:00+00:00,16.2,59,8.1,74,74,0,0,870.0,761.0,903.8,109.0,17.4,36.4,0.0,1024.7
2025-05-15 14:00:00+00:00,16.5,58,8.2,75,75,0,0,789.0,675.0,840.0,114.0,18.4,37.8,0.0,1024.8
2025-05-15 15:00:00+00:00,16.7,57,8.2,100,100,0,0,692.0,562.0,772.4,130.0,18.7,38.9,0.0,1024.8
2025-05-15 16:00:00+00:00,16.6,57,7.9,100,100,0,0,591.0,494.0,797.6,97.0,19.1,38.5,0.0,1024.9
2025-05-15 17:00:00+00:00,16.1,57,7.7,98,98,0,0,431.0,348.0,715.8,83.0,19.1,37.8,0.0,1024.9
2025-05-15 18:00:00+00:00,15.4,58,7.3,98,98,0,0,264.0,199.0,590.3,65.0,19.0,35.3,0.0,1025.2
2025-05-15 19:00:00+00:00,14.4,61,7.0,100,100,0,0,65.0,3.0,16.4,62.0,17.9,34.6,0.0,1025.3
2025-05-15 20:00:00+00:00,13.7,62,6.6,100,100,0,0,10.0,1.0,14.9,9.0,15.8,27.0,0.0,1025.9
2025-05-15 21:00:00+00:00,13.2,63,6.4,100,100,0,0,0.0,0.0,0.0,0.0,14.6,28.4,0.0,1026.5
2025-05-15 22:00:00+00:00,12.3,67,6.3,97,97,0,0,0.0,0.0,0.0,0.0,13.3,25.9,0.0,1026.7
2025-05-15 23:00:00+00:00,12.0,67,6.2,65,65,0,0,0.0,0.0,0.0,0.0,12.3,24.1,0.0,1026.8
2025-05-16 00:00:00+00:00,11.5,69,6.1,27,27,0,0,0.0,0.0,0.0,0.0,11.6,20.5,0.0,1026.8
2025-05-16 01:00:00+00:00,10.7,72,5.8,7,7,0,0,0.0,0.0,0.0,0.0,11.8,20.5,0.0,1026.9
2025-05-16 02:00:00+00:00,9.7,75,5.5,1,1,0,0,0.0,0.0,0.0,0.0,12.7,22.0,0.0,1026.7
2025-05-16 03:00:00+00:00,8.8,79,5.4,3,3,0,0,0.0,0.0,0.0,0.0,12.7,22.3,0.0,1026.6
2025-05-16 04:00:00+00:00,8.0,84,5.4,13,13,0,0,0.0,0.0,0.0,0.0,12.7,21.2,0.0,1026.7
2025-05-16 05:00:00+00:00,7.8,86,5.6,35,35,0,0,16.0,7.0,113.8,9.0,12.8,22.0,0.0,1026.8
2025-05-16 06:00:00+00:00,9.2,85,6.8,34,34,0,0,120.0,75.0,437.2,45.0,14.2,26.3,0.0,1026.9
2025-05-16 07:00:00+00:00,10.6,79,7.0,7,7,0,0,248.0,163.0,499.4,85.0,14.3,29.5,0.0,1027.0
2025-05-16 08:00:00+00:00,12.2,69,6.6,1,1,0,0,416.0,319.0,669.6,97.0,14.5,31.0,0.0,1027.0
2025-05-16 09:00:00+00:00,14.0,58,5.9,0,0,0,0,591.0,487.0,796.7,104.0,14.3,31.3,0.0,1027.0
2025-05-16 10:00:00+00:00,16.0,49,5.4,0,0,0,0,737.0,634.0,878.2,103.0,12.9,31.0,0.0,1026.5
2025-05-16 11:00:00+00:00,17.5,44,5.0,0,0,0,0,829.0,718.0,896.7,111.0,11.8,30.2,0.0,1026.1
2025-05-16 12:00:00+00:00,18.6,41,5.0,0,0,0,0,878.0,763.0,905.7,115.0,12.1,29.9,0.0,1025.8
2025-05-16 13:00:00+00:00,19.5,39,5.2,0,0,0,0,880.0,765.0,906.2,115.0,12.7,30.6,0.0,1025.4
2025-05-16 14:00:00+00:00,20.3,38,5.6,0,0,0,0,832.0,720.0,893.5,112.0,13.8,32.0,0.0,1024.7
2025-05-16 15:00:00+00:00,20.5,38,5.8,0,0,0,0,740.0,633.0,867.2,107.0,15.0,33.5,0.0,1024.2
2025-05-16 16:00:00+00:00,20.7,38,6.0,0,0,0,0,611.0,513.0,824.9,98.0,16.1,34.6,0.0,1023.7
2025-05-16 17:00:00+00:00,20.5,38,5.5,0,0,0,0,456.0,369.0,754.8,87.0,17.0,34.9,0.0,1023.4
2025-05-16 18:00:00+00:00,20.1,39,5.6,0,0,0,0,290.0,219.0,644.0,71.0,16.0,30.6,0.0,1023.3
2025-05-16 19:00:00+00:00,18.5,43,5.6,0,0,0,0,133.0,85.0,458.1,48.0,14.0,25.6,0.0,1023.2
2025-05-16 20:00:00+00:00,16.5,49,5.6,0,0,0,0,21.0,9.0,131.5,12.0,13.0,23.4,0.0,1023.5
2025-05-16 21:00:00+00:00,14.7,56,6.1,0,0,0,0,0.0,0.0,0.0,0.0,13.4,23.4,0.0,1023.9
2025-05-16 22:00:00+00:00,13.1,64,6.5,0,0,0,0,0.0,0.0,0.0,0.0,11.4,23.8,0.0,1024.1
2025-05-16 23:00:00+00:00,11.8,69,6.3,2,2,0,0,0.0,0.0,0.0,0.0,11.9,23.4,0.0,1024.4
2025-05-17 00:00:00+00:00,10.1,75,6.0,13,13,0,0,0.0,0.0,0.0,0.0,11.8,22.3,0.0,1024.4
2025-05-17 01:00:00+00:00,9.5,78,5.9,64,64,0,0,0.0,0.0,0.0,0.0,12.2,22.3,0.0,1024.5
2025-05-17 02:00:00+00:00,9.0,78,5.4,89,89,0,0,0.0,0.0,0.0,0.0,12.2,23.4,0.0,1024.3
2025-05-17 03:00:00+00:00,9.1,77,5.4,93,93,0,0,0.0,0.0,0.0,0.0,11.4,24.1,0.0,1023.9
2025-05-17 04:00:00+00:00,9.4,75,5.3,96,96,0,0,0.0,0.0,0.0,0.0,13.4,26.6,0.0,1023.9
2025-05-17 05:00:00+00:00,9.7,74,5.3,74,74,0,0,9.0,0.0,0.0,9.0,12.3,26.6,0.0,1023.9
2025-05-17 06:00:00+00:00,9.9,74,5.4,67,67,0,0,60.0,4.0,22.9,56.0,14.3,28.8,0.0,1024.1
2025-05-17 07:00:00+00:00,10.4,73,5.7,67,67,0,0,188.0,87.0,264.3,101.0,13.6,28.1,0.0,1024.0
2025-05-17 08:00:00+00:00,11.4,69,5.9,45,45,0,0,336.0,159.0,332.0,177.0,12.9,28.1,0.0,1024.0
2025-05-17 09:00:00+00:00,12.5,65,6.2,8,8,0,0,463.0,217.0,353.6,246.0,11.7,27.4,0.0,1023.7
2025-05-17 10:00:00+00:00,14.0,62,6.9,14,14,0,0,639.0,392.0,541.3,247.0,7.2,25.9,0.0,1023.8
2025-05-17 11:00:00+00:00,15.2,58,7.1,20,20,0,0,788.0,648.0,807.1,140.0,6.2,24.1,0.0,1023.5
2025-05-17 12:00:00+00:00,16.2,57,7.6,42,42,0,0,878.0,758.0,897.5,120.0,6.0,21.6,0.0,1022.9
2025-05-17 13:00:00+00:00,17.0,54,7.8,72,72,0,0,877.0,765.0,904.0,112.0,6.6,20.2,0.0,1022.5
2025-05-17 14:00:00+00:00,17.8,53,8.1,56,47,15,0,831.0,726.0,898.5,105.0,7.3,19.8,0.0,1022.3
2025-05-17 15:00:00+00:00,18.0,53,8.2,39,6,35,0,737.0,632.0,863.1,105.0,7.7,19.4,0.0,1021.6
2025-05-17 16:00:00+00:00,18.1,52,8.0,1,1,0,0,595.0,476.0,762.4,119.0,6.6,18.0,0.0,1021.4
2025-05-17 17:00:00+00:00,17.8,52,7.7,3,3,0,0,453.0,361.0,734.4,92.0,6.5,16.2,0.0,1021.1
2025-05-17 18:00:00+00:00,17.4,53,7.8,6,6,0,0,285.0,212.0,618.2,73.0,5.3,10.8,0.0,1020.9
2025-05-17 19:00:00+00:00,16.3,65,9.8,0,0,0,0,133.0,85.0,450.6,48.0,3.5,5.8,0.0,1020.9
2025-05-17 20:00:00+00:00,14.1,66,7.8,0,0,0,0,22.0,10.0,143.0,12.0,1.3,2.5,0.0,1021.2
2025-05-17 21:00:00+00:00,12.0,75,7.7,0,0,0,0,0.0,0.0,0.0,0.0,3.5,4.7,0.0,1021.5
2025-05-17 22:00:00+00:00,10.6,76,6.4,1,1,0,0,0.0,0.0,0.0,0.0,6.9,10.8,0.0,1021.9
2025-05-17 23:00:00+00:00,9.2,81,6.2,0,0,0,0,0.0,0.0,0.0,0.0,7.9,12.6,0.0,1021.9
2025-05-18 00:00:00+00:00,9.0,81,5.9,0,0,0,0,0.0,0.0,0.0,0.0,5.9,11.9,0.0,1021.6
2025-05-18 01:00:00+00:00,8.9,82,5.9,0,0,0,0,0.0,0.0,0.0,0.0,6.7,12.6,0.0,1021.4
2025-05-18 02:00:00+00:00,8.6,83,5.9,0,0,0,0,0.0,0.0,0.0,0.0,8.1,14.0,0.0,1021.2
2025-05-18 03:00:00+00:00,8.2,84,5.6,0,0,0,0,0.0,0.0,0.0,0.0,9.0,15.1,0.0,1021.0
2025-05-18 04:00:00+00:00,8.0,86,5.8,3,3,0,0,0.0,0.0,0.0,0.0,9.3,15.8,0.0,1020.8
2025-05-18 05:00:00+00:00,8.3,88,6.4,4,4,0,0,18.0,7.0,108.7,11.0,9.7,17.3,0.0,1020.9
2025-05-18 06:00:00+00:00,9.5,89,7.7,10,10,0,0,123.0,77.0,434.1,46.0,10.1,20.2,0.0,1021.2
2025-05-18 07:00:00+00:00,11.4,85,9.1,16,16,0,0,263.0,178.0,536.5,85.0,10.7,23.4,0.0,1021.3
2025-05-18 08:00:00+00:00,13.0,75,8.7,2,2,0,0,431.0,333.0,691.8,98.0,10.2,24.1,0.0,1021.1
2025-05-18 09:00:00+00:00,14.4,67,8.3,1,0,0,1,576.0,461.0,748.5,115.0,9.5,23.8,0.0,1020.9
2025-05-18 10:00:00+00:00,15.9,60,8.1,4,1,0,3,732.0,624.0,859.2,108.0,7.4,24.1,0.0,1020.7
2025-05-18 11:00:00+00:00,16.8,57,8.2,30,30,0,0,828.0,718.0,892.0,110.0,9.1,24.1,0.0,1020.3
2025-05-18 12:00:00+00:00,17.7,53,7.9,70,70,0,0,877.0,762.0,900.1,115.0,10.8,24.1,0.0,1019.7
2025-05-18 13:00:00+00:00,18.3,51,8.1,67,67,16,0,891.0,785.0,925.4,106.0,10.1,23.4,0.0,1019.1
2025-05-18 14:00:00+00:00,18.5,50,7.8,51,16,50,0,782.0,598.0,738.2,184.0,9.2,22.7,0.0,1018.7
2025-05-18 15:00:00+00:00,18.7,47,7.2,79,0,79,0,690.0,558.0,759.7,132.0,7.6,20.2,0.0,1018.2
2025-05-18 16:00:00+00:00,18.4,48,7.2,53,0,53,0,548.0,421.0,671.7,127.0,6.0,16.2,0.0,1018.0
2025-05-18 17:00:00+00:00,17.7,49,6.9,74,0,74,0,432.0,311.0,629.4,121.0,4.7,11.9,0.0,1017.8
2025-05-18 18:00:00+00:00,16.9,52,6.9,54,35,52,0,261.0,161.0,465.7,100.0,6.5,11.2,0.0,1017.9
2025-05-18 19:00:00+00:00,15.3,59,7.4,47,25,43,0,132.0,83.0,433.1,49.0,10.3,16.6,0.0,1018.6
2025-05-18 20:00:00+00:00,13.2,72,8.3,72,57,51,0,21.0,8.0,112.0,13.0,7.7,11.9,0.0,1019.4
2025-05-18 21:00:00+00:00,11.6,83,8.7,74,72,45,0,0.0,0.0,0.0,0.0,5.8,10.1,0.0,1019.8
2025-05-18 22:00:00+00:00,10.5,89,8.7,56,55,11,0,0.0,0.0,0.0,0.0,2.4,9.0,0.0,1020.1
2025-05-18 23:00:00+00:00,10.1,91,8.7,16,15,6,0,0.0,0.0,0.0,0.0,3.2,8.6,0.0,1020.0
2025-05-19 00:00:00+00:00,9.4,92,8.1,10,10,3,0,0.0,0.0,0.0,0.0,1.1,8.3,0.0,1020.0
2025-05-19 01:00:00+00:00,9.7,92,8.5,13,13,0,0,0.0,0.0,0.0,0.0,4.8,5.0,0.0,1019.8
2025-05-19 02:00:00+00:00,8.4,95,7.7,25,25,0,0,0.0,0.0,0.0,0.0,5.9,9.0,0.0,1019.9
2025-05-19 03:00:00+00:00,9.0,92,7.7,73,73,1,0,0.0,0.0,0.0,0.0,8.8,11.9,0.0,1019.9
2025-05-19 04:00:00+00:00,9.7,88,7.9,95,95,1,0,0.0,0.0,0.0,0.0,10.4,15.8,0.0,1020.0
2025-05-19 05:00:00+00:00,9.9,86,7.7,97,97,1,0,15.0,6.0,91.2,9.0,11.3,18.7,0.0,1020.4
2025-05-19 06:00:00+00:00,10.6,84,8.1,87,87,1,0,106.0,58.0,321.9,48.0,11.3,24.1,0.0,1020.7
2025-05-19 07:00:00+00:00,11.5,82,8.5,96,96,0,0,162.0,77.0,230.3,85.0,13.4,27.0,0.0,1020.9
2025-05-19 08:00:00+00:00,12.8,72,7.9,95,95,0,0,296.0,136.0,281.2,160.0,14.7,30.6,0.0,1021.0
2025-05-19 09:00:00+00:00,13.7,65,7.3,100,100,0,0,265.0,64.0,103.5,201.0,14.2,28.1,0.0,1020.8
2025-05-19 10:00:00+00:00,14.4,63,7.6,100,100,0,0,311.0,56.0,76.9,255.0,13.4,28.1,0.0,1020.8
2025-05-19 11:00:00+00:00,15.2,61,7.7,100,100,0,0,315.0,42.0,52.1,273.0,14.9,27.4,0.0,1020.4
2025-05-19 12:00:00+00:00,16.1,58,7.8,100,100,0,0,343.0,42.0,49.5,301.0,14.3,27.0,0.0,1020.4
2025-05-19 13:00:00+00:00,16.8,56,7.9,88,88,0,0,329.0,50.0,58.8,279.0,13.4,25.2,0.0,1020.0
2025-05-19 14:00:00+00:00,17.5,54,8.0,89,89,29,0,313.0,48.0,59.1,265.0,12.4,24.5,0.0,1019.6
2025-05-19 15:00:00+00:00,17.9,53,8.3,98,75,97,0,308.0,51.0,69.2,257.0,10.8,22.3,0.0,1019.3
2025-05-19 16:00:00+00:00,18.1,53,8.5,98,96,98,0,234.0,50.0,79.5,184.0,10.3,19.4,0.0,1019.0
2025-05-19 17:00:00+00:00,18.4,52,8.2,95,92,91,0,172.0,39.0,78.5,133.0,8.3,19.4,0.1,1019.1
2025-05-19 18:00:00+00:00,18.1,53,8.3,56,45,50,0,175.0,93.0,266.9,82.0,5.8,17.6,0.0,1019.1
2025-05-19 19:00:00+00:00,16.8,56,8.1,22,7,22,0,111.0,60.0,308.3,51.0,2.8,5.0,0.0,1019.2
2025-05-19 20:00:00+00:00,14.9,63,8.0,6,5,3,0,21.0,9.0,123.6,12.0,5.7,8.6,0.0,1019.5
2025-05-19 21:00:00+00:00,13.3,70,7.8,5,5,3,0,0.0,0.0,0.0,0.0,8.4,12.6,0.0,1020.0
2025-05-19 22:00:00+00:00,11.9,74,7.5,4,2,3,1,0.0,0.0,0.0,0.0,9.1,15.1,0.0,1020.6
2025-05-19 23:00:00+00:00,11.3,75,6.9,2,1,1,0,0.0,0.0,0.0,0.0,9.2,16.6,0.0,1020.7
2025-05-20 00:00:00+00:00,10.3,75,6.1,1,1,1,0,0.0,0.0,0.0,0.0,8.6,16.6,0.0,1020.8
2025-05-20 01:00:00+00:00,9.8,75,5.6,0,0,0,0,0.0,0.0,0.0,0.0,8.3,16.6,0.0,1021.0
2025-05-20 02:00:00+00:00,8.6,77,4.9,1,0,1,0,0.0,0.0,0.0,0.0,8.8,16.9,0.0,1020.8
2025-05-20 03:00:00+00:00,8.1,78,4.5,2,2,1,0,0.0,0.0,0.0,0.0,9.1,18.4,0.0,1020.9
2025-05-20 04:00:00+00:00,8.1,80,4.8,2,2,2,0,0.0,0.0,0.0,0.0,10.5,19.1,0.0,1020.9
2025-05-20 05:00:00+00:00,8.1,81,5.0,6,2,2,3,19.0,8.0,119.3,11.0,12.5,21.6,0.0,1021.1
2025-05-20 06:00:00+00:00,9.7,80,6.3,12,2,2,10,121.0,75.0,410.2,46.0,13.0,24.5,0.0,1021.3
2025-05-20 07:00:00+00:00,12.1,72,7.1,13,0,0,13,283.0,207.0,614.6,76.0,12.4,25.6,0.0,1021.8
2025-05-20 08:00:00+00:00,14.4,63,7.4,52,0,0,52,432.0,338.0,695.5,94.0,12.3,27.0,0.0,1021.7
2025-05-20 09:00:00+00:00,16.3,54,7.1,82,0,1,82,530.0,405.0,653.0,125.0,12.6,28.1,0.0,1021.7
2025-05-20 10:00:00+00:00,18.2,46,6.3,85,0,0,85,712.0,559.0,765.4,153.0,9.9,27.4,0.0,1021.6
2025-05-20 11:00:00+00:00,19.3,43,6.3,86,0,0,86,798.0,618.0,764.1,180.0,7.8,23.8,0.0,1021.4
2025-05-20 12:00:00+00:00,20.2,40,6.0,78,0,0,78,860.0,688.0,809.1,172.0,4.9,19.4,0.0,1021.0
2025-05-20 13:00:00+00:00,20.9,37,5.7,51,1,0,51,849.0,656.0,769.8,193.0,2.1,15.5,0.0,1020.6
2025-05-20 14:00:00+00:00,21.3,36,5.7,43,4,7,36,807.0,635.0,780.0,172.0,2.0,15.8,0.0,1020.4
2025-05-20 15:00:00+00:00,21.4,36,5.6,55,7,9,50,681.0,528.0,714.6,153.0,4.3,16.6,0.0,1020.0
2025-05-20 16:00:00+00:00,21.5,34,5.1,89,0,21,85,546.0,395.0,625.6,151.0,5.6,16.9,0.0,1019.7
2025-05-20 17:00:00+00:00,20.9,35,4.7,96,0,36,93,362.0,165.0,330.5,197.0,6.1,14.4,0.0,1019.5
2025-05-20 18:00:00+00:00,20.1,41,6.4,99,0,53,97,200.0,73.0,207.9,127.0,6.3,9.4,0.0,1019.1
2025-05-20 19:00:00+00:00,18.3,52,8.2,99,0,73,99,88.0,26.0,131.6,62.0,5.9,10.1,0.0,1018.9
2025-05-20 20:00:00+00:00,16.3,52,6.4,100,0,95,100,14.0,1.0,13.5,13.0,6.4,10.1,0.0,1018.9
2025-05-20 21:00:00+00:00,15.9,50,5.6,100,3,100,100,0.0,0.0,0.0,0.0,6.8,10.8,0.0,1018.9
2025-05-20 22:00:00+00:00,14.6,57,6.1,100,0,88,95,0.0,0.0,0.0,0.0,6.2,13.3,0.0,1018.8
2025-05-20 23:00:00+00:00,14.3,56,5.6,100,5,97,100,0.0,0.0,0.0,0.0,8.8,18.7,0.0,1018.8
2025-05-21 00:00:00+00:00,14.3,56,5.6,100,5,100,100,0.0,0.0,0.0,0.0,10.2,22.3,0.0,1018.4
2025-05-21 01:00:00+00:00,13.9,60,6.1,100,0,100,100,0.0,0.0,0.0,0.0,11.2,23.0,0.0,1018.6
2025-05-21 02:00:00+00:00,13.2,67,7.2,100,0,100,100,0.0,0.0,0.0,0.0,11.5,22.7,0.1,1018.2
2025-05-21 03:00:00+00:00,12.7,75,8.4,100,1,99,100,0.0,0.0,0.0,0.0,12.6,19.4,0.2,1018.2
2025-05-21 04:00:00+00:00,12.3,81,9.1,100,0,100,97,0.0,0.0,0.0,0.0,11.3,16.6,0.3,1017.8
2025-05-21 05:00:00+00:00,11.9,87,9.8,100,1,100,97,6.0,0.0,0.0,6.0,10.1,14.0,0.4,1017.5
2025-05-21 06:00:00+00:00,11.8,92,10.5,100,41,100,99,32.0,0.0,0.0,32.0,9.2,11.2,0.4,1017.6
2025-05-21 07:00:00+00:00,12.2,93,11.1,100,40,100,100,47.0,0.0,0.0,47.0,8.9,16.2,0.9,1017.5
2025-05-21 08:00:00+00:00,12.6,91,11.2,100,40,100,100,82.0,0.0,0.0,82.0,8.2,15.8,0.8,1017.7
2025-05-21 09:00:00+00:00,12.8,88,10.9,100,61,100,100,150.0,0.0,0.0,150.0,9.3,19.1,0.7,1017.2
2025-05-21 10:00:00+00:00,13.5,86,11.2,100,63,100,100,192.0,1.0,1.4,191.0,6.7,19.1,0.6,1017.4
2025-05-21 11:00:00+00:00,13.8,85,11.4,100,44,100,100,224.0,8.0,9.9,216.0,6.4,22.0,0.6,1017.4
2025-05-21 12:00:00+00:00,15.1,81,11.9,100,47,95,99,365.0,58.0,68.1,307.0,6.8,28.8,0.5,1017.2
2025-05-21 13:00:00+00:00,15.8,78,12.0,100,27,91,99,401.0,75.0,87.8,326.0,6.3,31.3,0.4,1017.0
2025-05-21 14:00:00+00:00,16.6,75,12.1,100,49,86,100,431.0,86.0,105.4,345.0,5.9,31.7,0.3,1016.8
2025-05-21 15:00:00+00:00,16.5,76,12.2,94,23,63,91,368.0,81.0,109.3,287.0,4.2,31.0,0.2,1016.7
2025-05-21 16:00:00+00:00,16.7,73,11.9,86,30,53,63,342.0,118.0,186.2,224.0,5.5,30.2,0.2,1016.5
2025-05-21 17:00:00+00:00,16.4,74,11.8,50,32,33,16,270.0,123.0,245.2,147.0,7.8,29.9,1.3,1016.2
2025-05-21 18:00:00+00:00,15.7,78,11.9,99,98,59,14,174.0,72.0,203.5,102.0,7.4,12.2,0.2,1016.3
2025-05-21 19:00:00+00:00,15.6,80,12.1,59,43,36,8,84.0,33.0,164.7,51.0,3.2,11.9,1.6,1016.9
2025-05-21 20:00:00+00:00,15.3,78,11.4,22,5,21,0,23.0,8.0,105.8,15.0,3.7,6.1,0.2,1017.3
2025-05-21 21:00:00+00:00,12.8,89,11.0,7,4,7,0,0.0,0.0,0.0,0.0,6.7,8.6,0.0,1017.9
2025-05-21 22:00:00+00:00,10.3,98,10.1,55,49,8,0,0.0,0.0,0.0,0.0,5.9,9.0,0.0,1018.2
2025-05-21 23:00:00+00:00,10.2,97,9.8,45,40,5,0,0.0,0.0,0.0,0.0,5.3,8.6,0.0,1018.3
2025-05-22 00:00:00+00:00,9.3,97,8.8,44,43,1,0,0.0,0.0,0.0,0.0,5.2,11.5,0.0,1018.3
2025-05-22 01:00:00+00:00,8.7,94,7.8,42,41,1,0,0.0,0.0,0.0,0.0,6.2,13.0,0.0,1018.2
2025-05-22 02:00:00+00:00,7.4,94,6.5,8,8,0,0,0.0,0.0,0.0,0.0,6.4,11.5,0.0,1018.1
2025-05-22 03:00:00+00:00,6.4,96,5.7,3,3,0,0,0.0,0.0,0.0,0.0,5.5,9.0,0.0,1018.1
2025-05-22 04:00:00+00:00,6.3,94,5.4,3,3,0,0,0.0,0.0,0.0,0.0,5.1,6.8,0.0,1018.1
2025-05-22 05:00:00+00:00,6.1,98,5.8,3,3,0,0,21.0,9.0,129.4,12.0,4.4,5.4,0.0,1018.6
2025-05-22 06:00:00+00:00,8.3,97,7.9,5,5,1,0,131.0,82.0,436.5,49.0,3.1,9.0,0.0,1018.8
2025-05-22 07:00:00+00:00,10.7,92,9.5,11,11,1,0,262.0,166.0,486.2,96.0,3.2,12.6,0.0,1019.0
2025-05-22 08:00:00+00:00,12.9,86,10.6,19,18,1,0,377.0,243.0,495.7,134.0,3.5,14.4,0.0,1018.9
2025-05-22 09:00:00+00:00,14.7,80,11.2,60,59,2,0,503.0,350.0,560.8,153.0,1.3,13.0,0.0,1018.7
2025-05-22 10:00:00+00:00,15.8,73,11.0,60,58,18,0,564.0,376.0,512.2,188.0,2.4,12.6,0.1,1018.7
2025-05-22 11:00:00+00:00,16.6,67,10.5,45,36,28,0,505.0,257.0,316.4,248.0,1.4,13.0,0.3,1018.6
2025-05-22 12:00:00+00:00,17.3,63,10.3,55,36,46,0,550.0,331.0,387.6,219.0,1.4,13.7,0.3,1018.4
2025-05-22 13:00:00+00:00,17.4,63,10.3,41,22,37,0,541.0,310.0,362.2,231.0,1.4,14.0,0.2,1018.4
2025-05-22 14:00:00+00:00,17.5,62,10.2,54,24,51,0,657.0,480.0,586.8,177.0,3.3,16.9,0.3,1018.4
2025-05-22 15:00:00+00:00,17.2,62,9.9,48,16,47,0,473.0,298.0,401.1,175.0,6.4,17.6,0.1,1018.6
2025-05-22 16:00:00+00:00,17.1,63,9.9,41,24,35,0,373.0,220.0,346.0,153.0,8.1,19.8,0.1,1018.6
2025-05-22 17:00:00+00:00,16.9,61,9.4,44,19,39,0,262.0,139.0,275.8,123.0,9.0,20.2,0.1,1018.7
2025-05-22 18:00:00+00:00,16.3,61,8.7,38,26,35,0,224.0,141.0,395.6,83.0,9.3,19.8,0.0,1019.1
2025-05-22 19:00:00+00:00,15.4,62,8.3,81,75,59,0,111.0,64.0,315.1,47.0,8.1,14.8,0.0,1019.5
2025-05-22 20:00:00+00:00,14.4,64,7.7,100,99,87,0,9.0,2.0,26.0,7.0,7.7,15.8,0.0,1020.2
2025-05-22 21:00:00+00:00,13.3,66,7.1,100,99,95,0,0.0,0.0,0.0,0.0,7.7,15.8,0.0,1020.6
2025-05-22 22:00:00+00:00,12.4,70,7.0,99,97,92,0,0.0,0.0,0.0,0.0,9.4,17.6,0.0,1020.8
2025-05-22 23:00:00+00:00,11.9,72,7.0,96,94,89,0,0.0,0.0,0.0,0.0,9.2,17.3,0.0,1021.1
2025-05-23 00:00:00+00:00,11.2,76,7.1,79,78,54,0,0.0,0.0,0.0,0.0,6.8,14.4,0.0,1021.2
2025-05-23 01:00:00+00:00,10.3,82,7.4,55,52,34,0,0.0,0.0,0.0,0.0,5.7,11.5,0.0,1021.0
2025-05-23 02:00:00+00:00,9.9,84,7.4,43,42,23,0,0.0,0.0,0.0,0.0,5.6,10.8,0.0,1020.9
2025-05-23 03:00:00+00:00,9.2,89,7.4,23,23,4,0,0.0,0.0,0.0,0.0,5.7,9.7,0.0,1020.7
2025-05-23 04:00:00+00:00,9.2,89,7.4,22,22,2,0,0.0,0.0,0.0,0.0,6.5,7.2,0.0,1020.9
2025-05-23 05:00:00+00:00,9.2,89,7.6,28,28,3,0,17.0,6.0,84.9,11.0,4.9,9.0,0.0,1021.0
2025-05-23 06:00:00+00:00,10.6,87,8.5,33,33,1,0,107.0,59.0,310.1,48.0,5.8,14.4,0.0,1021.1
2025-05-23 07:00:00+00:00,12.3,77,8.4,18,17,7,0,238.0,149.0,433.6,89.0,8.2,19.4,0.0,1021.2
2025-05-23 08:00:00+00:00,13.6,71,8.5,28,26,17,0,416.0,333.0,676.5,83.0,9.3,22.0,0.0,1021.2
2025-05-23 09:00:00+00:00,14.7,66,8.3,69,68,27,0,519.0,401.0,640.6,118.0,9.9,23.8,0.0,1021.1
2025-05-23 10:00:00+00:00,15.8,58,7.7,84,78,61,2,566.0,391.0,531.4,175.0,9.9,28.1,0.1,1020.8
2025-05-23 11:00:00+00:00,15.6,61,8.0,92,63,71,37,432.0,205.0,251.8,227.0,13.5,32.8,0.1,1020.5
2025-05-23 12:00:00+00:00,15.8,63,8.7,94,65,62,72,486.0,282.0,329.6,204.0,16.7,36.4,0.1,1020.4
2025-05-23 13:00:00+00:00,16.3,63,9.3,99,69,47,94,438.0,153.0,178.4,285.0,18.2,37.4,0.1,1020.1
2025-05-23 14:00:00+00:00,16.7,62,9.5,100,45,61,100,424.0,216.0,263.5,208.0,18.0,34.9,0.1,1019.7
2025-05-23 15:00:00+00:00,17.9,58,9.4,91,59,73,36,446.0,241.0,323.5,205.0,17.8,32.4,0.0,1019.3
2025-05-23 16:00:00+00:00,18.3,53,8.7,80,39,76,16,321.0,145.0,227.3,176.0,18.7,29.5,0.1,1018.8
2025-05-23 17:00:00+00:00,18.2,51,8.0,95,33,49,90,279.0,104.0,205.4,175.0,19.5,27.7,0.0,1018.5
2025-05-23 18:00:00+00:00,17.3,56,8.5,99,21,44,99,219.0,90.0,250.8,129.0,18.9,25.2,0.0,1018.3
2025-05-23 19:00:00+00:00,16.0,64,9.2,100,11,92,100,95.0,22.0,106.9,73.0,16.6,31.7,0.0,1018.2
2025-05-23 20:00:00+00:00,14.9,71,9.8,100,4,100,99,18.0,1.0,12.8,17.0,15.0,27.0,0.0,1018.1
2025-05-23 21:00:00+00:00,14.2,76,10.1,100,1,100,100,0.0,0.0,0.0,0.0,13.2,22.7,0.0,1018.0
2025-05-23 22:00:00+00:00,13.9,83,11.0,100,4,95,100,0.0,0.0,0.0,0.0,11.5,21.2,0.0,1017.9
2025-05-23 23:00:00+00:00,13.9,81,10.7,93,0,88,60,0.0,0.0,0.0,0.0,12.1,21.2,0.0,1017.6
2025-05-24 00:00:00+00:00,13.7,80,10.3,100,2,98,100,0.0,0.0,0.0,0.0,13.2,21.6,0.0,1017.2
2025-05-24 01:00:00+00:00,13.5,83,10.6,100,13,100,97,0.0,0.0,0.0,0.0,13.7,18.7,0.2,1016.7
2025-05-24 02:00:00+00:00,13.5,85,11.1,100,59,97,99,0.0,0.0,0.0,0.0,13.7,21.6,0.5,1016.1
2025-05-24 03:00:00+00:00,13.7,90,12.1,100,100,89,99,0.0,0.0,0.0,0.0,15.9,28.8,0.5,1015.3
2025-05-24 04:00:00+00:00,14.0,95,13.1,100,100,95,95,0.0,0.0,0.0,0.0,17.4,32.4,0.4,1014.9
2025-05-24 05:00:00+00:00,14.4,96,13.8,100,100,98,99,3.0,0.0,0.0,3.0,18.5,33.1,0.1,1014.1
2025-05-24 06:00:00+00:00,14.9,96,14.2,100,100,99,98,26.0,0.0,0.0,26.0,18.4,32.8,0.0,1013.8
2025-05-24 07:00:00+00:00,15.6,93,14.5,100,100,97,97,69.0,1.0,2.9,68.0,21.2,38.9,0.1,1013.6
2025-05-24 08:00:00+00:00,16.2,91,14.7,100,100,99,99,80.0,0.0,0.0,80.0,23.3,38.2,0.0,1013.5
2025-05-24 09:00:00+00:00,16.4,89,14.6,100,100,99,97,123.0,1.0,1.6,122.0,22.2,45.0,0.1,1013.8
2025-05-24 10:00:00+00:00,17.1,86,14.6,100,94,77,96,215.0,21.0,28.5,194.0,21.2,46.8,0.1,1013.6
2025-05-24 11:00:00+00:00,17.6,82,14.4,100,100,30,100,302.0,36.0,44.1,266.0,24.2,50.0,0.1,1013.2
2025-05-24 12:00:00+00:00,18.0,79,14.4,100,100,92,99,299.0,41.0,47.8,258.0,24.2,48.6,0.1,1013.0
2025-05-24 13:00:00+00:00,18.4,77,14.4,100,100,96,99,332.0,40.0,46.6,292.0,21.9,47.2,0.0,1013.2
2025-05-24 14:00:00+00:00,18.2,77,14.2,100,100,100,99,265.0,16.0,19.5,249.0,20.9,46.1,0.0,1012.9
2025-05-24 15:00:00+00:00,18.2,78,14.2,100,97,99,100,276.0,35.0,46.9,241.0,18.7,45.0,0.0,1012.8
2025-05-24 16:00:00+00:00,17.9,80,14.4,100,99,94,99,211.0,17.0,26.6,194.0,19.6,42.5,0.0,1012.5
2025-05-24 17:00:00+00:00,17.7,81,14.4,100,92,94,98,138.0,8.0,15.7,130.0,19.3,37.8,0.0,1012.0
2025-05-24 18:00:00+00:00,17.5,81,14.3,100,72,70,99,96.0,6.0,16.6,90.0,19.9,33.8,0.0,1011.8
2025-05-24 19:00:00+00:00,17.0,83,14.0,100,79,6,100,59.0,2.0,9.6,57.0,20.4,37.1,0.0,1011.7
2025-05-24 20:00:00+00:00,16.0,86,13.6,100,52,17,99,14.0,0.0,0.0,14.0,23.1,43.9,0.0,1011.4
2025-05-24 21:00:00+00:00,15.5,87,13.3,100,29,94,100,0.0,0.0,0.0,0.0,23.7,43.9,0.0,1011.2
2025-05-24 22:00:00+00:00,15.0,89,13.2,100,94,53,99,0.0,0.0,0.0,0.0,23.3,44.3,0.0,1010.7
2025-05-24 23:00:00+00:00,14.9,90,13.3,100,100,90,100,0.0,0.0,0.0,0.0,25.5,46.4,0.2,1010.2
2025-05-25 00:00:00+00:00,14.8,90,13.2,100,100,90,75,0.0,0.0,0.0,0.0,27.2,48.2,0.4,1009.6
2025-05-25 01:00:00+00:00,14.6,93,13.5,100,100,41,0,0.0,0.0,0.0,0.0,26.9,49.7,0.3,1008.7
2025-05-25 02:00:00+00:00,14.7,94,13.8,99,99,8,0,0.0,0.0,0.0,0.0,25.5,50.4,0.1,1008.3
2025-05-25 03:00:00+00:00,14.6,94,13.6,89,89,2,0,0.0,0.0,0.0,0.0,24.3,42.8,0.0,1008.1
2025-05-25 04:00:00+00:00,14.1,92,12.9,82,82,21,0,0.0,0.0,0.0,0.0,24.0,41.0,0.0,1008.0
2025-05-25 05:00:00+00:00,13.9,91,12.5,94,94,41,0,17.0,4.0,54.9,13.0,24.0,40.3,0.0,1008.0
2025-05-25 06:00:00+00:00,14.3,90,12.7,82,79,43,0,65.0,22.0,113.0,43.0,24.9,44.3,0.1,1008.3
2025-05-25 07:00:00+00:00,15.0,86,12.8,54,53,34,0,152.0,45.0,129.4,107.0,21.3,41.0,0.1,1008.5
2025-05-25 08:00:00+00:00,15.5,81,12.3,38,37,19,0,392.0,290.0,584.8,102.0,25.0,49.0,0.1,1009.3
2025-05-25 09:00:00+00:00,16.3,71,10.9,44,43,5,0,520.0,372.0,591.0,148.0,28.1,55.1,0.0,1010.1
2025-05-25 10:00:00+00:00,16.7,57,8.2,56,51,2,11,597.0,396.0,535.9,201.0,26.4,56.5,0.0,1010.8
2025-05-25 11:00:00+00:00,17.1,53,7.4,34,26,2,9,670.0,399.0,488.3,271.0,26.7,55.1,0.0,1011.2
2025-05-25 12:00:00+00:00,17.8,48,6.7,30,29,4,0,754.0,562.0,654.5,192.0,26.8,58.0,0.0,1011.7
2025-05-25 13:00:00+00:00,17.9,46,6.2,48,41,2,14,648.0,398.0,462.4,250.0,26.8,56.9,0.0,1012.0
2025-05-25 14:00:00+00:00,17.9,47,6.4,41,13,14,29,522.0,291.0,353.5,231.0,25.6,54.4,0.0,1012.4
2025-05-25 15:00:00+00:00,17.1,51,6.8,54,50,13,9,311.0,140.0,187.0,171.0,26.6,49.3,0.0,1012.7
2025-05-25 16:00:00+00:00,17.4,50,7.0,68,53,63,6,449.0,247.0,384.7,202.0,26.7,49.7,0.0,1012.9
2025-05-25 17:00:00+00:00,17.1,50,6.5,68,61,53,0,289.0,150.0,293.7,139.0,25.5,47.5,0.0,1013.2
2025-05-25 18:00:00+00:00,16.5,51,6.4,61,59,37,0,149.0,54.0,148.5,95.0,23.4,40.7,0.0,1013.7
2025-05-25 19:00:00+00:00,15.4,56,6.7,44,38,40,0,105.0,51.0,241.7,54.0,20.6,38.5,0.0,1014.0
2025-05-25 20:00:00+00:00,14.4,60,6.8,23,4,22,0,26.0,9.0,111.5,17.0,18.9,34.6,0.0,1014.5
2025-05-25 21:00:00+00:00,13.3,66,7.1,16,4,14,0,0.0,0.0,0.0,0.0,18.5,32.8,0.0,1015.1
2025-05-25 22:00:00+00:00,12.8,71,7.6,64,4,64,0,0.0,0.0,0.0,0.0,17.5,32.8,0.0,1015.6
2025-05-25 23:00:00+00:00,12.2,74,7.8,53,11,49,0,0.0,0.0,0.0,0.0,19.9,32.4,0.0,1015.6
2025-05-26 00:00:00+00:00,11.6,78,7.8,38,21,28,0,0.0,0.0,0.0,0.0,20.2,31.3,0.0,1015.8
2025-05-26 01:00:00+00:00,11.3,81,8.1,49,40,14,6,0.0,0.0,0.0,0.0,18.0,30.6,0.0,1015.9
2025-05-26 02:00:00+00:00,11.1,82,8.2,54,44,2,20,0.0,0.0,0.0,0.0,16.9,29.9,0.0,1016.1
2025-05-26 03:00:00+00:00,10.9,84,8.3,54,41,5,22,0.0,0.0,0.0,0.0,16.5,28.1,0.0,1016.1
2025-05-26 04:00:00+00:00,10.9,85,8.4,60,31,4,42,0.0,0.0,0.0,0.0,15.8,26.6,0.0,1016.4
2025-05-26 05:00:00+00:00,11.3,85,8.8,81,25,8,72,22.0,8.0,108.4,14.0,15.3,27.4,0.0,1016.5
2025-05-26 06:00:00+00:00,12.4,83,9.5,92,18,9,88,100.0,29.0,147.4,71.0,15.1,27.4,0.0,1017.0
2025-05-26 07:00:00+00:00,13.5,77,9.6,97,30,19,95,253.0,148.0,423.5,105.0,20.7,41.4,0.0,1017.3
2025-05-26 08:00:00+00:00,14.4,72,9.3,98,37,32,94,368.0,237.0,476.3,131.0,21.3,42.1,0.1,1017.5
2025-05-26 09:00:00+00:00,15.2,67,9.1,90,37,65,69,406.0,229.0,362.9,177.0,23.3,44.6,0.2,1017.5
2025-05-26 10:00:00+00:00,15.6,64,8.8,99,23,68,92,416.0,226.0,305.2,190.0,21.3,46.1,0.2,1017.5
2025-05-26 11:00:00+00:00,15.8,70,10.3,92,39,79,53,510.0,309.0,377.5,201.0,23.9,52.6,0.2,1017.4
2025-05-26 12:00:00+00:00,16.5,69,10.9,75,16,69,4,586.0,375.0,436.0,211.0,25.1,57.6,0.0,1017.1
2025-05-26 13:00:00+00:00,17.2,67,11.1,70,51,52,18,637.0,445.0,516.1,192.0,28.4,62.3,0.1,1016.8
2025-05-26 14:00:00+00:00,17.5,65,10.7,65,45,62,0,512.0,269.0,326.1,243.0,31.3,54.0,0.1,1016.5
2025-05-26 15:00:00+00:00,17.0,66,10.5,69,49,58,8,434.0,197.0,262.6,237.0,31.5,55.4,0.1,1016.4
2025-05-26 16:00:00+00:00,16.1,71,10.8,98,52,55,88,376.0,220.0,341.7,156.0,31.9,54.4,0.0,1016.1
2025-05-26 17:00:00+00:00,15.5,72,10.6,100,46,73,99,249.0,108.0,210.6,141.0,29.5,51.8,0.0,1015.7
2025-05-26 18:00:00+00:00,15.0,76,10.9,99,43,80,97,132.0,27.0,73.8,105.0,27.3,47.5,0.0,1015.5
2025-05-26 19:00:00+00:00,14.6,79,11.0,100,53,84,99,55.0,7.0,32.8,48.0,27.0,50.0,0.0,1015.3
2025-05-26 20:00:00+00:00,14.3,80,10.9,96,36,79,87,12.0,1.0,12.2,11.0,27.0,52.2,0.0,1014.8
2025-05-26 21:00:00+00:00,14.1,82,11.1,74,24,72,13,0.0,0.0,0.0,0.0,26.7,49.0,0.3,1014.7
2025-05-26 22:00:00+00:00,13.7,86,11.5,95,35,89,44,0.0,0.0,0.0,0.0,25.2,51.8,0.0,1014.4
2025-05-26 23:00:00+00:00,13.9,87,11.7,96,79,67,54,0.0,0.0,0.0,0.0,28.6,55.8,0.1,1013.5
2025-05-27 00:00:00+00:00,13.7,89,11.9,100,100,60,80,0.0,0.0,0.0,0.0,30.9,57.2,0.6,1013.1
2025-05-27 01:00:00+00:00,13.9,91,12.5,100,100,41,96,0.0,0.0,0.0,0.0,28.7,52.6,0.1,1012.6
2025-05-27 02:00:00+00:00,14.3,91,12.8,100,92,3,94,0.0,0.0,0.0,0.0,24.6,45.0,0.0,1012.2
2025-05-27 03:00:00+00:00,14.0,88,12.0,99,61,3,96,0.0,0.0,0.0,0.0,22.1,41.0,0.0,1012.4
2025-05-27 04:00:00+00:00,13.5,87,11.3,81,64,0,52,0.0,0.0,0.0,0.0,19.9,38.5,0.0,1012.7
2025-05-27 05:00:00+00:00,13.4,87,11.2,95,94,0,6,18.0,5.0,66.9,13.0,18.4,37.1,0.0,1012.9
2025-05-27 06:00:00+00:00,13.9,87,11.8,94,92,10,3,94.0,34.0,171.2,60.0,18.1,34.9,0.0,1013.5
2025-05-27 07:00:00+00:00,14.7,82,11.6,90,61,73,38,180.0,57.0,162.3,123.0,22.9,43.2,0.0,1014.1
2025-05-27 08:00:00+00:00,15.3,77,11.2,99,65,90,93,214.0,64.0,128.2,150.0,22.0,41.0,0.0,1014.0
2025-05-27 09:00:00+00:00,15.1,78,11.3,100,99,100,100,238.0,16.0,25.3,222.0,19.7,39.6,0.1,1013.8
2025-05-27 10:00:00+00:00,13.9,88,12.0,100,100,100,100,101.0,1.0,1.3,100.0,17.2,37.4,0.6,1013.5
2025-05-27 11:00:00+00:00,13.8,99,13.6,100,100,100,99,72.0,0.0,0.0,72.0,20.0,48.2,1.0,1012.4
2025-05-27 12:00:00+00:00,15.1,98,14.8,100,100,100,98,58.0,0.0,0.0,58.0,31.6,53.6,0.9,1012.3
2025-05-27 13:00:00+00:00,15.7,94,14.7,100,100,93,78,80.0,0.0,0.0,80.0,30.3,62.3,1.2,1012.1
2025-05-27 14:00:00+00:00,15.4,97,14.9,100,100,81,98,137.0,0.0,0.0,137.0,30.2,48.2,1.0,1012.0
2025-05-27 15:00:00+00:00,15.6,93,14.5,100,100,45,82,113.0,10.0,13.3,103.0,34.9,52.9,0.6,1011.8
2025-05-27 16:00:00+00:00,15.7,92,14.3,100,100,45,93,127.0,0.0,0.0,127.0,34.7,54.0,0.1,1011.8
2025-05-27 17:00:00+00:00,15.6,91,14.2,100,100,59,98,100.0,1.0,1.9,99.0,29.2,52.2,0.0,1011.9
2025-05-27 18:00:00+00:00,15.4,92,14.1,100,100,58,99,50.0,0.0,0.0,50.0,27.8,53.3,0.1,1012.1
2025-05-27 19:00:00+00:00,15.2,93,14.1,100,100,98,100,24.0,0.0,0.0,24.0,26.5,48.6,0.2,1012.3
2025-05-27 20:00:00+00:00,15.0,94,14.1,100,100,85,96,6.0,0.0,0.0,6.0,25.0,46.4,0.1,1012.5
2025-05-27 21:00:00+00:00,15.1,94,14.2,100,100,90,96,0.0,0.0,0.0,0.0,23.8,44.6,0.1,1012.8
2025-05-27 22:00:00+00:00,15.0,95,14.2,100,100,97,72,0.0,0.0,0.0,0.0,23.4,42.5,0.0,1013.1
2025-05-27 23:00:00+00:00,15.1,95,14.2,100,100,89,63,0.0,0.0,0.0,0.0,22.8,42.8,0.0,1013.0
2025-05-28 00:00:00+00:00,15.1,94,14.2,100,100,98,63,0.0,0.0,0.0,0.0,23.7,45.4,0.1,1012.8
2025-05-28 01:00:00+00:00,15.0,93,13.9,82,79,59,0,0.0,0.0,0.0,0.0,25.5,42.5,0.1,1012.7
2025-05-28 02:00:00+00:00,14.8,92,13.4,55,54,15,0,0.0,0.0,0.0,0.0,21.5,38.5,0.1,1012.8
2025-05-28 03:00:00+00:00,14.6,90,12.9,89,85,0,16,0.0,0.0,0.0,0.0,20.1,37.8,0.0,1012.6
2025-05-28 04:00:00+00:00,14.5,88,12.4,84,61,0,50,0.0,0.0,0.0,0.0,20.1,38.2,0.0,1013.0
2025-05-28 05:00:00+00:00,14.0,86,11.7,62,62,0,0,15.0,3.0,39.7,12.0,19.8,38.2,0.0,1013.6
2025-05-28 06:00:00+00:00,14.2,84,11.5,41,41,1,1,95.0,38.0,189.6,57.0,19.7,39.6,0.0,1014.3
2025-05-28 07:00:00+00:00,15.0,79,11.4,32,28,14,4,199.0,86.0,243.7,113.0,22.9,43.2,0.1,1014.9
2025-05-28 08:00:00+00:00,15.7,74,11.1,46,29,35,3,338.0,217.0,433.4,121.0,23.8,46.4,0.1,1015.8
2025-05-28 09:00:00+00:00,16.4,69,10.8,59,40,41,13,481.0,347.0,547.5,134.0,25.3,49.7,0.0,1016.1
2025-05-28 10:00:00+00:00,17.6,64,10.7,90,21,65,74,509.0,281.0,378.1,228.0,23.9,50.8,0.0,1017.1
2025-05-28 11:00:00+00:00,18.3,60,10.5,96,88,42,70,579.0,315.0,383.5,264.0,23.6,51.5,0.0,1017.5
2025-05-28 12:00:00+00:00,18.3,61,10.5,100,99,33,82,521.0,253.0,293.2,268.0,22.8,50.0,0.0,1018.0
2025-05-28 13:00:00+00:00,18.8,59,10.7,95,88,29,57,571.0,339.0,391.8,232.0,21.9,49.3,0.0,1018.5
2025-05-28 14:00:00+00:00,19.2,59,11.1,99,99,11,0,463.0,199.0,240.4,264.0,21.8,46.4,0.0,1018.9
2025-05-28 15:00:00+00:00,19.7,56,10.8,100,72,8,95,488.0,288.0,382.1,200.0,20.4,43.6,0.0,1019.6
2025-05-28 16:00:00+00:00,19.4,58,10.8,34,25,5,15,447.0,224.0,345.9,223.0,19.5,42.1,0.0,1019.8
2025-05-28 17:00:00+00:00,18.9,59,10.8,6,6,4,0,308.0,148.0,286.4,160.0,17.8,38.2,0.0,1020.2
2025-05-28 18:00:00+00:00,18.4,60,10.4,50,2,3,49,269.0,177.0,477.9,92.0,17.3,34.2,0.0,1021.2
2025-05-28 19:00:00+00:00,17.2,62,9.9,20,1,1,19,145.0,85.0,389.6,60.0,13.3,23.8,0.0,1021.3
2025-05-28 20:00:00+00:00,15.9,64,9.1,55,1,0,55,38.0,19.0,225.7,19.0,11.0,19.1,0.0,1022.0
2025-05-28 21:00:00+00:00,14.7,68,8.8,100,1,96,98,0.0,0.0,0.0,0.0,8.0,14.8,0.0,1022.0
2025-05-28 22:00:00+00:00,12.8,80,9.4,74,0,53,63,0.0,0.0,0.0,0.0,5.6,11.2,0.0,1022.2
2025-05-28 23:00:00+00:00,12.3,84,9.6,100,0,93,97,0.0,0.0,0.0,0.0,6.2,10.4,0.0,1022.1
2025-05-29 00:00:00+00:00,13.2,81,10.1,100,0,99,99,0.0,0.0,0.0,0.0,9.0,13.7,0.0,1021.6
2025-05-29 01:00:00+00:00,13.4,85,10.9,100,20,95,100,0.0,0.0,0.0,0.0,12.9,21.2,0.0,1021.3
2025-05-29 02:00:00+00:00,13.6,87,11.6,100,89,99,100,0.0,0.0,0.0,0.0,15.0,27.4,0.0,1020.8
2025-05-29 03:00:00+00:00,13.9,92,12.7,100,98,99,99,0.0,0.0,0.0,0.0,17.8,31.3,0.0,1020.1
2025-05-29 04:00:00+00:00,14.2,98,13.9,100,100,100,99,0.0,0.0,0.0,0.0,21.1,34.9,0.0,1019.5
2025-05-29 05:00:00+00:00,14.7,98,14.3,100,100,100,94,7.0,1.0,13.1,6.0,21.1,34.9,0.0,1019.6
2025-05-29 06:00:00+00:00,14.9,97,14.4,100,100,98,93,24.0,0.0,0.0,24.0,20.0,39.6,0.0,1020.0
2025-05-29 07:00:00+00:00,15.7,94,14.7,100,100,16,72,49.0,0.0,0.0,49.0,22.4,41.4,0.1,1020.0
2025-05-29 08:00:00+00:00,16.7,89,14.9,100,100,0,63,110.0,5.0,10.0,105.0,25.1,45.0,0.0,1019.9
2025-05-29 09:00:00+00:00,17.7,85,15.1,100,100,0,79,238.0,17.0,26.8,221.0,26.5,49.3,0.1,1020.0
2025-05-29 10:00:00+00:00,19.1,81,15.7,99,97,0,88,350.0,67.0,90.0,283.0,25.3,51.1,0.0,1019.9
2025-05-29 11:00:00+00:00,20.1,76,15.7,100,96,0,95,423.0,127.0,154.4,296.0,25.7,53.6,0.0,1020.0
2025-05-29 12:00:00+00:00,20.4,75,15.8,99,72,0,96,396.0,92.0,106.5,304.0,26.9,54.0,0.0,1019.8
2025-05-29 13:00:00+00:00,20.9,72,15.7,100,97,0,89,416.0,169.0,195.0,247.0,26.8,53.6,0.0,1019.7
2025-05-29 14:00:00+00:00,21.3,70,15.6,98,79,5,93,509.0,208.0,250.8,301.0,27.3,53.6,0.0,1019.6
2025-05-29 15:00:00+00:00,20.8,74,15.9,99,71,0,95,356.0,193.0,255.5,163.0,26.8,49.7,0.0,1019.4
2025-05-29 16:00:00+00:00,20.4,75,15.8,96,71,0,88,399.0,222.0,341.9,177.0,26.4,49.3,0.0,1019.3
2025-05-29 17:00:00+00:00,19.8,78,15.8,85,59,0,68,342.0,184.0,354.7,158.0,23.5,45.0,0.0,1019.0
2025-05-29 18:00:00+00:00,18.9,81,15.6,55,38,0,28,227.0,123.0,330.2,104.0,21.6,40.3,0.0,1019.2
2025-05-29 19:00:00+00:00,17.7,85,15.1,26,22,0,7,138.0,65.0,294.9,73.0,19.3,34.9,0.0,1019.2
2025-05-29 20:00:00+00:00,16.2,90,14.5,52,52,0,0,34.0,14.0,164.1,20.0,19.0,34.9,0.0,1019.8
2025-05-29 21:00:00+00:00,15.2,94,14.2,51,51,0,0,0.0,0.0,0.0,0.0,17.6,32.0,0.0,1020.2
2025-05-29 22:00:00+00:00,14.7,95,13.9,91,91,0,0,0.0,0.0,0.0,0.0,16.5,29.5,0.0,1020.5
2025-05-29 23:00:00+00:00,14.3,96,13.7,90,90,0,0,0.0,0.0,0.0,0.0,14.7,25.9,0.0,1020.5
2025-05-30 00:00:00+00:00,14.2,96,13.6,96,96,0,0,0.0,0.0,0.0,0.0,13.4,24.1,0.0,1020.5
2025-05-30 01:00:00+00:00,14.2,97,13.7,100,100,0,0,0.0,0.0,0.0,0.0,13.0,23.4,0.0,1020.3
2025-05-30 02:00:00+00:00,14.3,96,13.7,100,100,0,0,0.0,0.0,0.0,0.0,13.6,23.4,0.0,1020.0
2025-05-30 03:00:00+00:00,14.3,95,13.5,100,100,0,0,0.0,0.0,0.0,0.0,13.1,23.4,0.0,1019.9
2025-05-30 04:00:00+00:00,14.4,94,13.4,99,99,0,0,0.0,0.0,0.0,0.0,14.3,24.1,0.0,1020.1
2025-05-30 05:00:00+00:00,14.5,94,13.5,99,99,0,0,12.0,1.0,12.9,11.0,13.7,23.0,0.0,1020.0
2025-05-30 06:00:00+00:00,15.1,90,13.5,100,100,0,0,58.0,9.0,44.2,49.0,17.7,27.0,0.0,1020.2
2025-05-30 07:00:00+00:00,16.0,86,13.7,100,100,0,0,95.0,1.0,2.8,94.0,17.6,32.8,0.0,1020.2
2025-05-30 08:00:00+00:00,16.7,83,13.8,100,100,0,0,224.0,64.0,127.1,160.0,16.6,31.3,0.1,1020.2
2025-05-30 09:00:00+00:00,17.9,79,14.1,99,99,0,0,243.0,31.0,48.7,212.0,16.4,32.8,0.0,1020.1
2025-05-30 10:00:00+00:00,18.9,74,14.2,100,100,0,3,275.0,18.0,24.1,257.0,13.7,33.8,0.0,1019.9
2025-05-30 11:00:00+00:00,19.8,71,14.4,96,96,0,13,310.0,30.0,36.4,280.0,14.4,33.8,0.0,1019.9
2025-05-30 12:00:00+00:00,20.8,67,14.3,99,98,0,34,357.0,44.0,50.8,313.0,15.3,34.2,0.0,1019.7
2025-05-30 13:00:00+00:00,21.1,64,14.1,95,71,0,71,489.0,183.0,210.9,306.0,15.6,33.8,0.0,1019.6
2025-05-30 14:00:00+00:00,21.4,63,13.9,99,63,0,97,520.0,242.0,291.3,278.0,15.6,32.8,0.0,1019.5
2025-05-30 15:00:00+00:00,21.2,63,13.9,98,73,0,93,421.0,229.0,302.6,192.0,16.4,28.4,0.0,1019.3
2025-05-30 16:00:00+00:00,21.5,64,14.3,92,52,0,85,508.0,301.0,462.3,207.0,16.7,27.7,0.0,1019.3
2025-05-30 17:00:00+00:00,21.0,66,14.5,82,19,0,75,384.0,215.0,412.9,169.0,15.8,26.3,0.0,1019.3
2025-05-30 18:00:00+00:00,20.1,70,14.4,91,2,0,91,268.0,129.0,344.4,139.0,14.0,23.8,0.0,1019.3
2025-05-30 19:00:00+00:00,18.9,74,14.2,98,2,0,98,133.0,52.0,233.5,81.0,11.6,21.2,0.0,1019.1
2025-05-30 20:00:00+00:00,17.6,79,13.9,84,1,0,84,33.0,4.0,46.3,29.0,9.7,17.3,0.0,1019.1
2025-05-30 21:00:00+00:00,16.6,83,13.6,87,1,0,87,0.0,0.0,0.0,0.0,8.7,14.4,0.0,1019.3
2025-05-30 22:00:00+00:00,15.1,89,13.3,96,6,0,96,0.0,0.0,0.0,0.0,7.9,11.5,0.0,1019.2
2025-05-30 23:00:00+00:00,14.4,91,13.0,98,6,1,98,0.0,0.0,0.0,0.0,6.2,9.7,0.0,1019.3
2025-05-31 00:00:00+00:00,13.8,93,12.6,100,0,7,100,0.0,0.0,0.0,0.0,5.6,9.4,0.0,1019.1
2025-05-31 01:00:00+00:00,13.3,94,12.4,99,2,22,99,0.0,0.0,0.0,0.0,7.3,9.4,0.0,1018.8
2025-05-31 02:00:00+00:00,13.1,96,12.5,100,4,54,100,0.0,0.0,0.0,0.0,7.0,9.0,0.0,1018.4
2025-05-31 03:00:00+00:00,12.8,97,12.3,100,10,48,100,0.0,0.0,0.0,0.0,6.7,8.6,0.0,1018.2
2025-05-31 04:00:00+00:00,13.4,96,12.7,100,57,48,100,0.0,0.0,0.0,0.0,6.0,6.1,0.0,1018.0
2025-05-31 05:00:00+00:00,13.5,98,13.2,100,79,70,100,17.0,0.0,0.0,17.0,3.6,3.6,0.0,1018.2
2025-05-31 06:00:00+00:00,14.6,96,14.0,100,82,76,91,91.0,19.0,92.6,72.0,4.3,7.9,0.0,1018.4
2025-05-31 07:00:00+00:00,16.2,92,14.9,100,99,39,10,159.0,33.0,92.4,126.0,4.9,12.6,0.0,1018.4
2025-05-31 08:00:00+00:00,17.7,86,15.3,99,99,1,0,308.0,129.0,255.6,179.0,7.0,17.3,0.0,1018.3
2025-05-31 09:00:00+00:00,19.1,77,15.0,66,66,0,0,430.0,196.0,307.5,234.0,9.7,22.7,0.0,1018.0
2025-05-31 10:00:00+00:00,20.4,69,14.5,43,43,0,0,512.0,279.0,373.7,233.0,9.3,25.9,0.0,1017.7
2025-05-31 11:00:00+00:00,21.4,63,14.0,91,20,0,89,698.0,500.0,606.2,198.0,11.1,28.8,0.0,1017.4
2025-05-31 12:00:00+00:00,22.0,59,13.7,94,16,0,93,786.0,626.0,722.4,160.0,12.3,30.6,0.0,1017.1
2025-05-31 13:00:00+00:00,22.3,59,13.9,90,14,0,87,709.0,528.0,607.6,181.0,14.2,33.5,0.0,1016.6
2025-05-31 14:00:00+00:00,22.0,61,14.1,100,17,0,99,670.0,516.0,620.1,154.0,15.7,35.6,0.0,1016.3
2025-05-31 15:00:00+00:00,21.8,62,14.3,100,23,0,100,586.0,316.0,416.7,270.0,17.0,37.4,0.0,1016.0
2025-05-31 16:00:00+00:00,20.7,68,14.7,100,21,0,100,440.0,172.0,263.5,268.0,18.1,38.5,0.0,1015.7
2025-05-31 17:00:00+00:00,20.0,71,14.6,100,14,2,100,286.0,60.0,114.8,226.0,18.7,38.2,0.0,1015.4
2025-05-31 18:00:00+00:00,19.5,74,14.7,100,43,1,100,175.0,17.0,45.1,158.0,18.2,34.6,0.0,1015.1
2025-05-31 19:00:00+00:00,18.8,77,14.6,97,55,0,94,87.0,7.0,31.1,80.0,15.6,29.5,0.0,1015.1
2025-05-31 20:00:00+00:00,17.3,83,14.3,74,35,0,63,30.0,7.0,80.1,23.0,13.6,24.5,0.0,1015.2
2025-05-31 21:00:00+00:00,16.2,87,14.0,39,37,0,3,0.0,0.0,0.0,0.0,11.4,19.1,0.0,1015.7
2025-05-31 22:00:00+00:00,15.4,90,13.8,39,39,0,0,0.0,0.0,0.0,0.0,8.5,16.9,0.0,1015.8
2025-05-31 23:00:00+00:00,14.9,89,13.1,30,30,0,0,0.0,0.0,0.0,0.0,8.5,16.2,0.0,1015.7
2025-06-01 00:00:00+00:00,14.0,89,12.3,31,31,3,0,0.0,0.0,0.0,0.0,8.8,16.2,0.0,1015.7
2025-06-01 01:00:00+00:00,13.4,91,11.9,16,15,8,0,0.0,0.0,0.0,0.0,9.9,18.4,0.0,1015.3
2025-06-01 02:00:00+00:00,12.9,92,11.7,39,24,19,17,0.0,0.0,0.0,0.0,11.3,20.2,0.0,1015.1
2025-06-01 03:00:00+00:00,12.5,93,11.4,89,47,8,79,0.0,0.0,0.0,0.0,12.0,20.5,0.0,1015.0
2025-06-01 04:00:00+00:00,12.0,94,11.1,99,59,13,98,0.0,0.0,0.0,0.0,12.2,20.5,0.0,1015.1
2025-06-01 05:00:00+00:00,12.2,94,11.2,100,62,5,99,25.0,5.0,63.6,20.0,13.5,23.0,0.0,1015.2
2025-06-01 06:00:00+00:00,13.0,88,11.1,98,56,5,98,109.0,41.0,198.4,68.0,15.7,29.2,0.0,1015.6
2025-06-01 07:00:00+00:00,13.9,82,10.9,92,37,0,88,233.0,95.0,265.0,138.0,16.6,33.1,0.0,1015.8
2025-06-01 08:00:00+00:00,15.0,72,9.9,89,31,0,86,391.0,197.0,389.5,194.0,16.7,34.6,0.0,1015.6
2025-06-01 09:00:00+00:00,15.8,63,8.8,70,40,2,47,479.0,284.0,444.8,195.0,17.8,36.4,0.0,1015.3
2025-06-01 10:00:00+00:00,17.2,56,8.3,85,79,2,13,589.0,354.0,473.5,235.0,17.4,39.2,0.0,1015.1
2025-06-01 11:00:00+00:00,18.0,53,8.3,83,83,2,1,525.0,272.0,329.4,253.0,19.6,41.8,0.0,1014.9
2025-06-01 12:00:00+00:00,18.1,54,8.6,94,94,56,1,587.0,288.0,332.0,299.0,22.0,45.7,0.0,1014.8
2025-06-01 13:00:00+00:00,18.5,53,8.8,98,98,69,0,563.0,314.0,360.8,249.0,23.5,47.2,0.0,1014.8
2025-06-01 14:00:00+00:00,18.7,53,9.0,94,93,80,0,459.0,165.0,198.0,294.0,23.2,47.2,0.1,1014.8
2025-06-01 15:00:00+00:00,18.5,56,9.4,92,82,89,0,398.0,132.0,173.7,266.0,23.8,46.4,0.0,1014.5
2025-06-01 16:00:00+00:00,18.4,57,9.6,97,81,96,0,468.0,271.0,414.1,197.0,22.7,47.2,0.1,1014.3
2025-06-01 17:00:00+00:00,17.5,63,10.3,74,41,72,0,217.0,78.0,148.7,139.0,21.5,41.8,0.0,1014.3
2025-06-01 18:00:00+00:00,17.1,65,10.5,56,35,43,0,192.0,88.0,232.4,104.0,19.7,36.7,0.0,1014.2
2025-06-01 19:00:00+00:00,16.5,68,10.6,64,38,58,0,110.0,56.0,246.7,54.0,16.4,26.6,0.0,1014.6
2025-06-01 20:00:00+00:00,15.6,71,10.4,47,38,43,0,29.0,10.0,113.1,19.0,12.5,21.6,0.0,1014.6
2025-06-01 21:00:00+00:00,14.4,77,10.5,28,21,21,0,0.0,0.0,0.0,0.0,10.5,17.3,0.0,1015.1
2025-06-01 22:00:00+00:00,13.0,83,10.2,32,28,19,0,0.0,0.0,0.0,0.0,11.0,17.3,0.0,1015.6
2025-06-01 23:00:00+00:00,12.2,87,10.1,18,12,13,2,0.0,0.0,0.0,0.0,10.2,17.3,0.0,1015.8
2025-06-02 00:00:00+00:00,11.6,88,9.7,29,8,8,21,0.0,0.0,0.0,0.0,10.1,16.6,0.0,1016.0
2025-06-02 01:00:00+00:00,10.8,93,9.7,37,10,12,30,0.0,0.0,0.0,0.0,10.1,16.6,0.0,1016.3
2025-06-02 02:00:00+00:00,10.4,94,9.6,29,12,12,18,0.0,0.0,0.0,0.0,11.0,16.9,0.0,1016.6
2025-06-02 03:00:00+00:00,10.0,95,9.3,14,7,14,0,0.0,0.0,0.0,0.0,11.6,18.4,0.0,1016.8
2025-06-02 04:00:00+00:00,9.9,93,8.8,6,0,6,0,0.0,0.0,0.0,0.0,11.3,19.1,0.0,1016.9
2025-06-02 05:00:00+00:00,10.1,91,8.6,6,0,6,0,30.0,14.0,176.6,16.0,10.7,19.4,0.0,1017.7
2025-06-02 06:00:00+00:00,11.9,84,9.3,2,0,2,0,138.0,87.0,418.4,51.0,9.8,21.6,0.0,1018.2
2025-06-02 07:00:00+00:00,13.8,74,9.3,0,0,0,0,306.0,231.0,642.3,75.0,11.2,24.1,0.0,1018.7
2025-06-02 08:00:00+00:00,15.2,66,8.9,5,5,0,0,469.0,378.0,745.8,91.0,10.9,24.5,0.0,1018.9
2025-06-02 09:00:00+00:00,16.3,58,7.9,17,17,0,0,607.0,496.0,775.6,111.0,10.3,25.2,0.0,1019.0
2025-06-02 10:00:00+00:00,17.0,51,6.9,65,65,3,0,682.0,553.0,738.7,129.0,9.9,26.6,0.0,1019.1
2025-06-02 11:00:00+00:00,17.8,47,6.3,86,86,61,0,668.0,443.0,535.8,225.0,9.2,26.6,0.0,1018.9
2025-06-02 12:00:00+00:00,18.3,45,6.1,90,44,88,0,596.0,327.0,376.5,269.0,10.0,25.9,0.0,1018.4
2025-06-02 13:00:00+00:00,19.0,44,6.4,92,45,91,0,667.0,319.0,366.1,348.0,12.1,27.0,0.0,1018.0
2025-06-02 14:00:00+00:00,19.6,42,6.3,76,0,76,0,633.0,323.0,386.9,310.0,14.3,28.1,0.0,1017.3
2025-06-02 15:00:00+00:00,19.2,43,6.3,53,0,53,0,511.0,211.0,277.2,300.0,16.6,30.2,0.0,1016.7
2025-06-02 16:00:00+00:00,19.5,42,6.3,13,0,13,0,574.0,413.0,629.5,161.0,18.7,33.8,0.0,1016.0
2025-06-02 17:00:00+00:00,18.5,46,6.6,0,0,0,0,417.0,303.0,575.8,114.0,20.6,37.1,0.0,1015.7
2025-06-02 18:00:00+00:00,17.0,55,7.9,1,0,0,1,328.0,250.0,656.9,78.0,21.2,39.6,0.0,1015.4
2025-06-02 19:00:00+00:00,15.4,59,7.4,3,0,0,3,171.0,115.0,501.9,56.0,19.0,34.9,0.0,1015.1
2025-06-02 20:00:00+00:00,13.8,66,7.6,18,0,0,18,47.0,25.0,279.5,22.0,17.1,30.6,0.0,1015.1
2025-06-02 21:00:00+00:00,12.3,75,8.0,73,0,0,73,0.0,0.0,0.0,0.0,16.6,29.2,0.0,1014.8
2025-06-02 22:00:00+00:00,11.3,82,8.3,88,4,0,88,0.0,0.0,0.0,0.0,18.8,31.3,0.0,1014.1
2025-06-02 23:00:00+00:00,10.9,87,8.8,100,26,0,100,0.0,0.0,0.0,0.0,20.8,34.2,0.0,1013.5
2025-06-03 00:00:00+00:00,10.8,89,9.1,100,40,0,100,0.0,0.0,0.0,0.0,20.9,36.4,0.0,1012.7
2025-06-03 01:00:00+00:00,10.9,88,9.0,100,35,0,100,0.0,0.0,0.0,0.0,21.8,40.0,0.0,1012.0
2025-06-03 02:00:00+00:00,11.5,84,8.9,99,55,0,98,0.0,0.0,0.0,0.0,24.4,42.8,0.0,1010.8
2025-06-03 03:00:00+00:00,11.7,83,9.0,96,56,0,87,0.0,0.0,0.0,0.0,25.8,44.3,0.0,1010.0
2025-06-03 04:00:00+00:00,12.0,84,9.3,93,52,20,87,0.0,0.0,0.0,0.0,26.5,45.7,0.0,1009.0
2025-06-03 05:00:00+00:00,12.4,83,9.6,100,63,79,98,24.0,3.0,37.6,21.0,27.4,47.9,0.0,1008.4
2025-06-03 06:00:00+00:00,13.3,82,10.2,99,80,97,69,75.0,11.0,52.6,64.0,29.1,49.7,0.1,1007.8
2025-06-03 07:00:00+00:00,13.7,84,11.0,100,100,100,5,56.0,2.0,5.5,54.0,31.8,58.0,0.4,1007.2
2025-06-03 08:00:00+00:00,13.7,87,11.6,100,100,99,0,55.0,0.0,0.0,55.0,31.6,59.4,0.3,1006.9
2025-06-03 09:00:00+00:00,13.9,90,12.3,100,100,93,0,40.0,0.0,0.0,40.0,31.9,59.8,0.4,1006.5
2025-06-03 10:00:00+00:00,13.9,91,12.5,100,100,96,0,85.0,0.0,0.0,85.0,29.9,58.7,0.8,1005.9
2025-06-03 11:00:00+00:00,13.7,95,12.9,100,100,77,0,100.0,0.0,0.0,100.0,25.3,54.0,0.7,1006.0
2025-06-03 12:00:00+00:00,14.8,92,13.4,90,87,36,0,278.0,49.0,56.3,229.0,23.0,53.6,0.2,1005.9
2025-06-03 13:00:00+00:00,15.5,88,13.5,65,58,20,0,278.0,101.0,115.8,177.0,22.4,55.8,0.1,1006.1
2025-06-03 14:00:00+00:00,16.5,84,13.8,64,46,20,16,446.0,247.0,295.5,199.0,22.8,58.3,0.1,1005.7
2025-06-03 15:00:00+00:00,16.9,78,13.0,48,39,22,2,461.0,243.0,318.6,218.0,23.4,55.4,0.9,1005.7
2025-06-03 16:00:00+00:00,16.9,75,12.4,65,54,30,0,362.0,177.0,269.1,185.0,23.7,48.6,0.4,1005.5
2025-06-03 17:00:00+00:00,16.9,72,11.8,73,62,33,0,378.0,236.0,447.0,142.0,21.4,42.8,0.2,1005.6
2025-06-03 18:00:00+00:00,16.4,71,11.1,54,43,31,3,244.0,158.0,413.1,86.0,19.3,36.7,0.1,1005.7
2025-06-03 19:00:00+00:00,15.4,71,10.3,49,28,37,7,134.0,79.0,341.8,55.0,16.4,29.2,0.1,1005.6
2025-06-03 20:00:00+00:00,14.3,75,9.9,58,29,45,15,35.0,15.0,165.9,20.0,13.6,22.7,0.0,1006.1
2025-06-03 21:00:00+00:00,12.9,80,9.5,58,48,49,0,0.0,0.0,0.0,0.0,11.8,19.4,0.0,1006.4
2025-06-03 22:00:00+00:00,12.0,83,9.2,74,71,42,0,0.0,0.0,0.0,0.0,10.5,18.7,0.0,1006.8
2025-06-03 23:00:00+00:00,11.6,83,8.7,51,44,27,5,0.0,0.0,0.0,0.0,11.9,19.1,0.0,1006.8
2025-06-04 00:00:00+00:00,10.9,84,8.4,52,10,26,35,0.0,0.0,0.0,0.0,12.3,20.2,0.0,1006.8
2025-06-04 01:00:00+00:00,10.8,86,8.5,50,9,38,14,0.0,0.0,0.0,0.0,12.8,22.0,0.0,1006.6
2025-06-04 02:00:00+00:00,10.4,88,8.6,44,3,41,5,0.0,0.0,0.0,0.0,13.0,23.0,0.0,1006.2
2025-06-04 03:00:00+00:00,10.3,90,8.7,41,22,38,1,0.0,0.0,0.0,0.0,13.1,22.0,0.0,1006.0
2025-06-04 04:00:00+00:00,10.2,91,8.8,54,33,44,10,0.0,0.0,0.0,0.0,12.3,20.9,0.0,1006.2
2025-06-04 05:00:00+00:00,10.6,91,9.2,62,36,52,3,28.0,12.0,149.3,16.0,11.8,22.3,0.0,1006.4
2025-06-04 06:00:00+00:00,11.6,89,9.8,56,28,54,0,137.0,83.0,394.7,54.0,12.0,26.3,0.0,1006.6
2025-06-04 07:00:00+00:00,12.7,83,9.8,53,22,48,0,163.0,79.0,218.4,84.0,14.4,32.0,0.0,1006.8
2025-06-04 08:00:00+00:00,14.0,73,9.3,48,33,40,0,371.0,254.0,499.3,117.0,15.9,35.6,0.0,1007.1
2025-06-04 09:00:00+00:00,15.1,64,8.2,46,34,39,0,496.0,363.0,566.1,133.0,17.3,33.8,0.0,1007.0
2025-06-04 10:00:00+00:00,15.9,60,8.0,61,30,55,0,604.0,421.0,561.1,183.0,16.4,37.1,0.0,1007.0
2025-06-04 11:00:00+00:00,16.2,57,7.7,96,95,68,0,652.0,451.0,544.4,201.0,18.1,41.8,0.1,1006.9
2025-06-04 12:00:00+00:00,16.9,54,7.6,94,90,84,0,651.0,412.0,473.3,239.0,20.7,46.1,0.0,1006.8
2025-06-04 13:00:00+00:00,16.9,58,8.5,92,89,84,0,558.0,360.0,412.2,198.0,21.2,46.8,0.0,1006.9
2025-06-04 14:00:00+00:00,16.6,63,9.5,76,29,74,0,540.0,341.0,407.3,199.0,21.8,47.2,0.1,1007.1
2025-06-04 15:00:00+00:00,16.8,63,9.8,98,74,97,0,465.0,282.0,369.1,183.0,21.8,46.1,0.2,1007.1
2025-06-04 16:00:00+00:00,16.0,72,11.0,67,42,57,0,301.0,130.0,197.2,171.0,22.0,40.7,0.1,1006.7
2025-06-04 17:00:00+00:00,15.9,73,11.0,59,27,56,0,259.0,122.0,230.3,137.0,21.3,41.0,0.0,1006.8
2025-06-04 18:00:00+00:00,15.4,75,11.0,66,25,58,0,180.0,86.0,223.8,94.0,18.3,37.1,0.0,1006.6
2025-06-04 19:00:00+00:00,14.8,77,10.8,38,15,36,0,129.0,80.0,343.2,49.0,17.1,31.7,0.1,1006.6
2025-06-04 20:00:00+00:00,14.0,80,10.7,55,18,39,23,29.0,13.0,142.4,16.0,14.1,24.5,0.1,1006.9
2025-06-04 21:00:00+00:00,13.3,85,10.9,99,22,31,98,0.0,0.0,0.0,0.0,11.6,19.8,0.0,1007.1
2025-06-04 22:00:00+00:00,12.7,89,10.9,100,9,45,100,0.0,0.0,0.0,0.0,11.4,19.4,0.0,1006.9
2025-06-04 23:00:00+00:00,12.7,89,10.9,100,2,52,100,0.0,0.0,0.0,0.0,13.7,22.3,0.0,1006.7
2025-06-05 00:00:00+00:00,12.6,89,10.8,100,7,84,100,0.0,0.0,0.0,0.0,14.7,25.9,0.0,1006.6
2025-06-05 01:00:00+00:00,12.8,89,10.9,100,10,93,100,0.0,0.0,0.0,0.0,15.6,31.3,0.0,1006.1
2025-06-05 02:00:00+00:00,12.6,89,10.9,100,21,100,100,0.0,0.0,0.0,0.0,16.7,34.2,0.1,1005.8
2025-06-05 03:00:00+00:00,12.7,89,10.9,100,16,99,100,0.0,0.0,0.0,0.0,17.4,35.3,0.2,1005.1
2025-06-05 04:00:00+00:00,12.5,90,11.0,100,21,98,100,0.0,0.0,0.0,0.0,17.8,35.6,0.3,1004.7
2025-06-05 05:00:00+00:00,12.6,91,11.2,100,43,100,100,12.0,0.0,0.0,12.0,18.0,37.4,0.2,1004.4
2025-06-05 06:00:00+00:00,12.7,93,11.6,100,100,100,95,46.0,1.0,4.7,45.0,17.9,38.5,0.2,1004.4
2025-06-05 07:00:00+00:00,13.2,93,12.1,100,100,100,10,59.0,0.0,0.0,59.0,18.8,34.2,0.3,1004.1
2025-06-05 08:00:00+00:00,13.4,92,12.1,100,79,100,0,93.0,2.0,3.9,91.0,20.9,41.4,0.1,1004.0
2025-06-05 09:00:00+00:00,13.4,93,12.3,100,52,100,0,131.0,8.0,12.5,123.0,21.5,40.7,0.3,1003.9
2025-06-05 10:00:00+00:00,13.6,96,13.0,98,52,98,18,152.0,14.0,18.6,138.0,20.3,40.0,0.8,1003.3
2025-06-05 11:00:00+00:00,14.0,95,13.1,100,100,98,0,152.0,25.0,30.1,127.0,19.2,43.2,0.9,1003.0
2025-06-05 12:00:00+00:00,14.6,93,13.5,100,100,87,45,151.0,17.0,19.5,134.0,20.4,41.0,0.5,1002.8
2025-06-05 13:00:00+00:00,14.7,93,13.7,100,100,81,100,123.0,0.0,0.0,123.0,22.7,38.2,0.2,1002.5
2025-06-05 14:00:00+00:00,15.4,92,14.1,100,100,52,100,222.0,48.0,57.3,174.0,21.6,37.8,0.1,1002.2
2025-06-05 15:00:00+00:00,15.9,89,14.1,100,75,47,100,248.0,38.0,49.7,210.0,21.8,35.6,0.0,1001.9
2025-06-05 16:00:00+00:00,16.2,85,13.6,100,60,100,100,235.0,28.0,42.4,207.0,21.1,37.1,0.1,1001.8
2025-06-05 17:00:00+00:00,15.8,81,12.6,100,34,100,100,197.0,16.0,30.1,181.0,20.1,35.6,0.0,1001.7
2025-06-05 18:00:00+00:00,15.5,80,12.0,100,32,100,99,124.0,7.0,18.1,117.0,18.1,33.8,0.1,1002.4
2025-06-05 19:00:00+00:00,14.7,81,11.6,100,7,100,83,51.0,1.0,4.3,50.0,14.9,28.1,0.2,1002.5
2025-06-05 20:00:00+00:00,14.2,82,11.2,100,15,98,57,19.0,0.0,0.0,19.0,14.8,27.4,0.1,1003.1
2025-06-05 21:00:00+00:00,13.7,82,10.7,82,10,79,24,0.0,0.0,0.0,0.0,14.8,27.4,0.1,1003.7
2025-06-05 22:00:00+00:00,12.9,86,10.6,79,11,76,2,0.0,0.0,0.0,0.0,16.0,28.4,0.0,1004.5
2025-06-05 23:00:00+00:00,12.4,88,10.4,11,9,3,0,0.0,0.0,0.0,0.0,17.0,29.9,0.0,1004.9
2025-06-06 00:00:00+00:00,11.8,89,10.0,12,10,5,0,0.0,0.0,0.0,0.0,16.1,29.5,0.0,1005.0
2025-06-06 01:00:00+00:00,11.5,90,9.9,24,21,17,0,0.0,0.0,0.0,0.0,15.6,28.1,0.0,1005.5
2025-06-06 02:00:00+00:00,11.1,91,9.7,35,29,24,0,0.0,0.0,0.0,0.0,15.3,27.4,0.0,1005.6
2025-06-06 03:00:00+00:00,11.1,91,9.7,40,26,30,0,0.0,0.0,0.0,0.0,14.7,28.4,0.0,1005.6
2025-06-06 04:00:00+00:00,11.1,92,9.9,42,23,37,0,0.0,0.0,0.0,0.0,15.5,28.1,0.0,1005.8
2025-06-06 05:00:00+00:00,11.6,92,10.4,66,37,57,0,33.0,15.0,184.5,18.0,16.3,29.2,0.0,1006.0
2025-06-06 06:00:00+00:00,12.7,91,11.2,74,46,64,0,140.0,82.0,386.4,58.0,17.5,29.9,0.0,1006.2
2025-06-06 07:00:00+00:00,13.5,89,11.8,64,51,43,0,140.0,52.0,143.1,88.0,17.9,37.4,0.1,1006.7
2025-06-06 08:00:00+00:00,14.1,88,12.2,54,48,18,0,258.0,130.0,254.8,128.0,17.8,40.3,0.1,1006.9
2025-06-06 09:00:00+00:00,14.9,82,11.8,55,52,13,0,509.0,366.0,569.6,143.0,18.1,45.0,0.1,1007.3
2025-06-06 10:00:00+00:00,16.5,67,10.4,29,24,14,0,624.0,449.0,597.3,175.0,17.8,48.2,0.0,1007.7
2025-06-06 11:00:00+00:00,16.7,63,9.7,71,17,39,50,669.0,493.0,594.0,176.0,18.6,43.6,0.1,1007.9
2025-06-06 12:00:00+00:00,17.7,58,9.4,96,17,41,91,759.0,567.0,650.1,192.0,20.2,42.8,0.1,1008.2
2025-06-06 13:00:00+00:00,17.4,57,8.7,98,15,32,96,619.0,346.0,395.3,273.0,20.9,43.9,0.1,1008.5
2025-06-06 14:00:00+00:00,17.7,54,8.3,100,21,73,99,608.0,324.0,386.0,284.0,21.2,43.6,0.0,1008.6
2025-06-06 15:00:00+00:00,17.9,53,8.1,99,25,94,99,600.0,373.0,486.6,227.0,22.1,42.1,0.0,1009.0
2025-06-06 16:00:00+00:00,17.1,55,7.9,99,2,86,99,351.0,196.0,296.1,155.0,22.4,37.4,0.0,1009.1
2025-06-06 17:00:00+00:00,16.7,56,8.0,100,42,70,100,367.0,173.0,324.7,194.0,21.1,38.2,0.0,1009.1
2025-06-06 18:00:00+00:00,15.8,59,7.7,97,41,83,95,228.0,60.0,154.7,168.0,17.7,33.5,0.0,1009.0
2025-06-06 19:00:00+00:00,14.9,65,8.4,96,25,80,94,109.0,24.0,101.4,85.0,15.9,28.4,0.0,1008.9
2025-06-06 20:00:00+00:00,14.1,71,8.9,100,12,100,83,33.0,2.0,21.5,31.0,15.1,25.9,0.0,1009.0
2025-06-06 21:00:00+00:00,13.2,77,9.3,100,7,100,43,0.0,0.0,0.0,0.0,14.1,24.1,0.1,1009.2
2025-06-06 22:00:00+00:00,12.7,84,10.1,100,44,97,69,0.0,0.0,0.0,0.0,12.0,20.9,0.2,1008.7
2025-06-06 23:00:00+00:00,12.0,91,10.6,99,89,97,98,0.0,0.0,0.0,0.0,12.6,18.4,1.4,1008.5
2025-06-07 00:00:00+00:00,11.6,95,10.8,100,94,100,98,0.0,0.0,0.0,0.0,12.8,16.6,0.9,1008.0
2025-06-07 01:00:00+00:00,11.5,97,11.1,100,99,100,95,0.0,0.0,0.0,0.0,12.9,18.0,0.7,1007.5
2025-06-07 02:00:00+00:00,11.5,95,10.8,100,96,99,66,0.0,0.0,0.0,0.0,14.0,21.6,0.3,1006.9
2025-06-07 03:00:00+00:00,11.4,96,10.8,100,100,99,83,0.0,0.0,0.0,0.0,14.1,25.2,0.1,1006.6
2025-06-07 04:00:00+00:00,11.5,95,10.7,98,96,24,36,0.0,0.0,0.0,0.0,13.2,25.9,0.2,1006.3
2025-06-07 05:00:00+00:00,11.6,94,10.7,31,17,12,6,18.0,1.0,12.2,17.0,12.7,25.6,0.2,1006.3
2025-06-07 06:00:00+00:00,12.1,95,11.3,27,11,21,0,78.0,6.0,28.2,72.0,13.0,27.4,0.1,1006.6
2025-06-07 07:00:00+00:00,12.7,91,11.4,67,28,59,0,251.0,143.0,392.8,108.0,15.1,32.4,0.0,1006.9
2025-06-07 08:00:00+00:00,13.5,87,11.3,84,36,82,0,294.0,154.0,301.5,140.0,16.2,32.8,0.0,1007.1
2025-06-07 09:00:00+00:00,14.3,80,10.8,66,43,59,0,403.0,180.0,279.9,223.0,17.0,38.2,0.1,1007.3
2025-06-07 10:00:00+00:00,14.1,74,9.6,99,98,74,0,355.0,125.0,166.2,230.0,17.4,38.2,0.2,1007.8
2025-06-07 11:00:00+00:00,14.4,72,9.4,90,87,70,0,345.0,51.0,61.4,294.0,18.1,37.4,0.2,1007.3
2025-06-07 12:00:00+00:00,14.6,73,9.7,98,89,94,2,344.0,94.0,107.7,250.0,20.5,40.3,0.2,1006.9
2025-06-07 13:00:00+00:00,15.1,80,11.7,100,92,100,4,389.0,144.0,164.3,245.0,20.8,46.1,0.2,1006.7
2025-06-07 14:00:00+00:00,15.3,86,12.9,100,95,100,15,476.0,223.0,265.4,253.0,21.3,44.3,0.3,1006.5
2025-06-07 15:00:00+00:00,14.3,89,12.5,100,81,100,19,421.0,172.0,224.0,249.0,19.3,47.9,2.1,1006.1
2025-06-07 16:00:00+00:00,13.0,97,12.5,100,99,98,32,261.0,105.0,158.3,156.0,16.8,42.8,3.0,1005.7
2025-06-07 17:00:00+00:00,12.7,97,12.2,94,89,88,38,45.0,1.0,1.9,44.0,16.4,33.5,1.5,1005.2
2025-06-07 18:00:00+00:00,13.5,92,12.3,42,26,21,13,148.0,72.0,184.9,76.0,16.7,29.9,0.1,1005.1
2025-06-07 19:00:00+00:00,13.2,91,11.7,30,15,25,0,109.0,54.0,226.4,55.0,19.3,36.7,0.0,1006.3
2025-06-07 20:00:00+00:00,12.4,89,10.7,32,25,22,0,39.0,18.0,191.7,21.0,18.8,34.6,0.0,1007.3
2025-06-07 21:00:00+00:00,11.7,90,10.1,21,13,13,0,1.0,0.0,0.0,1.0,17.3,31.3,0.0,1008.6
2025-06-07 22:00:00+00:00,10.9,90,9.4,35,34,17,0,0.0,0.0,0.0,0.0,16.9,29.9,0.0,1009.7
2025-06-07 23:00:00+00:00,10.6,90,9.1,23,19,17,0,0.0,0.0,0.0,0.0,17.1,29.2,0.0,1010.7
2025-06-08 00:00:00+00:00,10.0,91,8.6,11,5,11,0,0.0,0.0,0.0,0.0,16.8,28.4,0.0,1011.5
2025-06-08 01:00:00+00:00,9.5,92,8.3,17,9,14,0,0.0,0.0,0.0,0.0,17.1,28.4,0.0,1012.5
2025-06-08 02:00:00+00:00,9.0,92,7.8,22,1,21,0,0.0,0.0,0.0,0.0,16.4,28.1,0.0,1013.0
2025-06-08 03:00:00+00:00,8.4,93,7.3,5,4,4,0,0.0,0.0,0.0,0.0,15.7,26.6,0.0,1014.0
2025-06-08 04:00:00+00:00,8.0,94,7.1,15,12,14,0,0.0,0.0,0.0,0.0,15.0,25.9,0.0,1014.8
2025-06-08 05:00:00+00:00,8.6,92,7.5,20,18,15,0,37.0,18.0,219.4,19.0,14.6,25.9,0.0,1015.8
2025-06-08 06:00:00+00:00,9.9,90,8.4,16,16,6,0,154.0,100.0,467.9,54.0,14.1,25.9,0.0,1016.7
2025-06-08 07:00:00+00:00,11.6,86,9.4,9,9,1,0,301.0,218.0,597.8,83.0,16.5,33.5,0.0,1017.3
2025-06-08 08:00:00+00:00,13.1,73,8.4,29,29,0,0,465.0,367.0,717.8,98.0,16.9,37.1,0.0,1018.0
2025-06-08 09:00:00+00:00,14.3,65,7.7,38,38,0,0,607.0,485.0,753.4,122.0,19.7,40.3,0.0,1018.5
2025-06-08 10:00:00+00:00,15.6,57,7.0,92,92,0,0,638.0,460.0,611.0,178.0,18.8,41.4,0.0,1019.0
2025-06-08 11:00:00+00:00,16.7,53,7.2,95,95,0,0,659.0,362.0,435.5,297.0,18.3,42.1,0.0,1019.4
2025-06-08 12:00:00+00:00,17.3,51,7.0,94,94,0,0,547.0,215.0,246.1,332.0,18.7,42.5,0.0,1019.7
2025-06-08 13:00:00+00:00,17.0,53,7.2,100,100,41,0,393.0,31.0,35.3,362.0,19.3,42.5,0.0,1019.8
2025-06-08 14:00:00+00:00,17.0,54,7.6,100,100,75,0,333.0,24.0,28.5,309.0,19.3,40.0,0.0,1020.1
2025-06-08 15:00:00+00:00,17.3,52,7.3,100,100,71,0,396.0,63.0,81.9,333.0,19.0,38.5,0.0,1020.5
2025-06-08 16:00:00+00:00,17.0,54,7.8,99,99,29,0,226.0,4.0,6.0,222.0,17.5,33.1,0.0,1020.7
2025-06-08 17:00:00+00:00,16.8,57,8.3,99,99,15,0,217.0,14.0,26.1,203.0,18.0,31.3,0.0,1020.8
2025-06-08 18:00:00+00:00,16.4,59,8.4,92,91,8,0,182.0,67.0,171.4,115.0,14.6,26.6,0.0,1020.8
2025-06-08 19:00:00+00:00,15.6,63,8.6,23,18,14,0,115.0,45.0,187.4,70.0,11.9,20.9,0.0,1021.2
2025-06-08 20:00:00+00:00,14.3,69,8.7,23,17,19,0,38.0,15.0,158.4,23.0,9.2,14.4,0.0,1021.4
2025-06-08 21:00:00+00:00,13.4,74,8.8,26,22,19,0,1.0,0.0,0.0,1.0,8.1,13.3,0.0,1021.9
2025-06-08 22:00:00+00:00,12.5,79,9.0,25,20,15,0,0.0,0.0,0.0,0.0,7.8,13.7,0.0,1022.3
2025-06-08 23:00:00+00:00,12.1,81,8.9,31,30,10,0,0.0,0.0,0.0,0.0,8.8,13.3,0.0,1022.4
2025-06-09 00:00:00+00:00,11.9,82,8.9,44,44,9,0,0.0,0.0,0.0,0.0,8.9,14.4,0.0,1022.2
2025-06-09 01:00:00+00:00,11.9,82,9.0,38,34,19,0,0.0,0.0,0.0,0.0,9.8,15.8,0.0,1022.0
2025-06-09 02:00:00+00:00,11.5,86,9.2,24,21,23,0,0.0,0.0,0.0,0.0,10.1,16.2,0.0,1022.0
2025-06-09 03:00:00+00:00,11.9,86,9.6,33,25,27,0,0.0,0.0,0.0,0.0,9.6,17.3,0.0,1022.1
2025-06-09 04:00:00+00:00,11.8,87,9.7,29,22,26,0,0.0,0.0,0.0,0.0,9.7,17.3,0.0,1022.1
2025-06-09 05:00:00+00:00,12.1,88,10.2,36,28,35,0,33.0,14.0,170.0,19.0,10.3,18.7,0.0,1022.3
2025-06-09 06:00:00+00:00,12.9,86,10.6,44,33,26,15,125.0,67.0,312.6,58.0,10.6,21.2,0.0,1022.5
2025-06-09 07:00:00+00:00,14.0,81,10.9,99,50,24,98,284.0,202.0,553.1,82.0,13.0,27.7,0.0,1022.5
2025-06-09 08:00:00+00:00,15.2,77,11.1,100,60,26,100,428.0,313.0,611.6,115.0,12.7,27.7,0.0,1022.9
2025-06-09 09:00:00+00:00,16.0,72,10.9,96,67,18,90,544.0,379.0,588.4,165.0,13.3,29.2,0.0,1022.9
2025-06-09 10:00:00+00:00,16.7,64,9.9,100,92,3,77,431.0,178.0,236.3,253.0,11.8,30.2,0.1,1022.8
2025-06-09 11:00:00+00:00,17.0,64,10.1,99,99,5,51,394.0,117.0,140.7,277.0,12.9,32.8,0.0,1022.4
2025-06-09 12:00:00+00:00,17.6,62,10.2,99,99,4,23,415.0,90.0,103.0,325.0,14.3,33.8,0.0,1022.1
2025-06-09 13:00:00+00:00,18.1,60,10.1,99,99,1,44,474.0,159.0,181.1,315.0,15.8,36.0,0.0,1022.1
2025-06-09 14:00:00+00:00,18.3,60,10.3,99,99,16,37,447.0,204.0,242.2,243.0,16.7,37.4,0.0,1022.0
2025-06-09 15:00:00+00:00,18.3,61,10.6,100,100,0,1,413.0,124.0,161.1,289.0,17.0,37.4,0.0,1021.6
2025-06-09 16:00:00+00:00,18.3,61,10.6,100,100,0,10,469.0,237.0,355.9,232.0,18.0,37.8,0.0,1021.1
2025-06-09 17:00:00+00:00,17.4,67,11.2,98,98,0,61,303.0,144.0,268.1,159.0,19.6,36.7,0.0,1020.6
2025-06-09 18:00:00+00:00,16.6,72,11.5,100,90,0,99,215.0,73.0,186.0,142.0,19.2,35.6,0.0,1020.6
2025-06-09 19:00:00+00:00,15.9,75,11.4,100,90,0,100,105.0,33.0,136.5,72.0,17.2,32.4,0.0,1020.3
2025-06-09 20:00:00+00:00,15.0,78,11.1,100,95,0,97,28.0,5.0,52.4,23.0,16.7,31.0,0.0,1020.0
2025-06-09 21:00:00+00:00,14.4,80,11.0,100,92,0,100,1.0,0.0,0.0,1.0,16.6,30.6,0.0,1020.0
2025-06-09 22:00:00+00:00,13.7,83,10.8,100,87,5,99,0.0,0.0,0.0,0.0,16.2,30.6,0.0,1019.3
2025-06-09 23:00:00+00:00,13.6,83,10.8,88,74,44,49,0.0,0.0,0.0,0.0,17.9,31.3,0.0,1019.0
2025-06-10 00:00:00+00:00,13.5,84,10.8,50,35,27,5,0.0,0.0,0.0,0.0,18.1,31.3,0.0,1018.7
2025-06-10 01:00:00+00:00,13.5,83,10.7,60,1,26,54,0.0,0.0,0.0,0.0,18.0,33.5,0.0,1018.3
2025-06-10 02:00:00+00:00,13.4,83,10.7,33,3,3,30,0.0,0.0,0.0,0.0,18.5,34.9,0.0,1017.6
2025-06-10 03:00:00+00:00,13.2,86,11.0,98,26,0,97,0.0,0.0,0.0,0.0,18.8,34.9,0.0,1017.2
2025-06-10 04:00:00+00:00,13.2,88,11.2,98,69,0,96,0.0,0.0,0.0,0.0,19.2,34.6,0.0,1016.9
2025-06-10 05:00:00+00:00,13.7,88,11.7,100,100,0,98,23.0,3.0,36.3,20.0,19.3,33.8,0.0,1016.7
2025-06-10 06:00:00+00:00,14.5,87,12.4,100,100,0,98,58.0,8.0,37.2,50.0,18.0,29.2,0.0,1016.7
2025-06-10 07:00:00+00:00,15.3,86,13.0,100,100,0,98,124.0,8.0,21.9,116.0,23.7,45.0,0.0,1016.9
2025-06-10 08:00:00+00:00,16.2,85,13.8,100,100,0,90,169.0,14.0,27.3,155.0,23.1,41.4,0.0,1017.0
2025-06-10 09:00:00+00:00,17.4,80,14.0,100,100,0,95,266.0,57.0,88.4,209.0,22.9,44.6,0.1,1017.2
2025-06-10 10:00:00+00:00,18.2,76,14.0,100,96,0,91,278.0,68.0,90.2,210.0,22.0,45.4,0.1,1017.4
2025-06-10 11:00:00+00:00,18.6,76,14.3,100,100,0,87,280.0,30.0,36.0,250.0,21.1,40.3,0.0,1017.5
2025-06-10 12:00:00+00:00,19.3,71,13.9,100,100,0,65,375.0,59.0,67.4,316.0,19.1,41.4,0.0,1017.5
2025-06-10 13:00:00+00:00,20.0,68,13.8,100,100,0,61,423.0,136.0,154.8,287.0,17.3,40.3,0.0,1017.7
2025-06-10 14:00:00+00:00,20.4,66,13.9,100,100,0,33,392.0,78.0,92.5,314.0,15.1,35.6,0.1,1017.9
2025-06-10 15:00:00+00:00,20.7,65,13.9,100,100,0,19,298.0,45.0,58.4,253.0,12.9,29.5,0.0,1018.0
2025-06-10 16:00:00+00:00,20.7,64,13.8,100,100,0,7,312.0,85.0,127.4,227.0,10.5,25.2,0.0,1018.2
2025-06-10 17:00:00+00:00,20.9,63,13.6,100,100,0,9,257.0,59.0,109.6,198.0,8.7,20.5,0.0,1018.3
2025-06-10 18:00:00+00:00,20.7,63,13.5,94,94,0,3,186.0,57.0,144.7,129.0,7.0,15.1,0.0,1018.6
2025-06-10 19:00:00+00:00,20.0,67,13.7,89,87,0,12,87.0,24.0,98.7,63.0,5.8,10.8,0.0,1018.8
2025-06-10 20:00:00+00:00,18.5,74,13.9,87,84,0,11,26.0,3.0,31.0,23.0,5.5,9.7,0.0,1019.3
2025-06-10 21:00:00+00:00,16.7,82,13.6,88,82,0,37,1.0,0.0,0.0,1.0,5.8,10.1,0.0,1019.7
2025-06-10 22:00:00+00:00,16.4,83,13.5,90,88,0,31,0.0,0.0,0.0,0.0,6.6,10.4,0.0,1019.9
2025-06-10 23:00:00+00:00,15.6,85,13.1,85,84,0,16,0.0,0.0,0.0,0.0,6.4,11.2,0.0,1020.0
2025-06-11 00:00:00+00:00,14.7,88,12.6,75,75,0,6,0.0,0.0,0.0,0.0,6.4,11.2,0.0,1020.1
2025-06-11 01:00:00+00:00,14.0,89,12.2,56,55,0,2,0.0,0.0,0.0,0.0,5.7,11.5,0.0,1019.7
2025-06-11 02:00:00+00:00,13.3,92,12.0,53,53,0,0,0.0,0.0,0.0,0.0,5.1,11.9,0.0,1019.6
2025-06-11 03:00:00+00:00,12.3,94,11.4,35,35,0,0,0.0,0.0,0.0,0.0,5.1,10.4,0.0,1019.5
2025-06-11 04:00:00+00:00,11.7,95,11.0,27,27,0,0,0.0,0.0,0.0,0.0,4.3,10.1,0.0,1019.6
2025-06-11 05:00:00+00:00,13.0,93,12.0,51,35,0,23,31.0,13.0,157.0,18.0,6.1,13.3,0.0,1019.6
2025-06-11 06:00:00+00:00,14.2,93,13.1,45,29,0,24,120.0,56.0,260.0,64.0,6.9,16.6,0.0,1019.4
2025-06-11 07:00:00+00:00,15.8,91,14.3,38,38,0,2,238.0,133.0,363.4,105.0,9.3,20.5,0.0,1019.7
2025-06-11 08:00:00+00:00,16.8,87,14.6,48,46,0,2,363.0,201.0,392.2,162.0,14.1,28.4,0.0,1019.9
2025-06-11 09:00:00+00:00,17.5,82,14.3,87,87,0,7,411.0,186.0,288.5,225.0,17.9,34.6,0.0,1020.0
2025-06-11 10:00:00+00:00,17.7,80,14.3,100,100,0,1,487.0,255.0,338.2,232.0,15.3,38.5,0.0,1020.4
2025-06-11 11:00:00+00:00,18.3,78,14.3,100,99,0,4,570.0,306.0,367.5,264.0,15.2,40.0,0.0,1019.6
2025-06-11 12:00:00+00:00,18.7,76,14.3,100,99,0,32,512.0,164.0,187.4,348.0,15.7,40.7,0.0,1019.4
2025-06-11 13:00:00+00:00,19.1,73,14.2,50,50,0,0,562.0,325.0,369.7,237.0,17.8,41.8,0.0,1019.1
2025-06-11 14:00:00+00:00,19.8,71,14.3,77,76,0,2,562.0,255.0,302.2,307.0,18.8,43.2,0.0,1018.4
2025-06-11 15:00:00+00:00,20.4,67,14.0,27,1,0,26,545.0,369.0,478.1,176.0,17.7,42.1,0.0,1017.9
2025-06-11 16:00:00+00:00,20.9,64,13.9,39,0,0,38,493.0,334.0,500.0,159.0,18.5,37.8,0.0,1016.8
2025-06-11 17:00:00+00:00,21.2,63,13.9,43,0,0,43,479.0,374.0,693.1,105.0,19.0,36.4,0.0,1016.0
2025-06-11 18:00:00+00:00,21.1,62,13.6,49,0,0,49,323.0,233.0,589.6,90.0,17.4,33.8,0.0,1015.8
2025-06-11 19:00:00+00:00,20.4,64,13.3,5,0,0,5,178.0,120.0,490.6,58.0,15.5,28.4,0.0,1015.6
2025-06-11 20:00:00+00:00,19.1,67,12.8,57,0,0,57,55.0,28.0,285.1,27.0,16.5,29.5,0.0,1015.5
2025-06-11 21:00:00+00:00,17.8,70,12.2,75,0,0,75,1.0,0.0,0.0,1.0,16.6,29.9,0.0,1015.9
2025-06-11 22:00:00+00:00,16.9,68,11.0,97,16,0,97,0.0,0.0,0.0,0.0,19.0,31.0,0.0,1015.2
2025-06-11 23:00:00+00:00,16.2,70,10.7,99,21,0,98,0.0,0.0,0.0,0.0,19.8,32.8,0.0,1015.0
2025-06-12 00:00:00+00:00,15.9,70,10.5,44,7,0,38,0.0,0.0,0.0,0.0,19.4,34.2,0.0,1014.6
2025-06-12 01:00:00+00:00,15.6,72,10.5,97,11,0,96,0.0,0.0,0.0,0.0,16.8,33.1,0.0,1014.2
2025-06-12 02:00:00+00:00,15.5,73,10.6,96,21,0,96,0.0,0.0,0.0,0.0,17.7,32.0,0.0,1013.7
2025-06-12 03:00:00+00:00,15.6,73,10.7,97,8,0,97,0.0,0.0,0.0,0.0,20.1,31.7,0.0,1012.7
2025-06-12 04:00:00+00:00,15.6,73,10.8,94,1,3,94,0.0,0.0,0.0,0.0,19.8,31.0,0.0,1011.9
2025-06-12 05:00:00+00:00,15.7,74,11.2,98,7,23,98,28.0,5.0,60.2,23.0,19.6,31.7,0.0,1011.6
2025-06-12 06:00:00+00:00,16.6,73,11.8,99,11,56,99,98.0,36.0,166.9,62.0,18.2,32.0,0.0,1011.4
2025-06-12 07:00:00+00:00,17.4,73,12.5,97,0,47,97,164.0,60.0,163.8,104.0,17.9,35.6,0.7,1010.8
2025-06-12 08:00:00+00:00,18.4,71,13.1,80,3,75,28,265.0,109.0,212.6,156.0,19.1,35.6,0.3,1010.4
2025-06-12 09:00:00+00:00,18.9,72,13.7,75,7,50,54,354.0,187.0,289.9,167.0,22.6,44.6,0.7,1010.4
2025-06-12 10:00:00+00:00,18.4,78,14.5,99,3,92,93,369.0,89.0,118.0,280.0,20.8,49.7,0.8,1010.2
2025-06-12 11:00:00+00:00,17.0,89,15.1,100,88,100,97,195.0,33.0,39.6,162.0,18.4,35.6,1.1,1010.8
2025-06-12 12:00:00+00:00,17.5,90,15.8,91,62,67,55,312.0,87.0,99.3,225.0,13.7,38.2,0.2,1010.7
2025-06-12 13:00:00+00:00,19.4,88,17.3,54,49,2,9,469.0,237.0,269.4,232.0,17.3,45.4,0.3,1010.9
2025-06-12 14:00:00+00:00,19.8,87,17.7,30,26,8,1,283.0,74.0,87.6,209.0,21.1,38.9,0.5,1011.4
2025-06-12 15:00:00+00:00,20.1,83,17.1,45,34,29,0,117.0,0.0,0.0,117.0,22.5,29.2,0.1,1011.8
2025-06-12 16:00:00+00:00,20.4,77,16.3,15,6,12,0,144.0,1.0,1.5,143.0,18.8,31.3,0.0,1012.3
2025-06-12 17:00:00+00:00,20.7,72,15.5,9,1,8,0,173.0,12.0,22.2,161.0,15.1,33.5,0.0,1012.5
2025-06-12 18:00:00+00:00,20.6,69,14.7,15,7,13,0,175.0,75.0,189.2,100.0,13.2,30.6,0.0,1013.0
2025-06-12 19:00:00+00:00,19.7,72,14.5,16,16,3,0,165.0,102.0,414.8,63.0,11.3,20.9,0.0,1013.5
2025-06-12 20:00:00+00:00,18.4,78,14.5,15,15,0,0,51.0,25.0,251.1,26.0,9.1,14.4,0.0,1014.3
2025-06-12 21:00:00+00:00,17.0,84,14.2,19,16,0,3,1.0,0.0,0.0,1.0,8.1,13.3,0.0,1015.1
2025-06-12 22:00:00+00:00,16.1,87,14.0,19,19,0,0,0.0,0.0,0.0,0.0,9.2,14.4,0.0,1015.3
2025-06-12 23:00:00+00:00,15.9,89,14.0,25,25,0,0,0.0,0.0,0.0,0.0,10.3,16.2,0.0,1015.6
2025-06-13 00:00:00+00:00,15.7,90,14.1,23,23,0,0,0.0,0.0,0.0,0.0,11.4,18.0,0.0,1016.0
2025-06-13 01:00:00+00:00,15.5,92,14.3,7,5,1,1,0.0,0.0,0.0,0.0,11.5,19.1,0.0,1016.1
2025-06-13 02:00:00+00:00,15.3,95,14.5,63,4,0,62,0.0,0.0,0.0,0.0,12.1,19.8,0.0,1016.3
2025-06-13 03:00:00+00:00,15.4,93,14.3,73,34,0,59,0.0,0.0,0.0,0.0,13.6,22.0,0.0,1016.8
2025-06-13 04:00:00+00:00,15.4,92,14.1,87,68,0,54,0.0,0.0,0.0,0.0,14.3,22.3,0.0,1017.3
2025-06-13 05:00:00+00:00,15.9,90,14.2,96,90,0,65,26.0,4.0,48.1,22.0,14.7,23.0,0.0,1017.8
2025-06-13 06:00:00+00:00,16.9,88,14.9,95,71,0,74,128.0,58.0,268.6,70.0,15.4,24.1,0.0,1018.5
2025-06-13 07:00:00+00:00,18.0,81,14.7,93,80,0,74,243.0,125.0,341.1,118.0,15.8,31.3,0.0,1019.3
2025-06-13 08:00:00+00:00,18.8,75,14.3,95,53,0,84,382.0,230.0,448.5,152.0,14.2,29.9,0.0,1019.6
2025-06-13 09:00:00+00:00,19.5,71,14.1,85,19,0,82,547.0,357.0,553.3,190.0,11.4,26.3,0.0,1019.8
2025-06-13 10:00:00+00:00,20.5,63,13.2,47,0,1,47,703.0,543.0,719.7,160.0,5.6,23.0,0.0,1019.3
2025-06-13 11:00:00+00:00,21.7,58,13.0,12,0,2,11,824.0,698.0,837.7,126.0,6.5,20.5,0.0,1019.2
2025-06-13 12:00:00+00:00,22.6,54,12.7,1,0,1,0,881.0,766.0,874.3,115.0,7.5,18.7,0.0,1018.9
2025-06-13 13:00:00+00:00,23.3,51,12.7,8,0,1,8,869.0,748.0,849.9,121.0,8.1,20.2,0.0,1018.5
2025-06-13 14:00:00+00:00,23.7,49,12.5,70,0,1,70,823.0,700.0,828.3,123.0,10.0,19.8,0.0,1018.2
2025-06-13 15:00:00+00:00,23.7,48,12.1,77,0,15,74,658.0,480.0,620.6,178.0,9.5,14.4,0.0,1017.6
2025-06-13 16:00:00+00:00,23.8,51,13.0,55,0,22,43,452.0,284.0,423.9,168.0,9.3,9.7,0.0,1016.6
2025-06-13 17:00:00+00:00,23.3,53,13.3,87,0,31,80,336.0,120.0,221.5,216.0,9.9,10.1,0.2,1016.2
2025-06-13 18:00:00+00:00,22.5,65,15.6,100,0,18,100,156.0,18.0,45.3,138.0,6.0,6.1,0.0,1015.8
2025-06-13 19:00:00+00:00,21.7,69,15.7,100,0,25,100,75.0,5.0,20.2,70.0,6.0,10.1,0.0,1015.6
2025-06-13 20:00:00+00:00,20.1,74,15.3,100,0,68,100,19.0,1.0,9.9,18.0,7.9,11.5,0.0,1015.4
2025-06-13 21:00:00+00:00,19.3,79,15.5,100,2,63,100,1.0,0.0,0.0,1.0,7.8,19.1,0.0,1015.0
2025-06-13 22:00:00+00:00,19.5,77,15.4,88,4,4,87,0.0,0.0,0.0,0.0,5.7,20.2,0.4,1014.5
2025-06-13 23:00:00+00:00,18.5,83,15.5,35,16,17,18,0.0,0.0,0.0,0.0,5.0,24.1,3.2,1014.1
2025-06-14 00:00:00+00:00,16.8,90,15.1,18,1,11,10,0.0,0.0,0.0,0.0,8.0,20.5,9.9,1013.6
2025-06-14 01:00:00+00:00,16.2,91,14.8,9,1,8,3,0.0,0.0,0.0,0.0,11.8,18.4,8.9,1013.8
2025-06-14 02:00:00+00:00,16.2,94,15.2,24,4,23,0,0.0,0.0,0.0,0.0,12.6,11.5,1.2,1013.4
2025-06-14 03:00:00+00:00,16.2,95,15.4,40,15,32,2,0.0,0.0,0.0,0.0,11.2,16.2,0.0,1012.8
2025-06-14 04:00:00+00:00,16.3,97,15.8,64,29,24,37,0.0,0.0,0.0,0.0,14.2,20.9,0.0,1013.2
2025-06-14 05:00:00+00:00,16.5,95,15.7,70,63,5,12,17.0,0.0,0.0,17.0,17.1,27.7,0.0,1013.4
2025-06-14 06:00:00+00:00,16.4,93,15.2,38,21,27,0,89.0,23.0,106.4,66.0,16.4,31.3,0.0,1014.0
2025-06-14 07:00:00+00:00,16.7,89,14.8,55,25,49,0,222.0,118.0,321.9,104.0,18.6,36.4,0.0,1014.7
2025-06-14 08:00:00+00:00,17.6,83,14.7,40,21,29,0,381.0,205.0,399.6,176.0,20.7,40.0,0.0,1015.2
2025-06-14 09:00:00+00:00,18.6,77,14.5,30,29,5,0,502.0,306.0,474.2,196.0,21.8,42.5,0.0,1015.6
2025-06-14 10:00:00+00:00,18.8,76,14.5,31,20,3,12,604.0,348.0,461.2,256.0,22.8,44.3,0.1,1016.3
2025-06-14 11:00:00+00:00,19.5,69,13.6,16,16,4,0,680.0,449.0,538.7,231.0,23.7,47.5,0.1,1016.7
2025-06-14 12:00:00+00:00,19.5,63,12.2,21,18,3,2,668.0,505.0,576.2,163.0,22.5,49.0,0.0,1016.7
2025-06-14 13:00:00+00:00,20.1,60,12.0,42,38,7,8,791.0,655.0,743.8,136.0,23.3,50.8,0.0,1017.0
2025-06-14 14:00:00+00:00,19.6,62,12.2,40,30,25,0,639.0,471.0,556.9,168.0,24.6,50.0,0.0,1017.3
2025-06-14 15:00:00+00:00,19.7,63,12.5,36,31,23,0,665.0,495.0,639.4,170.0,24.9,49.3,0.0,1017.7
2025-06-14 16:00:00+00:00,19.5,64,12.5,32,29,16,0,558.0,443.0,660.4,115.0,24.5,46.4,0.0,1017.9
2025-06-14 17:00:00+00:00,18.8,66,12.3,30,25,18,0,467.0,371.0,683.6,96.0,24.1,44.3,0.0,1017.9
2025-06-14 18:00:00+00:00,18.1,69,12.3,27,23,13,0,310.0,228.0,572.0,82.0,21.3,38.5,0.0,1018.4
2025-06-14 19:00:00+00:00,17.2,74,12.5,25,18,15,0,157.0,93.0,374.7,64.0,16.8,31.3,0.0,1018.7
2025-06-14 20:00:00+00:00,16.1,79,12.5,17,12,15,1,51.0,25.0,245.3,26.0,14.1,25.2,0.0,1019.2
2025-06-14 21:00:00+00:00,14.8,84,12.2,16,8,8,1,1.0,0.0,0.0,1.0,11.9,20.9,0.0,1019.6
2025-06-14 22:00:00+00:00,14.2,88,12.2,35,5,26,12,0.0,0.0,0.0,0.0,9.7,17.3,0.0,1020.0
2025-06-14 23:00:00+00:00,13.5,90,11.9,58,16,39,33,0.0,0.0,0.0,0.0,9.3,15.1,0.0,1020.7
2025-06-15 00:00:00+00:00,13.2,91,11.8,40,24,34,1,0.0,0.0,0.0,0.0,9.5,14.8,0.0,1020.7
2025-06-15 01:00:00+00:00,12.6,92,11.3,30,13,26,0,0.0,0.0,0.0,0.0,10.5,15.1,0.0,1020.4
2025-06-15 02:00:00+00:00,12.1,93,11.1,51,27,45,0,0.0,0.0,0.0,0.0,10.7,15.8,0.0,1020.4
2025-06-15 03:00:00+00:00,11.8,94,10.8,64,49,34,0,0.0,0.0,0.0,0.0,9.5,16.9,0.0,1020.7
2025-06-15 04:00:00+00:00,11.6,94,10.6,71,68,20,0,0.0,0.0,0.0,0.0,10.0,17.6,0.0,1020.9
2025-06-15 05:00:00+00:00,12.1,94,11.2,89,87,23,0,35.0,15.0,180.2,20.0,10.6,20.5,0.0,1021.7
2025-06-15 06:00:00+00:00,13.4,93,12.2,98,98,14,0,136.0,79.0,365.3,57.0,14.8,27.4,0.0,1021.9
2025-06-15 07:00:00+00:00,15.0,89,13.2,98,98,15,0,169.0,38.0,103.7,131.0,14.8,28.8,0.0,1022.4
2025-06-15 08:00:00+00:00,16.7,80,13.2,97,97,9,0,206.0,49.0,95.5,157.0,15.7,29.9,0.1,1022.9
2025-06-15 09:00:00+00:00,17.9,73,12.9,99,99,2,0,358.0,175.0,271.2,183.0,16.3,31.7,0.1,1023.0
2025-06-15 10:00:00+00:00,19.0,67,12.8,37,35,21,0,417.0,171.0,226.6,246.0,14.8,31.3,0.0,1023.2
2025-06-15 11:00:00+00:00,20.0,61,12.3,43,42,3,0,561.0,357.0,428.3,204.0,14.6,33.8,0.0,1023.4
2025-06-15 12:00:00+00:00,20.5,58,11.9,32,32,1,0,559.0,297.0,338.8,262.0,15.3,34.9,0.0,1023.5
2025-06-15 13:00:00+00:00,20.8,56,11.7,25,25,0,0,529.0,202.0,229.3,327.0,17.1,37.8,0.0,1023.5
2025-06-15 14:00:00+00:00,21.2,55,11.8,28,28,0,0,623.0,400.0,472.7,223.0,19.1,39.2,0.0,1023.5
2025-06-15 15:00:00+00:00,20.9,55,11.6,60,60,0,0,624.0,449.0,579.5,175.0,19.9,38.5,0.0,1023.8
2025-06-15 16:00:00+00:00,20.5,57,11.6,53,53,0,0,428.0,291.0,433.3,137.0,20.0,36.4,0.0,1024.0
2025-06-15 17:00:00+00:00,19.9,59,11.5,16,6,0,10,400.0,281.0,516.9,119.0,18.8,34.6,0.0,1024.3
2025-06-15 18:00:00+00:00,19.2,61,11.6,57,42,1,29,333.0,247.0,618.2,86.0,16.7,29.9,0.0,1024.8
2025-06-15 19:00:00+00:00,18.4,65,11.8,72,66,0,12,158.0,96.0,385.2,62.0,14.5,26.3,0.0,1025.4
2025-06-15 20:00:00+00:00,17.2,72,12.0,65,63,1,3,53.0,22.0,213.8,31.0,12.6,22.0,0.0,1026.0
2025-06-15 21:00:00+00:00,15.7,79,12.0,0,0,0,0,2.0,0.0,0.0,2.0,11.3,19.1,0.0,1026.6
2025-06-15 22:00:00+00:00,14.7,84,12.1,0,0,0,0,0.0,0.0,0.0,0.0,10.4,17.3,0.0,1027.1
2025-06-15 23:00:00+00:00,14.2,89,12.4,0,0,0,0,0.0,0.0,0.0,0.0,10.1,16.2,0.0,1027.4
2025-06-16 00:00:00+00:00,13.8,90,12.3,0,0,0,0,0.0,0.0,0.0,0.0,9.9,16.2,0.0,1027.9
2025-06-16 01:00:00+00:00,13.6,92,12.4,1,1,0,0,0.0,0.0,0.0,0.0,9.8,14.8,0.0,1027.8
2025-06-16 02:00:00+00:00,13.3,93,12.3,2,2,0,0,0.0,0.0,0.0,0.0,8.6,12.2,0.0,1027.7
2025-06-16 03:00:00+00:00,13.1,94,12.2,5,5,0,0,0.0,0.0,0.0,0.0,7.1,9.7,0.0,1027.8
2025-06-16 04:00:00+00:00,12.9,94,12.0,10,10,0,0,0.0,0.0,0.0,0.0,6.8,9.7,0.0,1028.0
2025-06-16 05:00:00+00:00,13.5,95,12.7,48,48,0,0,37.0,16.0,192.2,21.0,9.0,10.4,0.0,1028.5
2025-06-16 06:00:00+00:00,14.8,93,13.6,78,78,0,0,146.0,89.0,411.6,57.0,10.8,14.0,0.0,1028.8
2025-06-16 07:00:00+00:00,16.1,88,14.1,44,44,0,0,226.0,107.0,291.9,119.0,8.2,18.4,0.0,1029.2
2025-06-16 08:00:00+00:00,17.7,79,14.1,43,42,0,3,427.0,300.0,584.9,127.0,5.7,16.6,0.0,1029.3
2025-06-16 09:00:00+00:00,18.7,71,13.3,78,63,0,42,538.0,366.0,567.2,172.0,3.9,14.8,0.0,1029.1
2025-06-16 10:00:00+00:00,19.5,66,12.9,92,90,0,22,500.0,225.0,298.1,275.0,4.9,14.0,0.0,1029.2
2025-06-16 11:00:00+00:00,20.0,64,13.1,99,98,0,5,398.0,75.0,90.0,323.0,5.8,15.5,0.0,1029.0
2025-06-16 12:00:00+00:00,20.5,63,13.3,98,98,0,0,378.0,53.0,60.4,325.0,5.9,18.0,0.0,1028.6
2025-06-16 13:00:00+00:00,20.6,65,13.8,95,94,0,2,350.0,62.0,70.3,288.0,6.1,20.9,0.0,1028.4
2025-06-16 14:00:00+00:00,21.4,64,14.2,95,95,0,0,428.0,96.0,113.4,332.0,7.2,22.0,0.0,1028.3
2025-06-16 15:00:00+00:00,21.6,63,14.3,89,89,0,0,410.0,134.0,172.8,276.0,8.2,22.0,0.0,1028.0
2025-06-16 16:00:00+00:00,21.6,63,14.4,34,34,0,0,353.0,118.0,175.5,235.0,8.4,23.0,0.0,1027.4
2025-06-16 17:00:00+00:00,21.5,64,14.3,71,71,0,0,311.0,133.0,244.3,178.0,8.6,21.2,0.0,1027.2
2025-06-16 18:00:00+00:00,21.0,66,14.4,41,41,0,0,228.0,123.0,307.2,105.0,9.6,18.4,0.0,1027.1
2025-06-16 19:00:00+00:00,20.3,70,14.5,22,22,0,0,157.0,89.0,355.8,68.0,10.4,18.4,0.0,1027.1
2025-06-16 20:00:00+00:00,18.7,75,14.2,0,0,0,0,53.0,21.0,202.3,32.0,9.3,16.9,0.0,1027.3
2025-06-16 21:00:00+00:00,16.9,81,13.7,1,1,0,0,2.0,0.0,0.0,2.0,9.1,15.5,0.0,1027.7
2025-06-16 22:00:00+00:00,15.6,85,13.0,2,2,0,0,0.0,0.0,0.0,0.0,9.6,14.4,0.0,1027.7
2025-06-16 23:00:00+00:00,14.8,86,12.5,1,1,0,0,0.0,0.0,0.0,0.0,8.9,14.8,0.0,1027.7
2025-06-17 00:00:00+00:00,14.2,86,11.9,2,2,0,0,0.0,0.0,0.0,0.0,8.5,15.1,0.0,1027.5
2025-06-17 01:00:00+00:00,13.3,87,11.1,1,1,0,0,0.0,0.0,0.0,0.0,8.3,14.4,0.0,1027.1
2025-06-17 02:00:00+00:00,12.2,88,10.3,1,1,0,0,0.0,0.0,0.0,0.0,7.1,12.2,0.0,1026.9
2025-06-17 03:00:00+00:00,11.2,90,9.7,0,0,0,0,0.0,0.0,0.0,0.0,5.7,10.4,0.0,1026.6
2025-06-17 04:00:00+00:00,11.1,91,9.7,0,0,0,0,0.0,0.0,0.0,0.0,7.5,10.1,0.0,1026.7
2025-06-17 05:00:00+00:00,12.0,91,10.5,0,0,0,0,38.0,18.0,216.3,20.0,5.6,9.4,0.0,1026.8
2025-06-17 06:00:00+00:00,13.9,87,11.8,2,1,0,2,153.0,98.0,453.4,55.0,5.3,14.0,0.0,1026.9
2025-06-17 07:00:00+00:00,15.8,82,12.7,15,0,0,15,305.0,230.0,627.7,75.0,5.2,14.8,0.0,1027.2
2025-06-17 08:00:00+00:00,17.6,78,13.7,39,0,0,39,464.0,374.0,729.4,90.0,6.4,18.4,0.0,1027.1
2025-06-17 09:00:00+00:00,18.9,73,14.0,57,0,0,57,611.0,498.0,771.9,113.0,9.2,23.4,0.0,1027.0
2025-06-17 10:00:00+00:00,20.4,66,13.9,74,0,0,74,721.0,578.0,765.9,143.0,11.1,28.1,0.0,1026.8
2025-06-17 11:00:00+00:00,21.4,63,13.9,79,0,0,79,785.0,613.0,735.3,172.0,11.1,28.1,0.0,1026.5
2025-06-17 12:00:00+00:00,22.0,61,14.1,91,0,0,91,823.0,603.0,687.6,220.0,11.1,28.4,0.0,1026.2
2025-06-17 13:00:00+00:00,22.5,60,14.3,82,0,0,82,798.0,543.0,615.9,255.0,10.9,28.8,0.0,1025.9
2025-06-17 14:00:00+00:00,23.1,58,14.4,90,0,0,90,830.0,682.0,805.1,148.0,11.5,28.8,0.0,1025.8
2025-06-17 15:00:00+00:00,23.4,57,14.5,71,0,0,71,731.0,569.0,733.3,162.0,12.6,29.2,0.0,1025.4
2025-06-17 16:00:00+00:00,23.5,56,14.2,13,0,0,13,595.0,417.0,619.7,178.0,13.4,27.7,0.0,1025.1
2025-06-17 17:00:00+00:00,23.5,55,13.9,8,3,0,4,462.0,324.0,594.4,138.0,13.3,25.6,0.0,1024.9
2025-06-17 18:00:00+00:00,22.8,57,13.8,1,1,0,0,328.0,235.0,585.8,93.0,12.1,21.2,0.0,1024.7
2025-06-17 19:00:00+00:00,21.3,62,13.8,13,0,0,13,182.0,123.0,490.1,59.0,9.4,17.3,0.0,1024.8
2025-06-17 20:00:00+00:00,19.2,69,13.4,31,0,0,31,58.0,30.0,286.7,28.0,9.1,15.5,0.0,1025.1
2025-06-17 21:00:00+00:00,17.5,74,12.8,74,0,0,74,2.0,0.0,0.0,2.0,10.1,17.6,0.0,1025.7
2025-06-17 22:00:00+00:00,15.9,79,12.3,69,0,0,69,0.0,0.0,0.0,0.0,11.1,18.4,0.0,1025.6
2025-06-17 23:00:00+00:00,14.9,83,12.1,57,0,0,57,0.0,0.0,0.0,0.0,11.5,18.7,0.0,1025.7
2025-06-18 00:00:00+00:00,14.1,87,12.0,39,0,0,39,0.0,0.0,0.0,0.0,11.6,18.0,0.0,1025.7
2025-06-18 01:00:00+00:00,13.8,89,12.1,81,1,0,81,0.0,0.0,0.0,0.0,11.4,17.3,0.0,1025.5
2025-06-18 02:00:00+00:00,13.3,91,11.9,95,0,0,95,0.0,0.0,0.0,0.0,10.6,16.6,0.0,1025.3
2025-06-18 03:00:00+00:00,13.1,92,11.9,90,2,0,89,0.0,0.0,0.0,0.0,9.4,15.1,0.0,1025.3
2025-06-18 04:00:00+00:00,13.0,93,11.9,82,6,0,79,0.0,0.0,0.0,0.0,8.6,14.4,0.0,1025.3
2025-06-18 05:00:00+00:00,13.4,94,12.4,70,4,0,67,36.0,16.0,192.5,20.0,9.3,15.5,0.0,1025.6
2025-06-18 06:00:00+00:00,14.9,91,13.4,47,3,0,44,144.0,86.0,398.3,58.0,7.4,17.6,0.0,1025.6
2025-06-18 07:00:00+00:00,16.7,84,14.0,30,1,0,29,297.0,219.0,598.1,78.0,6.3,16.6,0.0,1026.0
2025-06-18 08:00:00+00:00,18.5,77,14.4,31,0,0,31,459.0,371.0,723.9,88.0,5.4,16.2,0.0,1026.0
2025-06-18 09:00:00+00:00,20.2,71,14.8,32,1,0,32,606.0,505.0,783.0,101.0,3.6,14.8,0.0,1026.0
2025-06-18 10:00:00+00:00,21.8,64,14.7,0,0,0,0,729.0,611.0,809.8,118.0,3.2,14.0,0.0,1025.9
2025-06-18 11:00:00+00:00,22.9,60,14.7,0,0,0,0,826.0,702.0,842.0,124.0,3.0,14.8,0.0,1025.8
2025-06-18 12:00:00+00:00,24.0,56,14.8,0,0,0,0,864.0,732.0,834.6,132.0,3.1,15.5,0.0,1025.7
2025-06-18 13:00:00+00:00,24.7,53,14.6,0,0,0,0,873.0,741.0,840.3,132.0,2.7,15.8,0.0,1025.3
2025-06-18 14:00:00+00:00,25.4,51,14.5,0,0,0,0,839.0,721.0,850.8,118.0,3.4,16.2,0.0,1025.1
2025-06-18 15:00:00+00:00,25.9,50,14.6,0,0,0,0,741.0,630.0,811.4,111.0,4.7,15.1,0.0,1024.8
2025-06-18 16:00:00+00:00,26.0,48,14.3,0,0,0,0,634.0,529.0,785.4,105.0,5.6,13.7,0.0,1024.4
2025-06-18 17:00:00+00:00,26.0,48,14.3,0,0,0,0,490.0,396.0,725.5,94.0,6.3,10.8,0.0,1024.2
2025-06-18 18:00:00+00:00,25.5,51,14.7,0,0,0,0,335.0,256.0,636.9,79.0,6.9,9.0,0.0,1024.1
2025-06-18 19:00:00+00:00,23.9,62,16.2,0,0,0,0,185.0,127.0,504.6,58.0,6.9,12.2,0.0,1024.4
2025-06-18 20:00:00+00:00,21.6,69,15.6,0,0,0,0,60.0,31.0,294.2,29.0,6.6,11.2,0.0,1024.6
2025-06-18 21:00:00+00:00,19.2,78,15.3,0,0,0,0,2.0,0.0,0.0,2.0,7.1,11.2,0.0,1025.1
2025-06-18 22:00:00+00:00,17.3,84,14.6,0,0,0,0,0.0,0.0,0.0,0.0,7.3,11.5,0.0,1025.2
2025-06-18 23:00:00+00:00,16.8,85,14.2,0,0,0,0,0.0,0.0,0.0,0.0,7.1,11.5,0.0,1025.2
2025-06-19 00:00:00+00:00,16.1,85,13.6,0,0,0,0,0.0,0.0,0.0,0.0,7.6,11.9,0.0,1025.0
2025-06-19 01:00:00+00:00,15.0,87,12.9,0,0,0,0,0.0,0.0,0.0,0.0,7.3,11.2,0.0,1025.1
2025-06-19 02:00:00+00:00,14.2,88,12.2,0,0,0,0,0.0,0.0,0.0,0.0,6.9,9.7,0.0,1025.0
2025-06-19 03:00:00+00:00,13.9,89,12.2,0,0,0,0,0.0,0.0,0.0,0.0,7.1,9.0,0.0,1025.0
2025-06-19 04:00:00+00:00,13.8,90,12.2,0,0,0,0,0.0,0.0,0.0,0.0,6.8,7.6,0.0,1025.0
2025-06-19 05:00:00+00:00,14.5,91,13.1,0,0,0,0,38.0,18.0,217.0,20.0,5.6,5.8,0.0,1025.2
2025-06-19 06:00:00+00:00,17.1,87,15.0,0,0,0,0,151.0,98.0,454.6,53.0,4.7,9.0,0.0,1025.3
2025-06-19 07:00:00+00:00,19.7,78,15.9,0,0,0,0,298.0,223.0,609.6,75.0,3.1,10.8,0.0,1025.5
2025-06-19 08:00:00+00:00,22.1,68,16.0,0,0,0,0,455.0,364.0,710.7,91.0,3.4,12.6,0.0,1025.5
2025-06-19 09:00:00+00:00,23.7,62,16.0,0,0,0,0,603.0,501.0,777.1,102.0,5.0,15.5,0.0,1025.5
2025-06-19 10:00:00+00:00,25.2,57,15.9,0,0,0,0,728.0,617.0,818.0,111.0,5.6,19.4,0.0,1025.2
2025-06-19 11:00:00+00:00,25.9,53,15.5,0,0,0,0,820.0,704.0,844.5,116.0,7.4,22.7,0.0,1025.3
2025-06-19 12:00:00+00:00,26.3,50,15.0,0,0,0,0,871.0,752.0,857.3,119.0,8.0,23.8,0.0,1025.3
2025-06-19 13:00:00+00:00,26.8,47,14.7,0,0,0,0,877.0,757.0,858.3,120.0,7.9,24.1,0.0,1025.0
2025-06-19 14:00:00+00:00,27.2,45,14.3,0,0,0,0,837.0,721.0,850.5,116.0,8.8,24.1,0.0,1024.5
2025-06-19 15:00:00+00:00,27.2,44,13.8,0,0,0,0,755.0,644.0,829.0,111.0,10.2,25.2,0.0,1024.2
2025-06-19 16:00:00+00:00,27.0,43,13.5,0,0,0,0,638.0,535.0,793.7,103.0,11.5,25.2,0.0,1023.8
2025-06-19 17:00:00+00:00,26.5,44,13.4,2,0,0,2,495.0,403.0,737.5,92.0,12.2,24.5,0.0,1023.5
2025-06-19 18:00:00+00:00,25.6,47,13.5,85,0,0,85,337.0,256.0,635.9,81.0,11.2,20.2,0.0,1023.3
2025-06-19 19:00:00+00:00,24.3,50,13.3,82,0,0,82,169.0,87.0,344.7,82.0,8.9,15.1,0.0,1023.5
2025-06-19 20:00:00+00:00,22.1,57,13.1,61,0,0,61,57.0,20.0,188.6,37.0,8.2,14.0,0.0,1023.4
2025-06-19 21:00:00+00:00,20.4,59,12.2,44,0,0,44,2.0,0.0,0.0,2.0,9.8,16.6,0.0,1023.9
2025-06-19 22:00:00+00:00,19.7,62,12.2,44,0,0,44,0.0,0.0,0.0,0.0,11.9,20.2,0.0,1023.9
2025-06-19 23:00:00+00:00,19.1,67,12.9,75,0,0,75,0.0,0.0,0.0,0.0,13.1,23.4,0.0,1024.0
2025-06-20 00:00:00+00:00,18.8,72,13.6,83,0,0,83,0.0,0.0,0.0,0.0,14.0,24.1,0.0,1024.0
2025-06-20 01:00:00+00:00,18.2,76,14.0,52,0,0,52,0.0,0.0,0.0,0.0,13.7,23.8,0.0,1023.8
2025-06-20 02:00:00+00:00,17.7,80,14.3,82,0,0,82,0.0,0.0,0.0,0.0,12.7,23.0,0.0,1023.6
2025-06-20 03:00:00+00:00,17.3,82,14.2,84,0,0,84,0.0,0.0,0.0,0.0,11.8,23.4,0.0,1023.4
2025-06-20 04:00:00+00:00,17.3,83,14.3,100,0,0,100,0.0,0.0,0.0,0.0,12.1,24.1,0.0,1023.6
2025-06-20 05:00:00+00:00,17.9,82,14.7,100,0,0,100,30.0,6.0,72.5,24.0,13.8,25.6,0.0,1023.7
2025-06-20 06:00:00+00:00,18.9,78,15.0,100,0,1,100,92.0,11.0,51.1,81.0,14.8,26.3,0.0,1023.6
2025-06-20 07:00:00+00:00,20.1,74,15.2,100,0,0,100,188.0,22.0,60.2,166.0,15.1,28.1,0.0,1023.6
2025-06-20 08:00:00+00:00,21.5,67,15.2,100,0,1,100,319.0,84.0,164.1,235.0,16.2,32.0,0.0,1023.5
2025-06-20 09:00:00+00:00,23.1,61,15.1,100,0,26,100,443.0,155.0,240.6,288.0,16.8,35.3,0.0,1023.3
2025-06-20 10:00:00+00:00,24.0,57,15.0,97,0,81,96,530.0,181.0,240.0,349.0,14.8,35.3,0.0,1023.5
2025-06-20 11:00:00+00:00,25.1,53,14.7,85,0,57,82,658.0,347.0,416.4,311.0,15.7,35.3,0.0,1023.2
2025-06-20 12:00:00+00:00,25.9,48,14.1,56,0,12,52,780.0,536.0,611.1,244.0,16.4,37.1,0.0,1022.7
2025-06-20 13:00:00+00:00,26.4,45,13.7,78,0,13,75,842.0,666.0,755.0,176.0,18.0,38.9,0.0,1022.4
2025-06-20 14:00:00+00:00,26.6,44,13.5,93,0,6,93,824.0,694.0,818.4,130.0,17.5,37.8,0.0,1022.1
2025-06-20 15:00:00+00:00,26.7,45,13.8,79,0,0,79,755.0,626.0,805.4,129.0,16.3,36.0,0.0,1021.8
2025-06-20 16:00:00+00:00,26.7,45,13.7,18,0,0,18,641.0,533.0,790.2,108.0,15.7,34.2,0.0,1021.4
2025-06-20 17:00:00+00:00,26.2,45,13.3,0,0,0,0,500.0,407.0,744.1,93.0,15.5,31.0,0.0,1021.0
2025-06-20 18:00:00+00:00,25.4,48,13.7,2,0,2,0,333.0,257.0,637.4,76.0,13.8,25.6,0.0,1020.8
2025-06-20 19:00:00+00:00,24.1,52,13.6,3,0,3,0,185.0,127.0,502.0,58.0,12.1,21.6,0.0,1020.8
2025-06-20 20:00:00+00:00,22.5,57,13.5,2,0,2,0,62.0,33.0,309.5,29.0,12.5,22.0,0.0,1020.7
2025-06-20 21:00:00+00:00,21.1,60,13.2,7,0,7,0,2.0,0.0,0.0,2.0,14.4,25.6,0.0,1020.7
2025-06-20 22:00:00+00:00,19.9,66,13.3,8,0,8,0,0.0,0.0,0.0,0.0,14.1,26.3,0.0,1020.4
2025-06-20 23:00:00+00:00,19.3,69,13.4,7,0,7,0,0.0,0.0,0.0,0.0,14.1,25.2,0.0,1020.3
2025-06-21 00:00:00+00:00,18.8,71,13.5,4,0,4,0,0.0,0.0,0.0,0.0,14.1,24.5,0.0,1020.0
2025-06-21 01:00:00+00:00,18.3,75,13.8,3,0,3,0,0.0,0.0,0.0,0.0,14.5,24.5,0.0,1019.2
2025-06-21 02:00:00+00:00,18.1,77,14.0,8,0,8,0,0.0,0.0,0.0,0.0,13.8,24.1,0.0,1018.7
2025-06-21 03:00:00+00:00,17.8,79,14.2,35,0,34,2,0.0,0.0,0.0,0.0,12.2,22.3,0.0,1018.6
2025-06-21 04:00:00+00:00,17.9,80,14.4,45,0,42,2,0.0,0.0,0.0,0.0,12.4,21.6,0.0,1018.3
2025-06-21 05:00:00+00:00,18.4,80,15.0,42,0,42,0,30.0,13.0,157.6,17.0,13.2,22.3,0.0,1018.1
2025-06-21 06:00:00+00:00,20.0,77,15.8,68,0,56,29,115.0,66.0,307.5,49.0,13.6,24.1,0.0,1018.2
2025-06-21 07:00:00+00:00,21.4,72,16.0,89,0,30,82,195.0,112.0,307.0,83.0,15.4,29.5,0.0,1017.9
2025-06-21 08:00:00+00:00,22.9,67,16.4,99,0,26,99,364.0,243.0,475.3,121.0,16.1,32.8,0.0,1017.6
2025-06-21 09:00:00+00:00,24.3,62,16.6,100,0,30,100,526.0,372.0,577.8,154.0,16.5,33.5,0.0,1017.7
2025-06-21 10:00:00+00:00,24.9,60,16.6,99,0,50,99,654.0,489.0,648.8,165.0,15.3,34.6,0.0,1017.4
2025-06-21 11:00:00+00:00,24.8,60,16.6,99,0,84,98,651.0,379.0,454.9,272.0,14.0,34.2,0.0,1017.7
2025-06-21 12:00:00+00:00,24.9,61,16.9,97,0,76,95,624.0,294.0,335.2,330.0,12.6,33.5,0.0,1017.7
2025-06-21 13:00:00+00:00,25.2,60,16.9,84,0,57,73,591.0,308.0,349.2,283.0,14.5,33.8,0.0,1016.9
2025-06-21 14:00:00+00:00,26.1,58,17.3,38,0,15,29,619.0,378.0,445.7,241.0,14.6,33.8,0.1,1016.2
2025-06-21 15:00:00+00:00,27.1,54,17.0,0,0,0,0,555.0,352.0,452.7,203.0,16.2,30.2,0.0,1015.8
2025-06-21 16:00:00+00:00,27.9,52,17.0,11,0,5,8,482.0,343.0,508.2,139.0,18.7,27.0,0.0,1015.2
2025-06-21 17:00:00+00:00,27.8,52,17.0,34,0,1,34,401.0,289.0,527.9,112.0,18.4,25.2,0.0,1014.7
2025-06-21 18:00:00+00:00,27.0,54,16.8,32,0,12,21,268.0,175.0,433.5,93.0,17.3,20.9,0.0,1014.0
2025-06-21 19:00:00+00:00,25.6,58,16.7,20,1,20,1,180.0,120.0,473.4,60.0,18.0,31.7,0.0,1013.6
2025-06-21 20:00:00+00:00,23.4,63,15.9,19,2,16,3,52.0,25.0,233.4,27.0,14.5,27.0,0.0,1013.6
2025-06-21 21:00:00+00:00,21.4,70,15.6,40,0,12,30,2.0,0.0,0.0,2.0,10.9,18.4,0.0,1014.0
2025-06-21 22:00:00+00:00,19.6,78,15.7,95,3,12,95,0.0,0.0,0.0,0.0,7.1,11.9,0.0,1013.6
2025-06-21 23:00:00+00:00,19.1,83,16.2,93,5,2,93,0.0,0.0,0.0,0.0,11.7,18.7,0.0,1013.9
2025-06-22 00:00:00+00:00,18.6,84,15.8,77,7,0,76,0.0,0.0,0.0,0.0,15.7,25.9,0.0,1014.2
2025-06-22 01:00:00+00:00,17.4,84,14.7,43,8,0,40,0.0,0.0,0.0,0.0,17.1,27.0,0.0,1014.4
2025-06-22 02:00:00+00:00,16.2,86,13.8,34,2,0,32,0.0,0.0,0.0,0.0,16.2,25.2,0.0,1014.4
2025-06-22 03:00:00+00:00,15.2,88,13.2,34,8,0,27,0.0,0.0,0.0,0.0,14.1,22.7,0.0,1014.5
2025-06-22 04:00:00+00:00,14.5,91,13.0,57,31,0,36,0.0,0.0,0.0,0.0,12.3,19.8,0.0,1014.7
2025-06-22 05:00:00+00:00,14.8,90,13.3,74,66,0,20,38.0,18.0,218.9,20.0,12.4,20.2,0.0,1015.0
2025-06-22 06:00:00+00:00,16.2,88,14.2,97,97,0,4,131.0,67.0,313.1,64.0,17.6,29.2,0.0,1015.4
2025-06-22 07:00:00+00:00,17.5,83,14.5,90,90,0,0,184.0,58.0,159.3,126.0,18.4,35.3,0.0,1015.8
2025-06-22 08:00:00+00:00,18.7,76,14.4,56,56,0,0,299.0,127.0,248.7,172.0,20.1,39.2,0.0,1015.5
2025-06-22 09:00:00+00:00,19.7,69,13.9,47,47,0,0,513.0,316.0,491.2,197.0,22.8,44.6,0.0,1015.3
2025-06-22 10:00:00+00:00,20.9,64,13.9,89,88,1,2,620.0,400.0,531.0,220.0,23.6,50.4,0.0,1015.1
2025-06-22 11:00:00+00:00,20.9,67,14.7,95,90,2,58,555.0,378.0,453.8,177.0,25.9,52.2,0.0,1015.0
2025-06-22 12:00:00+00:00,21.3,66,14.8,100,74,21,99,640.0,352.0,401.4,288.0,26.8,54.4,0.0,1015.0
2025-06-22 13:00:00+00:00,20.7,73,15.6,77,32,36,58,438.0,156.0,176.8,282.0,26.5,53.3,0.1,1014.8
2025-06-22 14:00:00+00:00,20.2,76,15.8,77,41,66,9,381.0,128.0,150.9,253.0,29.0,54.7,0.2,1014.3
2025-06-22 15:00:00+00:00,21.0,72,15.8,91,56,86,0,433.0,192.0,246.9,241.0,28.9,55.1,0.1,1013.9
2025-06-22 16:00:00+00:00,21.1,71,15.6,86,49,81,0,376.0,162.0,239.9,214.0,27.9,53.3,0.0,1013.5
2025-06-22 17:00:00+00:00,20.7,73,15.7,78,39,68,0,264.0,128.0,233.6,136.0,27.8,49.0,0.0,1013.2
2025-06-22 18:00:00+00:00,20.0,72,14.9,81,38,78,0,219.0,113.0,279.6,106.0,25.6,47.2,0.0,1012.8
2025-06-22 19:00:00+00:00,19.0,76,14.7,99,32,98,0,108.0,37.0,145.7,71.0,24.5,44.6,0.0,1012.8
2025-06-22 20:00:00+00:00,18.2,78,14.3,100,38,99,0,28.0,3.0,27.9,25.0,23.4,41.0,0.0,1012.7
2025-06-22 21:00:00+00:00,17.5,81,14.2,99,36,99,0,1.0,0.0,0.0,1.0,22.9,42.1,0.0,1012.8
2025-06-22 22:00:00+00:00,17.2,83,14.3,100,95,100,0,0.0,0.0,0.0,0.0,21.1,40.7,0.0,1012.7
2025-06-22 23:00:00+00:00,17.0,84,14.3,100,100,100,0,0.0,0.0,0.0,0.0,23.1,45.0,0.0,1012.6
2025-06-23 00:00:00+00:00,17.1,85,14.6,97,80,50,75,0.0,0.0,0.0,0.0,26.0,46.8,0.0,1012.4
2025-06-23 01:00:00+00:00,17.2,84,14.5,84,41,49,62,0.0,0.0,0.0,0.0,25.8,48.2,0.0,1012.0
2025-06-23 02:00:00+00:00,17.1,84,14.3,47,35,23,18,0.0,0.0,0.0,0.0,23.2,45.0,0.1,1011.5
2025-06-23 03:00:00+00:00,16.5,80,13.0,60,58,2,4,0.0,0.0,0.0,0.0,21.0,40.7,0.0,1011.7
2025-06-23 04:00:00+00:00,15.8,80,12.4,78,78,0,0,0.0,0.0,0.0,0.0,20.9,38.9,0.0,1012.1
2025-06-23 05:00:00+00:00,15.2,76,11.0,62,54,0,13,34.0,13.0,158.8,21.0,21.4,40.7,0.0,1012.6
2025-06-23 06:00:00+00:00,15.0,69,9.3,53,36,0,25,131.0,69.0,323.5,62.0,22.4,42.1,0.0,1013.4
2025-06-23 07:00:00+00:00,15.3,66,9.0,37,25,0,19,264.0,173.0,475.9,91.0,24.1,45.7,0.0,1014.1
2025-06-23 08:00:00+00:00,16.4,61,8.9,54,52,0,5,381.0,225.0,441.2,156.0,24.0,44.6,0.0,1014.7
2025-06-23 09:00:00+00:00,17.5,57,8.9,78,77,0,10,480.0,272.0,423.2,208.0,24.0,45.4,0.0,1014.9
2025-06-23 10:00:00+00:00,18.1,53,8.4,89,84,0,21,511.0,212.0,281.6,299.0,20.7,46.1,0.0,1015.5
2025-06-23 11:00:00+00:00,18.3,52,8.2,100,100,0,0,469.0,139.0,167.0,330.0,20.3,45.0,0.0,1015.8
2025-06-23 12:00:00+00:00,19.3,49,8.4,90,90,0,0,611.0,215.0,245.3,396.0,20.8,46.4,0.0,1016.2
2025-06-23 13:00:00+00:00,19.9,48,8.5,73,73,0,0,603.0,229.0,259.6,374.0,21.3,46.8,0.0,1016.1
2025-06-23 14:00:00+00:00,20.2,48,8.8,55,55,0,0,664.0,282.0,332.4,382.0,22.4,47.5,0.0,1016.0
2025-06-23 15:00:00+00:00,20.2,48,8.8,42,42,0,0,519.0,227.0,291.8,292.0,22.5,46.1,0.0,1016.0
2025-06-23 16:00:00+00:00,20.1,49,9.2,29,29,0,0,533.0,288.0,426.3,245.0,21.6,45.4,0.0,1016.1
2025-06-23 17:00:00+00:00,19.5,51,9.1,2,2,0,0,480.0,358.0,653.0,122.0,21.1,43.2,0.0,1016.2
2025-06-23 18:00:00+00:00,18.8,53,9.1,24,24,0,0,333.0,244.0,603.2,89.0,21.2,40.7,0.0,1016.3
2025-06-23 19:00:00+00:00,17.8,57,9.2,3,3,0,0,170.0,98.0,385.4,72.0,19.5,35.3,0.0,1016.6
2025-06-23 20:00:00+00:00,16.3,61,8.8,4,4,0,0,54.0,21.0,194.8,33.0,16.5,31.0,0.0,1016.6
2025-06-23 21:00:00+00:00,15.0,66,8.6,12,1,0,11,2.0,0.0,0.0,2.0,13.6,25.2,0.0,1016.8
2025-06-23 22:00:00+00:00,14.0,71,8.9,8,8,0,0,0.0,0.0,0.0,0.0,13.4,23.0,0.0,1016.7
2025-06-23 23:00:00+00:00,13.6,75,9.3,40,29,17,0,0.0,0.0,0.0,0.0,14.1,23.4,0.0,1016.7
2025-06-24 00:00:00+00:00,13.6,76,9.5,78,76,13,0,0.0,0.0,0.0,0.0,14.0,24.8,0.0,1016.4
2025-06-24 01:00:00+00:00,13.6,79,9.9,99,98,19,0,0.0,0.0,0.0,0.0,15.2,27.4,0.0,1015.9
2025-06-24 02:00:00+00:00,13.8,80,10.5,100,100,42,0,0.0,0.0,0.0,0.0,15.9,29.2,0.0,1015.4
2025-06-24 03:00:00+00:00,14.1,82,11.2,100,100,47,4,0.0,0.0,0.0,0.0,16.5,27.4,0.0,1014.8
2025-06-24 04:00:00+00:00,14.1,86,11.8,99,97,63,23,0.0,0.0,0.0,0.0,16.4,28.4,0.0,1014.2
2025-06-24 05:00:00+00:00,14.5,87,12.4,100,100,47,2,29.0,11.0,135.0,18.0,17.3,33.1,0.0,1013.8
2025-06-24 06:00:00+00:00,15.4,86,13.1,100,100,32,0,99.0,44.0,207.1,55.0,20.1,39.2,0.0,1013.7
2025-06-24 07:00:00+00:00,16.0,87,13.8,100,100,30,0,87.0,4.0,11.0,83.0,25.0,44.3,0.0,1014.0
2025-06-24 08:00:00+00:00,16.3,88,14.3,100,100,55,0,165.0,18.0,35.3,147.0,24.8,46.4,0.0,1013.9
2025-06-24 09:00:00+00:00,17.4,86,15.0,100,100,92,0,171.0,8.0,12.5,163.0,24.9,46.8,0.0,1014.0
2025-06-24 10:00:00+00:00,18.5,84,15.8,100,100,80,7,205.0,10.0,13.3,195.0,21.9,45.7,0.0,1014.1
2025-06-24 11:00:00+00:00,19.7,82,16.5,100,100,63,15,245.0,2.0,2.4,243.0,22.0,42.8,0.0,1014.1
2025-06-24 12:00:00+00:00,21.5,76,17.0,100,100,90,12,530.0,219.0,249.9,311.0,23.1,44.6,0.0,1013.9
2025-06-24 13:00:00+00:00,22.2,74,17.2,100,100,100,5,571.0,235.0,266.5,336.0,23.8,48.2,0.0,1013.8
2025-06-24 14:00:00+00:00,22.0,76,17.5,100,100,82,1,419.0,107.0,126.1,312.0,22.2,48.6,0.0,1013.3
2025-06-24 15:00:00+00:00,22.8,72,17.5,99,99,11,0,363.0,146.0,187.6,217.0,20.2,49.0,0.0,1012.8
2025-06-24 16:00:00+00:00,23.5,69,17.6,99,99,2,0,433.0,250.0,369.9,183.0,20.7,46.8,0.0,1012.9
2025-06-24 17:00:00+00:00,23.2,70,17.4,100,100,0,0,340.0,194.0,353.7,146.0,19.7,44.6,0.1,1012.7
2025-06-24 18:00:00+00:00,22.3,75,17.8,100,100,0,0,193.0,90.0,222.3,103.0,17.7,34.6,0.0,1012.7
2025-06-24 19:00:00+00:00,21.3,80,17.7,100,100,0,0,97.0,25.0,98.2,72.0,16.6,31.3,0.0,1012.8
2025-06-24 20:00:00+00:00,19.9,84,17.1,96,96,0,0,34.0,7.0,64.8,27.0,15.3,26.6,0.0,1012.9
2025-06-24 21:00:00+00:00,18.6,86,16.3,90,90,0,0,2.0,0.0,0.0,2.0,12.6,22.0,0.0,1013.1
2025-06-24 22:00:00+00:00,17.4,93,16.2,42,42,0,0,0.0,0.0,0.0,0.0,8.9,18.4,0.0,1013.0
2025-06-24 23:00:00+00:00,17.3,92,16.0,58,58,0,0,0.0,0.0,0.0,0.0,9.3,19.1,0.0,1013.4
2025-06-25 00:00:00+00:00,17.3,90,15.7,68,68,0,0,0.0,0.0,0.0,0.0,10.7,21.6,0.0,1013.6
2025-06-25 01:00:00+00:00,17.3,87,15.2,72,72,0,0,0.0,0.0,0.0,0.0,10.0,22.0,0.0,1013.6
2025-06-25 02:00:00+00:00,17.1,87,14.8,90,89,4,0,0.0,0.0,0.0,0.0,9.9,21.2,0.0,1013.1
2025-06-25 03:00:00+00:00,16.6,88,14.6,51,43,3,12,0.0,0.0,0.0,0.0,9.1,19.1,0.0,1012.6
2025-06-25 04:00:00+00:00,16.4,88,14.4,87,11,0,86,0.0,0.0,0.0,0.0,6.4,16.6,0.0,1012.4
2025-06-25 05:00:00+00:00,16.6,89,14.7,71,26,0,64,23.0,5.0,61.7,18.0,8.3,13.3,0.0,1012.6
2025-06-25 06:00:00+00:00,17.1,88,15.1,87,67,1,62,115.0,50.0,236.3,65.0,8.6,18.0,0.0,1012.8
2025-06-25 07:00:00+00:00,17.9,84,15.1,100,97,7,92,220.0,113.0,312.3,107.0,9.2,19.8,0.0,1012.8
2025-06-25 08:00:00+00:00,18.8,80,15.2,100,100,6,100,254.0,94.0,184.9,160.0,7.8,18.7,0.0,1013.3
2025-06-25 09:00:00+00:00,19.8,75,15.3,100,100,3,100,283.0,41.0,63.9,242.0,7.8,19.1,0.0,1013.5
2025-06-25 10:00:00+00:00,20.0,76,15.6,100,100,91,100,321.0,48.0,63.9,273.0,6.0,18.0,0.0,1013.5
2025-06-25 11:00:00+00:00,20.7,72,15.5,100,95,74,100,329.0,52.0,62.5,277.0,1.5,15.8,0.0,1012.8
2025-06-25 12:00:00+00:00,21.7,69,15.8,100,98,37,97,413.0,81.0,92.5,332.0,5.1,19.8,0.0,1012.9
2025-06-25 13:00:00+00:00,21.9,68,15.7,92,90,17,39,418.0,95.0,107.7,323.0,6.6,24.5,0.0,1012.5
2025-06-25 14:00:00+00:00,22.2,67,15.7,92,90,20,21,469.0,235.0,277.0,234.0,8.3,25.6,0.0,1012.1
2025-06-25 15:00:00+00:00,22.3,66,15.7,97,97,21,2,467.0,247.0,317.4,220.0,9.7,25.2,0.0,1012.0
2025-06-25 16:00:00+00:00,22.1,69,16.1,90,88,21,12,418.0,218.0,322.5,200.0,10.0,24.5,0.0,1011.5
2025-06-25 17:00:00+00:00,21.7,70,15.9,62,34,19,34,344.0,208.0,379.1,136.0,9.0,25.2,0.0,1011.0
2025-06-25 18:00:00+00:00,21.2,71,15.7,51,6,20,36,265.0,169.0,417.2,96.0,10.7,24.5,0.0,1010.8
2025-06-25 19:00:00+00:00,20.3,74,15.5,56,16,23,32,134.0,65.0,255.1,69.0,10.8,20.5,0.0,1010.8
2025-06-25 20:00:00+00:00,19.2,80,15.6,80,12,30,73,50.0,23.0,212.7,27.0,9.8,18.4,0.0,1010.5
2025-06-25 21:00:00+00:00,17.8,86,15.4,91,10,21,88,2.0,0.0,0.0,2.0,10.2,15.8,0.0,1010.7
2025-06-25 22:00:00+00:00,17.5,86,15.1,50,8,1,44,0.0,0.0,0.0,0.0,9.6,15.8,0.0,1010.4
2025-06-25 23:00:00+00:00,16.8,91,15.3,46,8,3,40,0.0,0.0,0.0,0.0,12.0,16.2,0.0,1010.6
2025-06-26 00:00:00+00:00,16.7,93,15.6,100,13,11,100,0.0,0.0,0.0,0.0,10.6,12.6,0.0,1010.6
2025-06-26 01:00:00+00:00,16.6,95,15.8,100,7,17,100,0.0,0.0,0.0,0.0,9.2,13.0,0.0,1010.6
2025-06-26 02:00:00+00:00,16.6,95,15.8,100,6,84,100,0.0,0.0,0.0,0.0,10.3,16.6,0.0,1011.1
2025-06-26 03:00:00+00:00,16.5,96,15.9,100,43,99,100,0.0,0.0,0.0,0.0,13.0,18.4,0.0,1010.8
2025-06-26 04:00:00+00:00,16.5,96,15.8,99,45,77,97,0.0,0.0,0.0,0.0,15.7,21.6,0.0,1011.0
2025-06-26 05:00:00+00:00,16.8,94,15.8,98,61,46,91,22.0,6.0,74.4,16.0,15.4,29.5,0.0,1010.8
2025-06-26 06:00:00+00:00,17.1,91,15.7,100,100,49,71,66.0,15.0,71.2,51.0,18.9,34.9,0.0,1010.9
2025-06-26 07:00:00+00:00,17.7,91,16.1,100,100,73,45,86.0,5.0,13.9,81.0,17.8,32.8,0.9,1011.1
2025-06-26 08:00:00+00:00,17.9,91,16.4,100,100,83,9,122.0,2.0,3.9,120.0,22.4,42.1,0.6,1011.3
2025-06-26 09:00:00+00:00,18.4,90,16.6,100,100,36,0,86.0,0.0,0.0,86.0,25.4,46.8,0.1,1011.5
2025-06-26 10:00:00+00:00,19.5,89,17.7,84,82,29,4,218.0,36.0,47.9,182.0,20.5,41.0,0.0,1011.5
2025-06-26 11:00:00+00:00,20.5,79,16.7,54,31,43,14,283.0,70.0,84.2,213.0,20.5,42.8,0.1,1012.1
2025-06-26 12:00:00+00:00,21.1,69,15.1,61,60,1,4,503.0,220.0,251.2,283.0,22.5,48.2,0.0,1012.6
2025-06-26 13:00:00+00:00,21.7,58,13.0,82,65,0,38,626.0,353.0,400.4,273.0,23.9,51.8,0.0,1013.2
2025-06-26 14:00:00+00:00,21.5,53,11.6,70,35,0,55,591.0,272.0,320.6,319.0,24.0,50.0,0.0,1014.1
2025-06-26 15:00:00+00:00,21.7,50,10.8,72,24,0,59,689.0,455.0,584.7,234.0,23.1,48.6,0.0,1014.7
2025-06-26 16:00:00+00:00,21.6,49,10.4,46,8,1,42,630.0,500.0,739.6,130.0,22.9,46.8,0.0,1015.0
2025-06-26 17:00:00+00:00,20.9,51,10.4,41,2,8,40,470.0,331.0,603.1,139.0,21.2,42.8,0.0,1015.3
2025-06-26 18:00:00+00:00,20.0,53,10.2,66,4,4,66,334.0,247.0,609.6,87.0,20.0,37.8,0.0,1016.1
2025-06-26 19:00:00+00:00,18.9,57,10.2,98,2,0,98,180.0,113.0,443.4,67.0,15.5,27.7,0.0,1016.6
2025-06-26 20:00:00+00:00,17.6,60,9.8,98,3,0,98,54.0,13.0,120.2,41.0,11.7,20.5,0.0,1017.4
2025-06-26 21:00:00+00:00,16.3,65,9.8,100,2,4,100,2.0,0.0,0.0,2.0,8.8,13.3,0.0,1018.2
2025-06-26 22:00:00+00:00,15.8,71,10.6,100,3,89,100,0.0,0.0,0.0,0.0,5.3,12.6,0.0,1018.8
2025-06-26 23:00:00+00:00,15.2,76,11.0,100,0,80,100,0.0,0.0,0.0,0.0,5.3,9.4,0.0,1018.9
2025-06-27 00:00:00+00:00,14.8,79,11.1,100,0,95,100,0.0,0.0,0.0,0.0,4.5,7.6,0.3,1019.5
2025-06-27 01:00:00+00:00,14.2,85,11.8,100,4,99,100,0.0,0.0,0.0,0.0,2.7,7.2,0.1,1019.6
2025-06-27 02:00:00+00:00,14.3,85,11.9,99,17,99,63,0.0,0.0,0.0,0.0,5.3,10.1,0.1,1019.8
2025-06-27 03:00:00+00:00,14.2,89,12.4,100,30,99,4,0.0,0.0,0.0,0.0,5.7,12.6,0.0,1019.9
2025-06-27 04:00:00+00:00,14.2,90,12.7,31,30,1,1,0.0,0.0,0.0,0.0,9.4,14.4,0.0,1019.3
2025-06-27 05:00:00+00:00,14.9,90,13.3,53,28,2,35,27.0,11.0,137.3,16.0,9.9,18.7,0.0,1019.7
2025-06-27 06:00:00+00:00,15.7,89,13.8,41,31,10,10,48.0,5.0,23.9,43.0,11.4,21.6,0.0,1020.2
2025-06-27 07:00:00+00:00,16.6,90,14.9,75,56,0,35,215.0,121.0,336.3,94.0,16.2,30.6,0.0,1020.3
2025-06-27 08:00:00+00:00,18.3,83,15.3,96,92,4,53,338.0,200.0,394.8,138.0,18.2,35.3,0.1,1020.6
2025-06-27 09:00:00+00:00,19.6,78,15.6,100,99,4,93,327.0,83.0,129.7,244.0,18.7,36.4,0.0,1020.7
2025-06-27 10:00:00+00:00,20.8,72,15.6,97,92,2,52,324.0,77.0,102.6,247.0,14.8,38.5,0.1,1021.1
2025-06-27 11:00:00+00:00,21.7,71,16.1,89,78,0,51,401.0,128.0,154.1,273.0,19.4,42.5,0.1,1020.9
2025-06-27 12:00:00+00:00,21.9,72,16.6,98,95,0,71,361.0,58.0,66.3,303.0,21.8,45.7,0.1,1020.8
2025-06-27 13:00:00+00:00,22.3,71,16.8,71,70,0,4,355.0,21.0,23.8,334.0,22.6,46.1,0.0,1020.9
2025-06-27 14:00:00+00:00,22.7,70,16.9,81,81,0,0,387.0,90.0,106.1,297.0,23.8,46.1,0.0,1021.0
2025-06-27 15:00:00+00:00,23.0,68,16.8,69,69,0,0,424.0,137.0,176.1,287.0,25.5,46.1,0.0,1021.3
2025-06-27 16:00:00+00:00,22.5,71,17.0,35,35,0,0,374.0,160.0,236.7,214.0,24.8,46.1,0.0,1021.2
2025-06-27 17:00:00+00:00,22.2,71,16.8,59,52,0,13,401.0,244.0,444.5,157.0,24.7,46.8,0.0,1021.2
2025-06-27 18:00:00+00:00,21.3,74,16.5,44,31,0,24,309.0,209.0,515.8,100.0,24.3,45.7,0.0,1021.4
2025-06-27 19:00:00+00:00,20.3,78,16.3,40,27,0,20,165.0,92.0,361.0,73.0,22.4,41.4,0.0,1021.6
2025-06-27 20:00:00+00:00,19.2,84,16.5,50,30,0,25,56.0,23.0,212.9,33.0,20.5,37.1,0.0,1022.0
2025-06-27 21:00:00+00:00,18.4,89,16.6,32,30,0,4,2.0,0.0,0.0,2.0,19.5,34.9,0.0,1022.5
2025-06-27 22:00:00+00:00,17.7,93,16.5,55,55,0,0,0.0,0.0,0.0,0.0,19.3,33.8,0.0,1022.9
2025-06-27 23:00:00+00:00,17.7,93,16.6,99,99,0,0,0.0,0.0,0.0,0.0,19.3,32.4,0.0,1023.0
2025-06-28 00:00:00+00:00,17.8,93,16.7,99,99,1,0,0.0,0.0,0.0,0.0,18.9,31.3,0.0,1023.2
2025-06-28 01:00:00+00:00,17.7,94,16.8,99,99,0,0,0.0,0.0,0.0,0.0,18.7,30.6,0.0,1023.2
2025-06-28 02:00:00+00:00,17.9,94,16.9,100,100,1,0,0.0,0.0,0.0,0.0,18.2,29.9,0.0,1023.2
2025-06-28 03:00:00+00:00,18.0,94,17.0,100,100,0,0,0.0,0.0,0.0,0.0,17.4,29.2,0.0,1023.1
2025-06-28 04:00:00+00:00,18.4,93,17.2,100,100,0,0,0.0,0.0,0.0,0.0,16.6,29.2,0.0,1022.9
2025-06-28 05:00:00+00:00,18.6,92,17.4,100,100,0,0,16.0,3.0,37.7,13.0,17.9,27.0,0.0,1023.3
2025-06-28 06:00:00+00:00,18.8,92,17.5,100,100,1,0,42.0,0.0,0.0,42.0,19.0,36.0,0.0,1023.6
2025-06-28 07:00:00+00:00,19.3,91,17.8,100,100,0,0,62.0,0.0,0.0,62.0,19.0,35.3,0.0,1024.3
2025-06-28 08:00:00+00:00,20.1,89,18.2,100,100,0,0,111.0,0.0,0.0,111.0,19.3,35.6,0.0,1024.4
2025-06-28 09:00:00+00:00,20.8,86,18.3,100,100,0,0,223.0,22.0,34.4,201.0,18.6,36.7,0.0,1024.8
2025-06-28 10:00:00+00:00,22.0,81,18.5,84,84,0,0,366.0,89.0,118.8,277.0,17.3,38.2,0.0,1024.7
2025-06-28 11:00:00+00:00,23.2,75,18.6,98,98,0,0,422.0,125.0,150.6,297.0,17.5,38.5,0.1,1024.7
2025-06-28 12:00:00+00:00,24.3,71,18.6,85,85,0,0,502.0,182.0,208.1,320.0,17.3,40.0,0.0,1024.6
2025-06-28 13:00:00+00:00,24.8,70,18.9,74,74,0,0,491.0,158.0,179.4,333.0,18.0,40.0,0.0,1024.3
2025-06-28 14:00:00+00:00,25.6,67,18.9,27,27,0,0,630.0,401.0,472.9,229.0,18.6,40.7,0.0,1024.4
2025-06-28 15:00:00+00:00,25.6,67,18.9,2,2,0,0,562.0,329.0,422.9,233.0,19.2,39.6,0.0,1024.4
2025-06-28 16:00:00+00:00,25.4,67,18.9,5,5,0,0,514.0,301.0,445.2,213.0,19.2,38.5,0.0,1024.2
2025-06-28 17:00:00+00:00,25.2,68,18.9,19,19,0,0,422.0,254.0,462.8,168.0,19.1,36.4,0.0,1024.1
2025-06-28 18:00:00+00:00,24.4,71,18.9,39,39,0,0,289.0,172.0,424.5,117.0,17.4,30.6,0.0,1024.2
2025-06-28 19:00:00+00:00,23.4,76,18.9,10,10,0,0,173.0,104.0,408.2,69.0,14.6,26.3,0.0,1024.4
2025-06-28 20:00:00+00:00,22.1,80,18.6,8,8,0,0,61.0,32.0,296.7,29.0,12.3,21.6,0.0,1024.9
2025-06-28 21:00:00+00:00,20.6,86,18.1,31,31,0,0,2.0,0.0,0.0,2.0,11.0,18.0,0.0,1025.4
2025-06-28 22:00:00+00:00,19.6,89,17.6,43,43,0,0,0.0,0.0,0.0,0.0,9.4,16.9,0.0,1025.8
2025-06-28 23:00:00+00:00,19.0,89,17.1,10,10,0,0,0.0,0.0,0.0,0.0,9.7,15.8,0.0,1026.0
2025-06-29 00:00:00+00:00,18.6,88,16.6,0,0,0,0,0.0,0.0,0.0,0.0,9.2,16.9,0.0,1026.0
2025-06-29 01:00:00+00:00,18.2,89,16.4,3,3,0,0,0.0,0.0,0.0,0.0,9.5,17.6,0.0,1025.6
2025-06-29 02:00:00+00:00,17.8,90,16.1,5,5,0,0,0.0,0.0,0.0,0.0,9.7,16.9,0.0,1025.6
2025-06-29 03:00:00+00:00,17.4,91,15.9,10,10,0,0,0.0,0.0,0.0,0.0,9.2,15.8,0.0,1025.6
2025-06-29 04:00:00+00:00,17.3,91,15.8,10,10,0,0,0.0,0.0,0.0,0.0,8.8,14.0,0.0,1025.7
2025-06-29 05:00:00+00:00,17.6,90,16.0,16,16,0,0,29.0,13.0,164.6,16.0,9.2,14.8,0.0,1025.8
2025-06-29 06:00:00+00:00,18.2,87,16.1,32,32,0,0,122.0,57.0,275.1,65.0,9.4,21.2,0.0,1026.0
2025-06-29 07:00:00+00:00,18.9,85,16.3,55,55,0,0,255.0,154.0,430.7,101.0,10.1,22.3,0.0,1026.2
2025-06-29 08:00:00+00:00,19.6,83,16.5,88,88,0,0,338.0,170.0,337.0,168.0,7.5,18.7,0.0,1026.3
2025-06-29 09:00:00+00:00,20.5,78,16.6,86,86,0,0,476.0,262.0,410.8,214.0,4.8,15.8,0.0,1026.1
2025-06-29 10:00:00+00:00,22.3,68,16.1,96,96,0,0,529.0,301.0,402.1,228.0,1.7,13.7,0.0,1026.3
2025-06-29 11:00:00+00:00,24.0,62,16.3,92,92,0,0,723.0,545.0,657.2,178.0,1.9,15.1,0.0,1026.1
2025-06-29 12:00:00+00:00,24.4,61,16.3,80,80,0,1,662.0,317.0,362.6,345.0,3.7,17.3,0.0,1025.6
2025-06-29 13:00:00+00:00,25.1,60,16.8,87,81,0,33,754.0,533.0,605.3,221.0,4.8,19.4,0.0,1025.0
2025-06-29 14:00:00+00:00,25.4,60,17.1,62,29,0,49,824.0,675.0,796.3,149.0,5.9,20.9,0.0,1024.7
2025-06-29 15:00:00+00:00,25.6,60,17.2,77,6,0,74,712.0,546.0,701.9,166.0,6.9,22.0,0.0,1024.3
2025-06-29 16:00:00+00:00,25.2,62,17.5,82,0,0,82,621.0,478.0,707.2,143.0,7.8,25.2,0.0,1023.7
2025-06-29 17:00:00+00:00,24.3,66,17.6,65,0,0,65,444.0,290.0,528.5,154.0,8.9,25.9,0.0,1023.3
2025-06-29 18:00:00+00:00,23.4,70,17.7,20,0,0,20,307.0,193.0,476.5,114.0,10.7,23.4,0.0,1022.9
2025-06-29 19:00:00+00:00,22.2,73,17.1,2,0,0,2,180.0,116.0,455.7,64.0,10.3,20.2,0.0,1022.6
2025-06-29 20:00:00+00:00,20.9,78,16.9,0,0,0,0,59.0,30.0,278.9,29.0,9.6,16.6,0.0,1022.6
2025-06-29 21:00:00+00:00,19.1,85,16.6,7,2,0,5,2.0,0.0,0.0,2.0,8.0,13.0,0.0,1023.0
2025-06-29 22:00:00+00:00,17.8,91,16.3,15,8,0,8,0.0,0.0,0.0,0.0,5.4,8.6,0.0,1023.1
2025-06-29 23:00:00+00:00,17.0,94,16.0,16,6,0,11,0.0,0.0,0.0,0.0,3.6,8.3,0.0,1022.9
2025-06-30 00:00:00+00:00,16.9,93,15.7,6,5,0,1,0.0,0.0,0.0,0.0,4.3,9.0,0.0,1022.4
2025-06-30 01:00:00+00:00,16.5,92,15.2,0,0,0,0,0.0,0.0,0.0,0.0,5.4,11.5,0.0,1021.9
2025-06-30 02:00:00+00:00,16.2,91,14.8,2,2,0,0,0.0,0.0,0.0,0.0,5.1,11.5,0.0,1021.5
2025-06-30 03:00:00+00:00,15.6,93,14.4,0,0,0,0,0.0,0.0,0.0,0.0,5.8,9.0,0.0,1021.2
2025-06-30 04:00:00+00:00,15.5,93,14.5,4,4,0,0,0.0,0.0,0.0,0.0,6.0,9.4,0.0,1020.9
2025-06-30 05:00:00+00:00,16.6,92,15.2,7,7,0,0,30.0,14.0,178.6,16.0,6.6,12.2,0.0,1020.6
2025-06-30 06:00:00+00:00,18.1,90,16.4,16,16,0,0,131.0,75.0,364.3,56.0,7.2,17.3,0.0,1020.2
2025-06-30 07:00:00+00:00,19.6,87,17.3,11,11,0,0,261.0,175.0,491.1,86.0,9.1,20.5,0.0,1020.0
2025-06-30 08:00:00+00:00,21.7,79,17.9,6,6,0,0,422.0,310.0,615.9,112.0,10.5,23.8,0.0,1019.5
2025-06-30 09:00:00+00:00,23.0,76,18.5,3,3,0,0,558.0,428.0,672.1,130.0,11.2,26.3,0.0,1019.1
2025-06-30 10:00:00+00:00,24.8,70,19.0,0,0,0,0,694.0,553.0,739.6,141.0,10.7,29.9,0.0,1018.6
2025-06-30 11:00:00+00:00,25.8,66,19.0,0,0,0,0,787.0,648.0,782.1,139.0,12.9,31.7,0.0,1018.1
2025-06-30 12:00:00+00:00,26.8,62,18.9,0,0,0,0,864.0,734.0,840.1,130.0,13.7,33.1,0.0,1017.9
2025-06-30 13:00:00+00:00,27.8,59,19.0,0,0,0,0,869.0,750.0,852.2,119.0,13.5,32.8,0.0,1017.3
2025-06-30 14:00:00+00:00,28.1,56,18.5,0,0,0,0,831.0,716.0,845.0,115.0,13.0,31.0,0.0,1016.8
2025-06-30 15:00:00+00:00,28.2,55,18.2,0,0,0,0,756.0,648.0,833.3,108.0,12.6,29.2,0.0,1016.1
2025-06-30 16:00:00+00:00,28.1,54,17.9,0,0,0,0,640.0,539.0,797.7,101.0,12.3,27.7,0.0,1015.6
2025-06-30 17:00:00+00:00,27.8,55,17.9,0,0,0,0,495.0,402.0,732.8,93.0,12.4,26.3,0.0,1014.9
2025-06-30 18:00:00+00:00,27.3,57,18.0,0,0,0,0,339.0,263.0,649.6,76.0,11.3,23.8,0.0,1014.5
2025-06-30 19:00:00+00:00,25.9,62,18.1,0,0,0,0,186.0,129.0,507.3,57.0,8.6,16.6,0.0,1014.3
2025-06-30 20:00:00+00:00,24.1,67,17.7,1,0,0,1,61.0,33.0,307.9,28.0,6.1,11.5,0.0,1014.4
2025-06-30 21:00:00+00:00,22.0,75,17.4,3,0,0,3,2.0,0.0,0.0,2.0,6.2,10.4,0.0,1014.7
2025-06-30 22:00:00+00:00,20.1,83,17.1,15,0,1,15,0.0,0.0,0.0,0.0,6.6,10.1,0.0,1014.7
2025-06-30 23:00:00+00:00,20.3,80,16.8,32,0,15,30,0.0,0.0,0.0,0.0,7.9,8.3,0.0,1014.6
2025-07-01 00:00:00+00:00,20.9,77,16.8,17,0,5,17,0.0,0.0,0.0,0.0,4.6,4.7,0.0,1014.7
2025-07-01 01:00:00+00:00,20.7,79,16.9,22,0,2,21,0.0,0.0,0.0,0.0,2.2,2.2,0.0,1014.4
2025-07-01 02:00:00+00:00,18.4,89,16.5,6,0,0,5,0.0,0.0,0.0,0.0,4.0,6.5,0.0,1014.2
2025-07-01 03:00:00+00:00,18.8,89,16.9,21,0,0,21,0.0,0.0,0.0,0.0,7.8,14.0,0.0,1014.0
2025-07-01 04:00:00+00:00,19.0,89,17.1,57,0,5,57,0.0,0.0,0.0,0.0,10.4,18.7,0.0,1013.9
2025-07-01 05:00:00+00:00,19.1,90,17.5,40,0,3,40,29.0,12.0,154.4,17.0,11.4,20.9,0.0,1013.9
2025-07-01 06:00:00+00:00,20.9,86,18.5,60,0,0,60,132.0,74.0,361.8,58.0,10.5,23.0,0.0,1013.9
2025-07-01 07:00:00+00:00,22.3,81,18.8,74,0,0,74,262.0,161.0,453.5,101.0,10.0,21.2,0.0,1014.3
2025-07-01 08:00:00+00:00,23.8,75,19.2,79,0,23,77,400.0,269.0,535.7,131.0,7.4,18.7,0.0,1014.1
2025-07-01 09:00:00+00:00,25.6,68,19.4,96,0,67,96,485.0,325.0,511.2,160.0,5.1,18.0,0.0,1014.2
2025-07-01 10:00:00+00:00,26.6,64,19.2,96,0,71,96,530.0,319.0,427.1,211.0,4.8,18.0,0.0,1014.2
2025-07-01 11:00:00+00:00,27.5,60,19.1,92,0,79,91,602.0,312.0,376.9,290.0,5.8,17.6,0.0,1014.4
2025-07-01 12:00:00+00:00,28.1,58,19.0,78,0,53,76,689.0,334.0,382.6,355.0,6.1,19.8,0.0,1014.3
2025-07-01 13:00:00+00:00,28.6,56,19.1,98,3,77,97,782.0,505.0,574.2,277.0,10.4,24.5,0.0,1014.5
2025-07-01 14:00:00+00:00,28.5,56,18.9,99,2,49,99,782.0,603.0,712.0,179.0,11.1,28.8,0.0,1014.4
2025-07-01 15:00:00+00:00,28.4,57,19.1,99,2,5,99,684.0,512.0,658.7,172.0,13.5,29.9,0.0,1014.2
2025-07-01 16:00:00+00:00,28.4,56,18.7,68,2,1,67,583.0,463.0,685.5,120.0,14.4,29.9,0.0,1014.2
2025-07-01 17:00:00+00:00,27.8,57,18.4,50,0,0,50,474.0,352.0,642.0,122.0,14.1,29.2,0.0,1014.0
2025-07-01 18:00:00+00:00,26.7,59,18.1,37,0,2,37,321.0,226.0,558.7,95.0,13.6,27.0,0.0,1014.0
2025-07-01 19:00:00+00:00,25.3,63,17.9,34,0,8,29,176.0,107.0,421.4,69.0,12.5,23.4,0.0,1014.3
2025-07-01 20:00:00+00:00,23.5,67,17.0,33,0,6,29,59.0,29.0,271.8,30.0,11.8,22.7,0.0,1014.4
2025-07-01 21:00:00+00:00,21.6,71,16.1,43,0,2,42,2.0,0.0,0.0,2.0,12.7,24.1,0.0,1015.1
2025-07-01 22:00:00+00:00,20.4,75,15.8,19,0,6,17,0.0,0.0,0.0,0.0,14.8,25.2,0.0,1015.1
2025-07-01 23:00:00+00:00,19.3,79,15.5,15,0,12,11,0.0,0.0,0.0,0.0,12.8,24.5,0.0,1015.3
2025-07-02 00:00:00+00:00,18.7,81,15.4,48,0,4,46,0.0,0.0,0.0,0.0,12.2,24.1,0.0,1015.8
2025-07-02 01:00:00+00:00,18.1,85,15.5,92,1,26,91,0.0,0.0,0.0,0.0,12.6,23.8,0.0,1015.4
2025-07-02 02:00:00+00:00,17.8,87,15.6,87,0,46,85,0.0,0.0,0.0,0.0,12.4,22.7,0.0,1015.3
2025-07-02 03:00:00+00:00,17.5,90,15.8,88,1,80,76,0.0,0.0,0.0,0.0,10.9,20.2,0.0,1015.3
2025-07-02 04:00:00+00:00,17.3,91,15.8,98,1,96,83,0.0,0.0,0.0,0.0,9.5,20.2,0.0,1015.3
2025-07-02 05:00:00+00:00,17.5,90,15.9,99,1,86,98,20.0,3.0,38.9,17.0,9.6,22.0,0.0,1015.2
2025-07-02 06:00:00+00:00,18.0,88,16.0,100,4,69,99,82.0,16.0,78.8,66.0,8.7,24.8,0.0,1015.5
2025-07-02 07:00:00+00:00,18.6,85,16.0,100,23,40,100,98.0,14.0,39.6,84.0,8.9,19.1,0.0,1016.0
2025-07-02 08:00:00+00:00,18.8,83,15.8,100,67,17,99,182.0,24.0,47.9,158.0,11.9,23.0,0.0,1016.3
2025-07-02 09:00:00+00:00,18.9,80,15.4,100,99,26,94,207.0,20.0,31.5,187.0,14.3,29.9,0.0,1016.9
2025-07-02 10:00:00+00:00,18.7,75,14.1,99,96,7,88,295.0,25.0,33.5,270.0,17.7,38.5,0.0,1018.3
2025-07-02 11:00:00+00:00,18.8,70,13.1,58,58,1,1,376.0,75.0,90.7,301.0,21.1,42.1,0.0,1018.5
2025-07-02 12:00:00+00:00,20.0,61,12.3,30,24,0,8,570.0,252.0,288.9,318.0,20.0,44.6,0.0,1019.1
2025-07-02 13:00:00+00:00,21.2,53,11.2,4,4,0,0,577.0,264.0,300.3,313.0,19.8,43.6,0.0,1019.0
2025-07-02 14:00:00+00:00,23.0,43,9.6,5,3,0,2,707.0,464.0,548.2,243.0,19.6,43.6,0.0,1019.0
2025-07-02 15:00:00+00:00,24.0,36,8.1,11,0,1,10,744.0,562.0,723.4,182.0,19.5,43.9,0.0,1019.0
2025-07-02 16:00:00+00:00,23.9,34,6.9,1,0,1,0,641.0,509.0,754.0,132.0,19.7,43.6,0.0,1019.4
2025-07-02 17:00:00+00:00,23.3,34,6.6,0,0,0,0,511.0,417.0,761.0,94.0,19.8,41.4,0.0,1019.8
2025-07-02 18:00:00+00:00,22.4,35,6.3,0,0,0,0,351.0,273.0,675.6,78.0,19.9,38.2,0.0,1020.2
2025-07-02 19:00:00+00:00,21.3,37,6.2,0,0,0,0,194.0,136.0,536.7,58.0,17.7,33.1,0.0,1021.2
2025-07-02 20:00:00+00:00,19.5,43,6.6,0,0,0,0,64.0,35.0,329.9,29.0,15.3,28.8,0.0,1022.0
2025-07-02 21:00:00+00:00,17.5,49,6.8,0,0,0,0,2.0,0.0,0.0,2.0,14.3,27.0,0.0,1023.4
2025-07-02 22:00:00+00:00,15.7,54,6.5,0,0,0,0,0.0,0.0,0.0,0.0,14.3,26.3,0.0,1024.4
2025-07-02 23:00:00+00:00,14.7,56,6.0,0,0,0,0,0.0,0.0,0.0,0.0,13.1,24.5,0.0,1025.1
2025-07-03 00:00:00+00:00,13.8,59,5.9,0,0,0,0,0.0,0.0,0.0,0.0,11.0,22.0,0.0,1025.9
2025-07-03 01:00:00+00:00,12.5,64,5.9,0,0,0,0,0.0,0.0,0.0,0.0,9.9,18.7,0.0,1026.2
2025-07-03 02:00:00+00:00,11.5,69,6.0,0,0,0,0,0.0,0.0,0.0,0.0,10.4,16.2,0.0,1026.4
2025-07-03 03:00:00+00:00,10.8,73,6.1,0,0,0,0,0.0,0.0,0.0,0.0,10.1,14.4,0.0,1026.7
2025-07-03 04:00:00+00:00,10.5,75,6.3,0,0,0,0,0.0,0.0,0.0,0.0,8.4,12.6,0.0,1027.1
2025-07-03 05:00:00+00:00,10.9,78,7.1,0,0,0,0,32.0,16.0,209.6,16.0,8.1,11.5,0.0,1027.7
2025-07-03 06:00:00+00:00,13.4,72,8.5,1,0,1,0,145.0,95.0,471.2,50.0,6.2,13.7,0.0,1028.2
2025-07-03 07:00:00+00:00,15.6,67,9.5,2,0,2,0,296.0,224.0,635.8,72.0,4.7,14.0,0.0,1028.8
2025-07-03 08:00:00+00:00,17.5,59,9.4,2,0,2,0,453.0,362.0,724.6,91.0,2.6,13.0,0.0,1029.1
2025-07-03 09:00:00+00:00,19.2,51,8.7,7,1,7,0,611.0,513.0,809.8,98.0,1.1,12.6,0.0,1029.2
2025-07-03 10:00:00+00:00,20.1,47,8.4,5,0,5,0,704.0,592.0,794.8,112.0,2.7,16.6,0.0,1029.5
2025-07-03 11:00:00+00:00,21.2,43,8.0,6,1,6,1,771.0,641.0,776.0,130.0,4.3,20.9,0.0,1029.4
2025-07-03 12:00:00+00:00,21.8,40,7.7,71,32,67,6,661.0,424.0,486.5,237.0,6.2,24.1,0.0,1029.0
2025-07-03 13:00:00+00:00,22.0,40,7.9,98,0,97,5,547.0,253.0,288.0,294.0,8.0,27.0,0.0,1028.8
2025-07-03 14:00:00+00:00,22.1,41,8.1,96,1,96,32,492.0,189.0,223.4,303.0,9.3,28.1,0.0,1028.5
2025-07-03 15:00:00+00:00,22.3,42,8.8,98,2,98,54,394.0,129.0,166.1,265.0,11.8,28.4,0.0,1028.3
2025-07-03 16:00:00+00:00,22.4,43,9.1,96,6,96,38,372.0,157.0,232.7,215.0,14.2,28.8,0.0,1028.2
2025-07-03 17:00:00+00:00,21.8,45,9.5,72,0,69,11,225.0,48.0,87.7,177.0,15.8,28.8,0.0,1028.1
2025-07-03 18:00:00+00:00,21.3,48,9.8,26,0,25,1,175.0,49.0,121.4,126.0,16.1,26.6,0.0,1028.0
2025-07-03 19:00:00+00:00,20.3,50,9.5,10,0,10,0,172.0,97.0,383.7,75.0,14.6,25.2,0.0,1028.2
2025-07-03 20:00:00+00:00,18.7,51,8.2,3,0,3,0,60.0,29.0,275.2,31.0,13.6,24.1,0.0,1028.5
2025-07-03 21:00:00+00:00,16.9,53,7.3,1,0,1,0,2.0,0.0,0.0,2.0,13.8,24.8,0.0,1029.2
2025-07-03 22:00:00+00:00,15.0,58,6.8,0,0,0,0,0.0,0.0,0.0,0.0,14.0,24.8,0.0,1029.7
2025-07-03 23:00:00+00:00,13.7,65,7.3,15,0,0,15,0.0,0.0,0.0,0.0,13.7,23.4,0.0,1029.9
2025-07-04 00:00:00+00:00,12.7,73,7.9,38,0,0,38,0.0,0.0,0.0,0.0,12.3,20.5,0.0,1029.8
2025-07-04 01:00:00+00:00,11.7,80,8.5,32,0,0,32,0.0,0.0,0.0,0.0,11.3,17.6,0.0,1029.7
2025-07-04 02:00:00+00:00,10.8,86,8.6,18,0,0,18,0.0,0.0,0.0,0.0,10.0,15.5,0.0,1029.4
2025-07-04 03:00:00+00:00,10.5,90,9.0,77,0,0,77,0.0,0.0,0.0,0.0,8.7,13.7,0.0,1029.3
2025-07-04 04:00:00+00:00,10.4,91,9.1,90,0,0,90,0.0,0.0,0.0,0.0,7.2,12.6,0.0,1029.1
2025-07-04 05:00:00+00:00,11.2,91,9.8,87,0,0,87,30.0,14.0,185.2,16.0,8.3,13.7,0.0,1029.3
2025-07-04 06:00:00+00:00,13.3,87,11.1,62,0,0,62,141.0,92.0,459.8,49.0,7.0,15.5,0.0,1029.4
2025-07-04 07:00:00+00:00,15.9,80,12.4,94,0,0,94,286.0,209.0,595.7,77.0,6.8,17.3,0.0,1029.4
2025-07-04 08:00:00+00:00,18.3,70,12.7,100,0,0,100,444.0,350.0,702.5,94.0,7.0,19.1,0.0,1029.3
2025-07-04 09:00:00+00:00,20.0,61,12.2,92,0,0,92,583.0,452.0,714.9,131.0,8.4,22.3,0.0,1028.9
2025-07-04 10:00:00+00:00,21.2,55,11.9,99,0,0,99,672.0,463.0,622.5,209.0,10.8,27.0,0.0,1028.5
2025-07-04 11:00:00+00:00,21.9,53,11.9,71,0,0,71,755.0,521.0,631.4,234.0,14.0,32.8,0.0,1028.2
2025-07-04 12:00:00+00:00,22.5,52,12.0,70,0,0,70,775.0,492.0,565.0,283.0,16.0,37.4,0.0,1027.3
2025-07-04 13:00:00+00:00,23.3,49,12.0,88,0,0,88,813.0,646.0,736.0,167.0,17.2,40.3,0.0,1026.7
2025-07-04 14:00:00+00:00,23.7,46,11.5,82,0,0,82,830.0,657.0,777.2,173.0,18.2,41.8,0.0,1026.2
2025-07-04 15:00:00+00:00,23.8,46,11.5,91,1,0,91,732.0,565.0,728.2,167.0,18.6,41.0,0.0,1025.4
2025-07-04 16:00:00+00:00,23.8,46,11.4,89,0,0,89,619.0,475.0,704.6,144.0,18.5,40.7,0.0,1024.6
2025-07-04 17:00:00+00:00,23.5,46,11.3,79,0,0,79,493.0,392.0,716.7,101.0,18.3,39.6,0.0,1024.2
2025-07-04 18:00:00+00:00,23.0,46,10.9,74,0,0,74,336.0,251.0,622.8,85.0,17.5,35.6,0.0,1023.7
2025-07-04 19:00:00+00:00,21.6,49,10.6,77,0,0,77,174.0,98.0,388.7,76.0,15.5,28.1,0.0,1023.6
2025-07-04 20:00:00+00:00,19.8,54,10.2,83,0,0,83,55.0,19.0,181.7,36.0,14.1,24.5,0.0,1023.2
2025-07-04 21:00:00+00:00,18.4,58,10.1,92,2,1,92,2.0,0.0,0.0,2.0,14.0,23.8,0.0,1023.3
2025-07-04 22:00:00+00:00,17.6,63,10.4,59,0,8,57,0.0,0.0,0.0,0.0,14.6,23.0,0.0,1022.9
2025-07-04 23:00:00+00:00,16.8,66,10.3,13,0,7,6,0.0,0.0,0.0,0.0,15.1,25.2,0.0,1022.2
2025-07-05 00:00:00+00:00,16.1,69,10.4,56,0,29,40,0.0,0.0,0.0,0.0,16.3,28.1,0.0,1021.5
2025-07-05 01:00:00+00:00,15.3,72,10.3,84,1,15,81,0.0,0.0,0.0,0.0,16.6,30.6,0.0,1021.0
2025-07-05 02:00:00+00:00,15.1,73,10.3,95,0,10,94,0.0,0.0,0.0,0.0,16.9,32.0,0.0,1020.4
2025-07-05 03:00:00+00:00,15.3,74,10.7,98,3,6,98,0.0,0.0,0.0,0.0,16.9,33.1,0.0,1019.8
2025-07-05 04:00:00+00:00,15.6,76,11.4,88,49,34,70,0.0,0.0,0.0,0.0,16.7,34.6,0.0,1019.2
2025-07-05 05:00:00+00:00,16.0,78,12.3,99,82,74,99,9.0,0.0,0.0,9.0,18.1,35.6,0.0,1018.8
2025-07-05 06:00:00+00:00,16.7,81,13.3,100,7,35,100,51.0,8.0,40.3,43.0,18.7,33.5,0.0,1018.3
2025-07-05 07:00:00+00:00,18.1,79,14.4,99,37,49,99,163.0,64.0,183.2,99.0,23.4,42.1,0.0,1017.8
2025-07-05 08:00:00+00:00,18.9,77,14.7,100,100,93,100,220.0,49.0,98.6,171.0,24.6,46.8,0.0,1017.5
2025-07-05 09:00:00+00:00,19.3,76,15.0,100,100,93,100,173.0,10.0,15.8,163.0,22.6,45.7,0.0,1017.2
2025-07-05 10:00:00+00:00,19.2,78,15.2,100,100,92,99,146.0,15.0,20.2,131.0,23.1,43.6,0.2,1016.9
2025-07-05 11:00:00+00:00,19.0,81,15.7,100,100,94,100,159.0,0.0,0.0,159.0,24.0,43.9,0.2,1016.7
2025-07-05 12:00:00+00:00,19.1,83,16.1,100,100,99,97,173.0,4.0,4.6,169.0,25.2,46.4,0.1,1016.1
2025-07-05 13:00:00+00:00,19.3,82,16.1,100,100,63,74,121.0,1.0,1.1,120.0,25.8,43.2,0.0,1015.5
2025-07-05 14:00:00+00:00,20.0,78,16.0,100,100,15,30,155.0,1.0,1.2,154.0,28.5,43.9,0.1,1014.8
2025-07-05 15:00:00+00:00,20.1,79,16.3,100,100,2,6,180.0,3.0,3.9,177.0,28.2,43.9,0.0,1014.4
2025-07-05 16:00:00+00:00,20.5,77,16.3,100,100,1,26,152.0,11.0,16.3,141.0,25.2,42.1,0.0,1013.7
2025-07-05 17:00:00+00:00,20.8,76,16.4,100,100,0,0,213.0,39.0,71.4,174.0,22.8,45.0,0.1,1013.1
2025-07-05 18:00:00+00:00,21.0,74,16.2,98,98,0,0,262.0,133.0,330.6,129.0,16.3,43.6,0.1,1012.6
2025-07-05 19:00:00+00:00,20.4,76,16.1,97,97,0,8,78.0,22.0,87.5,56.0,16.1,29.2,0.0,1012.6
2025-07-05 20:00:00+00:00,19.6,79,15.8,99,94,0,70,31.0,9.0,86.9,22.0,15.4,28.4,0.0,1012.0
2025-07-05 21:00:00+00:00,18.8,80,15.3,97,90,0,75,1.0,0.0,0.0,1.0,14.7,25.9,0.0,1012.0
2025-07-05 22:00:00+00:00,18.4,87,16.2,100,98,0,74,0.0,0.0,0.0,0.0,10.7,24.8,0.0,1011.5
2025-07-05 23:00:00+00:00,18.2,87,16.0,84,71,0,62,0.0,0.0,0.0,0.0,11.7,24.5,0.0,1011.2
2025-07-06 00:00:00+00:00,18.0,88,15.9,47,45,3,2,0.0,0.0,0.0,0.0,12.0,24.1,0.0,1010.6
2025-07-06 01:00:00+00:00,17.7,89,15.9,91,84,3,25,0.0,0.0,0.0,0.0,11.7,23.0,0.0,1009.8
2025-07-06 02:00:00+00:00,17.3,90,15.7,100,100,0,87,0.0,0.0,0.0,0.0,10.6,21.6,0.0,1009.2
2025-07-06 03:00:00+00:00,17.0,91,15.6,100,100,0,92,0.0,0.0,0.0,0.0,10.6,20.9,0.0,1008.6
2025-07-06 04:00:00+00:00,16.8,91,15.4,100,100,0,94,0.0,0.0,0.0,0.0,10.5,21.6,0.0,1008.0
2025-07-06 05:00:00+00:00,16.7,91,15.3,100,100,0,95,13.0,1.0,13.5,12.0,9.7,22.3,0.0,1007.7
2025-07-06 06:00:00+00:00,16.8,91,15.2,100,99,1,97,38.0,0.0,0.0,38.0,10.4,23.0,0.0,1007.4
2025-07-06 07:00:00+00:00,17.0,89,15.3,95,93,10,40,118.0,2.0,5.8,116.0,11.3,24.1,0.0,1007.2
2025-07-06 08:00:00+00:00,17.7,84,15.0,97,95,22,1,211.0,41.0,82.8,170.0,12.6,25.9,0.1,1006.9
2025-07-06 09:00:00+00:00,19.0,75,14.4,90,86,30,24,367.0,146.0,231.9,221.0,12.2,27.4,0.5,1006.7
2025-07-06 10:00:00+00:00,19.3,79,15.5,60,28,50,3,385.0,154.0,207.7,231.0,12.8,29.2,0.1,1006.5
2025-07-06 11:00:00+00:00,19.6,74,14.9,58,36,46,2,281.0,92.0,111.8,189.0,14.7,32.0,0.2,1006.1
2025-07-06 12:00:00+00:00,21.1,69,15.3,58,50,35,7,520.0,286.0,329.1,234.0,14.5,35.3,0.1,1005.9
2025-07-06 13:00:00+00:00,21.1,71,15.6,61,54,29,3,257.0,25.0,28.5,232.0,14.7,36.7,0.2,1005.6
2025-07-06 14:00:00+00:00,20.7,71,15.3,53,36,39,7,473.0,276.0,327.0,197.0,17.7,43.9,0.4,1005.5
2025-07-06 15:00:00+00:00,21.0,69,15.2,65,26,46,25,560.0,393.0,507.4,167.0,23.5,44.6,0.2,1005.7
2025-07-06 16:00:00+00:00,20.8,67,14.5,63,43,50,2,424.0,303.0,450.3,121.0,19.6,42.1,0.0,1006.2
2025-07-06 17:00:00+00:00,20.1,66,13.7,40,19,36,0,330.0,219.0,401.4,111.0,19.9,40.3,0.1,1006.5
2025-07-06 18:00:00+00:00,19.9,65,13.0,46,39,30,0,247.0,154.0,383.6,93.0,19.8,38.2,0.0,1006.9
2025-07-06 19:00:00+00:00,19.2,65,12.5,80,78,31,0,120.0,64.0,255.6,56.0,18.3,34.9,0.0,1007.2
2025-07-06 20:00:00+00:00,18.3,66,11.9,87,86,33,46,34.0,9.0,87.8,25.0,17.5,33.1,0.0,1007.6
2025-07-06 21:00:00+00:00,17.8,66,11.4,100,85,14,99,1.0,0.0,0.0,1.0,16.4,29.9,0.0,1008.2
2025-07-06 22:00:00+00:00,17.2,67,11.0,97,83,35,91,0.0,0.0,0.0,0.0,16.1,30.2,0.0,1008.8
2025-07-06 23:00:00+00:00,16.7,69,11.0,95,55,72,93,0.0,0.0,0.0,0.0,15.2,29.9,0.0,1008.7
2025-07-07 00:00:00+00:00,16.4,70,10.9,100,26,99,99,0.0,0.0,0.0,0.0,14.0,31.0,0.0,1008.4
2025-07-07 01:00:00+00:00,15.9,74,11.3,100,11,99,93,0.0,0.0,0.0,0.0,14.1,28.4,0.0,1008.3
2025-07-07 02:00:00+00:00,15.3,79,11.6,100,14,98,98,0.0,0.0,0.0,0.0,14.6,27.4,0.2,1008.4
2025-07-07 03:00:00+00:00,14.6,84,11.9,100,20,98,100,0.0,0.0,0.0,0.0,14.9,29.5,0.4,1008.4
2025-07-07 04:00:00+00:00,14.1,87,12.0,100,58,96,100,0.0,0.0,0.0,0.0,16.2,32.4,0.6,1008.5
2025-07-07 05:00:00+00:00,13.9,90,12.2,98,98,49,40,8.0,0.0,0.0,8.0,17.7,36.7,0.5,1008.8
2025-07-07 06:00:00+00:00,13.9,92,12.6,100,100,84,1,19.0,0.0,0.0,19.0,19.1,38.2,0.3,1009.3
2025-07-07 07:00:00+00:00,13.9,91,12.5,100,100,92,1,57.0,1.0,2.9,56.0,20.6,36.0,0.1,1010.3
2025-07-07 08:00:00+00:00,14.3,88,12.4,36,33,6,2,100.0,20.0,40.5,80.0,21.1,41.0,0.0,1011.4
2025-07-07 09:00:00+00:00,15.7,75,11.2,38,36,4,0,186.0,51.0,81.2,135.0,23.8,43.2,0.0,1012.3
2025-07-07 10:00:00+00:00,17.3,65,10.6,56,56,1,0,551.0,353.0,476.9,198.0,22.9,49.3,0.0,1013.4
2025-07-07 11:00:00+00:00,19.1,53,9.3,81,80,4,0,701.0,493.0,599.7,208.0,22.7,49.0,0.0,1013.5
2025-07-07 12:00:00+00:00,20.2,47,8.4,100,100,99,0,716.0,507.0,584.0,209.0,22.4,48.2,0.0,1013.7
2025-07-07 13:00:00+00:00,20.7,44,7.9,77,10,77,0,624.0,309.0,353.0,315.0,22.2,46.8,0.0,1014.2
2025-07-07 14:00:00+00:00,21.4,41,7.7,57,20,56,0,566.0,296.0,351.1,270.0,20.5,42.8,0.0,1014.4
2025-07-07 15:00:00+00:00,21.9,39,7.2,74,10,71,6,442.0,128.0,165.4,314.0,20.4,41.0,0.0,1014.5
2025-07-07 16:00:00+00:00,21.9,39,7.2,91,0,87,37,389.0,146.0,217.2,243.0,21.5,42.5,0.0,1014.8
2025-07-07 17:00:00+00:00,21.9,39,7.3,21,0,2,20,292.0,85.0,156.0,207.0,19.9,40.7,0.0,1014.7
2025-07-07 18:00:00+00:00,21.5,40,7.3,20,0,0,20,307.0,192.0,479.3,115.0,18.7,36.7,0.0,1014.9
2025-07-07 19:00:00+00:00,20.5,42,7.3,2,2,0,0,192.0,136.0,545.4,56.0,16.3,29.5,0.0,1015.0
2025-07-07 20:00:00+00:00,18.8,48,7.7,0,0,0,0,58.0,31.0,305.8,27.0,15.3,27.4,0.0,1015.3
2025-07-07 21:00:00+00:00,16.9,56,8.0,1,1,0,0,1.0,0.0,0.0,1.0,15.6,28.1,0.0,1015.9
2025-07-07 22:00:00+00:00,15.6,61,8.2,0,0,0,0,0.0,0.0,0.0,0.0,15.7,27.4,0.0,1016.2
2025-07-07 23:00:00+00:00,15.0,67,8.9,1,1,0,0,0.0,0.0,0.0,0.0,15.5,28.8,0.0,1016.2
2025-07-08 00:00:00+00:00,14.5,72,9.5,18,13,11,0,0.0,0.0,0.0,0.0,17.5,30.6,0.0,1016.1
2025-07-08 01:00:00+00:00,14.2,76,10.0,23,15,20,0,0.0,0.0,0.0,0.0,18.1,30.2,0.0,1016.2
2025-07-08 02:00:00+00:00,13.7,78,10.0,18,10,14,0,0.0,0.0,0.0,0.0,17.4,31.3,0.0,1016.5
2025-07-08 03:00:00+00:00,13.1,79,9.5,11,8,9,0,0.0,0.0,0.0,0.0,17.1,31.7,0.0,1016.8
2025-07-08 04:00:00+00:00,12.7,77,8.8,0,0,0,0,0.0,0.0,0.0,0.0,16.3,31.7,0.0,1017.1
2025-07-08 05:00:00+00:00,12.6,78,8.9,0,0,0,0,27.0,13.0,179.7,14.0,16.2,30.6,0.0,1017.4
2025-07-08 06:00:00+00:00,13.6,74,9.1,0,0,0,0,139.0,90.0,465.7,49.0,16.6,33.5,0.0,1017.8
2025-07-08 07:00:00+00:00,15.0,68,9.2,20,20,0,0,288.0,215.0,624.3,73.0,19.3,38.2,0.0,1018.3
2025-07-08 08:00:00+00:00,16.3,62,9.0,28,28,0,0,449.0,361.0,733.3,88.0,16.7,34.2,0.0,1018.4
2025-07-08 09:00:00+00:00,17.5,56,8.6,35,35,0,0,596.0,487.0,776.8,109.0,13.5,29.9,0.0,1018.8
2025-07-08 10:00:00+00:00,18.8,49,8.0,15,15,0,0,721.0,576.0,779.4,145.0,9.4,26.3,0.0,1018.9
2025-07-08 11:00:00+00:00,20.2,46,8.1,5,5,0,0,812.0,658.0,801.5,154.0,8.0,25.2,0.0,1019.1
2025-07-08 12:00:00+00:00,21.1,42,7.9,0,0,0,0,872.0,718.0,828.0,154.0,8.4,26.3,0.0,1019.0
2025-07-08 13:00:00+00:00,22.0,41,8.3,0,0,0,0,898.0,785.0,897.7,113.0,8.9,25.9,0.0,1019.0
2025-07-08 14:00:00+00:00,22.7,39,8.1,1,1,0,0,842.0,705.0,837.0,137.0,9.3,25.9,0.0,1019.0
2025-07-08 15:00:00+00:00,23.3,38,8.1,0,0,0,0,778.0,678.0,877.1,100.0,10.0,26.3,0.0,1018.9
2025-07-08 16:00:00+00:00,23.5,36,7.7,0,0,0,0,653.0,551.0,820.9,102.0,10.7,25.9,0.0,1018.8
2025-07-08 17:00:00+00:00,23.3,38,8.0,1,0,0,1,479.0,390.0,717.1,89.0,10.7,23.0,0.0,1018.7
2025-07-08 18:00:00+00:00,22.7,40,8.5,17,0,0,17,345.0,269.0,673.2,76.0,10.7,20.5,0.0,1018.9
2025-07-08 19:00:00+00:00,21.6,45,9.0,20,0,0,20,187.0,129.0,519.7,58.0,9.6,17.3,0.0,1019.2
2025-07-08 20:00:00+00:00,19.7,51,9.4,15,0,0,15,58.0,31.0,309.6,27.0,10.0,17.6,0.0,1019.3
2025-07-08 21:00:00+00:00,17.7,61,10.1,4,0,0,4,1.0,0.0,0.0,1.0,11.4,19.8,0.0,1020.2
2025-07-08 22:00:00+00:00,16.2,68,10.4,0,0,0,0,0.0,0.0,0.0,0.0,12.4,21.6,0.0,1020.6
2025-07-08 23:00:00+00:00,15.0,73,10.3,0,0,0,0,0.0,0.0,0.0,0.0,12.1,22.3,0.0,1020.9
2025-07-09 00:00:00+00:00,14.1,79,10.4,4,0,0,4,0.0,0.0,0.0,0.0,11.0,20.9,0.0,1021.1
2025-07-09 01:00:00+00:00,13.1,83,10.2,1,0,0,1,0.0,0.0,0.0,0.0,9.2,17.3,0.0,1021.2
2025-07-09 02:00:00+00:00,12.3,86,10.1,0,0,0,0,0.0,0.0,0.0,0.0,7.5,14.0,0.0,1021.2
2025-07-09 03:00:00+00:00,11.6,89,9.8,0,0,0,0,0.0,0.0,0.0,0.0,6.3,11.9,0.0,1021.2
2025-07-09 04:00:00+00:00,11.4,90,9.8,0,0,0,0,0.0,0.0,0.0,0.0,5.8,11.2,0.0,1021.3
2025-07-09 05:00:00+00:00,12.0,87,9.9,9,0,9,0,25.0,12.0,168.0,13.0,6.6,11.5,0.0,1021.5
2025-07-09 06:00:00+00:00,13.9,82,10.9,15,0,15,0,129.0,78.0,407.7,51.0,5.0,13.3,0.0,1021.8
2025-07-09 07:00:00+00:00,16.5,72,11.4,18,0,18,0,255.0,175.0,510.8,80.0,3.2,11.2,0.0,1022.1
2025-07-09 08:00:00+00:00,18.7,63,11.5,20,0,20,0,410.0,320.0,652.2,90.0,1.3,11.2,0.0,1022.2
2025-07-09 09:00:00+00:00,20.7,56,11.6,19,0,19,0,541.0,418.0,668.4,123.0,3.4,14.8,0.0,1022.4
2025-07-09 10:00:00+00:00,22.0,53,11.9,19,0,19,0,680.0,564.0,764.6,116.0,3.1,16.6,0.0,1022.4
2025-07-09 11:00:00+00:00,23.4,48,11.7,7,0,6,0,768.0,644.0,785.6,124.0,2.2,16.6,0.0,1022.5
2025-07-09 12:00:00+00:00,24.4,46,12.1,2,2,1,0,782.0,633.0,730.9,149.0,2.4,16.9,0.0,1022.3
2025-07-09 13:00:00+00:00,25.4,45,12.5,1,0,1,0,750.0,583.0,667.5,167.0,3.5,17.3,0.0,1022.1
2025-07-09 14:00:00+00:00,26.4,43,12.6,7,7,2,0,707.0,521.0,619.2,186.0,4.5,17.3,0.0,1022.2
2025-07-09 15:00:00+00:00,26.5,42,12.7,24,9,21,0,501.0,243.0,314.7,258.0,5.9,17.3,0.0,1021.9
2025-07-09 16:00:00+00:00,26.5,42,12.5,53,10,53,0,382.0,140.0,208.9,242.0,8.4,17.3,0.0,1021.8
2025-07-09 17:00:00+00:00,26.1,44,12.9,63,0,63,0,274.0,88.0,162.1,186.0,11.7,17.6,0.0,1021.7
2025-07-09 18:00:00+00:00,25.2,48,13.5,26,1,26,0,223.0,115.0,288.6,108.0,13.0,19.8,0.0,1021.6
2025-07-09 19:00:00+00:00,23.7,50,12.7,12,3,10,0,176.0,116.0,469.6,60.0,12.4,23.4,0.0,1022.1
2025-07-09 20:00:00+00:00,21.5,60,13.3,38,4,38,0,50.0,25.0,253.2,25.0,11.6,21.2,0.0,1022.1
2025-07-09 21:00:00+00:00,19.5,67,13.2,22,7,21,0,1.0,0.0,0.0,1.0,10.7,18.7,0.0,1022.7
2025-07-09 22:00:00+00:00,18.4,70,12.7,8,2,7,0,0.0,0.0,0.0,0.0,9.1,16.2,0.0,1023.1
2025-07-09 23:00:00+00:00,17.6,76,13.3,2,0,1,0,0.0,0.0,0.0,0.0,8.1,14.0,0.0,1023.3
2025-07-10 00:00:00+00:00,17.1,82,13.9,0,0,0,0,0.0,0.0,0.0,0.0,7.8,13.3,0.0,1023.1
2025-07-10 01:00:00+00:00,16.2,88,14.2,1,0,1,0,0.0,0.0,0.0,0.0,7.7,13.0,0.0,1023.0
2025-07-10 02:00:00+00:00,15.7,89,14.0,1,0,1,0,0.0,0.0,0.0,0.0,7.9,11.9,0.0,1022.9
2025-07-10 03:00:00+00:00,15.5,89,13.7,0,0,0,0,0.0,0.0,0.0,0.0,8.1,11.2,0.0,1022.7
2025-07-10 04:00:00+00:00,15.5,88,13.6,0,0,0,0,0.0,0.0,0.0,0.0,8.2,10.4,0.0,1022.8
2025-07-10 05:00:00+00:00,16.0,87,13.8,0,0,0,0,23.0,11.0,156.1,12.0,8.8,11.9,0.0,1023.0
2025-07-10 06:00:00+00:00,18.2,79,14.5,1,1,0,0,128.0,83.0,438.4,45.0,8.4,14.4,0.0,1023.2
2025-07-10 07:00:00+00:00,20.6,70,14.9,0,0,0,0,270.0,200.0,587.0,70.0,7.3,17.3,0.0,1023.5
2025-07-10 08:00:00+00:00,23.2,61,15.2,1,0,0,1,428.0,345.0,705.6,83.0,5.7,16.6,0.0,1023.4
2025-07-10 09:00:00+00:00,24.8,54,14.9,2,1,0,1,578.0,484.0,775.9,94.0,4.0,15.5,0.0,1023.7
2025-07-10 10:00:00+00:00,26.2,48,14.4,0,0,0,0,704.0,600.0,815.0,104.0,2.2,13.3,0.0,1023.4
2025-07-10 11:00:00+00:00,27.1,46,14.6,0,0,0,0,797.0,688.0,840.6,109.0,2.2,14.0,0.0,1023.3
2025-07-10 12:00:00+00:00,27.8,45,14.7,0,0,0,0,853.0,743.0,859.1,110.0,3.0,15.8,0.0,1023.1
2025-07-10 13:00:00+00:00,28.6,42,14.5,0,0,0,0,835.0,686.0,786.3,149.0,2.8,16.6,0.0,1022.5
2025-07-10 14:00:00+00:00,29.2,39,13.9,3,2,1,0,772.0,617.0,734.2,155.0,2.7,15.5,0.0,1022.1
2025-07-10 15:00:00+00:00,29.7,38,13.7,28,1,27,0,640.0,452.0,586.1,188.0,2.5,14.0,0.0,1021.8
2025-07-10 16:00:00+00:00,29.8,36,13.1,52,0,52,0,571.0,395.0,590.2,176.0,3.1,13.0,0.0,1021.4
2025-07-10 17:00:00+00:00,29.7,36,12.8,0,0,0,0,429.0,278.0,513.1,151.0,4.2,13.0,0.0,1021.1
2025-07-10 18:00:00+00:00,29.1,38,13.4,2,0,2,0,326.0,250.0,629.3,76.0,7.0,13.7,0.0,1020.6
2025-07-10 19:00:00+00:00,27.7,44,14.2,3,0,3,0,179.0,125.0,508.8,54.0,7.3,14.0,0.0,1021.0
2025-07-10 20:00:00+00:00,25.2,51,14.3,4,0,4,0,54.0,29.0,298.1,25.0,6.6,12.6,0.0,1020.9
2025-07-10 21:00:00+00:00,22.7,60,14.5,1,0,1,0,1.0,0.0,0.0,1.0,6.9,13.0,0.0,1021.0
2025-07-10 22:00:00+00:00,21.6,64,14.5,1,1,0,0,0.0,0.0,0.0,0.0,5.1,13.7,0.0,1021.2
2025-07-10 23:00:00+00:00,20.6,67,14.1,0,0,0,0,0.0,0.0,0.0,0.0,3.8,13.0,0.0,1021.2
2025-07-11 00:00:00+00:00,19.4,69,13.7,0,0,0,0,0.0,0.0,0.0,0.0,3.3,11.2,0.0,1021.2
2025-07-11 01:00:00+00:00,17.9,76,13.7,0,0,0,0,0.0,0.0,0.0,0.0,2.7,10.8,0.0,1021.1
2025-07-11 02:00:00+00:00,17.4,77,13.4,0,0,0,0,0.0,0.0,0.0,0.0,1.1,9.4,0.0,1021.1
2025-07-11 03:00:00+00:00,16.8,82,13.7,0,0,0,0,0.0,0.0,0.0,0.0,0.8,10.1,0.0,1021.1
2025-07-11 04:00:00+00:00,16.3,85,13.7,0,0,0,0,0.0,0.0,0.0,0.0,2.1,11.5,0.0,1021.0
2025-07-11 05:00:00+00:00,16.9,83,14.0,0,0,0,0,22.0,10.0,144.0,12.0,3.6,12.6,0.0,1021.0
2025-07-11 06:00:00+00:00,19.3,79,15.5,0,0,0,0,125.0,79.0,422.0,46.0,4.5,16.6,0.0,1021.1
2025-07-11 07:00:00+00:00,21.3,71,15.8,0,0,0,0,270.0,202.0,596.3,68.0,5.0,15.8,0.0,1021.4
2025-07-11 08:00:00+00:00,23.2,64,16.0,0,0,0,0,427.0,343.0,704.1,84.0,6.2,19.8,0.0,1021.3
2025-07-11 09:00:00+00:00,25.0,57,15.9,3,0,0,3,576.0,482.0,774.7,94.0,6.8,21.6,0.0,1021.1
2025-07-11 10:00:00+00:00,26.5,53,16.1,11,0,0,11,704.0,601.0,818.0,103.0,8.2,22.7,0.0,1021.0
2025-07-11 11:00:00+00:00,27.4,48,15.6,16,0,0,16,799.0,691.0,845.7,108.0,8.6,24.1,0.0,1020.8
2025-07-11 12:00:00+00:00,28.2,45,15.1,14,0,0,14,851.0,734.0,849.8,117.0,8.3,24.8,0.0,1020.6
2025-07-11 13:00:00+00:00,28.5,43,14.6,7,0,0,7,857.0,727.0,834.4,130.0,8.0,24.8,0.0,1020.1
2025-07-11 14:00:00+00:00,28.7,41,14.1,0,0,0,0,827.0,713.0,849.5,114.0,8.2,24.1,0.0,1019.8
2025-07-11 15:00:00+00:00,28.8,40,14.0,0,0,0,0,748.0,645.0,837.6,103.0,8.1,23.4,0.0,1019.4
2025-07-11 16:00:00+00:00,28.6,41,14.1,0,0,0,0,619.0,513.0,767.7,106.0,8.9,24.1,0.0,1019.0
2025-07-11 17:00:00+00:00,27.8,42,13.5,0,0,0,0,487.0,399.0,738.1,88.0,10.6,25.9,0.0,1018.7
2025-07-11 18:00:00+00:00,26.7,41,12.5,0,0,0,0,328.0,251.0,633.8,77.0,12.5,26.6,0.0,1018.4
2025-07-11 19:00:00+00:00,25.3,42,11.3,0,0,0,0,180.0,125.0,511.8,55.0,12.1,21.6,0.0,1018.4
2025-07-11 20:00:00+00:00,23.3,46,11.1,0,0,0,0,54.0,30.0,310.5,24.0,8.6,13.3,0.0,1018.4
2025-07-11 21:00:00+00:00,21.1,53,11.1,0,0,0,0,1.0,0.0,0.0,1.0,6.6,10.8,0.0,1018.6
2025-07-11 22:00:00+00:00,19.6,57,10.9,0,0,0,0,0.0,0.0,0.0,0.0,6.5,10.1,0.0,1018.7
2025-07-11 23:00:00+00:00,18.8,61,11.2,0,0,0,0,0.0,0.0,0.0,0.0,5.4,9.7,0.0,1018.5
2025-07-12 00:00:00+00:00,18.9,58,10.5,0,0,0,0,0.0,0.0,0.0,0.0,1.5,6.8,0.0,1018.4
2025-07-12 01:00:00+00:00,18.5,58,10.2,0,0,0,0,0.0,0.0,0.0,0.0,1.2,6.5,0.0,1018.3
2025-07-12 02:00:00+00:00,16.6,68,10.7,0,0,0,0,0.0,0.0,0.0,0.0,1.8,8.3,0.0,1018.2
2025-07-12 03:00:00+00:00,15.0,78,11.1,0,0,0,0,0.0,0.0,0.0,0.0,3.2,11.2,0.0,1018.1
2025-07-12 04:00:00+00:00,15.0,80,11.7,0,0,0,0,0.0,0.0,0.0,0.0,5.0,11.5,0.0,1017.9
2025-07-12 05:00:00+00:00,16.2,81,13.0,0,0,0,0,22.0,10.0,146.2,12.0,4.4,7.9,0.0,1017.8
2025-07-12 06:00:00+00:00,19.2,72,14.0,0,0,0,0,126.0,81.0,437.7,45.0,5.7,10.8,0.0,1017.5
2025-07-12 07:00:00+00:00,21.9,62,14.4,0,0,0,0,271.0,204.0,605.8,67.0,5.9,14.4,0.0,1017.4
2025-07-12 08:00:00+00:00,24.2,53,14.1,0,0,0,0,428.0,346.0,713.0,82.0,5.9,16.2,0.0,1017.1
2025-07-12 09:00:00+00:00,25.7,48,13.9,0,0,0,0,579.0,485.0,781.6,94.0,5.2,16.9,0.0,1016.6
2025-07-12 10:00:00+00:00,27.1,46,14.4,0,0,0,0,708.0,607.0,827.9,101.0,4.4,19.1,0.0,1016.1
2025-07-12 11:00:00+00:00,28.1,44,14.6,0,0,0,0,804.0,698.0,855.7,106.0,5.3,20.9,0.0,1015.7
2025-07-12 12:00:00+00:00,28.9,41,14.5,0,0,0,0,858.0,749.0,868.5,109.0,6.0,22.3,0.0,1015.3
2025-07-12 13:00:00+00:00,29.4,41,14.6,0,0,0,0,867.0,758.0,871.2,109.0,7.0,23.8,0.0,1014.7
2025-07-12 14:00:00+00:00,29.6,40,14.7,1,1,0,0,830.0,722.0,861.3,108.0,7.8,24.5,0.0,1014.5
2025-07-12 15:00:00+00:00,29.3,41,14.8,16,2,15,0,745.0,637.0,828.4,108.0,9.4,27.7,0.0,1014.3
2025-07-12 16:00:00+00:00,28.2,44,14.7,10,2,8,0,621.0,506.0,758.6,115.0,12.2,28.4,0.0,1014.2
2025-07-12 17:00:00+00:00,26.5,48,14.7,0,0,0,0,488.0,400.0,741.6,88.0,13.8,28.4,0.0,1013.9
2025-07-12 18:00:00+00:00,24.9,54,14.9,3,0,3,0,331.0,258.0,653.8,73.0,13.2,28.1,0.0,1014.1
2025-07-12 19:00:00+00:00,23.6,58,14.9,0,0,0,0,177.0,122.0,502.7,55.0,13.0,25.6,0.0,1014.0
2025-07-12 20:00:00+00:00,21.9,64,14.7,2,2,0,0,53.0,28.0,292.0,25.0,9.5,15.5,0.0,1014.4
2025-07-12 21:00:00+00:00,19.9,72,14.6,2,2,0,0,1.0,0.0,0.0,1.0,5.1,8.3,0.0,1014.9
2025-07-12 22:00:00+00:00,19.4,73,14.4,0,0,0,0,0.0,0.0,0.0,0.0,2.9,5.0,0.0,1014.9
2025-07-12 23:00:00+00:00,19.1,73,14.2,0,0,0,0,0.0,0.0,0.0,0.0,3.6,4.7,0.0,1014.8
2025-07-13 00:00:00+00:00,17.5,80,14.0,0,0,0,0,0.0,0.0,0.0,0.0,6.9,9.4,0.0,1014.6
2025-07-13 01:00:00+00:00,16.4,84,13.7,0,0,0,0,0.0,0.0,0.0,0.0,7.2,11.5,0.0,1014.3
2025-07-13 02:00:00+00:00,15.7,85,13.1,0,0,0,0,0.0,0.0,0.0,0.0,7.6,12.2,0.0,1014.2
2025-07-13 03:00:00+00:00,15.0,84,12.4,0,0,0,0,0.0,0.0,0.0,0.0,9.0,15.1,0.0,1013.8
2025-07-13 04:00:00+00:00,14.7,84,12.1,0,0,0,0,0.0,0.0,0.0,0.0,10.1,16.9,0.0,1013.6
2025-07-13 05:00:00+00:00,15.1,84,12.5,0,0,0,0,22.0,10.0,148.5,12.0,11.2,18.7,0.0,1013.5
2025-07-13 06:00:00+00:00,16.6,84,13.9,4,4,0,0,130.0,86.0,470.5,44.0,11.0,21.2,0.0,1013.3
2025-07-13 07:00:00+00:00,18.5,78,14.6,1,1,0,0,283.0,218.0,651.5,65.0,10.0,22.0,0.0,1013.5
2025-07-13 08:00:00+00:00,20.8,65,14.0,0,0,0,0,438.0,352.0,728.3,86.0,9.9,23.4,0.0,1013.3
2025-07-13 09:00:00+00:00,22.6,55,13.2,0,0,0,0,597.0,506.0,817.8,91.0,9.7,24.1,0.0,1012.9
2025-07-13 10:00:00+00:00,23.9,47,12.0,0,0,0,0,730.0,634.0,866.6,96.0,9.0,24.1,0.0,1012.7
2025-07-13 11:00:00+00:00,25.1,43,11.8,0,0,0,0,827.0,726.0,891.6,101.0,8.5,24.1,0.0,1012.3
2025-07-13 12:00:00+00:00,26.2,40,11.5,0,0,0,0,883.0,779.0,904.7,104.0,8.4,24.8,0.0,1012.1
2025-07-13 13:00:00+00:00,26.9,38,11.3,0,0,0,0,890.0,785.0,903.5,105.0,8.9,24.8,0.0,1011.5
2025-07-13 14:00:00+00:00,27.2,36,10.8,0,0,0,0,847.0,740.0,884.1,107.0,9.8,24.8,0.0,1011.1
2025-07-13 15:00:00+00:00,27.4,35,10.6,0,0,0,0,730.0,614.0,799.7,116.0,10.3,24.1,0.0,1010.8
2025-07-13 16:00:00+00:00,27.0,35,10.4,6,0,0,6,601.0,495.0,743.5,106.0,11.9,25.2,0.0,1010.5
2025-07-13 17:00:00+00:00,25.9,38,10.5,74,0,0,74,469.0,377.0,700.7,92.0,14.8,26.6,0.0,1010.1
2025-07-13 18:00:00+00:00,24.6,43,11.1,100,0,0,100,320.0,233.0,592.7,87.0,15.7,26.3,0.0,1010.1
2025-07-13 19:00:00+00:00,23.3,50,12.2,100,0,3,100,144.0,57.0,236.4,87.0,12.5,22.3,0.0,1010.3
2025-07-13 20:00:00+00:00,21.7,57,12.8,99,2,1,99,37.0,5.0,52.6,32.0,11.0,19.1,0.0,1010.7
2025-07-13 21:00:00+00:00,20.4,63,13.0,100,4,6,100,0.0,0.0,0.0,0.0,11.3,24.1,0.0,1011.1
2025-07-13 22:00:00+00:00,19.2,71,13.8,98,3,17,97,0.0,0.0,0.0,0.0,13.3,25.9,0.0,1011.2
2025-07-13 23:00:00+00:00,18.5,78,14.5,96,2,18,95,0.0,0.0,0.0,0.0,13.7,21.2,0.0,1011.2
2025-07-14 00:00:00+00:00,17.9,84,15.2,93,4,32,89,0.0,0.0,0.0,0.0,13.1,22.7,0.5,1011.3
2025-07-14 01:00:00+00:00,17.4,91,15.9,63,2,31,47,0.0,0.0,0.0,0.0,12.2,18.0,0.9,1011.2
2025-07-14 02:00:00+00:00,17.0,94,16.1,31,8,26,4,0.0,0.0,0.0,0.0,13.5,18.4,0.2,1011.2
2025-07-14 03:00:00+00:00,17.1,93,16.0,12,10,3,0,0.0,0.0,0.0,0.0,15.3,23.0,0.0,1011.4
2025-07-14 04:00:00+00:00,17.4,91,16.0,12,12,0,0,0.0,0.0,0.0,0.0,15.5,26.6,0.0,1011.9
2025-07-14 05:00:00+00:00,17.7,90,16.0,11,11,0,0,12.0,3.0,45.3,9.0,15.8,30.2,0.0,1012.3
2025-07-14 06:00:00+00:00,18.2,87,16.0,16,16,2,0,79.0,27.0,149.6,52.0,17.9,30.6,0.0,1012.7
2025-07-14 07:00:00+00:00,19.1,81,15.7,19,19,1,0,254.0,177.0,532.4,77.0,19.6,38.2,0.0,1013.2
2025-07-14 08:00:00+00:00,20.1,71,14.6,35,35,4,0,404.0,297.0,617.0,107.0,21.3,42.5,0.0,1013.5
2025-07-14 09:00:00+00:00,20.7,65,13.9,85,84,20,0,397.0,226.0,366.3,171.0,24.3,49.0,0.1,1013.6
2025-07-14 10:00:00+00:00,20.7,67,14.4,73,60,39,10,473.0,280.0,383.6,193.0,23.9,53.6,0.4,1014.3
2025-07-14 11:00:00+00:00,20.8,67,14.5,75,64,36,9,481.0,251.0,308.8,230.0,25.7,55.8,0.3,1014.4
2025-07-14 12:00:00+00:00,21.7,59,13.3,40,17,21,20,751.0,585.0,680.4,166.0,27.4,58.0,0.0,1014.3
2025-07-14 13:00:00+00:00,22.3,51,11.7,36,5,8,31,789.0,647.0,745.8,142.0,28.9,58.7,0.0,1014.2
2025-07-14 14:00:00+00:00,22.1,50,11.1,14,10,7,0,791.0,640.0,765.8,151.0,30.1,59.4,0.0,1014.4
2025-07-14 15:00:00+00:00,22.0,48,10.3,28,13,26,0,716.0,581.0,758.0,135.0,29.7,59.0,0.0,1014.4
2025-07-14 16:00:00+00:00,21.8,48,10.2,27,16,25,0,561.0,444.0,668.2,117.0,28.2,56.9,0.0,1014.7
2025-07-14 17:00:00+00:00,21.5,48,10.1,35,13,33,0,442.0,339.0,631.8,103.0,26.6,53.6,0.0,1015.0
2025-07-14 18:00:00+00:00,20.5,50,9.7,33,12,30,0,296.0,210.0,536.3,86.0,24.7,50.8,0.0,1015.2
2025-07-14 19:00:00+00:00,19.3,55,10.1,29,13,27,0,156.0,96.0,401.1,60.0,22.5,43.2,0.0,1015.7
2025-07-14 20:00:00+00:00,18.0,60,10.1,18,8,15,0,46.0,24.0,254.5,22.0,19.8,36.4,0.0,1015.9
2025-07-14 21:00:00+00:00,16.8,64,10.0,18,11,16,0,0.0,0.0,0.0,0.0,17.7,31.7,0.0,1016.5
2025-07-14 22:00:00+00:00,15.6,72,10.5,57,1,57,0,0.0,0.0,0.0,0.0,17.7,29.9,0.0,1017.1
2025-07-14 23:00:00+00:00,15.0,75,10.7,29,0,28,1,0.0,0.0,0.0,0.0,17.3,29.2,0.0,1017.1
2025-07-15 00:00:00+00:00,14.5,78,10.7,18,0,18,0,0.0,0.0,0.0,0.0,16.7,27.7,0.0,1017.0
2025-07-15 01:00:00+00:00,14.1,81,10.8,26,4,25,0,0.0,0.0,0.0,0.0,17.8,27.0,0.0,1017.1
2025-07-15 02:00:00+00:00,13.9,82,10.9,32,4,30,0,0.0,0.0,0.0,0.0,17.9,27.4,0.0,1017.1
2025-07-15 03:00:00+00:00,13.7,84,11.1,34,11,29,3,0.0,0.0,0.0,0.0,16.9,27.4,0.0,1016.6
2025-07-15 04:00:00+00:00,13.9,84,11.3,40,4,32,12,0.0,0.0,0.0,0.0,16.7,27.7,0.0,1016.6
2025-07-15 05:00:00+00:00,14.4,84,11.7,33,13,25,7,15.0,6.0,92.2,9.0,17.0,29.2,0.0,1016.4
2025-07-15 06:00:00+00:00,15.7,79,12.2,26,5,25,0,105.0,58.0,325.7,47.0,17.2,33.5,0.0,1016.4
2025-07-15 07:00:00+00:00,16.9,73,12.0,44,15,39,0,219.0,152.0,460.3,67.0,23.4,51.8,0.1,1016.5
2025-07-15 08:00:00+00:00,18.1,66,11.6,61,41,47,1,277.0,183.0,381.8,94.0,26.0,49.7,0.0,1016.3
2025-07-15 09:00:00+00:00,19.2,61,11.5,66,39,48,7,391.0,257.0,417.9,134.0,27.7,52.6,0.0,1016.1
2025-07-15 10:00:00+00:00,19.1,66,12.5,58,3,58,0,409.0,239.0,328.2,170.0,25.0,57.6,0.1,1015.9
2025-07-15 11:00:00+00:00,19.2,65,12.5,75,20,73,4,427.0,232.0,286.0,195.0,28.6,61.2,0.1,1015.9
2025-07-15 12:00:00+00:00,19.7,62,12.2,93,25,77,63,517.0,316.0,368.2,201.0,30.9,65.9,0.1,1015.9
2025-07-15 13:00:00+00:00,20.3,60,12.2,80,35,69,19,633.0,412.0,475.6,221.0,32.6,68.4,0.0,1015.5
2025-07-15 14:00:00+00:00,20.3,60,12.2,63,44,48,9,433.0,243.0,291.2,190.0,32.7,64.4,0.0,1015.4
2025-07-15 15:00:00+00:00,20.5,60,12.5,84,79,49,6,410.0,181.0,236.6,229.0,32.1,64.1,0.1,1014.8
2025-07-15 16:00:00+00:00,20.6,57,11.9,82,69,70,0,299.0,89.0,134.2,210.0,32.5,59.8,0.0,1014.5
2025-07-15 17:00:00+00:00,20.2,58,11.6,90,74,87,0,214.0,77.0,143.9,137.0,29.4,56.2,0.1,1014.6
2025-07-15 18:00:00+00:00,19.7,59,11.5,85,75,78,0,148.0,41.0,105.1,107.0,25.0,48.6,0.0,1014.2
2025-07-15 19:00:00+00:00,19.1,62,11.6,96,88,84,0,66.0,16.0,67.4,50.0,22.9,42.8,0.0,1014.4
2025-07-15 20:00:00+00:00,18.3,65,11.6,99,99,69,0,27.0,13.0,139.2,14.0,21.1,38.9,0.0,1014.8
2025-07-15 21:00:00+00:00,17.5,69,11.7,99,99,66,0,0.0,0.0,0.0,0.0,20.9,39.2,0.0,1015.1
2025-07-15 22:00:00+00:00,17.1,72,11.9,99,99,42,0,0.0,0.0,0.0,0.0,18.8,41.0,0.0,1015.3
2025-07-15 23:00:00+00:00,16.7,73,11.9,61,61,14,0,0.0,0.0,0.0,0.0,19.7,40.0,0.0,1015.5
2025-07-16 00:00:00+00:00,15.9,77,12.0,14,10,10,0,0.0,0.0,0.0,0.0,18.8,36.0,0.0,1015.7
2025-07-16 01:00:00+00:00,15.4,80,12.0,20,20,2,0,0.0,0.0,0.0,0.0,17.7,34.9,0.0,1015.4
2025-07-16 02:00:00+00:00,15.1,83,12.2,86,86,3,1,0.0,0.0,0.0,0.0,18.3,33.5,0.0,1015.5
2025-07-16 03:00:00+00:00,14.9,84,12.3,100,100,18,0,0.0,0.0,0.0,0.0,17.9,31.0,0.0,1015.5
2025-07-16 04:00:00+00:00,14.9,85,12.4,91,91,0,0,0.0,0.0,0.0,0.0,16.2,28.4,0.0,1015.6
2025-07-16 05:00:00+00:00,14.8,87,12.6,31,31,0,0,17.0,7.0,109.6,10.0,15.3,26.6,0.0,1015.7
2025-07-16 06:00:00+00:00,15.7,85,13.1,49,49,0,0,113.0,69.0,392.8,44.0,14.6,27.0,0.0,1015.8
2025-07-16 07:00:00+00:00,17.2,79,13.6,55,55,0,0,247.0,161.0,490.9,86.0,19.9,37.8,0.0,1016.3
2025-07-16 08:00:00+00:00,19.0,70,13.4,41,41,0,0,353.0,220.0,461.0,133.0,19.0,36.7,0.0,1016.4
2025-07-16 09:00:00+00:00,20.6,61,12.9,32,30,0,2,549.0,398.0,649.1,151.0,16.7,35.3,0.0,1016.5
2025-07-16 10:00:00+00:00,21.8,52,11.7,11,9,0,2,705.0,584.0,803.8,121.0,11.2,34.2,0.0,1016.4
2025-07-16 11:00:00+00:00,23.0,48,11.4,5,2,0,3,810.0,679.0,838.7,131.0,10.8,33.1,0.0,1016.1
2025-07-16 12:00:00+00:00,24.1,44,11.0,46,2,3,45,868.0,732.0,854.3,136.0,11.0,33.1,0.0,1016.2
2025-07-16 13:00:00+00:00,24.8,41,10.6,90,2,65,89,871.0,740.0,855.7,131.0,10.6,34.6,0.0,1016.3
2025-07-16 14:00:00+00:00,25.4,38,10.2,99,0,68,99,714.0,464.0,557.0,250.0,10.5,33.1,0.0,1016.1
2025-07-16 15:00:00+00:00,25.1,39,10.0,97,1,58,95,463.0,143.0,187.2,320.0,13.3,33.1,0.0,1016.7
2025-07-16 16:00:00+00:00,24.6,41,10.4,100,0,100,98,355.0,107.0,161.7,248.0,11.1,30.2,0.0,1016.3
2025-07-16 17:00:00+00:00,23.5,45,11.0,96,0,95,81,183.0,24.0,45.0,159.0,10.4,27.7,0.0,1016.5
2025-07-16 18:00:00+00:00,22.9,49,11.7,85,1,76,41,231.0,102.0,262.8,129.0,11.1,29.2,0.0,1016.8
2025-07-16 19:00:00+00:00,22.1,51,11.6,72,3,51,48,145.0,71.0,301.4,74.0,9.0,16.2,0.0,1017.3
2025-07-16 20:00:00+00:00,21.1,54,11.5,51,14,30,26,40.0,14.0,151.4,26.0,6.7,11.2,0.0,1017.5
2025-07-16 21:00:00+00:00,19.6,60,11.5,59,16,50,13,0.0,0.0,0.0,0.0,5.4,10.1,0.0,1018.0
2025-07-16 22:00:00+00:00,19.5,65,12.8,95,25,93,28,0.0,0.0,0.0,0.0,5.5,9.4,0.0,1018.4
2025-07-16 23:00:00+00:00,19.3,68,13.4,100,38,100,52,0.0,0.0,0.0,0.0,3.9,8.3,0.0,1018.2
2025-07-17 00:00:00+00:00,19.2,71,13.8,100,55,100,37,0.0,0.0,0.0,0.0,5.1,8.3,0.0,1018.0
2025-07-17 01:00:00+00:00,19.4,74,14.5,100,83,100,9,0.0,0.0,0.0,0.0,6.0,9.7,0.0,1017.7
2025-07-17 02:00:00+00:00,19.1,79,15.5,100,92,100,48,0.0,0.0,0.0,0.0,6.6,10.4,0.0,1017.6
2025-07-17 03:00:00+00:00,19.4,84,16.7,100,100,100,95,0.0,0.0,0.0,0.0,8.3,12.6,0.0,1017.4
2025-07-17 04:00:00+00:00,19.7,89,17.7,100,99,95,95,0.0,0.0,0.0,0.0,10.1,14.4,0.0,1017.2
2025-07-17 05:00:00+00:00,19.7,92,18.3,100,96,69,93,3.0,0.0,0.0,3.0,9.7,15.8,0.0,1017.4
2025-07-17 06:00:00+00:00,19.9,92,18.5,99,97,19,97,18.0,0.0,0.0,18.0,12.8,19.4,0.1,1016.9
2025-07-17 07:00:00+00:00,20.5,88,18.5,100,87,7,93,88.0,6.0,18.4,82.0,14.8,28.4,0.0,1017.5
2025-07-17 08:00:00+00:00,21.6,82,18.3,97,97,6,62,177.0,40.0,84.2,137.0,15.5,30.2,0.0,1017.4
2025-07-17 09:00:00+00:00,22.7,76,18.3,100,100,8,2,263.0,65.0,106.4,198.0,14.9,29.2,0.1,1017.2
2025-07-17 10:00:00+00:00,23.9,69,17.9,50,31,38,0,418.0,185.0,255.3,233.0,11.0,31.3,0.3,1017.3
2025-07-17 11:00:00+00:00,24.2,69,18.0,69,55,56,0,549.0,353.0,436.9,196.0,13.8,32.0,0.2,1017.2
2025-07-17 12:00:00+00:00,24.4,69,18.3,85,77,73,0,593.0,350.0,409.2,243.0,13.9,33.5,0.2,1016.9
2025-07-17 13:00:00+00:00,23.8,72,18.5,99,98,77,0,556.0,393.0,455.2,163.0,14.5,35.3,0.3,1016.7
2025-07-17 14:00:00+00:00,23.7,73,18.5,93,92,55,0,400.0,162.0,194.8,238.0,15.1,33.8,0.1,1016.4
2025-07-17 15:00:00+00:00,23.3,75,18.7,97,95,36,2,342.0,100.0,131.2,242.0,16.0,31.0,0.2,1016.4
2025-07-17 16:00:00+00:00,23.8,73,18.7,97,92,30,47,329.0,149.0,225.8,180.0,15.9,28.4,0.1,1016.2
2025-07-17 17:00:00+00:00,23.7,72,18.4,100,93,24,85,283.0,120.0,225.7,163.0,15.8,29.2,0.0,1015.8
2025-07-17 18:00:00+00:00,22.3,78,18.3,98,71,10,91,116.0,23.0,59.5,93.0,15.9,27.0,0.0,1015.7
2025-07-17 19:00:00+00:00,21.9,78,18.0,92,70,5,81,107.0,33.0,141.3,74.0,13.9,26.3,0.0,1015.6
2025-07-17 20:00:00+00:00,21.0,82,17.8,97,69,2,92,26.0,5.0,54.6,21.0,11.8,21.2,0.0,1015.6
2025-07-17 21:00:00+00:00,20.1,86,17.6,99,58,0,98,0.0,0.0,0.0,0.0,10.5,17.3,0.0,1015.7
2025-07-17 22:00:00+00:00,19.5,86,17.2,99,59,0,97,0.0,0.0,0.0,0.0,7.5,14.4,0.0,1015.5
2025-07-17 23:00:00+00:00,18.8,90,17.1,99,52,0,97,0.0,0.0,0.0,0.0,6.7,11.2,0.0,1015.3
2025-07-18 00:00:00+00:00,18.1,94,17.1,99,30,0,98,0.0,0.0,0.0,0.0,7.0,10.1,0.0,1014.9
2025-07-18 01:00:00+00:00,17.6,96,17.0,99,32,0,96,0.0,0.0,0.0,0.0,8.7,13.7,0.0,1015.0
2025-07-18 02:00:00+00:00,17.0,97,16.6,97,40,0,93,0.0,0.0,0.0,0.0,8.5,14.8,0.0,1014.9
2025-07-18 03:00:00+00:00,16.8,98,16.5,89,47,4,83,0.0,0.0,0.0,0.0,7.3,13.3,0.0,1014.5
2025-07-18 04:00:00+00:00,16.7,98,16.4,100,100,12,60,0.0,0.0,0.0,0.0,7.9,12.6,0.0,1014.4
2025-07-18 05:00:00+00:00,17.1,97,16.6,99,99,5,33,10.0,1.0,16.3,9.0,9.0,16.9,0.0,1014.2
2025-07-18 06:00:00+00:00,17.6,96,17.0,99,99,8,5,73.0,28.0,164.2,45.0,8.8,19.4,0.0,1014.3
2025-07-18 07:00:00+00:00,18.8,89,17.0,94,94,3,1,150.0,47.0,145.4,103.0,8.5,18.7,0.0,1014.4
2025-07-18 08:00:00+00:00,20.2,79,16.5,43,34,4,14,322.0,171.0,361.7,151.0,8.5,22.0,0.0,1014.1
2025-07-18 09:00:00+00:00,21.5,65,14.7,19,13,1,6,535.0,426.0,699.4,109.0,7.7,21.6,0.0,1014.0
2025-07-18 10:00:00+00:00,22.9,60,14.6,17,3,0,14,706.0,582.0,805.1,124.0,5.2,22.7,0.0,1013.6
2025-07-18 11:00:00+00:00,24.1,53,13.9,11,2,2,7,675.0,543.0,673.5,132.0,7.2,23.4,0.0,1013.4
2025-07-18 12:00:00+00:00,24.5,51,13.8,8,3,0,5,677.0,524.0,613.8,153.0,9.3,24.8,0.0,1013.0
2025-07-18 13:00:00+00:00,25.2,50,13.9,8,3,0,5,748.0,608.0,705.5,140.0,10.6,27.4,0.0,1012.7
2025-07-18 14:00:00+00:00,25.5,50,14.2,92,4,1,91,726.0,534.0,643.3,192.0,11.2,28.4,0.0,1012.1
2025-07-18 15:00:00+00:00,25.5,51,14.5,97,3,1,97,691.0,535.0,703.3,156.0,11.3,28.8,0.0,1011.8
2025-07-18 16:00:00+00:00,24.9,54,15.0,99,0,3,99,536.0,357.0,542.3,179.0,11.5,30.2,0.0,1011.4
2025-07-18 17:00:00+00:00,24.0,59,15.6,95,0,0,95,343.0,157.0,296.2,186.0,11.6,29.2,0.0,1010.9
2025-07-18 18:00:00+00:00,23.2,63,15.8,93,0,0,93,257.0,120.0,312.2,137.0,12.5,25.6,0.0,1010.7
2025-07-18 19:00:00+00:00,22.1,67,15.7,94,0,10,93,120.0,27.0,116.6,93.0,11.6,22.3,0.0,1010.7
2025-07-18 20:00:00+00:00,21.0,72,15.9,98,0,51,98,35.0,7.0,77.3,28.0,8.2,15.8,0.0,1010.7
2025-07-18 21:00:00+00:00,19.6,80,16.2,100,0,57,100,0.0,0.0,0.0,0.0,6.6,11.2,0.0,1010.8
2025-07-18 22:00:00+00:00,19.0,82,16.0,99,0,22,99,0.0,0.0,0.0,0.0,5.8,9.0,0.0,1010.1
2025-07-18 23:00:00+00:00,18.5,86,16.0,100,0,46,100,0.0,0.0,0.0,0.0,4.0,8.6,0.0,1010.2
2025-07-19 00:00:00+00:00,18.5,85,15.8,100,0,64,100,0.0,0.0,0.0,0.0,4.1,9.0,0.0,1009.7
2025-07-19 01:00:00+00:00,18.5,83,15.6,100,0,71,100,0.0,0.0,0.0,0.0,3.5,7.2,0.0,1009.0
2025-07-19 02:00:00+00:00,17.5,88,15.5,100,0,95,100,0.0,0.0,0.0,0.0,3.1,10.8,0.1,1008.4
2025-07-19 03:00:00+00:00,17.3,90,15.6,100,0,91,100,0.0,0.0,0.0,0.0,2.6,10.8,0.8,1007.9
2025-07-19 04:00:00+00:00,17.3,90,15.6,100,0,93,100,0.0,0.0,0.0,0.0,2.2,11.9,1.4,1007.7
2025-07-19 05:00:00+00:00,16.9,94,15.9,100,0,93,100,3.0,0.0,0.0,3.0,0.8,15.1,2.3,1007.5
2025-07-19 06:00:00+00:00,16.7,97,16.2,100,1,78,100,14.0,0.0,0.0,14.0,1.8,11.2,2.5,1007.2
2025-07-19 07:00:00+00:00,16.9,98,16.6,100,0,58,100,48.0,0.0,0.0,48.0,1.0,7.6,2.1,1006.9
2025-07-19 08:00:00+00:00,17.4,97,17.0,100,0,80,100,56.0,0.0,0.0,56.0,4.5,12.6,2.7,1006.4
2025-07-19 09:00:00+00:00,17.8,97,17.2,100,0,93,100,74.0,0.0,0.0,74.0,4.6,9.4,2.3,1005.8
2025-07-19 10:00:00+00:00,18.5,87,16.3,97,7,35,93,221.0,43.0,59.6,178.0,1.5,8.6,0.8,1005.6
2025-07-19 11:00:00+00:00,19.5,78,15.5,79,17,25,67,356.0,188.0,233.7,168.0,3.7,11.5,0.1,1005.6
2025-07-19 12:00:00+00:00,20.6,74,15.7,40,26,10,10,569.0,397.0,466.0,172.0,4.6,16.6,0.0,1005.6
2025-07-19 13:00:00+00:00,22.1,67,15.8,57,54,15,0,699.0,535.0,622.0,164.0,6.9,21.6,0.0,1005.0
2025-07-19 14:00:00+00:00,22.5,68,16.2,52,41,25,0,671.0,481.0,580.6,190.0,10.5,25.9,0.1,1004.8
2025-07-19 15:00:00+00:00,21.8,68,15.7,96,17,42,93,627.0,459.0,604.7,168.0,16.5,33.1,0.3,1004.6
2025-07-19 16:00:00+00:00,20.8,74,15.9,100,16,7,100,496.0,355.0,540.6,141.0,18.0,37.4,0.1,1004.6
2025-07-19 17:00:00+00:00,20.5,73,15.5,100,1,19,100,352.0,196.0,371.1,156.0,16.6,32.8,0.0,1004.4
2025-07-19 18:00:00+00:00,19.8,74,15.0,100,0,38,100,194.0,44.0,115.1,150.0,15.1,28.1,0.0,1004.1
2025-07-19 19:00:00+00:00,19.0,76,14.7,100,0,50,100,105.0,13.0,56.7,92.0,12.5,24.1,0.0,1004.0
2025-07-19 20:00:00+00:00,18.2,80,14.7,100,0,56,100,30.0,2.0,22.4,28.0,10.9,21.2,0.0,1003.9
2025-07-19 21:00:00+00:00,17.2,85,14.7,100,0,59,99,0.0,0.0,0.0,0.0,10.8,20.9,0.0,1004.0
2025-07-19 22:00:00+00:00,17.1,85,14.6,99,1,94,98,0.0,0.0,0.0,0.0,12.1,23.4,0.3,1003.5
2025-07-19 23:00:00+00:00,17.0,89,15.2,100,20,69,100,0.0,0.0,0.0,0.0,15.2,27.0,0.6,1002.9
2025-07-20 00:00:00+00:00,17.0,93,15.8,94,8,66,89,0.0,0.0,0.0,0.0,15.8,32.8,1.0,1002.1
2025-07-20 01:00:00+00:00,17.1,94,16.1,100,99,100,49,0.0,0.0,0.0,0.0,19.2,34.9,1.0,1001.6
2025-07-20 02:00:00+00:00,17.0,92,15.8,100,92,96,79,0.0,0.0,0.0,0.0,22.0,38.2,0.6,1000.7
2025-07-20 03:00:00+00:00,17.0,92,15.8,98,93,66,49,0.0,0.0,0.0,0.0,23.9,40.3,0.3,999.9
2025-07-20 04:00:00+00:00,17.1,93,16.0,95,86,36,43,0.0,0.0,0.0,0.0,23.6,44.3,0.8,999.2
2025-07-20 05:00:00+00:00,17.1,94,16.2,100,99,52,62,2.0,0.0,0.0,2.0,24.4,45.0,3.0,998.9
2025-07-20 06:00:00+00:00,17.3,95,16.5,100,62,43,100,3.0,0.0,0.0,3.0,25.2,42.1,3.2,998.6
2025-07-20 07:00:00+00:00,17.5,94,16.6,100,65,44,100,54.0,0.0,0.0,54.0,25.5,47.9,1.0,998.5
2025-07-20 08:00:00+00:00,18.0,92,16.7,100,52,28,100,107.0,1.0,2.1,106.0,26.2,51.1,0.7,998.5
2025-07-20 09:00:00+00:00,18.7,88,16.6,100,36,15,100,236.0,40.0,66.1,196.0,23.0,45.7,0.4,998.5
2025-07-20 10:00:00+00:00,18.7,84,15.9,98,42,36,98,312.0,30.0,41.7,282.0,19.1,48.6,0.1,998.2
2025-07-20 11:00:00+00:00,18.9,82,15.9,93,24,48,88,403.0,103.0,128.3,300.0,21.1,49.3,0.1,998.4
2025-07-20 12:00:00+00:00,19.4,79,15.8,75,16,24,60,572.0,296.0,348.1,276.0,20.0,51.1,0.1,998.6
2025-07-20 13:00:00+00:00,20.0,74,15.2,68,33,13,49,641.0,409.0,476.4,232.0,20.2,49.3,0.1,998.9
2025-07-20 14:00:00+00:00,20.2,71,14.8,71,10,23,60,694.0,522.0,631.3,172.0,22.9,50.4,0.0,999.0
2025-07-20 15:00:00+00:00,20.4,67,14.1,51,22,22,28,604.0,431.0,569.1,173.0,22.3,47.9,0.0,999.4
2025-07-20 16:00:00+00:00,19.8,65,13.0,31,22,10,10,541.0,377.0,575.7,164.0,20.4,41.0,0.3,999.4
2025-07-20 17:00:00+00:00,19.6,63,12.4,25,16,10,9,393.0,290.0,551.1,103.0,19.7,38.2,0.0,999.5
2025-07-20 18:00:00+00:00,19.0,65,12.3,22,18,4,4,262.0,155.0,407.6,107.0,18.4,33.1,0.1,999.5
2025-07-20 19:00:00+00:00,18.2,69,12.4,21,9,12,10,138.0,87.0,383.3,51.0,15.8,27.7,0.0,999.9
2025-07-20 20:00:00+00:00,17.1,75,12.6,38,8,13,29,37.0,19.0,215.1,18.0,11.5,17.6,0.0,1000.1
2025-07-20 21:00:00+00:00,15.7,82,12.5,43,4,17,33,0.0,0.0,0.0,0.0,8.6,15.8,0.0,1000.1
2025-07-20 22:00:00+00:00,15.0,89,13.2,90,20,30,86,0.0,0.0,0.0,0.0,8.4,15.5,0.0,999.5
2025-07-20 23:00:00+00:00,14.8,90,13.2,84,28,44,72,0.0,0.0,0.0,0.0,5.1,12.6,0.0,999.6
2025-07-21 00:00:00+00:00,14.2,92,13.0,73,10,26,65,0.0,0.0,0.0,0.0,6.2,10.4,0.0,999.2
2025-07-21 01:00:00+00:00,13.9,94,12.9,62,12,12,50,0.0,0.0,0.0,0.0,6.7,10.8,0.1,998.8
2025-07-21 02:00:00+00:00,13.4,96,12.7,45,9,13,32,0.0,0.0,0.0,0.0,6.0,8.6,0.0,998.6
2025-07-21 03:00:00+00:00,13.1,96,12.5,38,16,8,23,0.0,0.0,0.0,0.0,5.4,8.3,0.0,998.5
2025-07-21 04:00:00+00:00,13.3,96,12.6,30,10,12,16,0.0,0.0,0.0,0.0,8.4,9.7,0.0,998.3
2025-07-21 05:00:00+00:00,13.3,96,12.7,17,3,6,10,9.0,3.0,52.2,6.0,8.8,12.2,0.0,998.3
2025-07-21 06:00:00+00:00,14.1,95,13.3,14,0,5,10,86.0,42.0,258.4,44.0,8.3,15.5,0.0,998.5
2025-07-21 07:00:00+00:00,15.5,90,13.9,13,10,3,0,250.0,178.0,563.7,72.0,11.0,24.5,0.0,999.2
2025-07-21 08:00:00+00:00,17.3,80,13.8,18,18,1,0,365.0,279.0,598.8,86.0,13.7,28.8,0.0,999.6
2025-07-21 09:00:00+00:00,19.1,65,12.4,17,15,3,0,540.0,428.0,710.0,112.0,12.4,27.7,0.0,999.9
2025-07-21 10:00:00+00:00,20.6,55,11.2,29,14,19,6,627.0,508.0,708.5,119.0,10.8,28.4,0.0,1000.1
2025-07-21 11:00:00+00:00,21.3,49,10.3,73,13,37,56,666.0,546.0,681.8,120.0,11.8,31.3,0.1,1000.5
2025-07-21 12:00:00+00:00,21.4,49,10.1,81,13,48,68,608.0,406.0,478.5,202.0,13.0,33.8,0.1,1000.8
2025-07-21 13:00:00+00:00,21.1,51,10.6,71,18,58,44,490.0,319.0,372.3,171.0,14.4,35.6,0.1,1001.2
2025-07-21 14:00:00+00:00,20.5,57,11.7,63,20,49,22,459.0,247.0,299.4,212.0,16.3,37.8,0.2,1001.9
2025-07-21 15:00:00+00:00,20.1,60,12.1,67,21,40,44,425.0,237.0,313.7,188.0,17.7,36.4,0.2,1002.3
2025-07-21 16:00:00+00:00,20.3,62,12.8,78,20,37,58,335.0,167.0,255.8,168.0,18.6,34.9,0.0,1002.5
2025-07-21 17:00:00+00:00,20.5,61,12.7,79,29,42,56,282.0,128.0,244.2,154.0,17.1,34.2,0.0,1003.2
2025-07-21 18:00:00+00:00,19.9,65,13.2,52,29,23,21,212.0,110.0,291.0,102.0,15.7,28.8,0.0,1003.8
2025-07-21 19:00:00+00:00,18.6,73,13.6,51,34,44,0,102.0,53.0,236.0,49.0,15.4,27.7,0.0,1004.4
2025-07-21 20:00:00+00:00,17.4,82,14.3,71,53,57,0,24.0,12.0,137.7,12.0,16.7,31.3,0.0,1005.3
2025-07-21 21:00:00+00:00,17.0,87,14.8,80,33,80,0,0.0,0.0,0.0,0.0,17.5,32.4,0.0,1005.8
2025-07-21 22:00:00+00:00,16.7,90,15.0,100,100,58,0,0.0,0.0,0.0,0.0,15.7,32.8,0.0,1006.4
2025-07-21 23:00:00+00:00,16.8,90,15.1,92,92,17,0,0.0,0.0,0.0,0.0,16.4,32.0,0.0,1006.8
2025-07-22 00:00:00+00:00,16.8,90,15.1,74,74,3,0,0.0,0.0,0.0,0.0,16.2,31.0,0.0,1007.1
2025-07-22 01:00:00+00:00,16.6,91,15.1,98,98,3,1,0.0,0.0,0.0,0.0,16.0,29.2,0.0,1007.2
2025-07-22 02:00:00+00:00,16.4,92,15.1,99,99,6,2,0.0,0.0,0.0,0.0,16.0,27.7,0.0,1007.6
2025-07-22 03:00:00+00:00,16.5,92,15.1,88,87,13,0,0.0,0.0,0.0,0.0,15.7,25.2,0.0,1008.1
2025-07-22 04:00:00+00:00,16.4,92,15.1,72,70,23,0,0.0,0.0,0.0,0.0,14.5,23.4,0.0,1008.5
2025-07-22 05:00:00+00:00,16.5,92,15.1,72,68,25,0,9.0,2.0,35.6,7.0,14.7,23.8,0.0,1009.0
2025-07-22 06:00:00+00:00,17.0,90,15.4,80,79,30,0,82.0,41.0,256.6,41.0,15.2,26.3,0.0,1009.4
2025-07-22 07:00:00+00:00,17.8,87,15.6,70,66,30,2,149.0,61.0,194.8,88.0,16.7,30.6,0.0,1010.2
2025-07-22 08:00:00+00:00,18.8,82,15.6,68,46,29,24,222.0,107.0,230.8,115.0,15.2,29.5,0.0,1010.6
2025-07-22 09:00:00+00:00,19.9,76,15.4,55,33,39,1,421.0,297.0,494.5,124.0,15.3,31.3,0.0,1010.9
2025-07-22 10:00:00+00:00,20.1,74,15.4,42,20,36,0,521.0,352.0,492.3,169.0,15.7,33.5,0.1,1011.4
2025-07-22 11:00:00+00:00,20.4,72,15.2,61,32,49,0,518.0,322.0,403.0,196.0,16.0,33.5,0.0,1011.8
2025-07-22 12:00:00+00:00,20.6,71,15.1,54,18,52,0,576.0,381.0,450.0,195.0,16.7,33.8,0.0,1012.0
2025-07-22 13:00:00+00:00,21.2,65,14.4,62,37,42,21,522.0,345.0,403.5,177.0,15.8,32.4,0.1,1011.9
2025-07-22 14:00:00+00:00,21.9,60,13.8,93,40,26,87,578.0,357.0,433.6,221.0,15.9,33.1,0.0,1012.0
2025-07-22 15:00:00+00:00,21.7,58,13.2,96,38,41,90,439.0,267.0,354.2,172.0,16.8,32.0,0.0,1012.2
2025-07-22 16:00:00+00:00,21.7,57,12.9,78,54,58,35,345.0,183.0,281.1,162.0,16.8,30.6,0.0,1012.1
2025-07-22 17:00:00+00:00,21.3,60,13.2,54,45,49,0,260.0,94.0,180.1,166.0,16.9,29.9,0.0,1012.1
2025-07-22 18:00:00+00:00,20.6,65,13.7,68,59,47,0,173.0,56.0,149.0,117.0,15.6,25.6,0.0,1012.1
2025-07-22 19:00:00+00:00,19.6,69,13.7,69,59,46,0,112.0,57.0,256.7,55.0,12.0,22.3,0.0,1012.4
2025-07-22 20:00:00+00:00,18.7,71,13.3,45,21,39,0,25.0,10.0,116.3,15.0,10.3,18.4,0.0,1012.8
2025-07-22 21:00:00+00:00,17.9,74,13.2,41,5,40,0,0.0,0.0,0.0,0.0,10.1,17.3,0.0,1013.3
2025-07-22 22:00:00+00:00,17.0,76,12.8,44,0,44,0,0.0,0.0,0.0,0.0,9.1,17.6,0.0,1013.4
2025-07-22 23:00:00+00:00,16.6,78,12.7,41,0,41,0,0.0,0.0,0.0,0.0,8.8,18.0,0.0,1013.4
2025-07-23 00:00:00+00:00,16.0,82,12.9,51,1,51,0,0.0,0.0,0.0,0.0,8.2,15.5,0.0,1013.4
2025-07-23 01:00:00+00:00,15.5,84,12.8,43,1,43,0,0.0,0.0,0.0,0.0,7.1,14.8,0.0,1013.3
2025-07-23 02:00:00+00:00,15.1,86,12.8,50,1,48,2,0.0,0.0,0.0,0.0,6.4,14.4,0.0,1013.3
2025-07-23 03:00:00+00:00,15.1,86,12.8,58,2,53,5,0.0,0.0,0.0,0.0,6.5,14.0,0.0,1013.2
2025-07-23 04:00:00+00:00,15.3,85,12.8,56,11,49,8,0.0,0.0,0.0,0.0,6.8,13.7,0.0,1013.1
2025-07-23 05:00:00+00:00,15.1,87,12.9,52,23,31,19,7.0,2.0,36.5,5.0,7.8,13.3,0.0,1013.3
2025-07-23 06:00:00+00:00,15.9,85,13.4,54,30,19,21,68.0,31.0,197.5,37.0,8.0,17.3,0.0,1013.5
2025-07-23 07:00:00+00:00,16.7,81,13.5,50,39,16,6,167.0,69.0,222.2,98.0,10.5,22.0,0.0,1014.0
2025-07-23 08:00:00+00:00,17.4,77,13.3,47,36,24,9,257.0,148.0,320.9,109.0,13.0,25.6,0.0,1014.3
2025-07-23 09:00:00+00:00,18.2,72,13.0,56,32,20,26,311.0,165.0,275.7,146.0,13.5,27.4,0.0,1014.7
2025-07-23 10:00:00+00:00,19.6,64,12.5,70,10,43,56,492.0,294.0,412.4,198.0,14.8,29.9,0.0,1014.6
2025-07-23 11:00:00+00:00,20.1,61,12.5,62,5,10,58,488.0,245.0,307.4,243.0,15.3,31.7,0.0,1014.6
2025-07-23 12:00:00+00:00,20.7,58,12.2,66,8,26,57,610.0,415.0,491.2,195.0,14.4,33.1,0.0,1014.4
2025-07-23 13:00:00+00:00,21.1,55,11.6,66,15,51,39,616.0,399.0,467.6,217.0,13.2,30.2,0.0,1014.4
2025-07-23 14:00:00+00:00,22.0,50,11.0,55,19,41,22,616.0,453.0,551.4,163.0,13.2,32.0,0.0,1014.3
2025-07-23 15:00:00+00:00,21.9,50,11.0,48,16,46,4,508.0,342.0,454.9,166.0,14.2,31.7,0.0,1014.4
2025-07-23 16:00:00+00:00,22.1,49,10.9,73,26,73,2,470.0,351.0,540.9,119.0,16.0,33.1,0.0,1014.6
2025-07-23 17:00:00+00:00,21.6,50,10.8,68,50,57,4,288.0,179.0,344.3,109.0,15.9,31.7,0.0,1014.5
2025-07-23 18:00:00+00:00,20.9,53,10.9,56,47,48,9,197.0,112.0,300.0,85.0,14.5,28.4,0.0,1014.6
2025-07-23 19:00:00+00:00,20.2,54,10.7,47,40,36,10,116.0,63.0,287.1,53.0,12.9,23.0,0.0,1014.9
2025-07-23 20:00:00+00:00,19.2,57,10.5,63,45,42,29,27.0,10.0,118.0,17.0,11.7,20.2,0.0,1015.3
2025-07-23 21:00:00+00:00,18.0,61,10.4,83,54,47,56,0.0,0.0,0.0,0.0,11.7,19.1,0.0,1015.8
2025-07-23 22:00:00+00:00,17.3,65,10.7,72,47,41,20,0.0,0.0,0.0,0.0,13.2,20.9,0.0,1016.0
2025-07-23 23:00:00+00:00,16.8,68,10.9,88,58,50,51,0.0,0.0,0.0,0.0,13.8,24.5,0.0,1016.3
2025-07-24 00:00:00+00:00,16.3,72,11.2,71,48,34,39,0.0,0.0,0.0,0.0,12.8,25.6,0.0,1016.5
2025-07-24 01:00:00+00:00,15.9,75,11.5,37,2,28,13,0.0,0.0,0.0,0.0,12.5,24.1,0.0,1016.5
2025-07-24 02:00:00+00:00,15.7,77,11.7,27,7,19,6,0.0,0.0,0.0,0.0,12.5,23.8,0.0,1016.8
2025-07-24 03:00:00+00:00,15.2,80,11.7,29,18,18,2,0.0,0.0,0.0,0.0,12.6,24.1,0.0,1017.0
2025-07-24 04:00:00+00:00,15.1,82,12.0,21,17,11,0,0.0,0.0,0.0,0.0,12.4,23.8,0.0,1017.0
2025-07-24 05:00:00+00:00,15.2,83,12.4,24,18,16,0,7.0,2.0,37.5,5.0,12.4,23.8,0.0,1017.1
2025-07-24 06:00:00+00:00,15.9,85,13.3,35,32,26,0,52.0,20.0,129.7,32.0,12.1,23.4,0.0,1017.3
2025-07-24 07:00:00+00:00,17.2,82,14.0,71,68,28,0,199.0,125.0,405.9,74.0,16.4,32.0,0.0,1017.6
2025-07-24 08:00:00+00:00,18.6,75,14.1,92,91,26,0,290.0,175.0,381.5,115.0,16.6,33.1,0.0,1017.9
2025-07-24 09:00:00+00:00,19.9,70,14.2,72,71,27,0,274.0,134.0,224.8,140.0,17.1,32.0,0.0,1018.0
2025-07-24 10:00:00+00:00,20.4,66,14.0,90,90,28,0,209.0,63.0,88.6,146.0,12.1,26.6,0.1,1018.1
2025-07-24 11:00:00+00:00,21.5,63,14.1,92,91,35,0,409.0,183.0,230.2,226.0,13.9,31.3,0.2,1018.1
2025-07-24 12:00:00+00:00,22.1,60,14.1,100,100,21,0,553.0,315.0,373.7,238.0,13.5,30.6,0.2,1018.4
2025-07-24 13:00:00+00:00,22.2,62,14.5,83,81,40,0,499.0,286.0,335.9,213.0,14.9,31.3,0.1,1018.3
2025-07-24 14:00:00+00:00,22.7,59,14.3,100,99,93,0,426.0,205.0,250.1,221.0,17.3,35.6,0.1,1018.5
2025-07-24 15:00:00+00:00,21.9,63,14.5,99,97,97,0,147.0,9.0,12.0,138.0,17.6,29.9,0.0,1018.5
2025-07-24 16:00:00+00:00,21.6,65,14.8,96,94,95,0,83.0,2.0,3.1,81.0,16.4,27.4,0.0,1018.7
2025-07-24 17:00:00+00:00,21.3,66,14.8,99,90,98,12,108.0,30.0,58.0,78.0,14.8,25.9,0.0,1018.9
2025-07-24 18:00:00+00:00,21.1,66,14.5,92,80,92,2,107.0,12.0,32.4,95.0,12.5,24.5,0.0,1018.9
2025-07-24 19:00:00+00:00,20.7,66,14.2,35,22,33,0,74.0,17.0,78.4,57.0,10.6,19.1,0.0,1019.1
2025-07-24 20:00:00+00:00,19.7,69,13.9,17,8,1,10,20.0,3.0,36.0,17.0,6.8,13.0,0.0,1019.1
2025-07-24 21:00:00+00:00,18.4,76,14.0,63,59,13,10,0.0,0.0,0.0,0.0,5.9,9.7,0.0,1019.7
2025-07-24 22:00:00+00:00,18.1,79,14.4,69,54,52,12,0.0,0.0,0.0,0.0,5.8,9.0,0.0,1020.2
2025-07-24 23:00:00+00:00,17.8,81,14.4,53,36,28,20,0.0,0.0,0.0,0.0,5.2,7.9,0.0,1020.2
2025-07-25 00:00:00+00:00,17.6,81,14.3,88,66,11,60,0.0,0.0,0.0,0.0,5.8,7.6,0.0,1020.2
2025-07-25 01:00:00+00:00,17.6,81,14.2,91,64,18,71,0.0,0.0,0.0,0.0,6.3,8.6,0.0,1020.1
2025-07-25 02:00:00+00:00,17.5,82,14.4,89,63,27,74,0.0,0.0,0.0,0.0,5.5,7.6,0.0,1019.9
2025-07-25 03:00:00+00:00,16.8,85,14.3,83,55,19,53,0.0,0.0,0.0,0.0,4.8,6.8,0.0,1019.7
2025-07-25 04:00:00+00:00,16.3,88,14.2,78,20,3,67,0.0,0.0,0.0,0.0,4.7,7.6,0.0,1019.5
2025-07-25 05:00:00+00:00,16.1,89,14.3,44,11,6,37,5.0,1.0,19.1,4.0,4.4,7.9,0.0,1019.6
2025-07-25 06:00:00+00:00,17.0,89,15.1,10,5,5,5,76.0,36.0,237.9,40.0,4.4,10.1,0.0,1019.7
2025-07-25 07:00:00+00:00,18.9,81,15.6,11,11,3,0,227.0,150.0,491.3,77.0,2.7,10.1,0.0,1020.2
2025-07-25 08:00:00+00:00,20.7,74,15.8,17,14,7,2,363.0,264.0,578.6,99.0,2.3,11.2,0.0,1020.3
2025-07-25 09:00:00+00:00,22.1,67,15.8,23,23,7,0,504.0,387.0,651.7,117.0,4.5,15.8,0.0,1020.2
2025-07-25 10:00:00+00:00,23.0,61,15.2,13,13,0,0,585.0,433.0,610.9,152.0,7.4,21.2,0.1,1020.0
2025-07-25 11:00:00+00:00,23.7,59,15.3,16,16,0,0,647.0,467.0,588.9,180.0,9.3,26.3,0.1,1019.8
2025-07-25 12:00:00+00:00,24.0,58,15.4,35,35,0,0,549.0,325.0,386.4,224.0,11.2,29.2,0.1,1019.4
2025-07-25 13:00:00+00:00,24.8,57,15.6,46,46,1,0,619.0,406.0,478.0,213.0,13.1,32.4,0.1,1019.3
2025-07-25 14:00:00+00:00,25.0,55,15.3,38,38,2,0,531.0,318.0,388.9,213.0,14.3,32.8,0.0,1019.0
2025-07-25 15:00:00+00:00,25.0,54,15.0,23,23,9,0,504.0,327.0,437.3,177.0,15.3,31.7,0.0,1018.8
2025-07-25 16:00:00+00:00,25.4,51,14.6,8,8,1,0,506.0,372.0,577.1,134.0,16.1,31.7,0.0,1018.6
2025-07-25 17:00:00+00:00,25.0,50,13.8,5,5,0,0,418.0,307.0,595.9,111.0,16.2,29.5,0.0,1018.2
2025-07-25 18:00:00+00:00,24.1,51,13.5,2,2,0,0,264.0,188.0,510.4,76.0,14.9,24.1,0.0,1018.2
2025-07-25 19:00:00+00:00,22.8,56,13.5,1,1,0,0,154.0,104.0,486.0,50.0,12.0,21.6,0.0,1018.5
2025-07-25 20:00:00+00:00,20.9,62,13.4,1,1,0,0,33.0,17.0,207.1,16.0,9.1,15.8,0.0,1018.8
2025-07-25 21:00:00+00:00,19.1,68,13.0,1,1,0,0,0.0,0.0,0.0,0.0,7.7,13.7,0.0,1019.2
2025-07-25 22:00:00+00:00,17.5,76,13.2,0,0,0,0,0.0,0.0,0.0,0.0,6.8,11.9,0.0,1019.1
2025-07-25 23:00:00+00:00,16.6,79,12.9,1,1,0,0,0.0,0.0,0.0,0.0,6.5,11.9,0.0,1018.9
2025-07-26 00:00:00+00:00,16.0,81,12.8,2,2,0,0,0.0,0.0,0.0,0.0,6.7,12.6,0.0,1018.9
2025-07-26 01:00:00+00:00,15.6,85,13.1,4,4,0,0,0.0,0.0,0.0,0.0,6.7,13.0,0.0,1018.5
2025-07-26 02:00:00+00:00,15.0,90,13.3,17,17,0,0,0.0,0.0,0.0,0.0,7.0,12.2,0.0,1018.3
2025-07-26 03:00:00+00:00,14.8,93,13.7,23,23,0,0,0.0,0.0,0.0,0.0,7.0,11.5,0.0,1017.9
2025-07-26 04:00:00+00:00,15.1,94,14.2,38,37,2,0,0.0,0.0,0.0,0.0,7.6,12.6,0.0,1017.7
2025-07-26 05:00:00+00:00,15.6,94,14.7,69,69,2,0,6.0,2.0,38.2,4.0,7.6,13.3,0.0,1017.8
2025-07-26 06:00:00+00:00,16.8,91,15.4,72,72,1,0,64.0,26.0,175.2,38.0,8.0,15.8,0.0,1017.5
2025-07-26 07:00:00+00:00,17.7,84,15.0,79,79,2,0,136.0,55.0,181.8,81.0,11.3,22.7,0.0,1017.8
2025-07-26 08:00:00+00:00,18.5,77,14.4,98,98,2,3,227.0,81.0,178.5,146.0,11.9,24.1,0.0,1017.7
2025-07-26 09:00:00+00:00,19.2,75,14.6,100,100,0,12,206.0,23.0,38.9,183.0,12.2,23.4,0.1,1017.6
2025-07-26 10:00:00+00:00,20.2,73,15.2,100,100,5,0,254.0,40.0,56.6,214.0,10.3,25.2,0.1,1017.6
2025-07-26 11:00:00+00:00,20.9,70,15.3,100,100,17,1,242.0,22.0,27.8,220.0,12.8,26.3,0.1,1017.5
2025-07-26 12:00:00+00:00,21.3,70,15.6,95,87,65,50,227.0,12.0,14.3,215.0,12.9,26.3,0.1,1017.5
2025-07-26 13:00:00+00:00,21.7,67,15.3,73,54,57,26,217.0,3.0,3.5,214.0,12.2,28.1,0.1,1017.4
2025-07-26 14:00:00+00:00,22.2,64,15.1,45,13,42,4,369.0,114.0,139.8,255.0,13.6,31.0,0.1,1017.2
2025-07-26 15:00:00+00:00,23.0,56,13.8,43,11,43,0,377.0,197.0,264.2,180.0,13.4,28.8,0.0,1017.1
2025-07-26 16:00:00+00:00,23.4,51,12.7,23,7,22,0,423.0,283.0,440.6,140.0,12.7,29.5,0.0,1016.5
2025-07-26 17:00:00+00:00,23.7,47,11.7,20,7,19,0,440.0,353.0,688.4,87.0,14.2,30.6,0.0,1016.5
2025-07-26 18:00:00+00:00,22.9,48,11.4,26,18,19,0,277.0,209.0,571.5,68.0,14.9,27.0,0.0,1016.5
2025-07-26 19:00:00+00:00,21.5,52,11.4,14,6,14,0,114.0,65.0,307.9,49.0,13.9,25.6,0.0,1016.8
2025-07-26 20:00:00+00:00,19.7,58,11.2,12,10,10,0,29.0,15.0,185.9,14.0,13.6,24.5,0.0,1017.3
2025-07-26 21:00:00+00:00,18.1,64,11.3,96,13,6,95,0.0,0.0,0.0,0.0,13.1,23.0,0.0,1017.7
2025-07-26 22:00:00+00:00,17.1,66,10.7,100,31,7,100,0.0,0.0,0.0,0.0,12.2,22.3,0.0,1017.8
2025-07-26 23:00:00+00:00,16.9,67,10.8,100,36,11,100,0.0,0.0,0.0,0.0,13.2,23.8,0.0,1017.9
2025-07-27 00:00:00+00:00,16.9,68,11.0,100,18,9,100,0.0,0.0,0.0,0.0,14.5,25.9,0.0,1017.7
2025-07-27 01:00:00+00:00,16.6,69,10.9,100,7,39,100,0.0,0.0,0.0,0.0,14.2,25.2,0.0,1017.7
2025-07-27 02:00:00+00:00,16.2,69,10.5,100,12,91,98,0.0,0.0,0.0,0.0,13.4,21.6,0.0,1017.8
2025-07-27 03:00:00+00:00,15.8,70,10.2,100,7,100,94,0.0,0.0,0.0,0.0,12.8,20.5,0.0,1017.6
2025-07-27 04:00:00+00:00,15.3,71,10.1,100,3,100,80,0.0,0.0,0.0,0.0,11.8,19.8,0.0,1017.5
2025-07-27 05:00:00+00:00,15.1,73,10.3,100,1,100,33,4.0,0.0,0.0,4.0,11.3,20.5,0.0,1017.6
2025-07-27 06:00:00+00:00,15.3,75,10.9,98,0,98,6,33.0,2.0,13.7,31.0,10.9,20.2,0.0,1017.8
2025-07-27 07:00:00+00:00,16.0,75,11.5,92,0,92,0,135.0,24.0,80.0,111.0,12.0,23.8,0.0,1018.1
2025-07-27 08:00:00+00:00,17.2,71,11.9,94,0,94,0,261.0,98.0,217.2,163.0,12.7,27.4,0.0,1018.2
2025-07-27 09:00:00+00:00,18.3,66,12.0,80,6,79,0,340.0,120.0,203.7,220.0,12.4,28.4,0.0,1018.0
2025-07-27 10:00:00+00:00,20.0,57,11.2,91,11,90,2,504.0,195.0,276.8,309.0,9.8,29.9,0.1,1018.2
2025-07-27 11:00:00+00:00,20.2,55,10.8,100,17,100,0,381.0,108.0,136.9,273.0,8.1,28.1,0.1,1018.3
2025-07-27 12:00:00+00:00,20.1,55,10.8,100,12,99,0,328.0,57.0,68.1,271.0,8.6,27.4,0.1,1018.3
2025-07-27 13:00:00+00:00,20.4,53,10.6,96,3,96,0,325.0,24.0,28.4,301.0,9.4,28.1,0.0,1018.2
2025-07-27 14:00:00+00:00,20.7,50,10.0,94,5,94,0,324.0,53.0,65.2,271.0,10.7,28.1,0.0,1017.8
2025-07-27 15:00:00+00:00,20.8,50,10.0,99,16,99,0,286.0,58.0,78.0,228.0,11.1,27.0,0.0,1017.8
2025-07-27 16:00:00+00:00,20.4,51,9.9,98,13,98,0,215.0,57.0,89.1,158.0,11.7,25.9,0.0,1017.8
2025-07-27 17:00:00+00:00,19.7,54,10.1,100,10,100,0,116.0,8.0,15.7,108.0,11.7,24.1,0.0,1017.7
2025-07-27 18:00:00+00:00,19.3,56,10.3,100,11,100,0,90.0,19.0,52.4,71.0,9.7,21.6,0.0,1018.1
2025-07-27 19:00:00+00:00,18.8,59,10.6,96,13,96,0,26.0,2.0,9.6,24.0,8.9,15.8,0.1,1018.5
2025-07-27 20:00:00+00:00,18.0,64,11.2,93,17,93,0,9.0,0.0,0.0,9.0,8.7,14.8,0.0,1019.0
2025-07-27 21:00:00+00:00,17.2,70,11.6,91,27,90,0,0.0,0.0,0.0,0.0,8.2,13.7,0.0,1019.4
2025-07-27 22:00:00+00:00,16.5,70,11.0,81,13,80,0,0.0,0.0,0.0,0.0,9.3,13.3,0.0,1019.7
2025-07-27 23:00:00+00:00,16.0,73,11.2,61,13,60,0,0.0,0.0,0.0,0.0,9.8,13.7,0.0,1019.9
2025-07-28 00:00:00+00:00,15.2,77,11.3,9,0,9,0,0.0,0.0,0.0,0.0,10.1,13.0,0.0,1020.1
2025-07-28 01:00:00+00:00,14.2,81,11.1,9,0,9,0,0.0,0.0,0.0,0.0,9.8,13.7,0.0,1019.9
2025-07-28 02:00:00+00:00,13.4,86,11.1,6,0,6,0,0.0,0.0,0.0,0.0,10.2,15.5,0.0,1019.9
2025-07-28 03:00:00+00:00,12.7,87,10.6,11,1,11,0,0.0,0.0,0.0,0.0,10.4,16.2,0.0,1020.4
2025-07-28 04:00:00+00:00,12.5,88,10.6,13,3,12,0,0.0,0.0,0.0,0.0,9.7,16.2,0.0,1020.5
2025-07-28 05:00:00+00:00,12.5,88,10.5,11,1,11,0,7.0,2.0,38.2,5.0,9.4,15.5,0.0,1020.7
2025-07-28 06:00:00+00:00,13.7,85,11.2,18,1,17,0,77.0,41.0,287.8,36.0,9.1,16.6,0.0,1021.1
2025-07-28 07:00:00+00:00,15.3,80,11.8,22,0,20,2,213.0,147.0,494.8,66.0,8.2,18.0,0.0,1021.4
2025-07-28 08:00:00+00:00,17.4,72,12.2,49,0,25,32,344.0,260.0,579.6,84.0,8.0,19.1,0.0,1021.6
2025-07-28 09:00:00+00:00,19.1,64,12.1,56,0,31,35,490.0,390.0,664.7,100.0,8.2,22.0,0.0,1021.6
2025-07-28 10:00:00+00:00,20.5,54,10.9,58,13,33,31,543.0,390.0,555.5,153.0,8.1,23.4,0.0,1021.5
2025-07-28 11:00:00+00:00,21.3,51,10.8,67,54,37,3,477.0,300.0,381.3,177.0,8.0,23.0,0.1,1021.2
2025-07-28 12:00:00+00:00,22.2,48,10.6,80,75,40,1,463.0,283.0,339.0,180.0,9.0,24.8,0.0,1021.1
2025-07-28 13:00:00+00:00,22.1,50,11.3,93,89,74,24,388.0,178.0,211.1,210.0,10.3,25.6,0.1,1021.0
2025-07-28 14:00:00+00:00,22.2,51,11.5,100,97,78,89,368.0,217.0,267.5,151.0,12.1,27.0,0.1,1020.6
2025-07-28 15:00:00+00:00,22.8,50,11.8,95,74,72,61,393.0,221.0,298.2,172.0,12.4,28.8,0.1,1020.5
2025-07-28 16:00:00+00:00,22.8,51,12.2,88,16,66,80,334.0,196.0,307.5,138.0,12.1,27.0,0.1,1020.4
2025-07-28 17:00:00+00:00,23.1,50,12.0,60,19,56,6,301.0,161.0,317.2,140.0,12.1,24.8,0.0,1020.1
2025-07-28 18:00:00+00:00,22.7,51,12.1,78,55,72,0,187.0,96.0,266.7,91.0,12.2,20.9,0.0,1020.0
2025-07-28 19:00:00+00:00,21.8,55,12.3,59,22,58,0,82.0,38.0,185.3,44.0,11.6,20.5,0.0,1020.3
2025-07-28 20:00:00+00:00,20.0,62,12.6,36,2,35,0,19.0,7.0,90.1,12.0,12.2,23.0,0.0,1020.9
2025-07-28 21:00:00+00:00,18.8,69,13.0,32,3,32,0,0.0,0.0,0.0,0.0,12.6,22.3,0.0,1021.1
2025-07-28 22:00:00+00:00,16.9,79,13.3,28,5,27,0,0.0,0.0,0.0,0.0,13.9,20.9,0.0,1021.1
2025-07-28 23:00:00+00:00,16.3,83,13.4,17,7,15,0,0.0,0.0,0.0,0.0,12.9,20.9,0.0,1021.0
2025-07-29 00:00:00+00:00,15.6,85,13.2,20,9,18,0,0.0,0.0,0.0,0.0,11.3,19.8,0.0,1021.0
2025-07-29 01:00:00+00:00,14.6,88,12.7,17,11,11,0,0.0,0.0,0.0,0.0,10.4,17.3,0.0,1020.8
2025-07-29 02:00:00+00:00,13.8,89,12.1,21,15,4,3,0.0,0.0,0.0,0.0,9.3,14.8,0.0,1020.8
2025-07-29 03:00:00+00:00,13.5,90,11.9,28,16,15,2,0.0,0.0,0.0,0.0,7.9,12.2,0.0,1020.5
2025-07-29 04:00:00+00:00,13.3,90,11.7,53,44,15,0,0.0,0.0,0.0,0.0,7.5,11.2,0.0,1020.4
2025-07-29 05:00:00+00:00,13.6,89,11.9,73,61,36,0,5.0,1.0,19.1,4.0,8.0,11.2,0.0,1020.4
2025-07-29 06:00:00+00:00,14.4,87,12.3,73,48,48,10,69.0,21.0,150.7,48.0,7.8,17.6,0.1,1020.5
2025-07-29 07:00:00+00:00,15.0,88,13.0,91,13,80,59,135.0,70.0,237.9,65.0,4.5,13.0,0.7,1020.4
2025-07-29 08:00:00+00:00,15.8,86,13.4,93,3,84,57,182.0,48.0,107.6,134.0,4.1,15.5,0.5,1020.3
2025-07-29 09:00:00+00:00,16.1,85,13.6,95,42,85,68,199.0,79.0,135.2,120.0,5.7,13.3,0.7,1020.0
2025-07-29 10:00:00+00:00,17.3,82,14.3,98,94,89,10,225.0,65.0,92.9,160.0,9.4,20.5,0.4,1019.9
2025-07-29 11:00:00+00:00,18.1,78,14.3,96,92,60,0,327.0,126.0,160.6,201.0,14.6,27.4,0.0,1019.5
2025-07-29 12:00:00+00:00,19.0,76,14.6,100,100,51,0,371.0,172.0,206.6,199.0,16.8,29.9,0.0,1019.3
2025-07-29 13:00:00+00:00,19.1,79,15.4,100,100,47,34,245.0,43.0,51.1,202.0,16.0,27.7,0.0,1019.0
2025-07-29 14:00:00+00:00,19.8,78,15.8,92,90,45,25,223.0,26.0,32.1,197.0,13.0,24.8,0.2,1018.4
2025-07-29 15:00:00+00:00,20.4,74,15.7,81,78,49,1,308.0,166.0,224.7,142.0,10.7,21.6,0.3,1018.1
2025-07-29 16:00:00+00:00,20.8,73,15.9,71,59,52,0,258.0,105.0,165.4,153.0,9.5,20.9,0.1,1017.9
2025-07-29 17:00:00+00:00,21.2,72,16.0,53,38,45,0,269.0,151.0,299.2,118.0,11.1,22.7,0.0,1017.5
2025-07-29 18:00:00+00:00,20.4,77,16.1,50,26,42,0,144.0,57.0,159.7,87.0,10.6,19.1,0.1,1017.6
2025-07-29 19:00:00+00:00,19.6,79,15.8,43,35,33,0,88.0,47.0,232.9,41.0,9.3,15.1,0.1,1017.8
2025-07-29 20:00:00+00:00,18.7,83,15.8,41,39,24,0,18.0,5.0,65.7,13.0,7.9,13.0,0.1,1018.2
2025-07-29 21:00:00+00:00,18.0,87,15.8,52,51,25,0,0.0,0.0,0.0,0.0,7.2,14.0,0.1,1018.5
2025-07-29 22:00:00+00:00,17.9,90,16.1,74,69,31,0,0.0,0.0,0.0,0.0,9.8,15.1,0.1,1018.6
2025-07-29 23:00:00+00:00,17.6,91,16.0,87,86,34,0,0.0,0.0,0.0,0.0,10.1,16.2,0.0,1018.6
2025-07-30 00:00:00+00:00,17.5,90,15.8,86,84,23,0,0.0,0.0,0.0,0.0,10.3,16.9,0.0,1018.8
2025-07-30 01:00:00+00:00,17.2,91,15.7,68,64,15,1,0.0,0.0,0.0,0.0,10.5,17.3,0.0,1018.8
2025-07-30 02:00:00+00:00,16.9,92,15.5,36,26,11,8,0.0,0.0,0.0,0.0,10.6,17.6,0.0,1018.6
2025-07-30 03:00:00+00:00,16.6,92,15.3,23,19,11,3,0.0,0.0,0.0,0.0,11.3,18.4,0.0,1018.5
2025-07-30 04:00:00+00:00,16.4,92,15.1,33,24,6,10,0.0,0.0,0.0,0.0,12.2,20.2,0.0,1018.9
2025-07-30 05:00:00+00:00,16.3,92,15.0,31,23,5,12,4.0,1.0,19.1,3.0,12.3,21.6,0.0,1019.1
2025-07-30 06:00:00+00:00,16.7,90,15.1,23,22,3,0,63.0,29.0,212.9,34.0,11.9,24.1,0.0,1019.5
2025-07-30 07:00:00+00:00,17.6,85,15.0,50,50,4,0,178.0,105.0,360.5,73.0,15.0,29.2,0.0,1019.6
2025-07-30 08:00:00+00:00,19.0,77,14.9,70,70,9,0,325.0,223.0,503.1,102.0,14.6,30.2,0.0,1019.8
2025-07-30 09:00:00+00:00,20.2,69,14.3,63,61,2,3,443.0,307.0,527.7,136.0,14.4,30.6,0.1,1019.8
2025-07-30 10:00:00+00:00,21.6,63,14.1,76,76,2,0,489.0,309.0,443.1,180.0,13.0,31.0,0.1,1019.8
2025-07-30 11:00:00+00:00,22.1,60,14.0,87,86,15,0,431.0,219.0,280.0,212.0,14.4,32.4,0.1,1019.6
2025-07-30 12:00:00+00:00,22.7,58,14.1,52,52,8,1,399.0,101.0,121.6,298.0,14.0,32.4,0.0,1019.6
2025-07-30 13:00:00+00:00,23.7,54,13.8,49,39,9,20,470.0,200.0,238.5,270.0,14.0,32.0,0.0,1019.3
2025-07-30 14:00:00+00:00,24.0,51,13.3,43,35,23,12,496.0,241.0,298.8,255.0,13.9,32.0,0.0,1019.1
2025-07-30 15:00:00+00:00,24.3,50,13.3,55,47,34,17,308.0,72.0,97.8,236.0,13.9,30.2,0.0,1018.8
2025-07-30 16:00:00+00:00,24.5,50,13.5,83,78,29,22,332.0,150.0,237.3,182.0,14.4,31.3,0.0,1018.7
2025-07-30 17:00:00+00:00,24.3,52,13.9,98,95,49,21,290.0,140.0,279.0,150.0,15.0,31.7,0.0,1018.6
2025-07-30 18:00:00+00:00,23.6,56,14.3,72,71,17,5,134.0,33.0,93.2,101.0,14.4,27.0,0.0,1018.7
2025-07-30 19:00:00+00:00,22.4,61,14.6,24,23,4,2,90.0,41.0,206.6,49.0,12.9,23.4,0.0,1018.8
2025-07-30 20:00:00+00:00,20.9,66,14.4,10,9,2,1,20.0,9.0,120.8,11.0,13.2,24.1,0.0,1019.1
2025-07-30 21:00:00+00:00,19.4,72,14.2,3,0,3,0,0.0,0.0,0.0,0.0,15.0,26.3,0.0,1019.3
2025-07-30 22:00:00+00:00,17.8,81,14.5,10,0,10,0,0.0,0.0,0.0,0.0,14.7,26.6,0.0,1019.4
2025-07-30 23:00:00+00:00,17.1,84,14.3,29,0,29,0,0.0,0.0,0.0,0.0,14.0,24.5,0.0,1019.2
2025-07-31 00:00:00+00:00,16.5,87,14.2,28,1,23,9,0.0,0.0,0.0,0.0,12.3,21.2,0.0,1019.0
2025-07-31 01:00:00+00:00,16.0,89,14.2,40,5,33,10,0.0,0.0,0.0,0.0,11.4,18.7,0.0,1018.8
2025-07-31 02:00:00+00:00,15.7,91,14.3,83,12,28,76,0.0,0.0,0.0,0.0,10.9,15.8,0.0,1018.6
2025-07-31 03:00:00+00:00,15.6,94,14.6,100,20,30,100,0.0,0.0,0.0,0.0,9.2,13.3,0.0,1018.3
2025-07-31 04:00:00+00:00,16.0,94,15.1,100,40,41,100,0.0,0.0,0.0,0.0,7.9,13.0,0.0,1018.0
2025-07-31 05:00:00+00:00,16.7,94,15.8,99,73,79,97,3.0,0.0,0.0,3.0,9.0,13.7,0.0,1017.7
2025-07-31 06:00:00+00:00,17.3,94,16.4,100,100,53,95,44.0,8.0,60.1,36.0,10.9,16.6,0.0,1017.6
2025-07-31 07:00:00+00:00,18.3,92,17.0,100,100,28,92,85.0,11.0,38.2,74.0,14.3,27.7,0.0,1017.4
2025-07-31 08:00:00+00:00,19.1,91,17.6,99,78,47,95,104.0,7.0,15.9,97.0,14.7,27.4,0.2,1017.4
2025-07-31 09:00:00+00:00,19.7,89,17.8,100,100,33,92,170.0,22.0,38.0,148.0,13.9,25.9,0.2,1017.3
2025-07-31 10:00:00+00:00,21.4,78,17.4,95,93,39,57,214.0,22.0,31.7,192.0,12.3,25.2,0.2,1017.1
2025-07-31 11:00:00+00:00,21.5,77,17.3,87,79,28,30,201.0,25.0,32.1,176.0,12.0,24.5,1.7,1016.5
2025-07-31 12:00:00+00:00,21.0,80,17.4,75,72,18,5,339.0,75.0,90.6,264.0,11.7,27.4,1.9,1016.2
2025-07-31 13:00:00+00:00,22.0,78,18.0,69,55,57,11,327.0,113.0,135.1,214.0,12.6,25.9,0.2,1016.2
2025-07-31 14:00:00+00:00,21.9,77,17.6,75,34,59,27,385.0,161.0,200.2,224.0,14.1,27.0,1.0,1015.5
2025-07-31 15:00:00+00:00,20.7,82,17.5,75,40,52,40,302.0,115.0,156.8,187.0,14.6,32.0,3.4,1015.4
2025-07-31 16:00:00+00:00,21.2,79,17.4,93,68,47,81,234.0,43.0,68.3,191.0,14.6,27.4,0.3,1015.9
2025-07-31 17:00:00+00:00,22.1,77,17.8,86,71,14,50,285.0,179.0,358.8,106.0,10.1,28.4,0.1,1015.5
2025-07-31 18:00:00+00:00,21.8,78,17.8,42,24,16,13,250.0,156.0,444.8,94.0,6.6,25.9,0.1,1015.4
2025-07-31 19:00:00+00:00,20.3,83,17.2,54,34,26,15,92.0,43.0,220.4,49.0,9.0,18.4,0.5,1015.6
2025-07-31 20:00:00+00:00,19.1,85,16.5,51,33,39,2,13.0,6.0,82.4,7.0,9.9,17.6,0.0,1016.1
2025-07-31 21:00:00+00:00,18.6,82,15.5,36,27,21,0,0.0,0.0,0.0,0.0,11.7,21.6,0.0,1016.2
2025-07-31 22:00:00+00:00,17.5,83,14.6,30,27,14,0,0.0,0.0,0.0,0.0,14.6,29.5,0.0,1016.5
2025-07-31 23:00:00+00:00,16.6,77,12.6,18,16,6,0,0.0,0.0,0.0,0.0,16.9,31.3,0.0,1016.7
2025-08-01 00:00:00+00:00,15.5,76,11.4,2,1,2,0,0.0,0.0,0.0,0.0,16.6,31.3,0.0,1016.9
2025-08-01 01:00:00+00:00,14.4,78,10.6,2,1,1,0,0.0,0.0,0.0,0.0,16.6,31.0,0.0,1016.9
2025-08-01 02:00:00+00:00,13.5,80,10.0,0,0,0,0,0.0,0.0,0.0,0.0,16.1,29.5,0.0,1016.9
2025-08-01 03:00:00+00:00,12.9,80,9.5,0,0,0,0,0.0,0.0,0.0,0.0,16.8,29.2,0.0,1017.0
2025-08-01 04:00:00+00:00,12.4,81,9.2,0,0,0,0,0.0,0.0,0.0,0.0,16.3,29.2,0.0,1017.1
2025-08-01 05:00:00+00:00,12.1,81,9.0,1,1,0,0,4.0,1.0,19.1,3.0,15.2,29.5,0.0,1017.1
2025-08-01 06:00:00+00:00,12.7,79,9.2,5,5,0,0,79.0,45.0,346.7,34.0,15.7,29.5,0.0,1017.2
2025-08-01 07:00:00+00:00,14.1,74,9.5,12,12,0,0,220.0,153.0,536.3,67.0,18.4,35.6,0.0,1017.4
2025-08-01 08:00:00+00:00,15.4,70,10.0,31,31,0,0,355.0,260.0,594.1,95.0,19.3,38.2,0.0,1017.4
2025-08-01 09:00:00+00:00,16.7,68,10.8,77,77,0,0,440.0,280.0,485.7,160.0,18.6,38.9,0.0,1017.1
2025-08-01 10:00:00+00:00,17.9,62,10.4,86,86,0,0,393.0,186.0,268.6,207.0,16.9,35.6,0.1,1017.1
2025-08-01 11:00:00+00:00,18.6,60,10.8,89,89,1,0,435.0,186.0,239.3,249.0,15.8,34.9,0.1,1017.0
2025-08-01 12:00:00+00:00,19.2,58,10.7,100,100,16,5,378.0,75.0,90.8,303.0,15.0,34.2,0.0,1016.7
2025-08-01 13:00:00+00:00,20.3,54,10.7,99,99,94,0,596.0,354.0,424.5,242.0,15.7,37.1,0.1,1016.6
2025-08-01 14:00:00+00:00,20.4,53,10.5,90,79,88,0,526.0,300.0,374.2,226.0,16.0,37.8,0.1,1016.4
2025-08-01 15:00:00+00:00,20.4,53,10.4,79,58,79,0,348.0,127.0,173.8,221.0,16.1,35.3,0.0,1016.3
2025-08-01 16:00:00+00:00,20.5,51,10.1,80,30,80,0,336.0,203.0,324.0,133.0,17.2,35.3,0.0,1016.4
2025-08-01 17:00:00+00:00,20.0,53,10.2,72,44,71,0,246.0,106.0,213.8,140.0,17.0,33.8,0.0,1016.4
2025-08-01 18:00:00+00:00,19.3,57,10.6,64,37,58,0,150.0,68.0,195.7,82.0,16.7,31.0,0.0,1016.6
2025-08-01 19:00:00+00:00,18.1,61,10.5,54,27,53,0,97.0,49.0,255.8,48.0,16.9,31.7,0.0,1017.1
2025-08-01 20:00:00+00:00,16.8,67,10.5,44,26,40,0,19.0,8.0,112.5,11.0,15.2,28.1,0.0,1017.8
2025-08-01 21:00:00+00:00,15.8,70,10.4,41,20,39,0,0.0,0.0,0.0,0.0,13.0,24.1,0.0,1018.4
2025-08-01 22:00:00+00:00,14.8,73,10.1,97,50,96,0,0.0,0.0,0.0,0.0,12.1,21.6,0.0,1018.9
2025-08-01 23:00:00+00:00,14.2,74,9.7,53,6,53,0,0.0,0.0,0.0,0.0,13.5,21.2,0.0,1019.0
2025-08-02 00:00:00+00:00,13.7,74,9.2,30,10,28,0,0.0,0.0,0.0,0.0,13.8,21.2,0.0,1018.9
2025-08-02 01:00:00+00:00,12.9,77,8.9,9,5,9,0,0.0,0.0,0.0,0.0,13.5,21.2,0.0,1019.1
2025-08-02 02:00:00+00:00,11.9,80,8.7,25,24,11,0,0.0,0.0,0.0,0.0,12.7,20.9,0.0,1019.1
2025-08-02 03:00:00+00:00,11.4,82,8.5,33,31,12,0,0.0,0.0,0.0,0.0,12.3,20.9,0.0,1019.0
2025-08-02 04:00:00+00:00,10.9,84,8.4,28,25,15,0,0.0,0.0,0.0,0.0,11.6,20.5,0.0,1019.2
2025-08-02 05:00:00+00:00,10.7,85,8.3,15,5,14,0,3.0,1.0,19.1,2.0,11.2,19.8,0.0,1019.0
2025-08-02 06:00:00+00:00,12.1,84,9.4,16,5,14,0,80.0,46.0,363.6,34.0,11.7,21.6,0.0,1019.5
2025-08-02 07:00:00+00:00,13.9,79,10.3,16,9,15,0,197.0,129.0,457.1,68.0,11.8,23.8,0.0,1019.5
2025-08-02 08:00:00+00:00,15.9,74,11.2,13,11,12,0,345.0,261.0,600.3,84.0,11.1,24.5,0.0,1019.8
2025-08-02 09:00:00+00:00,17.6,66,11.2,28,22,15,0,499.0,388.0,676.1,111.0,11.0,24.8,0.0,1019.6
2025-08-02 10:00:00+00:00,18.9,59,10.7,59,58,25,0,578.0,435.0,630.6,143.0,9.9,25.6,0.1,1019.7
2025-08-02 11:00:00+00:00,19.8,53,10.0,72,70,24,0,579.0,346.0,446.5,233.0,9.6,25.6,0.0,1019.6
2025-08-02 12:00:00+00:00,20.3,49,9.2,97,97,65,0,587.0,265.0,321.9,322.0,9.5,25.9,0.0,1019.5
2025-08-02 13:00:00+00:00,20.7,46,8.8,94,94,93,0,501.0,186.0,223.7,315.0,10.2,26.6,0.0,1019.7
2025-08-02 14:00:00+00:00,21.3,44,8.4,95,66,95,0,396.0,67.0,83.9,329.0,10.8,27.4,0.0,1019.3
2025-08-02 15:00:00+00:00,22.1,41,8.1,89,33,89,0,441.0,142.0,195.0,299.0,11.3,28.4,0.0,1019.3
2025-08-02 16:00:00+00:00,21.9,41,8.1,90,0,90,0,343.0,77.0,123.5,266.0,12.0,28.4,0.0,1019.0
2025-08-02 17:00:00+00:00,21.8,43,8.6,82,7,82,0,227.0,47.0,95.4,180.0,11.8,26.3,0.0,1018.7
2025-08-02 18:00:00+00:00,21.3,46,9.1,13,3,12,0,124.0,6.0,17.4,118.0,8.9,21.6,0.0,1018.4
2025-08-02 19:00:00+00:00,20.3,49,9.2,2,2,1,0,121.0,67.0,356.6,54.0,8.1,15.5,0.0,1018.5
2025-08-02 20:00:00+00:00,18.8,58,10.2,0,0,0,0,21.0,10.0,144.3,11.0,11.2,20.9,0.0,1019.1
2025-08-02 21:00:00+00:00,16.7,68,10.9,0,0,0,0,0.0,0.0,0.0,0.0,13.9,24.5,0.0,1019.5
2025-08-02 22:00:00+00:00,14.8,79,11.1,29,0,0,29,0.0,0.0,0.0,0.0,12.9,22.0,0.0,1019.6
2025-08-02 23:00:00+00:00,13.8,84,11.1,58,0,0,58,0.0,0.0,0.0,0.0,12.5,20.2,0.0,1020.0
2025-08-03 00:00:00+00:00,13.4,87,11.2,80,1,0,80,0.0,0.0,0.0,0.0,11.9,18.7,0.0,1020.2
2025-08-03 01:00:00+00:00,12.9,89,11.1,81,3,0,80,0.0,0.0,0.0,0.0,10.9,17.6,0.0,1020.2
2025-08-03 02:00:00+00:00,12.4,90,10.8,95,2,0,95,0.0,0.0,0.0,0.0,9.6,17.3,0.0,1019.9
2025-08-03 03:00:00+00:00,12.2,92,11.0,96,7,1,96,0.0,0.0,0.0,0.0,8.8,16.9,0.0,1019.9
2025-08-03 04:00:00+00:00,12.4,91,11.1,100,18,5,100,0.0,0.0,0.0,0.0,8.9,17.3,0.0,1019.7
2025-08-03 05:00:00+00:00,12.7,92,11.4,100,21,3,100,3.0,0.0,0.0,3.0,9.6,15.8,0.0,1019.5
2025-08-03 06:00:00+00:00,14.2,88,12.3,100,38,0,100,58.0,11.0,89.3,47.0,12.6,19.1,0.0,1019.6
2025-08-03 07:00:00+00:00,15.7,85,13.2,100,73,5,97,127.0,33.0,118.2,94.0,13.5,26.3,0.0,1019.6
2025-08-03 08:00:00+00:00,17.2,83,14.2,100,100,22,71,210.0,57.0,132.0,153.0,15.4,31.0,0.0,1019.3
2025-08-03 09:00:00+00:00,18.7,81,15.4,100,100,30,29,277.0,74.0,129.6,203.0,19.8,38.5,0.0,1019.3
2025-08-03 10:00:00+00:00,19.6,81,16.2,100,100,37,2,204.0,3.0,4.4,201.0,18.0,38.2,0.0,1019.2
2025-08-03 11:00:00+00:00,20.7,77,16.5,100,100,29,89,230.0,24.0,31.1,206.0,19.2,41.8,0.0,1019.0
2025-08-03 12:00:00+00:00,21.3,75,16.6,100,100,7,93,131.0,0.0,0.0,131.0,20.1,39.2,0.0,1019.0
2025-08-03 13:00:00+00:00,21.9,74,17.1,100,100,5,55,139.0,0.0,0.0,139.0,21.6,39.2,0.0,1018.8
2025-08-03 14:00:00+00:00,22.2,74,17.4,100,100,6,0,133.0,1.0,1.3,132.0,23.3,40.0,0.0,1018.7
2025-08-03 15:00:00+00:00,22.5,75,17.8,100,100,18,4,96.0,0.0,0.0,96.0,22.6,35.3,0.0,1018.9
2025-08-03 16:00:00+00:00,22.6,73,17.5,100,63,0,100,153.0,8.0,12.9,145.0,20.5,34.9,0.0,1018.7
2025-08-03 17:00:00+00:00,22.9,70,17.1,100,21,0,100,189.0,56.0,114.4,133.0,20.4,36.0,0.0,1018.7
2025-08-03 18:00:00+00:00,22.5,70,16.7,100,3,0,100,176.0,58.0,170.3,118.0,19.3,32.8,0.0,1018.6
2025-08-03 19:00:00+00:00,21.6,72,16.2,100,3,0,100,80.0,10.0,54.3,70.0,16.7,30.2,0.0,1019.1
2025-08-03 20:00:00+00:00,20.5,73,15.5,100,0,0,100,12.0,0.0,0.0,12.0,14.6,26.6,0.0,1019.4
2025-08-03 21:00:00+00:00,19.7,75,15.1,99,0,5,99,0.0,0.0,0.0,0.0,13.9,25.2,0.0,1019.9
2025-08-03 22:00:00+00:00,18.7,78,14.7,100,1,83,100,0.0,0.0,0.0,0.0,12.2,23.0,0.0,1019.9
2025-08-03 23:00:00+00:00,18.0,82,14.8,100,1,29,100,0.0,0.0,0.0,0.0,10.7,20.2,0.0,1020.1
2025-08-04 00:00:00+00:00,17.2,86,14.8,92,0,1,91,0.0,0.0,0.0,0.0,9.2,17.3,0.0,1019.7
2025-08-04 01:00:00+00:00,16.6,89,14.8,85,1,8,84,0.0,0.0,0.0,0.0,8.5,15.5,0.0,1019.4
2025-08-04 02:00:00+00:00,16.1,91,14.7,99,1,5,99,0.0,0.0,0.0,0.0,8.6,15.1,0.0,1019.1
2025-08-04 03:00:00+00:00,15.9,92,14.7,99,2,3,99,0.0,0.0,0.0,0.0,7.3,15.5,0.0,1018.6
2025-08-04 04:00:00+00:00,16.0,93,14.8,94,22,0,93,0.0,0.0,0.0,0.0,9.2,18.0,0.0,1018.3
2025-08-04 05:00:00+00:00,16.0,93,14.9,65,61,0,9,2.0,0.0,0.0,2.0,11.9,23.0,0.0,1017.7
2025-08-04 06:00:00+00:00,17.1,89,15.4,97,97,15,0,42.0,6.0,50.1,36.0,14.5,27.0,0.0,1017.6
2025-08-04 07:00:00+00:00,18.3,88,16.3,100,100,73,5,67.0,12.0,43.5,55.0,21.8,39.6,0.0,1017.2
2025-08-04 08:00:00+00:00,19.4,88,17.3,100,100,14,54,80.0,3.0,7.0,77.0,26.0,46.8,0.1,1016.7
2025-08-04 09:00:00+00:00,20.4,84,17.7,100,99,46,53,201.0,42.0,73.9,159.0,23.9,56.9,0.2,1016.7
2025-08-04 10:00:00+00:00,20.2,89,18.3,96,92,43,4,253.0,57.0,83.3,196.0,30.0,62.3,0.3,1016.2
2025-08-04 11:00:00+00:00,20.0,90,18.3,100,100,38,0,170.0,9.0,11.7,161.0,27.4,61.6,0.1,1015.6
2025-08-04 12:00:00+00:00,20.8,85,18.1,100,100,91,0,351.0,124.0,151.6,227.0,28.8,69.1,0.1,1014.9
2025-08-04 13:00:00+00:00,19.9,89,18.1,99,95,92,33,128.0,10.0,12.1,118.0,28.5,54.0,0.0,1014.4
2025-08-04 14:00:00+00:00,20.4,87,18.2,100,100,93,25,171.0,41.0,51.7,130.0,28.0,60.5,0.0,1014.6
2025-08-04 15:00:00+00:00,20.4,88,18.3,100,100,98,0,80.0,10.0,13.8,70.0,25.3,50.4,0.2,1014.4
2025-08-04 16:00:00+00:00,20.5,87,18.2,100,100,34,0,67.0,20.0,32.4,47.0,23.8,42.8,0.1,1014.3
2025-08-04 17:00:00+00:00,21.1,80,17.6,64,64,1,0,191.0,68.0,139.9,123.0,22.9,40.3,0.1,1014.7
2025-08-04 18:00:00+00:00,21.1,71,15.6,45,45,0,0,230.0,142.0,421.5,88.0,18.8,38.2,0.0,1014.8
2025-08-04 19:00:00+00:00,20.0,66,13.5,32,32,0,0,103.0,54.0,299.4,49.0,17.6,33.8,0.0,1015.7
2025-08-04 20:00:00+00:00,18.2,69,12.5,20,20,0,0,14.0,5.0,76.2,9.0,16.0,29.9,0.0,1016.6
2025-08-04 21:00:00+00:00,16.8,71,11.6,5,5,0,0,0.0,0.0,0.0,0.0,15.7,28.4,0.0,1017.4
2025-08-04 22:00:00+00:00,15.5,75,11.0,11,6,0,5,0.0,0.0,0.0,0.0,13.9,26.3,0.0,1018.0
2025-08-04 23:00:00+00:00,15.2,75,10.7,1,0,0,1,0.0,0.0,0.0,0.0,14.7,24.8,0.0,1018.4
2025-08-05 00:00:00+00:00,15.0,74,10.5,1,0,0,1,0.0,0.0,0.0,0.0,14.8,25.6,0.0,1018.7
2025-08-05 01:00:00+00:00,14.7,74,10.0,0,0,0,0,0.0,0.0,0.0,0.0,15.4,27.0,0.0,1019.1
2025-08-05 02:00:00+00:00,13.7,75,9.3,0,0,0,0,0.0,0.0,0.0,0.0,16.1,28.1,0.0,1019.3
2025-08-05 03:00:00+00:00,12.7,77,8.8,0,0,0,0,0.0,0.0,0.0,0.0,15.8,28.4,0.0,1019.6
2025-08-05 04:00:00+00:00,12.4,79,8.9,0,0,0,0,0.0,0.0,0.0,0.0,15.6,29.2,0.0,1020.2
2025-08-05 05:00:00+00:00,12.3,80,8.9,0,0,0,0,2.0,1.0,19.1,1.0,15.9,29.2,0.0,1020.7
2025-08-05 06:00:00+00:00,13.3,78,9.5,0,0,0,0,75.0,44.0,378.2,31.0,17.1,31.0,0.0,1021.4
2025-08-05 07:00:00+00:00,15.1,73,10.3,7,7,4,0,220.0,161.0,590.3,59.0,18.1,34.2,0.0,1022.1
2025-08-05 08:00:00+00:00,16.7,65,10.2,16,16,0,0,379.0,302.0,709.0,77.0,21.4,42.1,0.0,1022.6
2025-08-05 09:00:00+00:00,18.0,57,9.3,25,25,0,0,514.0,404.0,714.4,110.0,23.3,47.5,0.0,1023.0
2025-08-05 10:00:00+00:00,18.9,51,8.4,67,67,1,0,557.0,368.0,539.7,189.0,23.0,48.6,0.0,1023.6
2025-08-05 11:00:00+00:00,19.6,47,8.1,91,91,3,0,529.0,314.0,409.3,215.0,21.9,49.0,0.0,1023.8
2025-08-05 12:00:00+00:00,20.3,45,8.0,86,85,68,0,528.0,177.0,217.1,351.0,22.2,49.3,0.0,1024.1
2025-08-05 13:00:00+00:00,21.2,42,7.8,76,72,67,0,539.0,156.0,189.4,383.0,22.0,49.0,0.0,1024.4
2025-08-05 14:00:00+00:00,21.7,40,7.5,72,37,70,0,533.0,242.0,306.0,291.0,22.4,47.2,0.0,1024.4
2025-08-05 15:00:00+00:00,21.6,40,7.5,64,39,64,0,434.0,173.0,240.5,261.0,22.6,45.0,0.0,1024.6
2025-08-05 16:00:00+00:00,21.5,41,7.6,43,0,43,0,436.0,184.0,299.5,252.0,22.4,42.5,0.0,1024.9
2025-08-05 17:00:00+00:00,20.7,44,8.1,45,34,12,0,305.0,109.0,225.9,196.0,21.0,37.1,0.0,1025.2
2025-08-05 18:00:00+00:00,20.1,47,8.3,4,1,4,0,234.0,144.0,432.1,90.0,17.4,31.0,0.0,1025.3
2025-08-05 19:00:00+00:00,18.7,51,8.3,22,0,0,22,120.0,72.0,408.1,48.0,12.9,23.4,0.0,1025.5
2025-08-05 20:00:00+00:00,16.7,57,8.1,55,0,0,55,16.0,7.0,110.0,9.0,10.1,17.6,0.0,1026.1
2025-08-05 21:00:00+00:00,15.0,63,7.9,52,0,0,52,0.0,0.0,0.0,0.0,10.3,17.6,0.0,1026.7
2025-08-05 22:00:00+00:00,13.7,71,8.5,75,0,0,75,0.0,0.0,0.0,0.0,10.8,18.0,0.0,1027.0
2025-08-05 23:00:00+00:00,12.8,75,8.4,49,0,0,49,0.0,0.0,0.0,0.0,10.5,16.9,0.0,1027.5
2025-08-06 00:00:00+00:00,12.1,78,8.4,89,0,0,89,0.0,0.0,0.0,0.0,9.8,14.4,0.0,1027.5
2025-08-06 01:00:00+00:00,11.1,82,8.1,94,0,0,94,0.0,0.0,0.0,0.0,7.9,12.2,0.0,1027.0
2025-08-06 02:00:00+00:00,10.3,85,7.9,97,0,0,97,0.0,0.0,0.0,0.0,6.2,11.2,0.0,1026.6
2025-08-06 03:00:00+00:00,9.6,88,7.7,98,0,0,98,0.0,0.0,0.0,0.0,5.6,10.4,0.0,1026.2
2025-08-06 04:00:00+00:00,9.4,89,7.6,99,0,0,99,0.0,0.0,0.0,0.0,6.8,10.4,0.0,1026.0
2025-08-06 05:00:00+00:00,9.3,89,7.6,99,0,1,99,2.0,0.0,0.0,2.0,5.4,9.4,0.0,1026.0
2025-08-06 06:00:00+00:00,10.1,88,8.2,98,0,25,98,52.0,7.0,62.0,45.0,5.4,9.4,0.0,1025.9
2025-08-06 07:00:00+00:00,12.3,86,10.0,48,0,48,0,149.0,25.0,92.8,124.0,2.4,9.0,0.0,1026.0
2025-08-06 08:00:00+00:00,15.6,74,10.9,15,0,15,0,365.0,272.0,643.1,93.0,0.4,9.7,0.0,1025.9
2025-08-06 09:00:00+00:00,18.3,60,10.4,1,1,0,0,534.0,445.0,790.9,89.0,4.4,15.5,0.0,1025.7
2025-08-06 10:00:00+00:00,19.6,52,9.4,0,0,0,0,671.0,575.0,846.6,96.0,5.1,20.2,0.0,1025.2
2025-08-06 11:00:00+00:00,20.3,49,9.4,71,0,0,71,736.0,606.0,792.7,130.0,6.9,22.3,0.0,1024.7
2025-08-06 12:00:00+00:00,20.9,48,9.6,87,3,0,86,739.0,536.0,659.5,203.0,8.0,24.5,0.0,1023.8
2025-08-06 13:00:00+00:00,21.5,46,9.3,100,1,0,100,728.0,479.0,583.6,249.0,10.3,27.7,0.0,1023.4
2025-08-06 14:00:00+00:00,21.3,48,9.8,100,0,0,100,525.0,205.0,260.2,320.0,11.6,27.0,0.0,1022.8
2025-08-06 15:00:00+00:00,21.2,49,10.1,100,0,1,100,551.0,280.0,390.9,271.0,12.2,27.4,0.0,1022.3
2025-08-06 16:00:00+00:00,20.9,50,10.1,98,0,54,98,404.0,113.0,184.9,291.0,12.0,27.4,0.0,1021.6
2025-08-06 17:00:00+00:00,20.0,55,10.8,100,1,91,100,239.0,35.0,73.1,204.0,11.8,28.1,0.0,1021.1
2025-08-06 18:00:00+00:00,19.0,61,11.3,97,5,96,72,138.0,14.0,42.5,124.0,12.7,29.2,0.0,1020.7
2025-08-06 19:00:00+00:00,18.1,64,11.1,99,0,99,36,62.0,4.0,23.2,58.0,12.5,23.4,0.0,1020.4
2025-08-06 20:00:00+00:00,17.4,66,10.9,92,0,92,9,5.0,1.0,16.2,4.0,12.2,22.0,0.0,1020.1
2025-08-06 21:00:00+00:00,16.6,69,10.9,89,0,89,3,0.0,0.0,0.0,0.0,11.4,19.4,0.0,1020.0
2025-08-06 22:00:00+00:00,16.2,72,11.1,79,0,79,0,0.0,0.0,0.0,0.0,10.8,19.1,0.0,1019.5
2025-08-06 23:00:00+00:00,15.6,75,11.2,71,0,71,0,0.0,0.0,0.0,0.0,10.5,19.1,0.0,1019.0
2025-08-07 00:00:00+00:00,14.9,81,11.6,33,0,33,0,0.0,0.0,0.0,0.0,10.8,18.4,0.0,1018.6
2025-08-07 01:00:00+00:00,14.5,84,11.7,27,0,27,0,0.0,0.0,0.0,0.0,11.3,18.7,0.0,1018.1
2025-08-07 02:00:00+00:00,14.6,85,12.0,59,0,59,0,0.0,0.0,0.0,0.0,10.7,21.6,0.0,1017.9
2025-08-07 03:00:00+00:00,14.6,86,12.3,71,0,71,0,0.0,0.0,0.0,0.0,10.0,21.6,0.0,1017.3
2025-08-07 04:00:00+00:00,14.9,86,12.6,64,1,64,0,0.0,0.0,0.0,0.0,11.6,22.3,0.0,1016.8
2025-08-07 05:00:00+00:00,14.8,87,12.7,38,8,28,13,1.0,0.0,0.0,1.0,12.0,23.0,0.0,1016.5
2025-08-07 06:00:00+00:00,15.4,85,12.9,46,19,32,9,60.0,32.0,292.6,28.0,14.8,25.6,0.0,1016.5
2025-08-07 07:00:00+00:00,16.7,79,13.1,60,31,48,8,136.0,77.0,289.2,59.0,21.0,37.8,0.0,1016.5
2025-08-07 08:00:00+00:00,17.9,74,13.3,40,30,23,0,262.0,155.0,369.2,107.0,18.7,37.4,0.0,1016.3
2025-08-07 09:00:00+00:00,18.7,69,13.0,69,51,64,0,370.0,225.0,402.0,145.0,18.6,37.4,0.0,1016.2
2025-08-07 10:00:00+00:00,20.0,65,13.2,93,68,93,3,389.0,215.0,317.9,174.0,17.2,39.6,0.0,1015.8
2025-08-07 11:00:00+00:00,20.4,64,13.3,96,65,96,0,361.0,145.0,190.4,216.0,17.9,41.8,0.0,1015.7
2025-08-07 12:00:00+00:00,19.9,68,13.8,98,47,98,1,184.0,15.0,18.5,169.0,19.3,40.7,0.0,1015.7
2025-08-07 13:00:00+00:00,20.0,69,14.1,85,31,84,10,200.0,33.0,40.3,167.0,20.4,41.0,0.0,1015.4
2025-08-07 14:00:00+00:00,21.0,65,14.2,90,31,86,15,311.0,136.0,173.3,175.0,22.4,45.7,0.0,1015.1
2025-08-07 15:00:00+00:00,20.9,69,15.0,93,81,72,12,197.0,14.0,19.6,183.0,24.1,44.3,0.0,1014.8
2025-08-07 16:00:00+00:00,21.0,72,15.7,100,100,87,11,215.0,56.0,92.2,159.0,25.3,43.6,0.0,1014.8
2025-08-07 17:00:00+00:00,20.3,76,15.9,100,100,85,3,119.0,17.0,35.8,102.0,24.5,43.6,0.0,1014.7
2025-08-07 18:00:00+00:00,19.3,82,16.1,100,100,54,5,59.0,3.0,9.2,56.0,22.9,40.3,0.0,1014.5
2025-08-07 19:00:00+00:00,19.0,87,16.7,100,100,23,16,16.0,0.0,0.0,16.0,22.0,39.2,0.0,1014.7
2025-08-07 20:00:00+00:00,18.8,90,17.2,100,100,6,44,3.0,0.0,0.0,3.0,17.9,32.4,0.0,1014.7
2025-08-07 21:00:00+00:00,18.6,92,17.2,100,100,14,62,0.0,0.0,0.0,0.0,15.6,29.2,0.0,1014.9
2025-08-07 22:00:00+00:00,18.2,89,16.4,99,96,49,94,0.0,0.0,0.0,0.0,13.9,28.4,0.0,1015.3
2025-08-07 23:00:00+00:00,17.5,83,14.5,99,83,44,98,0.0,0.0,0.0,0.0,14.4,29.9,0.0,1015.7
2025-08-08 00:00:00+00:00,16.8,78,13.0,97,44,4,93,0.0,0.0,0.0,0.0,13.8,27.0,0.0,1016.1
2025-08-08 01:00:00+00:00,16.2,77,12.2,88,24,1,87,0.0,0.0,0.0,0.0,12.4,23.8,0.0,1016.4
2025-08-08 02:00:00+00:00,15.7,79,12.2,89,13,0,87,0.0,0.0,0.0,0.0,11.8,22.0,0.0,1016.8
2025-08-08 03:00:00+00:00,14.9,85,12.4,95,23,0,95,0.0,0.0,0.0,0.0,11.7,20.9,0.0,1016.9
2025-08-08 04:00:00+00:00,14.4,88,12.5,98,16,0,98,0.0,0.0,0.0,0.0,11.4,20.5,0.0,1017.3
2025-08-08 05:00:00+00:00,14.2,90,12.6,99,14,0,99,1.0,0.0,0.0,1.0,10.8,19.8,0.0,1017.8
2025-08-08 06:00:00+00:00,14.9,90,13.3,99,6,0,99,52.0,16.0,150.4,36.0,10.9,20.5,0.0,1018.3
2025-08-08 07:00:00+00:00,16.1,87,13.8,99,2,0,99,142.0,35.0,133.1,107.0,11.2,22.3,0.0,1019.0
2025-08-08 08:00:00+00:00,17.7,80,14.3,100,46,0,100,278.0,104.0,249.6,174.0,12.6,26.6,0.0,1019.1
2025-08-08 09:00:00+00:00,19.0,72,13.8,99,29,0,99,409.0,216.0,387.9,193.0,11.3,25.6,0.0,1019.5
2025-08-08 10:00:00+00:00,20.0,64,13.1,97,58,0,96,473.0,208.0,308.8,265.0,9.0,25.9,0.0,1019.7
2025-08-08 11:00:00+00:00,20.7,60,12.7,98,76,0,93,552.0,259.0,341.3,293.0,10.3,26.6,0.0,1020.1
2025-08-08 12:00:00+00:00,21.1,57,12.2,96,76,0,80,492.0,161.0,199.5,331.0,11.1,26.6,0.0,1020.1
2025-08-08 13:00:00+00:00,21.8,54,12.1,62,24,0,51,534.0,235.0,288.3,299.0,11.3,28.4,0.0,1020.0
2025-08-08 14:00:00+00:00,22.6,51,11.9,48,12,0,40,564.0,286.0,365.8,278.0,12.3,29.5,0.0,1020.0
2025-08-08 15:00:00+00:00,23.1,49,12.0,14,0,0,14,676.0,565.0,795.8,111.0,12.8,30.2,0.0,1019.7
2025-08-08 16:00:00+00:00,23.0,49,11.8,0,0,0,0,581.0,486.0,804.3,95.0,12.0,29.2,0.0,1019.5
2025-08-08 17:00:00+00:00,22.7,51,11.9,1,1,0,0,431.0,351.0,744.0,80.0,12.3,27.0,0.0,1019.4
2025-08-08 18:00:00+00:00,21.7,53,11.7,3,2,0,1,267.0,200.0,621.7,67.0,12.1,22.0,0.0,1019.5
2025-08-08 19:00:00+00:00,20.2,58,11.7,21,3,0,19,114.0,73.0,444.6,41.0,8.7,15.5,0.0,1019.7
2025-08-08 20:00:00+00:00,17.4,68,11.5,14,1,0,13,12.0,5.0,86.8,7.0,6.9,11.9,0.0,1020.0
2025-08-08 21:00:00+00:00,15.8,73,10.9,7,2,0,5,0.0,0.0,0.0,0.0,6.5,12.6,0.0,1020.5
2025-08-08 22:00:00+00:00,15.0,73,10.3,67,3,0,66,0.0,0.0,0.0,0.0,7.8,13.3,0.0,1020.5
2025-08-08 23:00:00+00:00,14.3,75,9.9,60,4,0,57,0.0,0.0,0.0,0.0,7.9,12.6,0.0,1020.7
2025-08-09 00:00:00+00:00,13.3,79,9.7,83,2,0,82,0.0,0.0,0.0,0.0,7.3,11.2,0.0,1020.5
2025-08-09 01:00:00+00:00,12.4,84,9.7,84,7,1,84,0.0,0.0,0.0,0.0,6.6,11.2,0.0,1020.3
2025-08-09 02:00:00+00:00,11.9,86,9.6,37,8,0,30,0.0,0.0,0.0,0.0,6.3,11.2,0.0,1020.3
2025-08-09 03:00:00+00:00,11.4,88,9.4,23,21,4,0,0.0,0.0,0.0,0.0,5.8,11.2,0.0,1020.0
2025-08-09 04:00:00+00:00,11.7,87,9.6,25,20,10,0,0.0,0.0,0.0,0.0,5.8,11.5,0.0,1020.2
2025-08-09 05:00:00+00:00,11.6,88,9.6,66,20,55,0,1.0,0.0,0.0,1.0,5.8,11.5,0.0,1020.3
2025-08-09 06:00:00+00:00,13.4,84,10.7,40,11,33,0,53.0,25.0,238.7,28.0,9.1,16.2,0.0,1020.7
2025-08-09 07:00:00+00:00,15.4,78,11.6,34,15,23,0,171.0,103.0,396.8,68.0,10.1,20.2,0.0,1021.3
2025-08-09 08:00:00+00:00,17.4,72,12.4,26,17,13,0,333.0,237.0,573.0,96.0,12.7,27.0,0.0,1021.4
2025-08-09 09:00:00+00:00,19.3,65,12.5,81,81,1,0,480.0,358.0,646.4,122.0,17.1,35.3,0.0,1021.4
2025-08-09 10:00:00+00:00,20.4,58,11.9,99,99,0,0,436.0,194.0,289.3,242.0,15.2,35.6,0.0,1021.5
2025-08-09 11:00:00+00:00,21.2,54,11.5,94,94,0,0,370.0,46.0,60.8,324.0,15.0,36.4,0.0,1021.3
2025-08-09 12:00:00+00:00,22.0,52,11.5,68,68,0,0,442.0,89.0,110.6,353.0,17.3,37.8,0.0,1021.5
2025-08-09 13:00:00+00:00,22.9,48,11.5,67,67,0,0,536.0,247.0,304.1,289.0,18.6,38.9,0.0,1021.7
2025-08-09 14:00:00+00:00,23.4,46,11.2,11,7,4,0,470.0,181.0,232.4,289.0,18.3,39.6,0.0,1021.5
2025-08-09 15:00:00+00:00,24.0,45,11.4,9,0,9,0,665.0,556.0,786.7,109.0,18.0,41.0,0.0,1021.6
2025-08-09 16:00:00+00:00,23.7,47,11.6,5,2,4,0,538.0,426.0,709.1,112.0,18.4,39.6,0.0,1021.9
2025-08-09 17:00:00+00:00,22.9,49,11.7,4,4,0,0,429.0,352.0,752.1,77.0,18.3,37.8,0.0,1022.3
2025-08-09 18:00:00+00:00,21.4,53,11.6,4,4,0,0,266.0,202.0,635.8,64.0,17.0,33.8,0.0,1022.9
2025-08-09 19:00:00+00:00,20.0,57,11.1,0,0,0,0,109.0,69.0,431.4,40.0,16.0,29.2,0.0,1023.6
2025-08-09 20:00:00+00:00,18.2,62,10.8,0,0,0,0,10.0,4.0,72.0,6.0,14.5,26.3,0.0,1024.7
2025-08-09 21:00:00+00:00,16.7,68,10.8,0,0,0,0,0.0,0.0,0.0,0.0,11.9,21.2,0.0,1025.5
2025-08-09 22:00:00+00:00,15.5,77,11.5,0,0,0,0,0.0,0.0,0.0,0.0,10.4,18.0,0.0,1026.0
2025-08-09 23:00:00+00:00,14.5,83,11.6,0,0,0,0,0.0,0.0,0.0,0.0,10.0,16.6,0.0,1026.2
2025-08-10 00:00:00+00:00,13.9,87,11.7,0,0,0,0,0.0,0.0,0.0,0.0,9.4,15.5,0.0,1026.4
2025-08-10 01:00:00+00:00,13.1,89,11.4,0,0,0,0,0.0,0.0,0.0,0.0,8.7,14.0,0.0,1026.5
2025-08-10 02:00:00+00:00,12.5,92,11.3,0,0,0,0,0.0,0.0,0.0,0.0,8.7,12.2,0.0,1026.7
2025-08-10 03:00:00+00:00,11.8,94,10.9,4,4,0,0,0.0,0.0,0.0,0.0,8.2,11.2,0.0,1026.8
2025-08-10 04:00:00+00:00,11.4,95,10.7,8,8,0,0,0.0,0.0,0.0,0.0,6.2,10.8,0.0,1027.1
2025-08-10 05:00:00+00:00,11.0,96,10.4,24,24,0,0,1.0,0.0,0.0,1.0,6.3,10.8,0.0,1027.6
2025-08-10 06:00:00+00:00,12.3,96,11.6,37,37,1,0,58.0,32.0,310.3,26.0,5.8,11.5,0.0,1028.2
2025-08-10 07:00:00+00:00,14.9,93,13.7,56,56,0,0,176.0,103.0,402.0,73.0,5.6,13.7,0.0,1028.6
2025-08-10 08:00:00+00:00,17.7,83,14.8,44,44,0,0,302.0,179.0,436.1,123.0,4.9,14.8,0.0,1028.9
2025-08-10 09:00:00+00:00,19.9,71,14.4,31,31,0,0,480.0,354.0,642.7,126.0,2.4,14.0,0.0,1028.7
2025-08-10 10:00:00+00:00,21.6,61,13.7,2,2,1,0,587.0,457.0,684.4,130.0,1.5,13.3,0.0,1028.7
2025-08-10 11:00:00+00:00,22.6,56,13.3,31,31,0,0,671.0,491.0,651.9,180.0,2.9,15.1,0.0,1028.6
2025-08-10 12:00:00+00:00,23.4,53,13.2,27,27,0,0,632.0,483.0,602.7,149.0,4.0,15.8,0.0,1028.1
2025-08-10 13:00:00+00:00,24.2,49,12.7,21,21,0,0,629.0,388.0,479.5,241.0,5.1,16.6,0.0,1027.7
2025-08-10 14:00:00+00:00,24.6,47,12.6,0,0,0,0,624.0,454.0,585.3,170.0,7.1,17.6,0.0,1027.3
2025-08-10 15:00:00+00:00,25.0,47,13.0,0,0,0,0,682.0,587.0,834.6,95.0,7.7,18.7,0.0,1026.8
2025-08-10 16:00:00+00:00,24.7,49,13.3,0,0,0,0,531.0,418.0,700.0,113.0,8.5,18.7,0.0,1026.6
2025-08-10 17:00:00+00:00,24.3,51,13.5,0,0,0,0,415.0,336.0,723.8,79.0,8.7,18.4,0.0,1026.2
2025-08-10 18:00:00+00:00,23.2,55,13.6,0,0,0,0,253.0,190.0,605.8,63.0,9.0,18.0,0.0,1025.9
2025-08-10 19:00:00+00:00,21.9,57,13.1,0,0,0,0,104.0,66.0,424.0,38.0,7.0,13.0,0.0,1025.8
2025-08-10 20:00:00+00:00,19.2,70,13.7,2,0,0,2,9.0,4.0,74.9,5.0,6.2,10.8,0.0,1025.9
2025-08-10 21:00:00+00:00,17.5,78,13.6,8,0,0,8,0.0,0.0,0.0,0.0,7.8,9.7,0.0,1026.1
2025-08-10 22:00:00+00:00,18.1,71,12.8,19,0,0,19,0.0,0.0,0.0,0.0,4.3,6.1,0.0,1026.3
2025-08-10 23:00:00+00:00,16.7,76,12.4,37,0,0,37,0.0,0.0,0.0,0.0,1.3,5.8,0.0,1026.1
2025-08-11 00:00:00+00:00,14.3,84,11.6,5,0,0,5,0.0,0.0,0.0,0.0,3.6,9.7,0.0,1025.9
2025-08-11 01:00:00+00:00,13.4,85,11.0,0,0,0,0,0.0,0.0,0.0,0.0,6.5,11.5,0.0,1025.7
2025-08-11 02:00:00+00:00,12.9,85,10.5,0,0,0,0,0.0,0.0,0.0,0.0,6.7,11.9,0.0,1025.1
2025-08-11 03:00:00+00:00,12.7,86,10.4,2,0,0,2,0.0,0.0,0.0,0.0,6.6,11.5,0.0,1024.5
2025-08-11 04:00:00+00:00,13.0,85,10.5,5,0,1,4,0.0,0.0,0.0,0.0,7.0,11.9,0.0,1024.2
2025-08-11 05:00:00+00:00,13.3,85,10.8,10,0,0,10,0.0,0.0,0.0,0.0,7.8,14.4,0.0,1023.8
2025-08-11 06:00:00+00:00,14.1,84,11.5,9,0,3,7,57.0,32.0,315.4,25.0,10.2,18.0,0.0,1023.7
2025-08-11 07:00:00+00:00,17.3,77,13.3,1,0,0,1,193.0,137.0,541.9,56.0,9.8,19.8,0.0,1023.6
2025-08-11 08:00:00+00:00,20.2,68,14.1,2,0,0,2,352.0,279.0,685.1,73.0,11.3,23.8,0.0,1023.3
2025-08-11 09:00:00+00:00,22.8,60,14.7,3,0,0,3,508.0,422.0,770.4,86.0,11.4,25.6,0.0,1022.8
2025-08-11 10:00:00+00:00,24.8,53,14.7,15,0,2,12,640.0,545.0,819.9,95.0,8.5,24.5,0.0,1022.7
2025-08-11 11:00:00+00:00,26.2,49,14.6,16,0,0,16,737.0,627.0,835.7,110.0,7.9,25.2,0.0,1022.5
2025-08-11 12:00:00+00:00,26.8,44,13.5,84,0,0,84,793.0,677.0,847.9,116.0,9.2,26.3,0.0,1021.9
2025-08-11 13:00:00+00:00,27.3,41,13.0,99,0,0,99,765.0,583.0,723.3,182.0,10.1,23.0,0.0,1021.2
2025-08-11 14:00:00+00:00,27.5,40,12.6,100,0,1,100,649.0,405.0,524.3,244.0,11.1,25.9,0.0,1020.3
2025-08-11 15:00:00+00:00,26.8,41,12.5,98,0,14,98,427.0,160.0,228.6,267.0,9.9,25.6,0.0,1019.8
2025-08-11 16:00:00+00:00,26.3,43,12.7,100,0,74,99,324.0,100.0,168.5,224.0,7.3,20.5,0.0,1019.6
2025-08-11 17:00:00+00:00,25.4,45,12.7,97,0,82,94,235.0,78.0,169.4,157.0,6.6,13.3,0.0,1018.9
2025-08-11 18:00:00+00:00,24.5,52,13.9,63,0,33,51,142.0,58.0,187.4,84.0,6.7,8.3,0.0,1018.9
2025-08-11 19:00:00+00:00,22.9,60,14.7,52,0,28,34,70.0,31.0,204.9,39.0,8.1,15.5,0.0,1018.0
2025-08-11 20:00:00+00:00,21.4,62,13.8,67,0,18,60,7.0,2.0,38.2,5.0,9.7,18.4,0.0,1017.7
2025-08-11 21:00:00+00:00,21.4,62,13.7,94,0,15,93,0.0,0.0,0.0,0.0,11.0,21.2,0.0,1017.7
2025-08-11 22:00:00+00:00,20.4,66,13.8,73,0,43,54,0.0,0.0,0.0,0.0,15.9,24.1,0.0,1017.0
2025-08-11 23:00:00+00:00,20.3,66,13.7,71,0,27,64,0.0,0.0,0.0,0.0,15.4,23.4,0.0,1016.8
2025-08-12 00:00:00+00:00,19.8,69,13.9,74,0,19,73,0.0,0.0,0.0,0.0,11.5,15.1,0.1,1016.6
2025-08-12 01:00:00+00:00,19.3,72,14.2,74,0,51,55,0.0,0.0,0.0,0.0,7.5,18.4,0.0,1016.6
2025-08-12 02:00:00+00:00,19.3,72,14.0,69,0,65,26,0.0,0.0,0.0,0.0,11.3,27.0,0.0,1016.3
2025-08-12 03:00:00+00:00,18.7,73,13.7,31,0,30,5,0.0,0.0,0.0,0.0,13.1,25.9,0.0,1015.7
2025-08-12 04:00:00+00:00,18.3,73,13.3,20,0,20,0,0.0,0.0,0.0,0.0,14.0,23.0,0.0,1015.0
2025-08-12 05:00:00+00:00,17.6,75,13.0,18,0,10,10,0.0,0.0,0.0,0.0,14.8,22.0,0.0,1014.6
2025-08-12 06:00:00+00:00,18.2,76,13.9,11,0,3,8,50.0,28.0,280.6,22.0,15.6,25.9,0.0,1014.3
2025-08-12 07:00:00+00:00,20.4,72,15.1,19,0,0,19,174.0,120.0,481.1,54.0,15.5,28.8,0.0,1014.1
2025-08-12 08:00:00+00:00,22.8,64,15.8,16,0,1,15,336.0,258.0,638.6,78.0,15.4,29.9,0.0,1013.7
2025-08-12 09:00:00+00:00,25.0,57,16.0,5,0,1,4,488.0,397.0,728.9,91.0,14.5,29.2,0.0,1013.6
2025-08-12 10:00:00+00:00,27.4,48,15.5,14,0,0,14,631.0,530.0,800.9,101.0,9.7,27.0,0.0,1013.5
2025-08-12 11:00:00+00:00,28.9,44,15.4,35,0,0,35,731.0,628.0,840.3,103.0,10.4,26.3,0.0,1013.5
2025-08-12 12:00:00+00:00,29.5,42,15.3,2,0,0,2,777.0,669.0,841.0,108.0,11.9,27.0,0.0,1013.2
2025-08-12 13:00:00+00:00,30.2,40,15.2,0,0,0,0,791.0,683.0,850.6,108.0,12.3,27.7,0.0,1013.1
2025-08-12 14:00:00+00:00,30.4,40,15.5,5,0,0,5,743.0,622.0,808.7,121.0,12.0,27.4,0.0,1012.9
2025-08-12 15:00:00+00:00,30.1,41,15.5,3,0,0,3,666.0,567.0,814.1,99.0,12.8,27.7,0.0,1012.7
2025-08-12 16:00:00+00:00,29.2,44,15.7,0,0,0,0,547.0,457.0,774.9,90.0,14.3,27.7,0.0,1012.8
2025-08-12 17:00:00+00:00,27.7,49,16.1,0,0,0,0,402.0,327.0,716.5,75.0,12.5,27.0,0.0,1012.8
2025-08-12 18:00:00+00:00,25.7,55,16.1,0,0,0,0,243.0,183.0,599.4,60.0,9.8,22.3,0.0,1012.8
2025-08-12 19:00:00+00:00,24.1,60,15.9,0,0,0,0,96.0,60.0,408.6,36.0,9.0,15.5,0.0,1012.8
2025-08-12 20:00:00+00:00,21.4,71,15.9,1,1,0,0,7.0,2.0,38.2,5.0,8.0,13.3,0.0,1013.4
2025-08-12 21:00:00+00:00,19.5,80,16.0,0,0,0,0,0.0,0.0,0.0,0.0,5.6,10.4,0.0,1013.6
2025-08-12 22:00:00+00:00,18.2,85,15.7,1,1,0,0,0.0,0.0,0.0,0.0,4.3,9.4,0.0,1013.6
2025-08-12 23:00:00+00:00,17.8,86,15.4,2,2,0,0,0.0,0.0,0.0,0.0,8.7,13.3,0.0,1014.1
2025-08-13 00:00:00+00:00,17.2,88,15.2,12,12,0,0,0.0,0.0,0.0,0.0,8.7,13.7,0.0,1014.6
2025-08-13 01:00:00+00:00,16.5,91,15.0,14,13,0,2,0.0,0.0,0.0,0.0,6.1,9.0,0.0,1014.3
2025-08-13 02:00:00+00:00,16.1,93,14.9,63,29,0,54,0.0,0.0,0.0,0.0,5.4,9.4,0.0,1013.9
2025-08-13 03:00:00+00:00,16.7,93,15.6,90,33,0,86,0.0,0.0,0.0,0.0,8.1,16.2,0.0,1013.6
2025-08-13 04:00:00+00:00,17.0,93,15.8,100,100,12,99,0.0,0.0,0.0,0.0,9.8,11.9,0.0,1014.2
2025-08-13 05:00:00+00:00,17.2,93,16.0,100,100,0,85,0.0,0.0,0.0,0.0,7.3,9.4,0.0,1013.9
2025-08-13 06:00:00+00:00,17.4,94,16.3,100,100,0,93,33.0,11.0,112.1,22.0,9.2,15.5,0.0,1014.1
2025-08-13 07:00:00+00:00,18.0,91,16.5,100,100,0,95,81.0,14.0,56.9,67.0,11.8,22.0,0.0,1014.6
2025-08-13 08:00:00+00:00,18.7,88,16.7,100,100,0,100,171.0,36.0,89.8,135.0,11.7,23.8,0.0,1014.8
2025-08-13 09:00:00+00:00,19.2,87,17.0,100,98,0,100,258.0,58.0,107.1,200.0,11.0,25.9,0.0,1015.0
2025-08-13 10:00:00+00:00,20.2,80,16.6,100,99,8,100,375.0,84.0,127.5,291.0,11.5,25.6,0.0,1015.2
2025-08-13 11:00:00+00:00,21.4,76,16.9,100,98,0,99,520.0,194.0,260.6,326.0,11.0,27.7,0.0,1014.8
2025-08-13 12:00:00+00:00,21.7,75,17.1,100,86,7,98,609.0,301.0,379.9,308.0,9.0,28.8,0.0,1014.4
2025-08-13 13:00:00+00:00,22.3,73,17.1,99,87,37,92,631.0,288.0,360.1,343.0,16.9,27.7,0.0,1015.0
2025-08-13 14:00:00+00:00,21.8,74,17.0,100,99,25,90,495.0,174.0,227.2,321.0,17.3,33.8,0.0,1015.3
2025-08-13 15:00:00+00:00,20.0,82,16.7,99,82,10,98,311.0,36.0,52.0,275.0,17.2,38.2,0.0,1015.3
2025-08-13 16:00:00+00:00,19.5,83,16.5,100,95,0,100,333.0,102.0,174.1,231.0,17.3,37.1,0.0,1015.1
2025-08-13 17:00:00+00:00,19.4,83,16.3,100,35,0,99,280.0,82.0,181.3,198.0,17.2,34.9,0.0,1014.9
2025-08-13 18:00:00+00:00,18.8,84,16.1,100,32,0,100,176.0,56.0,186.0,120.0,16.0,31.0,0.0,1015.1
2025-08-13 19:00:00+00:00,18.2,86,15.8,79,16,0,75,44.0,3.0,21.1,41.0,13.7,27.7,0.0,1015.0
2025-08-13 20:00:00+00:00,17.6,89,15.8,36,14,0,25,4.0,0.0,0.0,4.0,12.6,23.0,0.0,1015.4
2025-08-13 21:00:00+00:00,17.2,91,15.7,19,19,0,0,0.0,0.0,0.0,0.0,11.3,20.2,0.0,1015.5
2025-08-13 22:00:00+00:00,16.9,90,15.3,21,21,0,0,0.0,0.0,0.0,0.0,10.2,14.4,0.0,1016.4
2025-08-13 23:00:00+00:00,16.5,93,15.3,33,33,0,0,0.0,0.0,0.0,0.0,9.2,12.2,0.0,1016.5
2025-08-14 00:00:00+00:00,16.4,94,15.4,47,47,0,0,0.0,0.0,0.0,0.0,9.4,13.0,0.0,1016.5
2025-08-14 01:00:00+00:00,16.1,96,15.4,65,65,0,1,0.0,0.0,0.0,0.0,10.8,13.7,0.0,1016.4
2025-08-14 02:00:00+00:00,16.1,97,15.5,99,99,0,0,0.0,0.0,0.0,0.0,11.2,14.8,0.0,1016.4
2025-08-14 03:00:00+00:00,16.4,97,15.9,100,100,0,0,0.0,0.0,0.0,0.0,11.0,16.2,0.0,1016.5
2025-08-14 04:00:00+00:00,16.6,96,16.0,100,100,0,0,0.0,0.0,0.0,0.0,11.5,18.0,0.0,1016.7
2025-08-14 05:00:00+00:00,16.5,97,15.9,91,91,0,0,0.0,0.0,0.0,0.0,11.6,17.6,0.0,1016.9
2025-08-14 06:00:00+00:00,16.9,96,16.2,100,100,0,0,43.0,21.0,217.8,22.0,12.1,23.0,0.0,1017.4
2025-08-14 07:00:00+00:00,18.1,91,16.6,89,89,1,1,75.0,8.0,33.0,67.0,12.0,23.8,0.0,1018.0
2025-08-14 08:00:00+00:00,19.6,84,16.8,60,49,0,22,183.0,57.0,143.4,126.0,13.9,28.8,0.0,1017.9
2025-08-14 09:00:00+00:00,20.9,77,16.7,93,64,0,84,323.0,180.0,334.3,143.0,14.1,29.5,0.0,1018.4
2025-08-14 10:00:00+00:00,21.8,71,16.3,97,59,0,94,385.0,177.0,270.0,208.0,13.4,31.0,0.0,1018.6
2025-08-14 11:00:00+00:00,22.8,67,16.2,99,97,0,90,403.0,148.0,199.7,255.0,13.2,31.7,0.0,1018.8
2025-08-14 12:00:00+00:00,23.5,64,16.3,94,94,0,17,393.0,89.0,112.8,304.0,13.9,33.5,0.0,1018.9
2025-08-14 13:00:00+00:00,24.0,63,16.5,95,95,0,1,425.0,172.0,215.9,253.0,14.7,33.8,0.0,1019.0
2025-08-14 14:00:00+00:00,24.3,63,16.8,95,95,1,0,434.0,199.0,261.0,235.0,15.1,33.5,0.0,1019.1
2025-08-14 15:00:00+00:00,25.0,60,16.6,86,86,5,0,520.0,375.0,544.0,145.0,14.7,33.1,0.0,1019.4
2025-08-14 16:00:00+00:00,25.2,58,16.3,85,85,0,0,392.0,224.0,384.8,168.0,14.7,31.3,0.0,1019.6
2025-08-14 17:00:00+00:00,24.8,58,15.8,37,37,0,0,293.0,167.0,372.6,126.0,14.3,27.7,0.0,1019.6
2025-08-14 18:00:00+00:00,24.0,59,15.5,0,0,0,0,214.0,141.0,475.3,73.0,12.8,22.3,0.0,1020.0
2025-08-14 19:00:00+00:00,22.4,65,15.4,0,0,0,0,88.0,53.0,384.7,35.0,8.8,16.9,0.0,1020.7
2025-08-14 20:00:00+00:00,20.3,71,14.8,0,0,0,0,5.0,1.0,19.1,4.0,9.1,17.3,0.0,1021.7
2025-08-14 21:00:00+00:00,19.1,75,14.5,0,0,0,0,0.0,0.0,0.0,0.0,10.1,18.7,0.0,1022.4
2025-08-14 22:00:00+00:00,17.5,80,14.1,0,0,0,0,0.0,0.0,0.0,0.0,9.9,17.6,0.0,1023.0
2025-08-14 23:00:00+00:00,16.2,86,13.9,12,0,0,12,0.0,0.0,0.0,0.0,9.2,15.5,0.0,1023.5
2025-08-15 00:00:00+00:00,15.6,90,13.9,46,1,0,45,0.0,0.0,0.0,0.0,9.2,14.8,0.0,1023.8
2025-08-15 01:00:00+00:00,15.2,92,13.9,26,1,0,26,0.0,0.0,0.0,0.0,9.3,14.8,0.0,1024.0
2025-08-15 02:00:00+00:00,14.8,93,13.7,0,0,0,0,0.0,0.0,0.0,0.0,9.0,15.5,0.0,1023.8
2025-08-15 03:00:00+00:00,14.2,94,13.3,0,0,0,0,0.0,0.0,0.0,0.0,8.8,15.8,0.0,1023.9
2025-08-15 04:00:00+00:00,14.4,95,13.5,0,0,0,0,0.0,0.0,0.0,0.0,10.1,16.6,0.0,1024.1
2025-08-15 05:00:00+00:00,14.7,94,13.7,0,0,0,0,0.0,0.0,0.0,0.0,10.6,18.0,0.0,1024.4
2025-08-15 06:00:00+00:00,15.3,93,14.3,0,0,0,0,45.0,25.0,263.9,20.0,11.7,20.9,0.0,1025.1
2025-08-15 07:00:00+00:00,17.6,89,15.8,6,6,0,0,176.0,122.0,510.4,54.0,10.9,21.6,0.0,1025.5
2025-08-15 08:00:00+00:00,19.9,82,16.7,0,0,0,0,330.0,252.0,639.3,78.0,10.1,22.7,0.0,1025.7
2025-08-15 09:00:00+00:00,22.5,71,17.0,0,0,0,0,488.0,400.0,747.3,88.0,9.3,22.7,0.0,1025.9
2025-08-15 10:00:00+00:00,24.4,61,16.3,0,0,0,0,618.0,519.0,795.3,99.0,7.5,22.7,0.0,1025.9
2025-08-15 11:00:00+00:00,25.7,55,16.0,27,0,0,27,719.0,618.0,837.2,101.0,6.9,21.2,0.0,1025.7
2025-08-15 12:00:00+00:00,26.6,52,15.8,49,1,0,48,777.0,674.0,857.3,103.0,6.1,19.1,0.0,1025.4
2025-08-15 13:00:00+00:00,27.5,49,15.9,31,0,0,31,785.0,685.0,863.5,100.0,5.9,18.4,0.0,1025.1
2025-08-15 14:00:00+00:00,28.2,47,15.7,17,2,0,15,746.0,647.0,852.4,99.0,5.8,18.4,0.0,1024.7
2025-08-15 15:00:00+00:00,28.5,45,15.5,10,10,0,0,661.0,567.0,826.9,94.0,5.5,18.4,0.0,1024.4
2025-08-15 16:00:00+00:00,28.7,44,15.1,14,11,8,0,540.0,450.0,778.2,90.0,5.6,18.0,0.0,1024.0
2025-08-15 17:00:00+00:00,28.4,43,14.6,16,16,4,0,387.0,309.0,695.8,78.0,6.4,18.0,0.0,1024.0
2025-08-15 18:00:00+00:00,27.6,44,14.2,3,1,3,0,227.0,167.0,571.4,60.0,5.5,12.6,0.0,1023.8
2025-08-15 19:00:00+00:00,24.8,55,15.2,4,1,4,0,83.0,50.0,375.5,33.0,5.6,6.1,0.0,1023.9
2025-08-15 20:00:00+00:00,22.9,55,13.5,13,2,13,0,4.0,1.0,19.1,3.0,6.5,6.1,0.0,1024.3
2025-08-15 21:00:00+00:00,22.3,55,12.8,38,5,8,30,0.0,0.0,0.0,0.0,6.4,9.4,0.0,1024.5
2025-08-15 22:00:00+00:00,20.9,64,13.8,48,6,5,42,0.0,0.0,0.0,0.0,6.6,15.8,0.0,1025.1
2025-08-15 23:00:00+00:00,20.4,69,14.6,66,7,0,64,0.0,0.0,0.0,0.0,11.0,22.3,0.0,1025.8
2025-08-16 00:00:00+00:00,19.3,78,15.5,77,9,0,75,0.0,0.0,0.0,0.0,11.9,23.4,0.0,1026.1
2025-08-16 01:00:00+00:00,18.5,85,15.9,51,5,0,46,0.0,0.0,0.0,0.0,11.2,20.9,0.0,1026.0
2025-08-16 02:00:00+00:00,17.9,86,15.4,20,9,0,12,0.0,0.0,0.0,0.0,11.7,20.2,0.0,1026.2
2025-08-16 03:00:00+00:00,17.3,88,15.3,28,25,0,4,0.0,0.0,0.0,0.0,13.4,20.9,0.0,1026.4
2025-08-16 04:00:00+00:00,17.0,90,15.3,42,39,0,4,0.0,0.0,0.0,0.0,15.3,23.4,0.0,1026.6
2025-08-16 05:00:00+00:00,16.7,91,15.2,68,67,0,2,0.0,0.0,0.0,0.0,16.6,25.6,0.0,1026.6
2025-08-16 06:00:00+00:00,16.8,88,14.8,53,53,0,3,39.0,18.0,193.6,21.0,17.8,31.0,0.0,1026.8
2025-08-16 07:00:00+00:00,17.4,84,14.6,32,32,0,1,139.0,69.0,292.9,70.0,17.5,34.2,0.0,1027.2
2025-08-16 08:00:00+00:00,18.5,79,14.7,15,15,0,0,303.0,208.0,532.1,95.0,16.6,34.2,0.0,1027.5
2025-08-16 09:00:00+00:00,19.7,73,14.8,3,3,0,0,481.0,387.0,727.4,94.0,17.2,36.4,0.0,1027.5
2025-08-16 10:00:00+00:00,20.6,71,15.0,84,84,0,0,576.0,433.0,666.7,143.0,16.1,37.8,0.0,1028.0
2025-08-16 11:00:00+00:00,21.3,68,15.1,54,54,0,0,697.0,556.0,756.4,141.0,17.2,38.2,0.0,1027.5
2025-08-16 12:00:00+00:00,22.1,65,15.1,58,58,0,0,791.0,691.0,882.6,100.0,17.8,37.8,0.0,1027.2
2025-08-16 13:00:00+00:00,22.7,62,15.1,59,58,0,0,787.0,691.0,874.8,96.0,18.1,36.0,0.0,1026.9
2025-08-16 14:00:00+00:00,23.0,61,15.0,88,86,0,6,754.0,658.0,871.0,96.0,17.8,34.9,0.0,1026.4
2025-08-16 15:00:00+00:00,22.9,60,14.9,98,98,0,12,648.0,545.0,799.2,103.0,17.3,34.2,0.0,1025.9
2025-08-16 16:00:00+00:00,22.6,61,14.7,92,91,0,1,542.0,456.0,794.1,86.0,17.1,33.1,0.0,1025.6
2025-08-16 17:00:00+00:00,22.3,60,14.3,75,70,0,9,387.0,306.0,695.7,81.0,18.2,31.3,0.0,1025.2
2025-08-16 18:00:00+00:00,21.9,60,13.7,3,1,0,2,229.0,169.0,587.3,60.0,17.9,28.1,0.0,1025.1
2025-08-16 19:00:00+00:00,20.9,62,13.3,10,10,0,0,74.0,39.0,303.7,35.0,14.8,27.4,0.0,1025.3
2025-08-16 20:00:00+00:00,19.4,66,12.8,16,16,0,0,3.0,1.0,19.1,2.0,13.4,24.1,0.0,1025.4
2025-08-16 21:00:00+00:00,18.2,70,12.5,21,21,0,0,0.0,0.0,0.0,0.0,13.0,23.4,0.0,1025.3
2025-08-16 22:00:00+00:00,17.0,74,12.3,4,4,0,0,0.0,0.0,0.0,0.0,14.0,24.5,0.0,1025.5
2025-08-16 23:00:00+00:00,16.3,75,11.9,0,0,0,0,0.0,0.0,0.0,0.0,14.0,24.8,0.0,1025.6
2025-08-17 00:00:00+00:00,15.4,78,11.6,4,4,0,0,0.0,0.0,0.0,0.0,13.4,23.4,0.0,1025.5
2025-08-17 01:00:00+00:00,14.5,82,11.4,5,4,0,1,0.0,0.0,0.0,0.0,13.5,22.3,0.0,1025.4
2025-08-17 02:00:00+00:00,13.6,85,11.1,11,11,0,1,0.0,0.0,0.0,0.0,13.8,23.4,0.0,1025.1
2025-08-17 03:00:00+00:00,13.0,87,10.9,3,3,0,0,0.0,0.0,0.0,0.0,14.2,24.5,0.0,1024.9
2025-08-17 04:00:00+00:00,12.7,88,10.7,9,9,0,0,0.0,0.0,0.0,0.0,14.8,24.8,0.0,1024.7
2025-08-17 05:00:00+00:00,12.9,87,10.8,10,10,0,0,0.0,0.0,0.0,0.0,14.7,24.8,0.0,1024.5
2025-08-17 06:00:00+00:00,13.5,87,11.4,18,18,0,0,36.0,19.0,208.2,17.0,14.4,24.5,0.0,1024.6
2025-08-17 07:00:00+00:00,15.2,83,12.3,20,20,0,0,157.0,100.0,431.1,57.0,15.5,31.0,0.0,1024.5
2025-08-17 08:00:00+00:00,17.3,74,12.6,33,33,0,0,277.0,177.0,456.8,100.0,17.7,36.0,0.0,1024.4
2025-08-17 09:00:00+00:00,19.0,67,12.7,45,45,0,0,326.0,135.0,255.3,191.0,16.9,34.2,0.0,1024.5
2025-08-17 10:00:00+00:00,20.5,60,12.4,15,15,0,0,499.0,304.0,470.4,195.0,15.5,33.5,0.0,1024.5
2025-08-17 11:00:00+00:00,21.9,53,11.9,6,0,0,6,620.0,414.0,565.7,206.0,14.5,33.1,0.0,1023.9
2025-08-17 12:00:00+00:00,23.0,48,11.5,29,0,0,29,742.0,599.0,768.3,143.0,14.3,33.1,0.0,1023.3
2025-08-17 13:00:00+00:00,24.1,45,11.3,37,0,0,37,781.0,666.0,846.8,115.0,15.1,32.8,0.0,1022.8
2025-08-17 14:00:00+00:00,24.9,42,11.3,47,0,0,47,747.0,648.0,861.9,99.0,15.0,32.0,0.0,1022.2
2025-08-17 15:00:00+00:00,25.1,43,11.6,54,0,0,54,660.0,565.0,833.3,95.0,14.2,31.3,0.0,1021.8
2025-08-17 16:00:00+00:00,25.2,44,11.9,40,0,0,40,538.0,451.0,791.0,87.0,14.4,30.6,0.0,1021.5
2025-08-17 17:00:00+00:00,24.5,47,12.5,23,0,0,23,386.0,311.0,714.2,75.0,15.3,29.9,0.0,1021.2
2025-08-17 18:00:00+00:00,23.6,51,13.0,20,0,0,20,225.0,167.0,589.8,58.0,13.7,25.9,0.0,1020.9
2025-08-17 19:00:00+00:00,21.5,62,13.9,37,0,0,37,78.0,47.0,380.3,31.0,11.1,20.2,0.0,1021.1
2025-08-17 20:00:00+00:00,19.7,70,14.1,49,0,0,49,3.0,1.0,19.1,2.0,11.6,20.9,0.0,1021.3
2025-08-17 21:00:00+00:00,18.8,74,14.2,54,0,0,53,0.0,0.0,0.0,0.0,13.9,25.2,0.0,1021.5
2025-08-17 22:00:00+00:00,18.2,77,14.1,27,2,0,25,0.0,0.0,0.0,0.0,13.9,28.4,0.0,1021.7
2025-08-17 23:00:00+00:00,17.4,80,13.9,48,13,0,39,0.0,0.0,0.0,0.0,14.6,28.4,0.0,1022.0
2025-08-18 00:00:00+00:00,17.2,81,13.9,71,33,0,57,0.0,0.0,0.0,0.0,14.3,27.7,0.0,1022.2
2025-08-18 01:00:00+00:00,17.3,80,13.9,96,67,0,76,0.0,0.0,0.0,0.0,14.1,25.6,0.0,1022.0
2025-08-18 02:00:00+00:00,17.6,80,14.1,100,96,0,86,0.0,0.0,0.0,0.0,15.8,23.4,0.0,1021.8
2025-08-18 03:00:00+00:00,17.6,80,14.1,100,100,0,90,0.0,0.0,0.0,0.0,15.7,25.6,0.0,1021.4
2025-08-18 04:00:00+00:00,17.5,80,14.0,100,99,0,83,0.0,0.0,0.0,0.0,14.9,26.6,0.0,1021.0
2025-08-18 05:00:00+00:00,17.4,80,14.0,100,100,0,83,0.0,0.0,0.0,0.0,14.1,24.8,0.0,1020.8
2025-08-18 06:00:00+00:00,17.5,80,14.0,100,100,0,65,19.0,1.0,11.2,18.0,14.2,27.0,0.0,1021.0
2025-08-18 07:00:00+00:00,17.5,83,14.5,96,93,0,71,60.0,4.0,17.5,56.0,17.8,29.5,0.0,1021.3
2025-08-18 08:00:00+00:00,17.9,81,14.6,100,100,0,78,169.0,46.0,119.8,123.0,16.6,33.8,0.0,1021.2
2025-08-18 09:00:00+00:00,18.5,77,14.5,100,100,0,50,209.0,28.0,53.3,181.0,16.2,31.3,0.0,1021.0
2025-08-18 10:00:00+00:00,19.4,73,14.4,100,100,0,42,357.0,107.0,166.4,250.0,12.0,32.4,0.0,1021.1
2025-08-18 11:00:00+00:00,20.0,69,14.1,100,100,0,31,410.0,117.0,160.6,293.0,13.0,31.3,0.0,1020.7
2025-08-18 12:00:00+00:00,20.4,67,14.0,98,98,0,13,436.0,95.0,122.4,341.0,15.1,30.6,0.0,1020.2
2025-08-18 13:00:00+00:00,21.4,63,14.1,94,92,0,16,567.0,273.0,348.7,294.0,16.4,33.5,0.0,1019.8
2025-08-18 14:00:00+00:00,22.1,60,14.1,99,97,0,52,586.0,332.0,443.8,254.0,16.5,35.3,0.0,1019.6
2025-08-18 15:00:00+00:00,22.1,60,14.1,100,91,1,84,529.0,295.0,437.6,234.0,16.6,34.9,0.0,1019.1
2025-08-18 16:00:00+00:00,22.1,60,14.0,99,86,5,86,445.0,267.0,471.8,178.0,15.4,32.8,0.0,1018.8
2025-08-18 17:00:00+00:00,21.7,61,13.8,100,99,0,99,312.0,182.0,422.3,130.0,13.9,29.5,0.0,1018.6
2025-08-18 18:00:00+00:00,21.3,62,13.7,100,100,0,96,154.0,61.0,219.1,93.0,13.4,25.9,0.0,1018.2
2025-08-18 19:00:00+00:00,20.5,63,13.3,100,96,0,93,35.0,1.0,8.4,34.0,13.0,24.8,0.0,1018.0
2025-08-18 20:00:00+00:00,19.8,65,13.0,99,65,0,98,1.0,0.0,0.0,1.0,13.4,25.2,0.0,1017.9
2025-08-18 21:00:00+00:00,18.8,68,12.7,100,32,0,100,0.0,0.0,0.0,0.0,13.8,25.6,0.0,1017.9
2025-08-18 22:00:00+00:00,18.1,71,12.7,100,16,10,100,0.0,0.0,0.0,0.0,13.5,23.8,0.0,1017.8
2025-08-18 23:00:00+00:00,17.6,73,12.7,100,5,26,100,0.0,0.0,0.0,0.0,12.4,21.6,0.0,1018.0
2025-08-19 00:00:00+00:00,17.3,75,12.8,100,6,34,100,0.0,0.0,0.0,0.0,12.2,21.6,0.0,1017.7
2025-08-19 01:00:00+00:00,16.7,78,12.9,100,8,52,100,0.0,0.0,0.0,0.0,13.3,22.0,0.0,1017.3
2025-08-19 02:00:00+00:00,16.5,79,12.9,100,10,76,100,0.0,0.0,0.0,0.0,14.7,24.8,0.0,1016.9
2025-08-19 03:00:00+00:00,16.3,81,13.1,99,4,80,99,0.0,0.0,0.0,0.0,15.3,27.4,0.0,1016.6
2025-08-19 04:00:00+00:00,16.1,83,13.2,100,20,75,100,0.0,0.0,0.0,0.0,14.8,28.4,0.0,1016.2
2025-08-19 05:00:00+00:00,16.1,83,13.3,100,28,51,100,0.0,0.0,0.0,0.0,16.6,28.4,0.0,1015.8
2025-08-19 06:00:00+00:00,16.2,84,13.5,99,41,23,99,22.0,4.0,45.6,18.0,16.8,28.1,0.0,1015.9
2025-08-19 07:00:00+00:00,16.9,82,13.9,100,49,9,98,79.0,3.0,13.3,76.0,20.2,38.2,0.0,1016.1
2025-08-19 08:00:00+00:00,18.1,79,14.4,99,41,20,99,179.0,30.0,78.8,149.0,19.3,37.4,0.0,1016.4
2025-08-19 09:00:00+00:00,19.2,76,14.9,98,30,16,97,262.0,60.0,114.9,202.0,17.8,36.0,0.0,1016.2
2025-08-19 10:00:00+00:00,20.4,72,15.1,99,72,2,98,394.0,174.0,272.0,220.0,18.1,39.6,0.0,1015.7
2025-08-19 11:00:00+00:00,22.2,65,15.2,100,61,29,100,568.0,307.0,423.3,261.0,18.8,41.8,0.0,1015.0
2025-08-19 12:00:00+00:00,23.5,58,14.8,100,72,31,99,665.0,423.0,547.3,242.0,17.0,36.7,0.0,1014.5
2025-08-19 13:00:00+00:00,24.6,53,14.5,97,93,2,71,639.0,442.0,567.1,197.0,15.6,32.0,0.0,1014.6
2025-08-19 14:00:00+00:00,24.7,53,14.4,98,98,30,21,329.0,89.0,119.6,240.0,14.5,25.6,0.0,1014.5
2025-08-19 15:00:00+00:00,24.6,53,14.3,99,98,49,38,263.0,110.0,164.2,153.0,14.8,25.2,0.0,1013.9
2025-08-19 16:00:00+00:00,24.5,53,14.3,99,98,86,89,203.0,45.0,80.1,158.0,15.6,29.9,0.0,1013.7
2025-08-19 17:00:00+00:00,24.3,53,14.2,100,99,82,99,168.0,44.0,103.2,124.0,16.5,32.8,0.0,1013.8
2025-08-19 18:00:00+00:00,23.6,56,14.2,100,96,56,99,124.0,38.0,138.9,86.0,18.0,35.3,0.0,1013.3
2025-08-19 19:00:00+00:00,22.2,61,14.2,100,66,35,100,27.0,0.0,0.0,27.0,18.7,34.2,0.0,1013.9
2025-08-19 20:00:00+00:00,20.7,67,14.4,100,51,27,99,1.0,0.0,0.0,1.0,19.8,35.6,0.0,1014.6
2025-08-19 21:00:00+00:00,19.6,73,14.5,100,50,23,99,0.0,0.0,0.0,0.0,20.9,38.5,0.0,1015.0
2025-08-19 22:00:00+00:00,18.6,75,14.1,100,12,47,100,0.0,0.0,0.0,0.0,19.2,40.0,0.0,1015.1
2025-08-19 23:00:00+00:00,17.7,79,14.0,100,6,85,99,0.0,0.0,0.0,0.0,20.2,41.4,0.0,1015.6
2025-08-20 00:00:00+00:00,17.1,80,13.6,100,9,81,100,0.0,0.0,0.0,0.0,20.6,38.5,0.0,1015.7
2025-08-20 01:00:00+00:00,16.6,80,13.1,100,6,85,100,0.0,0.0,0.0,0.0,20.3,37.4,0.0,1015.9
2025-08-20 02:00:00+00:00,16.1,80,12.6,100,16,94,100,0.0,0.0,0.0,0.0,19.2,36.4,0.0,1016.0
2025-08-20 03:00:00+00:00,15.6,80,12.2,99,34,46,99,0.0,0.0,0.0,0.0,18.2,34.9,0.0,1016.2
2025-08-20 04:00:00+00:00,15.1,82,12.1,95,22,4,95,0.0,0.0,0.0,0.0,17.7,33.5,0.0,1015.9
2025-08-20 05:00:00+00:00,14.7,85,12.2,94,22,0,93,0.0,0.0,0.0,0.0,18.1,31.7,0.0,1015.6
2025-08-20 06:00:00+00:00,15.0,84,12.4,87,28,0,79,23.0,2.0,23.3,21.0,17.3,29.2,0.0,1015.7
2025-08-20 07:00:00+00:00,15.9,82,12.9,91,29,7,87,136.0,65.0,293.9,71.0,21.5,41.8,0.0,1015.8
2025-08-20 08:00:00+00:00,16.8,79,13.1,99,88,20,96,234.0,104.0,275.8,130.0,22.6,44.3,0.0,1016.1
2025-08-20 09:00:00+00:00,17.7,75,13.1,100,98,10,99,309.0,104.0,200.5,205.0,20.9,41.8,0.0,1016.1
2025-08-20 10:00:00+00:00,18.6,69,12.8,100,99,2,98,277.0,38.0,59.7,239.0,18.6,41.0,0.0,1016.6
2025-08-20 11:00:00+00:00,18.5,68,12.5,100,100,2,96,246.0,29.0,40.2,217.0,19.3,40.3,0.0,1016.7
2025-08-20 12:00:00+00:00,18.2,68,12.1,100,100,0,94,222.0,10.0,13.0,212.0,19.2,38.5,0.0,1016.6
2025-08-20 13:00:00+00:00,18.1,65,11.5,100,100,0,97,279.0,33.0,42.5,246.0,18.4,37.4,0.0,1016.9
2025-08-20 14:00:00+00:00,18.3,63,11.2,100,100,0,97,299.0,31.0,41.9,268.0,18.0,36.0,0.0,1016.8
2025-08-20 15:00:00+00:00,18.6,60,10.7,100,100,0,97,347.0,59.0,88.6,288.0,17.8,34.9,0.0,1016.5
2025-08-20 16:00:00+00:00,19.1,56,10.2,99,81,0,94,352.0,125.0,224.3,227.0,17.7,34.9,0.0,1016.3
2025-08-20 17:00:00+00:00,19.4,54,9.8,96,48,0,95,337.0,214.0,507.4,123.0,18.2,35.3,0.0,1016.2
2025-08-20 18:00:00+00:00,19.0,53,9.2,83,13,0,81,203.0,131.0,487.5,72.0,18.3,32.0,0.0,1015.9
2025-08-20 19:00:00+00:00,18.0,55,8.8,69,3,0,69,59.0,25.0,227.9,34.0,15.3,27.4,0.0,1016.0
2025-08-20 20:00:00+00:00,16.5,58,8.3,53,1,0,52,1.0,0.0,0.0,1.0,13.7,24.8,0.0,1016.5
2025-08-20 21:00:00+00:00,15.4,62,8.3,32,1,0,30,0.0,0.0,0.0,0.0,13.5,23.8,0.0,1017.0
2025-08-20 22:00:00+00:00,13.9,69,8.3,18,12,0,7,0.0,0.0,0.0,0.0,12.2,24.1,0.0,1017.4
2025-08-20 23:00:00+00:00,13.5,71,8.3,18,17,0,1,0.0,0.0,0.0,0.0,12.1,22.7,0.0,1017.4
2025-08-21 00:00:00+00:00,13.0,72,8.1,26,26,0,0,0.0,0.0,0.0,0.0,11.5,22.0,0.0,1017.3
2025-08-21 01:00:00+00:00,12.9,72,8.1,29,29,0,0,0.0,0.0,0.0,0.0,12.1,23.4,0.0,1017.3
2025-08-21 02:00:00+00:00,12.9,73,8.2,38,38,0,0,0.0,0.0,0.0,0.0,13.7,25.6,0.0,1017.1
2025-08-21 03:00:00+00:00,12.8,74,8.3,57,57,0,0,0.0,0.0,0.0,0.0,14.6,28.1,0.0,1016.8
2025-08-21 04:00:00+00:00,13.0,75,8.7,75,75,0,0,0.0,0.0,0.0,0.0,15.7,29.9,0.0,1016.8
2025-08-21 05:00:00+00:00,13.4,76,9.2,89,89,0,0,0.0,0.0,0.0,0.0,15.9,31.0,0.0,1016.8
2025-08-21 06:00:00+00:00,13.7,76,9.6,91,91,0,0,17.0,5.0,59.5,12.0,15.9,31.0,0.0,1017.0
2025-08-21 07:00:00+00:00,14.8,75,10.4,78,78,0,0,92.0,33.0,151.8,59.0,16.6,32.4,0.0,1017.4
2025-08-21 08:00:00+00:00,15.6,74,10.9,84,84,0,0,172.0,78.0,208.8,94.0,17.1,33.8,0.0,1017.5
2025-08-21 09:00:00+00:00,17.0,68,11.1,62,62,0,0,291.0,111.0,215.4,180.0,16.6,34.2,0.0,1017.9
2025-08-21 10:00:00+00:00,18.6,58,10.3,67,67,0,0,416.0,252.0,398.2,164.0,14.3,33.1,0.0,1018.1
2025-08-21 11:00:00+00:00,19.4,52,9.3,71,71,0,0,451.0,223.0,310.4,228.0,11.9,30.6,0.0,1018.3
2025-08-21 12:00:00+00:00,19.7,50,9.1,80,80,0,0,437.0,122.0,159.3,315.0,11.0,29.2,0.0,1018.3
2025-08-21 13:00:00+00:00,20.2,48,9.0,56,56,0,0,419.0,98.0,126.9,321.0,10.7,28.1,0.0,1018.7
2025-08-21 14:00:00+00:00,20.7,46,8.8,76,76,0,0,462.0,167.0,226.7,295.0,10.9,27.7,0.0,1018.9
2025-08-21 15:00:00+00:00,20.7,46,8.8,84,84,0,0,384.0,122.0,184.4,262.0,10.8,26.6,0.0,1018.7
2025-08-21 16:00:00+00:00,20.7,46,8.7,86,86,0,0,280.0,85.0,153.8,195.0,10.3,24.5,0.0,1018.6
2025-08-21 17:00:00+00:00,20.2,48,8.7,73,68,0,15,177.0,12.0,28.8,165.0,10.5,22.3,0.0,1018.9
2025-08-21 18:00:00+00:00,19.6,48,8.2,71,54,0,31,122.0,22.0,83.4,100.0,10.3,20.2,0.0,1019.2
2025-08-21 19:00:00+00:00,18.4,49,7.4,95,85,0,54,51.0,16.0,149.2,35.0,8.0,13.3,0.0,1019.7
2025-08-21 20:00:00+00:00,16.9,53,7.3,89,67,0,71,1.0,0.0,0.0,1.0,8.1,14.4,0.0,1020.3
2025-08-21 21:00:00+00:00,15.5,58,7.3,83,67,0,52,0.0,0.0,0.0,0.0,8.5,15.1,0.0,1020.9
2025-08-21 22:00:00+00:00,14.3,60,6.7,60,53,0,20,0.0,0.0,0.0,0.0,9.6,14.8,0.0,1021.4
2025-08-21 23:00:00+00:00,13.4,63,6.4,36,36,0,0,0.0,0.0,0.0,0.0,9.3,14.8,0.0,1021.9
2025-08-22 00:00:00+00:00,12.2,67,6.1,15,15,1,0,0.0,0.0,0.0,0.0,8.2,14.4,0.0,1022.0
2025-08-22 01:00:00+00:00,10.9,71,5.9,11,11,0,0,0.0,0.0,0.0,0.0,6.9,13.0,0.0,1022.1
2025-08-22 02:00:00+00:00,10.1,75,6.0,7,7,0,0,0.0,0.0,0.0,0.0,6.1,11.5,0.0,1022.0
2025-08-22 03:00:00+00:00,9.3,80,6.0,7,7,0,0,0.0,0.0,0.0,0.0,6.9,10.8,0.0,1022.1
2025-08-22 04:00:00+00:00,8.5,85,6.1,10,10,0,0,0.0,0.0,0.0,0.0,7.4,10.4,0.0,1022.2
2025-08-22 05:00:00+00:00,7.9,88,6.0,11,11,0,0,0.0,0.0,0.0,0.0,6.9,11.2,0.0,1022.2
2025-08-22 06:00:00+00:00,9.2,85,6.7,6,6,0,0,26.0,13.0,158.0,13.0,5.7,10.8,0.0,1022.3
2025-08-22 07:00:00+00:00,12.2,80,8.9,11,11,0,0,143.0,94.0,439.8,49.0,4.5,11.9,0.0,1022.4
2025-08-22 08:00:00+00:00,14.7,71,9.5,34,13,0,26,295.0,219.0,591.8,76.0,3.2,12.2,0.0,1022.7
2025-08-22 09:00:00+00:00,17.2,59,9.2,27,23,0,6,424.0,306.0,597.9,118.0,1.8,12.6,0.0,1022.7
2025-08-22 10:00:00+00:00,18.7,51,8.4,43,40,0,3,576.0,468.0,743.5,108.0,3.1,13.0,0.0,1022.6
2025-08-22 11:00:00+00:00,19.6,48,8.1,64,62,0,6,636.0,481.0,672.9,155.0,3.6,16.2,0.0,1022.5
2025-08-22 12:00:00+00:00,20.1,47,8.3,89,87,0,7,520.0,218.0,286.0,302.0,4.4,18.0,0.0,1022.0
2025-08-22 13:00:00+00:00,21.0,45,8.6,78,78,0,0,509.0,183.0,238.2,326.0,5.4,20.2,0.0,1021.8
2025-08-22 14:00:00+00:00,21.4,44,8.8,83,83,0,0,451.0,175.0,238.9,276.0,6.5,22.0,0.0,1021.5
2025-08-22 15:00:00+00:00,22.0,44,9.0,75,75,10,0,442.0,191.0,290.5,251.0,7.4,23.4,0.0,1021.2
2025-08-22 16:00:00+00:00,22.2,42,8.8,97,97,57,0,343.0,165.0,301.0,178.0,7.7,22.3,0.0,1020.7
2025-08-22 17:00:00+00:00,21.9,44,9.1,69,36,64,0,184.0,35.0,84.9,149.0,7.6,18.4,0.0,1020.4
2025-08-22 18:00:00+00:00,21.3,46,9.2,18,0,15,3,118.0,37.0,143.1,81.0,10.7,13.7,0.0,1020.4
2025-08-22 19:00:00+00:00,19.7,53,9.9,88,6,28,80,55.0,28.0,267.4,27.0,12.2,22.3,0.0,1020.5
2025-08-22 20:00:00+00:00,18.1,62,10.7,97,17,57,91,0.0,0.0,0.0,0.0,13.5,24.8,0.0,1020.7
2025-08-22 21:00:00+00:00,17.1,68,11.2,96,16,55,90,0.0,0.0,0.0,0.0,13.5,24.8,0.0,1021.0
2025-08-22 22:00:00+00:00,15.5,82,12.4,97,13,40,96,0.0,0.0,0.0,0.0,11.6,23.0,0.0,1021.0
2025-08-22 23:00:00+00:00,15.2,79,11.6,93,18,30,90,0.0,0.0,0.0,0.0,9.8,19.8,0.0,1021.0
2025-08-23 00:00:00+00:00,14.7,78,10.9,98,26,33,97,0.0,0.0,0.0,0.0,8.2,14.8,0.0,1020.9
2025-08-23 01:00:00+00:00,13.8,77,9.9,89,20,23,87,0.0,0.0,0.0,0.0,7.3,11.9,0.0,1020.7
2025-08-23 02:00:00+00:00,12.5,81,9.3,95,15,29,91,0.0,0.0,0.0,0.0,6.9,11.2,0.0,1020.6
2025-08-23 03:00:00+00:00,12.5,80,9.1,100,24,37,99,0.0,0.0,0.0,0.0,6.3,11.5,0.0,1020.6
2025-08-23 04:00:00+00:00,12.5,80,9.1,99,20,33,99,0.0,0.0,0.0,0.0,6.1,11.2,0.0,1020.5
2025-08-23 05:00:00+00:00,12.5,80,9.1,99,12,23,99,0.0,0.0,0.0,0.0,5.6,9.7,0.0,1020.3
2025-08-23 06:00:00+00:00,13.5,79,9.9,96,14,18,95,15.0,1.0,12.4,14.0,6.4,10.4,0.0,1020.6
2025-08-23 07:00:00+00:00,14.6,77,10.7,96,11,6,95,88.0,24.0,114.3,64.0,6.5,13.3,0.0,1021.0
2025-08-23 08:00:00+00:00,17.2,70,11.6,89,8,2,89,189.0,74.0,202.0,115.0,6.9,16.2,0.0,1021.1
2025-08-23 09:00:00+00:00,19.6,60,11.7,64,17,3,56,365.0,215.0,423.0,150.0,5.1,16.9,0.0,1021.4
2025-08-23 10:00:00+00:00,21.2,56,12.0,45,13,2,37,543.0,416.0,664.6,127.0,2.5,15.1,0.0,1021.3
2025-08-23 11:00:00+00:00,22.1,52,11.8,47,37,6,18,598.0,453.0,636.9,145.0,0.3,13.7,0.0,1021.2
2025-08-23 12:00:00+00:00,22.6,51,11.9,91,91,2,0,492.0,285.0,375.8,207.0,2.7,15.5,0.0,1020.9
2025-08-23 13:00:00+00:00,22.3,52,11.9,98,98,46,0,339.0,137.0,179.2,202.0,4.6,15.8,0.0,1020.7
2025-08-23 14:00:00+00:00,22.5,52,12.2,98,98,60,0,294.0,41.0,56.3,253.0,5.1,17.6,0.0,1020.7
2025-08-23 15:00:00+00:00,22.5,53,12.4,98,98,86,2,297.0,76.0,116.4,221.0,6.1,17.3,0.0,1020.2
2025-08-23 16:00:00+00:00,22.1,54,12.5,98,98,72,0,232.0,59.0,108.5,173.0,7.2,16.6,0.0,1020.0
2025-08-23 17:00:00+00:00,21.6,57,12.6,98,98,70,0,151.0,42.0,103.1,109.0,9.1,16.6,0.0,1019.8
2025-08-23 18:00:00+00:00,20.6,62,13.0,98,98,60,0,56.0,3.0,11.8,53.0,9.8,18.0,0.0,1019.8
2025-08-23 19:00:00+00:00,19.5,67,13.2,98,98,27,0,28.0,9.0,88.1,19.0,9.2,16.9,0.0,1019.9
2025-08-23 20:00:00+00:00,18.5,73,13.5,97,97,7,0,0.0,0.0,0.0,0.0,9.4,17.3,0.0,1020.4
2025-08-23 21:00:00+00:00,17.3,79,13.6,98,98,9,0,0.0,0.0,0.0,0.0,10.2,18.7,0.0,1020.7
2025-08-23 22:00:00+00:00,16.9,81,13.6,90,89,9,0,0.0,0.0,0.0,0.0,10.4,18.7,0.0,1020.9
2025-08-23 23:00:00+00:00,16.3,83,13.4,82,81,15,0,0.0,0.0,0.0,0.0,9.7,19.1,0.0,1021.1
2025-08-24 00:00:00+00:00,15.6,85,13.0,71,68,18,0,0.0,0.0,0.0,0.0,7.6,16.2,0.0,1021.1
2025-08-24 01:00:00+00:00,14.9,86,12.6,59,59,15,0,0.0,0.0,0.0,0.0,6.2,14.0,0.0,1021.0
2025-08-24 02:00:00+00:00,14.5,88,12.5,46,44,10,2,0.0,0.0,0.0,0.0,7.0,13.0,0.0,1020.8
2025-08-24 03:00:00+00:00,14.2,87,12.1,36,34,6,1,0.0,0.0,0.0,0.0,7.6,13.7,0.0,1020.5
2025-08-24 04:00:00+00:00,13.8,88,11.9,42,42,3,1,0.0,0.0,0.0,0.0,7.7,14.8,0.0,1020.3
2025-08-24 05:00:00+00:00,13.7,89,11.9,23,22,4,0,0.0,0.0,0.0,0.0,8.3,16.6,0.0,1020.2
2025-08-24 06:00:00+00:00,14.2,88,12.2,21,21,2,0,23.0,10.0,127.3,13.0,9.8,19.4,0.0,1020.5
2025-08-24 07:00:00+00:00,16.5,82,13.4,16,16,1,0,125.0,74.0,358.9,51.0,11.4,22.0,0.0,1020.7
2025-08-24 08:00:00+00:00,18.8,70,13.3,30,27,2,4,259.0,179.0,493.4,80.0,14.5,29.2,0.0,1020.7
2025-08-24 09:00:00+00:00,20.5,62,13.0,43,34,0,14,382.0,246.0,487.4,136.0,16.2,32.8,0.0,1020.8
2025-08-24 10:00:00+00:00,21.9,60,13.7,30,21,1,15,517.0,383.0,615.4,134.0,13.6,36.0,0.0,1021.0
2025-08-24 11:00:00+00:00,22.7,55,13.1,41,24,0,27,614.0,456.0,644.4,158.0,14.7,37.1,0.0,1020.7
2025-08-24 12:00:00+00:00,23.1,52,12.6,57,23,0,43,658.0,511.0,677.1,147.0,15.4,37.1,0.0,1020.5
2025-08-24 13:00:00+00:00,23.4,48,11.9,64,14,0,58,643.0,483.0,635.2,160.0,15.6,36.0,0.0,1020.6
2025-08-24 14:00:00+00:00,23.2,48,11.5,49,4,0,47,637.0,504.0,695.9,133.0,15.4,34.9,0.0,1020.1
2025-08-24 15:00:00+00:00,23.0,47,11.0,49,0,0,49,545.0,428.0,659.8,117.0,15.3,33.8,0.0,1019.8
2025-08-24 16:00:00+00:00,22.5,47,10.7,22,0,0,22,465.0,357.0,662.5,108.0,15.1,32.8,0.0,1019.5
2025-08-24 17:00:00+00:00,21.6,49,10.5,16,0,0,16,329.0,244.0,606.5,85.0,14.5,31.0,0.0,1019.3
2025-08-24 18:00:00+00:00,20.5,51,10.1,1,0,0,1,184.0,126.0,507.5,58.0,12.4,25.9,0.0,1019.3
2025-08-24 19:00:00+00:00,18.7,57,10.0,6,0,0,6,51.0,29.0,291.2,22.0,8.9,15.8,0.0,1019.3
2025-08-24 20:00:00+00:00,16.7,65,10.2,32,0,0,32,0.0,0.0,0.0,0.0,9.1,15.5,0.0,1019.6
2025-08-24 21:00:00+00:00,15.8,70,10.4,61,0,0,61,0.0,0.0,0.0,0.0,9.5,15.8,0.0,1019.4
2025-08-24 22:00:00+00:00,15.5,73,10.6,66,0,0,66,0.0,0.0,0.0,0.0,8.2,16.9,0.0,1019.2
2025-08-24 23:00:00+00:00,14.9,76,10.8,87,0,0,87,0.0,0.0,0.0,0.0,9.4,18.0,0.0,1019.2
2025-08-25 00:00:00+00:00,14.7,78,11.0,93,0,0,93,0.0,0.0,0.0,0.0,10.2,19.1,0.0,1018.8
2025-08-25 01:00:00+00:00,14.4,82,11.3,95,0,0,95,0.0,0.0,0.0,0.0,10.6,19.1,0.0,1018.6
2025-08-25 02:00:00+00:00,13.7,85,11.3,75,0,0,75,0.0,0.0,0.0,0.0,10.9,19.4,0.0,1018.3
2025-08-25 03:00:00+00:00,13.3,88,11.4,14,0,0,14,0.0,0.0,0.0,0.0,10.7,19.4,0.0,1018.0
2025-08-25 04:00:00+00:00,13.4,88,11.5,0,0,0,0,0.0,0.0,0.0,0.0,10.5,19.1,0.0,1017.8
2025-08-25 05:00:00+00:00,13.3,88,11.4,0,0,0,0,0.0,0.0,0.0,0.0,10.9,18.7,0.0,1017.5
2025-08-25 06:00:00+00:00,13.9,88,11.9,0,0,0,0,25.0,13.0,169.6,12.0,11.8,20.5,0.0,1017.4
2025-08-25 07:00:00+00:00,16.9,82,13.8,0,0,0,0,146.0,98.0,484.2,48.0,12.3,23.0,0.0,1017.0
2025-08-25 08:00:00+00:00,19.7,68,13.6,0,0,0,0,304.0,234.0,651.6,70.0,13.5,27.7,0.0,1016.8
2025-08-25 09:00:00+00:00,21.8,55,12.2,0,0,0,0,459.0,376.0,750.3,83.0,14.5,30.6,0.0,1016.7
2025-08-25 10:00:00+00:00,23.5,50,12.5,0,0,0,0,591.0,499.0,806.4,92.0,13.4,34.2,0.0,1016.6
2025-08-25 11:00:00+00:00,24.6,46,12.3,0,0,0,0,689.0,590.0,838.1,99.0,15.1,37.4,0.0,1016.3
2025-08-25 12:00:00+00:00,25.1,44,11.9,0,0,0,0,744.0,642.0,855.0,102.0,16.5,40.0,0.0,1015.5
2025-08-25 13:00:00+00:00,25.5,43,11.9,0,0,0,0,750.0,649.0,858.1,101.0,17.3,40.7,0.0,1015.0
2025-08-25 14:00:00+00:00,25.5,42,11.5,0,0,0,0,708.0,609.0,845.9,99.0,18.0,40.7,0.0,1014.5
2025-08-25 15:00:00+00:00,25.3,42,11.4,0,0,0,0,621.0,528.0,819.7,93.0,18.0,39.6,0.0,1014.0
2025-08-25 16:00:00+00:00,24.6,42,10.9,0,0,0,0,497.0,412.0,771.4,85.0,17.5,37.1,0.0,1013.3
2025-08-25 17:00:00+00:00,23.7,44,10.7,0,0,0,0,345.0,272.0,684.7,73.0,16.3,33.1,0.0,1012.9
2025-08-25 18:00:00+00:00,22.4,48,10.8,0,0,0,0,185.0,131.0,539.1,54.0,13.9,26.3,0.0,1012.4
2025-08-25 19:00:00+00:00,20.6,54,11.1,0,0,0,0,49.0,28.0,288.8,21.0,11.9,20.2,0.0,1012.1
2025-08-25 20:00:00+00:00,19.0,61,11.2,14,0,0,14,0.0,0.0,0.0,0.0,11.7,19.8,0.0,1012.0
2025-08-25 21:00:00+00:00,18.2,65,11.5,65,0,0,65,0.0,0.0,0.0,0.0,11.7,20.2,0.0,1011.6
2025-08-25 22:00:00+00:00,17.5,68,11.4,93,0,0,93,0.0,0.0,0.0,0.0,10.1,18.7,0.0,1011.0
2025-08-25 23:00:00+00:00,17.1,72,12.1,86,0,0,86,0.0,0.0,0.0,0.0,9.1,15.8,0.0,1010.5
2025-08-26 00:00:00+00:00,16.5,79,12.8,68,0,0,68,0.0,0.0,0.0,0.0,8.2,12.6,0.0,1009.8
2025-08-26 01:00:00+00:00,15.7,86,13.4,89,0,0,89,0.0,0.0,0.0,0.0,6.5,10.8,0.0,1009.2
2025-08-26 02:00:00+00:00,14.9,91,13.5,84,0,0,84,0.0,0.0,0.0,0.0,5.4,10.8,0.0,1008.4
2025-08-26 03:00:00+00:00,14.9,90,13.4,98,0,6,98,0.0,0.0,0.0,0.0,8.5,15.8,0.0,1007.9
2025-08-26 04:00:00+00:00,15.1,88,13.0,93,10,20,92,0.0,0.0,0.0,0.0,12.3,18.7,0.0,1007.8
2025-08-26 05:00:00+00:00,14.9,90,13.3,61,24,13,38,0.0,0.0,0.0,0.0,11.8,18.4,0.0,1007.7
2025-08-26 06:00:00+00:00,15.7,91,14.3,73,67,20,6,17.0,5.0,66.9,12.0,12.6,21.2,0.0,1007.6
2025-08-26 07:00:00+00:00,17.4,91,15.9,68,52,32,8,82.0,31.0,156.1,51.0,13.6,26.6,1.8,1007.6
2025-08-26 08:00:00+00:00,19.1,85,16.5,96,92,62,2,120.0,17.0,47.8,103.0,16.9,29.5,0.6,1007.7
2025-08-26 09:00:00+00:00,19.3,85,16.7,80,66,70,0,176.0,82.0,164.8,94.0,17.0,32.4,0.2,1007.7
2025-08-26 10:00:00+00:00,20.0,78,16.1,59,30,44,11,302.0,162.0,263.4,140.0,17.5,36.0,0.1,1008.0
2025-08-26 11:00:00+00:00,21.0,67,14.6,75,22,19,61,408.0,283.0,404.1,125.0,17.5,38.2,0.0,1007.9
2025-08-26 12:00:00+00:00,22.0,60,13.9,81,16,3,77,591.0,441.0,590.3,150.0,18.5,41.4,0.0,1007.8
2025-08-26 13:00:00+00:00,23.0,54,13.3,96,26,7,95,640.0,462.0,614.1,178.0,20.3,43.6,0.0,1007.5
2025-08-26 14:00:00+00:00,23.3,51,12.6,100,26,34,100,579.0,425.0,593.9,154.0,22.1,46.8,0.0,1007.5
2025-08-26 15:00:00+00:00,22.9,54,13.1,100,38,53,99,449.0,259.0,405.0,190.0,23.9,46.8,0.0,1007.4
2025-08-26 16:00:00+00:00,22.3,57,13.5,97,29,28,95,367.0,195.0,368.5,172.0,23.9,45.0,0.0,1007.4
2025-08-26 17:00:00+00:00,21.5,59,13.3,97,24,37,93,215.0,76.0,193.8,139.0,22.0,40.0,0.0,1007.4
2025-08-26 18:00:00+00:00,20.5,63,13.2,100,14,21,100,119.0,38.0,159.9,81.0,18.1,34.2,0.0,1007.7
2025-08-26 19:00:00+00:00,19.3,68,13.3,97,27,23,96,29.0,5.0,53.0,24.0,15.9,29.2,0.0,1007.7
2025-08-26 20:00:00+00:00,18.2,74,13.5,98,21,21,97,0.0,0.0,0.0,0.0,15.2,27.0,0.0,1008.0
2025-08-26 21:00:00+00:00,17.5,78,13.5,99,14,27,98,0.0,0.0,0.0,0.0,14.5,26.3,0.0,1008.0
2025-08-26 22:00:00+00:00,16.9,79,13.3,44,18,19,27,0.0,0.0,0.0,0.0,15.6,26.6,0.0,1007.9
2025-08-26 23:00:00+00:00,16.5,81,13.2,22,11,21,0,0.0,0.0,0.0,0.0,15.1,25.9,0.0,1008.1
2025-08-27 00:00:00+00:00,15.9,84,13.2,32,6,27,0,0.0,0.0,0.0,0.0,14.5,26.3,0.0,1008.0
2025-08-27 01:00:00+00:00,15.4,86,13.1,41,4,32,14,0.0,0.0,0.0,0.0,14.7,25.9,0.0,1007.5
2025-08-27 02:00:00+00:00,15.1,88,13.1,40,9,35,6,0.0,0.0,0.0,0.0,15.3,25.2,0.0,1007.1
2025-08-27 03:00:00+00:00,15.1,88,13.1,57,7,56,0,0.0,0.0,0.0,0.0,15.1,24.8,0.0,1006.8
2025-08-27 04:00:00+00:00,15.6,85,13.1,53,13,51,0,0.0,0.0,0.0,0.0,15.7,25.2,0.0,1006.3
2025-08-27 05:00:00+00:00,15.6,87,13.4,39,17,33,3,0.0,0.0,0.0,0.0,15.1,25.9,0.0,1005.9
2025-08-27 06:00:00+00:00,16.2,85,13.7,47,31,23,7,14.0,4.0,54.9,10.0,15.6,29.9,0.0,1005.6
2025-08-27 07:00:00+00:00,17.1,83,14.1,51,35,23,17,98.0,48.0,246.5,50.0,18.3,35.3,0.0,1005.5
2025-08-27 08:00:00+00:00,18.3,78,14.3,85,35,31,71,218.0,132.0,375.3,86.0,25.0,48.2,0.1,1005.3
2025-08-27 09:00:00+00:00,18.5,77,14.4,94,65,70,57,199.0,79.0,160.0,120.0,26.3,47.2,0.3,1005.4
2025-08-27 10:00:00+00:00,17.9,81,14.6,69,29,55,25,234.0,85.0,139.0,149.0,22.5,48.2,0.7,1005.2
2025-08-27 11:00:00+00:00,19.1,81,15.7,58,17,43,14,333.0,190.0,272.8,143.0,23.4,46.1,0.1,1004.6
2025-08-27 12:00:00+00:00,19.6,78,15.7,72,38,38,39,450.0,203.0,273.2,247.0,26.4,50.0,0.2,1004.5
2025-08-27 13:00:00+00:00,18.4,83,15.5,92,34,46,81,282.0,103.0,137.7,179.0,27.6,51.1,2.5,1004.3
2025-08-27 14:00:00+00:00,19.1,83,16.1,96,17,30,91,247.0,72.0,101.2,175.0,27.1,44.6,0.4,1004.2
2025-08-27 15:00:00+00:00,19.2,82,16.1,99,36,24,97,166.0,25.0,39.4,141.0,21.4,40.3,0.9,1003.8
2025-08-27 16:00:00+00:00,18.9,84,16.2,98,29,33,96,186.0,46.0,87.7,140.0,20.5,40.3,0.6,1003.8
2025-08-27 17:00:00+00:00,19.2,82,16.0,81,18,21,77,194.0,65.0,168.0,129.0,19.4,34.6,0.0,1003.4
2025-08-27 18:00:00+00:00,18.8,79,15.1,89,25,25,82,122.0,50.0,215.3,72.0,16.1,28.1,0.1,1003.5
2025-08-27 19:00:00+00:00,17.9,80,14.5,72,21,14,63,34.0,13.0,141.9,21.0,12.0,21.2,0.0,1004.0
2025-08-27 20:00:00+00:00,16.8,85,14.3,42,16,4,34,0.0,0.0,0.0,0.0,8.9,16.2,0.0,1004.2
2025-08-27 21:00:00+00:00,15.9,89,14.1,39,22,6,20,0.0,0.0,0.0,0.0,6.9,12.2,0.0,1004.4
2025-08-27 22:00:00+00:00,14.8,92,13.6,53,19,46,8,0.0,0.0,0.0,0.0,6.8,9.7,0.0,1004.4
2025-08-27 23:00:00+00:00,13.8,93,12.7,40,12,39,1,0.0,0.0,0.0,0.0,5.7,10.1,0.0,1004.3
2025-08-28 00:00:00+00:00,13.1,93,12.0,38,25,32,0,0.0,0.0,0.0,0.0,5.3,10.1,0.0,1004.3
2025-08-28 01:00:00+00:00,11.9,96,11.3,30,15,27,1,0.0,0.0,0.0,0.0,6.4,10.8,0.0,1004.2
2025-08-28 02:00:00+00:00,11.3,96,10.8,21,10,19,0,0.0,0.0,0.0,0.0,6.6,11.5,0.0,1004.1
2025-08-28 03:00:00+00:00,10.7,95,10.0,34,14,25,11,0.0,0.0,0.0,0.0,7.0,11.9,0.0,1003.8
2025-08-28 04:00:00+00:00,10.7,94,9.9,20,2,17,5,0.0,0.0,0.0,0.0,6.9,13.0,0.0,1003.8
2025-08-28 05:00:00+00:00,11.2,94,10.2,23,9,20,2,0.0,0.0,0.0,0.0,7.6,14.0,0.0,1003.5
2025-08-28 06:00:00+00:00,11.9,94,11.0,28,4,16,12,18.0,8.0,112.8,10.0,8.9,17.6,0.0,1003.7
2025-08-28 07:00:00+00:00,14.2,91,12.7,52,9,19,37,102.0,49.0,256.8,53.0,10.8,20.5,0.0,1003.9
2025-08-28 08:00:00+00:00,16.4,81,13.1,65,14,13,55,236.0,151.0,434.0,85.0,14.9,30.6,0.0,1003.8
2025-08-28 09:00:00+00:00,17.8,75,13.4,84,45,17,75,396.0,299.0,610.1,97.0,17.2,37.1,0.0,1003.6
2025-08-28 10:00:00+00:00,18.4,76,14.0,67,24,33,52,474.0,315.0,518.3,159.0,19.5,42.5,0.1,1003.1
2025-08-28 11:00:00+00:00,18.7,74,14.0,90,21,83,63,534.0,334.0,482.2,200.0,22.2,46.8,0.1,1003.0
2025-08-28 12:00:00+00:00,18.2,77,14.1,94,37,82,72,544.0,294.0,397.8,250.0,21.7,46.4,0.0,1002.5
2025-08-28 13:00:00+00:00,18.2,77,14.2,81,37,46,67,462.0,292.0,392.5,170.0,24.1,51.5,0.1,1001.9
2025-08-28 14:00:00+00:00,19.0,71,13.7,79,22,64,47,478.0,314.0,444.2,164.0,27.8,50.8,0.1,1001.8
2025-08-28 15:00:00+00:00,18.9,70,13.4,64,30,56,4,382.0,239.0,379.2,143.0,26.5,54.4,0.0,1001.6
2025-08-28 16:00:00+00:00,18.6,69,12.9,52,23,47,1,298.0,187.0,360.1,111.0,24.3,51.1,0.1,1001.2
2025-08-28 17:00:00+00:00,17.7,73,12.9,44,20,40,0,125.0,48.0,125.7,77.0,22.3,38.5,0.1,1001.0
2025-08-28 18:00:00+00:00,17.4,73,12.5,44,35,31,0,91.0,42.0,185.2,49.0,20.0,37.8,0.0,1000.8
2025-08-28 19:00:00+00:00,16.6,77,12.6,32,21,25,2,27.0,14.0,157.5,13.0,20.2,36.4,0.0,1000.8
2025-08-28 20:00:00+00:00,16.0,80,12.6,58,20,28,39,0.0,0.0,0.0,0.0,19.2,34.9,0.0,1000.6
2025-08-28 21:00:00+00:00,15.7,82,12.7,89,18,29,80,0.0,0.0,0.0,0.0,17.9,32.0,0.0,1000.3
2025-08-28 22:00:00+00:00,15.2,84,12.6,95,30,51,89,0.0,0.0,0.0,0.0,17.1,30.2,0.0,999.4
2025-08-28 23:00:00+00:00,14.9,88,12.9,99,20,30,98,0.0,0.0,0.0,0.0,15.8,32.8,0.5,998.7
2025-08-29 00:00:00+00:00,14.6,90,13.0,100,19,92,100,0.0,0.0,0.0,0.0,15.4,28.8,0.8,998.2
2025-08-29 01:00:00+00:00,14.5,91,13.0,100,16,98,100,0.0,0.0,0.0,0.0,14.6,26.6,2.7,997.4
2025-08-29 02:00:00+00:00,14.6,90,13.0,100,59,99,100,0.0,0.0,0.0,0.0,12.8,20.9,3.0,996.4
2025-08-29 03:00:00+00:00,14.5,92,13.2,100,100,100,100,0.0,0.0,0.0,0.0,11.5,28.1,2.4,995.7
2025-08-29 04:00:00+00:00,14.8,94,13.8,100,97,83,99,0.0,0.0,0.0,0.0,10.6,34.6,2.7,994.6
2025-08-29 05:00:00+00:00,15.2,96,14.5,100,86,100,99,0.0,0.0,0.0,0.0,9.1,27.0,1.3,993.7
2025-08-29 06:00:00+00:00,15.3,97,14.8,100,100,83,98,3.0,0.0,0.0,3.0,4.9,18.0,0.2,993.2
2025-08-29 07:00:00+00:00,15.4,97,14.9,100,100,31,95,27.0,0.0,0.0,27.0,4.8,13.7,0.8,993.6
2025-08-29 08:00:00+00:00,15.8,96,15.1,97,82,10,77,104.0,15.0,43.6,89.0,16.5,28.8,0.1,994.1
2025-08-29 09:00:00+00:00,16.6,91,15.1,78,50,12,48,327.0,168.0,345.4,159.0,20.1,41.8,0.0,994.6
2025-08-29 10:00:00+00:00,17.6,77,13.6,56,29,21,36,432.0,231.0,382.5,201.0,17.3,41.0,0.0,995.8
2025-08-29 11:00:00+00:00,18.8,69,13.0,59,40,42,24,564.0,397.0,576.4,167.0,19.5,40.0,0.1,995.9
2025-08-29 12:00:00+00:00,19.5,64,12.5,47,24,42,2,520.0,375.0,510.1,145.0,20.0,41.0,0.1,996.6
2025-08-29 13:00:00+00:00,19.0,66,12.4,38,20,34,0,527.0,413.0,558.3,114.0,20.5,42.1,0.4,997.0
2025-08-29 14:00:00+00:00,18.5,74,13.8,31,16,26,2,462.0,295.0,420.0,167.0,21.1,41.8,1.3,997.4
2025-08-29 15:00:00+00:00,19.3,71,13.8,38,24,18,4,477.0,288.0,460.4,189.0,20.4,42.1,0.1,997.6
2025-08-29 16:00:00+00:00,19.1,69,13.3,62,33,47,28,281.0,149.0,289.7,132.0,20.5,38.9,0.4,998.4
2025-08-29 17:00:00+00:00,19.0,67,12.8,38,9,31,16,213.0,131.0,348.0,82.0,18.8,36.4,0.0,998.8
2025-08-29 18:00:00+00:00,18.3,69,12.6,33,23,15,3,115.0,64.0,289.2,51.0,17.3,32.0,0.0,999.2
2025-08-29 19:00:00+00:00,17.1,74,12.5,26,20,14,0,28.0,14.0,162.5,14.0,16.6,29.9,0.0,1000.1
2025-08-29 20:00:00+00:00,15.9,79,12.4,7,4,7,0,0.0,0.0,0.0,0.0,15.1,28.1,0.0,1001.0
2025-08-29 21:00:00+00:00,15.4,83,12.4,7,2,6,0,0.0,0.0,0.0,0.0,14.2,25.9,0.0,1001.7
2025-08-29 22:00:00+00:00,14.9,84,12.3,22,10,17,0,0.0,0.0,0.0,0.0,14.4,24.5,0.0,1002.2
2025-08-29 23:00:00+00:00,14.1,88,12.2,8,2,8,0,0.0,0.0,0.0,0.0,13.3,21.6,0.0,1002.6
2025-08-30 00:00:00+00:00,13.9,89,12.2,18,2,18,0,0.0,0.0,0.0,0.0,12.6,20.9,0.0,1002.9
2025-08-30 01:00:00+00:00,13.5,92,12.2,13,3,13,0,0.0,0.0,0.0,0.0,11.5,20.5,0.0,1003.1
2025-08-30 02:00:00+00:00,13.3,93,12.2,27,14,25,0,0.0,0.0,0.0,0.0,11.7,20.9,0.0,1003.6
2025-08-30 03:00:00+00:00,12.9,94,12.0,16,10,15,0,0.0,0.0,0.0,0.0,11.4,19.1,0.0,1003.7
2025-08-30 04:00:00+00:00,13.0,94,12.1,11,8,10,0,0.0,0.0,0.0,0.0,11.0,19.1,0.0,1003.9
2025-08-30 05:00:00+00:00,12.8,95,12.0,22,20,16,0,0.0,0.0,0.0,0.0,10.4,17.6,0.0,1003.8
2025-08-30 06:00:00+00:00,13.1,96,12.4,20,14,17,2,16.0,7.0,104.5,9.0,11.7,19.1,0.0,1004.2
2025-08-30 07:00:00+00:00,14.7,94,13.7,27,13,13,11,117.0,71.0,388.0,46.0,12.4,23.4,0.0,1004.5
2025-08-30 08:00:00+00:00,16.7,85,14.2,80,22,43,64,251.0,167.0,490.7,84.0,15.8,34.6,0.0,1004.6
2025-08-30 09:00:00+00:00,18.1,75,13.6,100,49,99,50,271.0,174.0,360.5,97.0,20.7,40.7,0.0,1004.6
2025-08-30 10:00:00+00:00,18.2,76,13.9,96,67,83,11,191.0,49.0,81.6,142.0,21.2,42.8,0.1,1004.5
2025-08-30 11:00:00+00:00,18.7,75,14.3,97,84,78,4,231.0,83.0,121.2,148.0,24.2,45.7,0.1,1004.0
2025-08-30 12:00:00+00:00,18.9,78,14.9,100,99,96,1,211.0,50.0,68.4,161.0,26.6,51.5,0.2,1003.8
2025-08-30 13:00:00+00:00,18.8,80,15.3,99,93,99,3,251.0,114.0,155.0,137.0,26.3,57.2,0.2,1003.4
2025-08-30 14:00:00+00:00,17.7,90,16.0,100,100,100,3,45.0,0.0,0.0,45.0,27.3,49.7,0.4,1003.0
2025-08-30 15:00:00+00:00,17.6,93,16.5,100,100,100,15,41.0,0.0,0.0,41.0,26.6,52.2,0.3,1002.4
2025-08-30 16:00:00+00:00,18.2,92,17.0,100,99,100,56,145.0,87.0,170.8,58.0,28.5,57.2,0.2,1001.6
2025-08-30 17:00:00+00:00,18.2,94,17.1,100,99,100,6,46.0,4.0,10.8,42.0,28.8,55.8,0.9,1000.7
2025-08-30 18:00:00+00:00,18.1,95,17.3,100,100,98,0,18.0,3.0,13.9,15.0,29.9,56.9,0.5,1000.3
2025-08-30 19:00:00+00:00,18.1,96,17.4,100,100,57,0,2.0,0.0,0.0,2.0,29.7,55.1,0.5,1000.0
2025-08-30 20:00:00+00:00,17.8,97,17.3,99,99,15,0,0.0,0.0,0.0,0.0,26.4,51.8,0.2,1000.5
2025-08-30 21:00:00+00:00,17.4,96,16.8,97,97,9,0,0.0,0.0,0.0,0.0,23.3,42.8,0.1,1000.9
2025-08-30 22:00:00+00:00,16.8,91,15.3,45,44,5,0,0.0,0.0,0.0,0.0,19.3,38.2,0.0,1001.8
2025-08-30 23:00:00+00:00,15.8,86,13.5,26,23,5,0,0.0,0.0,0.0,0.0,17.4,34.2,0.0,1002.5
2025-08-31 00:00:00+00:00,14.8,86,12.4,14,3,14,0,0.0,0.0,0.0,0.0,16.9,32.0,0.0,1003.0
2025-08-31 01:00:00+00:00,14.2,88,12.3,90,17,23,88,0.0,0.0,0.0,0.0,17.4,31.0,0.0,1003.4
2025-08-31 02:00:00+00:00,14.0,90,12.5,96,11,8,95,0.0,0.0,0.0,0.0,17.4,31.0,0.0,1003.2
2025-08-31 03:00:00+00:00,13.9,91,12.4,17,13,6,3,0.0,0.0,0.0,0.0,17.1,29.9,0.0,1003.4
2025-08-31 04:00:00+00:00,13.7,91,12.3,18,15,12,0,0.0,0.0,0.0,0.0,16.5,29.5,0.0,1003.4
2025-08-31 05:00:00+00:00,13.8,90,12.2,30,17,20,4,0.0,0.0,0.0,0.0,16.4,29.5,0.0,1003.5
2025-08-31 06:00:00+00:00,14.2,89,12.3,41,19,30,5,12.0,5.0,76.9,7.0,16.5,31.3,0.0,1003.7
2025-08-31 07:00:00+00:00,15.5,85,13.0,44,17,33,1,89.0,45.0,251.3,44.0,18.9,36.4,0.0,1003.8
2025-08-31 08:00:00+00:00,17.0,81,13.7,48,17,41,0,216.0,149.0,442.8,67.0,20.2,41.0,0.0,1004.2
2025-08-31 09:00:00+00:00,17.9,78,14.1,51,32,31,0,329.0,231.0,482.5,98.0,20.8,47.5,0.0,1004.2
2025-08-31 10:00:00+00:00,18.2,75,13.7,68,36,59,0,451.0,331.0,555.1,120.0,22.8,52.6,0.0,1003.9
2025-08-31 11:00:00+00:00,18.5,73,13.5,56,18,51,0,520.0,357.0,524.3,163.0,24.2,56.5,0.0,1003.7
2025-08-31 12:00:00+00:00,18.7,71,13.4,41,15,34,0,502.0,290.0,398.9,212.0,25.0,58.0,0.1,1003.7
2025-08-31 13:00:00+00:00,19.3,69,13.5,49,17,41,4,469.0,266.0,363.8,203.0,25.7,51.5,0.2,1003.8
2025-08-31 14:00:00+00:00,18.3,74,13.5,43,22,37,0,472.0,264.0,380.8,208.0,28.3,60.5,1.7,1003.2
2025-08-31 15:00:00+00:00,18.2,76,14.0,51,34,35,2,339.0,144.0,233.8,195.0,28.8,53.6,0.4,1003.6
2025-08-31 16:00:00+00:00,19.1,71,13.6,39,19,26,0,280.0,129.0,255.9,151.0,26.8,46.4,0.1,1003.2
2025-08-31 17:00:00+00:00,18.6,66,12.0,18,11,10,3,257.0,163.0,445.6,94.0,24.4,47.5,0.0,1003.1
2025-08-31 18:00:00+00:00,17.8,67,11.6,7,7,6,0,136.0,83.0,394.9,53.0,21.7,41.8,0.0,1003.3
2025-08-31 19:00:00+00:00,16.5,74,11.8,12,11,7,0,22.0,11.0,136.5,11.0,19.2,35.6,0.0,1003.2
2025-08-31 20:00:00+00:00,15.6,78,11.8,10,10,4,0,0.0,0.0,0.0,0.0,18.4,32.8,0.0,1003.4
2025-08-31 21:00:00+00:00,15.3,80,11.8,18,15,11,0,0.0,0.0,0.0,0.0,18.4,33.1,0.0,1003.5
2025-08-31 22:00:00+00:00,15.2,81,11.9,34,19,22,10,0.0,0.0,0.0,0.0,18.9,33.1,0.0,1003.5
2025-08-31 23:00:00+00:00,15.0,82,12.0,35,17,12,19,0.0,0.0,0.0,0.0,19.4,34.2,0.0,1003.1
2025-09-01 00:00:00+00:00,15.0,82,12.0,26,17,8,9,0.0,0.0,0.0,0.0,19.7,35.6,0.0,1002.9
2025-09-01 01:00:00+00:00,15.0,82,12.0,40,21,15,22,0.0,0.0,0.0,0.0,20.7,36.4,0.0,1002.9
2025-09-01 02:00:00+00:00,14.9,84,12.3,57,28,22,40,0.0,0.0,0.0,0.0,21.1,36.4,0.0,1002.3
2025-09-01 03:00:00+00:00,14.8,86,12.5,76,30,19,63,0.0,0.0,0.0,0.0,21.4,38.5,0.1,1001.8
2025-09-01 04:00:00+00:00,14.6,88,12.6,67,32,22,53,0.0,0.0,0.0,0.0,20.5,37.8,0.1,1001.7
2025-09-01 05:00:00+00:00,14.7,90,13.1,46,36,31,0,0.0,0.0,0.0,0.0,20.2,37.4,0.1,1001.4
2025-09-01 06:00:00+00:00,14.9,90,13.2,59,45,35,6,10.0,3.0,47.5,7.0,20.8,38.2,0.1,1001.8
2025-09-01 07:00:00+00:00,15.7,87,13.6,57,51,14,10,69.0,28.0,159.9,41.0,21.1,41.0,0.1,1001.9
2025-09-01 08:00:00+00:00,16.7,84,13.9,75,65,27,26,189.0,106.0,318.7,83.0,21.3,44.3,0.2,1002.1
2025-09-01 09:00:00+00:00,17.1,83,14.2,88,66,35,41,301.0,198.0,416.9,103.0,21.9,45.0,0.1,1002.4
2025-09-01 10:00:00+00:00,18.3,78,14.4,81,47,20,63,424.0,280.0,472.6,144.0,22.4,47.2,0.1,1002.4
2025-09-01 11:00:00+00:00,18.4,75,13.9,69,32,25,37,462.0,283.0,418.1,179.0,21.8,49.3,0.1,1002.8
2025-09-01 12:00:00+00:00,18.4,76,14.1,49,19,15,30,437.0,273.0,377.7,164.0,22.5,48.6,0.5,1002.7
2025-09-01 13:00:00+00:00,18.9,73,13.9,71,26,37,47,606.0,381.0,524.2,225.0,23.1,51.5,0.1,1002.9
2025-09-01 14:00:00+00:00,18.7,73,13.8,77,20,38,62,481.0,260.0,377.6,221.0,25.9,51.1,0.6,1003.2
2025-09-01 15:00:00+00:00,19.3,67,13.1,40,10,29,12,449.0,275.0,450.1,174.0,21.7,46.1,0.1,1003.1
2025-09-01 16:00:00+00:00,18.6,68,12.6,31,20,22,0,366.0,251.0,503.0,115.0,20.0,45.0,0.1,1003.1
2025-09-01 17:00:00+00:00,18.2,69,12.3,34,19,28,2,227.0,154.0,427.3,73.0,19.8,37.1,0.0,1003.7
2025-09-01 18:00:00+00:00,17.4,70,11.9,60,41,38,4,110.0,64.0,312.8,46.0,19.2,31.0,0.0,1004.4
2025-09-01 19:00:00+00:00,16.4,74,11.7,44,24,37,0,17.0,7.0,90.0,10.0,14.7,26.6,0.0,1004.7
2025-09-01 20:00:00+00:00,15.3,79,11.7,34,9,30,2,0.0,0.0,0.0,0.0,13.5,23.8,0.0,1005.4
2025-09-01 21:00:00+00:00,14.7,82,11.8,36,12,33,4,0.0,0.0,0.0,0.0,13.4,23.8,0.0,1005.6
2025-09-01 22:00:00+00:00,13.9,93,12.7,56,6,26,46,0.0,0.0,0.0,0.0,12.2,22.7,0.0,1005.5
2025-09-01 23:00:00+00:00,13.6,93,12.4,46,0,13,38,0.0,0.0,0.0,0.0,11.4,21.6,0.0,1005.4
2025-09-02 00:00:00+00:00,13.6,92,12.4,41,7,19,30,0.0,0.0,0.0,0.0,13.2,22.3,0.0,1005.6
2025-09-02 01:00:00+00:00,13.2,94,12.2,33,5,31,2,0.0,0.0,0.0,0.0,12.4,22.3,0.0,1005.6
2025-09-02 02:00:00+00:00,12.9,95,12.1,29,2,29,0,0.0,0.0,0.0,0.0,12.4,23.8,0.0,1005.1
2025-09-02 03:00:00+00:00,12.6,95,11.8,34,5,33,0,0.0,0.0,0.0,0.0,12.1,24.1,0.0,1004.8
2025-09-02 04:00:00+00:00,12.6,95,11.9,17,7,4,7,0.0,0.0,0.0,0.0,11.9,23.0,0.0,1004.2
2025-09-02 05:00:00+00:00,12.8,95,12.0,65,15,22,53,0.0,0.0,0.0,0.0,13.1,25.9,0.0,1003.8
2025-09-02 06:00:00+00:00,13.0,95,12.2,98,18,44,96,8.0,1.0,16.4,7.0,13.3,25.2,0.2,1003.4
2025-09-02 07:00:00+00:00,13.9,97,13.5,100,35,100,87,75.0,27.0,157.8,48.0,15.4,26.3,0.2,1002.9
2025-09-02 08:00:00+00:00,14.8,98,14.5,100,50,99,85,114.0,48.0,146.0,66.0,15.8,28.8,0.7,1002.8
2025-09-02 09:00:00+00:00,15.2,95,14.4,100,42,100,52,127.0,36.0,76.4,91.0,19.6,31.3,0.9,1002.5
2025-09-02 10:00:00+00:00,15.3,93,14.1,78,35,76,20,104.0,1.0,1.7,103.0,17.5,36.4,0.9,1002.2
2025-09-02 11:00:00+00:00,15.9,93,14.7,98,95,95,10,89.0,0.0,0.0,89.0,18.1,36.0,1.4,1001.6
2025-09-02 12:00:00+00:00,16.6,91,15.1,100,100,89,1,118.0,13.0,18.1,105.0,17.8,38.5,1.0,1001.1
2025-09-02 13:00:00+00:00,17.5,88,15.5,92,87,33,27,148.0,11.0,15.2,137.0,16.5,28.8,0.6,1000.5
2025-09-02 14:00:00+00:00,18.5,84,15.8,80,39,17,57,186.0,54.0,79.0,132.0,14.0,25.6,0.1,1000.3
2025-09-02 15:00:00+00:00,19.2,80,15.6,99,28,18,98,366.0,216.0,356.4,150.0,16.4,36.0,0.1,999.7
2025-09-02 16:00:00+00:00,19.4,78,15.4,100,29,15,100,305.0,180.0,364.5,125.0,18.1,36.7,0.1,999.9
2025-09-02 17:00:00+00:00,18.8,81,15.5,41,26,17,9,189.0,98.0,276.1,91.0,17.2,31.0,0.0,999.8
2025-09-02 18:00:00+00:00,18.2,86,15.8,79,65,15,33,91.0,36.0,180.9,55.0,14.3,25.6,0.0,999.5
2025-09-02 19:00:00+00:00,17.6,90,15.9,100,36,7,99,14.0,4.0,53.3,10.0,12.2,22.3,0.0,999.6
2025-09-02 20:00:00+00:00,17.2,92,15.8,100,51,16,100,0.0,0.0,0.0,0.0,13.5,23.4,0.0,1000.2
2025-09-02 21:00:00+00:00,17.2,89,15.3,100,38,63,99,0.0,0.0,0.0,0.0,15.9,28.4,0.0,1000.3
2025-09-02 22:00:00+00:00,16.9,91,15.4,100,19,100,100,0.0,0.0,0.0,0.0,19.8,34.2,0.0,1000.5
2025-09-02 23:00:00+00:00,16.7,89,14.8,100,20,100,79,0.0,0.0,0.0,0.0,18.2,33.1,0.0,1000.6
2025-09-03 00:00:00+00:00,16.3,89,14.5,100,6,99,98,0.0,0.0,0.0,0.0,13.9,30.6,0.2,1000.2
2025-09-03 01:00:00+00:00,16.2,91,14.8,100,36,100,100,0.0,0.0,0.0,0.0,15.3,31.7,1.0,999.0
2025-09-03 02:00:00+00:00,15.9,96,15.2,100,100,99,95,0.0,0.0,0.0,0.0,18.5,51.1,2.7,997.8
2025-09-03 03:00:00+00:00,17.0,96,16.4,99,98,99,96,0.0,0.0,0.0,0.0,31.1,52.6,2.3,995.9
2025-09-03 04:00:00+00:00,18.5,95,17.7,96,76,87,0,0.0,0.0,0.0,0.0,41.4,69.1,0.7,995.4
2025-09-03 05:00:00+00:00,18.2,94,17.3,99,98,57,4,0.0,0.0,0.0,0.0,35.8,65.9,0.1,995.1
2025-09-03 06:00:00+00:00,18.2,92,16.9,100,100,11,37,2.0,0.0,0.0,2.0,35.1,68.0,0.2,994.6
2025-09-03 07:00:00+00:00,18.2,91,16.6,100,100,25,95,24.0,0.0,0.0,24.0,34.1,62.6,0.6,995.0
2025-09-03 08:00:00+00:00,18.0,91,16.5,100,100,80,87,39.0,0.0,0.0,39.0,32.9,60.8,0.7,995.4
2025-09-03 09:00:00+00:00,18.2,90,16.6,98,62,91,71,68.0,11.0,23.5,57.0,33.3,60.8,1.0,995.6
2025-09-03 10:00:00+00:00,18.8,88,16.7,82,29,69,44,94.0,2.0,3.4,92.0,27.3,64.1,1.1,995.7
2025-09-03 11:00:00+00:00,18.5,88,16.5,90,85,23,24,191.0,44.0,65.8,147.0,29.3,68.4,0.7,995.0
2025-09-03 12:00:00+00:00,18.3,91,16.9,99,99,25,37,119.0,10.0,14.0,109.0,30.1,68.8,1.1,994.2
2025-09-03 13:00:00+00:00,18.9,88,16.8,63,43,5,33,178.0,5.0,7.0,173.0,27.4,53.6,1.5,994.2
2025-09-03 14:00:00+00:00,20.3,83,17.3,76,30,41,49,384.0,192.0,282.7,192.0,32.4,51.8,0.3,994.9
2025-09-03 15:00:00+00:00,19.2,83,16.3,30,14,20,0,322.0,206.0,342.7,116.0,26.1,48.6,0.2,996.3
2025-09-03 16:00:00+00:00,19.5,79,15.8,29,20,22,0,282.0,193.0,395.0,89.0,26.8,52.9,0.0,997.1
2025-09-03 17:00:00+00:00,18.9,77,14.7,35,22,30,0,217.0,150.0,429.1,67.0,26.1,46.4,0.1,998.3
2025-09-03 18:00:00+00:00,17.8,78,13.9,41,31,32,2,87.0,45.0,232.7,42.0,24.3,42.1,0.1,999.4
2025-09-03 19:00:00+00:00,17.0,81,13.7,39,31,31,3,13.0,6.0,83.1,7.0,21.0,37.8,0.0,1000.4
2025-09-03 20:00:00+00:00,16.4,83,13.6,43,37,26,0,0.0,0.0,0.0,0.0,19.8,35.6,0.0,1001.6
2025-09-03 21:00:00+00:00,16.1,84,13.4,49,40,36,0,0.0,0.0,0.0,0.0,19.1,33.8,0.0,1002.4
2025-09-03 22:00:00+00:00,15.6,86,13.3,54,2,54,0,0.0,0.0,0.0,0.0,19.6,32.8,0.0,1003.1
2025-09-03 23:00:00+00:00,15.0,89,13.2,64,5,64,0,0.0,0.0,0.0,0.0,18.1,29.9,0.0,1003.8
2025-09-04 00:00:00+00:00,14.5,92,13.3,61,16,56,0,0.0,0.0,0.0,0.0,17.4,27.7,0.0,1004.3
2025-09-04 01:00:00+00:00,14.6,92,13.2,60,17,44,26,0.0,0.0,0.0,0.0,15.2,28.1,0.0,1004.4
2025-09-04 02:00:00+00:00,14.5,90,12.9,66,9,31,56,0.0,0.0,0.0,0.0,13.4,29.5,0.0,1004.2
2025-09-04 03:00:00+00:00,14.7,88,12.7,94,13,49,83,0.0,0.0,0.0,0.0,11.8,35.6,0.1,1003.9
2025-09-04 04:00:00+00:00,14.3,92,13.1,99,73,84,74,0.0,0.0,0.0,0.0,16.7,36.4,0.6,1003.3
2025-09-04 05:00:00+00:00,14.5,93,13.4,89,77,83,34,0.0,0.0,0.0,0.0,24.2,40.7,0.8,1002.6
2025-09-04 06:00:00+00:00,13.9,94,12.9,41,14,19,28,4.0,0.0,0.0,4.0,22.6,35.3,0.9,1002.9
2025-09-04 07:00:00+00:00,14.2,90,12.7,28,9,25,2,79.0,40.0,245.1,39.0,21.0,38.2,0.0,1003.1
2025-09-04 08:00:00+00:00,14.4,90,12.8,53,29,40,0,196.0,126.0,392.6,70.0,23.1,45.4,0.6,1003.7
2025-09-04 09:00:00+00:00,15.0,88,13.0,91,89,29,0,297.0,195.0,420.9,102.0,20.4,42.1,0.1,1003.6
2025-09-04 10:00:00+00:00,16.3,84,13.5,70,39,28,47,392.0,246.0,423.7,146.0,21.4,45.7,0.1,1004.3
2025-09-04 11:00:00+00:00,17.0,76,12.7,79,11,42,61,442.0,280.0,421.2,162.0,21.8,46.8,0.0,1004.8
2025-09-04 12:00:00+00:00,17.8,64,10.9,60,11,54,7,431.0,236.0,332.4,195.0,24.5,49.7,0.0,1005.6
2025-09-04 13:00:00+00:00,18.2,60,10.3,49,28,47,2,421.0,221.0,309.8,200.0,24.5,49.7,0.0,1006.9
2025-09-04 14:00:00+00:00,18.8,56,9.7,61,21,48,24,457.0,312.0,462.5,145.0,23.5,46.8,0.0,1007.6
2025-09-04 15:00:00+00:00,19.0,57,10.2,64,29,40,33,374.0,230.0,385.9,144.0,22.9,42.8,0.0,1008.2
2025-09-04 16:00:00+00:00,18.7,60,10.8,42,27,29,1,300.0,200.0,413.8,100.0,20.9,40.0,0.0,1008.9
2025-09-04 17:00:00+00:00,18.0,64,11.1,32,16,23,3,199.0,116.0,337.1,83.0,17.5,31.3,0.0,1009.6
2025-09-04 18:00:00+00:00,17.0,69,11.3,33,12,26,3,106.0,60.0,319.7,46.0,14.4,27.4,0.0,1010.5
2025-09-04 19:00:00+00:00,15.5,75,11.1,42,18,35,8,14.0,6.0,86.5,8.0,13.8,23.8,0.0,1011.5
2025-09-04 20:00:00+00:00,14.4,81,11.3,33,12,23,8,0.0,0.0,0.0,0.0,13.5,24.1,0.0,1012.6
2025-09-04 21:00:00+00:00,13.8,86,11.5,30,15,22,0,0.0,0.0,0.0,0.0,12.9,22.7,0.0,1013.4
2025-09-04 22:00:00+00:00,13.0,90,11.3,32,21,20,0,0.0,0.0,0.0,0.0,13.7,21.6,0.0,1014.3
2025-09-04 23:00:00+00:00,12.5,92,11.3,21,8,20,0,0.0,0.0,0.0,0.0,13.0,19.8,0.0,1014.6
2025-09-05 00:00:00+00:00,12.5,93,11.4,9,0,9,0,0.0,0.0,0.0,0.0,12.0,19.1,0.0,1015.3
2025-09-05 01:00:00+00:00,12.0,94,11.0,6,0,6,0,0.0,0.0,0.0,0.0,11.3,18.4,0.0,1015.6
2025-09-05 02:00:00+00:00,11.5,95,10.7,4,2,2,0,0.0,0.0,0.0,0.0,11.2,19.1,0.0,1016.2
2025-09-05 03:00:00+00:00,11.2,96,10.5,18,7,9,5,0.0,0.0,0.0,0.0,11.1,19.1,0.0,1016.7
2025-09-05 04:00:00+00:00,10.9,96,10.3,6,3,5,0,0.0,0.0,0.0,0.0,11.0,18.0,0.0,1017.3
2025-09-05 05:00:00+00:00,10.8,96,10.2,9,7,6,0,0.0,0.0,0.0,0.0,10.0,16.9,0.0,1018.0
2025-09-05 06:00:00+00:00,10.8,97,10.3,9,5,9,0,8.0,3.0,54.4,5.0,9.6,15.8,0.0,1018.9
2025-09-05 07:00:00+00:00,12.6,96,12.0,18,8,17,0,105.0,65.0,408.4,40.0,10.3,18.7,0.0,1019.5
2025-09-05 08:00:00+00:00,15.0,89,13.3,12,2,12,0,240.0,169.0,533.2,71.0,9.7,20.9,0.0,1020.1
2025-09-05 09:00:00+00:00,17.1,79,13.5,12,8,7,0,395.0,302.0,657.4,93.0,10.4,24.5,0.0,1020.6
2025-09-05 10:00:00+00:00,18.8,67,12.5,23,17,18,0,539.0,436.0,756.2,103.0,9.3,25.2,0.1,1021.0
2025-09-05 11:00:00+00:00,19.6,63,12.3,35,21,29,0,569.0,445.0,673.6,124.0,9.6,27.7,0.1,1021.1
2025-09-05 12:00:00+00:00,20.0,60,11.9,77,75,34,0,492.0,316.0,447.8,176.0,11.2,30.6,0.0,1021.3
2025-09-05 13:00:00+00:00,20.4,60,12.4,74,68,20,9,423.0,236.0,332.9,187.0,12.3,30.6,0.0,1021.4
2025-09-05 14:00:00+00:00,20.5,59,12.1,93,54,38,79,399.0,228.0,340.4,171.0,12.7,29.9,0.1,1021.3
2025-09-05 15:00:00+00:00,20.7,58,12.1,100,54,33,100,388.0,212.0,358.7,176.0,13.2,29.5,0.0,1021.3
2025-09-05 16:00:00+00:00,20.2,59,12.0,100,26,29,100,295.0,163.0,341.0,132.0,14.1,28.1,0.0,1021.4
2025-09-05 17:00:00+00:00,19.4,64,12.5,98,25,20,98,186.0,75.0,221.6,111.0,13.4,23.8,0.0,1021.6
2025-09-05 18:00:00+00:00,18.2,70,12.6,100,20,16,100,87.0,17.0,93.4,70.0,12.0,20.2,0.0,1021.8
2025-09-05 19:00:00+00:00,16.2,79,12.6,100,8,11,100,12.0,1.0,15.0,11.0,9.5,16.6,0.0,1022.0
2025-09-05 20:00:00+00:00,15.2,86,12.8,100,3,6,100,0.0,0.0,0.0,0.0,7.3,12.2,0.0,1022.2
2025-09-05 21:00:00+00:00,14.1,90,12.4,100,4,5,100,0.0,0.0,0.0,0.0,5.4,9.4,0.0,1022.1
2025-09-05 22:00:00+00:00,13.2,92,11.9,100,1,2,100,0.0,0.0,0.0,0.0,6.3,10.1,0.0,1021.8
2025-09-05 23:00:00+00:00,13.1,93,11.9,100,1,1,100,0.0,0.0,0.0,0.0,5.6,9.7,0.0,1021.8
2025-09-06 00:00:00+00:00,12.9,93,11.8,44,3,1,42,0.0,0.0,0.0,0.0,7.3,11.5,0.0,1021.9
2025-09-06 01:00:00+00:00,12.9,93,11.9,75,20,0,73,0.0,0.0,0.0,0.0,7.1,13.0,0.0,1021.9
2025-09-06 02:00:00+00:00,12.6,94,11.6,100,33,0,100,0.0,0.0,0.0,0.0,7.8,13.3,0.0,1021.6
2025-09-06 03:00:00+00:00,12.6,95,11.7,100,47,0,100,0.0,0.0,0.0,0.0,8.9,13.7,0.0,1021.0
2025-09-06 04:00:00+00:00,12.7,95,11.9,100,35,0,100,0.0,0.0,0.0,0.0,9.8,16.2,0.0,1020.4
2025-09-06 05:00:00+00:00,13.3,94,12.4,99,31,0,99,0.0,0.0,0.0,0.0,11.5,19.4,0.0,1019.8
2025-09-06 06:00:00+00:00,13.7,94,12.7,99,15,0,99,5.0,0.0,0.0,5.0,12.7,20.9,0.0,1019.8
2025-09-06 07:00:00+00:00,14.9,93,13.7,100,5,0,100,71.0,19.0,122.5,52.0,15.1,27.4,0.0,1019.6
2025-09-06 08:00:00+00:00,16.8,89,14.9,100,2,0,100,185.0,57.0,182.1,128.0,16.8,33.5,0.0,1019.0
2025-09-06 09:00:00+00:00,18.4,80,14.8,98,8,0,98,321.0,163.0,357.9,158.0,19.7,38.2,0.0,1018.9
2025-09-06 10:00:00+00:00,20.1,69,14.2,91,10,0,90,512.0,389.0,679.5,123.0,21.8,44.6,0.0,1017.9
2025-09-06 11:00:00+00:00,20.9,62,13.3,99,10,0,99,620.0,469.0,714.5,151.0,24.7,50.0,0.0,1017.4
2025-09-06 12:00:00+00:00,21.1,58,12.5,93,7,0,93,629.0,418.0,596.0,211.0,25.5,49.7,0.0,1016.9
2025-09-06 13:00:00+00:00,21.5,55,12.0,100,2,0,100,656.0,509.0,722.8,147.0,25.5,50.4,0.0,1016.2
2025-09-06 14:00:00+00:00,21.5,55,12.0,95,0,0,95,642.0,506.0,761.1,136.0,25.7,53.3,0.0,1015.3
2025-09-06 15:00:00+00:00,21.1,57,12.4,38,0,0,38,504.0,338.0,577.0,166.0,25.9,52.2,0.0,1014.3
2025-09-06 16:00:00+00:00,21.2,58,12.5,21,0,0,21,380.0,210.0,444.3,170.0,24.8,47.5,0.0,1013.5
2025-09-06 17:00:00+00:00,21.0,58,12.4,31,0,0,31,238.0,112.0,336.5,126.0,22.1,42.5,0.0,1012.9
2025-09-06 18:00:00+00:00,20.3,59,12.1,37,0,0,37,99.0,27.0,153.3,72.0,21.2,40.7,0.0,1012.6
2025-09-06 19:00:00+00:00,19.3,62,11.9,52,1,0,52,14.0,6.0,94.4,8.0,22.6,40.3,0.0,1012.2
2025-09-06 20:00:00+00:00,19.0,65,12.3,49,1,0,49,0.0,0.0,0.0,0.0,23.5,42.1,0.0,1011.7
2025-09-06 21:00:00+00:00,18.9,68,12.8,61,2,2,61,0.0,0.0,0.0,0.0,23.1,41.0,0.0,1011.7
2025-09-06 22:00:00+00:00,18.7,72,13.6,79,4,6,78,0.0,0.0,0.0,0.0,25.0,42.1,0.0,1011.0
2025-09-06 23:00:00+00:00,18.3,73,13.3,90,3,3,90,0.0,0.0,0.0,0.0,23.8,40.3,0.0,1010.7
2025-09-07 00:00:00+00:00,18.2,74,13.4,89,0,0,89,0.0,0.0,0.0,0.0,22.0,37.1,0.0,1010.0
2025-09-07 01:00:00+00:00,18.4,73,13.5,71,0,0,71,0.0,0.0,0.0,0.0,20.5,34.6,0.0,1009.5
2025-09-07 02:00:00+00:00,18.1,75,13.6,85,0,0,85,0.0,0.0,0.0,0.0,18.7,32.0,0.0,1009.1
2025-09-07 03:00:00+00:00,17.6,78,13.7,100,0,0,100,0.0,0.0,0.0,0.0,17.5,29.2,0.0,1008.7
2025-09-07 04:00:00+00:00,17.1,81,13.8,100,0,0,100,0.0,0.0,0.0,0.0,16.9,25.2,0.0,1008.3
2025-09-07 05:00:00+00:00,17.0,83,14.1,100,0,0,100,0.0,0.0,0.0,0.0,16.3,24.5,0.0,1007.8
2025-09-07 06:00:00+00:00,17.1,84,14.3,99,0,5,99,6.0,0.0,0.0,6.0,16.7,23.4,0.0,1007.4
2025-09-07 07:00:00+00:00,18.1,82,15.1,99,0,40,98,83.0,32.0,211.8,51.0,15.8,29.2,0.0,1006.7
2025-09-07 08:00:00+00:00,19.6,79,15.9,99,0,89,76,210.0,105.0,339.8,105.0,14.5,29.2,0.0,1007.0
2025-09-07 09:00:00+00:00,20.4,77,16.3,91,0,76,82,292.0,148.0,327.9,144.0,16.3,34.9,0.0,1006.8
2025-09-07 10:00:00+00:00,20.4,78,16.4,91,3,31,90,293.0,151.0,265.7,142.0,13.7,45.7,0.5,1006.1
2025-09-07 11:00:00+00:00,20.4,80,16.9,99,0,60,98,348.0,190.0,291.3,158.0,13.3,49.3,2.0,1006.1
2025-09-07 12:00:00+00:00,21.0,77,16.9,94,0,33,93,410.0,168.0,241.1,242.0,15.9,32.8,0.1,1005.7
2025-09-07 13:00:00+00:00,21.7,73,16.8,98,5,22,97,466.0,179.0,255.9,287.0,21.4,39.6,0.0,1006.4
2025-09-07 14:00:00+00:00,21.7,74,17.0,96,31,44,90,416.0,174.0,263.7,242.0,25.3,43.6,0.0,1006.6
2025-09-07 15:00:00+00:00,21.4,77,17.2,87,54,29,62,406.0,259.0,446.1,147.0,27.8,50.8,0.0,1007.1
2025-09-07 16:00:00+00:00,20.4,82,17.2,81,42,9,67,255.0,110.0,235.5,145.0,24.2,43.9,0.0,1007.6
2025-09-07 17:00:00+00:00,19.8,82,16.5,40,34,2,7,175.0,68.0,207.9,107.0,22.6,39.2,0.0,1008.4
2025-09-07 18:00:00+00:00,18.9,83,15.9,35,35,0,0,87.0,39.0,229.1,48.0,21.8,36.7,0.0,1009.2
2025-09-07 19:00:00+00:00,17.6,83,14.8,36,36,1,0,10.0,4.0,66.0,6.0,18.8,34.6,0.0,1010.2
2025-09-07 20:00:00+00:00,16.9,84,14.2,32,31,3,0,0.0,0.0,0.0,0.0,18.7,34.2,0.0,1011.3
2025-09-07 21:00:00+00:00,16.0,88,14.0,18,15,6,0,0.0,0.0,0.0,0.0,17.2,30.6,0.0,1012.0
2025-09-07 22:00:00+00:00,15.5,89,13.7,29,12,22,1,0.0,0.0,0.0,0.0,14.0,26.3,0.0,1012.3
2025-09-07 23:00:00+00:00,15.3,89,13.5,28,5,25,0,0.0,0.0,0.0,0.0,13.7,24.1,0.0,1012.8
2025-09-08 00:00:00+00:00,14.6,90,13.0,38,9,33,0,0.0,0.0,0.0,0.0,14.3,23.4,0.0,1013.1
2025-09-08 01:00:00+00:00,14.2,90,12.6,31,14,25,0,0.0,0.0,0.0,0.0,13.7,24.1,0.0,1013.4
2025-09-08 02:00:00+00:00,13.7,91,12.2,14,6,10,0,0.0,0.0,0.0,0.0,12.3,23.4,0.0,1013.8
2025-09-08 03:00:00+00:00,12.7,93,11.6,21,7,17,0,0.0,0.0,0.0,0.0,11.1,21.2,0.0,1013.9
2025-09-08 04:00:00+00:00,12.2,93,11.1,22,8,19,0,0.0,0.0,0.0,0.0,10.3,20.9,0.0,1014.3
2025-09-08 05:00:00+00:00,11.7,92,10.5,20,5,19,0,0.0,0.0,0.0,0.0,9.7,19.8,0.0,1014.7
2025-09-08 06:00:00+00:00,11.6,92,10.4,29,8,28,0,5.0,2.0,38.2,3.0,8.8,18.4,0.0,1015.5
2025-09-08 07:00:00+00:00,13.1,91,11.6,20,10,18,0,75.0,37.0,251.8,38.0,9.6,17.3,0.0,1016.1
2025-09-08 08:00:00+00:00,15.4,80,12.0,20,11,16,0,220.0,156.0,511.6,64.0,12.0,23.4,0.0,1016.6
2025-09-08 09:00:00+00:00,17.1,69,11.3,24,20,9,0,347.0,251.0,561.2,96.0,14.2,29.2,0.0,1016.9
2025-09-08 10:00:00+00:00,17.9,62,10.5,35,17,28,1,426.0,308.0,545.9,118.0,14.5,33.5,0.0,1017.3
2025-09-08 11:00:00+00:00,18.5,57,10.0,28,9,27,0,529.0,420.0,648.3,109.0,15.4,36.7,0.0,1017.7
2025-09-08 12:00:00+00:00,19.0,56,10.0,14,6,12,0,579.0,431.0,622.5,148.0,15.1,40.0,0.0,1016.6
2025-09-08 13:00:00+00:00,19.3,55,10.0,17,5,15,0,495.0,319.0,459.2,176.0,15.8,39.6,0.0,1017.2
2025-09-08 14:00:00+00:00,19.5,53,9.8,23,7,22,0,525.0,407.0,621.6,118.0,18.6,41.0,0.0,1016.7
2025-09-08 15:00:00+00:00,19.4,55,10.2,25,12,24,0,443.0,319.0,554.5,124.0,20.6,40.0,0.0,1017.3
2025-09-08 16:00:00+00:00,18.6,58,10.3,21,10,20,0,347.0,265.0,574.1,82.0,19.5,37.1,0.0,1016.9
2025-09-08 17:00:00+00:00,18.0,61,10.3,11,9,6,0,241.0,163.0,507.2,78.0,14.3,31.3,0.0,1017.3
2025-09-08 18:00:00+00:00,16.9,64,10.1,0,0,0,0,103.0,60.0,365.3,43.0,8.3,22.3,0.0,1017.2
2025-09-08 19:00:00+00:00,14.8,73,10.0,2,2,0,0,10.0,4.0,69.4,6.0,7.8,14.4,0.0,1017.5
2025-09-08 20:00:00+00:00,13.3,80,9.9,2,2,1,0,0.0,0.0,0.0,0.0,8.4,15.5,0.0,1018.2
2025-09-08 21:00:00+00:00,12.8,82,9.8,4,4,1,0,0.0,0.0,0.0,0.0,8.6,15.5,0.0,1018.1
2025-09-08 22:00:00+00:00,12.2,85,9.8,53,5,44,35,0.0,0.0,0.0,0.0,11.6,15.1,0.0,1017.8
2025-09-08 23:00:00+00:00,11.8,87,9.7,25,9,23,0,0.0,0.0,0.0,0.0,9.5,14.8,0.0,1017.8
2025-09-09 00:00:00+00:00,11.1,89,9.4,7,0,6,0,0.0,0.0,0.0,0.0,6.7,14.0,0.0,1017.3
2025-09-09 01:00:00+00:00,10.9,90,9.3,5,2,5,0,0.0,0.0,0.0,0.0,7.5,13.7,0.0,1017.1
2025-09-09 02:00:00+00:00,10.4,91,8.9,14,10,12,0,0.0,0.0,0.0,0.0,7.9,13.3,0.0,1016.9
2025-09-09 03:00:00+00:00,9.8,92,8.5,21,15,11,3,0.0,0.0,0.0,0.0,8.4,13.0,0.0,1016.6
2025-09-09 04:00:00+00:00,9.8,93,8.6,29,13,5,20,0.0,0.0,0.0,0.0,8.2,12.2,0.0,1016.3
2025-09-09 05:00:00+00:00,9.7,93,8.6,58,17,16,47,0.0,0.0,0.0,0.0,7.7,12.6,0.0,1016.2
2025-09-09 06:00:00+00:00,10.4,93,9.3,72,24,18,61,5.0,1.0,19.1,4.0,7.8,13.7,0.0,1016.2
2025-09-09 07:00:00+00:00,12.6,91,11.2,38,30,22,3,84.0,42.0,294.0,42.0,11.2,19.8,0.1,1016.5
2025-09-09 08:00:00+00:00,15.4,84,12.7,38,19,29,0,198.0,133.0,442.0,65.0,13.4,25.2,0.1,1016.5
2025-09-09 09:00:00+00:00,16.8,76,12.6,52,30,25,14,357.0,260.0,586.7,97.0,15.3,34.2,0.0,1016.2
2025-09-09 10:00:00+00:00,17.9,71,12.5,57,11,21,42,440.0,307.0,548.2,133.0,15.3,36.4,0.1,1015.7
2025-09-09 11:00:00+00:00,18.7,68,12.7,98,15,21,96,464.0,306.0,475.6,158.0,18.2,38.2,0.1,1015.2
2025-09-09 12:00:00+00:00,18.7,67,12.4,94,15,28,91,527.0,312.0,453.7,215.0,20.5,41.4,0.2,1014.9
2025-09-09 13:00:00+00:00,18.7,66,12.3,84,7,26,78,426.0,205.0,297.2,221.0,20.9,41.0,0.1,1014.7
2025-09-09 14:00:00+00:00,18.7,64,11.8,85,8,32,76,387.0,118.0,181.6,269.0,20.5,39.6,0.3,1014.3
2025-09-09 15:00:00+00:00,18.5,65,11.7,91,16,38,84,284.0,60.0,105.3,224.0,20.2,38.5,0.6,1013.7
2025-09-09 16:00:00+00:00,18.1,68,12.1,95,8,46,86,235.0,43.0,94.3,192.0,17.5,35.6,0.4,1013.4
2025-09-09 17:00:00+00:00,17.2,72,12.2,92,18,53,84,131.0,26.0,82.4,105.0,14.8,31.7,0.4,1012.8
2025-09-09 18:00:00+00:00,16.6,75,12.1,96,3,75,85,53.0,10.0,63.2,43.0,11.0,26.3,0.2,1012.4
2025-09-09 19:00:00+00:00,15.6,78,11.8,91,2,62,82,6.0,1.0,18.3,5.0,11.5,19.4,1.0,1012.1
2025-09-09 20:00:00+00:00,15.0,81,11.8,95,1,88,67,0.0,0.0,0.0,0.0,13.6,27.0,0.3,1011.9
2025-09-09 21:00:00+00:00,15.0,83,12.1,93,0,81,62,0.0,0.0,0.0,0.0,15.3,29.2,0.3,1011.1
2025-09-09 22:00:00+00:00,15.1,82,12.0,55,4,35,32,0.0,0.0,0.0,0.0,13.8,30.2,0.2,1010.0
2025-09-09 23:00:00+00:00,15.2,83,12.2,58,1,38,32,0.0,0.0,0.0,0.0,14.7,38.2,0.4,1009.2
2025-09-10 00:00:00+00:00,15.3,83,12.4,45,5,21,32,0.0,0.0,0.0,0.0,14.4,38.9,0.6,1008.3
2025-09-10 01:00:00+00:00,15.0,84,12.4,63,11,31,42,0.0,0.0,0.0,0.0,15.3,39.6,0.8,1007.2
2025-09-10 02:00:00+00:00,14.7,87,12.6,61,10,47,23,0.0,0.0,0.0,0.0,16.8,42.1,0.6,1006.7
2025-09-10 03:00:00+00:00,14.7,88,12.8,54,13,45,12,0.0,0.0,0.0,0.0,17.3,43.9,0.7,1005.8
2025-09-10 04:00:00+00:00,14.7,90,13.2,84,47,72,22,0.0,0.0,0.0,0.0,18.4,43.2,1.8,1004.8
2025-09-10 05:00:00+00:00,14.4,93,13.3,98,80,58,72,0.0,0.0,0.0,0.0,18.6,37.8,1.2,1004.1
2025-09-10 06:00:00+00:00,14.1,95,13.3,100,99,47,91,1.0,0.0,0.0,1.0,16.7,27.4,0.3,1003.3
2025-09-10 07:00:00+00:00,14.6,93,13.5,100,98,33,85,37.0,9.0,64.9,28.0,14.9,27.4,0.7,1003.0
2025-09-10 08:00:00+00:00,15.3,90,13.7,83,52,52,45,89.0,23.0,77.5,66.0,12.8,26.3,0.2,1002.8
2025-09-10 09:00:00+00:00,16.2,87,14.0,68,28,61,6,206.0,87.0,198.2,119.0,13.7,31.3,0.1,1002.5
2025-09-10 10:00:00+00:00,16.9,81,13.6,55,35,42,5,315.0,161.0,289.7,154.0,13.8,37.8,0.1,1002.1
2025-09-10 11:00:00+00:00,17.1,84,14.3,97,49,93,0,382.0,205.0,320.8,177.0,18.9,39.2,0.7,1001.7
2025-09-10 12:00:00+00:00,15.9,85,13.4,98,40,98,1,230.0,55.0,80.5,175.0,21.8,40.7,1.9,1001.2
2025-09-10 13:00:00+00:00,15.6,94,14.7,90,42,86,0,154.0,20.0,29.2,134.0,20.2,36.4,0.8,1000.8
2025-09-10 14:00:00+00:00,15.9,96,15.3,82,43,75,0,97.0,0.0,0.0,97.0,19.6,32.0,0.6,1000.4
2025-09-10 15:00:00+00:00,16.1,95,15.2,79,55,64,0,101.0,12.0,21.3,89.0,21.9,32.8,0.2,999.8
2025-09-10 16:00:00+00:00,16.6,90,15.0,92,87,62,0,82.0,18.0,40.0,64.0,22.8,37.1,0.1,999.1
2025-09-10 17:00:00+00:00,16.6,89,14.7,100,100,68,0,117.0,44.0,142.1,73.0,20.7,37.1,0.2,998.8
2025-09-10 18:00:00+00:00,16.4,89,14.5,79,76,26,0,42.0,15.0,98.6,27.0,21.8,34.2,0.1,998.6
2025-09-10 19:00:00+00:00,15.8,90,14.2,43,35,29,0,4.0,1.0,19.1,3.0,19.0,35.6,0.1,999.3
2025-09-10 20:00:00+00:00,14.8,90,13.3,37,27,29,0,0.0,0.0,0.0,0.0,19.7,36.4,0.0,1000.2
2025-09-10 21:00:00+00:00,14.0,90,12.4,30,21,22,0,0.0,0.0,0.0,0.0,20.0,37.1,0.0,1000.8
2025-09-10 22:00:00+00:00,13.7,90,12.0,29,23,16,0,0.0,0.0,0.0,0.0,18.4,37.4,0.0,1001.2
2025-09-10 23:00:00+00:00,13.2,89,11.5,14,11,9,0,0.0,0.0,0.0,0.0,18.5,36.4,0.0,1001.8
2025-09-11 00:00:00+00:00,12.9,89,11.1,18,16,15,0,0.0,0.0,0.0,0.0,18.3,34.9,0.0,1002.5
2025-09-11 01:00:00+00:00,12.5,89,10.8,37,37,22,0,0.0,0.0,0.0,0.0,17.7,33.1,0.0,1002.7
2025-09-11 02:00:00+00:00,12.3,89,10.6,31,22,24,0,0.0,0.0,0.0,0.0,17.7,31.3,0.0,1002.7
2025-09-11 03:00:00+00:00,12.5,89,10.7,51,25,48,0,0.0,0.0,0.0,0.0,17.2,31.0,0.0,1002.7
2025-09-11 04:00:00+00:00,12.7,88,10.8,48,8,46,0,0.0,0.0,0.0,0.0,17.5,31.0,0.0,1002.6
2025-09-11 05:00:00+00:00,12.9,88,11.0,35,8,31,4,0.0,0.0,0.0,0.0,17.1,30.6,0.0,1002.5
2025-09-11 06:00:00+00:00,12.9,88,11.0,33,11,30,0,3.0,1.0,19.1,2.0,17.8,32.8,0.0,1002.7
2025-09-11 07:00:00+00:00,13.5,86,11.2,33,13,28,1,55.0,27.0,200.6,28.0,19.0,35.3,0.0,1003.4
2025-09-11 08:00:00+00:00,14.3,81,11.1,28,14,25,0,202.0,136.0,464.7,66.0,19.1,39.2,0.1,1003.6
2025-09-11 09:00:00+00:00,15.7,70,10.2,32,17,23,0,334.0,238.0,547.3,96.0,22.3,45.4,0.0,1003.5
2025-09-11 10:00:00+00:00,16.4,68,10.6,32,19,18,8,472.0,368.0,667.3,104.0,20.9,56.5,0.0,1003.9
2025-09-11 11:00:00+00:00,16.9,64,10.0,69,13,26,58,610.0,512.0,806.9,98.0,24.3,59.0,0.0,1003.8
2025-09-11 12:00:00+00:00,15.6,70,10.1,90,31,61,76,576.0,468.0,689.9,108.0,28.8,56.5,0.7,1003.8
2025-09-11 13:00:00+00:00,15.6,72,10.7,66,39,54,11,521.0,354.0,520.6,167.0,27.9,56.2,0.5,1004.2
2025-09-11 14:00:00+00:00,16.3,65,9.8,33,26,23,0,515.0,381.0,596.0,134.0,25.3,57.2,0.0,1004.4
2025-09-11 15:00:00+00:00,16.6,62,9.3,30,18,22,0,410.0,275.0,492.0,135.0,25.8,55.8,0.0,1004.6
2025-09-11 16:00:00+00:00,16.5,62,9.3,30,12,28,0,317.0,222.0,499.5,95.0,25.2,52.9,0.0,1004.7
2025-09-11 17:00:00+00:00,15.9,64,9.0,45,21,39,8,197.0,127.0,418.2,70.0,23.4,48.6,0.0,1005.2
2025-09-11 18:00:00+00:00,14.9,66,8.5,51,38,46,8,87.0,52.0,356.0,35.0,22.5,42.8,0.0,1005.7
2025-09-11 19:00:00+00:00,13.9,68,8.0,36,21,30,6,4.0,1.0,19.1,3.0,20.8,38.2,0.0,1005.9
2025-09-11 20:00:00+00:00,13.1,73,8.4,52,31,39,22,0.0,0.0,0.0,0.0,19.9,35.6,0.0,1006.3
2025-09-11 21:00:00+00:00,12.5,77,8.6,43,25,37,13,0.0,0.0,0.0,0.0,19.2,34.9,0.0,1006.6
2025-09-11 22:00:00+00:00,12.5,79,8.9,30,9,25,7,0.0,0.0,0.0,0.0,19.0,34.6,0.0,1006.9
2025-09-11 23:00:00+00:00,12.3,81,9.1,59,16,30,43,0.0,0.0,0.0,0.0,19.8,36.4,0.0,1007.1
2025-09-12 00:00:00+00:00,12.0,82,9.0,56,27,34,34,0.0,0.0,0.0,0.0,21.6,38.5,0.0,1007.4
2025-09-12 01:00:00+00:00,11.7,84,9.0,65,56,25,22,0.0,0.0,0.0,0.0,21.7,38.2,0.0,1007.6
2025-09-12 02:00:00+00:00,11.6,84,9.0,28,24,14,0,0.0,0.0,0.0,0.0,21.7,37.8,0.0,1008.2
2025-09-12 03:00:00+00:00,11.3,87,9.1,8,7,7,0,0.0,0.0,0.0,0.0,20.3,37.4,0.0,1008.5
2025-09-12 04:00:00+00:00,11.2,87,9.2,31,24,19,0,0.0,0.0,0.0,0.0,19.3,36.0,0.0,1009.0
2025-09-12 05:00:00+00:00,11.1,86,8.9,14,12,6,0,0.0,0.0,0.0,0.0,18.3,33.8,0.0,1009.5
2025-09-12 06:00:00+00:00,11.1,86,8.9,19,14,12,1,3.0,1.0,19.1,2.0,17.1,32.4,0.0,1009.9
2025-09-12 07:00:00+00:00,12.4,83,9.7,28,22,18,4,75.0,38.0,291.4,37.0,17.3,32.0,0.0,1010.5
2025-09-12 08:00:00+00:00,14.2,78,10.5,24,17,18,2,200.0,130.0,450.6,70.0,21.3,39.2,0.0,1010.7
2025-09-12 09:00:00+00:00,15.5,71,10.3,29,20,17,3,311.0,203.0,471.4,108.0,24.7,48.2,0.0,1011.2
2025-09-12 10:00:00+00:00,16.3,73,11.3,73,31,8,55,405.0,278.0,508.1,127.0,23.1,51.5,0.2,1011.4
2025-09-12 11:00:00+00:00,16.5,74,11.9,59,21,17,46,508.0,354.0,561.9,154.0,22.0,51.1,0.4,1011.3
2025-09-12 12:00:00+00:00,16.5,80,13.0,77,38,47,54,462.0,288.0,427.5,174.0,23.8,50.4,0.4,1011.5
2025-09-12 13:00:00+00:00,16.6,77,12.6,47,26,22,23,458.0,289.0,428.1,169.0,23.7,51.5,0.2,1011.8
2025-09-12 14:00:00+00:00,17.2,72,12.2,41,36,9,7,542.0,381.0,600.9,161.0,23.1,53.3,0.2,1011.7
2025-09-12 15:00:00+00:00,15.3,79,11.6,49,16,22,26,440.0,298.0,538.5,142.0,23.6,47.2,0.8,1011.7
2025-09-12 16:00:00+00:00,16.0,71,10.7,62,34,43,35,292.0,191.0,435.4,101.0,23.5,42.1,0.1,1011.7
2025-09-12 17:00:00+00:00,15.7,68,9.8,51,18,29,30,166.0,85.0,285.6,81.0,18.8,34.9,0.2,1011.8
2025-09-12 18:00:00+00:00,14.9,70,9.4,51,20,35,20,70.0,34.0,243.0,36.0,17.2,31.7,0.0,1011.6
2025-09-12 19:00:00+00:00,14.2,75,9.7,72,23,69,9,3.0,1.0,19.1,2.0,17.0,31.0,0.0,1011.8
2025-09-12 20:00:00+00:00,13.4,80,10.1,87,16,86,9,0.0,0.0,0.0,0.0,17.0,31.0,0.0,1011.9
2025-09-12 21:00:00+00:00,12.9,83,10.0,78,4,51,72,0.0,0.0,0.0,0.0,16.8,29.9,0.5,1011.5
2025-09-12 22:00:00+00:00,12.9,89,11.0,80,7,14,77,0.0,0.0,0.0,0.0,17.3,32.0,0.2,1011.3
2025-09-12 23:00:00+00:00,12.5,91,11.0,85,7,57,76,0.0,0.0,0.0,0.0,18.1,35.3,0.3,1010.7
2025-09-13 00:00:00+00:00,12.3,91,10.9,69,10,26,51,0.0,0.0,0.0,0.0,19.4,36.4,0.6,1010.1
2025-09-13 01:00:00+00:00,12.3,91,10.9,65,20,34,47,0.0,0.0,0.0,0.0,19.2,34.9,0.5,1009.6
2025-09-13 02:00:00+00:00,12.2,91,10.7,48,34,20,13,0.0,0.0,0.0,0.0,21.2,33.5,0.1,1009.2
2025-09-13 03:00:00+00:00,12.6,88,10.7,61,43,25,16,0.0,0.0,0.0,0.0,21.1,34.2,0.0,1008.9
2025-09-13 04:00:00+00:00,12.4,91,11.0,49,33,30,8,0.0,0.0,0.0,0.0,20.2,33.1,0.0,1008.8
2025-09-13 05:00:00+00:00,12.2,92,11.0,51,23,37,8,0.0,0.0,0.0,0.0,18.4,29.9,0.0,1008.5
2025-09-13 06:00:00+00:00,12.0,93,10.9,68,38,42,24,2.0,0.0,0.0,2.0,17.0,27.7,0.0,1008.3
2025-09-13 07:00:00+00:00,12.5,92,11.3,61,31,40,28,59.0,26.0,206.0,33.0,17.8,31.7,0.0,1008.6
2025-09-13 08:00:00+00:00,13.7,90,12.1,51,20,38,19,146.0,73.0,256.8,73.0,19.2,36.4,0.1,1008.5
2025-09-13 09:00:00+00:00,14.6,88,12.7,42,25,33,2,228.0,111.0,260.3,117.0,17.8,38.5,0.1,1008.4
2025-09-13 10:00:00+00:00,15.3,84,12.6,47,9,21,34,329.0,207.0,381.4,122.0,15.7,39.6,0.1,1008.1
2025-09-13 11:00:00+00:00,16.3,78,12.5,39,11,24,18,475.0,327.0,522.8,148.0,17.9,41.8,0.2,1008.0
2025-09-13 12:00:00+00:00,16.5,75,12.1,48,12,26,25,490.0,346.0,517.3,144.0,17.6,43.9,0.2,1008.1
2025-09-13 13:00:00+00:00,16.9,71,11.6,60,25,15,40,596.0,447.0,667.2,149.0,20.2,47.5,0.2,1008.1
2025-09-13 14:00:00+00:00,16.4,69,10.8,46,16,25,27,505.0,328.0,521.7,177.0,20.3,47.5,1.0,1008.4
2025-09-13 15:00:00+00:00,15.6,68,9.8,47,20,31,18,379.0,252.0,460.0,127.0,19.2,37.4,1.6,1008.4
2025-09-13 16:00:00+00:00,16.3,65,9.6,54,23,35,30,298.0,198.0,457.4,100.0,18.1,33.8,0.0,1008.7
2025-09-13 17:00:00+00:00,16.1,63,9.2,54,27,51,18,181.0,105.0,360.0,76.0,16.5,31.0,0.0,1009.2
2025-09-13 18:00:00+00:00,14.7,69,9.1,38,30,31,2,73.0,40.0,299.0,33.0,13.3,29.5,0.0,1009.6
2025-09-13 19:00:00+00:00,13.1,76,9.0,42,31,39,3,3.0,1.0,19.1,2.0,11.4,19.8,0.0,1010.3
2025-09-13 20:00:00+00:00,12.1,81,8.9,33,21,27,7,0.0,0.0,0.0,0.0,10.8,17.3,0.0,1010.9
2025-09-13 21:00:00+00:00,11.3,85,8.9,24,19,16,3,0.0,0.0,0.0,0.0,10.4,16.6,0.0,1011.4
2025-09-13 22:00:00+00:00,10.7,89,9.0,23,14,18,0,0.0,0.0,0.0,0.0,9.6,16.6,0.0,1011.7
2025-09-13 23:00:00+00:00,10.0,90,8.5,11,8,8,0,0.0,0.0,0.0,0.0,8.9,16.6,0.0,1012.0
2025-09-14 00:00:00+00:00,9.5,90,8.0,20,17,17,0,0.0,0.0,0.0,0.0,9.2,16.9,0.0,1012.3
2025-09-14 01:00:00+00:00,9.0,91,7.7,23,11,13,7,0.0,0.0,0.0,0.0,7.9,15.5,0.0,1012.7
2025-09-14 02:00:00+00:00,8.3,92,7.1,100,4,2,100,0.0,0.0,0.0,0.0,7.4,13.7,0.0,1012.9
2025-09-14 03:00:00+00:00,7.5,95,6.7,100,0,0,100,0.0,0.0,0.0,0.0,6.5,11.5,0.0,1012.7
2025-09-14 04:00:00+00:00,7.5,95,6.8,100,1,0,100,0.0,0.0,0.0,0.0,6.4,11.2,0.0,1012.5
2025-09-14 05:00:00+00:00,7.8,95,7.1,100,5,0,100,0.0,0.0,0.0,0.0,6.0,11.2,0.0,1012.5
2025-09-14 06:00:00+00:00,7.9,95,7.2,100,14,1,100,2.0,0.0,0.0,2.0,5.7,10.8,0.0,1013.0
2025-09-14 07:00:00+00:00,9.9,95,9.2,100,18,37,100,43.0,1.0,8.2,42.0,7.4,12.2,0.0,1012.3
2025-09-14 08:00:00+00:00,11.8,91,10.4,99,16,80,99,125.0,4.0,14.3,121.0,9.3,18.7,0.0,1012.1
2025-09-14 09:00:00+00:00,13.6,81,10.4,100,63,99,99,205.0,29.0,68.7,176.0,13.5,25.2,0.0,1011.6
2025-09-14 10:00:00+00:00,14.5,81,11.2,100,82,87,100,136.0,0.0,0.0,136.0,20.7,26.6,0.0,1011.6
2025-09-14 11:00:00+00:00,15.1,83,12.2,100,99,87,97,115.0,0.0,0.0,115.0,23.2,33.1,0.1,1010.2
2025-09-14 12:00:00+00:00,15.5,85,13.0,99,97,75,44,87.0,0.0,0.0,87.0,23.7,36.4,0.2,1008.6
2025-09-14 13:00:00+00:00,16.0,86,13.6,100,100,91,13,68.0,0.0,0.0,68.0,22.8,41.4,1.5,1007.5
2025-09-14 14:00:00+00:00,16.3,89,14.5,100,100,100,19,109.0,8.0,12.8,101.0,25.5,47.9,0.1,1006.1
2025-09-14 15:00:00+00:00,16.6,93,15.5,100,100,30,74,64.0,0.0,0.0,64.0,28.7,53.6,0.6,1004.7
2025-09-14 16:00:00+00:00,17.0,99,16.9,100,100,30,1,56.0,1.0,2.3,55.0,29.2,51.8,1.4,1003.5
2025-09-14 17:00:00+00:00,17.9,98,17.7,100,100,44,0,28.0,0.0,0.0,28.0,29.8,55.8,0.7,1003.0
2025-09-14 18:00:00+00:00,18.1,95,17.3,100,100,51,0,15.0,0.0,0.0,15.0,32.0,61.6,0.1,1002.6
2025-09-14 19:00:00+00:00,17.7,94,16.7,100,100,85,0,0.0,0.0,0.0,0.0,35.3,63.0,0.2,1002.2
2025-09-14 20:00:00+00:00,17.5,93,16.3,55,55,18,0,0.0,0.0,0.0,0.0,32.1,61.2,0.1,1002.6
2025-09-14 21:00:00+00:00,16.9,88,15.0,26,25,7,0,0.0,0.0,0.0,0.0,29.8,56.5,0.0,1002.8
2025-09-14 22:00:00+00:00,15.5,86,13.2,68,68,0,0,0.0,0.0,0.0,0.0,29.3,58.3,0.0,1003.2
2025-09-14 23:00:00+00:00,15.6,83,12.8,41,38,21,0,0.0,0.0,0.0,0.0,31.3,59.4,0.0,1003.1
2025-09-15 00:00:00+00:00,15.3,83,12.4,43,10,41,0,0.0,0.0,0.0,0.0,32.0,56.9,0.0,1003.0
2025-09-15 01:00:00+00:00,14.8,82,11.7,45,20,43,0,0.0,0.0,0.0,0.0,32.6,55.8,0.0,1003.5
2025-09-15 02:00:00+00:00,14.8,79,11.1,25,11,20,0,0.0,0.0,0.0,0.0,31.3,56.9,0.0,1003.9
2025-09-15 03:00:00+00:00,14.6,77,10.7,27,19,15,0,0.0,0.0,0.0,0.0,31.4,58.0,0.0,1004.1
2025-09-15 04:00:00+00:00,14.5,78,10.7,38,19,30,0,0.0,0.0,0.0,0.0,31.1,58.7,0.0,1004.2
2025-09-15 05:00:00+00:00,14.3,79,10.6,34,17,25,0,0.0,0.0,0.0,0.0,31.8,59.0,0.0,1004.3
2025-09-15 06:00:00+00:00,14.4,77,10.4,29,17,21,0,1.0,0.0,0.0,1.0,32.0,59.4,0.0,1004.7
2025-09-15 07:00:00+00:00,14.7,75,10.4,39,19,37,0,60.0,29.0,246.2,31.0,32.6,60.5,0.0,1005.3
2025-09-15 08:00:00+00:00,15.4,73,10.6,51,24,41,0,167.0,101.0,366.1,66.0,33.5,58.7,0.0,1005.7
2025-09-15 09:00:00+00:00,16.1,68,10.3,36,22,29,0,314.0,221.0,529.0,93.0,37.2,70.9,0.0,1006.3
2025-09-15 10:00:00+00:00,16.6,66,10.2,46,17,43,0,433.0,318.0,595.7,115.0,34.1,73.1,0.0,1006.7
2025-09-15 11:00:00+00:00,17.2,63,10.1,56,15,56,11,468.0,321.0,521.0,147.0,36.1,74.5,0.1,1006.9
2025-09-15 12:00:00+00:00,17.4,63,10.3,55,39,49,0,560.0,443.0,672.1,117.0,38.5,75.6,0.2,1007.3
2025-09-15 13:00:00+00:00,17.3,64,10.4,52,39,47,0,486.0,371.0,562.4,115.0,37.1,73.8,0.1,1007.6
2025-09-15 14:00:00+00:00,17.5,62,10.2,48,24,41,0,482.0,375.0,606.9,107.0,34.7,69.1,0.1,1008.0
2025-09-15 15:00:00+00:00,17.1,63,10.0,38,26,30,0,300.0,194.0,361.6,106.0,34.8,60.1,0.0,1008.1
2025-09-15 16:00:00+00:00,17.1,65,10.4,38,26,35,0,197.0,89.0,211.4,108.0,33.1,51.5,0.0,1008.6
2025-09-15 17:00:00+00:00,16.6,66,10.3,47,37,32,0,150.0,85.0,304.2,65.0,30.1,60.1,0.0,1009.5
2025-09-15 18:00:00+00:00,16.0,68,10.1,27,21,14,0,71.0,41.0,337.9,30.0,28.3,55.4,0.0,1010.1
2025-09-15 19:00:00+00:00,15.3,70,9.8,43,39,20,0,2.0,0.0,0.0,2.0,28.2,52.2,0.0,1011.1
2025-09-15 20:00:00+00:00,14.9,71,9.7,43,29,36,0,0.0,0.0,0.0,0.0,28.1,51.8,0.0,1012.0
2025-09-15 21:00:00+00:00,14.4,75,10.1,45,32,36,0,0.0,0.0,0.0,0.0,27.9,51.5,0.0,1013.1
2025-09-15 22:00:00+00:00,14.1,79,10.5,48,33,31,0,0.0,0.0,0.0,0.0,27.1,49.3,0.0,1013.9
2025-09-15 23:00:00+00:00,13.7,81,10.5,55,42,44,0,0.0,0.0,0.0,0.0,25.5,47.2,0.0,1014.4
2025-09-16 00:00:00+00:00,13.7,80,10.3,53,51,31,0,0.0,0.0,0.0,0.0,24.2,46.1,0.0,1014.6
2025-09-16 01:00:00+00:00,13.5,80,10.1,54,50,31,0,0.0,0.0,0.0,0.0,23.1,44.6,0.0,1015.0
2025-09-16 02:00:00+00:00,13.1,81,10.0,54,49,30,0,0.0,0.0,0.0,0.0,22.4,42.8,0.0,1015.4
2025-09-16 03:00:00+00:00,12.8,82,9.8,56,53,28,2,0.0,0.0,0.0,0.0,22.3,41.0,0.0,1015.6
2025-09-16 04:00:00+00:00,12.7,84,10.0,53,49,25,1,0.0,0.0,0.0,0.0,21.6,39.2,0.0,1015.8
2025-09-16 05:00:00+00:00,12.5,85,10.0,35,29,28,0,0.0,0.0,0.0,0.0,21.1,38.2,0.0,1016.4
2025-09-16 06:00:00+00:00,12.3,86,10.0,31,28,17,0,1.0,0.0,0.0,1.0,19.9,36.4,0.0,1017.1
2025-09-16 07:00:00+00:00,12.8,84,10.2,39,33,20,0,68.0,38.0,332.9,30.0,20.4,33.5,0.0,1017.7
2025-09-16 08:00:00+00:00,14.2,79,10.6,28,18,18,6,193.0,124.0,456.6,69.0,20.9,40.0,0.0,1018.4
2025-09-16 09:00:00+00:00,15.4,73,10.5,85,51,12,66,371.0,288.0,696.6,83.0,26.3,49.3,0.0,1018.8
2025-09-16 10:00:00+00:00,16.7,65,10.2,100,76,46,100,432.0,293.0,553.5,139.0,22.8,47.9,0.0,1019.3
2025-09-16 11:00:00+00:00,17.0,63,10.0,100,100,74,100,413.0,196.0,320.5,217.0,21.1,47.9,0.1,1019.8
2025-09-16 12:00:00+00:00,17.3,65,10.5,100,74,55,100,334.0,106.0,162.0,228.0,20.7,41.8,0.0,1019.9
2025-09-16 13:00:00+00:00,17.8,62,10.4,100,69,33,100,368.0,90.0,137.5,278.0,22.3,45.0,0.1,1019.7
2025-09-16 14:00:00+00:00,17.8,61,10.3,100,67,53,100,297.0,50.0,81.6,247.0,22.1,44.3,0.1,1019.7
2025-09-16 15:00:00+00:00,17.6,63,10.5,100,54,72,100,267.0,51.0,96.1,216.0,22.6,41.4,0.0,1020.0
2025-09-16 16:00:00+00:00,17.0,64,10.2,100,44,38,100,167.0,21.0,50.6,146.0,18.1,34.2,0.0,1020.0
2025-09-16 17:00:00+00:00,16.6,66,10.3,80,35,43,66,102.0,6.0,21.9,96.0,15.8,26.3,0.0,1019.8
2025-09-16 18:00:00+00:00,15.5,70,10.1,100,49,33,100,39.0,2.0,17.4,37.0,11.9,20.9,0.0,1019.9
2025-09-16 19:00:00+00:00,14.6,74,10.1,100,19,21,100,1.0,0.0,0.0,1.0,10.3,18.0,0.0,1020.1
2025-09-16 20:00:00+00:00,13.7,79,10.1,100,13,23,100,0.0,0.0,0.0,0.0,10.3,16.6,0.0,1020.7
2025-09-16 21:00:00+00:00,12.7,85,10.2,99,0,3,99,0.0,0.0,0.0,0.0,8.5,13.7,0.0,1020.5
2025-09-16 22:00:00+00:00,12.9,87,10.8,100,1,56,100,0.0,0.0,0.0,0.0,7.8,15.5,0.0,1020.2
2025-09-16 23:00:00+00:00,13.3,88,11.3,100,0,53,100,0.0,0.0,0.0,0.0,10.8,18.4,0.2,1020.6
2025-09-17 00:00:00+00:00,13.2,91,11.7,100,12,100,99,0.0,0.0,0.0,0.0,11.0,17.3,0.3,1020.2
2025-09-17 01:00:00+00:00,13.5,92,12.2,100,12,100,100,0.0,0.0,0.0,0.0,11.9,22.0,0.3,1019.5
2025-09-17 02:00:00+00:00,13.7,93,12.6,100,25,100,76,0.0,0.0,0.0,0.0,15.5,24.8,0.2,1019.1
2025-09-17 03:00:00+00:00,14.2,93,13.1,100,55,100,41,0.0,0.0,0.0,0.0,19.0,30.2,0.1,1018.1
2025-09-17 04:00:00+00:00,14.3,94,13.4,100,70,100,41,0.0,0.0,0.0,0.0,21.6,33.5,0.3,1017.8
2025-09-17 05:00:00+00:00,14.5,94,13.6,100,100,100,17,0.0,0.0,0.0,0.0,24.1,39.6,0.4,1017.3
2025-09-17 06:00:00+00:00,15.0,93,13.9,100,100,86,0,0.0,0.0,0.0,0.0,26.8,45.4,0.2,1016.6
2025-09-17 07:00:00+00:00,15.3,93,14.1,100,100,25,0,7.0,0.0,0.0,7.0,28.7,53.6,0.1,1016.5
2025-09-17 08:00:00+00:00,16.0,91,14.5,100,100,1,0,43.0,3.0,11.2,40.0,29.2,55.1,0.1,1016.1
2025-09-17 09:00:00+00:00,16.8,89,14.9,100,100,0,0,82.0,2.0,4.9,80.0,30.3,57.6,0.0,1016.3
2025-09-17 10:00:00+00:00,17.4,88,15.4,100,100,0,0,109.0,2.0,3.8,107.0,34.1,59.0,0.0,1016.3
2025-09-17 11:00:00+00:00,17.7,88,15.6,100,100,2,0,111.0,2.0,3.3,109.0,33.4,60.8,0.0,1016.5
2025-09-17 12:00:00+00:00,18.0,87,15.8,100,100,2,0,136.0,2.0,3.1,134.0,32.0,61.2,0.0,1016.6
2025-09-17 13:00:00+00:00,18.1,87,16.0,100,100,20,0,167.0,10.0,15.4,157.0,31.8,61.9,0.0,1016.7
2025-09-17 14:00:00+00:00,18.0,88,16.0,100,100,31,0,105.0,1.0,1.6,104.0,32.5,60.8,0.0,1016.6
2025-09-17 15:00:00+00:00,18.0,89,16.1,100,100,44,0,101.0,2.0,3.8,99.0,31.2,59.4,0.0,1016.8
2025-09-17 16:00:00+00:00,17.8,90,16.2,100,100,51,0,45.0,3.0,7.3,42.0,25.1,51.1,0.0,1016.7
2025-09-17 17:00:00+00:00,17.6,92,16.2,100,100,51,0,18.0,0.0,0.0,18.0,27.5,48.6,0.0,1016.9
2025-09-17 18:00:00+00:00,17.6,92,16.3,100,100,59,0,6.0,0.0,0.0,6.0,26.1,46.4,0.0,1016.8
2025-09-17 19:00:00+00:00,17.5,93,16.3,100,100,73,0,0.0,0.0,0.0,0.0,25.6,46.8,0.0,1017.3
2025-09-17 20:00:00+00:00,17.6,93,16.5,100,100,80,0,0.0,0.0,0.0,0.0,25.5,46.8,0.0,1017.4
2025-09-17 21:00:00+00:00,17.7,93,16.6,100,100,61,0,0.0,0.0,0.0,0.0,25.1,46.4,0.0,1017.7
2025-09-17 22:00:00+00:00,17.7,93,16.5,100,100,29,0,0.0,0.0,0.0,0.0,23.7,46.1,0.0,1017.8
2025-09-17 23:00:00+00:00,17.7,93,16.6,100,100,19,0,0.0,0.0,0.0,0.0,23.5,45.0,0.0,1017.9
2025-09-18 00:00:00+00:00,17.8,93,16.6,100,100,27,0,0.0,0.0,0.0,0.0,23.3,43.6,0.0,1017.8
2025-09-18 01:00:00+00:00,17.9,93,16.7,100,100,38,0,0.0,0.0,0.0,0.0,22.8,41.8,0.0,1018.0
2025-09-18 02:00:00+00:00,17.8,93,16.7,100,100,26,0,0.0,0.0,0.0,0.0,22.3,40.3,0.0,1018.0
2025-09-18 03:00:00+00:00,17.8,93,16.7,100,100,6,0,0.0,0.0,0.0,0.0,21.9,40.3,0.0,1017.9
2025-09-18 04:00:00+00:00,17.7,94,16.6,100,100,4,0,0.0,0.0,0.0,0.0,21.8,40.7,0.0,1017.5
2025-09-18 05:00:00+00:00,17.6,94,16.6,100,100,1,0,0.0,0.0,0.0,0.0,22.0,40.3,0.0,1017.7
2025-09-18 06:00:00+00:00,17.6,94,16.6,100,100,1,0,0.0,0.0,0.0,0.0,22.3,39.6,0.0,1018.0
2025-09-18 07:00:00+00:00,17.8,93,16.6,100,100,1,0,16.0,0.0,0.0,16.0,22.5,41.8,0.0,1018.4
2025-09-18 08:00:00+00:00,18.2,91,16.7,100,100,1,0,73.0,8.0,30.4,65.0,27.1,47.9,0.1,1018.9
2025-09-18 09:00:00+00:00,18.7,88,16.7,100,100,0,0,115.0,20.0,49.4,95.0,28.8,51.1,0.0,1019.5
2025-09-18 10:00:00+00:00,18.7,89,16.9,100,100,0,0,115.0,8.0,15.4,107.0,26.4,51.5,0.0,1019.9
2025-09-18 11:00:00+00:00,19.1,87,16.9,99,99,0,0,210.0,22.0,36.5,188.0,25.8,54.0,0.0,1020.3
2025-09-18 12:00:00+00:00,19.2,87,17.0,100,100,0,1,211.0,10.0,15.5,201.0,26.0,47.2,0.0,1020.1
2025-09-18 13:00:00+00:00,19.3,86,16.8,89,89,0,0,337.0,128.0,198.8,209.0,26.3,48.2,0.0,1020.3
2025-09-18 14:00:00+00:00,19.5,83,16.5,91,91,0,0,381.0,151.0,251.1,230.0,27.4,49.3,0.0,1020.6
2025-09-18 15:00:00+00:00,19.5,80,16.1,62,61,0,2,318.0,142.0,273.5,176.0,26.0,48.6,0.0,1020.5
2025-09-18 16:00:00+00:00,19.3,81,15.9,55,48,0,13,241.0,113.0,280.3,128.0,23.4,45.0,0.0,1020.6
2025-09-18 17:00:00+00:00,18.7,84,15.8,48,36,0,25,152.0,70.0,268.1,82.0,20.4,37.1,0.0,1020.5
2025-09-18 18:00:00+00:00,17.9,88,15.8,72,32,0,62,53.0,23.0,211.6,30.0,19.1,33.5,0.0,1020.8
2025-09-18 19:00:00+00:00,17.1,91,15.6,38,23,0,21,1.0,0.0,0.0,1.0,17.4,32.0,0.0,1021.2
2025-09-18 20:00:00+00:00,16.4,92,15.2,32,27,0,7,0.0,0.0,0.0,0.0,16.8,31.3,0.0,1021.3
2025-09-18 21:00:00+00:00,16.1,93,14.9,52,40,0,13,0.0,0.0,0.0,0.0,16.1,29.9,0.0,1021.5
2025-09-18 22:00:00+00:00,15.9,94,15.0,99,99,1,15,0.0,0.0,0.0,0.0,14.5,27.7,0.0,1021.4
2025-09-18 23:00:00+00:00,15.9,94,15.0,100,100,1,19,0.0,0.0,0.0,0.0,14.5,27.0,0.0,1021.7
2025-09-19 00:00:00+00:00,15.8,94,14.8,100,100,10,34,0.0,0.0,0.0,0.0,14.5,24.8,0.0,1021.7
2025-09-19 01:00:00+00:00,15.9,93,14.9,100,100,16,58,0.0,0.0,0.0,0.0,12.9,22.3,0.0,1021.4
2025-09-19 02:00:00+00:00,15.9,93,14.8,100,100,42,68,0.0,0.0,0.0,0.0,10.5,18.0,0.0,1021.0
2025-09-19 03:00:00+00:00,15.5,97,15.0,100,93,84,93,0.0,0.0,0.0,0.0,7.0,11.5,0.0,1020.2
2025-09-19 04:00:00+00:00,14.4,99,14.3,100,98,71,91,0.0,0.0,0.0,0.0,6.9,8.3,0.0,1019.3
2025-09-19 05:00:00+00:00,14.1,100,14.1,99,98,74,54,0.0,0.0,0.0,0.0,9.7,9.4,0.0,1019.0
2025-09-19 06:00:00+00:00,14.7,99,14.6,99,99,9,12,0.0,0.0,0.0,0.0,10.8,14.0,0.0,1018.7
2025-09-19 07:00:00+00:00,15.7,100,15.7,98,98,0,1,29.0,3.0,27.8,26.0,13.4,23.0,0.0,1018.7
2025-09-19 08:00:00+00:00,17.3,94,16.3,97,96,0,1,111.0,18.0,69.6,93.0,16.6,29.9,0.0,1018.4
2025-09-19 09:00:00+00:00,18.6,88,16.6,39,38,0,2,243.0,95.0,237.3,148.0,17.3,33.1,0.0,1018.2
2025-09-19 10:00:00+00:00,20.1,82,17.0,35,7,0,30,433.0,301.0,583.7,132.0,14.1,32.0,0.0,1017.8
2025-09-19 11:00:00+00:00,21.4,75,16.8,16,0,0,16,545.0,434.0,726.7,111.0,13.9,32.8,0.0,1017.2
2025-09-19 12:00:00+00:00,22.4,70,16.7,19,1,0,18,608.0,510.0,797.9,98.0,13.5,32.4,0.0,1016.8
2025-09-19 13:00:00+00:00,22.8,68,16.7,7,1,0,5,617.0,519.0,812.6,98.0,14.1,32.8,0.0,1016.6
2025-09-19 14:00:00+00:00,22.8,67,16.4,5,1,0,4,571.0,480.0,805.6,91.0,14.3,31.0,0.0,1016.1
2025-09-19 15:00:00+00:00,22.4,68,16.2,5,0,0,5,471.0,379.0,738.1,92.0,13.4,27.7,0.0,1015.4
2025-09-19 16:00:00+00:00,21.6,70,16.0,8,0,0,8,347.0,268.0,674.7,79.0,14.0,25.6,0.0,1015.2
2025-09-19 17:00:00+00:00,20.2,74,15.4,9,1,0,9,200.0,142.0,556.9,58.0,14.5,23.4,0.0,1015.4
2025-09-19 18:00:00+00:00,18.1,81,14.7,14,1,0,12,59.0,34.0,322.0,25.0,13.1,21.2,0.0,1015.2
2025-09-19 19:00:00+00:00,16.5,86,14.1,23,1,0,22,0.0,0.0,0.0,0.0,11.5,19.1,0.0,1015.6
2025-09-19 20:00:00+00:00,15.6,90,13.9,10,2,1,8,0.0,0.0,0.0,0.0,9.9,17.6,0.0,1015.7
2025-09-19 21:00:00+00:00,15.1,92,13.8,15,6,2,8,0.0,0.0,0.0,0.0,10.8,18.7,0.0,1015.6
2025-09-19 22:00:00+00:00,14.9,93,13.9,100,100,2,11,0.0,0.0,0.0,0.0,9.2,17.3,0.0,1015.1
2025-09-19 23:00:00+00:00,14.6,95,13.7,100,100,4,2,0.0,0.0,0.0,0.0,12.7,16.9,0.0,1015.1
2025-09-20 00:00:00+00:00,14.2,96,13.5,100,100,0,1,0.0,0.0,0.0,0.0,12.3,17.6,0.0,1014.8
2025-09-20 01:00:00+00:00,13.9,96,13.3,100,100,0,20,0.0,0.0,0.0,0.0,11.9,14.4,0.0,1014.2
2025-09-20 02:00:00+00:00,13.6,97,13.2,98,96,0,51,0.0,0.0,0.0,0.0,12.4,12.6,0.0,1013.8
2025-09-20 03:00:00+00:00,13.9,97,13.4,100,100,40,78,0.0,0.0,0.0,0.0,12.2,14.4,0.0,1013.1
2025-09-20 04:00:00+00:00,14.0,96,13.5,100,98,32,100,0.0,0.0,0.0,0.0,10.8,16.9,0.0,1012.4
2025-09-20 05:00:00+00:00,14.5,97,13.9,100,99,26,100,0.0,0.0,0.0,0.0,10.4,19.4,0.0,1011.5
2025-09-20 06:00:00+00:00,14.9,97,14.4,100,88,8,100,0.0,0.0,0.0,0.0,9.7,21.6,0.0,1010.9
2025-09-20 07:00:00+00:00,15.4,98,15.1,100,63,16,100,21.0,0.0,0.0,21.0,10.3,18.0,0.0,1010.7
2025-09-20 08:00:00+00:00,16.5,95,15.6,99,39,39,99,86.0,5.0,19.7,81.0,15.2,37.8,0.0,1010.9
2025-09-20 09:00:00+00:00,17.4,90,15.7,99,72,45,96,122.0,8.0,20.2,114.0,18.1,36.0,0.3,1010.6
2025-09-20 10:00:00+00:00,17.8,85,15.2,88,19,42,74,212.0,48.0,93.9,164.0,18.7,41.4,0.0,1010.3
2025-09-20 11:00:00+00:00,18.5,82,15.4,81,12,56,56,369.0,209.0,352.8,160.0,18.8,44.6,0.1,1009.2
2025-09-20 12:00:00+00:00,18.6,81,15.3,94,18,47,93,372.0,196.0,309.1,176.0,20.8,53.3,0.6,1007.9
2025-09-20 13:00:00+00:00,18.3,78,14.4,99,22,27,98,366.0,139.0,219.5,227.0,26.2,45.0,0.3,1007.8
2025-09-20 14:00:00+00:00,17.7,81,14.4,99,49,58,97,282.0,85.0,144.0,197.0,25.7,47.9,0.0,1007.3
2025-09-20 15:00:00+00:00,18.0,87,15.8,88,78,39,50,142.0,12.0,23.6,130.0,29.0,46.8,0.1,1005.7
2025-09-20 16:00:00+00:00,18.1,88,16.0,70,70,0,0,170.0,64.0,163.6,106.0,33.8,70.6,0.4,1005.0
2025-09-20 17:00:00+00:00,16.7,92,15.4,49,49,0,0,156.0,98.0,393.8,58.0,27.4,55.8,0.0,1005.2
2025-09-20 18:00:00+00:00,16.3,82,13.2,39,39,0,0,35.0,13.0,126.9,22.0,32.1,61.6,0.0,1005.6
2025-09-20 19:00:00+00:00,14.8,74,10.3,60,60,0,0,0.0,0.0,0.0,0.0,30.7,58.0,0.0,1007.0
2025-09-20 20:00:00+00:00,13.5,74,9.0,45,45,0,0,0.0,0.0,0.0,0.0,29.1,54.0,0.0,1008.4
2025-09-20 21:00:00+00:00,12.7,74,8.2,39,39,0,0,0.0,0.0,0.0,0.0,26.3,49.3,0.0,1009.4
2025-09-20 22:00:00+00:00,12.3,72,7.4,5,5,0,0,0.0,0.0,0.0,0.0,22.8,43.9,0.0,1010.4
2025-09-20 23:00:00+00:00,11.7,75,7.5,11,11,0,0,0.0,0.0,0.0,0.0,20.2,36.7,0.0,1010.9
2025-09-21 00:00:00+00:00,11.2,81,8.0,5,5,0,0,0.0,0.0,0.0,0.0,15.2,27.7,0.0,1011.6
2025-09-21 01:00:00+00:00,10.6,86,8.3,11,11,0,0,0.0,0.0,0.0,0.0,12.4,20.2,0.0,1012.7
2025-09-21 02:00:00+00:00,9.8,91,8.3,11,11,0,0,0.0,0.0,0.0,0.0,11.0,15.5,0.0,1013.3
2025-09-21 03:00:00+00:00,9.2,93,8.1,17,16,3,0,0.0,0.0,0.0,0.0,9.7,12.2,0.0,1013.8
2025-09-21 04:00:00+00:00,9.0,94,8.1,22,20,12,0,0.0,0.0,0.0,0.0,8.6,11.5,0.0,1014.5
2025-09-21 05:00:00+00:00,8.7,95,8.0,26,15,12,8,0.0,0.0,0.0,0.0,8.8,14.4,0.0,1014.8
2025-09-21 06:00:00+00:00,8.7,94,7.8,25,7,11,17,0.0,0.0,0.0,0.0,10.4,18.7,0.0,1015.5
2025-09-21 07:00:00+00:00,9.3,88,7.5,29,1,18,15,51.0,24.0,232.1,27.0,11.1,18.7,0.0,1016.3
2025-09-21 08:00:00+00:00,10.8,79,7.2,39,10,20,18,188.0,121.0,483.9,67.0,14.2,25.2,0.0,1017.2
2025-09-21 09:00:00+00:00,12.0,72,7.2,77,70,25,16,301.0,202.0,516.2,99.0,16.6,33.5,0.0,1018.0
2025-09-21 10:00:00+00:00,13.1,66,6.9,100,99,44,1,368.0,210.0,414.6,158.0,13.1,32.8,0.0,1018.6
2025-09-21 11:00:00+00:00,13.8,63,6.9,100,100,0,1,311.0,68.0,115.7,243.0,13.7,31.0,0.0,1018.7
2025-09-21 12:00:00+00:00,14.2,60,6.7,100,100,5,1,226.0,19.0,30.2,207.0,13.6,31.3,0.0,1019.5
2025-09-21 13:00:00+00:00,14.7,58,6.4,100,100,41,0,301.0,54.0,86.0,247.0,14.9,33.5,0.0,1019.5
2025-09-21 14:00:00+00:00,14.7,57,6.3,93,93,0,1,272.0,43.0,73.5,229.0,15.6,32.4,0.0,1019.6
2025-09-21 15:00:00+00:00,14.8,55,5.9,80,75,16,9,229.0,63.0,125.5,166.0,15.8,29.9,0.0,1019.7
2025-09-21 16:00:00+00:00,14.7,54,5.6,81,35,75,15,191.0,63.0,163.5,128.0,15.9,28.1,0.0,1020.2
2025-09-21 17:00:00+00:00,14.3,53,4.8,98,10,95,44,126.0,70.0,288.4,56.0,13.7,23.0,0.0,1020.7
2025-09-21 18:00:00+00:00,13.1,55,4.3,95,11,95,52,38.0,19.0,191.2,19.0,11.9,19.1,0.0,1021.2
2025-09-21 19:00:00+00:00,11.6,60,4.1,66,5,17,60,0.0,0.0,0.0,0.0,13.9,24.8,0.0,1022.2
2025-09-21 20:00:00+00:00,10.6,61,3.5,66,7,11,62,0.0,0.0,0.0,0.0,16.3,29.2,0.0,1022.8
2025-09-21 21:00:00+00:00,10.3,63,3.5,38,1,4,34,0.0,0.0,0.0,0.0,17.3,31.7,0.0,1023.4
2025-09-21 22:00:00+00:00,9.5,68,3.8,1,1,1,0,0.0,0.0,0.0,0.0,17.6,29.9,0.0,1024.1
2025-09-21 23:00:00+00:00,8.8,73,4.3,3,0,3,0,0.0,0.0,0.0,0.0,16.4,27.0,0.0,1024.3
2025-09-22 00:00:00+00:00,8.3,77,4.4,0,0,0,0,0.0,0.0,0.0,0.0,15.9,27.4,0.0,1024.4
2025-09-22 01:00:00+00:00,7.8,79,4.5,0,0,0,0,0.0,0.0,0.0,0.0,16.8,29.2,0.0,1024.7
2025-09-22 02:00:00+00:00,7.5,80,4.3,0,0,0,0,0.0,0.0,0.0,0.0,17.8,30.6,0.0,1025.1
2025-09-22 03:00:00+00:00,7.2,81,4.1,0,0,0,0,0.0,0.0,0.0,0.0,17.7,31.3,0.0,1025.3
2025-09-22 04:00:00+00:00,6.7,82,3.9,0,0,0,0,0.0,0.0,0.0,0.0,17.4,30.2,0.0,1025.4
2025-09-22 05:00:00+00:00,6.6,83,4.0,0,0,0,0,0.0,0.0,0.0,0.0,16.9,30.2,0.0,1025.7
2025-09-22 06:00:00+00:00,6.2,85,3.9,0,0,0,0,0.0,0.0,0.0,0.0,16.9,30.6,0.0,1026.4
2025-09-22 07:00:00+00:00,6.8,86,4.6,0,0,0,0,56.0,33.0,326.0,23.0,17.6,30.6,0.0,1027.1
2025-09-22 08:00:00+00:00,9.1,81,6.0,0,0,0,0,202.0,144.0,586.2,58.0,17.8,33.8,0.0,1027.6
2025-09-22 09:00:00+00:00,11.5,73,6.9,0,0,0,0,357.0,281.0,726.3,76.0,18.4,36.7,0.0,1027.6
2025-09-22 10:00:00+00:00,13.2,67,7.2,0,0,0,0,490.0,403.0,803.1,87.0,17.8,39.2,0.0,1027.6
2025-09-22 11:00:00+00:00,14.3,59,6.5,3,3,0,0,585.0,491.0,842.6,94.0,18.6,41.0,0.0,1027.3
2025-09-22 12:00:00+00:00,15.2,53,5.6,9,8,2,0,627.0,527.0,844.7,100.0,18.7,41.8,0.0,1027.2
2025-09-22 13:00:00+00:00,15.8,49,5.0,21,20,6,0,547.0,387.0,621.5,160.0,18.5,40.7,0.0,1027.2
2025-09-22 14:00:00+00:00,15.9,46,4.2,29,29,5,0,478.0,307.0,530.1,171.0,18.3,37.4,0.0,1027.3
2025-09-22 15:00:00+00:00,15.8,45,3.8,45,44,28,0,310.0,164.0,330.6,146.0,17.8,33.5,0.0,1026.9
2025-09-22 16:00:00+00:00,15.5,46,3.8,49,24,44,0,216.0,85.0,224.1,131.0,16.6,29.9,0.0,1027.0
2025-09-22 17:00:00+00:00,14.7,47,3.6,44,21,42,0,139.0,71.0,300.0,68.0,13.0,24.8,0.0,1027.4
2025-09-22 18:00:00+00:00,13.4,50,3.3,12,7,10,0,42.0,21.0,218.1,21.0,11.1,22.3,0.0,1027.4
2025-09-22 19:00:00+00:00,11.5,56,3.0,1,0,1,0,0.0,0.0,0.0,0.0,11.6,19.8,0.0,1027.8
2025-09-22 20:00:00+00:00,9.9,61,2.8,0,0,0,0,0.0,0.0,0.0,0.0,11.4,19.4,0.0,1028.3
2025-09-22 21:00:00+00:00,8.4,67,2.6,0,0,0,0,0.0,0.0,0.0,0.0,11.4,18.7,0.0,1028.4
2025-09-22 22:00:00+00:00,7.9,68,2.3,1,1,0,0,0.0,0.0,0.0,0.0,10.4,18.4,0.0,1028.5
2025-09-22 23:00:00+00:00,7.3,70,2.2,0,0,0,0,0.0,0.0,0.0,0.0,10.6,18.0,0.0,1028.6
2025-09-23 00:00:00+00:00,6.7,73,2.1,0,0,0,0,0.0,0.0,0.0,0.0,10.2,17.3,0.0,1028.6
2025-09-23 01:00:00+00:00,6.1,76,2.2,0,0,0,0,0.0,0.0,0.0,0.0,10.7,16.6,0.0,1028.7
2025-09-23 02:00:00+00:00,5.9,78,2.4,0,0,0,0,0.0,0.0,0.0,0.0,10.7,16.2,0.0,1028.5
2025-09-23 03:00:00+00:00,5.2,80,2.0,0,0,0,0,0.0,0.0,0.0,0.0,10.6,16.6,0.0,1028.4
2025-09-23 04:00:00+00:00,4.6,83,2.0,0,0,0,0,0.0,0.0,0.0,0.0,11.0,17.3,0.0,1028.4
2025-09-23 05:00:00+00:00,4.5,84,2.1,1,0,1,0,0.0,0.0,0.0,0.0,11.5,18.4,0.0,1028.5
2025-09-23 06:00:00+00:00,4.4,86,2.2,1,0,1,0,0.0,0.0,0.0,0.0,11.9,19.4,0.0,1028.6
2025-09-23 07:00:00+00:00,5.3,85,3.0,1,0,1,0,51.0,29.0,292.8,22.0,13.7,23.0,0.0,1028.8
2025-09-23 08:00:00+00:00,8.5,79,5.1,4,0,4,0,188.0,133.0,551.2,55.0,13.4,25.9,0.0,1029.0
2025-09-23 09:00:00+00:00,11.0,71,5.9,5,1,5,0,340.0,266.0,695.6,74.0,13.9,28.8,0.0,1029.3
2025-09-23 10:00:00+00:00,13.2,62,6.1,6,0,6,0,463.0,375.0,754.3,88.0,14.3,30.2,0.0,1029.1
2025-09-23 11:00:00+00:00,14.5,59,6.6,15,0,15,0,554.0,461.0,797.8,93.0,14.7,31.7,0.0,1029.0
2025-09-23 12:00:00+00:00,15.6,55,6.7,73,72,7,0,573.0,476.0,769.2,97.0,16.1,33.1,0.0,1028.5
2025-09-23 13:00:00+00:00,16.6,52,6.7,100,100,26,0,516.0,370.0,599.3,146.0,15.0,33.5,0.0,1028.1
2025-09-23 14:00:00+00:00,16.5,54,7.0,98,97,69,0,336.0,180.0,313.8,156.0,13.8,30.6,0.0,1027.7
2025-09-23 15:00:00+00:00,16.2,57,7.5,94,94,54,0,157.0,20.0,40.8,137.0,12.5,25.6,0.0,1027.4
2025-09-23 16:00:00+00:00,15.9,59,7.9,67,52,30,0,113.0,16.0,42.9,97.0,13.3,24.5,0.0,1027.3
2025-09-23 17:00:00+00:00,15.5,60,7.7,21,6,20,0,70.0,8.0,34.7,62.0,13.0,23.4,0.0,1027.3
2025-09-23 18:00:00+00:00,14.4,63,7.5,11,6,7,0,22.0,8.0,85.8,14.0,11.4,22.3,0.0,1027.3
2025-09-23 19:00:00+00:00,13.0,69,7.5,14,12,4,0,0.0,0.0,0.0,0.0,10.5,18.7,0.0,1028.0
2025-09-23 20:00:00+00:00,12.0,74,7.5,8,6,4,0,0.0,0.0,0.0,0.0,11.4,19.8,0.0,1028.4
2025-09-23 21:00:00+00:00,11.0,78,7.4,13,2,12,0,0.0,0.0,0.0,0.0,12.6,22.0,0.0,1028.4
2025-09-23 22:00:00+00:00,10.5,82,7.5,22,12,21,0,0.0,0.0,0.0,0.0,13.9,23.8,0.0,1028.5
2025-09-23 23:00:00+00:00,10.0,85,7.7,11,3,10,0,0.0,0.0,0.0,0.0,14.3,24.1,0.0,1028.5
2025-09-24 00:00:00+00:00,9.5,89,7.7,18,0,18,0,0.0,0.0,0.0,0.0,14.4,24.1,0.0,1028.1
2025-09-24 01:00:00+00:00,9.2,91,7.8,19,0,19,0,0.0,0.0,0.0,0.0,14.6,23.8,0.0,1027.9
2025-09-24 02:00:00+00:00,9.1,94,8.1,32,4,29,0,0.0,0.0,0.0,0.0,14.0,23.4,0.0,1028.0
2025-09-24 03:00:00+00:00,8.6,95,7.9,24,2,23,0,0.0,0.0,0.0,0.0,14.1,23.4,0.0,1027.8
2025-09-24 04:00:00+00:00,8.5,96,7.9,27,6,26,0,0.0,0.0,0.0,0.0,14.5,23.8,0.0,1027.3
2025-09-24 05:00:00+00:00,8.5,97,8.0,16,7,14,0,0.0,0.0,0.0,0.0,14.4,24.5,0.0,1027.4
2025-09-24 06:00:00+00:00,8.5,97,8.0,15,11,11,0,0.0,0.0,0.0,0.0,14.6,24.8,0.0,1027.6
2025-09-24 07:00:00+00:00,9.0,97,8.5,24,19,18,0,35.0,18.0,185.8,17.0,15.5,27.4,0.0,1027.8
2025-09-24 08:00:00+00:00,10.5,94,9.5,21,16,15,2,149.0,94.0,396.8,55.0,16.3,32.0,0.0,1027.8
2025-09-24 09:00:00+00:00,12.2,85,9.8,19,13,11,6,294.0,194.0,513.4,100.0,17.9,35.3,0.0,1028.0
2025-09-24 10:00:00+00:00,14.3,72,9.4,49,3,45,7,411.0,300.0,609.2,111.0,17.9,36.4,0.0,1027.4
2025-09-24 11:00:00+00:00,15.5,65,8.9,63,28,54,7,529.0,423.0,738.3,106.0,19.5,40.7,0.0,1027.3
2025-09-24 12:00:00+00:00,16.5,57,7.9,57,53,36,0,522.0,356.0,580.1,166.0,17.9,39.2,0.0,1026.9
2025-09-24 13:00:00+00:00,16.8,53,7.1,66,48,49,0,446.0,288.0,470.6,158.0,17.3,37.1,0.0,1026.1
2025-09-24 14:00:00+00:00,16.9,52,7.1,49,35,33,0,370.0,233.0,410.3,137.0,17.5,34.2,0.0,1025.9
2025-09-24 15:00:00+00:00,16.9,51,6.6,59,59,12,1,306.0,162.0,334.4,144.0,16.6,31.3,0.0,1025.4
2025-09-24 16:00:00+00:00,16.8,49,6.1,43,33,5,10,257.0,137.0,372.9,120.0,14.7,28.4,0.0,1025.4
2025-09-24 17:00:00+00:00,15.9,51,5.8,51,29,0,31,137.0,63.0,280.6,74.0,11.3,20.5,0.0,1025.7
2025-09-24 18:00:00+00:00,14.2,56,5.4,72,22,0,60,37.0,16.0,177.5,21.0,7.3,14.8,0.0,1025.7
2025-09-24 19:00:00+00:00,12.3,61,5.0,74,13,2,69,0.0,0.0,0.0,0.0,8.0,13.7,0.0,1026.4
2025-09-24 20:00:00+00:00,11.1,64,4.6,92,12,2,90,0.0,0.0,0.0,0.0,9.1,15.5,0.0,1026.5
2025-09-24 21:00:00+00:00,10.0,67,4.2,100,3,0,100,0.0,0.0,0.0,0.0,10.1,17.3,0.0,1026.7
2025-09-24 22:00:00+00:00,9.5,67,3.6,99,12,0,99,0.0,0.0,0.0,0.0,11.8,18.7,0.0,1026.8
2025-09-24 23:00:00+00:00,9.0,70,3.9,91,17,0,90,0.0,0.0,0.0,0.0,12.0,20.5,0.0,1026.5
2025-09-25 00:00:00+00:00,8.5,73,3.9,42,26,1,23,0.0,0.0,0.0,0.0,12.8,23.0,0.0,1026.5
2025-09-25 01:00:00+00:00,8.3,76,4.4,40,32,1,16,0.0,0.0,0.0,0.0,14.1,24.5,0.0,1026.4
2025-09-25 02:00:00+00:00,7.9,79,4.5,69,54,1,42,0.0,0.0,0.0,0.0,14.5,25.2,0.0,1026.1
2025-09-25 03:00:00+00:00,7.6,83,4.8,88,73,1,66,0.0,0.0,0.0,0.0,15.3,26.3,0.0,1025.7
2025-09-25 04:00:00+00:00,7.6,85,5.2,98,75,2,91,0.0,0.0,0.0,0.0,15.7,26.6,0.0,1025.5
2025-09-25 05:00:00+00:00,7.5,87,5.4,95,58,0,93,0.0,0.0,0.0,0.0,15.4,25.9,0.0,1025.6
2025-09-25 06:00:00+00:00,7.6,87,5.5,90,32,0,87,0.0,0.0,0.0,0.0,15.3,25.9,0.0,1025.8
2025-09-25 07:00:00+00:00,8.0,87,6.0,83,21,0,78,37.0,16.0,169.0,21.0,16.1,28.1,0.0,1025.8
2025-09-25 08:00:00+00:00,10.2,84,7.6,82,49,0,70,142.0,80.0,344.1,62.0,16.5,30.2,0.0,1025.8
2025-09-25 09:00:00+00:00,13.1,75,8.7,72,56,0,38,285.0,186.0,498.2,99.0,18.1,35.3,0.0,1025.8
2025-09-25 10:00:00+00:00,15.2,65,8.7,44,38,0,7,371.0,221.0,453.1,150.0,18.6,41.8,0.0,1025.4
2025-09-25 11:00:00+00:00,16.3,57,7.8,47,26,0,26,450.0,279.0,491.2,171.0,18.6,41.8,0.0,1025.0
2025-09-25 12:00:00+00:00,17.2,52,7.3,35,14,0,24,536.0,395.0,649.1,141.0,18.0,38.9,0.0,1024.6
2025-09-25 13:00:00+00:00,17.9,47,6.5,10,10,0,0,580.0,461.0,760.0,119.0,17.8,37.4,0.0,1023.9
2025-09-25 14:00:00+00:00,18.5,43,5.7,6,6,0,0,524.0,402.0,714.9,122.0,18.0,36.4,0.0,1023.6
2025-09-25 15:00:00+00:00,18.4,42,5.1,1,1,0,0,406.0,293.0,612.1,113.0,17.9,34.6,0.0,1023.2
2025-09-25 16:00:00+00:00,17.9,43,5.0,0,0,0,0,297.0,201.0,556.2,96.0,15.6,29.5,0.0,1023.0
2025-09-25 17:00:00+00:00,17.0,44,4.8,0,0,0,0,163.0,101.0,462.4,62.0,12.7,22.3,0.0,1023.3
2025-09-25 18:00:00+00:00,14.8,50,4.6,0,0,0,0,33.0,14.0,160.9,19.0,10.9,16.6,0.0,1023.5
2025-09-25 19:00:00+00:00,12.9,57,4.5,4,4,0,0,0.0,0.0,0.0,0.0,11.6,20.5,0.0,1023.9
2025-09-25 20:00:00+00:00,11.6,63,4.8,7,7,0,0,0.0,0.0,0.0,0.0,12.8,22.3,0.0,1024.0
2025-09-25 21:00:00+00:00,10.5,68,4.9,4,4,0,0,0.0,0.0,0.0,0.0,12.3,21.2,0.0,1024.3
2025-09-25 22:00:00+00:00,9.9,72,5.1,1,1,0,0,0.0,0.0,0.0,0.0,11.8,19.1,0.0,1024.2
2025-09-25 23:00:00+00:00,9.3,76,5.2,0,0,0,0,0.0,0.0,0.0,0.0,11.1,19.4,0.0,1024.0
2025-09-26 00:00:00+00:00,8.6,79,5.2,0,0,0,0,0.0,0.0,0.0,0.0,10.7,19.4,0.0,1023.8
2025-09-26 01:00:00+00:00,8.2,83,5.4,0,0,0,0,0.0,0.0,0.0,0.0,10.9,19.4,0.0,1023.4
2025-09-26 02:00:00+00:00,7.8,85,5.5,0,0,0,0,0.0,0.0,0.0,0.0,11.1,19.1,0.0,1023.3
2025-09-26 03:00:00+00:00,7.4,87,5.4,3,3,0,0,0.0,0.0,0.0,0.0,11.6,19.4,0.0,1022.9
2025-09-26 04:00:00+00:00,7.0,90,5.4,5,5,1,0,0.0,0.0,0.0,0.0,12.0,20.2,0.0,1022.6
2025-09-26 05:00:00+00:00,7.2,89,5.5,4,2,2,0,0.0,0.0,0.0,0.0,12.6,21.6,0.0,1022.4
2025-09-26 06:00:00+00:00,7.5,88,5.7,9,3,7,0,0.0,0.0,0.0,0.0,12.2,22.0,0.0,1022.3
2025-09-26 07:00:00+00:00,8.1,87,6.0,8,2,7,0,39.0,19.0,205.5,20.0,12.7,21.6,0.0,1022.6
2025-09-26 08:00:00+00:00,10.0,83,7.3,10,10,6,0,176.0,121.0,530.5,55.0,11.9,23.4,0.0,1022.4
2025-09-26 09:00:00+00:00,11.8,77,7.9,22,21,4,0,316.0,238.0,645.4,78.0,12.0,25.2,0.0,1022.4
2025-09-26 10:00:00+00:00,13.1,72,8.2,100,100,0,0,423.0,313.0,648.1,110.0,11.1,27.7,0.0,1021.9
2025-09-26 11:00:00+00:00,14.0,67,7.9,100,100,1,0,347.0,204.0,362.3,143.0,11.2,27.7,0.1,1021.8
2025-09-26 12:00:00+00:00,14.5,65,8.1,100,100,4,0,266.0,56.0,92.8,210.0,8.8,22.0,0.1,1021.8
2025-09-26 13:00:00+00:00,14.3,67,8.3,99,99,1,0,124.0,1.0,1.7,123.0,7.2,16.6,0.0,1021.3
2025-09-26 14:00:00+00:00,14.2,69,8.6,100,100,4,0,133.0,3.0,5.4,130.0,6.7,16.2,0.0,1021.2
2025-09-26 15:00:00+00:00,14.0,71,8.8,100,100,23,0,159.0,54.0,114.2,105.0,5.5,16.9,0.0,1021.1
2025-09-26 16:00:00+00:00,13.6,74,9.0,100,100,56,0,136.0,37.0,104.1,99.0,5.0,15.5,0.1,1021.2
2025-09-26 17:00:00+00:00,13.1,76,9.1,99,99,32,0,93.0,32.0,150.7,61.0,5.7,12.2,0.0,1021.2
2025-09-26 18:00:00+00:00,12.2,82,9.2,98,98,15,0,22.0,9.0,107.3,13.0,5.4,9.4,0.0,1020.9
2025-09-26 19:00:00+00:00,10.8,88,8.9,74,74,20,0,0.0,0.0,0.0,0.0,5.3,9.0,0.0,1021.0
2025-09-26 20:00:00+00:00,10.3,90,8.6,64,63,11,0,0.0,0.0,0.0,0.0,5.3,8.6,0.0,1020.9
2025-09-26 21:00:00+00:00,10.1,90,8.6,69,67,9,0,0.0,0.0,0.0,0.0,5.2,9.7,0.0,1020.9
2025-09-26 22:00:00+00:00,9.5,93,8.4,42,41,4,0,0.0,0.0,0.0,0.0,6.0,10.4,0.0,1020.7
2025-09-26 23:00:00+00:00,9.0,93,8.0,21,19,3,0,0.0,0.0,0.0,0.0,6.1,10.8,0.0,1020.3
2025-09-27 00:00:00+00:00,9.7,92,8.4,55,35,2,29,0.0,0.0,0.0,0.0,8.0,12.6,0.0,1020.2
2025-09-27 01:00:00+00:00,10.1,90,8.5,49,39,11,17,0.0,0.0,0.0,0.0,6.9,12.6,0.0,1019.9
2025-09-27 02:00:00+00:00,10.6,88,8.7,52,35,22,24,0.0,0.0,0.0,0.0,6.3,13.0,0.0,1019.7
2025-09-27 03:00:00+00:00,10.2,90,8.6,78,40,39,43,0.0,0.0,0.0,0.0,6.8,13.0,0.0,1019.3
2025-09-27 04:00:00+00:00,10.4,90,8.8,99,77,52,90,0.0,0.0,0.0,0.0,7.7,11.5,0.0,1018.9
2025-09-27 05:00:00+00:00,10.4,90,8.8,100,91,57,98,0.0,0.0,0.0,0.0,8.2,11.2,0.0,1018.7
2025-09-27 06:00:00+00:00,11.0,87,9.0,96,64,45,90,0.0,0.0,0.0,0.0,8.5,13.0,0.0,1018.6
2025-09-27 07:00:00+00:00,11.5,87,9.4,98,38,27,98,17.0,3.0,33.2,14.0,10.1,17.6,0.0,1018.7
2025-09-27 08:00:00+00:00,12.9,82,9.9,100,44,26,100,101.0,26.0,116.3,75.0,11.5,20.9,0.0,1018.8
2025-09-27 09:00:00+00:00,14.0,76,9.8,99,33,56,98,252.0,121.0,332.3,131.0,15.9,33.8,0.0,1019.0
2025-09-27 10:00:00+00:00,14.9,73,10.1,100,72,84,98,332.0,196.0,409.9,136.0,18.0,37.8,0.0,1019.2
2025-09-27 11:00:00+00:00,14.8,74,10.2,100,66,93,100,297.0,152.0,272.4,145.0,18.6,39.2,0.1,1019.1
2025-09-27 12:00:00+00:00,14.9,74,10.3,100,72,100,100,208.0,75.0,125.4,133.0,20.4,36.4,0.1,1019.1
2025-09-27 13:00:00+00:00,15.0,73,10.2,100,66,100,90,209.0,50.0,83.9,159.0,19.1,37.4,0.1,1019.0
2025-09-27 14:00:00+00:00,15.2,72,10.1,91,79,89,8,217.0,33.0,59.9,184.0,19.9,38.2,0.0,1018.6
2025-09-27 15:00:00+00:00,15.0,70,9.6,90,78,86,1,132.0,2.0,4.3,130.0,19.6,36.7,0.0,1018.5
2025-09-27 16:00:00+00:00,15.1,71,9.9,93,86,89,7,116.0,6.0,17.2,110.0,17.3,31.3,0.0,1018.5
2025-09-27 17:00:00+00:00,14.9,71,9.6,89,76,80,11,56.0,2.0,9.7,54.0,14.0,28.4,0.0,1018.7
2025-09-27 18:00:00+00:00,14.1,72,9.2,78,30,65,31,14.0,2.0,24.8,12.0,12.8,24.8,0.0,1018.5
2025-09-27 19:00:00+00:00,13.3,76,9.1,55,17,26,33,0.0,0.0,0.0,0.0,12.7,22.7,0.0,1018.8
2025-09-27 20:00:00+00:00,12.7,80,9.3,37,15,16,18,0.0,0.0,0.0,0.0,11.9,21.2,0.0,1018.9
2025-09-27 21:00:00+00:00,12.4,82,9.4,33,15,14,10,0.0,0.0,0.0,0.0,11.0,19.4,0.0,1018.7
2025-09-27 22:00:00+00:00,12.1,84,9.5,67,17,67,0,0.0,0.0,0.0,0.0,11.2,18.7,0.0,1018.7
2025-09-27 23:00:00+00:00,12.3,84,9.7,43,5,43,0,0.0,0.0,0.0,0.0,10.8,20.5,0.0,1018.8
2025-09-28 00:00:00+00:00,12.7,83,9.8,31,10,28,0,0.0,0.0,0.0,0.0,10.8,24.1,0.0,1018.7
2025-09-28 01:00:00+00:00,12.9,82,9.9,68,40,63,0,0.0,0.0,0.0,0.0,11.0,26.3,0.0,1018.8
2025-09-28 02:00:00+00:00,13.0,82,10.0,79,44,73,10,0.0,0.0,0.0,0.0,11.7,25.6,0.0,1018.5
2025-09-28 03:00:00+00:00,12.8,84,10.1,93,85,86,54,0.0,0.0,0.0,0.0,11.2,24.8,0.0,1018.5
2025-09-28 04:00:00+00:00,12.7,86,10.5,99,37,78,89,0.0,0.0,0.0,0.0,11.0,24.5,0.0,1018.3
2025-09-28 05:00:00+00:00,13.0,87,10.8,97,21,50,93,0.0,0.0,0.0,0.0,10.1,24.5,0.0,1018.4
2025-09-28 06:00:00+00:00,13.2,89,11.3,97,28,37,93,0.0,0.0,0.0,0.0,8.6,22.3,0.1,1018.7
2025-09-28 07:00:00+00:00,13.3,91,11.9,98,74,59,81,19.0,3.0,34.1,16.0,8.5,15.8,0.0,1019.4
2025-09-28 08:00:00+00:00,13.9,92,12.7,96,60,60,77,60.0,20.0,91.3,40.0,8.0,15.5,0.0,1019.7
2025-09-28 09:00:00+00:00,14.3,93,13.2,97,54,54,88,115.0,49.0,136.3,66.0,7.7,17.3,0.1,1020.1
2025-09-28 10:00:00+00:00,14.8,90,13.2,100,100,93,87,153.0,42.0,88.7,111.0,7.2,19.4,0.1,1020.3
2025-09-28 11:00:00+00:00,14.8,90,13.2,100,100,80,89,140.0,19.0,34.4,121.0,6.7,18.0,0.0,1020.7
2025-09-28 12:00:00+00:00,15.4,86,13.1,98,95,57,46,217.0,76.0,128.2,141.0,7.5,18.0,0.0,1020.9
2025-09-28 13:00:00+00:00,16.0,81,12.7,85,84,41,2,276.0,129.0,218.6,147.0,8.0,20.2,0.1,1020.7
2025-09-28 14:00:00+00:00,16.6,75,12.1,74,74,20,1,360.0,242.0,444.0,118.0,8.6,19.8,0.1,1020.7
2025-09-28 15:00:00+00:00,16.6,74,11.9,55,55,12,0,293.0,193.0,418.7,100.0,8.8,20.9,0.1,1021.1
2025-09-28 16:00:00+00:00,16.8,70,11.3,28,27,9,0,261.0,195.0,568.2,66.0,8.5,21.2,0.0,1021.3
2025-09-28 17:00:00+00:00,16.1,70,10.6,21,17,12,0,122.0,75.0,375.1,47.0,5.8,15.8,0.1,1021.8
2025-09-28 18:00:00+00:00,14.1,75,9.7,13,13,10,0,22.0,10.0,128.8,12.0,8.9,13.0,0.0,1022.3
2025-09-28 19:00:00+00:00,12.2,81,9.0,7,5,5,0,0.0,0.0,0.0,0.0,7.9,11.2,0.0,1023.0
2025-09-28 20:00:00+00:00,10.9,84,8.3,6,5,4,0,0.0,0.0,0.0,0.0,6.8,11.5,0.0,1023.4
2025-09-28 21:00:00+00:00,10.1,86,7.8,4,4,2,0,0.0,0.0,0.0,0.0,7.8,13.0,0.0,1023.7
2025-09-28 22:00:00+00:00,9.1,87,7.1,5,5,1,0,0.0,0.0,0.0,0.0,8.3,13.7,0.0,1024.2
2025-09-28 23:00:00+00:00,8.4,88,6.6,0,0,0,0,0.0,0.0,0.0,0.0,8.6,14.4,0.0,1024.5
2025-09-29 00:00:00+00:00,7.9,90,6.3,0,0,0,0,0.0,0.0,0.0,0.0,8.5,14.4,0.0,1024.7
2025-09-29 01:00:00+00:00,7.4,90,5.9,0,0,0,0,0.0,0.0,0.0,0.0,7.6,14.4,0.0,1024.9
2025-09-29 02:00:00+00:00,7.0,91,5.6,0,0,0,0,0.0,0.0,0.0,0.0,7.6,14.0,0.0,1025.1
2025-09-29 03:00:00+00:00,6.3,92,5.1,0,0,0,0,0.0,0.0,0.0,0.0,7.6,13.7,0.0,1025.2
2025-09-29 04:00:00+00:00,5.9,93,4.8,0,0,0,0,0.0,0.0,0.0,0.0,7.8,13.3,0.0,1025.0
2025-09-29 05:00:00+00:00,5.8,93,4.8,0,0,0,0,0.0,0.0,0.0,0.0,7.5,13.3,0.0,1025.1
2025-09-29 06:00:00+00:00,5.6,93,4.6,0,0,0,0,0.0,0.0,0.0,0.0,7.5,13.3,0.0,1025.3
2025-09-29 07:00:00+00:00,6.1,93,5.1,0,0,0,0,35.0,19.0,221.6,16.0,8.8,15.1,0.0,1025.8
2025-09-29 08:00:00+00:00,9.3,91,7.8,2,0,0,2,168.0,117.0,545.2,51.0,7.7,16.9,0.0,1026.1
2025-09-29 09:00:00+00:00,12.5,84,9.9,28,0,0,28,319.0,249.0,701.8,70.0,6.4,16.6,0.0,1026.0
2025-09-29 10:00:00+00:00,15.5,71,10.3,59,0,0,59,450.0,372.0,794.1,78.0,5.1,16.2,0.0,1026.1
2025-09-29 11:00:00+00:00,17.2,60,9.3,86,0,0,86,532.0,434.0,792.3,98.0,3.3,14.8,0.0,1026.0
2025-09-29 12:00:00+00:00,17.9,55,8.6,98,52,0,96,553.0,408.0,694.6,145.0,3.6,14.0,0.0,1025.7
2025-09-29 13:00:00+00:00,18.1,53,8.3,98,67,0,97,505.0,314.0,537.2,191.0,4.5,15.1,0.0,1025.4
2025-09-29 14:00:00+00:00,18.4,52,8.4,99,91,0,97,434.0,260.0,482.1,174.0,5.4,16.2,0.0,1025.1
2025-09-29 15:00:00+00:00,18.2,51,7.9,100,86,16,98,305.0,128.0,281.4,177.0,5.9,15.5,0.0,1025.0
2025-09-29 16:00:00+00:00,17.7,53,8.1,100,92,64,100,201.0,68.0,201.7,133.0,5.4,11.5,0.0,1024.9
2025-09-29 17:00:00+00:00,16.6,66,10.2,100,9,87,99,89.0,11.0,56.8,78.0,4.1,5.4,0.0,1025.0
2025-09-29 18:00:00+00:00,16.0,61,8.5,99,1,59,99,15.0,1.0,13.4,14.0,6.1,5.4,0.0,1025.1
2025-09-29 19:00:00+00:00,14.4,70,8.9,99,1,45,99,0.0,0.0,0.0,0.0,5.9,9.0,0.0,1025.4
2025-09-29 20:00:00+00:00,12.9,77,9.0,100,4,74,100,0.0,0.0,0.0,0.0,5.8,9.7,0.0,1025.6
2025-09-29 21:00:00+00:00,11.7,82,8.8,83,5,0,83,0.0,0.0,0.0,0.0,6.2,9.7,0.0,1025.6
2025-09-29 22:00:00+00:00,8.8,92,7.6,58,5,8,52,0.0,0.0,0.0,0.0,7.0,9.7,0.0,1025.9
2025-09-29 23:00:00+00:00,7.6,93,6.6,28,1,0,27,0.0,0.0,0.0,0.0,7.7,10.1,0.0,1025.7
2025-09-30 00:00:00+00:00,6.7,95,6.0,29,0,0,29,0.0,0.0,0.0,0.0,7.0,9.4,0.0,1025.4
2025-09-30 01:00:00+00:00,6.7,96,6.0,55,0,0,54,0.0,0.0,0.0,0.0,6.5,7.9,0.0,1025.5
2025-09-30 02:00:00+00:00,6.0,96,5.4,35,0,0,35,0.0,0.0,0.0,0.0,6.2,7.9,0.0,1025.3
2025-09-30 03:00:00+00:00,5.5,97,5.0,5,5,0,0,0.0,0.0,0.0,0.0,6.6,8.3,0.0,1025.4
2025-09-30 04:00:00+00:00,5.4,96,4.8,3,2,0,0,0.0,0.0,0.0,0.0,7.2,8.3,0.0,1025.4
2025-09-30 05:00:00+00:00,4.9,100,4.9,11,4,7,0,0.0,0.0,0.0,0.0,6.6,6.8,0.0,1025.4
2025-09-30 06:00:00+00:00,4.6,99,4.5,22,3,20,0,0.0,0.0,0.0,0.0,5.7,6.1,0.0,1025.7
2025-09-30 07:00:00+00:00,5.4,97,5.0,60,60,0,0,29.0,12.0,143.8,17.0,5.5,10.8,0.0,1026.2
2025-09-30 08:00:00+00:00,9.0,96,8.4,22,19,3,0,134.0,64.0,304.6,70.0,3.8,11.5,0.0,1026.4
2025-09-30 09:00:00+00:00,13.5,78,9.8,4,3,1,0,255.0,135.0,385.6,120.0,1.3,9.7,0.0,1026.6
2025-09-30 10:00:00+00:00,16.1,67,10.0,2,0,2,0,391.0,255.0,550.1,136.0,1.3,9.7,0.0,1026.6
2025-09-30 11:00:00+00:00,17.6,60,9.9,1,0,1,0,509.0,417.0,768.5,92.0,4.2,14.0,0.0,1026.6
2025-09-30 12:00:00+00:00,18.3,58,9.8,10,9,2,0,570.0,481.0,826.5,89.0,5.7,17.3,0.0,1026.4
2025-09-30 13:00:00+00:00,18.8,55,9.5,22,20,4,0,549.0,449.0,775.7,100.0,6.5,18.7,0.0,1026.3
2025-09-30 14:00:00+00:00,19.0,54,9.5,33,30,9,0,466.0,316.0,592.4,150.0,7.1,18.7,0.0,1026.3
2025-09-30 15:00:00+00:00,18.9,54,9.3,14,4,10,0,360.0,255.0,568.1,105.0,7.3,16.9,0.0,1026.1
2025-09-30 16:00:00+00:00,18.3,56,9.4,12,2,11,0,238.0,143.0,432.1,95.0,8.2,14.8,0.0,1026.1
2025-09-30 17:00:00+00:00,16.9,60,9.2,19,0,19,0,116.0,59.0,314.6,57.0,7.3,12.2,0.0,1026.5
2025-09-30 18:00:00+00:00,14.4,73,9.5,28,0,24,5,18.0,7.0,98.1,11.0,7.5,12.2,0.0,1026.5
2025-09-30 19:00:00+00:00,13.2,79,9.6,90,0,32,86,0.0,0.0,0.0,0.0,7.8,13.0,0.0,1027.1
2025-09-30 20:00:00+00:00,12.5,84,9.9,96,0,47,93,0.0,0.0,0.0,0.0,6.7,11.2,0.0,1027.1
2025-09-30 21:00:00+00:00,11.7,87,9.6,86,0,36,82,0.0,0.0,0.0,0.0,6.0,10.4,0.0,1027.0
2025-09-30 22:00:00+00:00,10.6,89,8.9,74,0,24,66,0.0,0.0,0.0,0.0,6.0,10.4,0.0,1027.3
2025-09-30 23:00:00+00:00,9.5,92,8.3,71,0,15,63,0.0,0.0,0.0,0.0,5.5,11.2,0.0,1027.4
2025-10-01 00:00:00+00:00,9.0,93,8.0,16,0,12,6,0.0,0.0,0.0,0.0,8.4,10.4,0.0,1027.1
2025-10-01 01:00:00+00:00,8.9,94,8.0,46,0,5,43,0.0,0.0,0.0,0.0,7.4,9.0,0.0,1027.2
2025-10-01 02:00:00+00:00,8.4,96,7.8,86,39,12,67,0.0,0.0,0.0,0.0,7.6,9.7,0.0,1027.0
2025-10-01 03:00:00+00:00,8.1,97,7.6,96,40,64,84,0.0,0.0,0.0,0.0,7.8,9.0,0.0,1027.0
2025-10-01 04:00:00+00:00,8.8,98,8.5,100,97,82,100,0.0,0.0,0.0,0.0,7.8,8.3,0.0,1027.1
2025-10-01 05:00:00+00:00,9.4,97,8.9,100,98,82,100,0.0,0.0,0.0,0.0,6.8,8.3,0.0,1027.1
2025-10-01 06:00:00+00:00,9.5,97,9.0,100,100,95,100,0.0,0.0,0.0,0.0,5.4,8.3,0.0,1027.2
2025-10-01 07:00:00+00:00,10.4,96,9.9,100,100,100,100,10.0,0.0,0.0,10.0,6.3,10.1,0.0,1027.5
2025-10-01 08:00:00+00:00,12.1,94,11.2,100,60,99,100,43.0,0.0,0.0,43.0,7.4,12.6,0.0,1027.7
2025-10-01 09:00:00+00:00,14.3,87,12.3,100,18,85,100,89.0,0.0,0.0,89.0,7.2,14.8,0.0,1027.6
2025-10-01 10:00:00+00:00,15.5,83,12.7,99,76,69,98,188.0,13.0,28.3,175.0,12.9,22.7,0.0,1027.9
2025-10-01 11:00:00+00:00,16.5,78,12.7,100,76,6,95,296.0,82.0,152.6,214.0,14.0,28.8,0.0,1027.8
2025-10-01 12:00:00+00:00,17.2,75,12.7,100,90,9,93,276.0,69.0,119.7,207.0,13.2,27.4,0.0,1027.5
2025-10-01 13:00:00+00:00,17.8,71,12.5,98,67,40,94,332.0,114.0,198.9,218.0,12.1,27.0,0.0,1027.4
2025-10-01 14:00:00+00:00,18.0,69,12.3,99,50,68,93,298.0,73.0,138.4,225.0,11.3,25.6,0.0,1027.1
2025-10-01 15:00:00+00:00,18.0,69,12.3,79,49,39,48,286.0,123.0,277.7,163.0,11.2,23.4,0.0,1026.7
2025-10-01 16:00:00+00:00,17.8,70,12.3,54,14,1,45,213.0,116.0,357.2,97.0,11.3,20.2,0.0,1026.4
2025-10-01 17:00:00+00:00,16.5,75,12.2,20,8,0,13,104.0,57.0,314.3,47.0,9.9,15.5,0.0,1026.5
2025-10-01 18:00:00+00:00,14.4,85,11.9,7,2,0,5,14.0,5.0,73.3,9.0,9.8,15.1,0.0,1026.7
2025-10-01 19:00:00+00:00,12.9,91,11.5,14,3,0,11,0.0,0.0,0.0,0.0,9.6,16.2,0.0,1027.0
2025-10-01 20:00:00+00:00,12.0,94,11.1,39,9,0,30,0.0,0.0,0.0,0.0,8.7,14.8,0.0,1027.0
2025-10-01 21:00:00+00:00,11.4,96,10.8,57,25,0,49,0.0,0.0,0.0,0.0,7.7,13.0,0.0,1026.8
2025-10-01 22:00:00+00:00,11.5,95,10.8,99,74,0,97,0.0,0.0,0.0,0.0,7.9,11.9,0.0,1026.5
2025-10-01 23:00:00+00:00,11.5,96,10.8,100,91,0,98,0.0,0.0,0.0,0.0,7.7,10.8,0.0,1026.3
2025-10-02 00:00:00+00:00,11.3,96,10.8,100,100,4,97,0.0,0.0,0.0,0.0,7.3,10.8,0.0,1025.9
2025-10-02 01:00:00+00:00,11.2,98,10.9,100,100,15,97,0.0,0.0,0.0,0.0,7.1,10.4,0.0,1026.0
2025-10-02 02:00:00+00:00,10.7,99,10.5,100,100,35,98,0.0,0.0,0.0,0.0,6.7,10.4,0.0,1025.5
2025-10-02 03:00:00+00:00,11.0,99,10.8,100,99,25,99,0.0,0.0,0.0,0.0,6.0,10.1,0.0,1025.1
2025-10-02 04:00:00+00:00,11.3,99,11.2,100,100,8,99,0.0,0.0,0.0,0.0,5.7,10.4,0.0,1024.8
2025-10-02 05:00:00+00:00,11.1,99,11.0,100,100,21,99,0.0,0.0,0.0,0.0,5.6,7.9,0.0,1024.8
2025-10-02 06:00:00+00:00,11.4,99,11.3,100,100,36,99,0.0,0.0,0.0,0.0,7.3,9.0,0.0,1024.9
2025-10-02 07:00:00+00:00,11.4,99,11.3,100,91,34,99,9.0,0.0,0.0,9.0,8.7,15.5,0.0,1024.7
2025-10-02 08:00:00+00:00,12.1,97,11.6,100,90,24,97,50.0,0.0,0.0,50.0,10.6,20.2,0.0,1024.5
2025-10-02 09:00:00+00:00,13.5,95,12.7,100,69,59,100,149.0,28.0,82.2,121.0,12.5,25.6,0.0,1024.3
2025-10-02 10:00:00+00:00,14.6,92,13.4,99,64,97,97,166.0,17.0,37.5,149.0,14.6,26.3,0.0,1023.8
2025-10-02 11:00:00+00:00,15.9,87,13.7,100,51,77,98,257.0,32.0,60.1,225.0,15.2,29.5,0.0,1023.6
2025-10-02 12:00:00+00:00,16.9,82,13.8,98,50,48,95,380.0,163.0,285.4,217.0,18.6,33.5,0.0,1023.1
2025-10-02 13:00:00+00:00,17.3,79,13.6,100,58,30,98,338.0,104.0,183.3,234.0,20.6,38.5,0.0,1022.3
2025-10-02 14:00:00+00:00,17.7,77,13.6,100,40,98,100,350.0,150.0,287.5,200.0,19.6,40.7,0.0,1021.5
2025-10-02 15:00:00+00:00,16.8,81,13.5,100,11,53,100,145.0,23.0,52.7,122.0,18.0,35.3,0.0,1020.7
2025-10-02 16:00:00+00:00,16.7,78,12.8,100,15,17,100,128.0,19.0,59.6,109.0,18.9,34.9,0.0,1020.1
2025-10-02 17:00:00+00:00,16.3,77,12.2,100,12,10,100,85.0,16.0,91.4,69.0,18.7,36.4,0.0,1019.8
2025-10-02 18:00:00+00:00,15.7,78,11.8,100,1,32,100,11.0,1.0,15.4,10.0,19.1,37.8,0.0,1019.4
2025-10-02 19:00:00+00:00,15.7,78,11.8,100,1,75,100,0.0,0.0,0.0,0.0,20.3,37.8,0.1,1018.7
2025-10-02 20:00:00+00:00,16.1,76,11.8,100,3,81,100,0.0,0.0,0.0,0.0,20.9,39.6,0.0,1018.2
2025-10-02 21:00:00+00:00,16.1,76,11.8,100,1,95,100,0.0,0.0,0.0,0.0,21.9,43.2,0.0,1017.3
2025-10-02 22:00:00+00:00,16.1,77,12.0,100,1,33,100,0.0,0.0,0.0,0.0,23.7,46.4,0.0,1016.4
2025-10-02 23:00:00+00:00,16.3,76,12.2,100,1,61,100,0.0,0.0,0.0,0.0,23.8,44.6,0.0,1016.2
2025-10-03 00:00:00+00:00,15.9,79,12.2,98,3,77,97,0.0,0.0,0.0,0.0,23.1,41.4,0.2,1015.6
2025-10-03 01:00:00+00:00,15.2,84,12.4,100,7,80,100,0.0,0.0,0.0,0.0,22.8,40.7,1.3,1015.0
2025-10-03 02:00:00+00:00,14.8,88,12.8,100,38,100,100,0.0,0.0,0.0,0.0,24.2,40.7,1.0,1014.2
2025-10-03 03:00:00+00:00,14.9,90,13.3,100,77,100,100,0.0,0.0,0.0,0.0,24.0,41.8,1.4,1013.5
2025-10-03 04:00:00+00:00,15.0,93,13.8,100,100,100,100,0.0,0.0,0.0,0.0,24.2,41.0,2.4,1012.7
2025-10-03 05:00:00+00:00,15.1,96,14.4,100,100,100,100,0.0,0.0,0.0,0.0,23.9,39.2,2.6,1012.0
2025-10-03 06:00:00+00:00,15.5,98,15.1,100,100,96,100,0.0,0.0,0.0,0.0,23.4,38.5,0.9,1011.4
2025-10-03 07:00:00+00:00,16.1,98,15.7,100,100,50,100,3.0,0.0,0.0,3.0,20.9,37.4,0.6,1011.0
2025-10-03 08:00:00+00:00,16.3,99,16.1,100,100,86,100,17.0,0.0,0.0,17.0,19.8,36.7,0.2,1010.8
2025-10-03 09:00:00+00:00,16.5,99,16.3,100,100,55,100,34.0,0.0,0.0,34.0,21.6,36.4,0.5,1010.4
2025-10-03 10:00:00+00:00,16.9,96,16.2,100,100,99,100,44.0,0.0,0.0,44.0,23.1,43.6,0.5,1010.1
2025-10-03 11:00:00+00:00,17.2,96,16.6,100,100,97,100,42.0,0.0,0.0,42.0,23.8,43.2,0.1,1009.6
2025-10-03 12:00:00+00:00,17.2,96,16.5,100,100,100,100,45.0,0.0,0.0,45.0,25.5,45.7,0.1,1009.1
2025-10-03 13:00:00+00:00,17.2,96,16.5,100,100,100,100,64.0,0.0,0.0,64.0,27.9,49.7,0.3,1008.1
2025-10-03 14:00:00+00:00,17.0,96,16.4,100,77,100,100,54.0,0.0,0.0,54.0,28.2,47.5,1.3,1007.6
2025-10-03 15:00:00+00:00,16.4,93,15.3,100,34,99,100,38.0,0.0,0.0,38.0,29.8,55.4,1.1,1006.2
2025-10-03 16:00:00+00:00,16.7,94,15.6,100,92,22,97,42.0,2.0,6.4,40.0,31.7,60.8,0.1,1005.0
2025-10-03 17:00:00+00:00,17.3,95,16.5,100,100,6,88,30.0,6.0,35.5,24.0,34.8,67.0,0.0,1003.6
2025-10-03 18:00:00+00:00,17.6,94,16.7,100,100,83,84,2.0,0.0,0.0,2.0,36.7,68.0,0.1,1002.5
2025-10-03 19:00:00+00:00,17.6,94,16.6,100,100,92,77,0.0,0.0,0.0,0.0,37.2,69.1,0.2,1001.7
2025-10-03 20:00:00+00:00,17.6,94,16.7,100,100,100,4,0.0,0.0,0.0,0.0,37.7,70.2,0.2,1000.7
2025-10-03 21:00:00+00:00,17.5,95,16.7,100,100,100,0,0.0,0.0,0.0,0.0,38.1,77.0,0.4,999.9
2025-10-03 22:00:00+00:00,17.4,94,16.5,100,100,100,30,0.0,0.0,0.0,0.0,33.8,69.8,0.4,998.5
2025-10-03 23:00:00+00:00,17.3,95,16.5,100,100,100,63,0.0,0.0,0.0,0.0,31.6,69.1,0.7,998.5
2025-10-04 00:00:00+00:00,16.3,94,15.3,92,63,87,50,0.0,0.0,0.0,0.0,28.0,57.2,0.8,998.7
2025-10-04 01:00:00+00:00,14.9,89,13.1,99,4,99,75,0.0,0.0,0.0,0.0,27.2,52.9,0.1,999.0
2025-10-04 02:00:00+00:00,14.1,85,11.6,64,6,58,34,0.0,0.0,0.0,0.0,27.5,51.1,0.0,998.9
2025-10-04 03:00:00+00:00,13.1,84,10.4,68,25,64,0,0.0,0.0,0.0,0.0,30.5,54.7,0.0,999.1
2025-10-04 04:00:00+00:00,12.2,82,9.2,50,7,50,0,0.0,0.0,0.0,0.0,29.3,58.7,0.0,999.3
2025-10-04 05:00:00+00:00,11.4,77,7.4,20,0,20,0,0.0,0.0,0.0,0.0,29.8,59.8,0.0,999.7
2025-10-04 06:00:00+00:00,11.1,73,6.4,16,16,7,0,0.0,0.0,0.0,0.0,29.8,60.1,0.0,1000.4
2025-10-04 07:00:00+00:00,11.0,72,6.1,22,19,19,0,24.0,11.0,148.0,13.0,30.1,55.8,0.0,1001.1
2025-10-04 08:00:00+00:00,11.5,70,6.1,16,15,9,0,148.0,96.0,500.5,52.0,30.6,52.2,0.0,1001.7
2025-10-04 09:00:00+00:00,12.1,64,5.4,36,30,27,0,270.0,194.0,585.9,76.0,37.1,65.5,0.0,1002.3
2025-10-04 10:00:00+00:00,12.6,61,5.3,63,33,55,30,383.0,282.0,635.6,101.0,38.2,76.7,0.0,1002.9
2025-10-04 11:00:00+00:00,13.5,55,4.7,68,33,20,49,442.0,335.0,642.0,107.0,35.6,84.6,0.1,1002.8
2025-10-04 12:00:00+00:00,13.6,55,4.9,78,43,36,59,444.0,318.0,567.7,126.0,36.0,79.6,0.0,1003.3
2025-10-04 13:00:00+00:00,14.2,54,5.0,95,43,34,91,450.0,299.0,537.7,151.0,41.4,77.0,0.0,1003.8
2025-10-04 14:00:00+00:00,14.7,53,5.1,100,82,61,100,413.0,274.0,537.4,139.0,40.9,75.2,0.0,1004.4
2025-10-04 15:00:00+00:00,14.6,54,5.3,100,17,90,99,297.0,178.0,419.1,119.0,35.0,69.8,0.0,1005.2
2025-10-04 16:00:00+00:00,14.1,59,6.1,100,22,48,98,176.0,93.0,303.6,83.0,30.0,54.7,0.0,1005.8
2025-10-04 17:00:00+00:00,13.6,62,6.3,75,26,12,67,97.0,54.0,331.8,43.0,28.5,52.6,0.0,1007.0
2025-10-04 18:00:00+00:00,13.0,64,6.3,28,27,9,2,10.0,4.0,68.1,6.0,26.0,47.5,0.0,1007.8
2025-10-04 19:00:00+00:00,12.5,66,6.4,11,11,2,0,0.0,0.0,0.0,0.0,25.4,47.2,0.0,1008.8
2025-10-04 20:00:00+00:00,12.3,68,6.5,18,8,1,11,0.0,0.0,0.0,0.0,24.8,45.7,0.0,1009.3
2025-10-04 21:00:00+00:00,11.9,72,6.9,32,7,3,26,0.0,0.0,0.0,0.0,24.3,44.3,0.0,1010.1
2025-10-04 22:00:00+00:00,11.9,74,7.4,58,53,11,7,0.0,0.0,0.0,0.0,25.9,44.6,0.0,1011.2
2025-10-04 23:00:00+00:00,11.9,75,7.7,21,16,21,0,0.0,0.0,0.0,0.0,26.7,46.4,0.0,1011.6
2025-10-05 00:00:00+00:00,11.8,75,7.5,25,16,23,0,0.0,0.0,0.0,0.0,27.1,47.9,0.0,1012.2
2025-10-05 01:00:00+00:00,11.5,76,7.4,36,17,34,0,0.0,0.0,0.0,0.0,25.5,46.1,0.0,1012.5
2025-10-05 02:00:00+00:00,11.3,75,7.0,18,16,11,0,0.0,0.0,0.0,0.0,25.0,44.6,0.0,1012.7
2025-10-05 03:00:00+00:00,11.0,76,6.8,6,5,3,0,0.0,0.0,0.0,0.0,25.1,43.9,0.0,1013.2
2025-10-05 04:00:00+00:00,10.7,76,6.6,2,1,2,0,0.0,0.0,0.0,0.0,24.8,42.8,0.0,1013.6
2025-10-05 05:00:00+00:00,10.5,77,6.6,4,3,3,0,0.0,0.0,0.0,0.0,24.2,41.8,0.0,1014.0
2025-10-05 06:00:00+00:00,10.3,79,6.9,1,1,0,0,0.0,0.0,0.0,0.0,24.1,40.3,0.0,1014.6
2025-10-05 07:00:00+00:00,10.6,80,7.3,2,2,2,0,21.0,10.0,138.8,11.0,23.6,42.5,0.0,1015.6
2025-10-05 08:00:00+00:00,12.1,76,8.0,2,2,2,0,138.0,91.0,486.1,47.0,20.9,36.4,0.0,1016.6
2025-10-05 09:00:00+00:00,13.6,71,8.4,6,6,3,0,290.0,223.0,683.4,67.0,23.8,46.4,0.0,1017.2
2025-10-05 10:00:00+00:00,14.7,65,8.1,96,95,5,19,401.0,316.0,720.4,85.0,26.6,58.3,0.0,1018.0
2025-10-05 11:00:00+00:00,15.3,61,7.9,99,99,8,23,444.0,311.0,602.1,133.0,24.1,55.4,0.0,1018.5
2025-10-05 12:00:00+00:00,15.7,61,8.3,92,92,9,4,345.0,182.0,328.1,163.0,23.9,48.6,0.0,1018.8
2025-10-05 13:00:00+00:00,15.8,60,8.0,81,81,19,0,288.0,143.0,259.8,145.0,25.0,49.0,0.0,1019.0
2025-10-05 14:00:00+00:00,16.2,58,8.0,99,91,27,39,277.0,125.0,248.0,152.0,23.3,46.4,0.1,1019.1
2025-10-05 15:00:00+00:00,15.9,62,8.7,88,85,7,34,175.0,35.0,83.6,140.0,22.0,39.2,0.0,1019.6
2025-10-05 16:00:00+00:00,15.6,64,8.7,76,76,1,6,163.0,55.0,183.2,108.0,21.7,37.4,0.0,1020.2
2025-10-05 17:00:00+00:00,14.2,68,8.3,83,81,2,8,86.0,40.0,255.5,46.0,20.4,31.3,0.0,1020.9
2025-10-05 18:00:00+00:00,12.7,72,7.8,95,95,1,0,9.0,3.0,53.9,6.0,19.3,28.4,0.0,1021.8
2025-10-05 19:00:00+00:00,11.8,74,7.4,50,46,0,7,0.0,0.0,0.0,0.0,16.9,30.6,0.0,1022.5
2025-10-05 20:00:00+00:00,10.8,77,6.9,56,23,0,40,0.0,0.0,0.0,0.0,13.9,24.8,0.0,1023.4
2025-10-05 21:00:00+00:00,10.0,81,6.8,46,19,0,31,0.0,0.0,0.0,0.0,12.0,20.9,0.0,1023.7
2025-10-05 22:00:00+00:00,10.2,81,7.1,45,8,2,41,0.0,0.0,0.0,0.0,11.2,18.0,0.0,1024.1
2025-10-05 23:00:00+00:00,9.6,85,7.2,81,5,12,78,0.0,0.0,0.0,0.0,11.0,16.9,0.0,1024.4
2025-10-06 00:00:00+00:00,9.3,88,7.5,71,16,51,35,0.0,0.0,0.0,0.0,10.1,16.9,0.0,1024.4
2025-10-06 01:00:00+00:00,9.5,89,7.9,90,45,45,66,0.0,0.0,0.0,0.0,10.5,17.3,0.0,1024.7
2025-10-06 02:00:00+00:00,10.0,89,8.4,93,70,34,50,0.0,0.0,0.0,0.0,11.9,19.4,0.0,1024.8
2025-10-06 03:00:00+00:00,10.2,91,8.8,86,85,17,9,0.0,0.0,0.0,0.0,13.3,20.2,0.0,1024.5
2025-10-06 04:00:00+00:00,10.8,89,9.1,72,71,9,0,0.0,0.0,0.0,0.0,13.4,20.5,0.0,1024.5
2025-10-06 05:00:00+00:00,11.1,89,9.4,37,35,15,0,0.0,0.0,0.0,0.0,13.8,21.6,0.0,1024.5
2025-10-06 06:00:00+00:00,11.3,89,9.5,9,7,4,0,0.0,0.0,0.0,0.0,13.7,22.3,0.0,1024.5
2025-10-06 07:00:00+00:00,11.4,90,9.8,7,6,1,0,17.0,8.0,114.8,9.0,13.4,23.4,0.0,1025.0
2025-10-06 08:00:00+00:00,12.8,87,10.6,1,1,0,0,125.0,80.0,438.1,45.0,12.9,24.5,0.0,1025.2
2025-10-06 09:00:00+00:00,14.5,80,11.1,0,0,0,0,258.0,191.0,594.1,67.0,14.9,29.2,0.0,1025.4
2025-10-06 10:00:00+00:00,15.9,75,11.5,63,63,0,0,391.0,314.0,724.1,77.0,15.6,31.3,0.0,1025.4
2025-10-06 11:00:00+00:00,17.6,66,11.2,65,65,0,0,473.0,385.0,753.0,88.0,13.1,31.7,0.0,1025.6
2025-10-06 12:00:00+00:00,18.7,65,11.9,47,47,0,0,483.0,333.0,606.4,150.0,12.5,29.5,0.0,1025.6
2025-10-06 13:00:00+00:00,19.1,65,12.3,51,51,0,0,453.0,282.0,517.8,171.0,12.8,30.2,0.0,1025.4
2025-10-06 14:00:00+00:00,19.0,66,12.5,44,42,0,3,296.0,109.0,218.8,187.0,13.4,30.2,0.0,1025.1
2025-10-06 15:00:00+00:00,18.8,67,12.7,64,64,0,3,247.0,121.0,293.3,126.0,14.6,30.2,0.0,1024.9
2025-10-06 16:00:00+00:00,18.4,69,12.7,7,7,0,0,170.0,65.0,221.1,105.0,14.5,27.0,0.0,1025.0
2025-10-06 17:00:00+00:00,17.3,74,12.5,4,3,0,1,81.0,35.0,232.6,46.0,10.8,18.7,0.0,1024.9
2025-10-06 18:00:00+00:00,15.8,79,12.2,71,2,0,71,7.0,2.0,38.1,5.0,7.8,13.0,0.0,1025.1
2025-10-06 19:00:00+00:00,14.8,85,12.2,96,10,0,95,0.0,0.0,0.0,0.0,7.3,12.2,0.0,1025.5
2025-10-06 20:00:00+00:00,14.4,86,12.1,92,34,0,86,0.0,0.0,0.0,0.0,7.9,13.0,0.0,1025.5
2025-10-06 21:00:00+00:00,14.0,88,12.0,95,66,0,89,0.0,0.0,0.0,0.0,8.1,13.3,0.0,1025.7
2025-10-06 22:00:00+00:00,12.9,91,11.5,92,76,0,76,0.0,0.0,0.0,0.0,7.8,13.0,0.0,1025.4
2025-10-06 23:00:00+00:00,12.7,92,11.4,100,84,0,89,0.0,0.0,0.0,0.0,7.8,12.6,0.0,1025.5
2025-10-07 00:00:00+00:00,12.6,91,11.2,96,77,0,86,0.0,0.0,0.0,0.0,7.2,11.9,0.0,1025.4
2025-10-07 01:00:00+00:00,12.4,92,11.1,94,75,1,70,0.0,0.0,0.0,0.0,7.6,12.6,0.0,1025.1
2025-10-07 02:00:00+00:00,12.0,93,10.9,93,75,4,83,0.0,0.0,0.0,0.0,8.6,14.4,0.0,1025.1
2025-10-07 03:00:00+00:00,12.1,93,10.9,92,76,8,72,0.0,0.0,0.0,0.0,8.8,16.9,0.0,1025.0
2025-10-07 04:00:00+00:00,12.0,93,10.9,68,58,0,35,0.0,0.0,0.0,0.0,8.4,16.6,0.0,1025.0
2025-10-07 05:00:00+00:00,11.9,93,10.8,55,41,3,21,0.0,0.0,0.0,0.0,8.2,15.8,0.0,1025.0
2025-10-07 06:00:00+00:00,12.0,92,10.8,46,23,3,29,0.0,0.0,0.0,0.0,7.9,15.8,0.0,1025.1
2025-10-07 07:00:00+00:00,12.0,92,10.7,86,23,8,81,14.0,5.0,74.2,9.0,8.4,14.4,0.0,1025.4
2025-10-07 08:00:00+00:00,12.7,90,11.0,95,22,8,94,96.0,39.0,219.1,57.0,8.3,17.3,0.0,1025.5
2025-10-07 09:00:00+00:00,13.9,83,11.0,98,20,1,97,219.0,126.0,397.9,93.0,9.6,21.6,0.0,1025.6
2025-10-07 10:00:00+00:00,14.9,77,10.8,100,100,0,100,354.0,245.0,571.7,109.0,10.1,27.7,0.0,1025.4
2025-10-07 11:00:00+00:00,15.4,74,10.9,100,99,0,92,369.0,215.0,424.9,154.0,10.5,28.1,0.0,1025.3
2025-10-07 12:00:00+00:00,16.0,71,10.8,100,99,0,93,356.0,177.0,325.6,179.0,11.0,29.2,0.0,1025.2
2025-10-07 13:00:00+00:00,16.3,69,10.7,100,98,0,92,314.0,76.0,141.0,238.0,11.0,28.4,0.0,1024.7
2025-10-07 14:00:00+00:00,16.4,69,10.6,100,98,0,92,266.0,83.0,168.6,183.0,11.3,27.0,0.0,1024.4
2025-10-07 15:00:00+00:00,16.5,69,10.9,100,96,0,98,235.0,60.0,147.6,175.0,11.2,25.2,0.0,1024.0
2025-10-07 16:00:00+00:00,16.0,71,10.7,100,96,0,100,138.0,23.0,79.9,115.0,10.6,21.2,0.0,1023.9
2025-10-07 17:00:00+00:00,15.1,75,10.7,100,95,0,100,54.0,3.0,20.8,51.0,7.1,12.6,0.0,1023.9
2025-10-07 18:00:00+00:00,14.2,79,10.6,99,93,0,98,5.0,0.0,0.0,5.0,5.6,10.4,0.0,1024.1
2025-10-07 19:00:00+00:00,13.0,85,10.4,100,90,0,100,0.0,0.0,0.0,0.0,5.7,9.7,0.0,1024.1
2025-10-07 20:00:00+00:00,12.9,85,10.4,100,88,0,94,0.0,0.0,0.0,0.0,6.1,10.4,0.0,1024.3
2025-10-07 21:00:00+00:00,12.4,87,10.3,98,64,0,96,0.0,0.0,0.0,0.0,6.5,11.5,0.0,1024.2
2025-10-07 22:00:00+00:00,12.1,87,10.0,98,77,0,91,0.0,0.0,0.0,0.0,6.8,11.2,0.0,1024.4
2025-10-07 23:00:00+00:00,11.5,90,9.8,97,87,0,75,0.0,0.0,0.0,0.0,7.2,11.2,0.0,1024.4
2025-10-08 00:00:00+00:00,11.1,91,9.7,97,88,0,62,0.0,0.0,0.0,0.0,7.2,11.2,0.0,1024.1
2025-10-08 01:00:00+00:00,10.5,93,9.5,78,61,0,57,0.0,0.0,0.0,0.0,7.0,10.8,0.0,1024.0
2025-10-08 02:00:00+00:00,10.5,94,9.5,69,45,1,44,0.0,0.0,0.0,0.0,6.3,11.5,0.0,1023.9
2025-10-08 03:00:00+00:00,10.6,94,9.6,58,36,5,32,0.0,0.0,0.0,0.0,6.3,11.5,0.0,1023.5
2025-10-08 04:00:00+00:00,10.7,94,9.8,80,75,12,9,0.0,0.0,0.0,0.0,6.1,11.5,0.0,1023.3
2025-10-08 05:00:00+00:00,11.4,92,10.1,92,90,40,4,0.0,0.0,0.0,0.0,6.7,12.6,0.0,1023.5
2025-10-08 06:00:00+00:00,11.7,91,10.2,100,100,73,0,0.0,0.0,0.0,0.0,7.0,12.6,0.0,1023.6
2025-10-08 07:00:00+00:00,11.8,91,10.4,100,100,100,0,5.0,0.0,0.0,5.0,7.6,13.3,0.0,1023.9
2025-10-08 08:00:00+00:00,12.8,89,10.9,100,100,96,8,19.0,0.0,0.0,19.0,7.7,14.0,0.0,1023.9
2025-10-08 09:00:00+00:00,14.0,87,11.8,100,100,92,24,40.0,0.0,0.0,40.0,7.7,14.4,0.0,1024.2
2025-10-08 10:00:00+00:00,14.3,90,12.6,100,100,100,42,62.0,0.0,0.0,62.0,7.1,15.5,0.0,1024.3
2025-10-08 11:00:00+00:00,15.1,88,13.2,100,100,95,3,106.0,0.0,0.0,106.0,7.3,16.6,0.0,1024.4
2025-10-08 12:00:00+00:00,15.7,87,13.5,100,100,58,0,115.0,7.0,13.0,108.0,8.0,16.6,0.0,1024.3
2025-10-08 13:00:00+00:00,16.7,82,13.7,100,100,9,0,142.0,4.0,7.5,138.0,6.5,14.8,0.0,1023.9
2025-10-08 14:00:00+00:00,17.4,79,13.7,100,100,0,0,173.0,32.0,65.8,141.0,5.8,15.1,0.1,1023.8
2025-10-08 15:00:00+00:00,17.7,78,13.8,100,100,0,0,122.0,38.0,94.9,84.0,6.5,13.3,0.0,1023.7
2025-10-08 16:00:00+00:00,17.5,77,13.5,94,94,0,0,135.0,52.0,184.5,83.0,4.9,12.6,0.1,1023.8
2025-10-08 17:00:00+00:00,16.7,84,13.9,80,80,0,0,59.0,24.0,173.5,35.0,3.6,6.8,0.0,1024.3
2025-10-08 18:00:00+00:00,15.0,86,12.7,51,51,0,0,4.0,1.0,19.1,3.0,4.8,9.0,0.0,1024.6
2025-10-08 19:00:00+00:00,13.9,90,12.3,57,57,0,0,0.0,0.0,0.0,0.0,6.9,11.9,0.0,1025.1
2025-10-08 20:00:00+00:00,13.1,91,11.7,53,53,0,0,0.0,0.0,0.0,0.0,9.2,16.2,0.0,1025.5
2025-10-08 21:00:00+00:00,12.8,91,11.3,26,26,0,0,0.0,0.0,0.0,0.0,10.3,18.0,0.0,1025.9
2025-10-08 22:00:00+00:00,12.4,89,10.6,48,48,0,0,0.0,0.0,0.0,0.0,11.6,18.7,0.0,1026.2
2025-10-08 23:00:00+00:00,11.9,88,10.0,27,27,0,0,0.0,0.0,0.0,0.0,10.6,18.4,0.0,1026.2
2025-10-09 00:00:00+00:00,11.3,88,9.3,19,19,0,0,0.0,0.0,0.0,0.0,9.4,16.9,0.0,1026.2
2025-10-09 01:00:00+00:00,10.5,87,8.5,16,16,0,0,0.0,0.0,0.0,0.0,8.8,15.1,0.0,1026.4
2025-10-09 02:00:00+00:00,9.8,89,8.0,13,13,0,0,0.0,0.0,0.0,0.0,8.6,14.0,0.0,1026.5
2025-10-09 03:00:00+00:00,9.3,89,7.5,12,12,2,0,0.0,0.0,0.0,0.0,8.6,14.8,0.0,1026.6
2025-10-09 04:00:00+00:00,9.0,89,7.2,15,9,11,0,0.0,0.0,0.0,0.0,8.4,15.5,0.0,1026.8
2025-10-09 05:00:00+00:00,8.4,89,6.8,42,6,18,28,0.0,0.0,0.0,0.0,8.5,15.1,0.0,1027.1
2025-10-09 06:00:00+00:00,8.0,90,6.5,69,4,10,63,0.0,0.0,0.0,0.0,8.5,14.8,0.0,1027.4
2025-10-09 07:00:00+00:00,7.8,93,6.7,67,2,13,60,12.0,4.0,63.7,8.0,7.6,11.5,0.0,1027.8
2025-10-09 08:00:00+00:00,9.4,90,7.9,17,2,3,14,102.0,55.0,326.0,47.0,7.2,15.5,0.0,1028.2
2025-10-09 09:00:00+00:00,11.8,82,8.8,8,7,0,0,233.0,164.0,534.1,69.0,7.4,18.0,0.0,1028.5
2025-10-09 10:00:00+00:00,13.5,78,9.6,10,10,0,0,371.0,293.0,700.2,78.0,8.9,20.2,0.0,1028.7
2025-10-09 11:00:00+00:00,14.6,72,9.6,87,87,0,0,426.0,322.0,650.0,104.0,8.3,20.2,0.0,1028.5
2025-10-09 12:00:00+00:00,14.9,72,9.9,99,99,0,0,416.0,242.0,454.4,174.0,9.7,20.2,0.0,1028.7
2025-10-09 13:00:00+00:00,15.4,70,10.1,100,100,0,0,416.0,253.0,479.6,163.0,10.4,21.2,0.0,1028.5
2025-10-09 14:00:00+00:00,15.5,70,10.0,100,100,0,0,304.0,99.0,206.1,205.0,10.5,21.2,0.0,1028.6
2025-10-09 15:00:00+00:00,15.5,70,10.0,100,100,0,1,254.0,87.0,220.5,167.0,10.5,21.2,0.0,1028.7
2025-10-09 16:00:00+00:00,14.9,72,9.8,100,100,0,27,138.0,33.0,119.6,105.0,10.8,18.7,0.0,1028.9
2025-10-09 17:00:00+00:00,14.4,74,9.9,100,100,0,16,56.0,8.0,60.5,48.0,8.8,11.5,0.0,1029.5
2025-10-09 18:00:00+00:00,13.1,81,9.9,100,100,0,0,3.0,0.0,0.0,3.0,6.6,9.0,0.0,1029.7
2025-10-09 19:00:00+00:00,13.4,79,9.9,99,99,0,0,0.0,0.0,0.0,0.0,5.0,8.3,0.0,1030.5
2025-10-09 20:00:00+00:00,13.0,81,9.9,100,100,0,23,0.0,0.0,0.0,0.0,4.7,8.3,0.0,1030.8
2025-10-09 21:00:00+00:00,13.2,80,9.9,98,96,0,62,0.0,0.0,0.0,0.0,4.9,8.6,0.0,1031.3
2025-10-09 22:00:00+00:00,12.5,83,9.8,98,96,1,46,0.0,0.0,0.0,0.0,5.7,9.0,0.0,1031.7
2025-10-09 23:00:00+00:00,12.9,82,10.0,94,94,2,23,0.0,0.0,0.0,0.0,5.5,9.4,0.0,1031.8
2025-10-10 00:00:00+00:00,13.0,83,10.1,100,99,5,15,0.0,0.0,0.0,0.0,4.6,8.3,0.0,1031.9
2025-10-10 01:00:00+00:00,12.8,84,10.1,99,99,0,1,0.0,0.0,0.0,0.0,4.5,8.3,0.0,1032.1
2025-10-10 02:00:00+00:00,12.9,83,10.2,100,100,0,1,0.0,0.0,0.0,0.0,6.0,9.4,0.0,1032.5
2025-10-10 03:00:00+00:00,13.1,83,10.3,100,100,0,0,0.0,0.0,0.0,0.0,7.3,10.8,0.0,1032.6
2025-10-10 04:00:00+00:00,13.3,83,10.5,100,100,0,1,0.0,0.0,0.0,0.0,7.0,11.2,0.0,1032.7
2025-10-10 05:00:00+00:00,13.3,84,10.6,100,100,0,0,0.0,0.0,0.0,0.0,6.5,11.9,0.0,1033.1
2025-10-10 06:00:00+00:00,13.5,84,10.8,98,98,0,0,0.0,0.0,0.0,0.0,5.5,12.2,0.0,1033.1
2025-10-10 07:00:00+00:00,13.4,84,10.8,99,99,0,0,6.0,0.0,0.0,6.0,5.8,10.4,0.0,1033.5
2025-10-10 08:00:00+00:00,13.4,85,11.0,100,100,0,0,59.0,12.0,73.1,47.0,5.3,11.9,0.0,1034.0
2025-10-10 09:00:00+00:00,13.7,85,11.2,99,99,0,0,131.0,32.0,105.9,99.0,6.6,16.2,0.0,1034.5
2025-10-10 10:00:00+00:00,13.7,83,10.9,100,100,0,0,154.0,29.0,70.1,125.0,7.3,17.6,0.0,1035.0
2025-10-10 11:00:00+00:00,14.1,82,11.0,100,100,0,0,184.0,11.0,22.4,173.0,6.1,16.2,0.0,1035.2
2025-10-10 12:00:00+00:00,14.5,80,11.1,100,100,0,0,221.0,30.0,56.9,191.0,5.3,15.1,0.0,1034.8
2025-10-10 13:00:00+00:00,14.6,80,11.2,100,100,0,0,208.0,32.0,61.3,176.0,5.5,14.8,0.0,1034.6
2025-10-10 14:00:00+00:00,14.8,79,11.2,100,100,0,0,178.0,15.0,31.6,163.0,5.3,14.8,0.0,1034.7
2025-10-10 15:00:00+00:00,14.9,79,11.2,100,100,0,0,147.0,30.0,77.2,117.0,5.2,14.4,0.0,1034.4
2025-10-10 16:00:00+00:00,14.8,78,11.1,100,100,0,0,100.0,8.0,29.6,92.0,4.9,12.2,0.0,1034.4
2025-10-10 17:00:00+00:00,14.3,81,11.1,100,100,0,0,36.0,5.0,39.6,31.0,2.7,5.8,0.0,1034.5
2025-10-10 18:00:00+00:00,14.0,83,11.1,100,100,0,0,2.0,0.0,0.0,2.0,3.5,5.4,0.0,1034.4
2025-10-10 19:00:00+00:00,13.6,84,11.0,100,100,0,30,0.0,0.0,0.0,0.0,3.2,4.0,0.0,1034.6
2025-10-10 20:00:00+00:00,13.2,84,10.5,100,100,0,74,0.0,0.0,0.0,0.0,3.2,6.1,0.0,1034.8
2025-10-10 21:00:00+00:00,12.3,86,10.1,100,93,0,92,0.0,0.0,0.0,0.0,3.9,6.8,0.1,1034.6
2025-10-10 22:00:00+00:00,12.3,84,9.7,95,89,0,71,0.0,0.0,0.0,0.0,4.6,7.6,0.0,1034.7
2025-10-10 23:00:00+00:00,11.9,86,9.5,88,81,0,41,0.0,0.0,0.0,0.0,3.8,7.9,0.0,1034.8
2025-10-11 00:00:00+00:00,11.8,86,9.5,80,76,0,20,0.0,0.0,0.0,0.0,3.6,9.0,0.0,1034.7
2025-10-11 01:00:00+00:00,11.8,86,9.6,83,77,0,20,0.0,0.0,0.0,0.0,3.8,9.0,0.0,1034.7
2025-10-11 02:00:00+00:00,12.1,86,9.8,83,79,0,18,0.0,0.0,0.0,0.0,4.5,10.1,0.0,1034.8
2025-10-11 03:00:00+00:00,11.9,86,9.6,82,81,0,7,0.0,0.0,0.0,0.0,4.4,10.8,0.0,1034.7
2025-10-11 04:00:00+00:00,12.6,83,9.8,75,75,0,2,0.0,0.0,0.0,0.0,4.9,11.2,0.0,1034.6
2025-10-11 05:00:00+00:00,12.4,83,9.6,78,69,0,39,0.0,0.0,0.0,0.0,4.8,11.9,0.0,1034.6
2025-10-11 06:00:00+00:00,12.4,83,9.6,94,73,0,71,0.0,0.0,0.0,0.0,4.4,11.5,0.1,1034.5
2025-10-11 07:00:00+00:00,12.3,83,9.5,94,63,0,82,6.0,1.0,17.2,5.0,6.0,10.1,0.0,1034.7
2025-10-11 08:00:00+00:00,12.7,83,9.9,96,72,0,81,59.0,17.0,106.6,42.0,6.5,11.9,0.0,1034.9
2025-10-11 09:00:00+00:00,13.4,78,9.7,99,68,0,91,151.0,65.0,218.6,86.0,6.1,14.0,0.0,1035.1
2025-10-11 10:00:00+00:00,13.5,73,8.8,99,72,0,98,192.0,73.0,178.8,119.0,5.9,15.5,0.0,1035.0
2025-10-11 11:00:00+00:00,13.9,71,8.6,100,75,0,99,221.0,47.0,96.9,174.0,5.8,17.6,0.0,1034.8
2025-10-11 12:00:00+00:00,14.2,70,8.7,97,58,0,97,272.0,42.0,80.5,230.0,6.8,18.0,0.0,1034.8
2025-10-11 13:00:00+00:00,14.7,67,8.7,97,34,0,96,327.0,97.0,187.9,230.0,5.6,16.2,0.0,1034.1
2025-10-11 14:00:00+00:00,14.7,68,8.8,100,22,0,100,263.0,53.0,113.0,210.0,5.8,13.7,0.0,1034.1
2025-10-11 15:00:00+00:00,14.8,68,8.9,96,25,0,95,216.0,48.0,125.4,168.0,6.8,14.0,0.0,1033.9
2025-10-11 16:00:00+00:00,14.4,71,9.1,88,17,1,86,142.0,52.0,196.9,90.0,6.9,13.0,0.0,1033.7
2025-10-11 17:00:00+00:00,13.3,79,9.7,65,22,6,55,61.0,16.0,132.7,45.0,4.0,7.9,0.0,1033.4
2025-10-11 18:00:00+00:00,11.7,83,8.9,40,29,0,16,2.0,0.0,0.0,2.0,4.6,10.1,0.0,1033.3
2025-10-11 19:00:00+00:00,10.9,85,8.5,47,44,0,5,0.0,0.0,0.0,0.0,6.7,11.5,0.0,1033.6
2025-10-11 20:00:00+00:00,10.5,87,8.4,45,45,0,1,0.0,0.0,0.0,0.0,8.2,14.4,0.0,1033.6
2025-10-11 21:00:00+00:00,9.9,88,8.0,49,49,0,0,0.0,0.0,0.0,0.0,9.0,15.8,0.0,1033.7
2025-10-11 22:00:00+00:00,9.6,86,7.3,60,60,0,3,0.0,0.0,0.0,0.0,9.4,15.1,0.0,1033.8
2025-10-11 23:00:00+00:00,9.4,87,7.4,63,63,0,0,0.0,0.0,0.0,0.0,9.0,13.3,0.0,1033.7
2025-10-12 00:00:00+00:00,9.5,87,7.5,59,59,0,0,0.0,0.0,0.0,0.0,8.8,12.2,0.0,1033.6
2025-10-12 01:00:00+00:00,9.7,86,7.5,58,57,0,1,0.0,0.0,0.0,0.0,8.4,12.6,0.0,1033.3
2025-10-12 02:00:00+00:00,9.6,87,7.5,63,53,0,17,0.0,0.0,0.0,0.0,9.0,13.7,0.0,1032.9
2025-10-12 03:00:00+00:00,9.6,88,7.6,66,63,0,7,0.0,0.0,0.0,0.0,8.9,14.8,0.0,1032.6
2025-10-12 04:00:00+00:00,10.0,86,7.7,59,58,0,1,0.0,0.0,0.0,0.0,9.2,16.9,0.0,1032.5
2025-10-12 05:00:00+00:00,10.0,86,7.7,53,53,0,0,0.0,0.0,0.0,0.0,8.5,17.3,0.0,1032.4
2025-10-12 06:00:00+00:00,10.1,87,8.0,48,46,0,5,0.0,0.0,0.0,0.0,8.6,17.3,0.0,1032.1
2025-10-12 07:00:00+00:00,10.5,86,8.3,46,42,0,7,7.0,2.0,35.8,5.0,9.9,17.3,0.0,1032.3
2025-10-12 08:00:00+00:00,10.7,87,8.7,29,19,0,11,88.0,45.0,290.6,43.0,10.1,19.8,0.0,1032.4
2025-10-12 09:00:00+00:00,11.9,84,9.3,27,15,0,15,197.0,113.0,386.3,84.0,9.8,20.9,0.0,1032.6
2025-10-12 10:00:00+00:00,12.6,81,9.5,52,52,0,0,276.0,176.0,436.4,100.0,11.0,22.7,0.0,1032.4
2025-10-12 11:00:00+00:00,13.4,78,9.6,47,47,0,0,419.0,317.0,661.0,102.0,10.7,24.5,0.0,1032.2
2025-10-12 12:00:00+00:00,13.8,77,9.8,49,49,0,0,475.0,386.0,747.8,89.0,10.6,23.8,0.0,1031.9
2025-10-12 13:00:00+00:00,14.2,75,9.9,22,22,0,0,441.0,339.0,664.0,102.0,10.1,22.3,0.0,1031.4
2025-10-12 14:00:00+00:00,14.6,74,10.0,19,19,0,0,431.0,347.0,749.3,84.0,10.2,21.6,0.0,1031.0
2025-10-12 15:00:00+00:00,14.9,73,10.0,24,24,0,0,329.0,246.0,652.5,83.0,10.4,21.2,0.0,1030.8
2025-10-12 16:00:00+00:00,14.5,74,9.9,3,3,0,0,209.0,146.0,565.4,63.0,10.5,18.7,0.0,1030.7
2025-10-12 17:00:00+00:00,12.8,80,9.5,4,4,0,0,76.0,45.0,392.1,31.0,9.0,12.2,0.0,1030.5
2025-10-12 18:00:00+00:00,11.0,86,8.8,8,8,0,0,2.0,0.0,0.0,2.0,9.5,14.0,0.0,1030.6
2025-10-12 19:00:00+00:00,10.7,87,8.6,10,10,0,0,0.0,0.0,0.0,0.0,11.1,19.1,0.0,1030.7
2025-10-12 20:00:00+00:00,10.4,88,8.4,29,29,0,0,0.0,0.0,0.0,0.0,11.2,20.2,0.0,1030.8
2025-10-12 21:00:00+00:00,10.5,88,8.6,61,61,0,0,0.0,0.0,0.0,0.0,11.6,20.9,0.0,1030.5
2025-10-12 22:00:00+00:00,10.6,88,8.8,84,84,0,0,0.0,0.0,0.0,0.0,12.0,22.0,0.0,1030.7
2025-10-12 23:00:00+00:00,11.1,89,9.4,92,92,0,0,0.0,0.0,0.0,0.0,12.3,22.0,0.0,1030.6
2025-10-13 00:00:00+00:00,11.8,89,10.1,97,97,0,0,0.0,0.0,0.0,0.0,12.7,22.3,0.0,1030.5
2025-10-13 01:00:00+00:00,12.1,91,10.6,96,96,0,0,0.0,0.0,0.0,0.0,12.6,21.6,0.0,1030.0
2025-10-13 02:00:00+00:00,12.4,91,11.0,92,92,0,0,0.0,0.0,0.0,0.0,12.7,22.3,0.0,1029.9
2025-10-13 03:00:00+00:00,12.6,92,11.3,84,84,0,0,0.0,0.0,0.0,0.0,12.8,22.3,0.0,1029.6
2025-10-13 04:00:00+00:00,12.7,93,11.6,84,84,1,0,0.0,0.0,0.0,0.0,13.0,22.3,0.0,1029.6
2025-10-13 05:00:00+00:00,12.6,94,11.7,85,85,0,0,0.0,0.0,0.0,0.0,12.5,22.3,0.0,1029.4
2025-10-13 06:00:00+00:00,12.9,94,12.0,79,79,0,0,0.0,0.0,0.0,0.0,12.4,23.0,0.0,1029.1
2025-10-13 07:00:00+00:00,12.9,95,12.1,92,92,0,0,5.0,1.0,18.7,4.0,12.9,23.8,0.0,1029.3
2025-10-13 08:00:00+00:00,13.0,95,12.2,90,90,0,0,45.0,8.0,53.2,37.0,13.3,24.1,0.0,1029.6
2025-10-13 09:00:00+00:00,13.5,94,12.5,85,85,0,0,133.0,42.0,146.0,91.0,14.4,29.2,0.0,1029.6
2025-10-13 10:00:00+00:00,14.0,93,13.0,100,100,10,0,175.0,45.0,113.0,130.0,14.4,29.5,0.0,1029.8
2025-10-13 11:00:00+00:00,14.8,90,13.1,100,100,30,0,202.0,44.0,92.8,158.0,14.4,31.0,0.0,1029.7
2025-10-13 12:00:00+00:00,15.3,84,12.6,100,100,9,0,231.0,67.0,131.2,164.0,14.8,31.0,0.0,1029.4
2025-10-13 13:00:00+00:00,15.2,83,12.4,100,100,0,0,162.0,13.0,25.7,149.0,14.7,30.6,0.0,1029.1
2025-10-13 14:00:00+00:00,15.2,83,12.2,100,100,0,0,182.0,42.0,91.8,140.0,15.0,31.7,0.0,1028.8
2025-10-13 15:00:00+00:00,15.1,83,12.2,100,100,0,0,107.0,8.0,21.5,99.0,15.1,29.9,0.0,1028.5
2025-10-13 16:00:00+00:00,14.8,84,12.1,100,100,0,3,70.0,8.0,31.7,62.0,12.9,24.5,0.0,1028.3
2025-10-13 17:00:00+00:00,14.5,85,12.0,100,100,0,1,25.0,4.0,36.6,21.0,12.2,23.0,0.0,1028.4
2025-10-13 18:00:00+00:00,14.4,85,11.9,100,100,0,0,1.0,0.0,0.0,1.0,12.4,23.4,0.0,1028.7
2025-10-13 19:00:00+00:00,14.1,86,11.8,100,100,0,0,0.0,0.0,0.0,0.0,13.4,24.5,0.0,1028.8
2025-10-13 20:00:00+00:00,14.1,85,11.7,100,100,0,0,0.0,0.0,0.0,0.0,14.3,25.9,0.0,1028.7
2025-10-13 21:00:00+00:00,14.2,85,11.6,94,94,0,0,0.0,0.0,0.0,0.0,14.5,26.3,0.0,1028.9
2025-10-13 22:00:00+00:00,14.0,87,11.9,93,93,0,0,0.0,0.0,0.0,0.0,14.6,25.6,0.0,1029.0
2025-10-13 23:00:00+00:00,13.9,88,11.9,96,96,0,0,0.0,0.0,0.0,0.0,14.3,25.2,0.0,1029.0
2025-10-14 00:00:00+00:00,14.0,88,12.0,95,95,0,0,0.0,0.0,0.0,0.0,13.1,24.8,0.0,1029.0
2025-10-14 01:00:00+00:00,13.6,90,12.0,95,95,0,0,0.0,0.0,0.0,0.0,12.9,23.8,0.0,1029.2
2025-10-14 02:00:00+00:00,13.4,91,11.9,90,90,0,0,0.0,0.0,0.0,0.0,13.0,23.8,0.0,1029.0
2025-10-14 03:00:00+00:00,13.2,89,11.5,86,86,0,0,0.0,0.0,0.0,0.0,13.0,24.1,0.0,1028.9
2025-10-14 04:00:00+00:00,13.0,89,11.2,82,82,0,0,0.0,0.0,0.0,0.0,13.4,24.1,0.0,1029.0
2025-10-14 05:00:00+00:00,12.8,89,11.0,85,85,0,0,0.0,0.0,0.0,0.0,13.4,24.1,0.0,1029.2
2025-10-14 06:00:00+00:00,12.4,90,10.8,98,98,0,0,0.0,0.0,0.0,0.0,13.8,24.5,0.0,1029.3
2025-10-14 07:00:00+00:00,12.3,88,10.4,89,89,0,0,5.0,1.0,19.1,4.0,13.8,25.6,0.0,1029.6
2025-10-14 08:00:00+00:00,12.2,88,10.2,72,72,0,1,52.0,13.0,89.3,39.0,14.7,27.4,0.0,1030.2
2025-10-14 09:00:00+00:00,12.1,87,10.1,90,90,0,4,142.0,47.0,166.1,95.0,15.3,30.2,0.0,1030.3
2025-10-14 10:00:00+00:00,12.7,86,10.4,100,100,0,0,244.0,105.0,267.0,139.0,12.9,29.2,0.0,1030.6
2025-10-14 11:00:00+00:00,13.0,85,10.5,100,100,0,0,328.0,152.0,324.0,176.0,11.8,28.8,0.0,1030.5
2025-10-14 12:00:00+00:00,13.4,83,10.7,100,100,0,0,387.0,203.0,401.7,184.0,11.5,28.8,0.0,1030.4
2025-10-14 13:00:00+00:00,13.4,85,10.9,100,100,0,0,343.0,198.0,396.5,145.0,12.3,28.8,0.0,1030.2
2025-10-14 14:00:00+00:00,13.4,84,10.8,100,100,0,0,310.0,134.0,296.6,176.0,13.4,29.2,0.0,1029.9
2025-10-14 15:00:00+00:00,13.1,85,10.7,100,100,0,0,205.0,81.0,221.6,124.0,14.0,28.4,0.0,1029.6
2025-10-14 16:00:00+00:00,12.8,86,10.5,100,100,0,0,92.0,26.0,105.4,66.0,14.1,26.6,0.0,1029.5
2025-10-14 17:00:00+00:00,12.6,86,10.2,100,100,0,9,41.0,10.0,94.1,31.0,13.9,23.8,0.0,1029.7
2025-10-14 18:00:00+00:00,12.4,86,10.1,100,100,0,21,0.0,0.0,0.0,0.0,12.4,23.4,0.0,1029.8
2025-10-14 19:00:00+00:00,12.3,86,10.0,99,99,0,41,0.0,0.0,0.0,0.0,12.4,22.7,0.0,1030.1
2025-10-14 20:00:00+00:00,12.1,85,9.7,99,99,0,9,0.0,0.0,0.0,0.0,13.5,23.8,0.0,1030.2
2025-10-14 21:00:00+00:00,11.9,84,9.4,95,95,0,1,0.0,0.0,0.0,0.0,14.1,27.4,0.0,1030.2
2025-10-14 22:00:00+00:00,11.6,84,9.1,96,96,0,3,0.0,0.0,0.0,0.0,12.1,27.4,0.0,1030.7
2025-10-14 23:00:00+00:00,11.4,83,8.6,98,98,0,4,0.0,0.0,0.0,0.0,11.5,26.3,0.0,1030.7
2025-10-15 00:00:00+00:00,11.2,82,8.2,99,99,0,1,0.0,0.0,0.0,0.0,11.9,24.8,0.0,1030.8
2025-10-15 01:00:00+00:00,11.1,82,8.2,95,95,0,0,0.0,0.0,0.0,0.0,11.8,23.0,0.0,1030.7
2025-10-15 02:00:00+00:00,11.1,83,8.3,90,90,0,0,0.0,0.0,0.0,0.0,11.8,22.0,0.0,1030.6
2025-10-15 03:00:00+00:00,11.0,83,8.2,77,77,0,0,0.0,0.0,0.0,0.0,11.4,21.2,0.0,1030.3
2025-10-15 04:00:00+00:00,10.8,85,8.5,75,75,0,0,0.0,0.0,0.0,0.0,11.1,19.8,0.0,1030.0
2025-10-15 05:00:00+00:00,10.4,89,8.6,63,63,0,0,0.0,0.0,0.0,0.0,11.8,19.8,0.0,1030.0
2025-10-15 06:00:00+00:00,10.0,91,8.6,57,57,0,2,0.0,0.0,0.0,0.0,11.9,20.2,0.0,1029.7
2025-10-15 07:00:00+00:00,10.3,90,8.6,60,60,0,0,5.0,1.0,19.1,4.0,12.2,21.6,0.0,1029.8
2025-10-15 08:00:00+00:00,10.7,90,9.1,55,55,0,0,79.0,44.0,312.0,35.0,13.0,25.2,0.0,1030.1
2025-10-15 09:00:00+00:00,11.4,88,9.5,60,60,0,0,149.0,67.0,240.9,82.0,13.9,27.7,0.0,1030.1
2025-10-15 10:00:00+00:00,11.9,87,9.8,100,100,0,0,202.0,76.0,195.8,126.0,10.8,28.1,0.0,1030.4
2025-10-15 11:00:00+00:00,12.7,84,10.0,100,100,0,0,301.0,149.0,321.2,152.0,9.5,28.1,0.0,1030.3
2025-10-15 12:00:00+00:00,12.9,82,10.0,100,100,0,0,263.0,67.0,134.0,196.0,9.5,25.6,0.0,1029.9
2025-10-15 13:00:00+00:00,13.1,82,10.1,100,100,0,0,270.0,73.0,147.8,197.0,10.6,25.6,0.0,1029.5
2025-10-15 14:00:00+00:00,13.0,83,10.2,100,100,0,0,200.0,57.0,127.8,143.0,12.3,25.2,0.0,1029.2
2025-10-15 15:00:00+00:00,12.7,84,10.1,100,100,0,0,125.0,8.0,22.2,117.0,13.8,25.9,0.0,1028.9
2025-10-15 16:00:00+00:00,12.5,84,9.9,100,100,0,0,86.0,10.0,41.5,76.0,13.6,24.8,0.0,1028.7
2025-10-15 17:00:00+00:00,12.2,84,9.6,93,93,0,0,32.0,5.0,48.4,27.0,12.9,21.6,0.0,1028.8
2025-10-15 18:00:00+00:00,11.8,84,9.1,88,88,0,0,0.0,0.0,0.0,0.0,13.0,20.9,0.0,1029.0
2025-10-15 19:00:00+00:00,11.7,82,8.7,86,86,0,0,0.0,0.0,0.0,0.0,13.4,23.4,0.0,1029.0
2025-10-15 20:00:00+00:00,11.6,80,8.3,78,78,0,0,0.0,0.0,0.0,0.0,13.4,23.8,0.0,1028.9
2025-10-15 21:00:00+00:00,11.6,78,8.0,74,74,0,0,0.0,0.0,0.0,0.0,12.7,23.0,0.0,1029.0
2025-10-15 22:00:00+00:00,11.3,81,8.1,85,85,0,0,0.0,0.0,0.0,0.0,12.5,22.3,0.0,1029.1
2025-10-15 23:00:00+00:00,11.3,81,8.1,67,67,0,0,0.0,0.0,0.0,0.0,11.7,21.2,0.0,1028.9
2025-10-16 00:00:00+00:00,11.4,80,8.1,63,63,0,0,0.0,0.0,0.0,0.0,11.2,20.5,0.0,1028.8
2025-10-16 01:00:00+00:00,11.0,82,8.1,50,50,0,0,0.0,0.0,0.0,0.0,11.3,18.0,0.0,1028.4
2025-10-16 02:00:00+00:00,10.6,85,8.1,55,55,0,0,0.0,0.0,0.0,0.0,10.8,16.9,0.0,1028.3
2025-10-16 03:00:00+00:00,10.7,85,8.3,44,44,0,0,0.0,0.0,0.0,0.0,10.5,17.6,0.0,1028.0
2025-10-16 04:00:00+00:00,10.5,88,8.6,45,45,0,0,0.0,0.0,0.0,0.0,10.7,18.0,0.0,1027.9
2025-10-16 05:00:00+00:00,10.0,92,8.7,53,53,0,0,0.0,0.0,0.0,0.0,10.4,17.6,0.0,1027.7
2025-10-16 06:00:00+00:00,10.0,93,8.9,56,56,0,0,0.0,0.0,0.0,0.0,10.3,18.0,0.0,1027.6
2025-10-16 07:00:00+00:00,9.9,94,9.0,54,54,0,0,3.0,0.0,0.0,3.0,11.2,19.4,0.0,1028.0
2025-10-16 08:00:00+00:00,10.8,91,9.5,73,73,0,0,43.0,14.0,102.7,29.0,13.9,20.9,0.0,1028.0
2025-10-16 09:00:00+00:00,11.8,88,9.9,57,57,0,0,124.0,41.0,150.1,83.0,12.0,25.2,0.0,1028.2
2025-10-16 10:00:00+00:00,12.6,87,10.6,97,97,0,0,225.0,122.0,318.4,103.0,10.5,25.2,0.0,1028.0
2025-10-16 11:00:00+00:00,13.5,84,10.9,74,74,0,0,292.0,166.0,362.0,126.0,9.7,24.8,0.0,1027.9
2025-10-16 12:00:00+00:00,14.7,74,10.1,99,99,0,0,364.0,241.0,487.4,123.0,9.9,24.8,0.0,1027.2
2025-10-16 13:00:00+00:00,15.3,70,9.8,99,99,0,0,225.0,60.0,122.9,165.0,9.5,21.6,0.0,1027.0
2025-10-16 14:00:00+00:00,15.3,69,9.7,100,100,0,0,142.0,10.0,22.7,132.0,9.0,16.9,0.0,1026.4
2025-10-16 15:00:00+00:00,15.4,70,9.9,100,100,0,0,124.0,11.0,31.1,113.0,8.7,14.4,0.0,1026.3
2025-10-16 16:00:00+00:00,15.0,74,10.4,100,100,0,0,62.0,0.0,0.0,62.0,7.3,10.1,0.0,1026.4
2025-10-16 17:00:00+00:00,14.2,77,10.2,100,100,0,0,24.0,3.0,29.9,21.0,6.4,9.7,0.0,1026.3
2025-10-16 18:00:00+00:00,13.6,78,9.9,100,100,0,0,0.0,0.0,0.0,0.0,7.3,13.7,0.0,1026.4
2025-10-16 19:00:00+00:00,13.2,80,9.7,96,96,0,0,0.0,0.0,0.0,0.0,8.0,14.4,0.0,1026.6
2025-10-16 20:00:00+00:00,12.9,81,9.7,88,88,0,0,0.0,0.0,0.0,0.0,8.5,15.1,0.0,1026.7
2025-10-16 21:00:00+00:00,12.9,80,9.6,83,83,0,0,0.0,0.0,0.0,0.0,8.6,15.1,0.0,1026.6
2025-10-16 22:00:00+00:00,12.6,82,9.6,69,69,0,0,0.0,0.0,0.0,0.0,7.9,15.5,0.0,1026.7
2025-10-16 23:00:00+00:00,12.3,83,9.5,51,51,0,0,0.0,0.0,0.0,0.0,8.2,16.9,0.0,1026.5
2025-10-17 00:00:00+00:00,11.9,86,9.7,45,45,0,0,0.0,0.0,0.0,0.0,8.9,17.3,0.0,1026.2
2025-10-17 01:00:00+00:00,11.4,90,9.8,27,27,0,0,0.0,0.0,0.0,0.0,9.5,17.6,0.0,1026.1
2025-10-17 02:00:00+00:00,11.5,91,10.0,26,26,0,0,0.0,0.0,0.0,0.0,9.5,16.9,0.0,1026.0
2025-10-17 03:00:00+00:00,11.4,91,10.0,26,26,0,0,0.0,0.0,0.0,0.0,9.4,16.6,0.0,1025.9
2025-10-17 04:00:00+00:00,11.3,92,10.0,35,35,0,0,0.0,0.0,0.0,0.0,9.4,16.6,0.0,1025.7
2025-10-17 05:00:00+00:00,11.4,92,10.1,36,36,0,0,0.0,0.0,0.0,0.0,9.3,18.0,0.0,1025.7
2025-10-17 06:00:00+00:00,11.4,92,10.2,32,32,0,0,0.0,0.0,0.0,0.0,9.2,18.7,0.0,1025.7
2025-10-17 07:00:00+00:00,11.4,92,10.1,35,29,0,7,4.0,1.0,19.1,3.0,9.4,15.8,0.0,1025.7
2025-10-17 08:00:00+00:00,11.5,92,10.3,42,24,0,23,73.0,35.0,265.7,38.0,10.1,18.7,0.0,1025.9
2025-10-17 09:00:00+00:00,12.8,89,10.9,31,18,0,15,172.0,91.0,339.1,81.0,9.7,20.5,0.0,1026.1
2025-10-17 10:00:00+00:00,13.8,83,11.0,32,32,0,0,282.0,184.0,486.7,98.0,10.6,22.0,0.0,1026.1
2025-10-17 11:00:00+00:00,14.7,78,10.9,54,54,0,0,359.0,246.0,542.7,113.0,10.4,22.7,0.0,1026.1
2025-10-17 12:00:00+00:00,15.2,74,10.6,61,61,0,0,352.0,246.0,503.1,106.0,9.8,19.8,0.0,1025.7
2025-10-17 13:00:00+00:00,15.6,70,10.2,79,79,0,0,285.0,135.0,279.7,150.0,9.3,18.7,0.0,1025.5
2025-10-17 14:00:00+00:00,15.7,68,9.9,83,83,0,0,227.0,61.0,140.3,166.0,8.7,16.2,0.0,1025.1
2025-10-17 15:00:00+00:00,15.6,68,9.7,80,80,0,0,170.0,64.0,183.7,106.0,9.6,15.1,0.0,1024.9
2025-10-17 16:00:00+00:00,15.0,72,10.1,85,85,0,0,77.0,10.0,43.5,67.0,9.0,11.9,0.0,1024.6
2025-10-17 17:00:00+00:00,14.3,76,10.1,98,98,0,0,25.0,8.0,82.1,17.0,8.5,13.3,0.0,1024.7
2025-10-17 18:00:00+00:00,13.7,79,10.2,95,95,0,0,0.0,0.0,0.0,0.0,10.5,16.6,0.0,1025.0
2025-10-17 19:00:00+00:00,13.2,82,10.2,77,77,0,0,0.0,0.0,0.0,0.0,11.1,19.4,0.0,1025.4
2025-10-17 20:00:00+00:00,12.8,83,10.1,62,60,0,6,0.0,0.0,0.0,0.0,12.3,22.0,0.0,1025.4
2025-10-17 21:00:00+00:00,12.4,83,9.6,87,62,0,62,0.0,0.0,0.0,0.0,13.5,24.1,0.0,1025.1
2025-10-17 22:00:00+00:00,11.9,81,8.8,76,60,0,38,0.0,0.0,0.0,0.0,11.5,22.3,0.0,1025.4
2025-10-17 23:00:00+00:00,11.6,82,8.6,100,57,0,100,0.0,0.0,0.0,0.0,10.6,20.2,0.0,1025.5
2025-10-18 00:00:00+00:00,11.6,81,8.4,100,43,0,100,0.0,0.0,0.0,0.0,11.7,21.6,0.0,1025.4
2025-10-18 01:00:00+00:00,11.8,80,8.5,98,30,0,98,0.0,0.0,0.0,0.0,11.9,23.0,0.0,1025.0
2025-10-18 02:00:00+00:00,12.1,78,8.5,98,29,0,98,0.0,0.0,0.0,0.0,12.5,24.1,0.0,1024.8
2025-10-18 03:00:00+00:00,12.1,79,8.6,100,45,0,99,0.0,0.0,0.0,0.0,12.9,23.0,0.0,1024.4
2025-10-18 04:00:00+00:00,12.0,80,8.7,100,33,0,100,0.0,0.0,0.0,0.0,12.5,21.6,0.0,1024.3
2025-10-18 05:00:00+00:00,11.8,81,8.6,100,27,0,100,0.0,0.0,0.0,0.0,13.3,24.1,0.0,1024.1
2025-10-18 06:00:00+00:00,12.0,80,8.7,100,27,0,100,0.0,0.0,0.0,0.0,13.5,24.1,0.0,1023.9
2025-10-18 07:00:00+00:00,11.8,83,8.9,100,20,0,100,3.0,0.0,0.0,3.0,14.3,25.9,0.0,1023.7
2025-10-18 08:00:00+00:00,12.5,82,9.5,100,13,0,100,49.0,3.0,23.6,46.0,16.6,30.6,0.0,1023.7
2025-10-18 09:00:00+00:00,13.6,79,10.1,100,16,0,100,134.0,17.0,64.5,117.0,16.8,32.4,0.0,1023.4
2025-10-18 10:00:00+00:00,14.4,70,9.0,100,54,2,100,211.0,52.0,139.4,159.0,23.4,44.6,0.0,1023.0
2025-10-18 11:00:00+00:00,14.5,68,8.7,100,51,30,100,209.0,29.0,64.7,180.0,23.9,44.3,0.0,1022.8
2025-10-18 12:00:00+00:00,14.6,67,8.4,100,52,74,100,231.0,22.0,45.5,209.0,23.3,45.7,0.0,1022.4
2025-10-18 13:00:00+00:00,14.4,66,8.2,100,26,91,100,194.0,8.0,16.8,186.0,22.2,44.3,0.0,1021.7
2025-10-18 14:00:00+00:00,14.2,67,8.1,100,19,98,100,151.0,13.0,30.3,138.0,21.5,41.8,0.0,1020.8
2025-10-18 15:00:00+00:00,13.9,68,8.1,100,12,100,100,99.0,1.0,2.9,98.0,20.7,34.6,0.0,1020.1
2025-10-18 16:00:00+00:00,13.5,70,8.2,100,7,99,99,44.0,1.0,4.5,43.0,18.8,32.0,0.0,1019.4
2025-10-18 17:00:00+00:00,13.0,73,8.3,100,2,99,100,13.0,0.0,0.0,13.0,17.5,31.3,0.0,1018.8
2025-10-18 18:00:00+00:00,12.7,75,8.4,100,2,98,100,0.0,0.0,0.0,0.0,16.7,31.3,0.0,1018.5
2025-10-18 19:00:00+00:00,12.7,76,8.6,100,7,100,100,0.0,0.0,0.0,0.0,16.9,30.2,0.0,1018.2
2025-10-18 20:00:00+00:00,12.9,75,8.6,100,4,100,100,0.0,0.0,0.0,0.0,17.3,30.2,0.2,1017.4
2025-10-18 21:00:00+00:00,12.8,76,8.7,100,1,100,100,0.0,0.0,0.0,0.0,18.0,32.0,0.2,1016.6
2025-10-18 22:00:00+00:00,12.8,80,9.4,99,0,98,90,0.0,0.0,0.0,0.0,18.2,32.8,0.1,1015.2
2025-10-18 23:00:00+00:00,13.0,79,9.4,98,0,91,85,0.0,0.0,0.0,0.0,20.4,33.5,0.0,1013.9
2025-10-19 00:00:00+00:00,13.1,79,9.5,99,0,90,89,0.0,0.0,0.0,0.0,19.8,32.4,0.0,1013.6
2025-10-19 01:00:00+00:00,13.3,79,9.6,99,0,91,89,0.0,0.0,0.0,0.0,18.4,31.0,0.0,1012.5
2025-10-19 02:00:00+00:00,13.2,80,9.8,98,0,96,80,0.0,0.0,0.0,0.0,17.4,30.6,0.0,1011.5
2025-10-19 03:00:00+00:00,13.0,82,10.0,91,0,85,51,0.0,0.0,0.0,0.0,17.8,32.0,0.0,1010.6
2025-10-19 04:00:00+00:00,12.9,84,10.3,87,0,82,34,0.0,0.0,0.0,0.0,17.9,33.5,0.0,1009.4
2025-10-19 05:00:00+00:00,13.2,85,10.7,99,3,98,70,0.0,0.0,0.0,0.0,17.8,34.2,0.0,1008.4
2025-10-19 06:00:00+00:00,13.6,86,11.3,100,24,99,98,0.0,0.0,0.0,0.0,17.8,34.6,0.1,1007.7
2025-10-19 07:00:00+00:00,13.8,88,11.9,100,59,100,97,2.0,0.0,0.0,2.0,17.6,32.4,0.0,1006.9
2025-10-19 08:00:00+00:00,14.0,91,12.5,100,92,100,98,42.0,11.0,89.9,31.0,18.3,36.0,0.1,1006.4
2025-10-19 09:00:00+00:00,14.4,91,13.0,100,100,100,99,52.0,2.0,7.7,50.0,19.7,36.7,0.3,1005.6
2025-10-19 10:00:00+00:00,14.5,92,13.2,100,96,100,89,33.0,0.0,0.0,33.0,19.3,41.4,0.8,1004.5
2025-10-19 11:00:00+00:00,14.6,94,13.6,100,96,100,100,47.0,0.0,0.0,47.0,21.9,46.4,1.3,1003.5
2025-10-19 12:00:00+00:00,14.7,95,13.9,100,76,100,100,55.0,0.0,0.0,55.0,25.2,50.0,1.8,1002.3
2025-10-19 13:00:00+00:00,14.8,96,14.2,100,97,98,100,51.0,0.0,0.0,51.0,27.2,49.0,1.2,1000.7
2025-10-19 14:00:00+00:00,15.0,94,14.1,100,96,99,100,50.0,0.0,0.0,50.0,26.8,47.2,0.9,999.4
2025-10-19 15:00:00+00:00,15.1,93,14.0,100,96,99,99,32.0,0.0,0.0,32.0,25.6,48.6,0.5,998.2
2025-10-19 16:00:00+00:00,14.9,93,13.8,100,98,88,94,30.0,0.0,0.0,30.0,24.9,47.9,0.8,997.3
2025-10-19 17:00:00+00:00,14.8,95,14.1,100,100,91,51,4.0,0.0,0.0,4.0,23.6,46.1,0.9,996.3
2025-10-19 18:00:00+00:00,14.9,98,14.7,100,100,24,30,0.0,0.0,0.0,0.0,21.2,38.2,0.6,995.6
2025-10-19 19:00:00+00:00,14.9,99,14.7,100,100,38,2,0.0,0.0,0.0,0.0,19.6,36.0,0.2,995.4
2025-10-19 20:00:00+00:00,14.4,97,13.9,100,100,10,0,0.0,0.0,0.0,0.0,19.9,37.4,0.1,995.4
2025-10-19 21:00:00+00:00,13.5,97,13.0,99,99,0,0,0.0,0.0,0.0,0.0,18.8,34.9,0.0,995.8
2025-10-19 22:00:00+00:00,13.0,96,12.3,57,55,8,0,0.0,0.0,0.0,0.0,18.3,32.8,0.0,995.8
2025-10-19 23:00:00+00:00,12.6,95,11.7,40,29,22,0,0.0,0.0,0.0,0.0,17.0,30.2,0.0,995.5
2025-10-20 00:00:00+00:00,12.7,94,11.7,87,84,35,0,0.0,0.0,0.0,0.0,18.5,31.3,0.0,995.1
2025-10-20 01:00:00+00:00,12.7,95,12.0,93,90,45,0,0.0,0.0,0.0,0.0,22.1,36.0,0.1,994.5
2025-10-20 02:00:00+00:00,13.2,95,12.4,93,61,88,1,0.0,0.0,0.0,0.0,22.2,41.4,0.2,993.8
2025-10-20 03:00:00+00:00,13.0,97,12.6,82,34,72,27,0.0,0.0,0.0,0.0,19.0,38.2,0.1,992.7
2025-10-20 04:00:00+00:00,13.0,96,12.4,100,55,100,72,0.0,0.0,0.0,0.0,19.4,38.9,0.2,991.9
2025-10-20 05:00:00+00:00,13.1,98,12.7,100,99,92,41,0.0,0.0,0.0,0.0,20.5,38.9,0.4,991.3
2025-10-20 06:00:00+00:00,13.2,97,12.8,100,90,98,67,0.0,0.0,0.0,0.0,24.2,43.9,0.5,990.4
2025-10-20 07:00:00+00:00,13.4,96,12.7,100,100,100,96,1.0,0.0,0.0,1.0,25.8,46.8,0.8,990.0
2025-10-20 08:00:00+00:00,13.4,93,12.3,100,100,100,100,17.0,0.0,0.0,17.0,26.5,46.1,0.9,989.2
2025-10-20 09:00:00+00:00,13.8,92,12.5,100,100,100,100,29.0,0.0,0.0,29.0,26.4,47.9,1.0,988.6
2025-10-20 10:00:00+00:00,13.5,93,12.4,96,24,56,94,50.0,0.0,0.0,50.0,21.4,49.0,1.1,987.8
2025-10-20 11:00:00+00:00,14.2,96,13.6,95,34,54,82,106.0,2.0,4.6,104.0,22.7,36.0,0.3,987.0
2025-10-20 12:00:00+00:00,14.8,93,13.7,91,42,45,82,200.0,63.0,133.3,137.0,22.7,36.4,0.1,986.1
2025-10-20 13:00:00+00:00,14.7,93,13.5,81,31,20,66,261.0,64.0,137.4,197.0,23.2,36.7,0.4,985.4
2025-10-20 14:00:00+00:00,14.6,93,13.5,73,24,31,54,208.0,86.0,205.9,122.0,22.0,31.7,0.4,984.6
2025-10-20 15:00:00+00:00,14.8,91,13.4,70,40,23,47,152.0,36.0,108.6,116.0,19.2,26.6,0.1,984.2
2025-10-20 16:00:00+00:00,14.4,93,13.3,66,37,28,39,109.0,41.0,192.7,68.0,18.3,27.4,0.8,984.1
2025-10-20 17:00:00+00:00,14.0,93,12.9,73,34,60,18,25.0,5.0,56.4,20.0,15.7,28.8,0.2,984.5
2025-10-20 18:00:00+00:00,13.5,94,12.6,66,19,57,10,0.0,0.0,0.0,0.0,16.9,33.8,0.0,985.3
2025-10-20 19:00:00+00:00,13.2,95,12.4,38,10,32,5,0.0,0.0,0.0,0.0,19.0,34.6,0.0,986.5
2025-10-20 20:00:00+00:00,13.0,94,12.1,8,5,6,0,0.0,0.0,0.0,0.0,19.8,37.1,0.0,987.7
2025-10-20 21:00:00+00:00,12.9,94,12.0,15,8,11,0,0.0,0.0,0.0,0.0,19.9,37.1,0.0,989.2
2025-10-20 22:00:00+00:00,12.7,93,11.7,31,30,18,0,0.0,0.0,0.0,0.0,19.6,37.1,0.0,990.1
2025-10-20 23:00:00+00:00,12.6,93,11.5,31,17,25,0,0.0,0.0,0.0,0.0,19.4,36.0,0.0,990.6
2025-10-21 00:00:00+00:00,12.5,93,11.4,27,5,26,0,0.0,0.0,0.0,0.0,18.7,34.2,0.0,991.1
2025-10-21 01:00:00+00:00,12.3,94,11.3,49,23,46,0,0.0,0.0,0.0,0.0,18.0,32.8,0.0,991.5
2025-10-21 02:00:00+00:00,12.1,94,11.2,60,20,59,0,0.0,0.0,0.0,0.0,17.4,31.7,0.0,992.0
2025-10-21 03:00:00+00:00,12.0,93,10.9,51,14,45,0,0.0,0.0,0.0,0.0,16.6,32.0,0.0,992.2
2025-10-21 04:00:00+00:00,12.1,93,10.9,48,32,35,0,0.0,0.0,0.0,0.0,16.1,30.2,0.0,992.6
2025-10-21 05:00:00+00:00,11.8,93,10.7,35,32,16,0,0.0,0.0,0.0,0.0,15.0,28.1,0.0,992.9
2025-10-21 06:00:00+00:00,11.6,92,10.4,29,28,13,0,0.0,0.0,0.0,0.0,14.6,26.3,0.0,993.2
2025-10-21 07:00:00+00:00,11.3,93,10.2,34,31,12,4,2.0,0.0,0.0,2.0,13.9,24.8,0.0,993.4
2025-10-21 08:00:00+00:00,11.9,92,10.7,36,17,14,23,67.0,37.0,327.4,30.0,14.8,27.7,0.0,993.5
2025-10-21 09:00:00+00:00,13.1,88,11.1,88,35,16,84,170.0,104.0,418.1,66.0,18.5,37.4,0.0,993.8
2025-10-21 10:00:00+00:00,14.0,83,11.1,86,30,45,73,249.0,153.0,427.9,96.0,18.5,40.7,0.1,993.6
2025-10-21 11:00:00+00:00,14.7,78,10.9,60,26,44,20,311.0,220.0,509.2,91.0,18.7,43.9,0.1,993.8
2025-10-21 12:00:00+00:00,14.9,80,11.5,82,41,55,41,265.0,154.0,329.7,111.0,19.4,45.4,0.0,993.8
2025-10-21 13:00:00+00:00,14.8,80,11.5,75,15,60,40,266.0,179.0,388.9,87.0,20.4,46.1,0.0,993.3
2025-10-21 14:00:00+00:00,14.5,84,11.8,92,22,86,29,220.0,118.0,286.3,102.0,21.3,42.5,0.1,993.3
2025-10-21 15:00:00+00:00,14.7,83,11.9,70,26,67,3,190.0,105.0,322.3,85.0,20.3,42.8,0.0,993.5
2025-10-21 16:00:00+00:00,14.2,82,11.2,80,32,79,0,112.0,66.0,318.4,46.0,17.3,33.8,0.1,993.8
2025-10-21 17:00:00+00:00,13.4,83,10.6,81,39,75,0,26.0,12.0,139.8,14.0,14.9,27.7,0.0,994.1
2025-10-21 18:00:00+00:00,12.6,86,10.3,67,13,66,1,0.0,0.0,0.0,0.0,13.7,24.8,0.0,994.5
2025-10-21 19:00:00+00:00,12.1,87,10.0,57,9,54,5,0.0,0.0,0.0,0.0,13.3,24.1,0.0,995.0
2025-10-21 20:00:00+00:00,11.4,90,9.9,41,8,34,0,0.0,0.0,0.0,0.0,13.4,23.0,0.0,995.4
2025-10-21 21:00:00+00:00,11.0,93,9.9,38,14,29,10,0.0,0.0,0.0,0.0,13.0,22.7,0.0,995.8
2025-10-21 22:00:00+00:00,10.2,94,9.3,25,6,23,0,0.0,0.0,0.0,0.0,12.6,21.2,0.0,996.4
2025-10-21 23:00:00+00:00,9.8,95,9.1,16,1,16,0,0.0,0.0,0.0,0.0,11.3,19.1,0.0,996.5
2025-10-22 00:00:00+00:00,9.6,96,8.9,41,1,40,3,0.0,0.0,0.0,0.0,10.3,17.6,0.0,996.9
2025-10-22 01:00:00+00:00,9.2,96,8.7,73,6,55,40,0.0,0.0,0.0,0.0,9.6,16.9,0.0,997.1
2025-10-22 02:00:00+00:00,8.9,96,8.4,85,5,45,74,0.0,0.0,0.0,0.0,9.4,15.5,0.0,997.1
2025-10-22 03:00:00+00:00,8.6,97,8.1,49,6,38,16,0.0,0.0,0.0,0.0,9.3,14.4,0.0,997.3
2025-10-22 04:00:00+00:00,8.4,97,8.0,63,9,43,33,0.0,0.0,0.0,0.0,8.5,13.7,0.0,997.4
2025-10-22 05:00:00+00:00,7.8,98,7.5,96,16,38,96,0.0,0.0,0.0,0.0,7.8,12.6,0.0,997.7
2025-10-22 06:00:00+00:00,7.8,98,7.5,87,12,22,84,0.0,0.0,0.0,0.0,6.9,12.6,0.0,997.8
2025-10-22 07:00:00+00:00,8.1,98,7.8,50,17,22,30,1.0,0.0,0.0,1.0,6.9,11.5,0.0,998.0
2025-10-22 08:00:00+00:00,8.9,99,8.7,40,16,21,20,48.0,22.0,203.1,26.0,8.0,13.7,0.0,998.5
2025-10-22 09:00:00+00:00,10.6,97,10.1,57,22,25,42,138.0,80.0,328.1,58.0,7.2,15.5,0.0,998.9
2025-10-22 10:00:00+00:00,12.3,91,10.9,88,24,52,84,223.0,137.0,388.7,86.0,6.1,16.2,0.0,999.0
2025-10-22 11:00:00+00:00,13.9,78,10.2,81,11,41,66,315.0,217.0,508.5,98.0,6.5,17.6,0.0,998.5
2025-10-22 12:00:00+00:00,14.7,70,9.2,98,12,38,97,390.0,293.0,634.7,97.0,8.8,20.2,0.0,997.8
2025-10-22 13:00:00+00:00,14.6,68,8.8,98,18,33,98,334.0,245.0,538.8,89.0,10.3,24.5,0.0,997.1
2025-10-22 14:00:00+00:00,14.3,67,8.4,100,26,66,100,325.0,224.0,551.1,101.0,11.1,26.6,0.0,996.2
2025-10-22 15:00:00+00:00,13.6,70,8.3,100,33,100,100,157.0,44.0,137.4,113.0,12.7,22.0,0.0,995.8
2025-10-22 16:00:00+00:00,12.9,75,8.5,100,14,100,100,46.0,0.0,0.0,46.0,8.1,16.6,0.0,994.1
2025-10-22 17:00:00+00:00,12.1,81,9.0,100,74,100,100,6.0,0.0,0.0,6.0,9.4,11.9,0.6,992.8
2025-10-22 18:00:00+00:00,11.3,89,9.5,100,87,100,100,0.0,0.0,0.0,0.0,10.5,13.7,2.5,991.6
2025-10-22 19:00:00+00:00,11.0,92,9.8,100,92,97,100,0.0,0.0,0.0,0.0,12.6,21.6,3.0,989.8
2025-10-22 20:00:00+00:00,10.6,94,9.8,100,100,100,100,0.0,0.0,0.0,0.0,16.2,27.7,2.6,987.6
2025-10-22 21:00:00+00:00,10.5,95,9.7,100,100,99,98,0.0,0.0,0.0,0.0,20.6,38.2,2.4,985.6
2025-10-22 22:00:00+00:00,10.0,94,9.0,100,100,100,5,0.0,0.0,0.0,0.0,21.0,42.5,0.7,983.2
2025-10-22 23:00:00+00:00,9.9,90,8.4,100,100,100,0,0.0,0.0,0.0,0.0,24.8,43.2,0.1,982.0
2025-10-23 00:00:00+00:00,9.7,89,8.0,100,100,100,2,0.0,0.0,0.0,0.0,26.5,42.1,0.0,980.6
2025-10-23 01:00:00+00:00,9.5,89,7.7,100,100,99,3,0.0,0.0,0.0,0.0,25.6,37.1,0.3,979.5
2025-10-23 02:00:00+00:00,9.1,90,7.6,100,100,99,15,0.0,0.0,0.0,0.0,24.7,33.5,0.7,978.5
2025-10-23 03:00:00+00:00,8.8,92,7.6,100,100,100,38,0.0,0.0,0.0,0.0,26.5,34.6,1.0,978.3
2025-10-23 04:00:00+00:00,8.9,92,7.6,100,100,100,38,0.0,0.0,0.0,0.0,29.1,38.2,0.6,978.7
2025-10-23 05:00:00+00:00,8.9,91,7.6,100,100,96,33,0.0,0.0,0.0,0.0,29.5,42.8,0.3,979.6
2025-10-23 06:00:00+00:00,9.0,90,7.5,99,98,89,34,0.0,0.0,0.0,0.0,28.7,47.5,0.2,980.9
2025-10-23 07:00:00+00:00,9.1,88,7.2,100,100,59,24,0.0,0.0,0.0,0.0,29.1,55.4,0.1,982.7
2025-10-23 08:00:00+00:00,9.3,86,7.0,100,100,41,54,17.0,0.0,0.0,17.0,29.9,57.2,0.0,984.7
2025-10-23 09:00:00+00:00,9.9,82,6.9,100,100,66,46,135.0,41.0,171.6,94.0,28.8,49.3,0.0,986.8
2025-10-23 10:00:00+00:00,10.6,76,6.6,96,28,95,6,259.0,154.0,443.3,105.0,30.8,60.8,0.0,989.5
2025-10-23 11:00:00+00:00,11.4,71,6.4,100,27,95,81,359.0,252.0,597.9,107.0,27.9,60.8,0.0,991.2
2025-10-23 12:00:00+00:00,12.5,66,6.3,93,1,88,76,402.0,281.0,616.0,121.0,24.8,56.2,0.0,992.1
2025-10-23 13:00:00+00:00,12.7,66,6.5,89,28,82,31,316.0,177.0,394.0,139.0,28.1,49.0,0.0,992.8
2025-10-23 14:00:00+00:00,12.0,70,6.8,60,11,48,28,294.0,148.0,369.1,146.0,27.6,49.3,0.1,993.3
2025-10-23 15:00:00+00:00,10.5,80,7.2,68,31,54,39,144.0,35.0,111.2,109.0,29.7,50.8,0.5,994.3
2025-10-23 16:00:00+00:00,9.0,86,6.8,98,96,75,48,73.0,8.0,40.8,65.0,32.2,56.9,0.7,995.7
2025-10-23 17:00:00+00:00,7.5,88,5.7,94,35,91,66,18.0,0.0,0.0,18.0,28.7,55.1,0.6,997.3
2025-10-23 18:00:00+00:00,6.9,88,5.0,95,7,90,78,0.0,0.0,0.0,0.0,25.5,48.2,0.5,998.5
2025-10-23 19:00:00+00:00,6.6,88,4.8,81,8,65,72,0.0,0.0,0.0,0.0,24.7,45.4,0.1,999.7
2025-10-23 20:00:00+00:00,6.7,86,4.6,62,15,38,49,0.0,0.0,0.0,0.0,23.1,42.5,0.0,1000.1
2025-10-23 21:00:00+00:00,6.2,87,4.2,33,16,18,17,0.0,0.0,0.0,0.0,21.5,40.0,0.0,1000.6
2025-10-23 22:00:00+00:00,6.2,83,3.6,9,9,1,0,0.0,0.0,0.0,0.0,20.2,37.8,0.0,1001.2
2025-10-23 23:00:00+00:00,6.2,81,3.3,7,7,1,0,0.0,0.0,0.0,0.0,19.5,35.6,0.0,1001.6
2025-10-24 00:00:00+00:00,6.1,82,3.3,4,4,0,0,0.0,0.0,0.0,0.0,20.0,34.2,0.0,1001.6
2025-10-24 01:00:00+00:00,6.0,84,3.5,5,5,0,0,0.0,0.0,0.0,0.0,19.7,34.2,0.0,1001.6
2025-10-24 02:00:00+00:00,6.0,87,3.9,1,1,0,0,0.0,0.0,0.0,0.0,19.0,34.2,0.0,1001.7
2025-10-24 03:00:00+00:00,6.0,87,4.0,2,2,0,0,0.0,0.0,0.0,0.0,17.8,33.5,0.0,1001.7
2025-10-24 04:00:00+00:00,5.9,86,3.8,1,1,0,0,0.0,0.0,0.0,0.0,17.7,33.1,0.0,1001.7
2025-10-24 05:00:00+00:00,5.9,85,3.6,1,1,0,0,0.0,0.0,0.0,0.0,17.7,32.8,0.0,1001.8
2025-10-24 06:00:00+00:00,5.8,85,3.4,1,1,0,0,0.0,0.0,0.0,0.0,18.1,34.2,0.0,1001.7
2025-10-24 07:00:00+00:00,5.8,86,3.6,1,1,1,0,1.0,0.0,0.0,1.0,18.1,31.7,0.0,1002.0
2025-10-24 08:00:00+00:00,7.0,85,4.6,12,4,10,0,65.0,38.0,372.5,27.0,18.9,33.8,0.0,1002.3
2025-10-24 09:00:00+00:00,8.8,79,5.3,34,3,34,0,188.0,131.0,559.7,57.0,19.3,36.0,0.0,1002.1
2025-10-24 10:00:00+00:00,10.4,74,6.0,50,27,37,0,289.0,213.0,622.3,76.0,22.7,43.9,0.0,1002.2
2025-10-24 11:00:00+00:00,11.5,69,6.0,34,29,9,0,362.0,259.0,622.3,103.0,23.4,47.5,0.0,1001.8
2025-10-24 12:00:00+00:00,12.0,65,5.6,36,23,25,0,402.0,312.0,692.1,90.0,23.0,50.0,0.0,1001.5
2025-10-24 13:00:00+00:00,12.2,64,5.6,42,26,31,1,355.0,246.0,554.4,109.0,24.9,49.3,0.0,1001.1
2025-10-24 14:00:00+00:00,12.6,61,5.2,34,26,29,0,301.0,205.0,518.5,96.0,25.4,51.5,0.0,1000.6
2025-10-24 15:00:00+00:00,12.1,63,5.4,35,22,24,9,217.0,144.0,465.8,73.0,22.7,46.8,0.0,1000.5
2025-10-24 16:00:00+00:00,11.4,68,5.8,44,22,24,27,116.0,74.0,387.7,42.0,20.3,38.9,0.0,1000.0
2025-10-24 17:00:00+00:00,10.7,72,5.8,59,19,24,49,24.0,12.0,155.1,12.0,19.6,36.4,0.0,999.7
2025-10-24 18:00:00+00:00,10.4,74,5.9,64,21,29,47,0.0,0.0,0.0,0.0,20.1,36.4,0.0,999.4
2025-10-24 19:00:00+00:00,10.4,74,6.0,80,38,44,62,0.0,0.0,0.0,0.0,22.4,41.4,0.0,999.0
2025-10-24 20:00:00+00:00,10.7,76,6.6,88,29,23,86,0.0,0.0,0.0,0.0,25.1,45.0,0.0,998.2
2025-10-24 21:00:00+00:00,10.5,79,7.1,73,32,4,62,0.0,0.0,0.0,0.0,23.4,42.1,0.0,997.9
2025-10-24 22:00:00+00:00,10.1,84,7.5,62,36,17,39,0.0,0.0,0.0,0.0,19.5,35.3,0.0,997.8
2025-10-24 23:00:00+00:00,9.4,88,7.5,91,80,31,32,0.0,0.0,0.0,0.0,18.7,30.2,0.0,998.5
2025-10-25 00:00:00+00:00,9.0,92,7.8,9,3,5,0,0.0,0.0,0.0,0.0,18.6,33.1,0.0,999.0
2025-10-25 01:00:00+00:00,8.1,94,7.2,1,1,1,0,0.0,0.0,0.0,0.0,18.7,33.1,0.0,999.5
2025-10-25 02:00:00+00:00,7.5,92,6.4,7,6,0,1,0.0,0.0,0.0,0.0,18.6,32.4,0.0,1000.2
2025-10-25 03:00:00+00:00,7.5,92,6.3,48,14,29,27,0.0,0.0,0.0,0.0,18.2,31.7,0.0,1000.8
2025-10-25 04:00:00+00:00,7.7,92,6.4,71,20,57,38,0.0,0.0,0.0,0.0,17.3,29.5,0.0,1001.5
2025-10-25 05:00:00+00:00,7.8,92,6.6,30,15,23,6,0.0,0.0,0.0,0.0,15.7,26.6,0.0,1002.0
2025-10-25 06:00:00+00:00,7.5,94,6.6,29,12,17,13,0.0,0.0,0.0,0.0,14.8,25.2,0.0,1002.5
2025-10-25 07:00:00+00:00,7.5,94,6.6,32,6,31,13,1.0,0.0,0.0,1.0,14.1,24.5,0.0,1003.2
2025-10-25 08:00:00+00:00,8.5,92,7.3,36,13,31,0,55.0,29.0,291.4,26.0,15.3,27.0,0.0,1004.3
2025-10-25 09:00:00+00:00,10.2,87,8.2,31,24,25,1,163.0,100.0,436.3,63.0,15.7,29.2,0.0,1004.9
2025-10-25 10:00:00+00:00,11.3,79,7.8,97,95,53,0,214.0,132.0,391.5,82.0,20.4,38.5,0.0,1005.6
2025-10-25 11:00:00+00:00,11.8,76,7.7,78,74,58,0,305.0,219.0,532.9,86.0,20.3,42.5,0.0,1006.0
2025-10-25 12:00:00+00:00,12.0,73,7.4,63,47,57,0,343.0,241.0,541.1,102.0,21.3,43.9,0.0,1006.0
2025-10-25 13:00:00+00:00,11.8,72,6.9,55,41,48,0,368.0,277.0,632.1,91.0,21.7,43.9,0.1,1006.4
2025-10-25 14:00:00+00:00,11.2,69,5.7,49,36,39,0,268.0,172.0,441.1,96.0,23.0,45.4,0.0,1006.4
2025-10-25 15:00:00+00:00,10.9,66,4.8,56,33,50,0,211.0,136.0,447.7,75.0,23.5,46.1,0.0,1006.9
2025-10-25 16:00:00+00:00,10.1,63,3.4,18,8,16,0,129.0,80.0,431.1,49.0,20.5,37.4,0.0,1007.2
2025-10-25 17:00:00+00:00,8.9,67,3.1,0,0,0,0,28.0,15.0,200.9,13.0,19.7,33.8,0.0,1008.0
2025-10-25 18:00:00+00:00,8.1,70,3.0,0,0,0,0,0.0,0.0,0.0,0.0,19.1,34.6,0.0,1008.6
2025-10-25 19:00:00+00:00,7.4,75,3.3,0,0,0,0,0.0,0.0,0.0,0.0,18.3,33.1,0.0,1009.0
2025-10-25 20:00:00+00:00,7.0,79,3.6,2,1,2,0,0.0,0.0,0.0,0.0,17.3,31.3,0.0,1009.2
2025-10-25 21:00:00+00:00,6.9,81,3.8,50,12,50,0,0.0,0.0,0.0,0.0,16.1,28.8,0.0,1009.3
2025-10-25 22:00:00+00:00,7.1,83,4.4,100,11,100,0,0.0,0.0,0.0,0.0,14.8,28.8,0.6,1009.1
2025-10-25 23:00:00+00:00,6.9,88,5.0,100,77,100,0,0.0,0.0,0.0,0.0,15.7,29.5,0.5,1009.2
2025-10-26 00:00:00+00:00,6.9,90,5.5,90,4,90,0,0.0,0.0,0.0,0.0,15.3,25.6,0.2,1009.1
2025-10-26 01:00:00+00:00,6.5,92,5.3,33,0,33,0,0.0,0.0,0.0,0.0,15.7,27.4,0.0,1009.5
2025-10-26 02:00:00+00:00,5.7,94,4.8,0,0,0,0,0.0,0.0,0.0,0.0,15.8,29.5,0.0,1010.0
2025-10-26 03:00:00+00:00,5.0,94,4.1,0,0,0,0,0.0,0.0,0.0,0.0,15.0,30.2,0.0,1010.1
2025-10-26 04:00:00+00:00,4.5,92,3.3,0,0,0,0,0.0,0.0,0.0,0.0,15.9,29.5,0.0,1010.6
2025-10-26 05:00:00+00:00,4.2,92,3.0,0,0,0,0,0.0,0.0,0.0,0.0,16.6,30.2,0.0,1011.3
2025-10-26 06:00:00+00:00,4.0,93,2.9,0,0,0,0,0.0,0.0,0.0,0.0,15.9,29.5,0.0,1011.7
2025-10-26 07:00:00+00:00,3.9,93,2.8,0,0,0,0,0.0,0.0,0.0,0.0,15.0,26.3,0.0,1012.3
2025-10-26 08:00:00+00:00,4.9,92,3.7,15,0,0,15,59.0,34.0,350.5,25.0,15.5,27.7,0.0,1012.8
2025-10-26 09:00:00+00:00,7.0,86,4.9,2,2,0,0,183.0,130.0,579.5,53.0,15.5,29.9,0.0,1013.3
2025-10-26 10:00:00+00:00,8.9,80,5.6,20,8,0,14,296.0,224.0,674.5,72.0,16.1,33.1,0.0,1013.3
2025-10-26 11:00:00+00:00,9.9,73,5.3,80,68,4,29,380.0,301.0,741.9,79.0,19.3,41.4,0.0,1013.3
2025-10-26 12:00:00+00:00,10.7,67,4.8,100,55,50,100,362.0,226.0,513.6,136.0,20.3,45.0,0.0,1012.9
2025-10-26 13:00:00+00:00,10.5,66,4.4,100,74,77,100,198.0,81.0,187.1,117.0,19.9,45.7,0.0,1012.7
2025-10-26 14:00:00+00:00,10.4,63,3.8,100,73,99,97,162.0,33.0,85.8,129.0,15.8,44.3,0.0,1012.1
2025-10-26 15:00:00+00:00,10.4,65,4.0,99,0,94,97,107.0,11.0,36.9,96.0,18.2,37.1,0.1,1011.6
2025-10-26 16:00:00+00:00,9.7,72,4.9,97,47,49,85,29.0,2.0,11.1,27.0,18.3,33.8,0.0,1010.8
2025-10-26 17:00:00+00:00,9.1,84,6.5,100,100,78,46,7.0,1.0,13.9,6.0,20.8,38.2,0.4,1010.0
2025-10-26 18:00:00+00:00,9.5,89,7.8,100,100,72,91,0.0,0.0,0.0,0.0,23.2,41.4,0.0,1009.1
2025-10-26 19:00:00+00:00,10.0,91,8.6,100,100,96,96,0.0,0.0,0.0,0.0,24.4,45.0,0.0,1008.1
2025-10-26 20:00:00+00:00,10.5,91,9.1,100,100,100,89,0.0,0.0,0.0,0.0,25.8,46.8,0.0,1007.3
2025-10-26 21:00:00+00:00,11.3,91,9.9,100,100,90,69,0.0,0.0,0.0,0.0,26.2,47.9,0.0,1006.3
2025-10-26 22:00:00+00:00,12.0,90,10.4,100,99,64,37,0.0,0.0,0.0,0.0,24.7,47.5,0.0,1005.8
2025-10-26 23:00:00+00:00,12.3,87,10.1,69,57,22,20,0.0,0.0,0.0,0.0,25.8,48.6,0.0,1005.2
2025-10-27 00:00:00+00:00,11.9,85,9.5,94,31,90,79,0.0,0.0,0.0,0.0,25.0,47.2,0.0,1005.4
2025-10-27 01:00:00+00:00,12.0,82,9.0,73,29,24,57,0.0,0.0,0.0,0.0,22.9,46.4,0.0,1005.0
2025-10-27 02:00:00+00:00,11.7,80,8.3,93,29,5,92,0.0,0.0,0.0,0.0,24.1,46.8,0.0,1005.3
2025-10-27 03:00:00+00:00,11.4,78,7.7,55,52,8,1,0.0,0.0,0.0,0.0,24.9,46.4,0.0,1005.4
2025-10-27 04:00:00+00:00,11.0,77,7.2,56,55,4,0,0.0,0.0,0.0,0.0,25.1,46.4,0.0,1005.1
2025-10-27 05:00:00+00:00,10.8,78,7.0,34,33,4,2,0.0,0.0,0.0,0.0,25.8,47.2,0.0,1005.5
2025-10-27 06:00:00+00:00,10.8,77,7.0,52,25,6,37,0.0,0.0,0.0,0.0,25.5,48.2,0.0,1005.6
2025-10-27 07:00:00+00:00,10.6,77,6.6,37,7,9,31,0.0,0.0,0.0,0.0,25.0,46.8,0.0,1006.0
2025-10-27 08:00:00+00:00,10.7,74,6.4,20,2,5,16,47.0,22.0,232.8,25.0,25.7,48.6,0.0,1006.9
2025-10-27 09:00:00+00:00,11.6,70,6.4,43,1,3,40,168.0,109.0,496.6,59.0,23.4,43.6,0.0,1007.8
2025-10-27 10:00:00+00:00,12.6,66,6.4,58,17,0,50,287.0,221.0,675.7,66.0,24.4,59.8,0.0,1008.5
2025-10-27 11:00:00+00:00,13.0,62,5.9,62,54,0,11,338.0,241.0,601.7,97.0,28.5,63.4,0.0,1009.1
2025-10-27 12:00:00+00:00,13.2,61,5.8,70,68,2,3,286.0,154.0,354.2,132.0,27.9,56.9,0.0,1010.0
2025-10-27 13:00:00+00:00,13.2,62,6.0,94,94,0,4,249.0,109.0,255.0,140.0,25.8,53.3,0.0,1010.0
2025-10-27 14:00:00+00:00,13.4,61,5.9,96,95,27,0,292.0,180.0,474.8,112.0,22.5,50.8,0.0,1010.3
2025-10-27 15:00:00+00:00,13.1,62,6.0,51,33,25,7,208.0,124.0,423.1,84.0,19.8,40.3,0.0,1010.8
2025-10-27 16:00:00+00:00,12.6,64,6.0,57,23,53,8,128.0,79.0,451.1,49.0,16.5,32.0,0.0,1010.9
2025-10-27 17:00:00+00:00,11.8,69,6.2,98,66,98,0,21.0,9.0,129.9,12.0,14.8,26.6,0.0,1011.3
2025-10-27 18:00:00+00:00,11.9,69,6.4,100,100,100,0,0.0,0.0,0.0,0.0,13.5,24.8,0.0,1011.7
2025-10-27 19:00:00+00:00,11.9,74,7.4,100,100,98,0,0.0,0.0,0.0,0.0,13.1,24.5,0.0,1011.5
2025-10-27 20:00:00+00:00,12.2,81,9.1,100,100,34,0,0.0,0.0,0.0,0.0,15.5,27.7,0.0,1011.2
2025-10-27 21:00:00+00:00,12.5,88,10.6,100,100,6,0,0.0,0.0,0.0,0.0,20.5,36.7,0.0,1010.9
2025-10-27 22:00:00+00:00,12.6,90,11.0,99,99,3,2,0.0,0.0,0.0,0.0,22.4,41.8,0.0,1010.8
2025-10-27 23:00:00+00:00,12.3,88,10.4,92,80,9,71,0.0,0.0,0.0,0.0,23.3,42.1,0.0,1010.3
2025-10-28 00:00:00+00:00,12.2,86,9.9,89,54,0,67,0.0,0.0,0.0,0.0,23.4,43.6,0.0,1009.9
2025-10-28 01:00:00+00:00,12.1,86,9.7,92,77,1,70,0.0,0.0,0.0,0.0,23.6,44.6,0.0,1009.5
2025-10-28 02:00:00+00:00,11.8,86,9.6,100,98,9,92,0.0,0.0,0.0,0.0,23.9,43.6,0.0,1009.0
2025-10-28 03:00:00+00:00,11.8,87,9.7,100,99,6,89,0.0,0.0,0.0,0.0,23.4,42.1,0.0,1008.7
2025-10-28 04:00:00+00:00,11.8,87,9.8,100,99,10,83,0.0,0.0,0.0,0.0,23.8,42.1,0.0,1008.3
2025-10-28 05:00:00+00:00,12.1,87,10.0,100,100,6,92,0.0,0.0,0.0,0.0,24.4,42.8,0.0,1008.2
2025-10-28 06:00:00+00:00,12.4,86,10.2,100,100,24,90,0.0,0.0,0.0,0.0,24.5,42.5,0.0,1008.1
2025-10-28 07:00:00+00:00,12.5,86,10.1,93,85,4,57,0.0,0.0,0.0,0.0,23.4,43.2,0.0,1008.1
2025-10-28 08:00:00+00:00,12.7,85,10.2,60,46,3,27,26.0,9.0,97.8,17.0,22.2,40.7,0.0,1008.7
2025-10-28 09:00:00+00:00,13.1,79,9.6,40,40,0,0,139.0,82.0,382.0,57.0,24.0,37.8,0.0,1009.0
2025-10-28 10:00:00+00:00,13.6,73,8.9,65,57,18,6,232.0,141.0,437.8,91.0,22.9,47.9,0.0,1009.1
2025-10-28 11:00:00+00:00,13.9,69,8.3,81,60,41,34,257.0,159.0,402.2,98.0,23.1,47.2,0.0,1009.2
2025-10-28 12:00:00+00:00,14.2,66,7.9,74,45,51,0,253.0,137.0,319.0,116.0,23.9,48.2,0.0,1009.0
2025-10-28 13:00:00+00:00,14.1,67,8.1,61,61,2,0,210.0,87.0,206.1,123.0,22.5,44.3,0.0,1008.5
2025-10-28 14:00:00+00:00,14.3,65,7.8,41,41,0,0,179.0,64.0,171.2,115.0,20.6,42.1,0.0,1008.3
2025-10-28 15:00:00+00:00,14.2,63,7.4,48,48,0,0,142.0,38.0,132.0,104.0,19.6,36.0,0.0,1008.3
2025-10-28 16:00:00+00:00,13.6,65,7.2,58,49,9,4,76.0,23.0,135.3,53.0,16.5,31.7,0.0,1008.1
2025-10-28 17:00:00+00:00,12.6,69,7.1,67,37,49,8,13.0,3.0,45.0,10.0,14.8,27.4,0.0,1008.0
2025-10-28 18:00:00+00:00,11.4,75,7.2,80,27,56,53,0.0,0.0,0.0,0.0,14.6,25.2,0.0,1008.1
2025-10-28 19:00:00+00:00,11.2,78,7.5,83,13,52,75,0.0,0.0,0.0,0.0,15.8,28.1,0.0,1008.3
2025-10-28 20:00:00+00:00,11.6,82,8.7,94,40,51,92,0.0,0.0,0.0,0.0,16.6,29.9,0.0,1008.0
2025-10-28 21:00:00+00:00,11.6,90,10.0,99,91,76,93,0.0,0.0,0.0,0.0,17.3,31.7,0.0,1007.8
2025-10-28 22:00:00+00:00,12.0,87,9.8,95,54,59,81,0.0,0.0,0.0,0.0,19.4,32.8,0.0,1007.1
2025-10-28 23:00:00+00:00,12.2,88,10.3,87,26,44,78,0.0,0.0,0.0,0.0,18.1,32.8,0.0,1006.5
2025-10-29 00:00:00+00:00,12.3,90,10.6,93,36,27,88,0.0,0.0,0.0,0.0,18.5,32.8,0.0,1006.2
2025-10-29 01:00:00+00:00,12.2,89,10.5,99,50,15,97,0.0,0.0,0.0,0.0,18.9,33.8,0.0,1005.6
2025-10-29 02:00:00+00:00,12.0,89,10.2,100,50,6,100,0.0,0.0,0.0,0.0,19.1,32.8,0.0,1004.9
2025-10-29 03:00:00+00:00,11.7,90,10.0,100,42,2,99,0.0,0.0,0.0,0.0,17.4,31.3,0.0,1004.2
2025-10-29 04:00:00+00:00,11.3,90,9.7,99,34,0,98,0.0,0.0,0.0,0.0,15.4,28.8,0.0,1003.3
2025-10-29 05:00:00+00:00,11.0,91,9.5,99,38,2,98,0.0,0.0,0.0,0.0,13.8,25.9,0.0,1002.8
2025-10-29 06:00:00+00:00,10.8,92,9.5,99,24,10,99,0.0,0.0,0.0,0.0,13.4,25.6,0.0,1002.2
2025-10-29 07:00:00+00:00,10.9,91,9.5,100,24,73,100,0.0,0.0,0.0,0.0,12.5,21.6,0.0,1001.7
2025-10-29 08:00:00+00:00,11.3,90,9.8,100,22,99,100,18.0,1.0,11.2,17.0,11.5,20.5,0.0,1001.6
2025-10-29 09:00:00+00:00,11.8,90,10.1,100,21,99,100,56.0,1.0,4.8,55.0,9.6,18.7,0.1,1001.1
2025-10-29 10:00:00+00:00,12.1,89,10.3,100,35,97,100,71.0,0.0,0.0,71.0,9.7,23.0,0.4,1000.7
2025-10-29 11:00:00+00:00,12.0,89,10.3,100,75,94,100,79.0,0.0,0.0,79.0,8.6,20.2,0.6,1000.3
2025-10-29 12:00:00+00:00,12.0,90,10.4,100,99,85,100,97.0,4.0,9.4,93.0,7.3,18.4,0.5,999.7
2025-10-29 13:00:00+00:00,11.9,92,10.7,100,84,91,100,106.0,3.0,7.2,103.0,7.4,19.8,0.4,998.7
2025-10-29 14:00:00+00:00,11.7,92,10.4,100,98,94,100,113.0,9.0,24.4,104.0,7.6,21.2,0.4,998.4
2025-10-29 15:00:00+00:00,11.3,93,10.3,100,100,84,100,65.0,3.0,10.6,62.0,10.6,22.7,0.2,998.3
2025-10-29 16:00:00+00:00,11.0,92,9.8,100,99,91,100,30.0,0.0,0.0,30.0,12.0,23.8,0.1,998.5
2025-10-29 17:00:00+00:00,10.5,90,8.9,99,85,86,83,4.0,0.0,0.0,4.0,11.9,25.6,0.0,998.8
2025-10-29 18:00:00+00:00,9.8,90,8.3,53,28,44,21,0.0,0.0,0.0,0.0,13.8,28.1,0.0,999.4
2025-10-29 19:00:00+00:00,8.9,91,7.5,8,4,8,0,0.0,0.0,0.0,0.0,14.2,26.3,0.0,1000.0
2025-10-29 20:00:00+00:00,7.8,92,6.6,0,0,0,0,0.0,0.0,0.0,0.0,14.5,27.0,0.0,1000.5
2025-10-29 21:00:00+00:00,7.2,93,6.1,0,0,0,0,0.0,0.0,0.0,0.0,14.4,26.3,0.0,1001.3
2025-10-29 22:00:00+00:00,6.6,93,5.6,0,0,0,0,0.0,0.0,0.0,0.0,14.8,27.0,0.0,1002.0
2025-10-29 23:00:00+00:00,6.5,92,5.3,1,1,0,0,0.0,0.0,0.0,0.0,15.6,28.1,0.0,1002.8
2025-10-30 00:00:00+00:00,6.5,90,5.1,1,1,0,0,0.0,0.0,0.0,0.0,15.5,28.4,0.0,1003.1
2025-10-30 01:00:00+00:00,6.3,90,4.8,1,1,0,0,0.0,0.0,0.0,0.0,15.5,27.0,0.0,1004.1
2025-10-30 02:00:00+00:00,5.9,90,4.4,85,0,0,85,0.0,0.0,0.0,0.0,13.2,23.4,0.0,1004.5
2025-10-30 03:00:00+00:00,5.7,93,4.6,41,2,0,39,0.0,0.0,0.0,0.0,12.4,21.6,0.0,1005.2
2025-10-30 04:00:00+00:00,5.6,94,4.7,0,0,0,0,0.0,0.0,0.0,0.0,11.2,18.7,0.0,1005.8
2025-10-30 05:00:00+00:00,5.6,95,4.8,18,1,16,2,0.0,0.0,0.0,0.0,9.2,16.2,0.0,1006.6
2025-10-30 06:00:00+00:00,5.4,96,4.7,53,5,45,20,0.0,0.0,0.0,0.0,8.3,15.1,0.0,1006.9
2025-10-30 07:00:00+00:00,5.4,95,4.7,98,7,56,98,0.0,0.0,0.0,0.0,7.9,13.3,0.0,1007.4
2025-10-30 08:00:00+00:00,6.8,95,6.0,100,12,20,100,39.0,14.0,160.7,25.0,8.1,13.0,0.0,1008.2
2025-10-30 09:00:00+00:00,9.3,91,7.8,100,34,0,100,135.0,71.0,346.1,64.0,10.1,18.0,0.0,1008.3
2025-10-30 10:00:00+00:00,11.2,86,8.9,100,61,38,100,176.0,77.0,246.6,99.0,10.3,21.2,0.0,1008.5
2025-10-30 11:00:00+00:00,12.5,79,8.9,100,59,12,100,183.0,44.0,114.2,139.0,15.9,29.5,0.0,1008.1
2025-10-30 12:00:00+00:00,12.7,76,8.6,100,59,87,100,142.0,11.0,26.2,131.0,23.6,37.1,0.0,1007.6
2025-10-30 13:00:00+00:00,12.7,73,7.9,100,27,98,100,127.0,2.0,4.9,125.0,23.4,40.3,0.0,1007.5
2025-10-30 14:00:00+00:00,12.6,71,7.4,100,48,96,100,111.0,4.0,11.0,107.0,22.1,41.0,0.0,1006.9
2025-10-30 15:00:00+00:00,12.6,72,7.7,100,72,40,100,122.0,13.0,46.8,109.0,22.6,41.0,0.0,1006.6
2025-10-30 16:00:00+00:00,12.2,75,7.8,99,72,1,99,58.0,2.0,12.5,56.0,21.7,40.7,0.0,1006.2
2025-10-30 17:00:00+00:00,11.8,78,8.0,100,37,6,100,10.0,0.0,0.0,10.0,22.3,42.8,0.0,1005.4
2025-10-30 18:00:00+00:00,11.8,80,8.5,100,80,16,99,0.0,0.0,0.0,0.0,25.8,46.8,0.0,1005.0
2025-10-30 19:00:00+00:00,12.2,81,9.1,100,100,15,99,0.0,0.0,0.0,0.0,29.3,54.4,0.0,1004.4
2025-10-30 20:00:00+00:00,12.8,82,9.8,100,100,19,98,0.0,0.0,0.0,0.0,31.8,59.4,0.0,1003.7
2025-10-30 21:00:00+00:00,13.1,85,10.7,100,100,22,97,0.0,0.0,0.0,0.0,33.9,62.6,0.0,1003.2
2025-10-30 22:00:00+00:00,13.6,87,11.4,100,100,50,97,0.0,0.0,0.0,0.0,32.8,64.4,0.0,1002.5
2025-10-30 23:00:00+00:00,13.9,87,11.8,100,91,93,99,0.0,0.0,0.0,0.0,34.3,66.6,0.3,1001.8
2025-10-31 00:00:00+00:00,13.9,89,12.2,100,93,98,92,0.0,0.0,0.0,0.0,32.0,63.7,1.0,1001.9
2025-10-31 01:00:00+00:00,13.8,93,12.7,100,100,43,12,0.0,0.0,0.0,0.0,27.7,53.6,0.6,1002.3
2025-10-31 02:00:00+00:00,13.8,93,12.7,98,98,19,0,0.0,0.0,0.0,0.0,25.1,45.4,0.1,1002.1
2025-10-31 03:00:00+00:00,14.0,92,12.7,73,68,6,18,0.0,0.0,0.0,0.0,22.1,44.3,0.0,1002.3
2025-10-31 04:00:00+00:00,13.9,92,12.6,91,66,20,78,0.0,0.0,0.0,0.0,22.1,43.9,0.0,1002.2
2025-10-31 05:00:00+00:00,13.8,92,12.6,100,62,19,100,0.0,0.0,0.0,0.0,20.7,40.3,0.0,1002.2
2025-10-31 06:00:00+00:00,13.9,92,12.7,98,25,8,96,0.0,0.0,0.0,0.0,19.2,40.3,0.0,1002.1
2025-10-31 07:00:00+00:00,14.0,92,12.6,99,40,3,99,0.0,0.0,0.0,0.0,19.7,36.4,0.0,1001.8
2025-10-31 08:00:00+00:00,14.3,92,13.0,99,49,1,99,25.0,5.0,59.0,20.0,22.9,43.6,0.1,1002.0
2025-10-31 09:00:00+00:00,14.5,93,13.3,99,49,0,97,98.0,23.0,114.7,75.0,28.8,53.3,0.2,1001.8
2025-10-31 10:00:00+00:00,14.7,91,13.3,96,33,38,89,143.0,24.0,78.1,119.0,27.5,54.7,0.1,1001.1
2025-10-31 11:00:00+00:00,15.2,90,13.5,87,51,60,39,150.0,27.0,71.0,123.0,31.0,55.4,0.2,1000.7
2025-10-31 12:00:00+00:00,14.9,90,13.3,99,99,32,40,73.0,10.0,24.2,63.0,32.0,65.5,0.9,1000.3
2025-10-31 13:00:00+00:00,15.2,87,13.1,96,84,23,70,39.0,1.0,2.5,38.0,32.8,69.8,0.2,999.7
2025-10-31 14:00:00+00:00,15.4,87,13.3,93,64,59,72,86.0,10.0,27.9,76.0,32.9,71.3,0.2,999.4
2025-10-31 15:00:00+00:00,15.8,85,13.3,85,45,73,8,60.0,6.0,22.0,54.0,31.7,68.8,0.2,999.3
2025-10-31 16:00:00+00:00,15.4,89,13.6,99,99,34,19,25.0,2.0,12.9,23.0,32.6,63.7,0.5,999.4
2025-10-31 17:00:00+00:00,15.3,88,13.3,100,99,26,0,7.0,2.0,33.8,5.0,30.2,58.7,0.4,999.8
2025-10-31 18:00:00+00:00,15.3,88,13.4,100,100,36,0,0.0,0.0,0.0,0.0,31.5,55.4,0.1,999.9
2025-10-31 19:00:00+00:00,15.2,89,13.4,90,90,8,1,0.0,0.0,0.0,0.0,30.6,63.4,0.1,999.9
2025-10-31 20:00:00+00:00,15.0,90,13.4,59,38,36,10,0.0,0.0,0.0,0.0,31.8,63.7,0.1,999.6
2025-10-31 21:00:00+00:00,14.9,91,13.4,59,48,10,19,0.0,0.0,0.0,0.0,30.6,63.7,0.4,999.3
2025-10-31 22:00:00+00:00,15.3,87,13.1,86,47,46,68,0.0,0.0,0.0,0.0,29.9,67.3,0.0,998.2
2025-10-31 23:00:00+00:00,15.4,88,13.5,83,62,34,40,0.0,0.0,0.0,0.0,30.4,76.3,0.6,998.1
2025-11-01 00:00:00+00:00,15.2,93,14.1,79,40,24,48,0.0,0.0,0.0,0.0,37.3,79.2,2.8,997.7
2025-11-01 01:00:00+00:00,14.0,90,12.4,88,51,81,15,0.0,0.0,0.0,0.0,35.1,65.5,2.3,997.9
2025-11-01 02:00:00+00:00,13.3,83,10.5,62,7,59,0,0.0,0.0,0.0,0.0,28.9,49.0,0.3,997.8
2025-11-01 03:00:00+00:00,12.9,81,9.7,99,9,99,82,0.0,0.0,0.0,0.0,29.1,46.8,0.0,998.1
2025-11-01 04:00:00+00:00,13.0,82,10.0,100,19,100,100,0.0,0.0,0.0,0.0,27.8,48.6,0.0,998.1
2025-11-01 05:00:00+00:00,12.5,84,9.8,100,10,100,100,0.0,0.0,0.0,0.0,25.2,46.8,0.0,998.3
2025-11-01 06:00:00+00:00,12.4,83,9.6,92,11,90,71,0.0,0.0,0.0,0.0,22.9,43.2,0.0,998.7
2025-11-01 07:00:00+00:00,12.1,84,9.4,19,12,15,0,0.0,0.0,0.0,0.0,21.8,39.2,0.0,999.3
2025-11-01 08:00:00+00:00,12.3,83,9.4,31,15,24,3,35.0,19.0,231.0,16.0,22.7,41.4,0.0,1000.5
2025-11-01 09:00:00+00:00,13.0,80,9.5,49,25,25,26,115.0,68.0,347.3,47.0,23.7,46.1,0.0,1001.3
2025-11-01 10:00:00+00:00,13.7,73,8.8,33,14,17,20,214.0,137.0,452.9,77.0,20.7,49.7,0.0,1002.1
2025-11-01 11:00:00+00:00,14.3,69,8.7,16,6,0,10,310.0,218.0,581.0,92.0,23.8,55.4,0.0,1002.5
2025-11-01 12:00:00+00:00,14.4,68,8.5,30,14,6,18,318.0,212.0,518.3,106.0,23.1,52.2,0.1,1003.2
2025-11-01 13:00:00+00:00,14.2,73,9.4,69,23,37,51,325.0,246.0,612.5,79.0,25.2,51.1,0.1,1003.2
2025-11-01 14:00:00+00:00,13.1,79,9.5,69,35,50,40,236.0,133.0,376.3,103.0,24.8,48.6,0.2,1003.8
2025-11-01 15:00:00+00:00,12.4,83,9.6,90,31,80,58,156.0,88.0,328.5,68.0,21.8,43.2,0.5,1004.0
2025-11-01 16:00:00+00:00,10.9,90,9.4,75,23,64,34,81.0,38.0,252.3,43.0,18.5,31.0,0.8,1004.6
2025-11-01 17:00:00+00:00,10.2,94,9.3,34,7,32,1,9.0,2.0,35.2,7.0,14.5,24.8,0.0,1004.8
2025-11-01 18:00:00+00:00,9.8,93,8.7,41,5,37,7,0.0,0.0,0.0,0.0,15.2,23.8,0.0,1005.7
2025-11-01 19:00:00+00:00,9.4,91,8.0,91,24,14,84,0.0,0.0,0.0,0.0,16.2,31.0,0.1,1006.2
2025-11-01 20:00:00+00:00,9.2,90,7.6,46,14,8,35,0.0,0.0,0.0,0.0,15.9,29.5,0.0,1006.5
2025-11-01 21:00:00+00:00,8.5,91,7.1,25,15,17,4,0.0,0.0,0.0,0.0,15.5,27.7,0.0,1007.0
2025-11-01 22:00:00+00:00,8.0,93,6.9,18,15,9,0,0.0,0.0,0.0,0.0,15.3,26.3,0.0,1007.3
2025-11-01 23:00:00+00:00,7.6,93,6.5,14,12,10,0,0.0,0.0,0.0,0.0,14.4,25.9,0.0,1007.3
2025-11-02 00:00:00+00:00,7.6,92,6.4,23,12,10,11,0.0,0.0,0.0,0.0,14.8,26.6,0.0,1007.1
2025-11-02 01:00:00+00:00,7.9,89,6.2,87,9,44,84,0.0,0.0,0.0,0.0,16.0,28.1,0.0,1006.8
2025-11-02 02:00:00+00:00,8.4,88,6.4,95,14,82,92,0.0,0.0,0.0,0.0,17.1,30.6,0.0,1006.2
2025-11-02 03:00:00+00:00,9.1,87,7.0,99,12,63,99,0.0,0.0,0.0,0.0,19.4,37.8,0.0,1005.5
2025-11-02 04:00:00+00:00,8.8,92,7.5,99,13,85,97,0.0,0.0,0.0,0.0,20.7,39.2,0.3,1005.0
2025-11-02 05:00:00+00:00,8.9,94,8.0,100,54,98,95,0.0,0.0,0.0,0.0,20.1,38.2,0.2,1004.9
2025-11-02 06:00:00+00:00,8.8,93,7.8,100,84,100,96,0.0,0.0,0.0,0.0,17.1,32.8,0.1,1004.4
2025-11-02 07:00:00+00:00,8.6,93,7.6,85,44,67,66,0.0,0.0,0.0,0.0,13.7,24.1,0.6,1004.8
2025-11-02 08:00:00+00:00,8.2,93,7.1,17,2,5,12,19.0,6.0,75.1,13.0,14.4,26.3,0.1,1005.5
2025-11-02 09:00:00+00:00,9.0,90,7.4,6,4,3,2,134.0,72.0,376.6,62.0,17.0,30.6,0.0,1006.6
2025-11-02 10:00:00+00:00,10.4,85,8.1,26,24,12,0,261.0,193.0,648.3,68.0,18.4,38.2,0.0,1007.7
2025-11-02 11:00:00+00:00,11.4,77,7.5,42,40,10,0,335.0,260.0,702.1,75.0,18.7,43.6,0.0,1008.2
2025-11-02 12:00:00+00:00,12.2,70,6.9,39,35,12,0,340.0,242.0,598.9,98.0,18.7,42.5,0.0,1008.6
2025-11-02 13:00:00+00:00,12.7,63,5.9,36,29,20,0,310.0,222.0,559.6,88.0,18.9,41.8,0.0,1009.2
2025-11-02 14:00:00+00:00,12.6,63,5.8,39,26,28,0,269.0,198.0,568.0,71.0,18.6,37.1,0.0,1009.8
2025-11-02 15:00:00+00:00,12.2,66,6.1,62,31,53,0,176.0,112.0,425.7,64.0,18.0,32.4,0.0,1010.3
2025-11-02 16:00:00+00:00,11.0,72,6.1,51,28,40,0,77.0,39.0,267.1,38.0,16.5,29.5,0.0,1011.2
2025-11-02 17:00:00+00:00,9.4,80,6.2,10,9,9,0,8.0,3.0,55.1,5.0,13.8,24.1,0.0,1011.6
2025-11-02 18:00:00+00:00,8.4,85,6.0,7,7,3,0,0.0,0.0,0.0,0.0,12.7,22.7,0.0,1012.5
2025-11-02 19:00:00+00:00,7.9,88,6.1,2,2,0,0,0.0,0.0,0.0,0.0,11.3,18.7,0.0,1013.1
2025-11-02 20:00:00+00:00,7.6,91,6.2,6,6,2,0,0.0,0.0,0.0,0.0,11.5,19.8,0.0,1013.5
2025-11-02 21:00:00+00:00,7.6,91,6.2,9,4,7,0,0.0,0.0,0.0,0.0,12.7,22.0,0.0,1014.0
2025-11-02 22:00:00+00:00,7.6,89,5.9,14,2,14,0,0.0,0.0,0.0,0.0,13.3,22.0,0.0,1014.2
2025-11-02 23:00:00+00:00,8.0,91,6.6,24,1,16,8,0.0,0.0,0.0,0.0,14.1,22.3,0.0,1014.0
2025-11-03 00:00:00+00:00,9.0,93,7.8,62,6,38,36,0.0,0.0,0.0,0.0,15.5,25.2,0.0,1014.2
2025-11-03 01:00:00+00:00,10.3,92,9.1,98,13,91,69,0.0,0.0,0.0,0.0,16.6,31.3,0.0,1014.1
2025-11-03 02:00:00+00:00,11.8,90,10.2,98,22,83,93,0.0,0.0,0.0,0.0,19.3,36.7,0.0,1013.4
2025-11-03 03:00:00+00:00,12.3,90,10.7,97,43,35,95,0.0,0.0,0.0,0.0,21.5,41.0,0.0,1013.0
2025-11-03 04:00:00+00:00,12.5,91,11.0,97,53,40,97,0.0,0.0,0.0,0.0,22.8,42.1,0.0,1012.7
2025-11-03 05:00:00+00:00,12.7,91,11.3,78,38,63,19,0.0,0.0,0.0,0.0,22.2,41.0,0.0,1012.8
2025-11-03 06:00:00+00:00,13.1,91,11.7,86,17,71,55,0.0,0.0,0.0,0.0,22.2,41.4,0.0,1012.5
2025-11-03 07:00:00+00:00,13.3,91,11.9,99,75,36,96,0.0,0.0,0.0,0.0,24.4,44.6,0.1,1012.4
2025-11-03 08:00:00+00:00,13.8,91,12.3,100,72,16,98,19.0,3.0,38.7,16.0,26.6,49.7,0.0,1012.7
2025-11-03 09:00:00+00:00,14.2,90,12.5,98,62,47,94,66.0,15.0,80.4,51.0,27.9,50.8,0.0,1013.1
2025-11-03 10:00:00+00:00,14.9,87,12.7,98,25,71,93,128.0,32.0,109.2,96.0,23.7,49.3,0.8,1013.1
2025-11-03 11:00:00+00:00,15.3,85,12.9,91,26,40,84,168.0,57.0,155.9,111.0,29.3,51.1,0.0,1013.3
2025-11-03 12:00:00+00:00,15.5,83,12.7,95,42,44,86,185.0,86.0,215.4,99.0,30.8,54.4,0.0,1013.2
2025-11-03 13:00:00+00:00,15.6,82,12.6,94,66,30,78,200.0,109.0,278.2,91.0,31.7,58.0,0.2,1012.9
2025-11-03 14:00:00+00:00,15.0,87,12.8,81,54,43,57,151.0,57.0,165.8,94.0,30.3,52.2,0.1,1012.8
2025-11-03 15:00:00+00:00,14.9,87,12.8,76,61,49,29,118.0,48.0,185.7,70.0,31.0,52.9,0.0,1012.7
2025-11-03 16:00:00+00:00,14.6,88,12.7,83,82,18,5,50.0,17.0,120.1,33.0,28.8,50.0,0.0,1012.9
2025-11-03 17:00:00+00:00,14.4,89,12.6,81,80,9,0,6.0,2.0,38.2,4.0,29.0,49.0,0.0,1013.1
2025-11-03 18:00:00+00:00,14.4,88,12.4,86,86,3,0,0.0,0.0,0.0,0.0,28.7,47.9,0.0,1013.5
2025-11-03 19:00:00+00:00,14.4,88,12.5,62,62,2,1,0.0,0.0,0.0,0.0,27.9,52.2,0.2,1013.5
2025-11-03 20:00:00+00:00,14.4,89,12.6,86,53,2,68,0.0,0.0,0.0,0.0,28.1,52.2,0.2,1013.5
2025-11-03 21:00:00+00:00,14.4,89,12.6,74,38,0,56,0.0,0.0,0.0,0.0,28.1,52.6,0.1,1013.5
2025-11-03 22:00:00+00:00,14.4,90,12.7,66,50,0,34,0.0,0.0,0.0,0.0,26.3,52.6,0.1,1013.5
2025-11-03 23:00:00+00:00,14.2,90,12.7,95,63,3,86,0.0,0.0,0.0,0.0,27.9,51.5,0.1,1013.3
2025-11-04 00:00:00+00:00,14.3,90,12.7,100,98,22,42,0.0,0.0,0.0,0.0,28.6,51.1,0.1,1013.3
2025-11-04 01:00:00+00:00,14.3,90,12.7,100,98,13,71,0.0,0.0,0.0,0.0,28.4,50.0,0.1,1013.1
2025-11-04 02:00:00+00:00,14.2,90,12.6,100,97,0,93,0.0,0.0,0.0,0.0,27.6,49.7,0.1,1013.1
2025-11-04 03:00:00+00:00,14.1,89,12.3,100,88,3,99,0.0,0.0,0.0,0.0,27.8,49.3,0.1,1012.9
2025-11-04 04:00:00+00:00,13.9,89,12.1,100,86,2,100,0.0,0.0,0.0,0.0,26.7,46.8,0.1,1012.6
2025-11-04 05:00:00+00:00,13.8,89,12.1,100,55,6,100,0.0,0.0,0.0,0.0,25.0,42.8,0.0,1012.5
2025-11-04 06:00:00+00:00,13.7,90,12.1,100,52,0,100,0.0,0.0,0.0,0.0,24.9,41.4,0.0,1012.2
2025-11-04 07:00:00+00:00,13.6,91,12.1,100,43,0,100,0.0,0.0,0.0,0.0,24.9,46.1,0.0,1011.9
2025-11-04 08:00:00+00:00,13.7,92,12.3,92,35,1,88,15.0,0.0,0.0,15.0,24.4,45.0,0.0,1011.9
2025-11-04 09:00:00+00:00,14.2,90,12.6,86,44,0,76,87.0,20.0,109.9,67.0,24.9,47.5,0.0,1012.0
2025-11-04 10:00:00+00:00,14.8,86,12.5,91,51,8,83,170.0,93.0,322.6,77.0,24.3,51.8,0.1,1011.8
2025-11-04 11:00:00+00:00,14.9,85,12.4,92,26,10,89,190.0,74.0,205.2,116.0,22.9,46.4,0.0,1011.2
2025-11-04 12:00:00+00:00,15.2,81,12.0,88,15,12,82,209.0,57.0,144.5,152.0,23.1,44.6,0.0,1010.5
2025-11-04 13:00:00+00:00,15.1,80,11.8,95,16,43,89,164.0,34.0,87.8,130.0,22.6,41.0,0.2,1009.8
2025-11-04 14:00:00+00:00,14.8,83,12.0,91,30,78,59,102.0,7.0,20.6,95.0,22.2,42.8,0.4,1009.3
2025-11-04 15:00:00+00:00,14.2,87,12.0,95,72,77,63,37.0,1.0,3.9,36.0,22.7,42.1,0.7,1008.9
2025-11-04 16:00:00+00:00,14.0,89,12.2,100,100,100,86,11.0,1.0,7.3,10.0,23.5,44.6,0.4,1008.3
2025-11-04 17:00:00+00:00,14.1,92,12.8,100,100,96,89,1.0,0.0,0.0,1.0,24.7,46.4,2.3,1008.3
2025-11-04 18:00:00+00:00,14.8,93,13.7,100,100,98,92,0.0,0.0,0.0,0.0,26.8,46.8,0.8,1008.2
2025-11-04 19:00:00+00:00,14.8,93,13.6,100,64,83,100,0.0,0.0,0.0,0.0,27.4,50.8,0.1,1008.3
2025-11-04 20:00:00+00:00,14.7,93,13.6,99,28,38,98,0.0,0.0,0.0,0.0,27.5,51.5,0.0,1008.1
2025-11-04 21:00:00+00:00,15.1,91,13.7,100,100,100,80,0.0,0.0,0.0,0.0,27.4,52.2,0.0,1008.1
2025-11-04 22:00:00+00:00,15.6,86,13.3,100,100,100,16,0.0,0.0,0.0,0.0,30.7,55.4,0.0,1007.7
2025-11-04 23:00:00+00:00,16.0,83,13.1,95,93,50,11,0.0,0.0,0.0,0.0,30.8,55.4,0.0,1007.9
2025-11-05 00:00:00+00:00,15.8,84,13.1,85,59,49,52,0.0,0.0,0.0,0.0,27.3,48.6,0.0,1008.2
2025-11-05 01:00:00+00:00,15.4,86,13.0,88,75,74,40,0.0,0.0,0.0,0.0,22.2,43.2,0.0,1008.4
2025-11-05 02:00:00+00:00,15.2,86,12.9,78,49,64,27,0.0,0.0,0.0,0.0,17.8,38.5,0.0,1008.4
2025-11-05 03:00:00+00:00,15.2,86,12.8,98,5,84,80,0.0,0.0,0.0,0.0,16.3,34.2,0.0,1008.2
2025-11-05 04:00:00+00:00,15.0,86,12.6,100,14,100,100,0.0,0.0,0.0,0.0,17.0,30.6,0.0,1007.9
2025-11-05 05:00:00+00:00,14.7,86,12.3,100,73,100,76,0.0,0.0,0.0,0.0,20.9,38.5,0.3,1008.0
2025-11-05 06:00:00+00:00,14.6,87,12.4,100,0,100,90,0.0,0.0,0.0,0.0,20.7,37.1,0.6,1007.5
2025-11-05 07:00:00+00:00,14.7,85,12.2,98,5,97,81,0.0,0.0,0.0,0.0,21.3,40.0,0.0,1007.4
2025-11-05 08:00:00+00:00,14.7,84,12.0,93,11,91,44,10.0,3.0,41.2,7.0,21.2,41.0,0.0,1007.6
2025-11-05 09:00:00+00:00,15.1,81,11.9,98,2,91,77,67.0,23.0,129.6,44.0,22.0,41.0,0.0,1007.5
2025-11-05 10:00:00+00:00,15.4,79,11.8,93,1,72,72,139.0,68.0,239.8,71.0,17.4,42.8,0.0,1007.4
2025-11-05 11:00:00+00:00,15.7,79,12.1,99,2,94,85,204.0,92.0,258.5,112.0,18.9,38.2,0.0,1007.0
2025-11-05 12:00:00+00:00,15.9,79,12.3,100,0,60,100,193.0,74.0,189.9,119.0,18.8,36.7,0.0,1006.8
2025-11-05 13:00:00+00:00,16.0,80,12.6,100,3,69,100,145.0,27.0,70.6,118.0,16.7,32.0,0.0,1006.3
2025-11-05 14:00:00+00:00,15.7,81,12.4,59,0,34,30,81.0,12.0,35.9,69.0,18.5,35.3,0.1,1006.0
2025-11-05 15:00:00+00:00,15.5,80,12.1,62,0,34,42,53.0,10.0,40.1,43.0,18.0,32.0,0.1,1005.6
2025-11-05 16:00:00+00:00,15.3,80,11.8,93,1,81,64,68.0,27.0,203.3,41.0,15.0,25.9,0.0,1005.4
2025-11-05 17:00:00+00:00,15.1,80,11.7,100,0,99,92,5.0,1.0,19.1,4.0,15.3,30.2,0.0,1005.6
2025-11-05 18:00:00+00:00,15.1,80,11.7,100,0,99,91,0.0,0.0,0.0,0.0,15.3,32.4,0.0,1005.6
2025-11-05 19:00:00+00:00,15.1,82,12.0,98,0,98,31,0.0,0.0,0.0,0.0,14.9,27.0,0.1,1005.3
2025-11-05 20:00:00+00:00,15.2,83,12.2,95,1,93,28,0.0,0.0,0.0,0.0,16.8,28.1,0.1,1005.1
2025-11-05 21:00:00+00:00,15.0,83,12.2,98,2,95,53,0.0,0.0,0.0,0.0,17.2,29.5,0.0,1004.7
2025-11-05 22:00:00+00:00,14.9,84,12.2,99,0,80,99,0.0,0.0,0.0,0.0,15.9,31.7,0.0,1004.6
2025-11-05 23:00:00+00:00,14.9,84,12.2,100,0,13,100,0.0,0.0,0.0,0.0,14.1,32.0,0.0,1004.3
2025-11-06 00:00:00+00:00,14.6,86,12.3,100,0,14,100,0.0,0.0,0.0,0.0,13.5,31.7,0.0,1004.3
2025-11-06 01:00:00+00:00,14.5,87,12.3,98,5,37,98,0.0,0.0,0.0,0.0,13.6,30.2,0.0,1004.4
2025-11-06 02:00:00+00:00,14.5,87,12.4,99,14,95,85,0.0,0.0,0.0,0.0,13.3,27.4,0.1,1004.1
2025-11-06 03:00:00+00:00,14.4,88,12.4,96,35,93,48,0.0,0.0,0.0,0.0,13.0,25.2,0.4,1004.1
2025-11-06 04:00:00+00:00,14.2,90,12.7,41,28,12,16,0.0,0.0,0.0,0.0,11.5,23.4,0.4,1004.0
2025-11-06 05:00:00+00:00,14.1,91,12.7,95,20,6,94,0.0,0.0,0.0,0.0,12.0,22.3,0.1,1004.1
2025-11-06 06:00:00+00:00,14.0,92,12.7,98,9,33,97,0.0,0.0,0.0,0.0,12.5,22.0,0.0,1004.2
2025-11-06 07:00:00+00:00,14.0,92,12.7,93,4,59,91,0.0,0.0,0.0,0.0,12.2,22.7,0.2,1004.3
2025-11-06 08:00:00+00:00,14.3,92,13.0,98,4,85,95,17.0,1.0,14.2,16.0,13.5,25.2,0.4,1004.6
2025-11-06 09:00:00+00:00,14.8,92,13.5,98,25,91,95,53.0,8.0,46.3,45.0,15.6,28.8,0.2,1005.1
2025-11-06 10:00:00+00:00,15.2,92,13.9,96,13,63,92,69.0,3.0,10.8,66.0,14.8,31.7,0.2,1005.3
2025-11-06 11:00:00+00:00,15.9,90,14.3,93,26,20,86,163.0,48.0,136.7,115.0,18.0,30.2,0.1,1005.4
2025-11-06 12:00:00+00:00,16.3,89,14.4,84,51,43,50,163.0,30.0,78.0,133.0,17.5,30.2,0.0,1005.4
2025-11-06 13:00:00+00:00,16.6,85,14.1,63,41,10,32,187.0,59.0,156.3,128.0,14.3,31.3,0.1,1005.1
2025-11-06 14:00:00+00:00,16.7,85,14.1,51,35,0,30,154.0,66.0,200.1,88.0,14.7,30.2,0.1,1004.7
2025-11-06 15:00:00+00:00,16.2,86,13.9,58,41,0,32,105.0,35.0,142.9,70.0,13.0,22.7,0.1,1004.8
2025-11-06 16:00:00+00:00,15.7,89,13.9,59,47,0,25,47.0,1.0,7.8,46.0,9.6,18.4,0.0,1005.1
2025-11-06 17:00:00+00:00,15.0,91,13.6,49,44,1,7,5.0,0.0,0.0,5.0,10.3,16.6,0.0,1005.5
2025-11-06 18:00:00+00:00,14.4,93,13.2,46,28,2,28,0.0,0.0,0.0,0.0,9.4,14.4,0.0,1006.0
2025-11-06 19:00:00+00:00,14.0,94,13.1,61,35,1,33,0.0,0.0,0.0,0.0,8.8,14.4,0.0,1006.3
2025-11-06 20:00:00+00:00,13.4,96,12.7,45,32,0,22,0.0,0.0,0.0,0.0,7.8,12.2,0.0,1006.4
2025-11-06 21:00:00+00:00,12.6,97,12.1,70,64,6,5,0.0,0.0,0.0,0.0,7.4,12.6,0.0,1006.3
2025-11-06 22:00:00+00:00,12.1,97,11.7,60,35,29,13,0.0,0.0,0.0,0.0,7.2,12.6,0.0,1006.3
2025-11-06 23:00:00+00:00,12.2,98,11.9,55,15,44,2,0.0,0.0,0.0,0.0,7.2,12.6,0.0,1006.4
2025-11-07 00:00:00+00:00,11.9,98,11.6,6,4,2,0,0.0,0.0,0.0,0.0,7.7,11.2,0.0,1006.3
2025-11-07 01:00:00+00:00,11.3,99,11.1,26,4,25,0,0.0,0.0,0.0,0.0,7.6,11.5,0.0,1006.2
2025-11-07 02:00:00+00:00,11.8,98,11.5,77,6,76,0,0.0,0.0,0.0,0.0,7.4,11.2,0.0,1006.0
2025-11-07 03:00:00+00:00,12.3,98,12.1,98,3,98,0,0.0,0.0,0.0,0.0,7.1,12.6,0.0,1005.4
2025-11-07 04:00:00+00:00,12.4,98,12.1,99,3,99,0,0.0,0.0,0.0,0.0,7.3,14.0,0.0,1005.1
2025-11-07 05:00:00+00:00,12.6,98,12.3,91,2,91,0,0.0,0.0,0.0,0.0,8.9,15.5,0.0,1004.9
2025-11-07 06:00:00+00:00,12.9,98,12.6,96,3,96,0,0.0,0.0,0.0,0.0,11.5,17.6,0.0,1004.6
2025-11-07 07:00:00+00:00,13.3,97,12.9,73,6,72,0,0.0,0.0,0.0,0.0,14.0,25.2,0.0,1004.3
2025-11-07 08:00:00+00:00,13.5,97,13.0,99,99,34,0,16.0,5.0,73.4,11.0,14.7,26.6,0.0,1004.4
2025-11-07 09:00:00+00:00,14.1,95,13.3,94,93,20,0,82.0,28.0,166.3,54.0,16.3,29.5,0.0,1004.6
2025-11-07 10:00:00+00:00,14.4,96,13.8,64,64,19,0,156.0,70.0,255.3,86.0,15.3,29.5,0.0,1004.4
2025-11-07 11:00:00+00:00,14.5,93,13.4,53,50,11,0,147.0,39.0,112.6,108.0,17.8,34.2,0.1,1004.1
2025-11-07 12:00:00+00:00,14.8,91,13.3,37,35,1,2,189.0,86.0,226.3,103.0,19.0,35.3,0.0,1004.2
2025-11-07 13:00:00+00:00,14.4,88,12.4,65,44,10,29,173.0,71.0,190.4,102.0,19.5,38.2,0.2,1003.9
2025-11-07 14:00:00+00:00,14.2,88,12.2,84,71,38,58,164.0,75.0,230.6,89.0,20.1,34.6,0.1,1003.7
2025-11-07 15:00:00+00:00,13.5,88,11.6,88,48,58,59,66.0,11.0,45.7,55.0,17.7,31.0,0.2,1003.9
2025-11-07 16:00:00+00:00,13.1,90,11.5,88,29,82,69,48.0,18.0,144.8,30.0,16.1,28.4,0.0,1003.9
2025-11-07 17:00:00+00:00,12.9,92,11.6,100,76,99,81,3.0,1.0,19.1,2.0,16.2,28.4,0.6,1004.1
2025-11-07 18:00:00+00:00,12.9,92,11.6,100,100,99,89,0.0,0.0,0.0,0.0,19.5,33.1,1.3,1004.2
2025-11-07 19:00:00+00:00,13.0,92,11.8,100,100,91,98,0.0,0.0,0.0,0.0,20.0,34.2,0.4,1004.4
2025-11-07 20:00:00+00:00,13.4,94,12.4,100,95,68,100,0.0,0.0,0.0,0.0,16.3,28.8,0.2,1004.9
2025-11-07 21:00:00+00:00,13.5,96,12.9,100,96,49,100,0.0,0.0,0.0,0.0,12.6,22.3,0.2,1005.2
2025-11-07 22:00:00+00:00,13.0,100,13.0,100,67,44,98,0.0,0.0,0.0,0.0,11.7,19.4,0.1,1005.7
2025-11-07 23:00:00+00:00,12.7,99,12.5,100,43,29,99,0.0,0.0,0.0,0.0,10.1,20.5,0.0,1006.3
2025-11-08 00:00:00+00:00,12.3,97,11.9,100,59,2,100,0.0,0.0,0.0,0.0,12.4,20.2,0.0,1006.7
2025-11-08 01:00:00+00:00,11.4,97,11.0,100,95,7,97,0.0,0.0,0.0,0.0,12.9,17.3,0.0,1007.6
2025-11-08 02:00:00+00:00,10.7,97,10.3,95,91,12,45,0.0,0.0,0.0,0.0,10.5,15.8,0.0,1008.3
2025-11-08 03:00:00+00:00,10.1,97,9.6,88,70,12,59,0.0,0.0,0.0,0.0,8.3,14.8,0.0,1008.8
2025-11-08 04:00:00+00:00,9.5,97,9.0,57,53,4,18,0.0,0.0,0.0,0.0,7.5,13.0,0.0,1009.2
2025-11-08 05:00:00+00:00,9.0,97,8.5,51,51,0,0,0.0,0.0,0.0,0.0,6.8,12.2,0.0,1010.0
2025-11-08 06:00:00+00:00,8.8,97,8.4,56,56,0,0,0.0,0.0,0.0,0.0,6.6,11.9,0.0,1010.7
2025-11-08 07:00:00+00:00,8.6,98,8.2,85,85,0,0,0.0,0.0,0.0,0.0,7.1,11.2,0.0,1011.5
2025-11-08 08:00:00+00:00,8.8,97,8.4,99,99,0,0,15.0,5.0,76.0,10.0,8.0,13.3,0.0,1012.6
2025-11-08 09:00:00+00:00,10.3,94,9.4,99,99,0,0,65.0,12.0,73.2,53.0,10.1,15.8,0.0,1013.1
2025-11-08 10:00:00+00:00,11.9,91,10.5,99,99,0,0,143.0,54.0,200.3,89.0,12.5,24.5,0.0,1013.5
2025-11-08 11:00:00+00:00,13.1,86,10.8,99,99,0,0,147.0,7.0,20.5,140.0,12.8,25.6,0.0,1014.2
2025-11-08 12:00:00+00:00,13.7,81,10.5,61,61,0,0,179.0,41.0,109.2,138.0,13.2,27.7,0.0,1014.3
2025-11-08 13:00:00+00:00,13.9,77,10.0,25,25,0,0,165.0,33.0,89.6,132.0,12.1,26.6,0.0,1014.4
2025-11-08 14:00:00+00:00,14.4,73,9.6,13,13,0,0,188.0,74.0,230.7,114.0,12.1,25.9,0.0,1014.9
2025-11-08 15:00:00+00:00,14.3,71,9.1,16,15,5,0,132.0,44.0,186.3,88.0,10.4,18.0,0.0,1015.2
2025-11-08 16:00:00+00:00,12.6,77,8.8,11,9,10,0,68.0,33.0,274.5,35.0,7.9,10.1,0.0,1015.6
2025-11-08 17:00:00+00:00,10.1,85,7.7,10,10,6,0,4.0,1.0,19.1,3.0,8.1,11.9,0.0,1016.2
2025-11-08 18:00:00+00:00,9.4,89,7.7,29,22,14,6,0.0,0.0,0.0,0.0,8.5,13.3,0.0,1016.7
2025-11-08 19:00:00+00:00,8.2,93,7.2,58,9,0,56,0.0,0.0,0.0,0.0,7.0,11.9,0.0,1016.9
2025-11-08 20:00:00+00:00,7.4,95,6.7,55,9,1,51,0.0,0.0,0.0,0.0,7.8,12.2,0.0,1017.3
2025-11-08 21:00:00+00:00,6.7,96,6.1,60,10,2,57,0.0,0.0,0.0,0.0,7.6,11.9,0.0,1017.6
2025-11-08 22:00:00+00:00,6.9,96,6.3,62,1,2,62,0.0,0.0,0.0,0.0,7.9,11.2,0.0,1017.7
2025-11-08 23:00:00+00:00,6.6,97,6.2,5,3,1,0,0.0,0.0,0.0,0.0,8.4,12.6,0.0,1017.7
2025-11-09 00:00:00+00:00,6.6,98,6.2,10,8,3,1,0.0,0.0,0.0,0.0,8.0,13.3,0.0,1017.9
2025-11-09 01:00:00+00:00,6.8,98,6.5,8,7,2,0,0.0,0.0,0.0,0.0,7.4,13.7,0.0,1017.5
2025-11-09 02:00:00+00:00,7.0,97,6.6,12,12,1,0,0.0,0.0,0.0,0.0,7.7,13.7,0.0,1017.2
2025-11-09 03:00:00+00:00,6.9,97,6.5,18,18,1,0,0.0,0.0,0.0,0.0,8.4,14.4,0.0,1017.0
2025-11-09 04:00:00+00:00,7.1,96,6.5,35,30,11,0,0.0,0.0,0.0,0.0,8.7,15.1,0.0,1016.6
2025-11-09 05:00:00+00:00,7.7,96,7.1,44,29,31,0,0.0,0.0,0.0,0.0,9.0,16.2,0.0,1016.6
2025-11-09 06:00:00+00:00,8.3,96,7.6,45,33,25,0,0.0,0.0,0.0,0.0,8.9,18.0,0.0,1016.2
2025-11-09 07:00:00+00:00,8.4,96,7.9,51,33,1,25,0.0,0.0,0.0,0.0,9.6,16.9,0.0,1016.0
2025-11-09 08:00:00+00:00,9.3,97,8.9,87,23,1,83,14.0,4.0,63.1,10.0,11.9,20.5,0.0,1016.0
2025-11-09 09:00:00+00:00,10.8,96,10.2,100,37,0,100,90.0,39.0,244.7,51.0,14.9,26.3,0.0,1016.1
2025-11-09 10:00:00+00:00,12.5,93,11.4,99,42,2,98,152.0,43.0,162.3,109.0,17.9,30.2,0.0,1016.0
2025-11-09 11:00:00+00:00,13.2,92,11.9,99,41,65,99,195.0,81.0,240.3,114.0,20.9,46.4,0.2,1015.7
2025-11-09 12:00:00+00:00,13.1,93,12.1,100,35,63,100,170.0,44.0,118.7,126.0,22.7,46.4,0.1,1014.9
2025-11-09 13:00:00+00:00,13.1,92,11.8,99,58,46,98,168.0,60.0,165.0,108.0,24.0,47.9,0.0,1014.2
2025-11-09 14:00:00+00:00,13.4,87,11.4,100,76,94,98,165.0,58.0,183.4,107.0,23.6,48.6,0.0,1013.8
2025-11-09 15:00:00+00:00,13.4,87,11.3,100,66,92,95,89.0,12.0,51.8,77.0,21.7,44.6,0.0,1013.1
2025-11-09 16:00:00+00:00,13.1,89,11.4,99,69,44,96,37.0,2.0,17.2,35.0,21.2,44.6,0.4,1012.6
2025-11-09 17:00:00+00:00,12.8,92,11.5,98,54,32,93,3.0,0.0,0.0,3.0,21.9,44.3,0.3,1012.3
2025-11-09 18:00:00+00:00,12.9,92,11.7,99,51,22,97,0.0,0.0,0.0,0.0,24.1,47.9,0.0,1011.9
2025-11-09 19:00:00+00:00,13.3,90,11.7,100,56,20,100,0.0,0.0,0.0,0.0,25.3,47.5,0.5,1011.4
2025-11-09 20:00:00+00:00,13.3,91,11.9,100,59,27,100,0.0,0.0,0.0,0.0,26.5,49.3,0.2,1010.9
2025-11-09 21:00:00+00:00,13.3,93,12.2,100,70,62,99,0.0,0.0,0.0,0.0,28.1,53.3,0.8,1010.3
2025-11-09 22:00:00+00:00,13.3,92,12.1,100,89,98,97,0.0,0.0,0.0,0.0,26.3,56.2,1.8,1009.6
2025-11-09 23:00:00+00:00,13.5,93,12.3,100,100,100,100,0.0,0.0,0.0,0.0,29.1,58.3,1.8,1009.0
2025-11-10 00:00:00+00:00,13.6,94,12.7,100,100,100,100,0.0,0.0,0.0,0.0,30.5,56.5,1.9,1008.3
2025-11-10 01:00:00+00:00,13.5,96,12.8,100,100,92,83,0.0,0.0,0.0,0.0,29.4,52.2,2.4,1007.7
2025-11-10 02:00:00+00:00,13.2,96,12.6,99,99,37,2,0.0,0.0,0.0,0.0,28.3,45.4,0.9,1007.0
2025-11-10 03:00:00+00:00,13.1,96,12.5,69,61,28,6,0.0,0.0,0.0,0.0,26.7,43.6,0.2,1006.8
2025-11-10 04:00:00+00:00,12.9,96,12.3,65,53,36,12,0.0,0.0,0.0,0.0,22.9,40.3,0.1,1006.5
2025-11-10 05:00:00+00:00,12.5,96,11.8,57,31,41,14,0.0,0.0,0.0,0.0,19.2,39.6,0.2,1006.3
2025-11-10 06:00:00+00:00,12.3,96,11.8,62,15,45,24,0.0,0.0,0.0,0.0,15.5,32.0,0.1,1005.9
2025-11-10 07:00:00+00:00,12.2,97,11.7,67,25,37,39,0.0,0.0,0.0,0.0,14.0,24.8,0.0,1005.4
2025-11-10 08:00:00+00:00,12.2,97,11.7,78,39,32,53,11.0,2.0,32.7,9.0,15.7,26.6,0.0,1005.3
2025-11-10 09:00:00+00:00,12.7,95,11.9,100,94,33,93,58.0,14.0,90.4,44.0,18.1,35.6,0.1,1004.8
2025-11-10 10:00:00+00:00,12.9,95,12.1,100,100,83,100,67.0,11.0,42.2,56.0,14.1,38.2,0.3,1004.0
2025-11-10 11:00:00+00:00,12.4,94,11.5,100,99,100,100,46.0,0.0,0.0,46.0,18.8,43.9,1.5,1003.7
2025-11-10 12:00:00+00:00,12.6,92,11.3,100,48,99,70,46.0,0.0,0.0,46.0,19.7,35.3,1.5,1003.2
2025-11-10 13:00:00+00:00,12.3,91,10.9,90,30,84,29,39.0,0.0,0.0,39.0,18.9,38.9,1.6,1003.0
2025-11-10 14:00:00+00:00,12.1,90,10.6,93,33,57,78,50.0,0.0,0.0,50.0,20.7,32.4,0.8,1002.9
2025-11-10 15:00:00+00:00,12.3,88,10.4,68,27,22,55,84.0,35.0,153.7,49.0,20.9,39.2,0.1,1002.8
2025-11-10 16:00:00+00:00,11.7,88,9.7,62,24,21,49,52.0,22.0,196.1,30.0,19.2,39.2,0.0,1003.1
2025-11-10 17:00:00+00:00,10.9,87,8.9,68,27,21,51,3.0,1.0,19.1,2.0,18.7,36.4,0.0,1004.0
2025-11-10 18:00:00+00:00,10.6,89,8.8,57,18,22,42,0.0,0.0,0.0,0.0,17.0,36.0,0.0,1004.8
2025-11-10 19:00:00+00:00,10.0,91,8.6,27,11,12,16,0.0,0.0,0.0,0.0,15.4,26.6,0.0,1005.4
2025-11-10 20:00:00+00:00,9.5,93,8.3,33,26,18,0,0.0,0.0,0.0,0.0,14.6,25.2,0.0,1005.9
2025-11-10 21:00:00+00:00,9.3,94,8.3,60,14,7,55,0.0,0.0,0.0,0.0,14.3,25.6,0.0,1006.1
2025-11-10 22:00:00+00:00,9.1,92,7.9,96,7,14,95,0.0,0.0,0.0,0.0,15.1,24.5,0.0,1006.6
2025-11-10 23:00:00+00:00,8.8,92,7.7,33,8,18,13,0.0,0.0,0.0,0.0,14.0,22.7,0.0,1007.1
2025-11-11 00:00:00+00:00,8.5,93,7.4,96,10,57,92,0.0,0.0,0.0,0.0,13.6,20.2,0.0,1007.4
2025-11-11 01:00:00+00:00,8.8,93,7.7,100,20,13,100,0.0,0.0,0.0,0.0,12.9,19.1,0.0,1007.2
2025-11-11 02:00:00+00:00,9.3,92,8.1,42,33,16,10,0.0,0.0,0.0,0.0,12.5,20.9,0.0,1006.9
2025-11-11 03:00:00+00:00,9.9,94,8.9,72,43,64,0,0.0,0.0,0.0,0.0,13.0,26.3,0.0,1006.6
2025-11-11 04:00:00+00:00,10.8,96,10.3,91,44,88,29,0.0,0.0,0.0,0.0,14.4,29.5,0.0,1006.3
2025-11-11 05:00:00+00:00,11.7,95,10.9,99,47,82,93,0.0,0.0,0.0,0.0,16.7,34.9,0.1,1006.4
2025-11-11 06:00:00+00:00,12.3,94,11.3,93,47,41,88,0.0,0.0,0.0,0.0,20.1,41.8,0.2,1005.9
2025-11-11 07:00:00+00:00,12.5,94,11.6,99,54,23,96,0.0,0.0,0.0,0.0,23.3,43.9,0.0,1005.8
2025-11-11 08:00:00+00:00,12.9,94,11.9,100,61,5,100,11.0,2.0,34.0,9.0,25.4,47.5,0.0,1005.8
2025-11-11 09:00:00+00:00,13.5,92,12.2,99,53,1,97,59.0,19.0,126.3,40.0,26.7,49.7,0.1,1005.6
2025-11-11 10:00:00+00:00,13.9,91,12.5,94,60,25,83,148.0,66.0,257.9,82.0,26.3,50.8,0.1,1005.7
2025-11-11 11:00:00+00:00,14.2,90,12.6,98,48,30,97,171.0,84.0,256.2,87.0,26.7,55.1,0.1,1005.4
2025-11-11 12:00:00+00:00,14.7,88,12.7,100,54,27,100,172.0,70.0,193.6,102.0,25.7,52.9,0.2,1005.2
2025-11-11 13:00:00+00:00,14.6,88,12.6,100,82,29,100,146.0,50.0,141.0,96.0,26.7,55.8,0.2,1004.4
2025-11-11 14:00:00+00:00,14.8,88,12.8,100,35,33,100,160.0,82.0,266.6,78.0,26.0,51.5,0.0,1004.0
2025-11-11 15:00:00+00:00,14.9,86,12.6,100,69,41,100,133.0,64.0,286.3,69.0,27.9,55.4,0.0,1003.4
2025-11-11 16:00:00+00:00,14.8,84,12.1,99,94,91,99,45.0,8.0,73.8,37.0,29.2,55.1,0.0,1003.1
2025-11-11 17:00:00+00:00,14.9,83,12.1,100,81,100,100,2.0,0.0,0.0,2.0,29.7,56.2,0.0,1003.2
2025-11-11 18:00:00+00:00,15.2,83,12.2,100,5,95,100,0.0,0.0,0.0,0.0,30.2,59.4,0.2,1002.5
2025-11-11 19:00:00+00:00,15.2,83,12.4,100,53,99,100,0.0,0.0,0.0,0.0,32.8,60.1,0.2,1002.3
2025-11-11 20:00:00+00:00,15.0,85,12.6,100,97,99,98,0.0,0.0,0.0,0.0,34.5,61.6,0.8,1002.2
2025-11-11 21:00:00+00:00,14.9,87,12.7,100,95,98,100,0.0,0.0,0.0,0.0,33.8,60.5,1.3,1002.5
2025-11-11 22:00:00+00:00,14.4,90,12.8,100,83,98,100,0.0,0.0,0.0,0.0,33.0,59.4,0.9,1002.5
2025-11-11 23:00:00+00:00,14.4,90,12.8,100,100,100,100,0.0,0.0,0.0,0.0,31.3,55.4,0.7,1003.0
2025-11-12 00:00:00+00:00,14.5,89,12.7,100,100,99,100,0.0,0.0,0.0,0.0,28.9,51.1,0.5,1001.9
2025-11-12 01:00:00+00:00,14.5,88,12.5,100,100,79,100,0.0,0.0,0.0,0.0,25.9,47.9,0.5,1003.2
2025-11-12 02:00:00+00:00,14.4,88,12.4,100,100,95,98,0.0,0.0,0.0,0.0,23.5,50.8,0.4,1002.8
2025-11-12 03:00:00+00:00,14.4,90,12.8,100,100,100,100,0.0,0.0,0.0,0.0,22.6,54.4,0.7,1003.0
2025-11-12 04:00:00+00:00,14.3,92,12.9,100,95,100,100,0.0,0.0,0.0,0.0,21.7,52.2,1.1,1002.8
2025-11-12 05:00:00+00:00,14.2,92,13.0,100,84,99,100,0.0,0.0,0.0,0.0,20.5,46.1,0.8,1002.7
2025-11-12 06:00:00+00:00,14.1,92,12.9,100,42,92,100,0.0,0.0,0.0,0.0,21.1,40.0,0.5,1002.9
2025-11-12 07:00:00+00:00,13.9,92,12.7,100,13,62,100,0.0,0.0,0.0,0.0,23.1,43.2,0.2,1003.1
2025-11-12 08:00:00+00:00,13.8,92,12.5,100,22,100,100,6.0,0.0,0.0,6.0,23.8,43.2,0.2,1003.3
2025-11-12 09:00:00+00:00,13.9,90,12.3,100,17,100,100,33.0,0.0,0.0,33.0,23.6,43.6,0.3,1003.6
2025-11-12 10:00:00+00:00,14.6,88,12.6,100,13,96,100,80.0,0.0,0.0,80.0,17.6,43.2,1.0,1003.4
2025-11-12 11:00:00+00:00,15.1,87,13.0,77,7,63,44,137.0,26.0,80.4,111.0,17.0,39.6,0.2,1003.3
2025-11-12 12:00:00+00:00,15.4,86,13.1,87,9,61,69,184.0,104.0,291.2,80.0,17.5,39.2,0.1,1003.1
2025-11-12 13:00:00+00:00,15.3,86,13.1,93,31,75,83,124.0,42.0,119.9,82.0,18.7,36.7,0.2,1003.2
2025-11-12 14:00:00+00:00,15.1,87,12.9,97,16,79,94,86.0,20.0,65.9,66.0,16.7,31.7,0.0,1003.1
2025-11-12 15:00:00+00:00,14.8,86,12.5,100,5,58,100,53.0,1.0,4.6,52.0,15.5,31.7,0.0,1002.7
2025-11-12 16:00:00+00:00,14.3,87,12.2,99,4,22,99,33.0,8.0,76.5,25.0,14.8,29.9,0.0,1002.7
2025-11-12 17:00:00+00:00,13.3,89,11.5,81,2,3,81,2.0,0.0,0.0,2.0,15.1,28.1,0.0,1002.8
2025-11-12 18:00:00+00:00,12.9,89,11.2,40,3,20,35,0.0,0.0,0.0,0.0,16.1,28.8,0.0,1002.6
2025-11-12 19:00:00+00:00,13.0,89,11.2,100,0,0,100,0.0,0.0,0.0,0.0,17.3,29.9,0.0,1002.3
2025-11-12 20:00:00+00:00,12.9,89,11.2,97,0,2,97,0.0,0.0,0.0,0.0,17.4,29.5,0.0,1002.0
2025-11-12 21:00:00+00:00,13.2,91,11.7,100,4,13,100,0.0,0.0,0.0,0.0,16.2,28.1,0.0,1002.0
2025-11-12 22:00:00+00:00,13.4,90,11.8,100,0,49,100,0.0,0.0,0.0,0.0,15.5,29.5,0.0,1002.1
2025-11-12 23:00:00+00:00,13.6,91,12.1,100,2,92,99,0.0,0.0,0.0,0.0,17.3,29.9,0.0,1002.5
2025-11-13 00:00:00+00:00,13.9,91,12.4,100,1,69,100,0.0,0.0,0.0,0.0,17.4,31.0,0.0,1001.8
2025-11-13 01:00:00+00:00,14.3,90,12.6,95,4,15,93,0.0,0.0,0.0,0.0,19.6,37.1,0.0,1002.4
2025-11-13 02:00:00+00:00,14.3,89,12.5,45,39,19,0,0.0,0.0,0.0,0.0,21.7,39.2,0.0,1003.3
2025-11-13 03:00:00+00:00,14.0,91,12.5,40,38,3,1,0.0,0.0,0.0,0.0,19.2,37.8,0.0,1003.7
2025-11-13 04:00:00+00:00,13.8,92,12.4,61,31,19,40,0.0,0.0,0.0,0.0,18.6,37.1,0.0,1003.8
2025-11-13 05:00:00+00:00,13.6,92,12.4,90,39,21,83,0.0,0.0,0.0,0.0,17.7,37.4,0.0,1004.4
2025-11-13 06:00:00+00:00,13.6,93,12.5,89,34,26,84,0.0,0.0,0.0,0.0,16.8,36.7,0.0,1005.1
2025-11-13 07:00:00+00:00,13.3,93,12.2,100,32,8,100,0.0,0.0,0.0,0.0,15.8,28.1,0.0,1005.6
2025-11-13 08:00:00+00:00,13.0,95,12.2,100,35,2,100,10.0,1.0,18.4,9.0,15.5,27.7,0.0,1006.5
2025-11-13 09:00:00+00:00,13.7,94,12.7,100,34,0,100,74.0,19.0,134.0,55.0,15.1,28.4,0.0,1007.2
2025-11-13 10:00:00+00:00,15.1,90,13.4,59,26,0,48,176.0,109.0,441.4,67.0,15.0,33.5,0.1,1007.6
2025-11-13 11:00:00+00:00,15.6,85,13.2,62,46,0,24,210.0,124.0,388.8,86.0,15.3,35.6,0.0,1007.7
2025-11-13 12:00:00+00:00,16.0,82,13.0,52,44,0,10,222.0,129.0,365.8,93.0,13.1,28.4,0.0,1008.1
2025-11-13 13:00:00+00:00,16.2,81,12.9,27,18,0,9,224.0,123.0,355.5,101.0,7.5,21.2,0.0,1007.8
2025-11-13 14:00:00+00:00,16.2,80,12.7,100,6,4,100,188.0,77.0,257.3,111.0,4.2,15.5,0.0,1007.2
2025-11-13 15:00:00+00:00,15.7,81,12.4,100,3,64,100,116.0,29.0,134.5,87.0,4.6,7.9,0.0,1007.1
2025-11-13 16:00:00+00:00,14.6,88,12.6,100,1,99,100,37.0,4.0,39.7,33.0,6.6,10.8,0.0,1006.9
2025-11-13 17:00:00+00:00,14.2,90,12.6,99,0,96,99,1.0,0.0,0.0,1.0,11.2,15.5,0.0,1006.0
2025-11-13 18:00:00+00:00,14.0,93,12.8,100,0,100,93,0.0,0.0,0.0,0.0,9.9,18.0,0.2,1006.2
2025-11-13 19:00:00+00:00,13.8,95,13.0,100,100,100,100,0.0,0.0,0.0,0.0,12.4,20.2,2.2,1006.6
2025-11-13 20:00:00+00:00,13.6,96,13.1,100,98,100,100,0.0,0.0,0.0,0.0,13.7,25.2,1.7,1005.9
2025-11-13 21:00:00+00:00,13.5,97,13.0,100,25,98,100,0.0,0.0,0.0,0.0,14.4,27.4,0.9,1005.0
2025-11-13 22:00:00+00:00,13.4,96,12.8,100,65,39,100,0.0,0.0,0.0,0.0,15.5,28.8,0.5,1004.4
2025-11-13 23:00:00+00:00,13.6,96,12.9,100,65,44,100,0.0,0.0,0.0,0.0,13.7,27.4,0.3,1003.7
2025-11-14 00:00:00+00:00,13.8,96,13.1,100,37,86,100,0.0,0.0,0.0,0.0,12.6,25.6,0.1,1003.2
2025-11-14 01:00:00+00:00,14.0,95,13.2,100,18,94,94,0.0,0.0,0.0,0.0,13.5,23.8,1.1,1002.7
2025-11-14 02:00:00+00:00,14.1,95,13.3,91,24,56,86,0.0,0.0,0.0,0.0,14.7,25.2,0.3,1002.2
2025-11-14 03:00:00+00:00,14.0,95,13.2,99,32,79,99,0.0,0.0,0.0,0.0,14.1,24.5,0.5,1001.8
2025-11-14 04:00:00+00:00,13.8,94,12.9,99,45,56,98,0.0,0.0,0.0,0.0,14.8,25.9,1.0,1001.0
2025-11-14 05:00:00+00:00,13.8,94,12.9,99,71,58,93,0.0,0.0,0.0,0.0,13.7,24.8,0.8,1000.5
2025-11-14 06:00:00+00:00,13.9,94,12.9,99,29,73,98,0.0,0.0,0.0,0.0,12.9,26.6,0.7,1000.0
2025-11-14 07:00:00+00:00,13.8,94,12.8,99,19,75,98,0.0,0.0,0.0,0.0,12.7,22.0,0.3,999.6
2025-11-14 08:00:00+00:00,13.8,95,12.9,100,20,98,100,4.0,0.0,0.0,4.0,13.1,23.0,0.2,1000.1
2025-11-14 09:00:00+00:00,14.1,93,13.1,100,76,83,100,35.0,1.0,7.3,34.0,15.9,25.6,1.4,1000.0
2025-11-14 10:00:00+00:00,14.4,94,13.5,100,62,95,100,40.0,1.0,4.1,39.0,15.9,28.4,2.1,999.5
2025-11-14 11:00:00+00:00,14.8,93,13.7,100,99,98,99,53.0,1.0,3.2,52.0,16.2,28.8,0.9,999.3
2025-11-14 12:00:00+00:00,15.1,92,13.8,100,82,100,97,28.0,0.0,0.0,28.0,15.7,30.2,1.1,998.6
2025-11-14 13:00:00+00:00,15.3,91,13.8,100,28,100,98,20.0,0.0,0.0,20.0,15.5,35.3,1.4,997.7
2025-11-14 14:00:00+00:00,15.4,91,13.9,100,98,99,36,24.0,1.0,3.4,23.0,16.7,41.8,1.0,997.3
2025-11-14 15:00:00+00:00,15.2,92,13.8,96,54,92,8,8.0,0.0,0.0,8.0,16.9,44.6,1.2,997.2
2025-11-14 16:00:00+00:00,14.9,93,13.7,91,16,88,5,5.0,0.0,0.0,5.0,16.7,43.2,0.9,997.1
2025-11-14 17:00:00+00:00,14.7,93,13.5,64,46,31,21,0.0,0.0,0.0,0.0,18.1,38.9,0.2,997.8
2025-11-14 18:00:00+00:00,14.4,91,13.0,67,54,27,13,0.0,0.0,0.0,0.0,18.0,37.1,0.1,998.5
2025-11-14 19:00:00+00:00,14.2,92,12.9,34,27,23,0,0.0,0.0,0.0,0.0,15.2,30.6,0.5,999.3
2025-11-14 20:00:00+00:00,13.9,92,12.7,34,28,23,3,0.0,0.0,0.0,0.0,14.5,26.3,0.0,1000.1
2025-11-14 21:00:00+00:00,13.6,94,12.6,33,29,10,1,0.0,0.0,0.0,0.0,14.1,24.1,0.0,1001.0
2025-11-14 22:00:00+00:00,13.3,94,12.3,50,26,24,14,0.0,0.0,0.0,0.0,10.0,22.7,0.0,1002.0
2025-11-14 23:00:00+00:00,13.1,95,12.2,42,30,29,1,0.0,0.0,0.0,0.0,9.1,20.2,0.0,1002.9
2025-11-15 00:00:00+00:00,13.0,95,12.2,34,31,23,0,0.0,0.0,0.0,0.0,9.6,16.6,0.0,1003.7
2025-11-15 01:00:00+00:00,12.3,97,11.8,31,29,24,0,0.0,0.0,0.0,0.0,8.0,10.8,0.0,1004.2
2025-11-15 02:00:00+00:00,11.6,98,11.2,41,37,7,5,0.0,0.0,0.0,0.0,5.5,7.6,0.0,1004.4
2025-11-15 03:00:00+00:00,11.2,98,10.9,78,44,13,57,0.0,0.0,0.0,0.0,4.8,6.8,0.0,1004.9
2025-11-15 04:00:00+00:00,11.3,99,11.2,84,58,9,55,0.0,0.0,0.0,0.0,4.7,5.4,0.0,1005.2
2025-11-15 05:00:00+00:00,10.9,99,10.8,84,64,5,45,0.0,0.0,0.0,0.0,4.8,4.7,0.0,1005.5
2025-11-15 06:00:00+00:00,11.3,99,11.2,86,85,1,14,0.0,0.0,0.0,0.0,4.4,7.6,0.0,1006.1
2025-11-15 07:00:00+00:00,11.1,99,11.0,99,99,2,0,0.0,0.0,0.0,0.0,6.3,10.1,0.0,1006.8
2025-11-15 08:00:00+00:00,11.2,99,11.1,100,100,2,0,6.0,1.0,19.1,5.0,7.8,13.0,0.0,1007.5
2025-11-15 09:00:00+00:00,11.9,97,11.5,100,100,0,3,52.0,8.0,60.0,44.0,7.7,15.1,0.0,1007.9
2025-11-15 10:00:00+00:00,12.6,100,12.6,100,100,1,60,114.0,24.0,100.7,90.0,9.0,17.6,0.0,1008.4
2025-11-15 11:00:00+00:00,13.1,97,12.7,77,66,3,31,178.0,74.0,238.5,104.0,10.3,20.9,0.0,1008.5
2025-11-15 12:00:00+00:00,13.6,95,12.8,87,67,17,69,186.0,60.0,174.4,126.0,11.0,24.5,0.0,1008.5
2025-11-15 13:00:00+00:00,13.8,92,12.5,74,58,26,34,177.0,51.0,151.1,126.0,11.5,23.8,0.0,1008.0
2025-11-15 14:00:00+00:00,13.6,91,12.1,74,43,17,47,146.0,53.0,182.0,93.0,11.0,22.3,0.0,1007.8
2025-11-15 15:00:00+00:00,13.4,90,11.8,67,48,12,38,113.0,50.0,240.3,63.0,10.6,18.0,0.0,1007.8
2025-11-15 16:00:00+00:00,12.9,90,11.3,62,42,16,28,43.0,17.0,181.2,26.0,13.3,18.0,0.0,1008.0
2025-11-15 17:00:00+00:00,12.3,91,11.0,77,47,10,49,1.0,0.0,0.0,1.0,14.8,21.6,0.0,1008.5
2025-11-15 18:00:00+00:00,12.1,92,10.9,96,78,16,80,0.0,0.0,0.0,0.0,16.0,25.6,0.0,1008.8
2025-11-15 19:00:00+00:00,11.9,92,10.7,99,84,12,94,0.0,0.0,0.0,0.0,16.2,28.8,0.0,1008.9
2025-11-15 20:00:00+00:00,11.7,92,10.5,100,93,6,98,0.0,0.0,0.0,0.0,15.2,26.6,0.0,1009.0
2025-11-15 21:00:00+00:00,11.6,92,10.4,100,100,4,100,0.0,0.0,0.0,0.0,13.0,22.7,0.0,1009.2
2025-11-15 22:00:00+00:00,11.3,94,10.4,100,100,23,100,0.0,0.0,0.0,0.0,10.1,20.5,0.0,1009.3
2025-11-15 23:00:00+00:00,11.2,95,10.4,100,100,25,99,0.0,0.0,0.0,0.0,12.1,22.0,0.0,1009.2
2025-11-16 00:00:00+00:00,11.1,95,10.3,100,99,14,95,0.0,0.0,0.0,0.0,12.9,24.1,0.0,1009.4
2025-11-16 01:00:00+00:00,10.7,95,10.0,100,99,4,69,0.0,0.0,0.0,0.0,13.4,27.4,0.0,1009.2
2025-11-16 02:00:00+00:00,10.5,96,9.9,100,100,0,47,0.0,0.0,0.0,0.0,14.1,29.2,0.0,1009.1
2025-11-16 03:00:00+00:00,10.5,95,9.8,100,100,3,19,0.0,0.0,0.0,0.0,15.2,26.6,0.0,1009.2
2025-11-16 04:00:00+00:00,10.3,95,9.5,100,100,2,2,0.0,0.0,0.0,0.0,15.4,29.9,0.0,1009.3
2025-11-16 05:00:00+00:00,10.3,94,9.4,100,100,3,3,0.0,0.0,0.0,0.0,17.0,29.5,0.0,1009.2
2025-11-16 06:00:00+00:00,10.1,94,9.2,100,100,3,5,0.0,0.0,0.0,0.0,16.3,29.5,0.0,1009.6
2025-11-16 07:00:00+00:00,10.0,93,8.9,100,100,2,38,0.0,0.0,0.0,0.0,16.3,25.9,0.0,1010.0
2025-11-16 08:00:00+00:00,10.1,92,8.8,100,100,2,10,3.0,0.0,0.0,3.0,15.3,28.4,0.0,1010.6
2025-11-16 09:00:00+00:00,10.1,91,8.7,100,100,2,0,18.0,0.0,0.0,18.0,16.2,30.6,0.0,1011.0
2025-11-16 10:00:00+00:00,10.0,89,8.2,100,100,4,0,36.0,0.0,0.0,36.0,16.2,32.4,0.0,1011.7
2025-11-16 11:00:00+00:00,10.2,87,8.2,99,99,3,0,60.0,0.0,0.0,60.0,16.9,32.0,0.0,1011.5
2025-11-16 12:00:00+00:00,10.5,83,7.8,94,94,2,0,95.0,13.0,38.2,82.0,17.1,33.8,0.0,1011.6
2025-11-16 13:00:00+00:00,10.5,81,7.3,93,93,2,0,87.0,1.0,3.0,86.0,18.1,34.2,0.0,1011.8
2025-11-16 14:00:00+00:00,10.3,78,6.7,91,91,1,0,74.0,5.0,17.4,69.0,18.6,34.9,0.0,1011.7
2025-11-16 15:00:00+00:00,10.0,76,5.9,76,76,0,0,58.0,10.0,48.9,48.0,18.6,35.3,0.0,1012.1
2025-11-16 16:00:00+00:00,9.4,75,5.3,69,69,4,0,18.0,1.0,10.9,17.0,17.6,33.8,0.0,1012.9
2025-11-16 17:00:00+00:00,9.0,73,4.5,66,65,7,0,0.0,0.0,0.0,0.0,17.3,34.6,0.0,1013.8
2025-11-16 18:00:00+00:00,8.6,71,3.7,50,49,3,0,0.0,0.0,0.0,0.0,17.0,33.5,0.0,1014.5
2025-11-16 19:00:00+00:00,8.0,69,2.6,66,65,2,0,0.0,0.0,0.0,0.0,15.9,29.2,0.0,1015.2
2025-11-16 20:00:00+00:00,7.3,69,2.0,74,74,0,0,0.0,0.0,0.0,0.0,16.3,29.9,0.0,1015.7
2025-11-16 21:00:00+00:00,6.9,68,1.5,93,93,0,0,0.0,0.0,0.0,0.0,16.3,29.9,0.0,1016.4
2025-11-16 22:00:00+00:00,6.5,69,1.1,74,74,0,0,0.0,0.0,0.0,0.0,16.2,28.1,0.0,1016.7
2025-11-16 23:00:00+00:00,6.3,70,1.1,69,69,0,0,0.0,0.0,0.0,0.0,14.1,25.6,0.0,1016.9
2025-11-17 00:00:00+00:00,6.1,72,1.4,74,74,0,0,0.0,0.0,0.0,0.0,14.3,25.9,0.0,1017.0
2025-11-17 01:00:00+00:00,5.9,75,1.8,72,72,0,0,0.0,0.0,0.0,0.0,14.9,27.4,0.0,1017.4
2025-11-17 02:00:00+00:00,5.8,78,2.3,81,81,0,0,0.0,0.0,0.0,0.0,16.0,28.8,0.0,1017.9
2025-11-17 03:00:00+00:00,5.8,79,2.5,93,93,2,0,0.0,0.0,0.0,0.0,16.9,30.6,0.0,1018.2
2025-11-17 04:00:00+00:00,5.5,80,2.3,90,90,5,0,0.0,0.0,0.0,0.0,18.8,33.1,0.0,1018.7
2025-11-17 05:00:00+00:00,5.2,82,2.3,72,72,1,0,0.0,0.0,0.0,0.0,19.3,34.2,0.0,1019.3
2025-11-17 06:00:00+00:00,4.9,82,2.2,32,32,1,0,0.0,0.0,0.0,0.0,18.9,34.6,0.0,1019.8
2025-11-17 07:00:00+00:00,4.4,84,1.9,3,3,0,0,0.0,0.0,0.0,0.0,19.3,34.6,0.0,1020.7
2025-11-17 08:00:00+00:00,4.4,83,1.8,1,1,0,0,8.0,3.0,57.3,5.0,19.4,34.9,0.0,1021.7
2025-11-17 09:00:00+00:00,5.0,79,1.7,0,0,0,0,90.0,56.0,448.1,34.0,18.0,32.0,0.0,1022.7
2025-11-17 10:00:00+00:00,5.9,75,1.8,0,0,0,0,197.0,143.0,622.0,54.0,18.4,39.2,0.0,1023.4
2025-11-17 11:00:00+00:00,6.8,71,1.9,0,0,0,0,278.0,215.0,712.3,63.0,18.9,41.0,0.0,1024.1
2025-11-17 12:00:00+00:00,7.3,69,2.0,0,0,0,0,316.0,249.0,741.4,67.0,18.7,40.0,0.0,1024.2
2025-11-17 13:00:00+00:00,7.9,65,1.8,11,11,0,0,309.0,242.0,734.1,67.0,18.1,37.4,0.0,1024.3
2025-11-17 14:00:00+00:00,7.9,64,1.5,31,31,0,0,256.0,194.0,683.9,62.0,17.7,33.8,0.0,1024.6
2025-11-17 15:00:00+00:00,7.6,65,1.3,30,30,0,0,165.0,115.0,572.2,50.0,14.7,27.0,0.0,1025.2
2025-11-17 16:00:00+00:00,6.5,68,1.1,18,18,0,0,58.0,33.0,366.7,25.0,10.5,21.6,0.0,1025.6
2025-11-17 17:00:00+00:00,4.7,75,0.6,0,0,0,0,1.0,0.0,0.0,1.0,9.2,20.2,0.0,1026.1
2025-11-17 18:00:00+00:00,3.6,80,0.5,0,0,0,0,0.0,0.0,0.0,0.0,9.4,20.2,0.0,1026.4
2025-11-17 19:00:00+00:00,2.6,84,0.1,0,0,0,0,0.0,0.0,0.0,0.0,9.8,16.2,0.0,1027.0
2025-11-17 20:00:00+00:00,1.7,88,-0.1,0,0,0,0,0.0,0.0,0.0,0.0,9.0,14.8,0.0,1027.1
2025-11-17 21:00:00+00:00,1.0,90,-0.4,0,0,0,0,0.0,0.0,0.0,0.0,7.8,13.3,0.0,1026.9
2025-11-17 22:00:00+00:00,-0.0,92,-1.1,2,2,0,0,0.0,0.0,0.0,0.0,6.9,11.9,0.0,1027.1
2025-11-17 23:00:00+00:00,-0.9,94,-1.7,3,3,0,0,0.0,0.0,0.0,0.0,5.9,11.5,0.0,1027.0
2025-11-18 00:00:00+00:00,-1.3,95,-2.0,3,3,0,0,0.0,0.0,0.0,0.0,6.4,11.5,0.0,1026.3
2025-11-18 01:00:00+00:00,-1.5,95,-2.2,3,3,0,0,0.0,0.0,0.0,0.0,5.6,11.5,0.0,1025.8
2025-11-18 02:00:00+00:00,-1.5,95,-2.2,3,3,0,0,0.0,0.0,0.0,0.0,6.5,11.5,0.0,1025.4
2025-11-18 03:00:00+00:00,-1.5,95,-2.2,44,10,1,38,0.0,0.0,0.0,0.0,7.1,12.6,0.0,1025.0
2025-11-18 04:00:00+00:00,-1.6,95,-2.3,51,24,8,36,0.0,0.0,0.0,0.0,8.1,13.7,0.0,1024.1
2025-11-18 05:00:00+00:00,-1.0,94,-1.9,57,47,28,12,0.0,0.0,0.0,0.0,9.0,14.4,0.0,1023.6
2025-11-18 06:00:00+00:00,-0.2,94,-1.0,80,75,63,5,0.0,0.0,0.0,0.0,9.0,15.1,0.0,1023.0
2025-11-18 07:00:00+00:00,0.9,92,-0.3,98,98,85,2,0.0,0.0,0.0,0.0,9.9,16.2,0.0,1022.4
2025-11-18 08:00:00+00:00,2.0,90,0.5,99,98,90,0,3.0,0.0,0.0,3.0,10.5,18.0,0.0,1022.0
2025-11-18 09:00:00+00:00,3.1,88,1.3,98,97,78,2,28.0,0.0,0.0,28.0,12.2,21.2,0.0,1021.3
2025-11-18 10:00:00+00:00,4.0,86,1.8,99,99,75,6,40.0,0.0,0.0,40.0,11.4,25.2,0.0,1020.7
2025-11-18 11:00:00+00:00,5.7,82,3.0,99,99,45,0,73.0,12.0,40.3,61.0,13.0,27.7,0.0,1019.6
2025-11-18 12:00:00+00:00,6.8,83,4.2,98,97,30,0,125.0,49.0,147.6,76.0,15.1,30.2,0.0,1018.3
2025-11-18 13:00:00+00:00,7.9,81,4.9,84,83,17,0,152.0,65.0,199.5,87.0,16.3,32.4,0.0,1017.0
2025-11-18 14:00:00+00:00,8.6,77,4.8,86,82,30,0,184.0,111.0,396.4,73.0,12.5,32.0,0.0,1015.8
2025-11-18 15:00:00+00:00,8.3,79,4.9,91,83,67,0,121.0,61.0,308.7,60.0,12.1,27.4,0.0,1014.9
2025-11-18 16:00:00+00:00,7.6,82,4.8,79,44,76,0,35.0,13.0,147.3,22.0,13.3,27.4,0.0,1013.8
2025-11-18 17:00:00+00:00,7.2,84,4.7,43,27,37,0,0.0,0.0,0.0,0.0,15.1,29.5,0.0,1013.3
2025-11-18 18:00:00+00:00,6.6,87,4.5,29,23,21,0,0.0,0.0,0.0,0.0,15.2,29.2,0.0,1012.7
2025-11-18 19:00:00+00:00,5.7,91,4.3,25,13,24,0,0.0,0.0,0.0,0.0,14.9,25.9,0.0,1012.3
2025-11-18 20:00:00+00:00,5.3,94,4.4,11,5,11,0,0.0,0.0,0.0,0.0,14.8,25.9,0.0,1011.7
2025-11-18 21:00:00+00:00,4.9,94,4.1,21,14,13,0,0.0,0.0,0.0,0.0,15.4,27.0,0.0,1011.2
2025-11-18 22:00:00+00:00,5.0,94,4.1,39,24,27,0,0.0,0.0,0.0,0.0,16.3,28.4,0.0,1010.6
2025-11-18 23:00:00+00:00,5.4,93,4.4,33,21,25,0,0.0,0.0,0.0,0.0,17.3,29.5,0.0,1009.8
2025-11-19 00:00:00+00:00,5.4,93,4.3,29,20,26,0,0.0,0.0,0.0,0.0,17.1,28.8,0.0,1009.0
2025-11-19 01:00:00+00:00,5.4,93,4.3,22,13,18,0,0.0,0.0,0.0,0.0,16.4,28.4,0.0,1008.1
2025-11-19 02:00:00+00:00,5.3,93,4.2,29,17,26,0,0.0,0.0,0.0,0.0,16.6,28.4,0.0,1007.0
2025-11-19 03:00:00+00:00,5.3,92,4.2,23,5,22,0,0.0,0.0,0.0,0.0,17.6,29.9,0.0,1006.4
2025-11-19 04:00:00+00:00,5.2,90,3.7,48,46,6,0,0.0,0.0,0.0,0.0,19.6,34.6,0.0,1005.8
2025-11-19 05:00:00+00:00,5.0,87,3.1,70,69,4,0,0.0,0.0,0.0,0.0,21.4,40.3,0.0,1006.1
2025-11-19 06:00:00+00:00,5.0,85,2.7,92,92,1,0,0.0,0.0,0.0,0.0,22.7,45.0,0.0,1006.4
2025-11-19 07:00:00+00:00,4.5,85,2.3,98,98,10,0,0.0,0.0,0.0,0.0,24.4,46.1,0.0,1006.8
2025-11-19 08:00:00+00:00,3.8,88,1.9,93,83,58,13,3.0,0.0,0.0,3.0,24.9,44.3,0.2,1007.6
2025-11-19 09:00:00+00:00,3.2,90,1.7,93,63,82,45,52.0,13.0,111.1,39.0,25.1,45.0,0.8,1008.5
2025-11-19 10:00:00+00:00,2.9,95,2.2,89,42,82,66,101.0,29.0,130.7,72.0,24.9,50.4,0.3,1009.4
2025-11-19 11:00:00+00:00,4.1,87,2.2,97,43,91,83,160.0,36.0,122.5,124.0,33.3,56.9,0.1,1010.0
2025-11-19 12:00:00+00:00,4.6,81,1.6,80,35,77,37,198.0,57.0,173.8,141.0,33.0,60.1,0.0,1010.1
2025-11-19 13:00:00+00:00,5.1,77,1.4,62,45,36,0,244.0,124.0,384.9,120.0,32.3,58.7,0.0,1010.7
2025-11-19 14:00:00+00:00,5.2,72,0.7,16,16,0,0,216.0,122.0,441.2,94.0,28.5,55.1,0.0,1011.3
2025-11-19 15:00:00+00:00,4.9,72,0.2,20,20,0,0,154.0,102.0,524.9,52.0,27.3,49.3,0.0,1012.1
2025-11-19 16:00:00+00:00,4.3,69,-0.8,13,13,0,0,52.0,28.0,323.5,24.0,24.0,45.0,0.0,1012.6
2025-11-19 17:00:00+00:00,3.2,70,-1.7,10,10,0,0,0.0,0.0,0.0,0.0,22.7,43.2,0.0,1013.3
2025-11-19 18:00:00+00:00,2.6,71,-2.1,1,1,0,0,0.0,0.0,0.0,0.0,21.9,41.0,0.0,1014.0
2025-11-19 19:00:00+00:00,2.1,72,-2.4,0,0,0,0,0.0,0.0,0.0,0.0,20.8,38.2,0.0,1014.5
2025-11-19 20:00:00+00:00,1.6,73,-2.7,0,0,0,0,0.0,0.0,0.0,0.0,19.9,36.4,0.0,1014.8
2025-11-19 21:00:00+00:00,0.8,75,-3.1,0,0,0,0,0.0,0.0,0.0,0.0,19.6,35.6,0.0,1014.9
2025-11-19 22:00:00+00:00,0.3,78,-3.1,0,0,0,0,0.0,0.0,0.0,0.0,19.3,34.9,0.0,1015.1
2025-11-19 23:00:00+00:00,-0.1,79,-3.3,0,0,0,0,0.0,0.0,0.0,0.0,18.8,33.8,0.0,1015.3
2025-11-20 00:00:00+00:00,-0.4,80,-3.5,0,0,0,0,0.0,0.0,0.0,0.0,17.6,32.4,0.0,1015.5
2025-11-20 01:00:00+00:00,-0.7,81,-3.6,0,0,0,0,0.0,0.0,0.0,0.0,17.3,31.0,0.0,1015.2
2025-11-20 02:00:00+00:00,-0.9,80,-3.8,0,0,0,0,0.0,0.0,0.0,0.0,17.2,29.5,0.0,1015.2
2025-11-20 03:00:00+00:00,-1.1,81,-3.9,0,0,0,0,0.0,0.0,0.0,0.0,17.2,28.1,0.0,1015.3
2025-11-20 04:00:00+00:00,-1.4,83,-3.9,0,0,0,0,0.0,0.0,0.0,0.0,16.9,26.6,0.0,1015.0
2025-11-20 05:00:00+00:00,-1.5,84,-3.9,0,0,0,0,0.0,0.0,0.0,0.0,16.6,25.6,0.0,1015.2
2025-11-20 06:00:00+00:00,-1.7,84,-4.0,0,0,0,0,0.0,0.0,0.0,0.0,15.9,25.2,0.0,1015.2
2025-11-20 07:00:00+00:00,-1.9,85,-4.0,0,0,0,0,0.0,0.0,0.0,0.0,15.5,27.0,0.0,1015.4
2025-11-20 08:00:00+00:00,-1.6,85,-3.7,0,0,0,0,5.0,2.0,38.2,3.0,15.8,27.7,0.0,1015.8
2025-11-20 09:00:00+00:00,-0.2,82,-2.9,0,0,0,0,82.0,50.0,442.0,32.0,16.8,29.2,0.0,1016.0
2025-11-20 10:00:00+00:00,1.7,77,-1.9,91,3,91,0,187.0,135.0,619.5,52.0,15.0,31.0,0.0,1016.3
2025-11-20 11:00:00+00:00,3.1,72,-1.4,64,0,60,17,267.0,204.0,703.6,63.0,15.9,34.9,0.0,1016.2
2025-11-20 12:00:00+00:00,4.1,68,-1.4,65,3,64,21,303.0,236.0,727.8,67.0,16.2,37.8,0.0,1015.9
2025-11-20 13:00:00+00:00,4.6,66,-1.2,86,19,83,60,292.0,221.0,693.8,71.0,18.3,38.9,0.0,1015.8
2025-11-20 14:00:00+00:00,4.7,65,-1.3,95,16,95,2,231.0,171.0,626.0,60.0,19.4,37.1,0.0,1015.9
2025-11-20 15:00:00+00:00,4.3,68,-1.2,100,7,99,35,154.0,103.0,538.7,51.0,18.0,32.8,0.0,1016.2
2025-11-20 16:00:00+00:00,3.6,69,-1.5,92,2,89,42,50.0,28.0,329.7,22.0,16.7,29.9,0.0,1016.7
2025-11-20 17:00:00+00:00,2.7,73,-1.6,54,0,54,8,0.0,0.0,0.0,0.0,16.9,28.4,0.0,1017.3
2025-11-20 18:00:00+00:00,1.9,77,-1.7,27,0,27,2,0.0,0.0,0.0,0.0,17.3,28.1,0.0,1017.8
2025-11-20 19:00:00+00:00,1.3,79,-2.0,4,0,4,0,0.0,0.0,0.0,0.0,17.9,31.7,0.0,1018.5
2025-11-20 20:00:00+00:00,1.0,79,-2.2,0,0,0,0,0.0,0.0,0.0,0.0,18.1,32.0,0.0,1019.1
2025-11-20 21:00:00+00:00,0.5,81,-2.3,0,0,0,0,0.0,0.0,0.0,0.0,18.2,31.7,0.0,1019.7
2025-11-20 22:00:00+00:00,0.8,80,-2.3,0,0,0,0,0.0,0.0,0.0,0.0,16.1,32.0,0.0,1020.5
2025-11-20 23:00:00+00:00,0.6,81,-2.4,0,0,0,0,0.0,0.0,0.0,0.0,16.3,31.7,0.0,1020.8
2025-11-21 00:00:00+00:00,0.2,82,-2.6,4,0,1,3,0.0,0.0,0.0,0.0,17.1,31.7,0.0,1021.8
2025-11-21 01:00:00+00:00,0.0,83,-2.6,2,1,1,0,0.0,0.0,0.0,0.0,17.7,31.0,0.0,1021.6
2025-11-21 02:00:00+00:00,-0.4,86,-2.4,1,1,0,0,0.0,0.0,0.0,0.0,16.6,29.5,0.0,1022.9
2025-11-21 03:00:00+00:00,-0.4,88,-2.1,4,4,0,0,0.0,0.0,0.0,0.0,16.1,28.4,0.0,1022.6
2025-11-21 04:00:00+00:00,-0.8,91,-2.2,2,2,0,0,0.0,0.0,0.0,0.0,16.6,28.8,0.0,1023.4
2025-11-21 05:00:00+00:00,-0.9,91,-2.2,3,3,0,0,0.0,0.0,0.0,0.0,17.1,29.5,0.0,1024.2
2025-11-21 06:00:00+00:00,-1.0,92,-2.2,4,4,0,0,0.0,0.0,0.0,0.0,16.8,29.2,0.0,1024.8
2025-11-21 07:00:00+00:00,-1.2,92,-2.3,6,6,0,0,0.0,0.0,0.0,0.0,15.4,27.7,0.0,1026.0
2025-11-21 08:00:00+00:00,-1.4,93,-2.3,5,5,0,0,4.0,1.0,19.1,3.0,14.6,25.9,0.0,1026.6
2025-11-21 09:00:00+00:00,-0.2,92,-1.3,3,3,0,0,77.0,45.0,411.6,32.0,14.5,25.2,0.0,1027.4
2025-11-21 10:00:00+00:00,1.6,86,-0.5,4,4,0,0,179.0,125.0,583.8,54.0,12.4,26.3,0.0,1027.8
2025-11-21 11:00:00+00:00,3.2,82,0.4,2,2,0,0,261.0,198.0,691.9,63.0,11.6,26.6,0.0,1028.2
2025-11-21 12:00:00+00:00,4.6,77,0.9,3,3,0,0,298.0,228.0,711.1,70.0,9.5,23.4,0.0,1028.1
2025-11-21 13:00:00+00:00,5.8,73,1.2,0,0,0,0,290.0,219.0,695.1,71.0,7.6,19.8,0.0,1027.9
2025-11-21 14:00:00+00:00,6.3,69,1.0,45,0,0,45,243.0,183.0,678.0,60.0,7.7,17.3,0.0,1028.2
2025-11-21 15:00:00+00:00,5.9,71,1.0,10,0,0,10,153.0,105.0,557.9,48.0,4.1,6.5,0.0,1028.3
2025-11-21 16:00:00+00:00,5.2,71,0.4,8,0,0,8,49.0,27.0,323.9,22.0,5.5,7.2,0.0,1028.3
2025-11-21 17:00:00+00:00,0.9,85,-1.3,5,0,0,5,0.0,0.0,0.0,0.0,7.5,11.5,0.0,1028.6
2025-11-21 18:00:00+00:00,-0.2,88,-1.9,5,0,0,5,0.0,0.0,0.0,0.0,8.0,13.0,0.0,1028.8
2025-11-21 19:00:00+00:00,-0.7,91,-2.0,54,0,0,54,0.0,0.0,0.0,0.0,9.6,13.7,0.0,1029.1
2025-11-21 20:00:00+00:00,-0.8,93,-1.8,78,0,1,78,0.0,0.0,0.0,0.0,9.4,11.9,0.0,1028.9
2025-11-21 21:00:00+00:00,-1.4,94,-2.2,100,0,1,100,0.0,0.0,0.0,0.0,9.3,12.6,0.0,1028.7
2025-11-21 22:00:00+00:00,-0.3,92,-1.4,100,0,6,100,0.0,0.0,0.0,0.0,8.8,14.4,0.0,1027.9
2025-11-21 23:00:00+00:00,0.4,92,-0.7,100,3,39,100,0.0,0.0,0.0,0.0,10.9,16.9,0.0,1027.4
2025-11-22 00:00:00+00:00,0.7,90,-0.8,100,23,92,100,0.0,0.0,0.0,0.0,11.4,18.4,0.0,1026.9
2025-11-22 01:00:00+00:00,1.6,86,-0.5,100,37,99,100,0.0,0.0,0.0,0.0,11.4,20.2,0.0,1026.2
2025-11-22 02:00:00+00:00,3.3,79,0.1,100,41,99,100,0.0,0.0,0.0,0.0,12.7,24.5,0.0,1025.5
2025-11-22 03:00:00+00:00,4.2,76,0.3,100,52,100,99,0.0,0.0,0.0,0.0,14.1,29.2,0.0,1024.7
2025-11-22 04:00:00+00:00,5.3,75,1.1,100,25,100,99,0.0,0.0,0.0,0.0,16.7,32.0,0.0,1023.7
2025-11-22 05:00:00+00:00,6.1,75,2.0,100,28,100,93,0.0,0.0,0.0,0.0,19.2,34.9,0.0,1022.7
2025-11-22 06:00:00+00:00,6.6,80,3.4,100,56,87,96,0.0,0.0,0.0,0.0,20.9,37.4,0.0,1022.1
2025-11-22 07:00:00+00:00,7.0,86,4.8,99,52,95,96,0.0,0.0,0.0,0.0,22.2,40.3,0.3,1021.2
2025-11-22 08:00:00+00:00,7.2,88,5.4,100,48,98,97,1.0,0.0,0.0,1.0,24.1,43.9,0.2,1020.8
2025-11-22 09:00:00+00:00,7.6,90,6.0,100,74,79,98,16.0,0.0,0.0,16.0,24.9,47.9,1.3,1020.0
2025-11-22 10:00:00+00:00,8.3,88,6.4,100,94,47,97,53.0,5.0,23.8,48.0,24.7,51.1,0.4,1019.2
2025-11-22 11:00:00+00:00,8.4,89,6.8,100,90,56,98,37.0,0.0,0.0,37.0,27.7,55.4,0.9,1018.5
2025-11-22 12:00:00+00:00,8.6,90,7.1,100,100,80,97,54.0,0.0,0.0,54.0,27.3,54.4,0.7,1017.1
2025-11-22 13:00:00+00:00,8.5,90,6.9,100,100,93,97,52.0,0.0,0.0,52.0,26.6,52.9,1.7,1015.9
2025-11-22 14:00:00+00:00,8.6,89,6.9,100,100,95,97,37.0,0.0,0.0,37.0,25.3,50.8,1.2,1014.9
2025-11-22 15:00:00+00:00,8.6,92,7.3,100,100,96,90,13.0,0.0,0.0,13.0,26.0,51.5,1.2,1013.6
2025-11-22 16:00:00+00:00,8.5,94,7.6,100,100,92,79,4.0,0.0,0.0,4.0,26.5,52.2,0.9,1012.6
2025-11-22 17:00:00+00:00,8.4,96,7.8,100,100,85,54,0.0,0.0,0.0,0.0,26.3,49.7,0.6,1011.9
2025-11-22 18:00:00+00:00,9.2,95,8.5,100,100,89,16,0.0,0.0,0.0,0.0,23.0,38.5,0.3,1010.6
2025-11-22 19:00:00+00:00,9.7,96,9.1,100,100,83,12,0.0,0.0,0.0,0.0,11.6,22.7,0.4,1009.7
2025-11-22 20:00:00+00:00,8.8,99,8.6,97,93,38,58,0.0,0.0,0.0,0.0,9.0,18.7,0.1,1009.3
2025-11-22 21:00:00+00:00,8.1,98,7.7,99,69,54,53,0.0,0.0,0.0,0.0,14.8,23.8,0.0,1009.4
2025-11-22 22:00:00+00:00,7.7,97,7.3,74,51,33,5,0.0,0.0,0.0,0.0,16.0,27.0,0.0,1009.3
2025-11-22 23:00:00+00:00,6.6,97,6.1,35,20,17,0,0.0,0.0,0.0,0.0,12.3,22.3,0.0,1009.2
2025-11-23 00:00:00+00:00,5.5,97,5.0,21,8,15,0,0.0,0.0,0.0,0.0,8.2,18.0,0.0,1009.3
2025-11-23 01:00:00+00:00,4.6,97,4.1,5,3,1,1,0.0,0.0,0.0,0.0,6.5,15.5,0.0,1008.7
2025-11-23 02:00:00+00:00,3.9,98,3.5,49,2,17,42,0.0,0.0,0.0,0.0,8.4,15.1,0.0,1008.0
2025-11-23 03:00:00+00:00,4.8,98,4.5,100,32,68,99,0.0,0.0,0.0,0.0,11.5,20.5,0.3,1007.1
2025-11-23 04:00:00+00:00,6.6,96,6.0,83,25,56,70,0.0,0.0,0.0,0.0,16.1,23.0,0.4,1005.1
2025-11-23 05:00:00+00:00,8.8,93,7.7,100,100,100,66,0.0,0.0,0.0,0.0,22.7,37.8,0.4,1003.2
2025-11-23 06:00:00+00:00,10.0,93,9.0,100,100,98,80,0.0,0.0,0.0,0.0,26.9,50.4,0.4,1001.4
2025-11-23 07:00:00+00:00,10.6,97,10.2,100,98,56,83,0.0,0.0,0.0,0.0,24.5,46.1,1.2,1000.1
2025-11-23 08:00:00+00:00,10.5,98,10.1,83,44,29,63,1.0,0.0,0.0,1.0,23.3,43.2,0.2,1000.1
2025-11-23 09:00:00+00:00,9.6,88,7.8,82,25,27,74,34.0,12.0,117.6,22.0,23.1,43.9,0.0,1000.5
2025-11-23 10:00:00+00:00,9.6,85,7.2,79,16,5,74,129.0,61.0,294.9,68.0,21.8,42.5,0.0,1001.0
2025-11-23 11:00:00+00:00,9.7,79,6.3,49,5,0,47,187.0,100.0,358.4,87.0,19.4,38.9,0.0,1000.9
2025-11-23 12:00:00+00:00,9.8,76,5.8,39,24,0,20,208.0,112.0,357.1,96.0,21.3,39.6,0.0,1000.7
2025-11-23 13:00:00+00:00,10.1,72,5.2,38,11,0,31,221.0,131.0,424.6,90.0,20.2,42.8,0.0,1000.3
2025-11-23 14:00:00+00:00,10.1,71,5.0,11,10,0,1,186.0,107.0,405.6,79.0,20.0,42.1,0.0,999.7
2025-11-23 15:00:00+00:00,9.6,73,4.9,23,23,3,0,131.0,84.0,460.0,47.0,20.1,42.1,0.0,999.5
2025-11-23 16:00:00+00:00,8.4,76,4.5,29,28,5,0,38.0,22.0,273.3,16.0,19.1,37.1,0.0,999.4
2025-11-23 17:00:00+00:00,7.5,79,4.0,26,24,16,0,0.0,0.0,0.0,0.0,18.6,34.6,0.0,999.2
2025-11-23 18:00:00+00:00,6.9,82,4.0,32,26,16,5,0.0,0.0,0.0,0.0,17.9,33.8,0.0,999.1
2025-11-23 19:00:00+00:00,6.3,85,4.0,47,23,22,18,0.0,0.0,0.0,0.0,17.2,30.2,0.0,998.8
2025-11-23 20:00:00+00:00,5.8,87,3.8,59,20,16,41,0.0,0.0,0.0,0.0,16.8,30.2,0.0,998.5
2025-11-23 21:00:00+00:00,5.7,86,3.6,72,14,31,61,0.0,0.0,0.0,0.0,17.4,30.6,0.0,998.0
2025-11-23 22:00:00+00:00,5.7,89,4.0,44,10,21,26,0.0,0.0,0.0,0.0,17.9,32.0,0.0,997.4
2025-11-23 23:00:00+00:00,5.7,89,4.0,27,3,13,15,0.0,0.0,0.0,0.0,17.3,33.1,0.0,996.9
2025-11-24 00:00:00+00:00,5.7,89,4.0,41,9,36,0,0.0,0.0,0.0,0.0,16.9,33.1,0.0,996.3
2025-11-24 01:00:00+00:00,6.1,87,4.1,24,15,15,0,0.0,0.0,0.0,0.0,18.1,32.4,0.0,995.5
2025-11-24 02:00:00+00:00,5.7,88,3.8,29,17,21,1,0.0,0.0,0.0,0.0,17.5,31.3,0.0,994.5
2025-11-24 03:00:00+00:00,5.7,86,3.5,40,4,32,21,0.0,0.0,0.0,0.0,16.7,31.3,0.0,993.6
2025-11-24 04:00:00+00:00,5.9,84,3.5,76,21,63,67,0.0,0.0,0.0,0.0,17.9,32.8,0.0,992.6
2025-11-24 05:00:00+00:00,6.4,82,3.5,94,32,58,88,0.0,0.0,0.0,0.0,20.0,36.0,0.2,991.6
2025-11-24 06:00:00+00:00,6.5,86,4.3,98,51,58,90,0.0,0.0,0.0,0.0,20.0,34.9,0.5,990.9
2025-11-24 07:00:00+00:00,6.8,90,5.2,100,98,23,89,0.0,0.0,0.0,0.0,17.6,31.7,0.1,990.1
2025-11-24 08:00:00+00:00,6.7,91,5.4,100,98,14,79,2.0,0.0,0.0,2.0,14.4,24.8,0.0,989.8
2025-11-24 09:00:00+00:00,6.8,92,5.7,99,99,26,45,51.0,15.0,152.3,36.0,13.7,23.0,0.0,989.8
2025-11-24 10:00:00+00:00,7.5,90,6.0,81,69,33,29,124.0,55.0,270.6,69.0,15.8,25.9,0.0,990.3
2025-11-24 11:00:00+00:00,8.1,85,5.8,76,76,12,0,159.0,73.0,264.9,86.0,19.4,36.4,0.1,990.8
2025-11-24 12:00:00+00:00,7.9,85,5.5,96,96,0,0,125.0,24.0,77.3,101.0,19.6,38.2,0.0,991.5
2025-11-24 13:00:00+00:00,7.4,85,5.0,98,98,0,0,79.0,3.0,9.8,76.0,19.1,37.4,0.0,992.3
2025-11-24 14:00:00+00:00,7.5,81,4.5,99,99,1,0,112.0,18.0,69.0,94.0,19.2,40.0,0.0,993.6
2025-11-24 15:00:00+00:00,7.4,81,4.3,98,98,0,0,86.0,27.0,150.0,59.0,19.9,37.4,0.0,994.7
2025-11-24 16:00:00+00:00,7.4,82,4.6,82,81,15,0,24.0,9.0,113.7,15.0,19.6,36.0,0.0,996.1
2025-11-24 17:00:00+00:00,7.3,84,4.7,73,69,34,0,0.0,0.0,0.0,0.0,21.0,39.6,0.0,997.1
2025-11-24 18:00:00+00:00,7.7,82,4.8,61,60,6,0,0.0,0.0,0.0,0.0,23.6,45.7,0.0,998.7
2025-11-24 19:00:00+00:00,7.7,78,4.1,46,46,0,0,0.0,0.0,0.0,0.0,24.9,46.1,0.0,1000.1
2025-11-24 20:00:00+00:00,7.2,77,3.4,27,27,0,0,0.0,0.0,0.0,0.0,24.6,45.7,0.0,1001.6
2025-11-24 21:00:00+00:00,6.9,76,2.9,12,12,0,0,0.0,0.0,0.0,0.0,24.1,43.9,0.0,1002.6
2025-11-24 22:00:00+00:00,6.2,79,2.7,13,13,0,0,0.0,0.0,0.0,0.0,24.5,43.2,0.0,1004.1
2025-11-24 23:00:00+00:00,6.0,78,2.5,13,13,0,0,0.0,0.0,0.0,0.0,23.3,42.8,0.0,1005.4
2025-11-25 00:00:00+00:00,5.7,79,2.4,19,19,0,0,0.0,0.0,0.0,0.0,22.4,42.5,0.0,1006.2
2025-11-25 01:00:00+00:00,5.3,81,2.3,0,0,0,0,0.0,0.0,0.0,0.0,22.1,41.8,0.0,1007.0
2025-11-25 02:00:00+00:00,5.0,81,2.0,4,0,0,4,0.0,0.0,0.0,0.0,21.9,40.0,0.0,1007.7
2025-11-25 03:00:00+00:00,4.7,83,2.1,4,0,4,0,0.0,0.0,0.0,0.0,21.4,38.5,0.0,1008.6
2025-11-25 04:00:00+00:00,4.1,86,1.9,13,0,13,0,0.0,0.0,0.0,0.0,20.3,38.2,0.0,1009.4
2025-11-25 05:00:00+00:00,3.8,88,1.9,37,0,37,0,0.0,0.0,0.0,0.0,19.6,37.8,0.0,1010.3
2025-11-25 06:00:00+00:00,3.6,89,1.9,27,0,27,0,0.0,0.0,0.0,0.0,19.0,37.1,0.0,1011.3
2025-11-25 07:00:00+00:00,3.5,90,2.0,31,0,31,0,0.0,0.0,0.0,0.0,18.7,33.5,0.0,1012.1
2025-11-25 08:00:00+00:00,3.3,91,1.9,19,3,17,0,2.0,0.0,0.0,2.0,18.4,32.8,0.0,1013.2
2025-11-25 09:00:00+00:00,3.9,89,2.2,17,3,15,0,59.0,30.0,315.7,29.0,18.9,34.2,0.0,1014.1
2025-11-25 10:00:00+00:00,5.3,83,2.7,15,3,12,0,157.0,104.0,520.5,53.0,16.8,35.6,0.0,1015.1
2025-11-25 11:00:00+00:00,6.6,76,2.7,20,20,2,0,232.0,168.0,617.4,64.0,19.6,44.6,0.0,1015.5
2025-11-25 12:00:00+00:00,7.0,74,2.6,64,64,0,0,232.0,136.0,442.8,96.0,21.7,42.5,0.0,1015.7
2025-11-25 13:00:00+00:00,7.5,71,2.5,73,73,0,0,248.0,162.0,535.8,86.0,21.5,42.1,0.0,1015.8
2025-11-25 14:00:00+00:00,7.5,69,2.2,55,55,0,0,188.0,106.0,410.7,82.0,20.0,38.9,0.0,1016.4
2025-11-25 15:00:00+00:00,7.0,70,1.9,19,19,0,0,123.0,74.0,416.9,49.0,16.9,31.7,0.0,1017.0
2025-11-25 16:00:00+00:00,6.1,73,1.5,16,16,0,0,35.0,17.0,218.4,18.0,14.8,26.6,0.0,1017.7
2025-11-25 17:00:00+00:00,4.9,76,1.1,12,12,0,0,0.0,0.0,0.0,0.0,13.9,24.8,0.0,1018.5
2025-11-25 18:00:00+00:00,4.0,81,1.0,7,7,0,0,0.0,0.0,0.0,0.0,13.8,24.5,0.0,1019.3
2025-11-25 19:00:00+00:00,3.6,83,1.0,2,2,0,0,0.0,0.0,0.0,0.0,14.3,25.2,0.0,1020.1
2025-11-25 20:00:00+00:00,3.1,87,1.1,3,3,0,0,0.0,0.0,0.0,0.0,14.7,25.6,0.0,1021.0
2025-11-25 21:00:00+00:00,2.6,89,0.9,0,0,0,0,0.0,0.0,0.0,0.0,13.9,24.5,0.0,1021.3
2025-11-25 22:00:00+00:00,1.9,90,0.4,0,0,0,0,0.0,0.0,0.0,0.0,13.3,22.3,0.0,1021.6
2025-11-25 23:00:00+00:00,1.6,92,0.4,0,0,0,0,0.0,0.0,0.0,0.0,12.1,20.2,0.0,1022.0
2025-11-26 00:00:00+00:00,1.1,92,-0.0,0,0,0,0,0.0,0.0,0.0,0.0,11.4,19.1,0.0,1022.1
2025-11-26 01:00:00+00:00,0.8,92,-0.3,0,0,0,0,0.0,0.0,0.0,0.0,10.8,17.6,0.0,1022.0
2025-11-26 02:00:00+00:00,-0.0,94,-0.9,2,0,0,2,0.0,0.0,0.0,0.0,11.1,17.6,0.0,1022.6
2025-11-26 03:00:00+00:00,-0.5,94,-1.3,13,0,0,13,0.0,0.0,0.0,0.0,10.3,17.6,0.0,1022.9
2025-11-26 04:00:00+00:00,-1.2,95,-1.9,41,1,4,40,0.0,0.0,0.0,0.0,7.8,15.1,0.0,1022.9
2025-11-26 05:00:00+00:00,-1.7,95,-2.4,83,2,39,78,0.0,0.0,0.0,0.0,6.5,11.2,0.0,1023.1
2025-11-26 06:00:00+00:00,-2.4,96,-3.0,65,3,64,0,0.0,0.0,0.0,0.0,6.5,11.5,0.0,1023.4
2025-11-26 07:00:00+00:00,-2.8,96,-3.3,3,3,0,0,0.0,0.0,0.0,0.0,7.7,11.5,0.0,1023.5
2025-11-26 08:00:00+00:00,-2.6,97,-3.0,23,23,0,0,1.0,0.0,0.0,1.0,6.5,9.7,0.0,1023.9
2025-11-26 09:00:00+00:00,-1.5,99,-1.7,100,100,0,0,57.0,30.0,327.6,27.0,4.8,10.4,0.0,1024.4
2025-11-26 10:00:00+00:00,1.0,95,0.4,62,45,0,32,146.0,81.0,412.5,65.0,0.5,10.1,0.0,1024.2
2025-11-26 11:00:00+00:00,3.4,93,2.3,90,12,0,89,211.0,131.0,487.4,80.0,3.9,13.3,0.0,1024.1
2025-11-26 12:00:00+00:00,5.6,86,3.4,0,0,0,0,262.0,182.0,598.8,80.0,7.3,17.6,0.0,1023.3
2025-11-26 13:00:00+00:00,7.2,81,4.2,58,0,7,56,265.0,200.0,668.1,65.0,9.7,21.2,0.0,1023.0
2025-11-26 14:00:00+00:00,7.8,77,4.1,60,0,17,55,208.0,134.0,524.6,74.0,11.0,22.3,0.0,1022.4
2025-11-26 15:00:00+00:00,7.5,78,4.0,96,8,49,91,91.0,33.0,188.5,58.0,11.7,22.0,0.0,1021.8
2025-11-26 16:00:00+00:00,7.2,77,3.5,85,60,82,0,20.0,2.0,26.1,18.0,12.5,21.2,0.0,1021.3
2025-11-26 17:00:00+00:00,7.3,77,3.5,100,100,97,1,0.0,0.0,0.0,0.0,14.5,23.8,0.0,1021.0
2025-11-26 18:00:00+00:00,8.0,79,4.6,100,100,96,1,0.0,0.0,0.0,0.0,16.5,28.1,0.1,1020.6
2025-11-26 19:00:00+00:00,8.7,86,6.5,100,100,100,7,0.0,0.0,0.0,0.0,18.3,33.5,0.0,1020.0
2025-11-26 20:00:00+00:00,9.3,91,7.9,100,100,100,91,0.0,0.0,0.0,0.0,20.4,37.1,0.1,1019.5
2025-11-26 21:00:00+00:00,9.8,92,8.6,100,100,99,97,0.0,0.0,0.0,0.0,21.3,39.2,0.3,1018.8
2025-11-26 22:00:00+00:00,10.3,95,9.5,100,100,99,99,0.0,0.0,0.0,0.0,20.8,39.2,0.5,1018.5
2025-11-26 23:00:00+00:00,10.7,96,10.0,100,100,99,96,0.0,0.0,0.0,0.0,21.6,38.2,0.8,1018.1
2025-11-27 00:00:00+00:00,10.8,97,10.3,100,100,100,96,0.0,0.0,0.0,0.0,21.1,36.7,0.8,1017.5
2025-11-27 01:00:00+00:00,11.1,97,10.6,100,99,94,99,0.0,0.0,0.0,0.0,20.7,34.9,0.7,1017.0
2025-11-27 02:00:00+00:00,11.2,97,10.8,100,97,88,100,0.0,0.0,0.0,0.0,20.3,32.8,0.3,1016.8
2025-11-27 03:00:00+00:00,11.2,98,10.8,100,95,63,99,0.0,0.0,0.0,0.0,19.5,29.5,0.1,1016.4
2025-11-27 04:00:00+00:00,11.2,96,10.6,100,98,48,99,0.0,0.0,0.0,0.0,17.6,27.0,0.0,1015.9
2025-11-27 05:00:00+00:00,11.2,95,10.4,100,100,29,96,0.0,0.0,0.0,0.0,16.7,25.9,0.0,1015.7
2025-11-27 06:00:00+00:00,11.0,95,10.2,99,84,4,93,0.0,0.0,0.0,0.0,16.9,26.3,0.0,1015.6
2025-11-27 07:00:00+00:00,10.9,95,10.2,98,52,5,97,0.0,0.0,0.0,0.0,17.2,32.0,0.0,1015.5
2025-11-27 08:00:00+00:00,11.0,94,10.1,99,43,19,97,1.0,0.0,0.0,1.0,18.2,33.5,0.0,1015.9
2025-11-27 09:00:00+00:00,11.4,94,10.4,98,60,2,94,33.0,7.0,79.4,26.0,19.1,34.9,0.0,1015.7
2025-11-27 10:00:00+00:00,12.2,92,11.0,98,85,0,88,81.0,18.0,93.3,63.0,18.9,37.8,0.0,1015.6
2025-11-27 11:00:00+00:00,12.7,93,11.5,100,100,0,91,80.0,15.0,56.5,65.0,20.3,40.0,0.0,1015.1
2025-11-27 12:00:00+00:00,12.9,93,11.8,100,100,2,89,47.0,0.0,0.0,47.0,21.3,41.8,0.0,1014.7
2025-11-27 13:00:00+00:00,13.0,93,11.9,100,100,0,97,42.0,0.0,0.0,42.0,22.7,43.2,0.0,1014.2
2025-11-27 14:00:00+00:00,13.3,92,12.0,100,100,13,95,52.0,0.0,0.0,52.0,24.1,45.0,0.0,1013.9
2025-11-27 15:00:00+00:00,13.1,93,11.9,100,100,40,86,24.0,0.0,0.0,24.0,24.8,44.6,0.0,1013.4
2025-11-27 16:00:00+00:00,12.9,95,12.0,100,100,72,39,5.0,0.0,0.0,5.0,24.5,43.2,0.0,1013.5
2025-11-27 17:00:00+00:00,12.9,96,12.2,100,100,39,27,0.0,0.0,0.0,0.0,23.7,42.8,0.0,1013.1
2025-11-27 18:00:00+00:00,13.1,96,12.4,100,100,11,22,0.0,0.0,0.0,0.0,23.3,44.3,0.0,1013.1
2025-11-27 19:00:00+00:00,13.1,96,12.4,100,100,14,27,0.0,0.0,0.0,0.0,22.9,42.1,0.0,1013.3
2025-11-27 20:00:00+00:00,13.0,96,12.3,100,100,37,1,0.0,0.0,0.0,0.0,22.5,41.8,0.0,1013.4
2025-11-27 21:00:00+00:00,12.9,96,12.2,100,100,55,0,0.0,0.0,0.0,0.0,21.2,39.2,0.0,1013.5
2025-11-27 22:00:00+00:00,12.8,96,12.2,100,100,33,0,0.0,0.0,0.0,0.0,19.7,36.0,0.0,1013.7
2025-11-27 23:00:00+00:00,12.4,97,12.0,98,98,8,0,0.0,0.0,0.0,0.0,17.2,32.0,0.0,1014.0
2025-11-28 00:00:00+00:00,11.6,96,11.1,77,69,0,14,0.0,0.0,0.0,0.0,14.8,28.8,0.0,1014.0
2025-11-28 01:00:00+00:00,10.9,94,9.9,73,39,20,56,0.0,0.0,0.0,0.0,13.8,28.1,0.0,1014.0
2025-11-28 02:00:00+00:00,9.7,92,8.4,65,24,29,40,0.0,0.0,0.0,0.0,13.5,27.7,0.0,1013.9
2025-11-28 03:00:00+00:00,8.9,92,7.7,89,11,58,69,0.0,0.0,0.0,0.0,12.9,26.3,0.0,1014.1
2025-11-28 04:00:00+00:00,8.3,94,7.4,84,6,58,74,0.0,0.0,0.0,0.0,13.9,25.9,0.0,1013.6
2025-11-28 05:00:00+00:00,8.3,96,7.6,76,4,47,64,0.0,0.0,0.0,0.0,14.6,26.6,0.0,1013.4
2025-11-28 06:00:00+00:00,8.6,95,7.9,93,29,70,82,0.0,0.0,0.0,0.0,15.7,28.1,0.0,1013.3
2025-11-28 07:00:00+00:00,9.0,94,8.1,95,46,36,90,0.0,0.0,0.0,0.0,16.3,29.2,0.0,1013.1
2025-11-28 08:00:00+00:00,9.1,92,7.9,98,68,16,96,1.0,0.0,0.0,1.0,17.2,31.0,0.0,1012.9
2025-11-28 09:00:00+00:00,9.8,89,8.1,81,39,12,73,35.0,8.0,92.7,27.0,18.6,34.2,0.0,1012.7
2025-11-28 10:00:00+00:00,10.8,91,9.5,31,11,11,21,109.0,47.0,247.8,62.0,18.6,38.2,0.0,1012.6
2025-11-28 11:00:00+00:00,11.9,85,9.5,27,24,24,0,200.0,132.0,503.1,68.0,19.0,41.4,0.0,1012.1
2025-11-28 12:00:00+00:00,12.4,81,9.2,24,19,20,0,219.0,157.0,527.1,62.0,20.4,40.0,0.0,1011.5
2025-11-28 13:00:00+00:00,12.7,77,8.8,45,25,11,27,234.0,162.0,551.5,72.0,22.3,44.3,0.0,1010.5
2025-11-28 14:00:00+00:00,12.8,76,8.7,91,40,8,86,190.0,127.0,507.3,63.0,26.6,50.0,0.0,1010.1
2025-11-28 15:00:00+00:00,12.4,78,8.6,95,46,23,88,114.0,63.0,369.3,51.0,25.7,47.5,0.0,1010.1
2025-11-28 16:00:00+00:00,11.6,82,8.7,65,52,3,27,28.0,13.0,174.9,15.0,21.5,40.0,0.0,1010.2
2025-11-28 17:00:00+00:00,11.0,86,8.7,79,47,1,61,0.0,0.0,0.0,0.0,18.2,35.3,0.0,1010.4
2025-11-28 18:00:00+00:00,10.2,89,8.4,99,54,39,96,0.0,0.0,0.0,0.0,16.9,29.9,0.0,1010.8
2025-11-28 19:00:00+00:00,9.6,92,8.4,98,59,90,95,0.0,0.0,0.0,0.0,15.5,28.8,0.0,1011.2
2025-11-28 20:00:00+00:00,9.5,92,8.3,100,17,100,99,0.0,0.0,0.0,0.0,15.1,27.4,0.0,1011.0
2025-11-28 21:00:00+00:00,9.5,93,8.4,100,8,96,99,0.0,0.0,0.0,0.0,15.2,27.7,0.0,1010.4
2025-11-28 22:00:00+00:00,10.1,91,8.7,100,10,96,100,0.0,0.0,0.0,0.0,17.8,30.6,0.0,1010.0
2025-11-28 23:00:00+00:00,10.7,88,8.8,100,11,95,100,0.0,0.0,0.0,0.0,20.0,36.7,0.0,1009.0
2025-11-29 00:00:00+00:00,11.0,89,9.2,94,29,63,91,0.0,0.0,0.0,0.0,22.9,43.2,0.0,1008.2
2025-11-29 01:00:00+00:00,11.2,89,9.4,86,59,49,35,0.0,0.0,0.0,0.0,25.6,46.1,0.0,1007.6
2025-11-29 02:00:00+00:00,11.4,89,9.6,99,42,84,90,0.0,0.0,0.0,0.0,25.8,46.4,0.1,1006.3
2025-11-29 03:00:00+00:00,11.5,88,9.6,100,37,100,99,0.0,0.0,0.0,0.0,24.7,46.4,0.1,1005.6
2025-11-29 04:00:00+00:00,11.5,88,9.6,100,58,100,99,0.0,0.0,0.0,0.0,25.8,48.2,0.0,1004.0
2025-11-29 05:00:00+00:00,11.5,89,9.8,100,99,100,98,0.0,0.0,0.0,0.0,31.0,50.8,0.1,1003.4
2025-11-29 06:00:00+00:00,11.6,91,10.1,100,99,100,98,0.0,0.0,0.0,0.0,32.4,52.6,0.2,1002.6
2025-11-29 07:00:00+00:00,11.6,92,10.3,100,100,100,93,0.0,0.0,0.0,0.0,33.1,61.2,1.2,1001.6
2025-11-29 08:00:00+00:00,11.9,92,10.7,100,100,99,94,0.0,0.0,0.0,0.0,32.8,59.4,0.9,1000.7
2025-11-29 09:00:00+00:00,11.4,97,11.0,100,99,99,100,6.0,0.0,0.0,6.0,33.0,57.6,1.1,999.8
2025-11-29 10:00:00+00:00,10.9,94,9.9,100,98,100,100,7.0,0.0,0.0,7.0,24.6,46.4,1.5,999.9
2025-11-29 11:00:00+00:00,10.4,92,9.2,100,67,89,100,30.0,0.0,0.0,30.0,18.8,37.1,1.1,1000.0
2025-11-29 12:00:00+00:00,9.6,90,8.0,100,45,25,96,71.0,1.0,3.4,70.0,19.4,37.1,0.2,1000.3
2025-11-29 13:00:00+00:00,9.2,88,7.2,87,28,8,83,107.0,4.0,13.7,103.0,18.7,34.9,0.0,1000.8
2025-11-29 14:00:00+00:00,9.1,83,6.5,64,25,8,50,129.0,25.0,100.8,104.0,17.7,29.5,0.0,1001.6
2025-11-29 15:00:00+00:00,8.7,81,5.6,39,22,6,24,108.0,48.0,284.8,60.0,16.2,26.6,0.0,1002.0
2025-11-29 16:00:00+00:00,7.2,84,4.6,26,20,0,8,31.0,15.0,204.6,16.0,15.3,22.7,0.0,1002.6
2025-11-29 17:00:00+00:00,6.3,86,4.1,7,4,0,3,0.0,0.0,0.0,0.0,14.6,23.0,0.0,1003.1
2025-11-29 18:00:00+00:00,5.7,87,3.7,2,2,0,0,0.0,0.0,0.0,0.0,15.3,24.1,0.0,1003.7
2025-11-29 19:00:00+00:00,5.1,88,3.3,3,3,0,0,0.0,0.0,0.0,0.0,16.6,29.5,0.0,1004.2
2025-11-29 20:00:00+00:00,4.8,90,3.2,5,5,0,0,0.0,0.0,0.0,0.0,17.1,31.0,0.0,1004.7
2025-11-29 21:00:00+00:00,4.6,90,3.2,4,4,0,0,0.0,0.0,0.0,0.0,17.9,31.7,0.0,1004.9
2025-11-29 22:00:00+00:00,4.6,88,2.9,21,21,0,0,0.0,0.0,0.0,0.0,18.2,33.8,0.0,1005.8
2025-11-29 23:00:00+00:00,4.7,87,2.6,68,68,0,0,0.0,0.0,0.0,0.0,17.9,34.2,0.0,1007.0
2025-11-30 00:00:00+00:00,4.9,86,2.8,97,97,0,0,0.0,0.0,0.0,0.0,17.7,34.6,0.0,1007.8
2025-11-30 01:00:00+00:00,4.7,87,2.8,91,91,0,0,0.0,0.0,0.0,0.0,17.4,33.1,0.0,1008.3
2025-11-30 02:00:00+00:00,4.2,87,2.3,24,24,0,0,0.0,0.0,0.0,0.0,15.7,30.2,0.0,1009.1
2025-11-30 03:00:00+00:00,3.6,87,1.7,18,18,0,0,0.0,0.0,0.0,0.0,15.6,27.0,0.0,1010.3
2025-11-30 04:00:00+00:00,2.8,89,1.2,1,1,0,0,0.0,0.0,0.0,0.0,14.9,24.8,0.0,1011.0
2025-11-30 05:00:00+00:00,2.2,90,0.8,0,0,0,0,0.0,0.0,0.0,0.0,13.5,23.8,0.0,1011.9
2025-11-30 06:00:00+00:00,2.0,91,0.7,0,0,0,0,0.0,0.0,0.0,0.0,13.9,23.0,0.0,1012.7
2025-11-30 07:00:00+00:00,2.0,91,0.7,0,0,0,0,0.0,0.0,0.0,0.0,13.8,24.1,0.0,1013.4
2025-11-30 08:00:00+00:00,1.9,91,0.6,0,0,0,0,0.0,0.0,0.0,0.0,14.1,24.5,0.0,1014.3
2025-11-30 09:00:00+00:00,3.0,90,1.5,0,0,0,0,50.0,28.0,338.2,22.0,13.8,24.5,0.0,1014.9
2025-11-30 10:00:00+00:00,5.2,84,2.7,0,0,0,0,146.0,100.0,545.5,46.0,13.5,25.2,0.0,1015.4
2025-11-30 11:00:00+00:00,7.1,78,3.6,1,1,0,0,224.0,167.0,651.7,57.0,13.2,27.4,0.0,1015.9
2025-11-30 12:00:00+00:00,8.2,74,3.8,0,0,0,0,263.0,201.0,688.1,62.0,13.5,28.8,0.0,1015.7
2025-11-30 13:00:00+00:00,8.9,71,4.0,2,0,2,0,257.0,194.0,672.3,63.0,14.0,27.7,0.0,1015.8
2025-11-30 14:00:00+00:00,8.9,71,4.0,3,1,3,0,210.0,154.0,626.7,56.0,12.7,23.8,0.0,1015.7
2025-11-30 15:00:00+00:00,8.3,74,3.9,3,1,2,0,130.0,87.0,522.3,43.0,12.5,19.1,0.0,1015.8
2025-11-30 16:00:00+00:00,6.4,79,3.1,19,8,5,11,35.0,20.0,276.6,15.0,10.4,18.7,0.0,1015.8
2025-11-30 17:00:00+00:00,5.1,85,2.9,98,14,4,98,0.0,0.0,0.0,0.0,11.3,18.7,0.0,1015.3
2025-11-30 18:00:00+00:00,5.0,85,2.7,97,32,9,96,0.0,0.0,0.0,0.0,10.7,19.1,0.0,1015.1
2025-11-30 19:00:00+00:00,5.5,82,2.8,99,36,25,99,0.0,0.0,0.0,0.0,12.2,22.0,0.0,1014.9
2025-11-30 20:00:00+00:00,6.0,81,3.0,100,28,19,100,0.0,0.0,0.0,0.0,13.6,24.5,0.0,1014.7
2025-11-30 21:00:00+00:00,6.6,82,3.8,100,23,19,100,0.0,0.0,0.0,0.0,14.5,26.6,0.0,1014.1
2025-11-30 22:00:00+00:00,7.5,87,5.4,100,37,52,100,0.0,0.0,0.0,0.0,16.8,31.3,0.0,1013.5
2025-11-30 23:00:00+00:00,8.1,86,6.0,100,20,82,100,0.0,0.0,0.0,0.0,19.1,35.3,0.0,1012.8
2025-12-01 00:00:00+00:00,8.6,86,6.3,100,37,98,100,0.0,0.0,0.0,0.0,22.5,41.4,0.1,1011.6
2025-12-01 01:00:00+00:00,9.2,89,7.4,100,71,100,100,0.0,0.0,0.0,0.0,25.3,47.2,0.4,1010.8
2025-12-01 02:00:00+00:00,9.4,91,7.9,100,83,100,100,0.0,0.0,0.0,0.0,27.2,52.2,0.5,1009.8
2025-12-01 03:00:00+00:00,9.7,91,8.3,100,100,100,100,0.0,0.0,0.0,0.0,29.9,57.2,0.6,1008.7
2025-12-01 04:00:00+00:00,9.8,93,8.7,100,100,100,100,0.0,0.0,0.0,0.0,31.5,60.5,0.6,1007.4
2025-12-01 05:00:00+00:00,10.0,93,8.9,100,100,100,100,0.0,0.0,0.0,0.0,33.6,62.6,0.4,1006.3
2025-12-01 06:00:00+00:00,10.3,93,9.2,100,100,96,100,0.0,0.0,0.0,0.0,34.9,63.4,0.6,1005.4
2025-12-01 07:00:00+00:00,10.6,93,9.5,100,100,100,100,0.0,0.0,0.0,0.0,35.8,65.9,0.4,1004.6
2025-12-01 08:00:00+00:00,11.0,94,10.1,100,100,95,100,0.0,0.0,0.0,0.0,36.0,67.0,0.2,1003.9
2025-12-01 09:00:00+00:00,11.3,94,10.4,100,100,43,100,5.0,0.0,0.0,5.0,35.7,67.7,0.1,1003.4
2025-12-01 10:00:00+00:00,11.7,93,10.6,100,100,96,100,11.0,0.0,0.0,11.0,31.7,68.4,0.1,1003.0
2025-12-01 11:00:00+00:00,12.0,92,10.8,100,100,98,100,30.0,0.0,0.0,30.0,32.3,68.4,0.1,1002.2
2025-12-01 12:00:00+00:00,12.2,93,11.0,100,100,99,100,35.0,0.0,0.0,35.0,32.9,70.2,0.1,1001.5
2025-12-01 13:00:00+00:00,12.3,92,11.0,100,98,98,100,33.0,0.0,0.0,33.0,33.4,71.3,0.1,1000.4
2025-12-01 14:00:00+00:00,12.3,93,11.2,100,100,73,100,34.0,3.0,12.3,31.0,34.5,72.4,0.2,999.6
2025-12-01 15:00:00+00:00,12.3,93,11.2,100,100,68,100,14.0,0.0,0.0,14.0,37.2,72.7,0.2,998.7
2025-12-01 16:00:00+00:00,12.3,93,11.1,100,100,98,99,5.0,0.0,0.0,5.0,38.8,73.1,0.1,998.0
2025-12-01 17:00:00+00:00,12.1,93,11.0,100,100,95,99,0.0,0.0,0.0,0.0,42.2,77.4,0.3,997.0
2025-12-01 18:00:00+00:00,11.8,93,10.7,100,100,100,100,0.0,0.0,0.0,0.0,45.8,79.6,0.4,996.0
2025-12-01 19:00:00+00:00,11.8,94,10.8,100,100,100,95,0.0,0.0,0.0,0.0,44.0,82.1,1.3,996.0
2025-12-01 20:00:00+00:00,11.5,96,10.9,100,100,100,71,0.0,0.0,0.0,0.0,38.1,71.3,1.7,996.0
2025-12-01 21:00:00+00:00,10.5,94,9.5,100,71,99,67,0.0,0.0,0.0,0.0,29.5,53.3,1.6,996.3
2025-12-01 22:00:00+00:00,10.3,90,8.8,98,17,96,50,0.0,0.0,0.0,0.0,19.8,40.3,0.9,996.9
2025-12-01 23:00:00+00:00,9.8,91,8.5,98,12,96,51,0.0,0.0,0.0,0.0,16.6,35.3,0.3,997.8
2025-12-02 00:00:00+00:00,9.5,91,8.1,94,15,91,69,0.0,0.0,0.0,0.0,14.6,30.2,0.1,998.4
2025-12-02 01:00:00+00:00,8.7,92,7.5,89,13,89,4,0.0,0.0,0.0,0.0,14.4,26.6,0.0,998.7
2025-12-02 02:00:00+00:00,8.2,92,6.9,98,5,98,1,0.0,0.0,0.0,0.0,14.9,25.6,0.0,998.8
2025-12-02 03:00:00+00:00,8.0,91,6.6,99,1,99,13,0.0,0.0,0.0,0.0,14.4,24.5,0.0,999.2
2025-12-02 04:00:00+00:00,7.5,91,6.1,80,3,79,7,0.0,0.0,0.0,0.0,14.0,22.7,0.0,999.6
2025-12-02 05:00:00+00:00,7.5,91,6.1,21,7,20,1,0.0,0.0,0.0,0.0,13.0,24.8,0.0,1000.0
2025-12-02 06:00:00+00:00,7.4,92,6.1,16,4,15,0,0.0,0.0,0.0,0.0,13.4,24.8,0.0,1000.4
2025-12-02 07:00:00+00:00,7.1,93,6.0,31,18,24,0,0.0,0.0,0.0,0.0,14.4,25.2,0.0,1001.0
2025-12-02 08:00:00+00:00,6.7,92,5.6,45,25,34,3,0.0,0.0,0.0,0.0,13.9,23.8,0.0,1002.1
2025-12-02 09:00:00+00:00,7.6,91,6.1,49,21,31,24,34.0,15.0,188.8,19.0,15.0,25.6,0.0,1002.5
2025-12-02 10:00:00+00:00,9.1,86,6.9,86,56,40,53,109.0,55.0,310.3,54.0,12.5,28.1,0.0,1003.2
2025-12-02 11:00:00+00:00,10.2,83,7.4,37,23,21,12,148.0,75.0,299.4,73.0,10.3,32.4,0.1,1003.0
2025-12-02 12:00:00+00:00,10.8,82,7.8,35,17,25,8,191.0,107.0,373.1,84.0,13.9,33.8,0.2,1002.9
2025-12-02 13:00:00+00:00,10.7,85,8.2,58,12,52,19,199.0,129.0,454.6,70.0,16.1,33.1,0.2,1002.7
2025-12-02 14:00:00+00:00,9.9,84,7.4,76,29,70,17,154.0,83.0,343.6,71.0,18.0,32.4,1.0,1002.7
2025-12-02 15:00:00+00:00,9.1,86,6.8,67,34,58,11,89.0,40.0,245.4,49.0,15.6,29.5,0.7,1002.9
2025-12-02 16:00:00+00:00,8.2,87,6.2,67,27,50,35,24.0,8.0,113.4,16.0,12.0,25.2,0.0,1003.3
2025-12-02 17:00:00+00:00,7.7,88,5.9,65,23,34,44,0.0,0.0,0.0,0.0,12.6,27.0,0.0,1003.6
2025-12-02 18:00:00+00:00,7.5,90,6.0,63,33,50,39,0.0,0.0,0.0,0.0,14.7,27.4,0.0,1004.1
2025-12-02 19:00:00+00:00,7.2,91,5.9,62,34,50,12,0.0,0.0,0.0,0.0,14.1,25.2,0.2,1004.3
2025-12-02 20:00:00+00:00,7.2,91,5.8,35,24,17,0,0.0,0.0,0.0,0.0,12.0,21.2,0.0,1004.4
2025-12-02 21:00:00+00:00,6.5,92,5.3,31,29,5,0,0.0,0.0,0.0,0.0,11.4,19.8,0.0,1004.9
2025-12-02 22:00:00+00:00,5.9,95,5.2,54,23,42,24,0.0,0.0,0.0,0.0,8.7,16.9,0.0,1005.2
2025-12-02 23:00:00+00:00,5.5,95,4.8,37,15,15,24,0.0,0.0,0.0,0.0,9.8,15.8,0.0,1005.8
2025-12-03 00:00:00+00:00,5.2,95,4.5,30,13,17,20,0.0,0.0,0.0,0.0,9.5,16.6,0.0,1006.0
2025-12-03 01:00:00+00:00,4.8,95,4.1,31,10,13,18,0.0,0.0,0.0,0.0,8.0,15.8,0.0,1006.3
2025-12-03 02:00:00+00:00,4.5,95,3.8,42,18,23,33,0.0,0.0,0.0,0.0,7.0,14.0,0.0,1006.4
2025-12-03 03:00:00+00:00,4.2,96,3.6,50,22,22,34,0.0,0.0,0.0,0.0,7.8,11.9,0.0,1006.7
2025-12-03 04:00:00+00:00,4.0,97,3.5,49,25,25,28,0.0,0.0,0.0,0.0,7.5,11.5,0.0,1006.6
2025-12-03 05:00:00+00:00,3.8,96,3.3,52,22,21,37,0.0,0.0,0.0,0.0,6.8,11.5,0.0,1007.0
2025-12-03 06:00:00+00:00,3.6,96,2.9,56,26,10,47,0.0,0.0,0.0,0.0,7.6,11.2,0.0,1007.5
2025-12-03 07:00:00+00:00,3.5,95,2.8,48,26,5,32,0.0,0.0,0.0,0.0,7.8,12.6,0.0,1007.8
2025-12-03 08:00:00+00:00,3.1,95,2.5,29,21,8,9,0.0,0.0,0.0,0.0,7.6,12.6,0.0,1008.3
2025-12-03 09:00:00+00:00,4.3,95,3.5,30,27,9,4,34.0,17.0,218.4,17.0,8.5,14.4,0.0,1008.7
2025-12-03 10:00:00+00:00,6.2,94,5.4,65,25,50,26,113.0,69.0,395.7,44.0,8.4,17.6,0.0,1008.6
2025-12-03 11:00:00+00:00,8.1,89,6.5,44,29,27,14,183.0,119.0,480.3,64.0,9.8,19.8,0.0,1008.8
2025-12-03 12:00:00+00:00,9.4,81,6.3,36,33,3,3,230.0,164.0,576.9,66.0,11.7,24.8,0.0,1008.5
2025-12-03 13:00:00+00:00,10.0,78,6.3,23,21,3,0,202.0,136.0,483.1,66.0,13.6,24.1,0.0,1008.1
2025-12-03 14:00:00+00:00,10.3,76,6.3,20,19,7,0,144.0,75.0,313.0,69.0,13.2,23.0,0.0,1007.7
2025-12-03 15:00:00+00:00,9.7,77,5.8,39,27,29,0,103.0,57.0,353.2,46.0,11.6,19.4,0.0,1007.4
2025-12-03 16:00:00+00:00,8.1,84,5.5,37,28,21,5,24.0,11.0,157.7,13.0,9.9,17.6,0.0,1007.2
2025-12-03 17:00:00+00:00,7.3,90,5.8,77,29,17,61,0.0,0.0,0.0,0.0,10.3,19.1,0.0,1007.0
2025-12-03 18:00:00+00:00,7.3,91,6.0,98,32,13,96,0.0,0.0,0.0,0.0,12.5,19.4,0.0,1006.7
2025-12-03 19:00:00+00:00,7.3,92,6.1,100,47,25,100,0.0,0.0,0.0,0.0,15.2,25.9,0.1,1006.3
2025-12-03 20:00:00+00:00,7.7,92,6.5,100,51,33,100,0.0,0.0,0.0,0.0,16.8,31.3,0.2,1005.9
2025-12-03 21:00:00+00:00,7.8,92,6.6,100,43,49,100,0.0,0.0,0.0,0.0,18.2,33.8,0.1,1005.0
2025-12-03 22:00:00+00:00,8.1,96,7.5,100,14,68,100,0.0,0.0,0.0,0.0,15.9,33.8,0.1,1004.2
2025-12-03 23:00:00+00:00,8.3,98,8.0,100,18,90,100,0.0,0.0,0.0,0.0,16.1,34.9,0.1,1003.6
2025-12-04 00:00:00+00:00,8.3,96,7.7,100,36,79,100,0.0,0.0,0.0,0.0,16.1,32.0,0.0,1002.5
2025-12-04 01:00:00+00:00,8.5,95,7.8,100,24,25,100,0.0,0.0,0.0,0.0,17.5,32.4,0.0,1001.5
2025-12-04 02:00:00+00:00,8.5,95,7.7,98,38,17,95,0.0,0.0,0.0,0.0,19.0,36.7,0.0,1000.2
2025-12-04 03:00:00+00:00,8.7,93,7.7,97,41,74,81,0.0,0.0,0.0,0.0,20.7,41.0,0.0,999.3
2025-12-04 04:00:00+00:00,8.6,90,7.1,99,46,95,93,0.0,0.0,0.0,0.0,21.3,46.4,0.3,998.0
2025-12-04 05:00:00+00:00,8.3,91,6.8,100,100,100,99,0.0,0.0,0.0,0.0,22.6,46.4,0.5,996.9
2025-12-04 06:00:00+00:00,8.3,89,6.6,100,100,100,99,0.0,0.0,0.0,0.0,24.1,49.0,1.1,996.0
2025-12-04 07:00:00+00:00,7.9,90,6.3,100,100,98,99,0.0,0.0,0.0,0.0,25.8,47.5,2.1,995.1
2025-12-04 08:00:00+00:00,8.1,91,6.8,100,100,99,100,0.0,0.0,0.0,0.0,15.6,34.9,1.6,994.4
2025-12-04 09:00:00+00:00,8.2,94,7.3,100,92,99,99,5.0,0.0,0.0,5.0,13.0,22.3,1.1,994.5
2025-12-04 10:00:00+00:00,7.5,92,6.3,100,65,97,99,29.0,0.0,0.0,29.0,18.7,39.2,0.3,995.7
2025-12-04 11:00:00+00:00,7.4,88,5.6,100,24,95,99,85.0,7.0,28.6,78.0,19.0,41.8,0.1,996.5
2025-12-04 12:00:00+00:00,7.8,87,5.7,99,9,97,94,155.0,31.0,110.0,124.0,17.5,38.9,0.0,997.0
2025-12-04 13:00:00+00:00,7.9,84,5.4,96,6,94,86,169.0,61.0,218.3,108.0,15.7,34.9,0.0,997.2
2025-12-04 14:00:00+00:00,8.3,81,5.3,87,25,78,64,164.0,81.0,340.6,83.0,15.6,28.4,0.0,997.8
2025-12-04 15:00:00+00:00,7.9,82,5.0,53,25,33,17,111.0,68.0,425.3,43.0,13.3,23.0,0.0,998.3
2025-12-04 16:00:00+00:00,6.6,87,4.5,26,14,8,10,27.0,13.0,188.4,14.0,10.0,16.2,0.0,998.6
2025-12-04 17:00:00+00:00,5.5,90,3.9,43,16,30,30,0.0,0.0,0.0,0.0,9.1,15.1,0.0,999.5
2025-12-04 18:00:00+00:00,4.3,92,3.1,35,16,19,14,0.0,0.0,0.0,0.0,8.8,14.4,0.0,1000.4
2025-12-04 19:00:00+00:00,4.1,92,3.0,22,15,8,6,0.0,0.0,0.0,0.0,8.8,15.1,0.0,1001.5
2025-12-04 20:00:00+00:00,3.3,94,2.5,21,14,8,3,0.0,0.0,0.0,0.0,8.5,14.4,0.0,1002.2
2025-12-04 21:00:00+00:00,2.6,95,2.0,6,6,0,0,0.0,0.0,0.0,0.0,8.6,14.0,0.0,1002.8
2025-12-04 22:00:00+00:00,2.1,95,1.4,0,0,0,0,0.0,0.0,0.0,0.0,9.2,15.5,0.0,1003.6
2025-12-04 23:00:00+00:00,1.5,96,0.9,0,0,0,0,0.0,0.0,0.0,0.0,9.0,14.0,0.0,1004.4
2025-12-05 00:00:00+00:00,0.9,97,0.5,1,1,0,0,0.0,0.0,0.0,0.0,8.3,13.0,0.0,1004.9
2025-12-05 01:00:00+00:00,0.7,97,0.3,3,3,0,0,0.0,0.0,0.0,0.0,7.5,12.2,0.0,1005.4
2025-12-05 02:00:00+00:00,0.5,98,0.2,3,3,1,0,0.0,0.0,0.0,0.0,7.7,11.9,0.0,1005.7
2025-12-05 03:00:00+00:00,0.1,98,-0.2,5,5,3,0,0.0,0.0,0.0,0.0,8.3,12.6,0.0,1006.1
2025-12-05 04:00:00+00:00,0.5,97,0.1,2,0,2,0,0.0,0.0,0.0,0.0,8.7,13.0,0.0,1006.2
2025-12-05 05:00:00+00:00,1.1,96,0.5,85,0,0,85,0.0,0.0,0.0,0.0,8.5,13.3,0.0,1006.3
2025-12-05 06:00:00+00:00,2.1,94,1.2,99,2,3,99,0.0,0.0,0.0,0.0,8.2,14.4,0.0,1006.5
2025-12-05 07:00:00+00:00,2.6,93,1.6,100,6,48,100,0.0,0.0,0.0,0.0,8.7,14.8,0.0,1006.6
2025-12-05 08:00:00+00:00,3.2,92,2.0,100,14,97,100,0.0,0.0,0.0,0.0,10.5,17.6,0.0,1006.5
2025-12-05 09:00:00+00:00,4.5,89,2.9,100,30,100,100,27.0,4.0,53.5,23.0,12.9,23.4,0.0,1006.2
2025-12-05 10:00:00+00:00,6.4,87,4.5,97,29,25,95,76.0,8.0,47.4,68.0,17.9,31.7,0.0,1006.1
2025-12-05 11:00:00+00:00,7.7,85,5.4,86,37,74,56,122.0,33.0,136.0,89.0,22.7,40.3,0.1,1005.3
2025-12-05 12:00:00+00:00,8.3,83,5.6,100,47,100,96,103.0,11.0,39.3,92.0,28.1,46.8,0.1,1004.5
2025-12-05 13:00:00+00:00,8.8,81,5.8,100,16,99,100,84.0,4.0,14.4,80.0,28.6,54.0,0.1,1003.3
2025-12-05 14:00:00+00:00,8.7,82,5.8,100,18,100,100,88.0,7.0,29.6,81.0,29.8,60.5,1.1,1001.7
2025-12-05 15:00:00+00:00,8.2,85,5.8,96,51,93,45,52.0,7.0,44.2,45.0,33.0,64.8,1.1,1000.5
2025-12-05 16:00:00+00:00,8.0,87,6.0,100,100,75,0,8.0,0.0,0.0,8.0,35.7,68.8,1.3,998.7
2025-12-05 17:00:00+00:00,8.1,88,6.3,100,100,80,0,0.0,0.0,0.0,0.0,38.8,70.2,1.3,996.6
2025-12-05 18:00:00+00:00,8.7,90,7.1,100,100,100,15,0.0,0.0,0.0,0.0,39.9,72.4,1.2,995.0
2025-12-05 19:00:00+00:00,9.5,93,8.3,100,100,73,0,0.0,0.0,0.0,0.0,38.7,72.7,1.5,993.9
2025-12-05 20:00:00+00:00,10.5,96,9.9,100,100,63,0,0.0,0.0,0.0,0.0,32.4,59.8,1.0,993.3
2025-12-05 21:00:00+00:00,11.1,93,10.0,61,42,42,7,0.0,0.0,0.0,0.0,24.4,45.7,0.2,993.2
2025-12-05 22:00:00+00:00,10.8,89,9.0,78,19,27,69,0.0,0.0,0.0,0.0,20.7,50.8,0.3,993.1
2025-12-05 23:00:00+00:00,10.2,93,9.0,81,42,31,63,0.0,0.0,0.0,0.0,24.0,48.6,0.2,993.0
2025-12-06 00:00:00+00:00,10.2,92,8.9,72,57,45,29,0.0,0.0,0.0,0.0,25.3,49.0,0.0,992.9
2025-12-06 01:00:00+00:00,9.9,89,8.3,37,14,17,19,0.0,0.0,0.0,0.0,25.0,47.2,0.0,992.8
2025-12-06 02:00:00+00:00,10.1,88,8.2,99,10,92,97,0.0,0.0,0.0,0.0,25.1,48.2,0.0,992.7
2025-12-06 03:00:00+00:00,10.1,88,8.1,94,25,93,63,0.0,0.0,0.0,0.0,26.3,49.7,0.0,992.9
2025-12-06 04:00:00+00:00,10.1,88,8.2,77,50,55,39,0.0,0.0,0.0,0.0,27.8,50.8,0.0,992.9
2025-12-06 05:00:00+00:00,10.1,89,8.4,91,39,56,77,0.0,0.0,0.0,0.0,26.4,49.7,0.0,993.0
2025-12-06 06:00:00+00:00,10.2,89,8.5,92,42,63,85,0.0,0.0,0.0,0.0,26.0,49.7,0.0,993.4
2025-12-06 07:00:00+00:00,10.1,88,8.2,97,77,40,86,0.0,0.0,0.0,0.0,25.9,47.5,0.0,993.9
2025-12-06 08:00:00+00:00,10.3,88,8.5,97,77,29,83,0.0,0.0,0.0,0.0,25.5,47.2,0.0,994.4
2025-12-06 09:00:00+00:00,10.6,87,8.5,97,86,33,84,22.0,2.0,27.3,20.0,26.7,48.6,0.0,995.2
2025-12-06 10:00:00+00:00,11.1,85,8.7,89,17,17,82,69.0,14.0,84.2,55.0,24.1,51.5,0.0,995.8
2025-12-06 11:00:00+00:00,11.7,83,8.9,81,24,19,71,138.0,56.0,233.1,82.0,26.9,54.7,0.0,996.6
2025-12-06 12:00:00+00:00,12.0,81,8.8,72,34,29,59,161.0,74.0,266.7,87.0,28.6,56.2,0.0,997.1
2025-12-06 13:00:00+00:00,12.2,80,8.9,64,42,61,4,179.0,108.0,392.0,71.0,30.3,59.0,0.1,997.6
2025-12-06 14:00:00+00:00,12.2,80,8.9,57,52,31,0,156.0,99.0,422.1,57.0,26.6,55.8,0.1,998.1
2025-12-06 15:00:00+00:00,11.8,81,8.6,65,47,25,18,77.0,39.0,248.0,38.0,25.3,51.5,0.1,998.9
2025-12-06 16:00:00+00:00,11.3,82,8.3,90,43,40,80,22.0,10.0,147.7,12.0,24.7,46.8,0.0,999.7
2025-12-06 17:00:00+00:00,10.8,83,7.9,90,47,48,80,0.0,0.0,0.0,0.0,23.9,44.3,0.0,1000.8
2025-12-06 18:00:00+00:00,10.6,81,7.5,72,58,40,21,0.0,0.0,0.0,0.0,22.0,41.8,0.0,1001.3
2025-12-06 19:00:00+00:00,10.3,81,7.2,55,48,41,0,0.0,0.0,0.0,0.0,20.8,37.8,0.0,1001.9
2025-12-06 20:00:00+00:00,9.9,82,7.0,49,30,44,5,0.0,0.0,0.0,0.0,20.4,36.7,0.0,1002.7
2025-12-06 21:00:00+00:00,9.7,84,7.2,47,30,35,10,0.0,0.0,0.0,0.0,18.8,33.8,0.0,1003.1
2025-12-06 22:00:00+00:00,9.6,86,7.3,46,39,24,7,0.0,0.0,0.0,0.0,17.0,31.0,0.0,1003.4
2025-12-06 23:00:00+00:00,9.7,87,7.6,91,45,24,87,0.0,0.0,0.0,0.0,16.0,28.4,0.0,1003.8
2025-12-07 00:00:00+00:00,9.4,89,7.7,100,53,36,100,0.0,0.0,0.0,0.0,14.1,24.1,0.0,1003.9
2025-12-07 01:00:00+00:00,9.6,90,8.1,100,87,64,100,0.0,0.0,0.0,0.0,13.8,23.0,0.0,1004.1
2025-12-07 02:00:00+00:00,9.7,92,8.5,100,100,89,100,0.0,0.0,0.0,0.0,11.9,19.4,0.0,1003.6
2025-12-07 03:00:00+00:00,9.8,94,8.9,100,100,100,100,0.0,0.0,0.0,0.0,11.1,15.8,0.1,1003.3
2025-12-07 04:00:00+00:00,10.0,96,9.3,100,100,100,99,0.0,0.0,0.0,0.0,13.6,18.4,0.3,1002.7
2025-12-07 05:00:00+00:00,10.9,97,10.4,100,100,100,100,0.0,0.0,0.0,0.0,15.7,23.8,0.6,1001.9
2025-12-07 06:00:00+00:00,11.4,97,11.0,100,100,100,100,0.0,0.0,0.0,0.0,18.3,29.2,0.6,1001.5
2025-12-07 07:00:00+00:00,11.6,97,11.1,100,100,99,100,0.0,0.0,0.0,0.0,19.8,36.0,1.3,1001.0
2025-12-07 08:00:00+00:00,11.5,98,11.2,100,100,100,100,0.0,0.0,0.0,0.0,20.4,37.4,0.7,1000.2
2025-12-07 09:00:00+00:00,11.8,99,11.7,100,100,100,100,2.0,0.0,0.0,2.0,17.7,31.7,0.5,999.9
2025-12-07 10:00:00+00:00,13.4,97,12.9,100,100,86,100,8.0,0.0,0.0,8.0,18.4,44.3,0.7,999.4
2025-12-07 11:00:00+00:00,13.7,97,13.2,100,100,98,100,11.0,0.0,0.0,11.0,23.7,51.8,0.8,998.9
2025-12-07 12:00:00+00:00,13.8,97,13.3,100,100,99,100,20.0,0.0,0.0,20.0,25.2,52.2,0.7,998.3
2025-12-07 13:00:00+00:00,14.1,95,13.3,100,100,77,100,18.0,0.0,0.0,18.0,29.3,55.1,0.3,997.8
2025-12-07 14:00:00+00:00,14.1,94,13.2,100,100,41,99,11.0,0.0,0.0,11.0,32.5,56.9,0.1,997.6
2025-12-07 15:00:00+00:00,14.3,92,13.1,99,75,17,84,9.0,0.0,0.0,9.0,35.3,58.3,0.0,997.9
2025-12-07 16:00:00+00:00,14.2,90,12.5,100,21,0,100,6.0,0.0,0.0,6.0,34.2,59.8,0.0,998.6
2025-12-07 17:00:00+00:00,13.6,86,11.3,100,69,0,99,0.0,0.0,0.0,0.0,33.2,60.5,0.0,1000.3
2025-12-07 18:00:00+00:00,12.7,83,9.9,99,64,0,98,0.0,0.0,0.0,0.0,28.5,55.1,0.0,1001.9
2025-12-07 19:00:00+00:00,11.8,81,8.6,77,30,0,68,0.0,0.0,0.0,0.0,24.4,44.6,0.0,1003.1
2025-12-07 20:00:00+00:00,11.2,83,8.4,87,16,0,81,0.0,0.0,0.0,0.0,21.7,40.3,0.0,1004.3
2025-12-07 21:00:00+00:00,10.9,85,8.5,43,5,0,40,0.0,0.0,0.0,0.0,19.5,36.0,0.0,1005.2
2025-12-07 22:00:00+00:00,10.3,89,8.5,99,18,0,99,0.0,0.0,0.0,0.0,17.2,30.6,0.0,1005.7
2025-12-07 23:00:00+00:00,10.2,92,9.0,95,10,0,94,0.0,0.0,0.0,0.0,15.4,27.7,0.0,1006.0
2025-12-08 00:00:00+00:00,10.7,94,9.7,100,16,27,99,0.0,0.0,0.0,0.0,16.7,31.0,0.0,1006.4
2025-12-08 01:00:00+00:00,11.2,94,10.3,100,12,96,99,0.0,0.0,0.0,0.0,17.6,34.9,0.0,1006.8
2025-12-08 02:00:00+00:00,11.5,95,10.6,99,11,59,97,0.0,0.0,0.0,0.0,18.8,37.1,0.0,1006.4
2025-12-08 03:00:00+00:00,11.9,94,11.0,99,35,38,95,0.0,0.0,0.0,0.0,21.1,40.3,0.0,1006.6
2025-12-08 04:00:00+00:00,12.3,93,11.2,100,54,91,100,0.0,0.0,0.0,0.0,23.3,42.8,0.0,1006.7
2025-12-08 05:00:00+00:00,12.4,91,11.0,100,100,94,100,0.0,0.0,0.0,0.0,24.5,44.3,0.0,1006.6
2025-12-08 06:00:00+00:00,12.5,90,11.0,100,65,95,100,0.0,0.0,0.0,0.0,22.4,44.6,0.0,1006.6
2025-12-08 07:00:00+00:00,12.8,90,11.2,100,30,100,100,0.0,0.0,0.0,0.0,21.2,38.5,0.1,1007.0
2025-12-08 08:00:00+00:00,12.9,90,11.3,97,14,74,95,0.0,0.0,0.0,0.0,20.0,37.4,0.1,1007.4
2025-12-08 09:00:00+00:00,12.9,93,11.8,98,13,89,82,14.0,0.0,0.0,14.0,20.7,39.2,0.1,1007.9
2025-12-08 10:00:00+00:00,12.7,93,11.6,100,37,92,100,49.0,9.0,55.8,40.0,20.7,44.3,0.3,1008.8
2025-12-08 11:00:00+00:00,12.8,90,11.2,100,75,95,100,37.0,0.0,0.0,37.0,20.7,49.0,0.4,1008.9
2025-12-08 12:00:00+00:00,12.9,92,11.6,100,89,99,100,22.0,0.0,0.0,22.0,22.7,50.4,0.6,1009.2
2025-12-08 13:00:00+00:00,13.1,89,11.4,100,72,51,99,23.0,0.0,0.0,23.0,21.8,42.8,0.3,1008.9
2025-12-08 14:00:00+00:00,13.2,89,11.5,100,95,77,100,22.0,0.0,0.0,22.0,21.8,40.3,0.1,1008.9
2025-12-08 15:00:00+00:00,13.1,91,11.6,100,100,90,100,24.0,0.0,0.0,24.0,22.8,38.2,0.1,1009.1
2025-12-08 16:00:00+00:00,13.0,91,11.5,100,88,95,100,11.0,0.0,0.0,11.0,21.4,36.7,0.0,1009.2
2025-12-08 17:00:00+00:00,12.7,91,11.2,100,33,96,100,0.0,0.0,0.0,0.0,19.4,35.6,0.0,1009.6
2025-12-08 18:00:00+00:00,12.6,90,11.0,97,29,39,95,0.0,0.0,0.0,0.0,18.6,32.8,0.0,1009.8
2025-12-08 19:00:00+00:00,12.5,91,11.0,100,28,9,100,0.0,0.0,0.0,0.0,18.8,34.2,0.1,1009.8
2025-12-08 20:00:00+00:00,12.4,92,11.2,100,93,87,100,0.0,0.0,0.0,0.0,19.2,35.6,0.0,1009.6
2025-12-08 21:00:00+00:00,12.4,95,11.7,100,100,97,100,0.0,0.0,0.0,0.0,20.9,38.2,0.0,1009.1
2025-12-08 22:00:00+00:00,13.1,95,12.3,100,100,100,100,0.0,0.0,0.0,0.0,25.1,45.7,0.2,1008.4
2025-12-08 23:00:00+00:00,13.2,93,12.1,100,97,100,100,0.0,0.0,0.0,0.0,28.0,49.7,0.4,1008.2
2025-12-09 00:00:00+00:00,13.1,92,11.8,100,100,100,100,0.0,0.0,0.0,0.0,27.2,50.4,0.5,1007.8
2025-12-09 01:00:00+00:00,12.8,91,11.4,100,100,100,100,0.0,0.0,0.0,0.0,27.4,51.8,0.6,1007.2
2025-12-09 02:00:00+00:00,12.5,91,11.1,100,100,100,100,0.0,0.0,0.0,0.0,28.9,52.6,0.7,1006.3
2025-12-09 03:00:00+00:00,12.2,91,10.7,100,100,100,100,0.0,0.0,0.0,0.0,29.4,55.4,0.8,1006.0
2025-12-09 04:00:00+00:00,11.9,92,10.6,100,100,100,100,0.0,0.0,0.0,0.0,32.5,58.0,1.4,1005.5
2025-12-09 05:00:00+00:00,12.0,93,10.8,100,100,95,97,0.0,0.0,0.0,0.0,33.2,59.8,2.0,1004.6
2025-12-09 06:00:00+00:00,12.2,92,11.0,100,100,85,89,0.0,0.0,0.0,0.0,33.8,59.4,1.1,1003.8
2025-12-09 07:00:00+00:00,12.5,91,11.2,100,100,70,83,0.0,0.0,0.0,0.0,33.5,61.2,1.3,1003.4
2025-12-09 08:00:00+00:00,12.7,91,11.3,100,100,69,91,0.0,0.0,0.0,0.0,32.7,60.8,0.4,1003.0
2025-12-09 09:00:00+00:00,13.1,90,11.5,100,100,70,96,6.0,0.0,0.0,6.0,33.0,60.1,0.1,1002.8
2025-12-09 10:00:00+00:00,13.3,88,11.4,100,47,59,97,20.0,0.0,0.0,20.0,31.8,60.1,0.0,1002.7
2025-12-09 11:00:00+00:00,13.5,86,11.1,100,87,78,91,43.0,0.0,0.0,43.0,32.1,61.6,0.0,1002.3
2025-12-09 12:00:00+00:00,13.5,85,11.0,100,100,98,97,64.0,1.0,3.7,63.0,34.6,65.5,0.0,1002.0
2025-12-09 13:00:00+00:00,13.6,84,11.0,100,97,87,91,50.0,3.0,11.1,47.0,36.3,68.0,0.1,1001.1
2025-12-09 14:00:00+00:00,13.8,85,11.3,100,100,94,51,25.0,0.0,0.0,25.0,39.4,70.2,0.2,1000.6
2025-12-09 15:00:00+00:00,13.9,88,11.9,100,100,100,23,10.0,0.0,0.0,10.0,40.4,71.3,0.4,1000.8
2025-12-09 16:00:00+00:00,14.1,89,12.3,100,78,100,100,4.0,0.0,0.0,4.0,37.5,68.4,0.1,1001.3
2025-12-09 17:00:00+00:00,13.8,89,12.0,99,35,23,99,0.0,0.0,0.0,0.0,32.7,62.3,0.1,1002.3
2025-12-09 18:00:00+00:00,13.3,85,10.9,80,25,2,75,0.0,0.0,0.0,0.0,29.7,54.0,0.0,1003.3
2025-12-09 19:00:00+00:00,12.7,85,10.2,71,12,0,70,0.0,0.0,0.0,0.0,27.7,50.8,0.0,1004.4
2025-12-09 20:00:00+00:00,12.3,85,9.8,55,8,0,49,0.0,0.0,0.0,0.0,25.5,46.8,0.0,1005.5
2025-12-09 21:00:00+00:00,11.9,85,9.5,94,1,0,94,0.0,0.0,0.0,0.0,23.1,42.1,0.0,1006.6
2025-12-09 22:00:00+00:00,11.5,83,8.7,33,4,4,28,0.0,0.0,0.0,0.0,19.2,38.2,0.0,1007.8
2025-12-09 23:00:00+00:00,11.3,85,8.9,21,14,20,0,0.0,0.0,0.0,0.0,19.8,37.1,0.0,1008.4
2025-12-10 00:00:00+00:00,11.2,87,9.1,33,30,25,0,0.0,0.0,0.0,0.0,19.9,37.1,0.0,1009.0
2025-12-10 01:00:00+00:00,11.2,88,9.3,30,27,17,1,0.0,0.0,0.0,0.0,20.4,36.0,0.0,1009.5
2025-12-10 02:00:00+00:00,11.1,89,9.4,35,30,13,2,0.0,0.0,0.0,0.0,21.2,34.6,0.0,1009.8
2025-12-10 03:00:00+00:00,10.9,90,9.3,22,18,7,2,0.0,0.0,0.0,0.0,20.4,33.8,0.0,1010.3
2025-12-10 04:00:00+00:00,10.7,91,9.2,31,29,15,0,0.0,0.0,0.0,0.0,19.8,33.8,0.0,1010.5
2025-12-10 05:00:00+00:00,10.9,90,9.4,16,16,3,0,0.0,0.0,0.0,0.0,19.9,34.9,0.0,1011.1
2025-12-10 06:00:00+00:00,10.8,91,9.4,11,11,3,0,0.0,0.0,0.0,0.0,20.1,34.9,0.0,1011.6
2025-12-10 07:00:00+00:00,10.8,91,9.4,26,23,9,0,0.0,0.0,0.0,0.0,20.5,37.4,0.0,1012.5
2025-12-10 08:00:00+00:00,10.9,92,9.6,29,25,10,0,0.0,0.0,0.0,0.0,21.5,38.2,0.0,1013.2
2025-12-10 09:00:00+00:00,11.1,90,9.6,29,24,8,1,27.0,14.0,205.3,13.0,22.3,40.7,0.0,1014.0
2025-12-10 10:00:00+00:00,11.8,86,9.6,56,39,26,18,98.0,56.0,356.5,42.0,21.3,42.1,0.0,1014.9
2025-12-10 11:00:00+00:00,12.5,82,9.4,23,21,6,1,153.0,92.0,396.9,61.0,20.0,38.2,0.0,1015.7
2025-12-10 12:00:00+00:00,12.9,76,8.8,27,27,4,0,223.0,163.0,603.5,60.0,18.7,40.7,0.0,1015.9
2025-12-10 13:00:00+00:00,13.0,73,8.3,12,10,7,0,217.0,151.0,560.7,66.0,20.3,38.2,0.0,1016.5
2025-12-10 14:00:00+00:00,12.9,73,8.2,23,23,7,0,186.0,129.0,561.9,57.0,19.5,33.8,0.0,1017.6
2025-12-10 15:00:00+00:00,12.2,75,8.0,18,18,3,0,111.0,70.0,455.9,41.0,16.6,28.4,0.0,1018.2
2025-12-10 16:00:00+00:00,10.8,81,7.7,10,10,1,0,28.0,14.0,212.2,14.0,14.1,22.7,0.0,1019.5
2025-12-10 17:00:00+00:00,9.7,86,7.4,12,10,0,2,0.0,0.0,0.0,0.0,11.9,20.5,0.0,1020.1
2025-12-10 18:00:00+00:00,8.9,89,7.1,3,3,0,0,0.0,0.0,0.0,0.0,13.0,23.0,0.0,1020.6
2025-12-10 19:00:00+00:00,8.6,90,7.1,9,9,0,0,0.0,0.0,0.0,0.0,13.9,23.8,0.0,1021.2
2025-12-10 20:00:00+00:00,8.6,91,7.1,5,0,0,5,0.0,0.0,0.0,0.0,13.9,24.1,0.0,1021.9
2025-12-10 21:00:00+00:00,8.3,91,6.9,18,1,1,17,0.0,0.0,0.0,0.0,14.7,25.9,0.0,1022.2
2025-12-10 22:00:00+00:00,8.1,92,6.9,16,5,0,11,0.0,0.0,0.0,0.0,16.2,27.7,0.0,1022.5
2025-12-10 23:00:00+00:00,8.2,92,7.0,17,13,0,4,0.0,0.0,0.0,0.0,16.6,28.4,0.0,1022.7
2025-12-11 00:00:00+00:00,8.3,92,7.1,14,13,0,0,0.0,0.0,0.0,0.0,15.9,27.7,0.0,1022.1
2025-12-11 01:00:00+00:00,8.5,92,7.2,6,6,0,0,0.0,0.0,0.0,0.0,14.8,25.9,0.0,1021.7
2025-12-11 02:00:00+00:00,8.5,92,7.3,23,21,0,5,0.0,0.0,0.0,0.0,14.6,25.6,0.0,1021.2
2025-12-11 03:00:00+00:00,8.5,92,7.4,45,17,0,32,0.0,0.0,0.0,0.0,16.1,27.0,0.0,1020.8
2025-12-11 04:00:00+00:00,8.6,93,7.5,74,23,0,62,0.0,0.0,0.0,0.0,18.5,29.9,0.0,1020.0
2025-12-11 05:00:00+00:00,8.8,93,7.8,25,11,0,16,0.0,0.0,0.0,0.0,18.7,31.7,0.0,1020.0
2025-12-11 06:00:00+00:00,9.0,96,8.4,18,10,0,8,0.0,0.0,0.0,0.0,18.2,32.4,0.0,1020.0
2025-12-11 07:00:00+00:00,8.9,97,8.5,70,60,0,25,0.0,0.0,0.0,0.0,18.7,33.5,0.0,1019.8
2025-12-11 08:00:00+00:00,9.2,97,8.7,75,75,0,0,0.0,0.0,0.0,0.0,19.1,34.6,0.0,1019.7
2025-12-11 09:00:00+00:00,9.7,96,9.1,100,100,0,0,20.0,8.0,119.3,12.0,19.9,35.6,0.0,1019.5
2025-12-11 10:00:00+00:00,10.4,92,9.2,70,70,0,0,60.0,10.0,64.5,50.0,18.7,41.0,0.0,1019.2
2025-12-11 11:00:00+00:00,11.2,87,9.1,92,92,0,0,97.0,30.0,130.4,67.0,22.7,42.1,0.0,1018.4
2025-12-11 12:00:00+00:00,11.2,86,8.9,75,75,0,0,103.0,22.0,81.9,81.0,23.1,43.9,0.0,1017.7
2025-12-11 13:00:00+00:00,11.1,85,8.8,66,66,0,1,108.0,17.0,63.4,91.0,22.5,43.2,0.0,1016.8
2025-12-11 14:00:00+00:00,11.0,85,8.6,87,79,0,48,86.0,10.0,43.7,76.0,22.7,41.0,0.0,1016.4
2025-12-11 15:00:00+00:00,10.6,86,8.4,100,94,0,98,56.0,11.0,71.9,45.0,19.6,36.7,0.0,1016.4
2025-12-11 16:00:00+00:00,10.5,87,8.4,99,95,5,99,11.0,0.0,0.0,11.0,18.2,33.5,0.0,1016.1
2025-12-11 17:00:00+00:00,10.6,86,8.3,100,100,46,95,0.0,0.0,0.0,0.0,17.5,33.1,0.0,1016.4
2025-12-11 18:00:00+00:00,10.7,87,8.6,100,100,43,28,0.0,0.0,0.0,0.0,17.9,34.2,0.0,1016.0
2025-12-11 19:00:00+00:00,10.7,89,8.9,100,100,60,15,0.0,0.0,0.0,0.0,19.1,34.6,0.0,1015.8
2025-12-11 20:00:00+00:00,10.5,91,9.1,98,83,78,38,0.0,0.0,0.0,0.0,20.2,35.6,0.0,1015.3
2025-12-11 21:00:00+00:00,10.5,92,9.3,95,56,72,78,0.0,0.0,0.0,0.0,19.8,36.4,0.0,1015.1
2025-12-11 22:00:00+00:00,10.5,92,9.3,100,100,75,49,0.0,0.0,0.0,0.0,17.7,36.0,0.0,1014.6
2025-12-11 23:00:00+00:00,10.6,91,9.3,100,100,48,47,0.0,0.0,0.0,0.0,18.4,34.6,0.0,1014.2
2025-12-12 00:00:00+00:00,10.6,92,9.3,100,100,76,94,0.0,0.0,0.0,0.0,18.3,33.1,0.0,1014.1
2025-12-12 01:00:00+00:00,10.7,92,9.4,100,100,79,100,0.0,0.0,0.0,0.0,17.5,32.0,0.0,1014.0
2025-12-12 02:00:00+00:00,11.1,90,9.5,100,100,41,98,0.0,0.0,0.0,0.0,17.1,32.4,0.0,1013.4
2025-12-12 03:00:00+00:00,11.1,91,9.6,100,99,20,69,0.0,0.0,0.0,0.0,17.2,31.7,0.0,1013.5
2025-12-12 04:00:00+00:00,10.9,91,9.6,82,73,29,9,0.0,0.0,0.0,0.0,16.2,30.6,0.0,1013.3
2025-12-12 05:00:00+00:00,11.0,91,9.6,96,64,11,84,0.0,0.0,0.0,0.0,15.4,29.5,0.0,1013.3
2025-12-12 06:00:00+00:00,11.0,91,9.6,99,65,33,95,0.0,0.0,0.0,0.0,16.7,30.6,0.0,1013.3
2025-12-12 07:00:00+00:00,11.1,93,10.0,100,71,87,99,0.0,0.0,0.0,0.0,17.8,33.5,0.1,1013.7
2025-12-12 08:00:00+00:00,11.2,91,9.8,100,87,99,99,0.0,0.0,0.0,0.0,20.4,38.2,0.2,1013.9
2025-12-12 09:00:00+00:00,11.2,92,9.9,100,100,99,98,6.0,0.0,0.0,6.0,21.7,42.5,0.2,1014.4
2025-12-12 10:00:00+00:00,11.5,95,10.7,99,98,45,4,15.0,0.0,0.0,15.0,17.0,35.3,0.1,1014.6
2025-12-12 11:00:00+00:00,11.7,95,10.9,92,85,1,31,46.0,16.0,70.1,30.0,14.3,31.0,0.0,1015.0
2025-12-12 12:00:00+00:00,11.6,95,10.8,78,55,1,57,75.0,24.0,89.8,51.0,14.8,27.0,0.0,1015.6
2025-12-12 13:00:00+00:00,11.5,91,10.0,89,50,36,64,140.0,70.0,262.1,70.0,14.2,28.4,0.0,1016.5
2025-12-12 14:00:00+00:00,10.9,84,8.3,97,49,58,87,144.0,78.0,342.3,66.0,15.4,27.4,0.0,1017.2
2025-12-12 15:00:00+00:00,10.2,80,6.9,94,30,0,92,96.0,46.0,301.7,50.0,14.1,25.9,0.0,1018.2
2025-12-12 16:00:00+00:00,9.3,78,5.7,91,10,26,87,24.0,10.0,152.6,14.0,13.0,22.3,0.0,1019.2
2025-12-12 17:00:00+00:00,7.9,84,5.4,98,3,55,97,0.0,0.0,0.0,0.0,11.0,18.4,0.0,1020.3
2025-12-12 18:00:00+00:00,6.9,90,5.3,96,2,55,94,0.0,0.0,0.0,0.0,8.8,14.0,0.0,1021.4
2025-12-12 19:00:00+00:00,5.8,94,4.9,87,1,26,85,0.0,0.0,0.0,0.0,6.6,11.2,0.0,1022.3
2025-12-12 20:00:00+00:00,5.2,96,4.5,86,3,15,83,0.0,0.0,0.0,0.0,7.6,10.4,0.0,1023.4
2025-12-12 21:00:00+00:00,5.2,96,4.6,91,3,15,90,0.0,0.0,0.0,0.0,8.8,10.8,0.0,1024.0
2025-12-12 22:00:00+00:00,4.4,98,4.1,68,0,6,66,0.0,0.0,0.0,0.0,8.8,11.2,0.0,1024.7
2025-12-12 23:00:00+00:00,3.8,99,3.7,34,1,0,33,0.0,0.0,0.0,0.0,7.8,12.2,0.0,1025.3
2025-12-13 00:00:00+00:00,3.6,100,3.6,12,0,1,10,0.0,0.0,0.0,0.0,7.4,12.2,0.0,1025.7
2025-12-13 01:00:00+00:00,3.2,99,3.1,40,0,37,7,0.0,0.0,0.0,0.0,9.0,13.0,0.0,1026.1
2025-12-13 02:00:00+00:00,3.0,99,2.9,41,0,41,1,0.0,0.0,0.0,0.0,9.0,12.6,0.0,1026.1
2025-12-13 03:00:00+00:00,2.8,99,2.7,0,0,0,0,0.0,0.0,0.0,0.0,6.7,12.2,0.0,1026.6
2025-12-13 04:00:00+00:00,2.3,99,2.2,2,0,2,0,0.0,0.0,0.0,0.0,7.9,13.0,0.0,1026.7
2025-12-13 05:00:00+00:00,1.6,99,1.5,0,0,0,0,0.0,0.0,0.0,0.0,9.0,13.0,0.0,1026.7
2025-12-13 06:00:00+00:00,1.2,99,1.0,0,0,0,0,0.0,0.0,0.0,0.0,9.1,13.0,0.0,1027.0
2025-12-13 07:00:00+00:00,1.3,98,1.0,40,40,0,0,0.0,0.0,0.0,0.0,10.0,13.0,0.0,1027.8
2025-12-13 08:00:00+00:00,1.5,98,1.2,40,40,0,0,0.0,0.0,0.0,0.0,10.3,12.6,0.0,1028.0
2025-12-13 09:00:00+00:00,1.9,99,1.7,40,40,0,0,26.0,12.0,184.4,14.0,5.9,9.7,0.0,1028.6
2025-12-13 10:00:00+00:00,4.1,98,3.8,100,100,0,0,99.0,45.0,297.0,54.0,7.6,14.8,0.0,1029.1
2025-12-13 11:00:00+00:00,6.6,97,6.2,43,40,0,3,162.0,83.0,365.8,79.0,7.6,17.3,0.0,1029.0
2025-12-13 12:00:00+00:00,8.7,93,7.6,70,4,0,69,193.0,100.0,376.0,93.0,7.6,18.7,0.0,1028.4
2025-12-13 13:00:00+00:00,10.1,87,7.9,85,4,0,85,195.0,103.0,387.1,92.0,8.9,20.5,0.0,1028.0
2025-12-13 14:00:00+00:00,10.8,83,8.1,85,4,0,85,152.0,79.0,347.6,73.0,10.6,21.2,0.0,1027.2
2025-12-13 15:00:00+00:00,10.3,83,7.5,74,3,0,74,95.0,50.0,328.7,45.0,10.9,19.1,0.0,1027.0
2025-12-13 16:00:00+00:00,8.9,86,6.7,94,1,0,94,26.0,13.0,198.7,13.0,11.1,18.7,0.0,1026.7
2025-12-13 17:00:00+00:00,7.8,88,5.9,100,4,0,100,0.0,0.0,0.0,0.0,11.4,20.5,0.0,1026.8
2025-12-13 18:00:00+00:00,7.3,89,5.5,100,8,0,100,0.0,0.0,0.0,0.0,12.5,21.2,0.0,1026.8
2025-12-13 19:00:00+00:00,7.0,89,5.3,100,6,0,100,0.0,0.0,0.0,0.0,13.4,23.4,0.0,1026.5
2025-12-13 20:00:00+00:00,7.0,88,5.2,56,6,0,53,0.0,0.0,0.0,0.0,13.9,24.1,0.0,1026.4
2025-12-13 21:00:00+00:00,6.9,88,5.1,46,14,6,36,0.0,0.0,0.0,0.0,14.6,25.9,0.0,1026.1
2025-12-13 22:00:00+00:00,7.1,90,5.5,58,14,1,49,0.0,0.0,0.0,0.0,16.7,27.7,0.0,1025.6
2025-12-13 23:00:00+00:00,7.0,90,5.5,33,3,0,31,0.0,0.0,0.0,0.0,16.1,27.7,0.0,1025.6
2025-12-14 00:00:00+00:00,7.0,90,5.5,16,16,0,0,0.0,0.0,0.0,0.0,16.0,28.4,0.0,1025.0
2025-12-14 01:00:00+00:00,7.1,90,5.6,13,13,0,0,0.0,0.0,0.0,0.0,16.3,28.8,0.0,1024.4
2025-12-14 02:00:00+00:00,7.1,90,5.6,23,21,4,0,0.0,0.0,0.0,0.0,16.7,29.2,0.0,1023.8
2025-12-14 03:00:00+00:00,7.1,91,5.7,26,16,13,0,0.0,0.0,0.0,0.0,16.9,29.2,0.0,1023.2
2025-12-14 04:00:00+00:00,7.0,92,5.7,15,12,2,2,0.0,0.0,0.0,0.0,16.7,28.4,0.0,1022.6
2025-12-14 05:00:00+00:00,7.2,92,5.9,40,23,0,21,0.0,0.0,0.0,0.0,16.7,29.2,0.0,1021.9
2025-12-14 06:00:00+00:00,7.3,92,6.0,34,22,0,18,0.0,0.0,0.0,0.0,16.7,30.6,0.0,1021.7
2025-12-14 07:00:00+00:00,7.4,92,6.1,36,28,5,3,0.0,0.0,0.0,0.0,17.9,32.4,0.0,1021.2
2025-12-14 08:00:00+00:00,7.5,91,6.2,56,42,2,22,0.0,0.0,0.0,0.0,19.0,33.8,0.0,1020.9
2025-12-14 09:00:00+00:00,8.3,91,6.9,73,53,2,49,23.0,11.0,171.4,12.0,20.3,37.1,0.0,1020.9
2025-12-14 10:00:00+00:00,9.7,87,7.6,93,51,1,85,72.0,25.0,166.8,47.0,19.1,40.0,0.0,1020.5
2025-12-14 11:00:00+00:00,10.7,84,8.1,96,57,0,91,135.0,66.0,292.7,69.0,20.4,40.7,0.0,1020.0
2025-12-14 12:00:00+00:00,10.9,82,7.9,96,42,0,91,157.0,87.0,328.5,70.0,22.1,41.8,0.0,1019.0
2025-12-14 13:00:00+00:00,11.0,81,7.9,87,51,0,73,152.0,53.0,199.8,99.0,23.5,39.6,0.0,1017.9
2025-12-14 14:00:00+00:00,11.1,79,7.6,74,60,0,24,118.0,27.0,119.1,91.0,24.1,45.0,0.0,1017.1
2025-12-14 15:00:00+00:00,10.9,80,7.6,92,73,2,61,61.0,5.0,32.9,56.0,23.5,42.8,0.0,1016.3
2025-12-14 16:00:00+00:00,10.7,82,7.8,98,82,2,79,13.0,0.0,0.0,13.0,23.1,42.8,0.0,1015.7
2025-12-14 17:00:00+00:00,10.9,81,7.9,98,80,6,76,0.0,0.0,0.0,0.0,23.9,43.2,0.0,1015.1
2025-12-14 18:00:00+00:00,11.2,81,8.0,88,50,20,72,0.0,0.0,0.0,0.0,24.5,43.2,0.0,1014.4
2025-12-14 19:00:00+00:00,11.2,83,8.5,83,48,29,61,0.0,0.0,0.0,0.0,25.6,47.5,0.0,1013.8
2025-12-14 20:00:00+00:00,11.2,87,9.2,76,45,32,40,0.0,0.0,0.0,0.0,26.7,49.3,0.0,1013.5
2025-12-14 21:00:00+00:00,11.2,88,9.4,80,60,42,37,0.0,0.0,0.0,0.0,27.9,51.5,0.1,1012.8
2025-12-14 22:00:00+00:00,10.8,90,9.3,100,100,26,46,0.0,0.0,0.0,0.0,24.3,50.8,0.1,1011.9
2025-12-14 23:00:00+00:00,11.0,87,9.0,100,100,24,38,0.0,0.0,0.0,0.0,26.5,50.8,0.1,1011.6
2025-12-15 00:00:00+00:00,11.1,87,9.0,99,96,27,45,0.0,0.0,0.0,0.0,27.5,49.7,0.0,1011.0
2025-12-15 01:00:00+00:00,10.9,88,8.9,92,85,22,24,0.0,0.0,0.0,0.0,27.4,47.9,0.0,1010.1
2025-12-15 02:00:00+00:00,10.5,90,8.9,91,85,32,9,0.0,0.0,0.0,0.0,26.9,45.7,0.0,1009.2
2025-12-15 03:00:00+00:00,10.2,92,8.9,100,100,39,18,0.0,0.0,0.0,0.0,26.3,45.7,0.1,1008.9
2025-12-15 04:00:00+00:00,10.3,93,9.1,98,98,54,9,0.0,0.0,0.0,0.0,25.9,45.0,0.0,1007.9
2025-12-15 05:00:00+00:00,10.4,92,9.2,83,75,36,0,0.0,0.0,0.0,0.0,26.0,44.3,0.0,1007.3
2025-12-15 06:00:00+00:00,10.5,92,9.2,81,62,41,0,0.0,0.0,0.0,0.0,25.7,42.8,0.0,1006.9
2025-12-15 07:00:00+00:00,10.4,92,9.2,98,89,63,0,0.0,0.0,0.0,0.0,25.0,45.7,0.1,1006.5
2025-12-15 08:00:00+00:00,10.5,91,9.2,99,99,56,3,0.0,0.0,0.0,0.0,23.9,43.2,0.0,1006.2
2025-12-15 09:00:00+00:00,10.6,91,9.3,98,94,46,5,13.0,2.0,31.6,11.0,23.6,43.6,0.1,1006.3
2025-12-15 10:00:00+00:00,11.0,90,9.5,72,72,0,0,56.0,15.0,101.1,41.0,21.8,43.9,0.1,1005.9
2025-12-15 11:00:00+00:00,11.2,91,9.8,90,90,0,0,99.0,34.0,151.6,65.0,24.5,45.0,0.1,1005.6
2025-12-15 12:00:00+00:00,11.1,93,10.0,100,100,0,0,148.0,82.0,310.8,66.0,24.5,48.6,0.1,1005.0
2025-12-15 13:00:00+00:00,11.1,93,10.0,89,89,0,0,108.0,35.0,132.3,73.0,25.2,45.4,0.1,1004.3
2025-12-15 14:00:00+00:00,11.2,92,10.0,76,76,20,0,93.0,38.0,167.8,55.0,23.3,44.6,0.1,1004.2
2025-12-15 15:00:00+00:00,11.0,94,10.0,68,59,32,1,62.0,27.0,177.8,35.0,24.3,41.0,0.1,1003.9
2025-12-15 16:00:00+00:00,10.9,94,10.0,95,90,67,6,14.0,3.0,45.9,11.0,24.1,39.2,0.1,1003.9
2025-12-15 17:00:00+00:00,10.7,95,9.9,95,46,90,14,0.0,0.0,0.0,0.0,23.1,38.9,0.1,1004.1
2025-12-15 18:00:00+00:00,10.4,96,9.8,99,35,97,27,0.0,0.0,0.0,0.0,21.9,39.2,0.2,1004.1
2025-12-15 19:00:00+00:00,10.4,96,9.8,100,46,100,62,0.0,0.0,0.0,0.0,22.5,38.9,0.4,1004.5
2025-12-15 20:00:00+00:00,10.5,94,9.6,98,26,98,83,0.0,0.0,0.0,0.0,22.5,38.5,0.4,1004.4
2025-12-15 21:00:00+00:00,10.6,94,9.6,100,32,95,98,0.0,0.0,0.0,0.0,21.0,35.3,0.5,1004.5
2025-12-15 22:00:00+00:00,10.5,94,9.5,100,72,89,100,0.0,0.0,0.0,0.0,15.0,33.1,0.7,1004.3
2025-12-15 23:00:00+00:00,10.6,94,9.6,100,100,97,99,0.0,0.0,0.0,0.0,14.8,32.0,0.8,1004.3
2025-12-16 00:00:00+00:00,10.7,95,10.0,100,100,98,100,0.0,0.0,0.0,0.0,16.5,32.0,0.3,1003.9
2025-12-16 01:00:00+00:00,10.7,96,10.1,100,85,98,97,0.0,0.0,0.0,0.0,17.1,32.8,0.0,1003.7
2025-12-16 02:00:00+00:00,10.8,95,10.1,99,43,93,76,0.0,0.0,0.0,0.0,17.4,32.8,0.0,1003.5
2025-12-16 03:00:00+00:00,10.9,95,10.2,93,44,80,86,0.0,0.0,0.0,0.0,18.9,33.1,0.6,1003.6
2025-12-16 04:00:00+00:00,11.1,94,10.2,99,82,96,86,0.0,0.0,0.0,0.0,19.2,36.7,0.6,1003.2
2025-12-16 05:00:00+00:00,11.1,94,10.2,100,100,93,97,0.0,0.0,0.0,0.0,18.8,38.5,0.9,1003.4
2025-12-16 06:00:00+00:00,11.2,95,10.4,100,100,97,98,0.0,0.0,0.0,0.0,15.5,32.8,0.5,1004.2
2025-12-16 07:00:00+00:00,11.1,97,10.6,100,100,98,83,0.0,0.0,0.0,0.0,9.7,19.4,0.1,1005.0
2025-12-16 08:00:00+00:00,10.7,97,10.3,100,100,100,55,0.0,0.0,0.0,0.0,7.2,20.5,0.0,1006.0
2025-12-16 09:00:00+00:00,9.9,96,9.3,100,100,95,71,7.0,0.0,0.0,7.0,11.3,23.8,0.0,1007.5
2025-12-16 10:00:00+00:00,9.2,95,8.4,100,100,99,77,26.0,0.0,0.0,26.0,14.1,28.4,0.0,1008.4
2025-12-16 11:00:00+00:00,8.9,92,7.6,100,100,88,14,57.0,4.0,17.9,53.0,16.0,31.0,0.0,1009.1
2025-12-16 12:00:00+00:00,8.8,88,7.0,100,100,23,14,95.0,19.0,72.2,76.0,16.8,34.6,0.0,1009.6
2025-12-16 13:00:00+00:00,8.8,85,6.4,100,100,22,16,82.0,1.0,3.8,81.0,17.5,33.8,0.0,1010.4
2025-12-16 14:00:00+00:00,8.9,83,6.1,100,100,47,53,70.0,6.0,26.5,64.0,18.8,31.0,0.0,1011.0
2025-12-16 15:00:00+00:00,8.7,80,5.5,99,86,66,80,48.0,4.0,26.3,44.0,17.3,30.6,0.0,1011.7
2025-12-16 16:00:00+00:00,8.3,81,5.2,98,69,78,88,14.0,0.0,0.0,14.0,15.7,27.0,0.0,1012.2
2025-12-16 17:00:00+00:00,7.5,84,5.1,73,39,66,0,0.0,0.0,0.0,0.0,14.1,23.0,0.0,1013.0
2025-12-16 18:00:00+00:00,7.0,88,5.2,42,28,24,1,0.0,0.0,0.0,0.0,13.6,20.5,0.0,1014.2
2025-12-16 19:00:00+00:00,6.2,91,4.9,37,17,26,1,0.0,0.0,0.0,0.0,12.6,23.0,0.0,1014.8
2025-12-16 20:00:00+00:00,5.6,93,4.5,12,12,0,0,0.0,0.0,0.0,0.0,12.1,21.6,0.0,1015.3
2025-12-16 21:00:00+00:00,5.0,94,4.1,9,9,0,0,0.0,0.0,0.0,0.0,11.6,20.5,0.0,1016.0
2025-12-16 22:00:00+00:00,4.2,95,3.4,12,9,0,4,0.0,0.0,0.0,0.0,8.7,14.0,0.0,1016.2
2025-12-16 23:00:00+00:00,3.3,96,2.7,12,8,0,4,0.0,0.0,0.0,0.0,6.8,11.5,0.0,1016.4
2025-12-17 00:00:00+00:00,2.2,97,1.8,5,3,0,3,0.0,0.0,0.0,0.0,6.1,10.4,0.0,1016.8
2025-12-17 01:00:00+00:00,1.3,98,1.0,46,2,0,45,0.0,0.0,0.0,0.0,8.1,10.8,0.0,1016.8
2025-12-17 02:00:00+00:00,1.5,99,1.3,100,100,0,52,0.0,0.0,0.0,0.0,5.2,7.9,0.0,1016.4
2025-12-17 03:00:00+00:00,0.4,99,0.2,100,100,0,44,0.0,0.0,0.0,0.0,6.1,8.3,0.0,1016.7
2025-12-17 04:00:00+00:00,0.3,100,0.3,100,100,0,57,0.0,0.0,0.0,0.0,6.7,10.8,0.0,1017.3
2025-12-17 05:00:00+00:00,0.9,100,0.9,100,100,39,21,0.0,0.0,0.0,0.0,8.1,15.1,0.0,1017.0
2025-12-17 06:00:00+00:00,1.6,100,1.6,100,100,0,48,0.0,0.0,0.0,0.0,9.4,19.1,0.0,1017.0
2025-12-17 07:00:00+00:00,2.0,100,2.0,100,100,25,89,0.0,0.0,0.0,0.0,10.6,18.7,0.0,1017.2
2025-12-17 08:00:00+00:00,3.0,100,3.0,100,98,74,100,0.0,0.0,0.0,0.0,12.4,21.6,0.0,1017.2
2025-12-17 09:00:00+00:00,4.8,96,4.2,100,53,95,100,10.0,0.0,0.0,10.0,15.2,25.2,0.0,1017.1
2025-12-17 10:00:00+00:00,6.6,93,5.5,100,59,99,100,39.0,0.0,0.0,39.0,17.2,31.0,0.0,1017.0
2025-12-17 11:00:00+00:00,8.3,88,6.4,100,32,98,100,64.0,0.0,0.0,64.0,20.7,37.8,0.0,1016.4
2025-12-17 12:00:00+00:00,9.1,86,6.9,100,60,98,100,67.0,0.0,0.0,67.0,23.6,42.5,0.1,1015.7
2025-12-17 13:00:00+00:00,9.8,87,7.8,100,78,99,100,56.0,0.0,0.0,56.0,24.5,46.4,0.1,1014.9
2025-12-17 14:00:00+00:00,10.1,87,8.0,100,80,97,100,45.0,0.0,0.0,45.0,25.6,49.7,0.1,1013.9
2025-12-17 15:00:00+00:00,10.3,86,8.0,98,83,76,90,21.0,0.0,0.0,21.0,26.2,50.8,0.0,1013.3
2025-12-17 16:00:00+00:00,10.3,86,8.0,100,98,84,73,5.0,0.0,0.0,5.0,26.5,50.4,0.2,1012.9
2025-12-17 17:00:00+00:00,10.4,86,8.1,100,100,97,34,0.0,0.0,0.0,0.0,28.0,54.0,0.1,1012.6
2025-12-17 18:00:00+00:00,10.6,84,8.0,100,100,99,0,0.0,0.0,0.0,0.0,29.9,56.2,0.0,1011.7
2025-12-17 19:00:00+00:00,10.6,84,8.1,100,100,96,0,0.0,0.0,0.0,0.0,30.7,57.6,0.0,1011.2
2025-12-17 20:00:00+00:00,10.6,87,8.4,100,100,83,4,0.0,0.0,0.0,0.0,31.8,59.8,0.0,1010.6
2025-12-17 21:00:00+00:00,10.6,88,8.7,100,100,64,31,0.0,0.0,0.0,0.0,32.8,60.8,0.1,1010.2
2025-12-17 22:00:00+00:00,11.0,87,9.0,100,100,90,98,0.0,0.0,0.0,0.0,28.3,61.9,0.0,1009.6
2025-12-17 23:00:00+00:00,10.9,90,9.3,100,100,100,99,0.0,0.0,0.0,0.0,29.4,68.0,0.3,1009.0
2025-12-18 00:00:00+00:00,10.7,94,9.7,100,100,100,99,0.0,0.0,0.0,0.0,29.8,74.5,1.2,1008.7
2025-12-18 01:00:00+00:00,10.8,95,10.1,100,100,100,100,0.0,0.0,0.0,0.0,30.7,63.4,1.8,1008.3
2025-12-18 02:00:00+00:00,11.1,97,10.6,100,100,100,100,0.0,0.0,0.0,0.0,30.2,52.6,0.8,1007.9
2025-12-18 03:00:00+00:00,11.3,98,11.0,100,100,99,100,0.0,0.0,0.0,0.0,27.1,42.8,0.2,1008.1
2025-12-18 04:00:00+00:00,11.4,99,11.2,100,100,54,100,0.0,0.0,0.0,0.0,23.2,31.3,0.1,1007.8
2025-12-18 05:00:00+00:00,11.3,99,11.1,100,100,7,100,0.0,0.0,0.0,0.0,20.1,25.9,0.0,1007.8
2025-12-18 06:00:00+00:00,11.2,99,11.1,100,100,31,100,0.0,0.0,0.0,0.0,18.9,27.4,0.0,1007.6
2025-12-18 07:00:00+00:00,11.3,99,11.1,100,100,44,100,0.0,0.0,0.0,0.0,17.9,32.8,0.0,1007.5
2025-12-18 08:00:00+00:00,11.4,98,11.2,100,100,59,100,0.0,0.0,0.0,0.0,16.5,31.3,0.0,1007.0
2025-12-18 09:00:00+00:00,11.4,98,11.1,100,100,91,100,3.0,0.0,0.0,3.0,18.7,34.6,0.0,1006.5
2025-12-18 10:00:00+00:00,11.3,97,10.9,100,100,100,100,11.0,0.0,0.0,11.0,21.3,43.9,0.2,1005.0
2025-12-18 11:00:00+00:00,11.2,97,10.8,100,100,100,100,15.0,0.0,0.0,15.0,25.5,54.0,1.0,1003.8
2025-12-18 12:00:00+00:00,11.4,96,10.8,100,100,100,100,10.0,0.0,0.0,10.0,29.9,62.6,2.7,1002.1
2025-12-18 13:00:00+00:00,11.8,93,10.7,100,100,100,100,10.0,0.0,0.0,10.0,37.5,75.6,2.5,1000.6
2025-12-18 14:00:00+00:00,11.8,90,10.2,100,100,100,100,9.0,0.0,0.0,9.0,40.3,75.2,1.5,999.7
2025-12-18 15:00:00+00:00,11.4,89,9.7,100,100,100,100,6.0,0.0,0.0,6.0,40.4,78.5,1.0,998.8
2025-12-18 16:00:00+00:00,11.8,92,10.5,100,100,100,100,2.0,0.0,0.0,2.0,42.3,78.5,0.6,997.9
2025-12-18 17:00:00+00:00,12.4,96,11.7,100,100,93,100,0.0,0.0,0.0,0.0,38.2,66.6,0.4,997.6
2025-12-18 18:00:00+00:00,11.9,92,10.7,100,97,35,98,0.0,0.0,0.0,0.0,30.4,52.6,0.0,998.9
2025-12-18 19:00:00+00:00,10.8,87,8.7,99,35,27,99,0.0,0.0,0.0,0.0,26.4,48.2,0.1,1001.5
2025-12-18 20:00:00+00:00,10.6,87,8.5,100,72,64,100,0.0,0.0,0.0,0.0,22.9,41.4,0.0,1003.2
2025-12-18 21:00:00+00:00,11.2,89,9.5,100,100,99,100,0.0,0.0,0.0,0.0,22.8,41.4,0.0,1004.4
2025-12-18 22:00:00+00:00,10.8,92,9.5,100,98,100,100,0.0,0.0,0.0,0.0,18.2,36.4,0.2,1005.3
2025-12-18 23:00:00+00:00,10.3,91,8.9,100,50,98,100,0.0,0.0,0.0,0.0,16.9,31.0,0.2,1006.5
2025-12-19 00:00:00+00:00,9.6,89,7.8,100,4,93,100,0.0,0.0,0.0,0.0,14.9,28.4,0.0,1007.5
2025-12-19 01:00:00+00:00,8.6,88,6.8,100,4,71,99,0.0,0.0,0.0,0.0,14.1,25.9,0.0,1008.8
2025-12-19 02:00:00+00:00,7.7,89,6.0,99,1,51,99,0.0,0.0,0.0,0.0,13.4,24.5,0.0,1009.9
2025-12-19 03:00:00+00:00,7.1,90,5.5,95,1,16,95,0.0,0.0,0.0,0.0,13.9,25.9,0.0,1011.1
2025-12-19 04:00:00+00:00,7.0,88,5.2,68,0,3,68,0.0,0.0,0.0,0.0,14.8,28.1,0.0,1011.5
2025-12-19 05:00:00+00:00,6.9,88,5.1,20,0,0,20,0.0,0.0,0.0,0.0,14.3,27.7,0.0,1012.5
2025-12-19 06:00:00+00:00,6.8,88,4.9,52,0,0,52,0.0,0.0,0.0,0.0,14.4,28.1,0.0,1013.3
2025-12-19 07:00:00+00:00,6.7,88,4.9,17,0,0,17,0.0,0.0,0.0,0.0,14.8,26.6,0.0,1013.9
2025-12-19 08:00:00+00:00,6.7,88,4.8,8,1,0,7,0.0,0.0,0.0,0.0,15.2,27.4,0.0,1015.0
2025-12-19 09:00:00+00:00,7.0,87,5.0,9,6,0,4,22.0,11.0,182.1,11.0,15.7,28.1,0.0,1015.8
2025-12-19 10:00:00+00:00,8.4,85,6.0,14,3,2,11,104.0,64.0,446.3,40.0,14.7,30.2,0.0,1016.5
2025-12-19 11:00:00+00:00,9.7,80,6.5,6,6,2,0,173.0,114.0,517.5,59.0,15.0,32.0,0.0,1016.8
2025-12-19 12:00:00+00:00,10.6,77,6.8,3,2,2,0,221.0,161.0,616.5,60.0,14.5,28.8,0.0,1017.0
2025-12-19 13:00:00+00:00,10.9,75,6.7,1,1,0,0,215.0,158.0,600.3,57.0,15.4,28.1,0.0,1016.9
2025-12-19 14:00:00+00:00,11.0,73,6.4,0,0,0,0,176.0,119.0,525.9,57.0,16.8,29.9,0.0,1017.2
2025-12-19 15:00:00+00:00,10.5,75,6.2,2,2,0,0,104.0,63.0,411.9,41.0,15.4,25.2,0.0,1017.6
2025-12-19 16:00:00+00:00,9.1,80,5.8,9,9,0,0,28.0,14.0,211.3,14.0,13.8,20.9,0.0,1017.5
2025-12-19 17:00:00+00:00,7.8,86,5.5,15,15,1,0,0.0,0.0,0.0,0.0,12.6,18.7,0.0,1017.9
2025-12-19 18:00:00+00:00,7.1,88,5.2,15,15,3,0,0.0,0.0,0.0,0.0,11.8,18.4,0.0,1018.0
2025-12-19 19:00:00+00:00,6.5,90,4.9,22,20,5,0,0.0,0.0,0.0,0.0,10.3,18.0,0.0,1018.3
2025-12-19 20:00:00+00:00,6.1,91,4.8,11,10,5,0,0.0,0.0,0.0,0.0,9.0,15.5,0.0,1018.2
2025-12-19 21:00:00+00:00,5.3,94,4.4,18,17,7,0,0.0,0.0,0.0,0.0,8.5,14.4,0.0,1018.2
2025-12-19 22:00:00+00:00,5.0,95,4.2,22,20,8,0,0.0,0.0,0.0,0.0,8.7,13.3,0.0,1018.1
2025-12-19 23:00:00+00:00,5.0,95,4.2,20,16,10,0,0.0,0.0,0.0,0.0,8.2,12.6,0.0,1017.7
2025-12-20 00:00:00+00:00,4.7,96,4.1,23,19,14,0,0.0,0.0,0.0,0.0,7.9,12.2,0.0,1017.0
2025-12-20 01:00:00+00:00,4.9,95,4.2,26,20,16,0,0.0,0.0,0.0,0.0,8.7,13.7,0.0,1016.9
2025-12-20 02:00:00+00:00,5.0,95,4.3,38,30,20,0,0.0,0.0,0.0,0.0,9.4,15.8,0.0,1016.2
2025-12-20 03:00:00+00:00,4.9,96,4.2,36,30,16,0,0.0,0.0,0.0,0.0,10.4,18.7,0.0,1015.6
2025-12-20 04:00:00+00:00,4.8,97,4.3,39,33,20,0,0.0,0.0,0.0,0.0,10.9,19.8,0.1,1015.0
2025-12-20 05:00:00+00:00,5.2,97,4.7,39,29,20,0,0.0,0.0,0.0,0.0,11.5,20.9,0.1,1014.4
2025-12-20 06:00:00+00:00,5.7,96,5.0,51,38,39,0,0.0,0.0,0.0,0.0,12.9,22.3,0.1,1014.0
2025-12-20 07:00:00+00:00,5.6,96,4.9,38,25,24,0,0.0,0.0,0.0,0.0,13.7,23.4,0.1,1013.6
2025-12-20 08:00:00+00:00,5.5,96,4.8,30,25,19,0,0.0,0.0,0.0,0.0,14.1,24.8,0.0,1013.2
2025-12-20 09:00:00+00:00,6.2,94,5.3,22,20,4,0,17.0,8.0,133.8,9.0,15.0,26.3,0.0,1012.9
2025-12-20 10:00:00+00:00,7.5,89,5.8,29,29,1,0,82.0,46.0,323.0,36.0,16.3,29.5,0.0,1012.6
2025-12-20 11:00:00+00:00,8.8,85,6.4,31,31,1,0,157.0,104.0,473.6,53.0,17.5,32.8,0.0,1011.8
2025-12-20 12:00:00+00:00,9.5,80,6.1,25,25,0,0,197.0,131.0,502.4,66.0,16.1,34.6,0.0,1011.1
2025-12-20 13:00:00+00:00,9.8,76,5.8,19,18,2,0,207.0,145.0,551.0,62.0,16.5,33.5,0.0,1009.9
2025-12-20 14:00:00+00:00,9.8,75,5.5,37,36,4,0,169.0,113.0,498.7,56.0,18.0,32.8,0.0,1009.3
2025-12-20 15:00:00+00:00,9.1,79,5.7,44,21,32,7,99.0,62.0,403.8,37.0,17.5,31.3,0.0,1008.8
2025-12-20 16:00:00+00:00,8.1,87,6.1,50,11,4,41,27.0,13.0,195.1,14.0,17.9,33.1,0.0,1007.9
2025-12-20 17:00:00+00:00,8.2,89,6.5,82,30,0,70,0.0,0.0,0.0,0.0,18.8,36.0,0.0,1007.3
2025-12-20 18:00:00+00:00,8.4,88,6.5,97,40,30,95,0.0,0.0,0.0,0.0,19.1,37.1,0.0,1007.1
2025-12-20 19:00:00+00:00,8.6,87,6.6,100,98,46,91,0.0,0.0,0.0,0.0,20.6,37.4,0.0,1006.5
2025-12-20 20:00:00+00:00,9.2,85,6.8,99,56,72,95,0.0,0.0,0.0,0.0,21.3,39.2,0.3,1006.1
2025-12-20 21:00:00+00:00,9.6,86,7.4,99,80,85,88,0.0,0.0,0.0,0.0,21.0,38.5,0.3,1005.6
2025-12-20 22:00:00+00:00,9.2,91,7.9,91,61,57,76,0.0,0.0,0.0,0.0,17.2,36.4,0.4,1005.7
2025-12-20 23:00:00+00:00,9.7,90,8.1,98,97,61,73,0.0,0.0,0.0,0.0,15.7,32.8,0.1,1005.8
2025-12-21 00:00:00+00:00,9.9,89,8.1,81,49,56,28,0.0,0.0,0.0,0.0,13.8,30.6,0.1,1005.6
2025-12-21 01:00:00+00:00,9.6,92,8.4,69,15,58,24,0.0,0.0,0.0,0.0,13.4,25.9,0.0,1005.5
2025-12-21 02:00:00+00:00,8.9,95,8.1,95,13,90,57,0.0,0.0,0.0,0.0,12.7,22.3,0.0,1005.4
2025-12-21 03:00:00+00:00,8.7,96,8.1,95,28,65,86,0.0,0.0,0.0,0.0,11.3,20.5,0.1,1005.7
2025-12-21 04:00:00+00:00,8.6,96,8.0,98,56,59,93,0.0,0.0,0.0,0.0,10.3,17.6,0.1,1005.9
2025-12-21 05:00:00+00:00,8.5,96,7.9,94,36,54,93,0.0,0.0,0.0,0.0,8.7,14.4,0.0,1006.0
2025-12-21 06:00:00+00:00,8.0,97,7.6,98,34,42,96,0.0,0.0,0.0,0.0,7.4,12.6,0.0,1006.1
2025-12-21 07:00:00+00:00,7.8,97,7.4,96,35,24,94,0.0,0.0,0.0,0.0,7.7,15.1,0.0,1006.1
2025-12-21 08:00:00+00:00,7.7,98,7.4,100,40,42,100,0.0,0.0,0.0,0.0,9.2,18.0,0.0,1006.3
2025-12-21 09:00:00+00:00,7.8,98,7.5,100,50,10,100,14.0,3.0,50.6,11.0,11.2,20.5,0.0,1006.6
2025-12-21 10:00:00+00:00,8.9,98,8.7,100,67,29,100,73.0,30.0,212.0,43.0,13.0,22.7,0.0,1006.7
2025-12-21 11:00:00+00:00,9.6,97,9.1,99,59,70,97,93.0,19.0,86.8,74.0,16.7,27.4,0.1,1006.6
2025-12-21 12:00:00+00:00,9.9,94,8.9,100,45,98,100,121.0,39.0,149.7,82.0,17.4,33.5,0.2,1006.5
2025-12-21 13:00:00+00:00,9.8,94,9.0,100,24,100,99,115.0,23.0,87.4,92.0,16.8,29.9,0.8,1005.6
2025-12-21 14:00:00+00:00,9.8,93,8.7,100,18,100,100,105.0,19.0,83.7,86.0,16.0,27.7,0.3,1005.5
2025-12-21 15:00:00+00:00,9.6,92,8.4,100,45,96,100,38.0,4.0,25.9,34.0,14.2,29.2,0.1,1005.1
2025-12-21 16:00:00+00:00,9.6,93,8.5,100,95,96,99,11.0,0.0,0.0,11.0,16.0,33.8,0.0,1004.6
2025-12-21 17:00:00+00:00,9.8,93,8.8,100,100,100,100,0.0,0.0,0.0,0.0,18.3,37.1,0.0,1004.1
2025-12-21 18:00:00+00:00,9.9,95,9.2,100,100,100,99,0.0,0.0,0.0,0.0,19.4,37.8,0.0,1003.4
2025-12-21 19:00:00+00:00,10.1,95,9.3,100,100,99,98,0.0,0.0,0.0,0.0,20.3,36.7,0.1,1003.4
2025-12-21 20:00:00+00:00,10.3,94,9.4,100,100,81,98,0.0,0.0,0.0,0.0,20.2,36.0,0.1,1003.0
2025-12-21 21:00:00+00:00,10.6,94,9.7,100,97,93,100,0.0,0.0,0.0,0.0,20.0,37.1,0.2,1003.2
2025-12-21 22:00:00+00:00,10.7,93,9.6,100,100,93,97,0.0,0.0,0.0,0.0,19.9,37.1,0.2,1002.4
2025-12-21 23:00:00+00:00,10.8,94,9.8,100,99,96,94,0.0,0.0,0.0,0.0,21.8,37.4,0.2,1002.4
2025-12-22 00:00:00+00:00,10.9,93,9.8,100,100,71,98,0.0,0.0,0.0,0.0,22.0,37.4,0.1,1002.0
2025-12-22 01:00:00+00:00,11.1,91,9.7,100,100,51,98,0.0,0.0,0.0,0.0,21.6,37.4,0.0,1001.7
2025-12-22 02:00:00+00:00,11.5,90,9.8,100,100,80,86,0.0,0.0,0.0,0.0,24.4,41.4,0.0,1001.6
2025-12-22 03:00:00+00:00,11.8,89,10.0,100,99,32,74,0.0,0.0,0.0,0.0,24.8,42.8,0.0,1002.2
2025-12-22 04:00:00+00:00,11.3,91,9.9,100,71,28,98,0.0,0.0,0.0,0.0,19.9,37.8,0.0,1002.8
2025-12-22 05:00:00+00:00,10.6,93,9.5,100,25,58,100,0.0,0.0,0.0,0.0,16.1,32.4,0.1,1003.5
2025-12-22 06:00:00+00:00,10.2,94,9.2,100,25,51,100,0.0,0.0,0.0,0.0,12.0,28.8,0.0,1003.8
2025-12-22 07:00:00+00:00,9.5,94,8.5,99,41,1,98,0.0,0.0,0.0,0.0,9.8,16.9,0.0,1004.4
2025-12-22 08:00:00+00:00,8.8,94,7.9,99,27,0,97,0.0,0.0,0.0,0.0,9.1,15.8,0.0,1005.3
2025-12-22 09:00:00+00:00,8.5,95,7.7,97,30,20,97,14.0,2.0,34.0,12.0,9.5,16.2,0.0,1006.3
2025-12-22 10:00:00+00:00,9.5,94,8.6,99,16,2,99,83.0,37.0,262.8,46.0,9.3,22.3,0.0,1007.3
2025-12-22 11:00:00+00:00,10.0,92,8.8,100,14,9,100,88.0,4.0,18.3,84.0,8.8,21.2,0.0,1007.4
2025-12-22 12:00:00+00:00,10.2,90,8.7,100,22,17,100,81.0,1.0,3.8,80.0,9.8,23.8,0.0,1007.5
2025-12-22 13:00:00+00:00,10.1,89,8.4,100,14,20,100,101.0,12.0,45.6,89.0,9.1,24.1,0.0,1007.2
2025-12-22 14:00:00+00:00,10.0,88,8.1,99,3,0,99,95.0,3.0,13.2,92.0,9.6,19.1,0.0,1006.8
2025-12-22 15:00:00+00:00,9.5,89,7.9,100,2,2,100,56.0,1.0,6.4,55.0,11.3,11.5,0.0,1007.5
2025-12-22 16:00:00+00:00,8.8,91,7.4,96,29,49,96,12.0,0.0,0.0,12.0,8.7,12.2,0.0,1008.2
2025-12-22 17:00:00+00:00,8.4,92,7.2,100,99,90,100,0.0,0.0,0.0,0.0,9.6,18.4,0.0,1008.5
2025-12-22 18:00:00+00:00,8.2,92,7.1,100,100,99,97,0.0,0.0,0.0,0.0,11.0,13.0,0.0,1009.1
2025-12-22 19:00:00+00:00,7.8,94,6.9,100,97,94,100,0.0,0.0,0.0,0.0,11.5,20.9,0.0,1009.5
2025-12-22 20:00:00+00:00,8.1,93,7.1,100,46,52,100,0.0,0.0,0.0,0.0,10.7,18.7,0.0,1009.8
2025-12-22 21:00:00+00:00,8.5,93,7.5,100,45,94,96,0.0,0.0,0.0,0.0,9.7,16.2,0.0,1010.2
2025-12-22 22:00:00+00:00,9.2,95,8.4,100,81,91,99,0.0,0.0,0.0,0.0,10.6,18.4,0.0,1010.6
2025-12-22 23:00:00+00:00,9.0,96,8.4,100,100,97,99,0.0,0.0,0.0,0.0,12.8,22.7,0.0,1010.8
2025-12-23 00:00:00+00:00,9.0,95,8.3,100,100,97,100,0.0,0.0,0.0,0.0,14.2,24.5,0.0,1011.0
2025-12-23 01:00:00+00:00,8.9,94,8.0,100,100,96,80,0.0,0.0,0.0,0.0,15.0,24.5,0.0,1011.3
2025-12-23 02:00:00+00:00,8.8,94,7.8,100,100,100,70,0.0,0.0,0.0,0.0,15.0,24.8,0.0,1011.3
2025-12-23 03:00:00+00:00,8.4,93,7.4,100,99,100,78,0.0,0.0,0.0,0.0,15.0,26.3,0.0,1011.9
2025-12-23 04:00:00+00:00,8.1,93,7.0,100,87,99,90,0.0,0.0,0.0,0.0,15.6,27.7,0.0,1012.1
2025-12-23 05:00:00+00:00,7.8,92,6.6,100,56,95,86,0.0,0.0,0.0,0.0,16.1,28.1,0.0,1012.5
2025-12-23 06:00:00+00:00,7.7,91,6.3,99,71,75,90,0.0,0.0,0.0,0.0,16.6,28.4,0.0,1013.1
2025-12-23 07:00:00+00:00,7.2,92,6.0,100,92,42,94,0.0,0.0,0.0,0.0,17.8,31.0,0.0,1013.7
2025-12-23 08:00:00+00:00,7.0,92,5.8,100,98,19,95,0.0,0.0,0.0,0.0,17.7,32.8,0.0,1014.5
2025-12-23 09:00:00+00:00,7.0,91,5.7,100,100,7,93,11.0,0.0,0.0,11.0,20.1,37.4,0.0,1015.4
2025-12-23 10:00:00+00:00,6.9,88,5.1,100,100,15,97,49.0,2.0,14.3,47.0,20.5,39.6,0.0,1016.3
2025-12-23 11:00:00+00:00,7.0,87,5.0,100,100,9,94,80.0,5.0,22.9,75.0,20.5,40.3,0.0,1016.9
2025-12-23 12:00:00+00:00,7.0,85,4.7,100,100,2,86,85.0,2.0,7.7,83.0,20.9,40.3,0.0,1017.4
2025-12-23 13:00:00+00:00,7.1,83,4.4,100,100,1,81,85.0,2.0,7.6,83.0,21.6,41.4,0.0,1017.5
2025-12-23 14:00:00+00:00,7.1,82,4.3,100,100,1,71,76.0,15.0,65.7,61.0,21.9,41.4,0.0,1017.7
2025-12-23 15:00:00+00:00,7.1,82,4.2,100,100,0,65,46.0,2.0,12.8,44.0,21.3,39.2,0.0,1018.2
2025-12-23 16:00:00+00:00,7.0,82,4.1,100,100,0,23,11.0,0.0,0.0,11.0,19.4,35.6,0.0,1019.0
2025-12-23 17:00:00+00:00,6.9,82,4.0,100,100,0,3,0.0,0.0,0.0,0.0,19.2,37.1,0.0,1019.8
2025-12-23 18:00:00+00:00,6.7,82,3.9,100,100,0,0,0.0,0.0,0.0,0.0,20.1,38.9,0.0,1020.7
2025-12-23 19:00:00+00:00,6.6,81,3.7,99,99,0,0,0.0,0.0,0.0,0.0,21.4,39.2,0.0,1021.5
2025-12-23 20:00:00+00:00,6.6,81,3.5,100,100,0,0,0.0,0.0,0.0,0.0,22.1,40.7,0.0,1022.0
2025-12-23 21:00:00+00:00,6.5,81,3.5,100,100,0,0,0.0,0.0,0.0,0.0,22.7,41.8,0.0,1022.8
2025-12-23 22:00:00+00:00,6.4,81,3.4,100,100,0,0,0.0,0.0,0.0,0.0,21.3,42.1,0.0,1023.4
2025-12-23 23:00:00+00:00,6.3,81,3.3,100,100,0,0,0.0,0.0,0.0,0.0,22.7,41.8,0.0,1024.2
2025-12-24 00:00:00+00:00,6.2,81,3.3,100,100,0,0,0.0,0.0,0.0,0.0,23.3,41.8,0.0,1024.5
2025-12-24 01:00:00+00:00,6.2,81,3.2,98,98,0,0,0.0,0.0,0.0,0.0,23.5,41.8,0.0,1025.1
2025-12-24 02:00:00+00:00,6.2,81,3.1,100,100,0,0,0.0,0.0,0.0,0.0,23.1,41.8,0.0,1025.6
2025-12-24 03:00:00+00:00,6.2,79,2.8,100,100,0,0,0.0,0.0,0.0,0.0,23.5,42.5,0.0,1026.2
2025-12-24 04:00:00+00:00,5.9,78,2.4,94,94,0,0,0.0,0.0,0.0,0.0,23.7,42.1,0.0,1026.6
2025-12-24 05:00:00+00:00,6.0,76,2.1,84,84,0,0,0.0,0.0,0.0,0.0,23.4,42.8,0.0,1026.8
2025-12-24 06:00:00+00:00,5.9,75,1.8,69,69,0,1,0.0,0.0,0.0,0.0,23.7,43.6,0.0,1027.4
2025-12-24 07:00:00+00:00,5.8,75,1.7,74,73,0,5,0.0,0.0,0.0,0.0,24.4,45.4,0.0,1028.1
2025-12-24 08:00:00+00:00,5.6,76,1.6,86,82,0,17,0.0,0.0,0.0,0.0,25.0,47.2,0.0,1029.1
2025-12-24 09:00:00+00:00,5.2,75,1.2,82,79,0,18,10.0,3.0,51.7,7.0,26.3,47.9,0.0,1030.2
2025-12-24 10:00:00+00:00,4.9,74,0.6,72,72,0,4,51.0,9.0,64.5,42.0,25.2,50.4,0.0,1031.1
2025-12-24 11:00:00+00:00,5.1,71,0.2,68,68,0,0,93.0,30.0,137.6,63.0,27.6,52.6,0.0,1031.6
2025-12-24 12:00:00+00:00,5.5,66,-0.5,46,46,0,0,136.0,43.0,165.1,93.0,28.3,55.1,0.0,1031.5
2025-12-24 13:00:00+00:00,5.7,64,-0.6,42,42,0,0,176.0,84.0,317.9,92.0,28.2,53.6,0.0,1031.4
2025-12-24 14:00:00+00:00,5.5,66,-0.3,35,35,0,0,171.0,103.0,449.9,68.0,28.9,50.4,0.0,1031.2
2025-12-24 15:00:00+00:00,5.0,68,-0.4,37,37,0,0,116.0,66.0,420.1,50.0,26.9,47.9,0.0,1031.5
2025-12-24 16:00:00+00:00,4.1,69,-1.0,25,25,0,0,32.0,16.0,232.5,16.0,26.9,46.8,0.0,1031.7
2025-12-24 17:00:00+00:00,3.6,70,-1.4,29,29,0,0,0.0,0.0,0.0,0.0,26.8,47.5,0.0,1032.1
2025-12-24 18:00:00+00:00,3.2,72,-1.3,29,29,0,0,0.0,0.0,0.0,0.0,27.0,48.2,0.0,1032.1
2025-12-24 19:00:00+00:00,3.3,74,-0.8,38,38,0,0,0.0,0.0,0.0,0.0,27.7,51.1,0.0,1032.2
2025-12-24 20:00:00+00:00,3.6,76,-0.3,43,43,0,0,0.0,0.0,0.0,0.0,27.8,51.5,0.0,1032.1
2025-12-24 21:00:00+00:00,3.8,76,-0.0,50,50,0,0,0.0,0.0,0.0,0.0,28.3,52.9,0.0,1031.9
2025-12-24 22:00:00+00:00,3.7,75,-0.2,38,38,0,0,0.0,0.0,0.0,0.0,28.5,52.2,0.0,1031.5
2025-12-24 23:00:00+00:00,3.7,75,-0.3,24,24,0,0,0.0,0.0,0.0,0.0,29.2,52.2,0.0,1031.0
2025-12-25 00:00:00+00:00,3.4,76,-0.4,14,14,0,0,0.0,0.0,0.0,0.0,29.5,52.6,0.0,1030.0
2025-12-25 01:00:00+00:00,3.3,76,-0.6,35,35,0,0,0.0,0.0,0.0,0.0,30.9,53.3,0.0,1029.5
2025-12-25 02:00:00+00:00,3.3,76,-0.6,44,44,0,0,0.0,0.0,0.0,0.0,32.6,54.7,0.0,1028.6
2025-12-25 03:00:00+00:00,3.3,74,-1.0,24,24,0,0,0.0,0.0,0.0,0.0,33.2,56.5,0.0,1027.9
2025-12-25 04:00:00+00:00,3.3,72,-1.3,21,21,0,0,0.0,0.0,0.0,0.0,32.8,58.7,0.0,1027.5
2025-12-25 05:00:00+00:00,3.0,73,-1.4,18,18,0,0,0.0,0.0,0.0,0.0,32.2,59.0,0.0,1027.5
2025-12-25 06:00:00+00:00,3.0,72,-1.5,14,14,0,0,0.0,0.0,0.0,0.0,32.1,58.3,0.0,1027.1
2025-12-25 07:00:00+00:00,3.0,71,-1.8,11,11,0,0,0.0,0.0,0.0,0.0,30.1,55.4,0.0,1027.5
2025-12-25 08:00:00+00:00,2.9,70,-2.1,12,12,0,0,0.0,0.0,0.0,0.0,29.1,53.6,0.0,1027.6
2025-12-25 09:00:00+00:00,3.0,69,-2.1,8,8,0,0,20.0,10.0,173.1,10.0,29.4,54.0,0.0,1027.7
2025-12-25 10:00:00+00:00,3.5,66,-2.3,11,11,0,0,102.0,64.0,459.8,38.0,28.7,55.1,0.0,1027.1
2025-12-25 11:00:00+00:00,4.2,62,-2.4,4,4,0,0,179.0,126.0,578.4,53.0,26.6,52.9,0.0,1026.7
2025-12-25 12:00:00+00:00,4.5,60,-2.6,2,2,0,0,232.0,173.0,663.6,59.0,29.8,55.8,0.0,1026.3
2025-12-25 13:00:00+00:00,4.8,59,-2.7,6,6,0,0,228.0,162.0,611.8,66.0,28.0,52.9,0.0,1025.9
2025-12-25 14:00:00+00:00,4.7,58,-2.8,5,5,0,0,174.0,105.0,456.8,69.0,26.4,49.0,0.0,1025.7
2025-12-25 15:00:00+00:00,4.2,61,-2.7,12,12,0,0,105.0,52.0,328.5,53.0,25.8,43.2,0.0,1025.8
2025-12-25 16:00:00+00:00,3.3,66,-2.6,23,23,0,0,26.0,10.0,143.8,16.0,25.8,44.6,0.0,1025.5
2025-12-25 17:00:00+00:00,2.9,69,-2.2,38,38,0,0,0.0,0.0,0.0,0.0,25.8,45.4,0.0,1025.8
2025-12-25 18:00:00+00:00,2.9,71,-1.9,42,41,2,0,0.0,0.0,0.0,0.0,24.9,45.0,0.0,1025.8
2025-12-25 19:00:00+00:00,3.0,73,-1.4,57,57,0,0,0.0,0.0,0.0,0.0,22.8,42.5,0.0,1026.2
2025-12-25 20:00:00+00:00,3.2,74,-0.9,78,78,0,0,0.0,0.0,0.0,0.0,20.8,38.2,0.0,1026.4
2025-12-25 21:00:00+00:00,3.3,76,-0.5,71,71,0,0,0.0,0.0,0.0,0.0,19.6,35.3,0.0,1026.8
2025-12-25 22:00:00+00:00,3.0,75,-1.0,78,78,0,0,0.0,0.0,0.0,0.0,18.2,35.3,0.0,1027.0
2025-12-25 23:00:00+00:00,2.7,75,-1.3,71,71,0,0,0.0,0.0,0.0,0.0,17.8,33.8,0.0,1027.2
2025-12-26 00:00:00+00:00,2.7,73,-1.6,49,49,0,0,0.0,0.0,0.0,0.0,16.6,32.8,0.0,1027.3
2025-12-26 01:00:00+00:00,2.5,74,-1.7,27,27,0,0,0.0,0.0,0.0,0.0,15.4,29.9,0.0,1027.7
2025-12-26 02:00:00+00:00,2.4,75,-1.6,20,20,0,0,0.0,0.0,0.0,0.0,16.2,27.4,0.0,1027.7
2025-12-26 03:00:00+00:00,2.3,78,-1.2,8,8,0,0,0.0,0.0,0.0,0.0,15.4,27.7,0.0,1027.6
2025-12-26 04:00:00+00:00,2.2,81,-0.7,7,7,0,0,0.0,0.0,0.0,0.0,15.3,28.8,0.0,1027.5
2025-12-26 05:00:00+00:00,2.1,84,-0.3,16,16,0,0,0.0,0.0,0.0,0.0,16.3,29.2,0.0,1027.4
2025-12-26 06:00:00+00:00,2.3,86,0.2,30,30,0,0,0.0,0.0,0.0,0.0,16.7,29.2,0.0,1027.4
2025-12-26 07:00:00+00:00,2.8,85,0.5,43,43,0,0,0.0,0.0,0.0,0.0,17.2,30.6,0.0,1027.6
2025-12-26 08:00:00+00:00,3.0,85,0.7,43,43,0,0,0.0,0.0,0.0,0.0,17.7,31.7,0.0,1027.9
2025-12-26 09:00:00+00:00,3.5,83,0.9,43,43,0,0,15.0,6.0,104.2,9.0,18.3,31.0,0.0,1028.3
2025-12-26 10:00:00+00:00,4.2,84,1.8,48,48,0,0,64.0,24.0,172.8,40.0,16.3,31.3,0.0,1028.6
2025-12-26 11:00:00+00:00,4.9,79,1.5,68,68,0,0,123.0,59.0,270.8,64.0,21.1,43.2,0.0,1028.4
2025-12-26 12:00:00+00:00,5.3,77,1.7,82,82,0,0,109.0,12.0,46.0,97.0,21.4,40.3,0.0,1027.8
2025-12-26 13:00:00+00:00,5.6,76,1.7,81,81,0,0,119.0,13.0,49.0,106.0,20.1,39.2,0.0,1027.9
2025-12-26 14:00:00+00:00,5.7,75,1.6,63,63,0,0,93.0,10.0,43.3,83.0,19.7,38.5,0.0,1028.1
2025-12-26 15:00:00+00:00,5.5,75,1.5,69,69,0,0,59.0,7.0,43.9,52.0,17.8,37.8,0.0,1028.4
2025-12-26 16:00:00+00:00,5.1,77,1.4,50,50,0,0,17.0,1.0,14.2,16.0,17.8,32.4,0.0,1028.6
2025-12-26 17:00:00+00:00,4.6,79,1.3,34,34,0,0,0.0,0.0,0.0,0.0,18.2,31.7,0.0,1029.2
2025-12-26 18:00:00+00:00,4.2,82,1.4,29,29,0,0,0.0,0.0,0.0,0.0,17.6,30.6,0.0,1029.7
2025-12-26 19:00:00+00:00,3.6,85,1.4,27,27,0,0,0.0,0.0,0.0,0.0,17.0,30.6,0.0,1030.6
2025-12-26 20:00:00+00:00,3.4,87,1.5,31,31,0,0,0.0,0.0,0.0,0.0,16.5,29.5,0.0,1031.0
2025-12-26 21:00:00+00:00,3.6,87,1.7,12,12,0,0,0.0,0.0,0.0,0.0,16.5,29.2,0.0,1031.3
2025-12-26 22:00:00+00:00,3.6,88,1.8,7,7,0,0,0.0,0.0,0.0,0.0,16.2,29.5,0.0,1031.6
2025-12-26 23:00:00+00:00,3.4,88,1.6,2,2,0,0,0.0,0.0,0.0,0.0,16.2,29.9,0.0,1031.8
2025-12-27 00:00:00+00:00,3.4,89,1.7,4,4,0,0,0.0,0.0,0.0,0.0,17.0,28.8,0.0,1031.9
2025-12-27 01:00:00+00:00,3.0,91,1.6,3,3,0,0,0.0,0.0,0.0,0.0,17.3,28.1,0.0,1032.0
2025-12-27 02:00:00+00:00,2.8,92,1.6,11,11,0,0,0.0,0.0,0.0,0.0,17.6,29.9,0.0,1032.2
2025-12-27 03:00:00+00:00,2.8,92,1.7,19,19,0,0,0.0,0.0,0.0,0.0,18.3,31.7,0.0,1032.6
2025-12-27 04:00:00+00:00,3.1,91,1.8,20,20,0,0,0.0,0.0,0.0,0.0,18.8,32.4,0.0,1032.7
2025-12-27 05:00:00+00:00,3.0,92,1.8,14,14,0,0,0.0,0.0,0.0,0.0,19.0,31.0,0.0,1032.4
2025-12-27 06:00:00+00:00,2.9,92,1.7,7,7,0,0,0.0,0.0,0.0,0.0,19.7,31.3,0.0,1032.2
2025-12-27 07:00:00+00:00,3.0,92,1.8,4,4,0,0,0.0,0.0,0.0,0.0,20.4,37.1,0.0,1032.4
2025-12-27 08:00:00+00:00,3.0,91,1.7,2,2,0,0,0.0,0.0,0.0,0.0,21.7,39.2,0.0,1032.6
2025-12-27 09:00:00+00:00,3.4,89,1.7,1,1,0,0,18.0,9.0,156.7,9.0,24.6,45.0,0.0,1033.0
2025-12-27 10:00:00+00:00,4.9,79,1.5,1,1,0,0,103.0,65.0,468.5,38.0,25.7,47.5,0.0,1033.5
2025-12-27 11:00:00+00:00,6.1,76,2.1,6,6,0,0,181.0,130.0,596.3,51.0,24.1,41.4,0.0,1033.4
2025-12-27 12:00:00+00:00,7.0,74,2.7,7,7,0,0,228.0,167.0,638.6,61.0,25.6,43.9,0.0,1032.7
2025-12-27 13:00:00+00:00,7.5,76,3.5,21,21,0,0,229.0,168.0,630.9,61.0,24.9,41.4,0.0,1032.2
2025-12-27 14:00:00+00:00,7.8,77,4.1,28,28,0,0,181.0,121.0,521.6,60.0,23.9,39.2,0.0,1032.1
2025-12-27 15:00:00+00:00,7.4,78,3.8,35,35,0,0,108.0,63.0,391.3,45.0,23.8,39.6,0.0,1032.3
2025-12-27 16:00:00+00:00,7.0,79,3.5,36,36,0,0,28.0,14.0,196.9,14.0,25.1,42.1,0.0,1032.5
2025-12-27 17:00:00+00:00,6.5,82,3.6,71,71,0,0,0.0,0.0,0.0,0.0,25.7,45.4,0.0,1032.9
2025-12-27 18:00:00+00:00,6.6,83,4.0,85,85,0,0,0.0,0.0,0.0,0.0,25.4,46.4,0.0,1033.0
2025-12-27 19:00:00+00:00,6.7,85,4.3,85,85,0,0,0.0,0.0,0.0,0.0,25.4,45.7,0.0,1033.2
2025-12-27 20:00:00+00:00,6.9,85,4.6,86,86,0,0,0.0,0.0,0.0,0.0,23.9,44.3,0.0,1033.6
2025-12-27 21:00:00+00:00,7.0,86,4.7,95,95,0,0,0.0,0.0,0.0,0.0,22.6,40.7,0.0,1033.7
2025-12-27 22:00:00+00:00,7.1,86,4.9,81,81,0,0,0.0,0.0,0.0,0.0,20.4,38.2,0.0,1033.7
2025-12-27 23:00:00+00:00,7.2,86,5.0,93,93,0,0,0.0,0.0,0.0,0.0,19.1,36.4,0.0,1033.6
2025-12-28 00:00:00+00:00,7.3,85,4.9,99,99,0,0,0.0,0.0,0.0,0.0,18.1,34.2,0.0,1033.5
2025-12-28 01:00:00+00:00,7.4,84,4.9,97,97,0,0,0.0,0.0,0.0,0.0,18.0,32.4,0.0,1033.5
2025-12-28 02:00:00+00:00,7.4,84,4.9,100,100,0,0,0.0,0.0,0.0,0.0,17.9,32.0,0.0,1033.3
2025-12-28 03:00:00+00:00,7.5,84,4.9,100,100,0,0,0.0,0.0,0.0,0.0,18.8,32.4,0.0,1033.1
2025-12-28 04:00:00+00:00,7.4,84,4.8,100,100,0,0,0.0,0.0,0.0,0.0,19.0,32.4,0.0,1033.2
2025-12-28 05:00:00+00:00,7.2,83,4.5,99,99,0,0,0.0,0.0,0.0,0.0,18.2,32.4,0.0,1032.7
2025-12-28 06:00:00+00:00,7.0,81,4.0,96,96,0,0,0.0,0.0,0.0,0.0,18.3,32.0,0.0,1032.8
2025-12-28 07:00:00+00:00,6.8,81,3.7,99,99,0,0,0.0,0.0,0.0,0.0,17.3,31.7,0.0,1032.9
2025-12-28 08:00:00+00:00,6.7,80,3.4,88,88,0,0,0.0,0.0,0.0,0.0,16.3,29.9,0.0,1032.9
2025-12-28 09:00:00+00:00,6.5,79,3.2,92,92,0,0,8.0,1.0,17.4,7.0,16.6,31.0,0.0,1033.1
2025-12-28 10:00:00+00:00,6.6,78,3.0,91,91,0,0,45.0,8.0,57.7,37.0,15.0,28.1,0.0,1033.1
2025-12-28 11:00:00+00:00,6.8,79,3.3,79,79,0,0,85.0,13.0,59.6,72.0,18.3,32.0,0.0,1032.7
2025-12-28 12:00:00+00:00,7.0,77,3.3,98,98,0,0,108.0,23.0,87.7,85.0,20.4,36.7,0.0,1032.1
2025-12-28 13:00:00+00:00,7.1,75,2.9,100,100,0,0,91.0,3.0,11.2,88.0,20.0,37.4,0.0,1031.4
2025-12-28 14:00:00+00:00,7.1,74,2.8,100,100,0,0,88.0,8.0,34.3,80.0,19.8,33.5,0.0,1030.7
2025-12-28 15:00:00+00:00,7.0,75,2.8,96,96,0,0,48.0,5.0,30.8,43.0,17.9,35.6,0.0,1030.5
2025-12-28 16:00:00+00:00,6.9,77,3.1,100,100,0,0,12.0,1.0,13.9,11.0,15.8,29.5,0.0,1030.2
2025-12-28 17:00:00+00:00,6.7,79,3.3,100,100,0,0,0.0,0.0,0.0,0.0,16.1,28.8,0.0,1030.3
2025-12-28 18:00:00+00:00,6.6,79,3.3,95,95,0,0,0.0,0.0,0.0,0.0,16.2,30.2,0.0,1030.1
2025-12-28 19:00:00+00:00,6.6,78,3.1,96,96,0,0,0.0,0.0,0.0,0.0,15.8,28.4,0.0,1029.9
2025-12-28 20:00:00+00:00,6.3,79,2.9,76,76,0,0,0.0,0.0,0.0,0.0,15.3,28.1,0.0,1029.9
2025-12-28 21:00:00+00:00,6.0,79,2.7,41,41,0,0,0.0,0.0,0.0,0.0,14.5,25.9,0.0,1029.6
2025-12-28 22:00:00+00:00,5.4,82,2.5,30,23,0,7,0.0,0.0,0.0,0.0,14.0,23.8,0.0,1029.3
2025-12-28 23:00:00+00:00,5.0,83,2.3,17,14,0,4,0.0,0.0,0.0,0.0,13.4,23.0,0.0,1029.2
2025-12-29 00:00:00+00:00,4.7,84,2.2,27,22,0,6,0.0,0.0,0.0,0.0,13.8,24.1,0.0,1028.9
2025-12-29 01:00:00+00:00,4.3,85,2.0,32,17,0,18,0.0,0.0,0.0,0.0,14.8,25.6,0.0,1028.7
2025-12-29 02:00:00+00:00,3.9,86,1.7,44,27,0,24,0.0,0.0,0.0,0.0,15.6,27.0,0.0,1028.4
2025-12-29 03:00:00+00:00,3.5,86,1.4,27,19,0,10,0.0,0.0,0.0,0.0,16.7,28.1,0.0,1028.5
2025-12-29 04:00:00+00:00,3.4,85,1.1,13,13,0,0,0.0,0.0,0.0,0.0,17.1,29.5,0.0,1028.3
2025-12-29 05:00:00+00:00,3.2,85,0.9,14,11,0,2,0.0,0.0,0.0,0.0,17.2,30.6,0.0,1028.1
2025-12-29 06:00:00+00:00,3.2,85,0.8,14,14,0,0,0.0,0.0,0.0,0.0,16.9,31.3,0.0,1028.2
2025-12-29 07:00:00+00:00,3.2,85,0.9,26,26,0,0,0.0,0.0,0.0,0.0,17.1,30.2,0.0,1028.6
2025-12-29 08:00:00+00:00,3.2,85,0.9,46,46,0,0,0.0,0.0,0.0,0.0,16.6,29.9,0.0,1028.9
2025-12-29 09:00:00+00:00,3.6,84,1.1,60,60,0,0,15.0,6.0,104.7,9.0,16.4,29.5,0.0,1029.1
2025-12-29 10:00:00+00:00,4.5,80,1.4,56,56,0,0,76.0,37.0,266.6,39.0,15.1,27.0,0.0,1029.5
2025-12-29 11:00:00+00:00,5.3,79,2.0,57,57,0,0,117.0,57.0,260.6,60.0,15.3,29.5,0.0,1029.4
2025-12-29 12:00:00+00:00,5.7,78,2.1,61,61,0,0,158.0,70.0,266.3,88.0,15.9,33.8,0.0,1028.8
2025-12-29 13:00:00+00:00,5.9,75,1.9,77,77,0,0,137.0,50.0,186.4,87.0,16.9,34.6,0.0,1028.3
2025-12-29 14:00:00+00:00,5.8,73,1.4,81,81,0,0,94.0,20.0,85.2,74.0,15.2,32.4,0.0,1028.1
2025-12-29 15:00:00+00:00,5.7,74,1.4,81,81,0,0,51.0,12.0,73.1,39.0,15.4,28.1,0.0,1028.0
2025-12-29 16:00:00+00:00,5.6,74,1.3,87,87,0,0,16.0,2.0,27.4,14.0,15.5,27.0,0.0,1028.4
2025-12-29 17:00:00+00:00,5.6,73,1.2,87,87,0,0,0.0,0.0,0.0,0.0,14.9,27.0,0.0,1028.7
2025-12-29 18:00:00+00:00,5.5,74,1.3,88,88,0,0,0.0,0.0,0.0,0.0,14.7,27.0,0.0,1028.9
2025-12-29 19:00:00+00:00,5.4,75,1.3,88,88,0,0,0.0,0.0,0.0,0.0,14.4,25.9,0.0,1029.2
2025-12-29 20:00:00+00:00,5.5,75,1.5,93,93,0,0,0.0,0.0,0.0,0.0,14.3,25.6,0.0,1029.8
2025-12-29 21:00:00+00:00,5.5,77,1.8,85,85,0,0,0.0,0.0,0.0,0.0,13.7,25.6,0.0,1029.9
2025-12-29 22:00:00+00:00,5.6,80,2.3,89,89,0,0,0.0,0.0,0.0,0.0,13.1,24.5,0.0,1030.2
2025-12-29 23:00:00+00:00,5.7,83,3.0,81,81,0,0,0.0,0.0,0.0,0.0,13.0,24.5,0.0,1030.4
2025-12-30 00:00:00+00:00,5.7,86,3.6,53,53,0,0,0.0,0.0,0.0,0.0,14.1,26.3,0.0,1030.6
2025-12-30 01:00:00+00:00,5.7,89,4.1,73,73,0,0,0.0,0.0,0.0,0.0,15.1,28.4,0.0,1031.0
2025-12-30 02:00:00+00:00,5.8,90,4.3,65,65,0,0,0.0,0.0,0.0,0.0,16.0,30.2,0.0,1031.1
2025-12-30 03:00:00+00:00,5.5,90,4.1,47,45,0,3,0.0,0.0,0.0,0.0,16.6,30.6,0.0,1031.3
2025-12-30 04:00:00+00:00,4.7,90,3.3,39,39,0,0,0.0,0.0,0.0,0.0,16.8,29.9,0.0,1031.5
2025-12-30 05:00:00+00:00,4.1,90,2.6,48,48,0,0,0.0,0.0,0.0,0.0,16.9,29.2,0.0,1031.5
2025-12-30 06:00:00+00:00,4.1,88,2.2,65,65,0,0,0.0,0.0,0.0,0.0,17.1,27.4,0.0,1032.2
2025-12-30 07:00:00+00:00,3.9,86,1.9,80,80,0,0,0.0,0.0,0.0,0.0,15.7,27.4,0.0,1032.7
2025-12-30 08:00:00+00:00,3.5,87,1.6,77,77,0,0,0.0,0.0,0.0,0.0,15.2,27.0,0.0,1033.4
2025-12-30 09:00:00+00:00,3.9,85,1.6,68,68,0,2,14.0,5.0,87.1,9.0,15.3,27.7,0.0,1034.0
2025-12-30 10:00:00+00:00,4.6,83,2.0,48,48,0,0,69.0,24.0,172.6,45.0,15.8,28.8,0.0,1034.5
2025-12-30 11:00:00+00:00,5.6,78,2.0,25,25,0,0,132.0,60.0,273.7,72.0,16.1,29.2,0.0,1034.4
2025-12-30 12:00:00+00:00,6.4,71,1.5,21,21,0,0,188.0,115.0,436.1,73.0,17.2,32.4,0.0,1034.1
2025-12-30 13:00:00+00:00,6.6,63,0.0,24,24,0,0,210.0,133.0,493.6,77.0,17.5,33.1,0.0,1033.7
2025-12-30 14:00:00+00:00,6.4,60,-0.7,25,21,0,5,195.0,129.0,546.4,66.0,15.8,29.5,0.0,1033.6
2025-12-30 15:00:00+00:00,5.9,61,-0.9,19,19,0,0,124.0,79.0,476.4,45.0,14.6,24.5,0.0,1033.8
2025-12-30 16:00:00+00:00,4.6,67,-1.0,9,9,0,0,40.0,22.0,297.7,18.0,14.1,22.0,0.0,1033.9
2025-12-30 17:00:00+00:00,3.3,75,-0.7,4,4,0,0,0.0,0.0,0.0,0.0,13.8,23.0,0.0,1034.2
2025-12-30 18:00:00+00:00,2.9,82,0.2,0,0,0,0,0.0,0.0,0.0,0.0,13.9,24.8,0.0,1034.3
2025-12-30 19:00:00+00:00,2.5,86,0.4,1,0,1,0,0.0,0.0,0.0,0.0,13.5,23.4,0.0,1034.2
2025-12-30 20:00:00+00:00,1.9,88,0.2,0,0,0,0,0.0,0.0,0.0,0.0,12.4,21.6,0.0,1034.5
2025-12-30 21:00:00+00:00,1.7,89,0.1,0,0,0,0,0.0,0.0,0.0,0.0,12.5,21.6,0.0,1034.4
2025-12-30 22:00:00+00:00,1.6,90,0.1,0,0,0,0,0.0,0.0,0.0,0.0,12.0,21.6,0.0,1034.6
2025-12-30 23:00:00+00:00,1.2,91,-0.0,0,0,0,0,0.0,0.0,0.0,0.0,11.0,20.2,0.0,1034.5
2025-12-31 00:00:00+00:00,0.6,93,-0.5,0,0,0,0,0.0,0.0,0.0,0.0,10.9,18.7,0.0,1034.3
2025-12-31 01:00:00+00:00,0.4,94,-0.5,0,0,0,0,0.0,0.0,0.0,0.0,10.9,17.6,0.0,1034.3
2025-12-31 02:00:00+00:00,-0.3,94,-1.1,0,0,0,0,0.0,0.0,0.0,0.0,10.1,16.6,0.0,1033.5
2025-12-31 03:00:00+00:00,-0.7,95,-1.4,0,0,0,0,0.0,0.0,0.0,0.0,10.6,16.6,0.0,1033.3
2025-12-31 04:00:00+00:00,-1.1,96,-1.7,0,0,0,0,0.0,0.0,0.0,0.0,10.5,16.6,0.0,1033.0
2025-12-31 05:00:00+00:00,-1.3,95,-1.9,1,1,0,0,0.0,0.0,0.0,0.0,10.0,16.9,0.0,1032.5
2025-12-31 06:00:00+00:00,-1.4,95,-2.1,1,1,0,0,0.0,0.0,0.0,0.0,9.5,17.6,0.0,1032.5
2025-12-31 07:00:00+00:00,-1.6,96,-2.2,3,3,0,0,0.0,0.0,0.0,0.0,9.8,16.2,0.0,1032.2
2025-12-31 08:00:00+00:00,-1.7,96,-2.3,3,3,0,0,0.0,0.0,0.0,0.0,9.5,15.5,0.0,1032.4
2025-12-31 09:00:00+00:00,-1.7,96,-2.2,3,3,0,0,19.0,9.0,156.5,10.0,9.5,15.8,0.0,1032.1
2025-12-31 10:00:00+00:00,-0.4,96,-1.0,43,43,0,0,100.0,61.0,437.6,39.0,8.4,15.8,0.0,1032.0
2025-12-31 11:00:00+00:00,0.8,93,-0.2,42,42,0,0,181.0,125.0,568.4,56.0,6.7,15.1,0.0,1031.6
2025-12-31 12:00:00+00:00,2.3,89,0.7,1,1,0,0,233.0,174.0,657.3,59.0,6.1,14.8,0.0,1030.7
2025-12-31 13:00:00+00:00,3.3,86,1.2,0,0,0,0,239.0,178.0,657.4,61.0,6.2,14.8,0.0,1029.6
2025-12-31 14:00:00+00:00,3.6,84,1.1,0,0,0,0,202.0,145.0,610.1,57.0,6.1,15.1,0.0,1028.8
2025-12-31 15:00:00+00:00,3.4,84,1.0,0,0,0,0,128.0,84.0,501.1,44.0,5.2,12.2,0.0,1028.5
2025-12-31 16:00:00+00:00,1.9,88,0.1,0,0,0,0,40.0,21.0,280.2,19.0,6.1,12.6,0.0,1027.8
2025-12-31 17:00:00+00:00,0.4,91,-0.9,0,0,0,0,0.0,0.0,0.0,0.0,7.6,14.4,0.0,1027.2
2025-12-31 18:00:00+00:00,-0.2,93,-1.2,0,0,0,0,0.0,0.0,0.0,0.0,8.4,15.1,0.0,1026.7
2025-12-31 19:00:00+00:00,-0.5,94,-1.4,0,0,0,0,0.0,0.0,0.0,0.0,8.9,15.5,0.0,1026.1
2025-12-31 20:00:00+00:00,-0.7,94,-1.6,1,1,0,0,0.0,0.0,0.0,0.0,9.6,16.6,0.0,1025.5
2025-12-31 21:00:00+00:00,-0.9,93,-1.9,4,4,0,0,0.0,0.0,0.0,0.0,10.5,18.4,0.0,1024.6
2025-12-31 22:00:00+00:00,-0.8,93,-1.7,4,4,0,0,0.0,0.0,0.0,0.0,11.9,20.5,0.0,1023.4
2025-12-31 23:00:00+00:00,-0.8,92,-1.9,7,7,0,0,0.0,0.0,0.0,0.0,12.9,22.0,0.0,1022.3
2026-01-01 00:00:00+00:00,-0.8,92,-1.9,17,16,0,0,0.0,0.0,0.0,0.0,13.6,22.3,0.0,1021.3
2026-01-01 01:00:00+00:00,-0.4,91,-1.7,45,44,0,2,0.0,0.0,0.0,0.0,13.9,22.3,0.0,1020.7
2026-01-01 02:00:00+00:00,0.0,90,-1.4,86,70,0,51,0.0,0.0,0.0,0.0,13.9,21.6,0.0,1019.6
2026-01-01 03:00:00+00:00,0.8,90,-0.7,97,77,0,85,0.0,0.0,0.0,0.0,14.4,22.3,0.0,1018.5
2026-01-01 04:00:00+00:00,1.1,90,-0.4,94,80,0,77,0.0,0.0,0.0,0.0,15.1,24.5,0.0,1017.4
2026-01-01 05:00:00+00:00,1.5,90,-0.0,93,57,0,84,0.0,0.0,0.0,0.0,16.3,28.1,0.0,1015.9
2026-01-01 06:00:00+00:00,1.6,90,0.2,88,27,1,83,0.0,0.0,0.0,0.0,17.1,29.5,0.0,1015.3
2026-01-01 07:00:00+00:00,1.3,92,0.1,71,22,3,61,0.0,0.0,0.0,0.0,16.8,29.5,0.0,1014.4
2026-01-01 08:00:00+00:00,0.9,93,-0.1,94,37,11,89,0.0,0.0,0.0,0.0,16.7,29.9,0.0,1014.0
2026-01-01 09:00:00+00:00,1.3,92,0.1,99,76,3,92,16.0,5.0,86.6,11.0,17.2,30.6,0.0,1013.7
2026-01-01 10:00:00+00:00,2.7,87,0.8,100,74,24,98,71.0,20.0,143.0,51.0,17.3,33.1,0.0,1013.2
2026-01-01 11:00:00+00:00,4.3,86,2.1,99,43,19,99,134.0,44.0,199.4,90.0,16.9,30.6,0.0,1012.2
2026-01-01 12:00:00+00:00,5.7,84,3.2,93,24,8,92,222.0,145.0,545.5,77.0,18.2,33.5,0.0,1011.5
2026-01-01 13:00:00+00:00,6.7,79,3.3,100,71,1,99,236.0,167.0,613.6,69.0,22.8,43.6,0.0,1010.5
2026-01-01 14:00:00+00:00,6.9,80,3.6,100,64,2,100,155.0,61.0,254.9,94.0,19.8,36.7,0.0,1009.8
2026-01-01 15:00:00+00:00,6.8,80,3.6,97,35,6,97,87.0,17.0,100.3,70.0,16.8,33.5,0.0,1009.5
2026-01-01 16:00:00+00:00,5.9,82,3.0,92,32,1,87,30.0,4.0,52.6,26.0,15.2,28.8,0.0,1009.2
2026-01-01 17:00:00+00:00,4.9,85,2.5,62,15,6,58,0.0,0.0,0.0,0.0,15.7,27.7,0.0,1009.2
2026-01-01 18:00:00+00:00,4.1,86,1.9,50,16,15,36,0.0,0.0,0.0,0.0,15.8,27.7,0.0,1009.2
2026-01-01 19:00:00+00:00,3.4,86,1.3,3,0,2,0,0.0,0.0,0.0,0.0,16.2,29.9,0.0,1009.0
2026-01-01 20:00:00+00:00,3.0,88,1.2,17,2,0,16,0.0,0.0,0.0,0.0,17.2,30.2,0.0,1009.2
2026-01-01 21:00:00+00:00,2.9,88,1.1,14,0,2,12,0.0,0.0,0.0,0.0,17.4,30.6,0.0,1009.1
2026-01-01 22:00:00+00:00,2.6,89,0.9,9,0,0,9,0.0,0.0,0.0,0.0,15.9,30.2,0.0,1008.8
2026-01-01 23:00:00+00:00,2.2,88,0.4,7,0,0,7,0.0,0.0,0.0,0.0,16.8,31.0,0.0,1009.2
2026-01-02 00:00:00+00:00,2.0,88,0.2,1,0,0,1,0.0,0.0,0.0,0.0,15.2,30.6,0.0,1008.9
2026-01-02 01:00:00+00:00,1.6,88,-0.2,29,0,1,29,0.0,0.0,0.0,0.0,15.9,29.5,0.0,1008.5
2026-01-02 02:00:00+00:00,1.7,88,-0.1,24,0,22,3,0.0,0.0,0.0,0.0,17.2,28.4,0.0,1008.1
2026-01-02 03:00:00+00:00,1.7,89,0.0,10,0,10,0,0.0,0.0,0.0,0.0,16.9,27.7,0.0,1007.8
2026-01-02 04:00:00+00:00,1.7,91,0.3,14,14,11,0,0.0,0.0,0.0,0.0,16.9,29.5,0.0,1007.0
2026-01-02 05:00:00+00:00,1.9,91,0.7,31,23,25,0,0.0,0.0,0.0,0.0,18.4,36.0,0.0,1006.4
2026-01-02 06:00:00+00:00,2.5,89,0.9,90,90,60,0,0.0,0.0,0.0,0.0,18.5,43.2,0.3,1006.4
2026-01-02 07:00:00+00:00,3.0,90,1.5,96,83,94,0,0.0,0.0,0.0,0.0,17.3,31.3,0.1,1006.6
2026-01-02 08:00:00+00:00,2.8,91,1.5,42,27,39,0,0.0,0.0,0.0,0.0,14.9,27.0,0.0,1006.9
2026-01-02 09:00:00+00:00,2.1,92,0.9,4,0,4,0,17.0,7.0,120.7,10.0,14.3,25.6,0.0,1007.3
2026-01-02 10:00:00+00:00,3.0,89,1.4,0,0,0,0,104.0,63.0,448.3,41.0,15.4,29.9,0.0,1008.1
2026-01-02 11:00:00+00:00,3.9,83,1.2,0,0,0,0,190.0,136.0,613.6,54.0,16.2,32.0,0.0,1008.4
2026-01-02 12:00:00+00:00,4.2,74,0.1,5,5,0,0,240.0,179.0,670.3,61.0,17.4,38.2,0.0,1008.3
2026-01-02 13:00:00+00:00,4.4,67,-1.2,16,16,0,0,240.0,172.0,628.4,68.0,18.6,40.0,0.0,1008.3
2026-01-02 14:00:00+00:00,4.5,63,-2.0,8,8,0,0,200.0,136.0,564.0,64.0,18.5,37.8,0.0,1008.3
2026-01-02 15:00:00+00:00,4.1,63,-2.4,1,1,0,0,131.0,83.0,483.7,48.0,17.9,35.6,0.0,1008.9
2026-01-02 16:00:00+00:00,2.9,67,-2.6,0,0,0,0,45.0,25.0,323.9,20.0,15.6,29.5,0.0,1009.3
2026-01-02 17:00:00+00:00,1.6,72,-2.9,0,0,0,0,0.0,0.0,0.0,0.0,14.8,26.6,0.0,1009.6
2026-01-02 18:00:00+00:00,0.6,78,-2.8,0,0,0,0,0.0,0.0,0.0,0.0,14.3,24.8,0.0,1010.1
2026-01-02 19:00:00+00:00,-0.0,82,-2.7,0,0,0,0,0.0,0.0,0.0,0.0,14.2,24.5,0.0,1010.2
2026-01-02 20:00:00+00:00,0.0,84,-2.4,0,0,0,0,0.0,0.0,0.0,0.0,14.2,24.5,0.0,1010.3
2026-01-02 21:00:00+00:00,-0.1,85,-2.3,0,0,0,0,0.0,0.0,0.0,0.0,14.9,25.9,0.0,1010.1
2026-01-02 22:00:00+00:00,-0.1,85,-2.4,0,0,0,0,0.0,0.0,0.0,0.0,16.0,28.1,0.0,1010.3
2026-01-02 23:00:00+00:00,-0.3,85,-2.4,15,15,0,0,0.0,0.0,0.0,0.0,16.3,28.8,0.0,1010.6
2026-01-03 00:00:00+00:00,-0.2,86,-2.2,31,31,0,0,0.0,0.0,0.0,0.0,16.4,28.4,0.0,1010.5
2026-01-03 01:00:00+00:00,0.0,86,-2.0,30,30,0,0,0.0,0.0,0.0,0.0,16.2,28.1,0.0,1010.2
2026-01-03 02:00:00+00:00,0.1,87,-1.9,13,11,4,0,0.0,0.0,0.0,0.0,16.3,28.1,0.0,1010.2
2026-01-03 03:00:00+00:00,0.1,86,-1.9,1,1,0,0,0.0,0.0,0.0,0.0,16.3,28.8,0.0,1010.1
2026-01-03 04:00:00+00:00,0.1,87,-1.8,0,0,0,0,0.0,0.0,0.0,0.0,16.9,30.2,0.0,1009.8
2026-01-03 05:00:00+00:00,0.1,87,-1.9,0,0,0,0,0.0,0.0,0.0,0.0,16.7,31.3,0.0,1009.8
2026-01-03 06:00:00+00:00,0.0,88,-1.7,0,0,0,0,0.0,0.0,0.0,0.0,16.3,31.7,0.0,1009.7
2026-01-03 07:00:00+00:00,-0.0,88,-1.7,0,0,0,0,0.0,0.0,0.0,0.0,16.8,29.9,0.0,1010.5
2026-01-03 08:00:00+00:00,-0.1,88,-1.9,0,0,0,0,0.0,0.0,0.0,0.0,17.1,30.6,0.0,1010.9
2026-01-03 09:00:00+00:00,-0.2,86,-2.2,0,0,0,0,20.0,10.0,171.4,10.0,17.8,32.0,0.0,1011.4
2026-01-03 10:00:00+00:00,1.2,79,-2.0,0,0,0,0,109.0,69.0,488.4,40.0,16.7,33.1,0.0,1012.0
2026-01-03 11:00:00+00:00,2.3,72,-2.2,0,0,0,0,195.0,139.0,624.2,56.0,16.7,32.8,0.0,1012.2
2026-01-03 12:00:00+00:00,3.0,66,-2.6,0,0,0,0,246.0,184.0,685.4,62.0,18.2,35.3,0.0,1012.2
2026-01-03 13:00:00+00:00,3.7,63,-2.8,0,0,0,0,253.0,190.0,689.9,63.0,19.2,37.1,0.0,1011.9
2026-01-03 14:00:00+00:00,3.7,61,-3.0,0,0,0,0,216.0,157.0,645.8,59.0,18.8,35.6,0.0,1012.1
2026-01-03 15:00:00+00:00,3.4,62,-3.2,1,1,0,0,141.0,94.0,541.1,47.0,18.3,34.2,0.0,1012.5
2026-01-03 16:00:00+00:00,2.3,65,-3.6,0,0,0,0,47.0,26.0,331.6,21.0,16.6,29.9,0.0,1012.9
2026-01-03 17:00:00+00:00,0.8,71,-3.9,0,0,0,0,0.0,0.0,0.0,0.0,15.8,27.4,0.0,1013.7
2026-01-03 18:00:00+00:00,-0.3,75,-4.2,0,0,0,0,0.0,0.0,0.0,0.0,15.1,26.3,0.0,1014.0
2026-01-03 19:00:00+00:00,-0.8,77,-4.3,0,0,0,0,0.0,0.0,0.0,0.0,14.6,25.9,0.0,1014.4
2026-01-03 20:00:00+00:00,-1.4,79,-4.5,0,0,0,0,0.0,0.0,0.0,0.0,14.0,24.5,0.0,1014.9
2026-01-03 21:00:00+00:00,-1.7,81,-4.5,0,0,0,0,0.0,0.0,0.0,0.0,13.8,24.1,0.0,1015.0
2026-01-03 22:00:00+00:00,-1.9,83,-4.4,0,0,0,0,0.0,0.0,0.0,0.0,14.5,24.1,0.0,1015.6
2026-01-03 23:00:00+00:00,-1.8,83,-4.3,0,0,0,0,0.0,0.0,0.0,0.0,14.5,24.1,0.0,1015.8
2026-01-04 00:00:00+00:00,-2.2,84,-4.5,0,0,0,0,0.0,0.0,0.0,0.0,13.7,22.7,0.0,1015.8
2026-01-04 01:00:00+00:00,-2.5,85,-4.7,0,0,0,0,0.0,0.0,0.0,0.0,12.7,21.6,0.0,1015.7
2026-01-04 02:00:00+00:00,-2.7,85,-4.9,0,0,0,0,0.0,0.0,0.0,0.0,12.7,20.9,0.0,1015.6
2026-01-04 03:00:00+00:00,-2.8,84,-5.1,0,0,0,0,0.0,0.0,0.0,0.0,12.7,21.2,0.0,1015.6
2026-01-04 04:00:00+00:00,-2.9,84,-5.3,0,0,0,0,0.0,0.0,0.0,0.0,12.9,22.3,0.0,1015.8
2026-01-04 05:00:00+00:00,-3.2,83,-5.6,0,0,0,0,0.0,0.0,0.0,0.0,12.9,22.7,0.0,1015.2
2026-01-04 06:00:00+00:00,-3.3,85,-5.5,0,0,0,0,0.0,0.0,0.0,0.0,12.5,22.3,0.0,1015.3
2026-01-04 07:00:00+00:00,-3.4,85,-5.6,0,0,0,0,0.0,0.0,0.0,0.0,12.0,20.2,0.0,1015.2
2026-01-04 08:00:00+00:00,-3.6,87,-5.4,0,0,0,0,0.0,0.0,0.0,0.0,11.4,19.1,0.0,1015.5
2026-01-04 09:00:00+00:00,-3.0,87,-4.8,0,0,0,0,20.0,10.0,170.2,10.0,11.4,19.4,0.0,1015.7
2026-01-04 10:00:00+00:00,-1.1,86,-3.1,0,0,0,0,106.0,66.0,464.2,40.0,11.8,20.9,0.0,1016.0
2026-01-04 11:00:00+00:00,1.0,82,-1.8,0,0,0,0,191.0,136.0,607.4,55.0,10.7,21.2,0.0,1015.9
2026-01-04 12:00:00+00:00,2.3,77,-1.2,0,0,0,0,243.0,181.0,670.4,62.0,9.8,22.0,0.0,1015.3
2026-01-04 13:00:00+00:00,3.3,74,-0.9,0,0,0,0,251.0,189.0,681.8,62.0,9.3,21.6,0.0,1014.4
2026-01-04 14:00:00+00:00,3.7,71,-1.1,0,0,0,0,214.0,155.0,632.2,59.0,8.8,18.7,0.0,1014.1
2026-01-04 15:00:00+00:00,3.2,74,-0.9,1,1,0,0,140.0,93.0,528.3,47.0,8.2,15.1,0.0,1013.9
2026-01-04 16:00:00+00:00,1.8,78,-1.6,0,0,0,0,47.0,26.0,326.2,21.0,9.1,14.4,0.0,1013.8
2026-01-04 17:00:00+00:00,0.4,83,-2.1,0,0,0,0,0.0,0.0,0.0,0.0,10.3,16.2,0.0,1013.6
2026-01-04 18:00:00+00:00,0.0,86,-2.0,1,0,0,1,0.0,0.0,0.0,0.0,10.8,17.3,0.0,1013.5
2026-01-04 19:00:00+00:00,-0.4,88,-2.1,25,0,24,14,0.0,0.0,0.0,0.0,10.4,18.4,0.0,1013.7
2026-01-04 20:00:00+00:00,-0.9,89,-2.4,44,0,42,26,0.0,0.0,0.0,0.0,10.3,18.4,0.0,1013.4
2026-01-04 21:00:00+00:00,-1.4,91,-2.7,28,1,25,13,0.0,0.0,0.0,0.0,10.3,18.4,0.0,1013.2
2026-01-04 22:00:00+00:00,-1.4,91,-2.7,21,2,18,5,0.0,0.0,0.0,0.0,12.3,18.4,0.0,1012.9
2026-01-04 23:00:00+00:00,-1.9,93,-2.9,17,2,14,0,0.0,0.0,0.0,0.0,12.1,19.1,0.0,1012.7
2026-01-05 00:00:00+00:00,-2.0,93,-3.0,16,0,13,12,0.0,0.0,0.0,0.0,11.8,18.7,0.0,1012.5
2026-01-05 01:00:00+00:00,-2.2,94,-3.1,73,0,22,70,0.0,0.0,0.0,0.0,11.1,18.0,0.0,1012.0
2026-01-05 02:00:00+00:00,-2.0,94,-2.9,90,1,19,90,0.0,0.0,0.0,0.0,10.8,18.0,0.0,1011.5
2026-01-05 03:00:00+00:00,-1.8,94,-2.7,66,1,2,66,0.0,0.0,0.0,0.0,11.3,17.6,0.0,1011.4
2026-01-05 04:00:00+00:00,-1.8,94,-2.6,43,10,12,32,0.0,0.0,0.0,0.0,11.4,18.0,0.0,1011.7
2026-01-05 05:00:00+00:00,-2.1,95,-2.8,29,0,14,19,0.0,0.0,0.0,0.0,12.0,19.4,0.0,1011.8
2026-01-05 06:00:00+00:00,-1.8,94,-2.6,20,0,20,0,0.0,0.0,0.0,0.0,12.3,20.2,0.0,1012.2
2026-01-05 07:00:00+00:00,-1.8,93,-2.8,7,0,7,0,0.0,0.0,0.0,0.0,13.3,23.0,0.0,1012.4
2026-01-05 08:00:00+00:00,-2.3,92,-3.5,1,0,1,0,0.0,0.0,0.0,0.0,13.6,23.8,0.0,1013.0
2026-01-05 09:00:00+00:00,-2.7,90,-4.0,0,0,0,0,21.0,10.0,168.8,11.0,13.8,24.1,0.0,1013.8
2026-01-05 10:00:00+00:00,-0.9,85,-3.1,0,0,0,0,112.0,73.0,509.7,39.0,14.5,24.8,0.0,1014.4
2026-01-05 11:00:00+00:00,0.9,77,-2.7,0,0,0,0,200.0,146.0,648.1,54.0,12.8,25.9,0.0,1014.8
2026-01-05 12:00:00+00:00,2.0,71,-2.7,0,0,0,0,251.0,188.0,692.1,63.0,13.2,28.1,0.0,1014.4
2026-01-05 13:00:00+00:00,2.7,66,-3.0,0,0,0,0,259.0,195.0,698.5,64.0,14.9,30.2,0.0,1014.3
2026-01-05 14:00:00+00:00,2.8,64,-3.3,0,0,0,0,221.0,162.0,654.8,59.0,15.3,29.5,0.0,1014.8
2026-01-05 15:00:00+00:00,2.4,64,-3.7,0,0,0,0,146.0,98.0,549.2,48.0,15.5,28.1,0.0,1015.1
2026-01-05 16:00:00+00:00,1.2,68,-4.0,0,0,0,0,51.0,28.0,345.3,23.0,14.4,25.2,0.0,1015.9
2026-01-05 17:00:00+00:00,-0.1,75,-4.0,0,0,0,0,0.0,0.0,0.0,0.0,14.3,25.2,0.0,1016.3
2026-01-05 18:00:00+00:00,-0.8,78,-4.2,0,0,0,0,0.0,0.0,0.0,0.0,14.5,25.9,0.0,1017.0
2026-01-05 19:00:00+00:00,-1.3,80,-4.3,0,0,0,0,0.0,0.0,0.0,0.0,14.5,25.6,0.0,1017.8
2026-01-05 20:00:00+00:00,-1.6,82,-4.3,0,0,0,0,0.0,0.0,0.0,0.0,14.1,24.5,0.0,1018.3
2026-01-05 21:00:00+00:00,-1.9,83,-4.4,0,0,0,0,0.0,0.0,0.0,0.0,13.4,23.0,0.0,1018.8
2026-01-05 22:00:00+00:00,-2.4,84,-4.8,0,0,0,0,0.0,0.0,0.0,0.0,11.7,22.0,0.0,1019.2
2026-01-05 23:00:00+00:00,-2.8,86,-4.8,0,0,0,0,0.0,0.0,0.0,0.0,10.7,19.4,0.0,1019.6
2026-01-06 00:00:00+00:00,-3.3,87,-5.1,0,0,0,0,0.0,0.0,0.0,0.0,10.3,18.4,0.0,1019.7
2026-01-06 01:00:00+00:00,-3.3,88,-4.9,16,0,0,16,0.0,0.0,0.0,0.0,10.4,17.3,0.0,1019.5
2026-01-06 02:00:00+00:00,-3.8,89,-5.3,9,0,0,9,0.0,0.0,0.0,0.0,9.1,15.5,0.0,1019.4
2026-01-06 03:00:00+00:00,-4.1,90,-5.6,0,0,0,0,0.0,0.0,0.0,0.0,8.6,14.8,0.0,1019.4
2026-01-06 04:00:00+00:00,-4.1,89,-5.7,7,0,0,7,0.0,0.0,0.0,0.0,8.9,14.4,0.0,1019.6
2026-01-06 05:00:00+00:00,-4.3,90,-5.6,14,0,11,3,0.0,0.0,0.0,0.0,9.4,14.0,0.0,1019.5
2026-01-06 06:00:00+00:00,-4.3,91,-5.6,63,0,63,0,0.0,0.0,0.0,0.0,9.4,14.8,0.0,1019.5
2026-01-06 07:00:00+00:00,-4.1,91,-5.3,81,1,81,0,0.0,0.0,0.0,0.0,8.9,15.1,0.0,1019.3
2026-01-06 08:00:00+00:00,-3.5,92,-4.6,97,40,96,10,0.0,0.0,0.0,0.0,9.0,14.8,0.0,1019.3
2026-01-06 09:00:00+00:00,-2.3,93,-3.3,98,79,88,79,17.0,3.0,50.2,14.0,10.1,18.0,0.0,1019.2
2026-01-06 10:00:00+00:00,-0.9,94,-1.7,85,39,77,38,91.0,38.0,263.2,53.0,11.7,20.2,0.0,1019.0
2026-01-06 11:00:00+00:00,0.9,90,-0.5,94,75,92,32,139.0,57.0,251.4,82.0,11.6,22.3,0.0,1018.7
2026-01-06 12:00:00+00:00,2.7,85,0.4,82,40,66,37,169.0,89.0,325.5,80.0,12.8,24.1,0.0,1018.0
2026-01-06 13:00:00+00:00,4.0,81,1.1,54,31,19,33,179.0,99.0,352.0,80.0,12.7,23.8,0.0,1017.0
2026-01-06 14:00:00+00:00,4.9,78,1.4,35,18,1,24,196.0,132.0,528.5,64.0,14.0,25.2,0.0,1016.0
2026-01-06 15:00:00+00:00,4.6,79,1.2,26,7,3,20,125.0,72.0,397.8,53.0,13.9,22.7,0.0,1015.4
2026-01-06 16:00:00+00:00,3.6,82,0.8,46,0,20,45,49.0,24.0,290.8,25.0,13.2,20.5,0.0,1014.7
2026-01-06 17:00:00+00:00,3.0,85,0.7,82,2,72,71,1.0,0.0,0.0,1.0,14.2,22.7,0.0,1014.5
2026-01-06 18:00:00+00:00,3.5,84,1.0,98,9,97,48,0.0,0.0,0.0,0.0,15.5,26.3,0.0,1013.9
2026-01-06 19:00:00+00:00,4.5,77,0.8,98,6,98,3,0.0,0.0,0.0,0.0,18.2,33.8,0.0,1013.0
2026-01-06 20:00:00+00:00,5.0,77,1.2,100,11,100,1,0.0,0.0,0.0,0.0,21.7,40.3,0.1,1012.1
2026-01-06 21:00:00+00:00,5.2,81,2.2,94,29,94,1,0.0,0.0,0.0,0.0,23.8,45.7,0.4,1010.9
2026-01-06 22:00:00+00:00,5.4,87,3.5,89,12,89,0,0.0,0.0,0.0,0.0,23.0,47.5,0.7,1009.7
2026-01-06 23:00:00+00:00,5.4,89,3.8,88,67,81,0,0.0,0.0,0.0,0.0,23.7,45.4,1.4,1008.5
2026-01-07 00:00:00+00:00,5.5,90,3.9,73,46,70,3,0.0,0.0,0.0,0.0,23.8,45.0,1.1,1007.1
2026-01-07 01:00:00+00:00,5.6,91,4.2,70,62,50,0,0.0,0.0,0.0,0.0,22.0,38.2,0.4,1005.9
2026-01-07 02:00:00+00:00,5.3,93,4.3,66,51,38,0,0.0,0.0,0.0,0.0,18.2,33.8,0.1,1005.1
2026-01-07 03:00:00+00:00,4.7,93,3.7,44,19,38,0,0.0,0.0,0.0,0.0,17.7,31.7,0.0,1005.1
2026-01-07 04:00:00+00:00,3.8,93,2.8,37,13,37,0,0.0,0.0,0.0,0.0,18.6,30.2,0.0,1005.4
2026-01-07 05:00:00+00:00,2.9,91,1.6,8,4,6,0,0.0,0.0,0.0,0.0,18.5,29.5,0.0,1006.0
2026-01-07 06:00:00+00:00,2.5,89,0.9,0,0,0,0,0.0,0.0,0.0,0.0,18.4,31.7,0.0,1006.1
2026-01-07 07:00:00+00:00,2.3,88,0.4,0,0,0,0,0.0,0.0,0.0,0.0,19.8,35.3,0.0,1006.5
2026-01-07 08:00:00+00:00,2.2,87,0.3,0,0,0,0,0.0,0.0,0.0,0.0,20.0,36.4,0.0,1007.0
2026-01-07 09:00:00+00:00,2.4,88,0.6,9,0,9,2,21.0,10.0,165.5,11.0,20.2,37.1,0.0,1007.7
2026-01-07 10:00:00+00:00,3.9,83,1.3,57,0,54,7,107.0,64.0,439.4,43.0,20.3,38.2,0.0,1007.6
2026-01-07 11:00:00+00:00,5.0,80,1.7,24,2,21,3,189.0,129.0,564.9,60.0,20.4,36.0,0.0,1007.7
2026-01-07 12:00:00+00:00,6.0,75,2.0,5,0,5,0,239.0,164.0,595.6,75.0,17.9,37.1,0.0,1007.5
2026-01-07 13:00:00+00:00,6.6,70,1.6,12,0,0,12,255.0,189.0,666.7,66.0,19.3,40.0,0.0,1007.2
2026-01-07 14:00:00+00:00,6.6,69,1.3,9,6,0,5,220.0,159.0,630.4,61.0,21.1,39.6,0.0,1007.0
2026-01-07 15:00:00+00:00,6.3,69,1.0,96,10,0,95,148.0,100.0,544.5,48.0,19.0,34.2,0.0,1007.2
2026-01-07 16:00:00+00:00,5.3,72,0.7,83,10,0,79,52.0,26.0,309.4,26.0,16.6,27.7,0.0,1007.5
2026-01-07 17:00:00+00:00,4.0,79,0.6,75,7,0,74,1.0,0.0,0.0,1.0,13.7,21.6,0.0,1007.5
2026-01-07 18:00:00+00:00,3.2,83,0.6,76,7,6,75,0.0,0.0,0.0,0.0,12.8,18.7,0.0,1007.7
2026-01-07 19:00:00+00:00,2.9,86,0.8,99,14,60,98,0.0,0.0,0.0,0.0,11.0,19.1,0.0,1007.8
2026-01-07 20:00:00+00:00,2.5,88,0.7,100,33,85,100,0.0,0.0,0.0,0.0,8.4,14.4,0.0,1007.8
2026-01-07 21:00:00+00:00,2.8,89,1.2,100,68,99,100,0.0,0.0,0.0,0.0,5.5,9.4,0.0,1007.2
2026-01-07 22:00:00+00:00,3.3,93,2.3,100,76,87,99,0.0,0.0,0.0,0.0,4.1,7.9,0.1,1006.9
2026-01-07 23:00:00+00:00,3.5,94,2.6,100,98,96,99,0.0,0.0,0.0,0.0,1.6,5.8,0.1,1006.7
2026-01-08 00:00:00+00:00,3.8,93,2.7,100,100,98,97,0.0,0.0,0.0,0.0,3.3,5.0,0.1,1006.4
2026-01-08 01:00:00+00:00,3.6,95,2.9,100,100,93,98,0.0,0.0,0.0,0.0,3.6,7.2,0.2,1006.0
2026-01-08 02:00:00+00:00,3.6,97,3.1,100,100,64,100,0.0,0.0,0.0,0.0,3.4,6.5,0.2,1005.6
2026-01-08 03:00:00+00:00,3.7,98,3.4,100,100,12,100,0.0,0.0,0.0,0.0,3.3,5.8,0.1,1005.2
2026-01-08 04:00:00+00:00,4.2,98,3.9,100,100,87,100,0.0,0.0,0.0,0.0,4.8,11.2,0.0,1005.6
2026-01-08 05:00:00+00:00,4.9,99,4.8,100,100,91,100,0.0,0.0,0.0,0.0,8.0,17.3,0.0,1005.3
2026-01-08 06:00:00+00:00,5.4,99,5.3,100,96,36,100,0.0,0.0,0.0,0.0,10.4,22.0,0.0,1005.2
2026-01-08 07:00:00+00:00,5.5,98,5.3,100,92,78,100,0.0,0.0,0.0,0.0,11.8,21.6,0.0,1005.2
2026-01-08 08:00:00+00:00,5.4,98,5.1,100,71,100,100,0.0,0.0,0.0,0.0,10.8,19.8,0.0,1005.2
2026-01-08 09:00:00+00:00,5.1,98,4.8,100,53,100,100,7.0,0.0,0.0,7.0,10.1,18.7,0.0,1005.0
2026-01-08 10:00:00+00:00,5.4,97,5.0,100,10,100,100,31.0,0.0,0.0,31.0,7.8,16.2,0.1,1003.9
2026-01-08 11:00:00+00:00,5.6,98,5.4,100,10,100,100,55.0,0.0,0.0,55.0,9.3,15.5,0.2,1002.8
2026-01-08 12:00:00+00:00,5.7,98,5.4,100,26,100,100,57.0,0.0,0.0,57.0,9.6,16.6,0.4,1001.8
2026-01-08 13:00:00+00:00,5.6,96,5.0,100,100,100,100,37.0,0.0,0.0,37.0,10.6,19.4,0.8,1000.2
2026-01-08 14:00:00+00:00,5.4,94,4.5,100,100,100,100,32.0,0.0,0.0,32.0,12.7,23.4,0.9,997.8
2026-01-08 15:00:00+00:00,5.1,94,4.2,100,100,100,100,19.0,0.0,0.0,19.0,16.3,32.0,1.0,995.3
2026-01-08 16:00:00+00:00,5.3,94,4.4,100,100,100,100,5.0,0.0,0.0,5.0,23.4,44.3,1.4,991.8
2026-01-08 17:00:00+00:00,6.2,96,5.6,100,100,89,98,0.0,0.0,0.0,0.0,26.3,51.5,3.0,988.0
2026-01-08 18:00:00+00:00,7.9,97,7.4,100,99,81,61,0.0,0.0,0.0,0.0,22.1,48.6,3.9,984.2
2026-01-08 19:00:00+00:00,9.8,93,8.7,100,100,36,24,0.0,0.0,0.0,0.0,30.7,61.6,0.9,981.5
2026-01-08 20:00:00+00:00,8.7,90,7.1,88,85,69,0,0.0,0.0,0.0,0.0,31.8,58.3,0.5,978.8
2026-01-08 21:00:00+00:00,6.9,89,5.3,100,100,90,1,0.0,0.0,0.0,0.0,26.0,45.4,0.3,975.6
2026-01-08 22:00:00+00:00,7.3,92,6.1,74,20,71,3,0.0,0.0,0.0,0.0,11.0,25.2,0.3,973.5
2026-01-08 23:00:00+00:00,7.0,94,6.0,28,12,18,0,0.0,0.0,0.0,0.0,16.7,27.4,0.1,974.2
2026-01-09 00:00:00+00:00,7.0,93,5.9,52,51,15,0,0.0,0.0,0.0,0.0,20.5,39.6,0.0,976.4
2026-01-09 01:00:00+00:00,5.5,95,4.7,87,86,41,11,0.0,0.0,0.0,0.0,29.3,55.4,0.0,979.2
2026-01-09 02:00:00+00:00,3.3,94,2.5,100,100,99,53,0.0,0.0,0.0,0.0,36.2,67.7,0.2,982.7
2026-01-09 03:00:00+00:00,2.8,93,1.8,100,100,97,80,0.0,0.0,0.0,0.0,36.9,70.9,0.4,985.1
2026-01-09 04:00:00+00:00,2.7,92,1.6,100,100,93,87,0.0,0.0,0.0,0.0,36.9,71.6,0.5,987.4
2026-01-09 05:00:00+00:00,2.8,91,1.5,100,100,100,84,0.0,0.0,0.0,0.0,36.2,70.9,0.4,989.1
2026-01-09 06:00:00+00:00,3.0,90,1.5,100,99,100,89,0.0,0.0,0.0,0.0,34.5,68.4,0.5,990.6
2026-01-09 07:00:00+00:00,3.1,91,1.8,100,100,100,92,0.0,0.0,0.0,0.0,33.1,63.0,0.5,992.0
2026-01-09 08:00:00+00:00,3.4,91,2.0,100,100,100,93,0.0,0.0,0.0,0.0,32.3,60.8,0.5,993.3
2026-01-09 09:00:00+00:00,3.7,89,2.1,100,100,100,97,8.0,0.0,0.0,8.0,30.6,57.2,0.3,994.7
2026-01-09 10:00:00+00:00,4.1,88,2.3,99,25,99,96,41.0,0.0,0.0,41.0,28.7,54.0,0.1,995.9
2026-01-09 11:00:00+00:00,4.5,87,2.5,100,2,99,96,79.0,1.0,4.3,78.0,28.4,52.2,0.0,996.9
2026-01-09 12:00:00+00:00,4.9,86,2.7,100,59,100,98,145.0,17.0,60.8,128.0,31.9,46.8,0.0,997.8
2026-01-09 13:00:00+00:00,5.2,83,2.5,100,82,100,99,157.0,26.0,90.2,131.0,28.1,55.8,0.0,998.2
2026-01-09 14:00:00+00:00,5.4,82,2.6,100,73,92,97,127.0,15.0,58.2,112.0,28.8,54.4,0.0,998.7
2026-01-09 15:00:00+00:00,5.5,81,2.5,91,76,82,35,82.0,11.0,58.1,71.0,26.5,50.8,0.0,999.8
2026-01-09 16:00:00+00:00,5.4,80,2.1,98,98,31,0,35.0,1.0,11.3,34.0,24.8,48.2,0.0,1000.7
2026-01-09 17:00:00+00:00,5.0,80,1.9,96,95,12,0,1.0,0.0,0.0,1.0,24.2,46.8,0.0,1001.7
2026-01-09 18:00:00+00:00,4.6,81,1.7,96,96,1,0,0.0,0.0,0.0,0.0,24.1,46.1,0.0,1002.6
2026-01-09 19:00:00+00:00,4.2,83,1.5,71,71,1,0,0.0,0.0,0.0,0.0,23.7,43.9,0.0,1003.5
2026-01-09 20:00:00+00:00,3.9,83,1.3,71,71,0,0,0.0,0.0,0.0,0.0,23.1,42.1,0.0,1004.4
2026-01-09 21:00:00+00:00,3.5,84,1.1,93,93,0,3,0.0,0.0,0.0,0.0,22.5,40.7,0.0,1005.4
2026-01-09 22:00:00+00:00,3.1,88,1.2,93,93,0,6,0.0,0.0,0.0,0.0,22.3,40.0,0.0,1006.5
2026-01-09 23:00:00+00:00,3.1,87,1.2,96,96,0,0,0.0,0.0,0.0,0.0,21.5,39.2,0.0,1007.4
2026-01-10 00:00:00+00:00,3.0,87,1.0,99,99,0,0,0.0,0.0,0.0,0.0,20.0,37.4,0.0,1008.1
2026-01-10 01:00:00+00:00,2.6,87,0.7,100,100,0,0,0.0,0.0,0.0,0.0,18.3,35.3,0.0,1008.6
2026-01-10 02:00:00+00:00,2.3,88,0.5,100,100,0,0,0.0,0.0,0.0,0.0,17.1,33.5,0.0,1009.4
2026-01-10 03:00:00+00:00,1.7,89,0.1,98,98,0,0,0.0,0.0,0.0,0.0,16.7,32.8,0.0,1010.2
2026-01-10 04:00:00+00:00,1.4,88,-0.4,35,35,0,0,0.0,0.0,0.0,0.0,15.5,32.8,0.0,1010.9
2026-01-10 05:00:00+00:00,1.3,88,-0.4,37,37,0,0,0.0,0.0,0.0,0.0,15.3,32.0,0.0,1011.7
2026-01-10 06:00:00+00:00,0.9,88,-0.9,36,36,0,0,0.0,0.0,0.0,0.0,15.4,31.0,0.0,1012.9
2026-01-10 07:00:00+00:00,0.6,89,-1.0,4,4,0,0,0.0,0.0,0.0,0.0,15.1,27.0,0.0,1013.8
2026-01-10 08:00:00+00:00,0.1,89,-1.5,1,1,0,0,0.0,0.0,0.0,0.0,13.9,25.2,0.0,1014.9
2026-01-10 09:00:00+00:00,-0.1,88,-1.8,0,0,0,0,23.0,11.0,175.5,12.0,13.5,24.5,0.0,1015.7
2026-01-10 10:00:00+00:00,1.3,88,-0.5,0,0,0,0,114.0,73.0,485.8,41.0,12.6,24.8,0.0,1016.9
2026-01-10 11:00:00+00:00,2.7,83,0.1,0,0,0,0,201.0,144.0,615.6,57.0,12.1,26.3,0.0,1017.9
2026-01-10 12:00:00+00:00,3.8,77,0.1,0,0,0,0,253.0,188.0,667.0,65.0,11.6,25.9,0.0,1018.2
2026-01-10 13:00:00+00:00,4.4,74,0.1,0,0,0,0,265.0,199.0,684.1,66.0,11.4,24.5,0.0,1018.6
2026-01-10 14:00:00+00:00,4.7,72,0.1,2,2,0,0,233.0,175.0,672.2,58.0,10.5,21.6,0.0,1019.0
2026-01-10 15:00:00+00:00,4.2,73,-0.1,10,10,0,0,147.0,88.0,457.5,59.0,6.7,14.4,0.0,1019.6
2026-01-10 16:00:00+00:00,2.8,80,-0.3,34,15,0,22,55.0,27.0,295.1,28.0,7.3,10.4,0.0,1020.3
2026-01-10 17:00:00+00:00,0.5,85,-1.7,82,7,0,82,2.0,0.0,0.0,2.0,6.1,11.9,0.0,1020.9
2026-01-10 18:00:00+00:00,-0.3,87,-2.1,100,3,0,100,0.0,0.0,0.0,0.0,4.0,9.4,0.0,1021.6
2026-01-10 19:00:00+00:00,-1.2,91,-2.6,100,0,1,100,0.0,0.0,0.0,0.0,5.4,7.9,0.0,1021.7
2026-01-10 20:00:00+00:00,-1.6,93,-2.7,100,0,26,100,0.0,0.0,0.0,0.0,6.7,10.4,0.0,1021.9
2026-01-10 21:00:00+00:00,-2.3,95,-3.0,90,0,22,88,0.0,0.0,0.0,0.0,7.1,10.8,0.0,1022.2
2026-01-10 22:00:00+00:00,-2.0,94,-2.9,53,0,3,53,0.0,0.0,0.0,0.0,8.8,12.6,0.0,1022.2
2026-01-10 23:00:00+00:00,-1.4,93,-2.4,99,0,70,98,0.0,0.0,0.0,0.0,9.9,17.6,0.0,1022.1
2026-01-11 00:00:00+00:00,-0.6,93,-1.6,100,5,96,100,0.0,0.0,0.0,0.0,11.6,22.0,0.0,1022.1
2026-01-11 01:00:00+00:00,0.4,92,-0.8,100,24,97,94,0.0,0.0,0.0,0.0,12.5,23.0,0.0,1021.9
2026-01-11 02:00:00+00:00,1.1,92,-0.1,100,61,100,100,0.0,0.0,0.0,0.0,13.1,23.8,0.0,1021.6
2026-01-11 03:00:00+00:00,2.2,90,0.7,100,77,100,100,0.0,0.0,0.0,0.0,16.4,29.2,0.0,1021.0
2026-01-11 04:00:00+00:00,3.0,89,1.3,100,80,95,98,0.0,0.0,0.0,0.0,18.3,31.7,0.0,1019.6
2026-01-11 05:00:00+00:00,3.8,88,2.1,99,50,92,97,0.0,0.0,0.0,0.0,20.0,34.6,0.1,1018.6
2026-01-11 06:00:00+00:00,4.7,91,3.3,100,42,91,99,0.0,0.0,0.0,0.0,21.7,38.2,0.1,1017.9
2026-01-11 07:00:00+00:00,5.1,92,3.9,100,28,92,99,0.0,0.0,0.0,0.0,23.5,42.8,0.0,1017.1
2026-01-11 08:00:00+00:00,5.4,92,4.3,100,19,87,99,0.0,0.0,0.0,0.0,25.0,46.1,0.0,1016.3
2026-01-11 09:00:00+00:00,5.9,90,4.4,100,23,92,100,6.0,1.0,15.7,5.0,25.9,48.2,0.0,1015.8
2026-01-11 10:00:00+00:00,6.4,89,4.8,100,48,79,100,23.0,0.0,0.0,23.0,26.8,51.5,0.0,1015.0
2026-01-11 11:00:00+00:00,7.2,86,5.0,100,91,100,100,44.0,2.0,8.5,42.0,28.7,54.7,0.0,1013.9
2026-01-11 12:00:00+00:00,7.4,86,5.3,100,100,100,100,52.0,0.0,0.0,52.0,29.4,57.6,0.0,1012.7
2026-01-11 13:00:00+00:00,7.6,88,5.7,100,100,99,100,28.0,0.0,0.0,28.0,30.6,59.8,0.1,1011.3
2026-01-11 14:00:00+00:00,8.0,91,6.5,100,100,95,100,18.0,0.0,0.0,18.0,31.0,61.6,0.1,1010.0
2026-01-11 15:00:00+00:00,8.3,92,7.1,100,100,90,100,13.0,0.0,0.0,13.0,31.7,63.0,0.2,1008.5
2026-01-11 16:00:00+00:00,8.3,94,7.5,100,100,98,100,7.0,0.0,0.0,7.0,33.0,64.4,1.0,1007.5
2026-01-11 17:00:00+00:00,8.5,95,7.8,100,100,100,100,0.0,0.0,0.0,0.0,33.7,65.2,0.2,1006.4
2026-01-11 18:00:00+00:00,9.0,95,8.3,100,100,96,100,0.0,0.0,0.0,0.0,35.7,71.6,0.2,1005.3
2026-01-11 19:00:00+00:00,9.3,96,8.6,100,100,100,100,0.0,0.0,0.0,0.0,37.8,70.6,0.7,1004.2
2026-01-11 20:00:00+00:00,9.8,97,9.3,100,100,87,99,0.0,0.0,0.0,0.0,38.1,71.3,0.6,1003.1
2026-01-11 21:00:00+00:00,10.4,97,9.9,100,100,84,6,0.0,0.0,0.0,0.0,35.5,67.0,0.2,1002.7
2026-01-11 22:00:00+00:00,10.3,96,9.7,100,100,64,0,0.0,0.0,0.0,0.0,30.7,62.6,1.5,1002.1
2026-01-11 23:00:00+00:00,11.0,94,10.1,100,100,13,34,0.0,0.0,0.0,0.0,29.3,54.7,0.4,1002.0
2026-01-12 00:00:00+00:00,11.0,93,9.8,95,83,21,69,0.0,0.0,0.0,0.0,25.5,47.5,0.0,1002.4
2026-01-12 01:00:00+00:00,10.4,92,9.2,100,28,19,100,0.0,0.0,0.0,0.0,23.8,44.6,0.0,1002.1
2026-01-12 02:00:00+00:00,10.4,92,9.1,49,24,9,30,0.0,0.0,0.0,0.0,24.6,43.9,0.0,1002.4
2026-01-12 03:00:00+00:00,10.3,91,9.0,93,41,13,88,0.0,0.0,0.0,0.0,25.0,43.2,0.0,1002.8
2026-01-12 04:00:00+00:00,10.3,91,8.8,100,46,26,100,0.0,0.0,0.0,0.0,25.5,43.6,0.0,1002.7
2026-01-12 05:00:00+00:00,10.2,91,8.8,98,71,19,95,0.0,0.0,0.0,0.0,25.5,44.6,0.0,1002.3
2026-01-12 06:00:00+00:00,10.3,91,8.8,100,40,25,100,0.0,0.0,0.0,0.0,25.7,44.3,0.0,1002.5
2026-01-12 07:00:00+00:00,10.3,91,8.9,99,89,29,97,0.0,0.0,0.0,0.0,23.1,42.1,0.0,1002.4
2026-01-12 08:00:00+00:00,10.1,92,8.8,98,70,54,91,0.0,0.0,0.0,0.0,21.5,40.0,0.0,1002.2
2026-01-12 09:00:00+00:00,10.3,92,9.0,99,77,72,96,16.0,2.0,31.0,14.0,22.4,41.8,0.0,1002.7
2026-01-12 10:00:00+00:00,10.6,91,9.2,100,45,83,100,52.0,11.0,71.5,41.0,20.3,42.8,0.0,1002.7
2026-01-12 11:00:00+00:00,10.7,90,9.1,100,66,80,100,74.0,8.0,33.6,66.0,21.5,44.6,0.0,1002.4
2026-01-12 12:00:00+00:00,11.1,88,9.1,100,96,83,95,120.0,10.0,34.9,110.0,24.2,45.7,0.1,1003.0
2026-01-12 13:00:00+00:00,11.2,87,9.2,100,92,35,96,116.0,18.0,60.7,98.0,24.7,44.3,0.0,1002.4
2026-01-12 14:00:00+00:00,11.5,85,9.1,75,48,34,33,155.0,69.0,259.1,86.0,23.9,44.6,0.0,1002.4
2026-01-12 15:00:00+00:00,11.4,85,9.0,50,40,16,11,109.0,53.0,266.8,56.0,23.2,42.1,0.0,1002.3
2026-01-12 16:00:00+00:00,11.2,87,9.0,80,78,27,3,42.0,17.0,173.5,25.0,23.6,39.6,0.0,1002.5
2026-01-12 17:00:00+00:00,10.8,90,9.1,73,65,14,19,2.0,0.0,0.0,2.0,22.2,37.1,0.0,1002.9
2026-01-12 18:00:00+00:00,10.4,91,9.0,53,38,3,21,0.0,0.0,0.0,0.0,20.3,35.6,0.0,1003.1
2026-01-12 19:00:00+00:00,9.9,92,8.7,37,35,3,0,0.0,0.0,0.0,0.0,19.1,34.9,0.0,1003.8
2026-01-12 20:00:00+00:00,9.7,94,8.8,62,62,3,0,0.0,0.0,0.0,0.0,18.9,34.2,0.0,1004.3
2026-01-12 21:00:00+00:00,9.9,93,8.9,85,85,3,0,0.0,0.0,0.0,0.0,18.0,32.4,0.0,1004.6
2026-01-12 22:00:00+00:00,9.7,94,8.8,29,28,7,0,0.0,0.0,0.0,0.0,14.3,30.6,0.0,1004.9
2026-01-12 23:00:00+00:00,9.6,94,8.7,73,44,4,54,0.0,0.0,0.0,0.0,14.1,28.1,0.0,1004.9
2026-01-13 00:00:00+00:00,9.6,95,8.8,100,100,5,94,0.0,0.0,0.0,0.0,14.9,26.6,0.0,1005.2
2026-01-13 01:00:00+00:00,9.7,96,9.1,100,100,13,100,0.0,0.0,0.0,0.0,15.5,25.6,0.0,1005.4
2026-01-13 02:00:00+00:00,9.9,96,9.2,100,100,20,100,0.0,0.0,0.0,0.0,14.1,24.8,0.0,1005.1
2026-01-13 03:00:00+00:00,9.7,96,9.2,100,100,82,100,0.0,0.0,0.0,0.0,14.1,25.9,0.0,1005.0
2026-01-13 04:00:00+00:00,9.8,96,9.2,100,100,91,100,0.0,0.0,0.0,0.0,14.6,23.4,0.0,1004.8
2026-01-13 05:00:00+00:00,9.8,97,9.4,100,100,96,100,0.0,0.0,0.0,0.0,13.9,20.5,0.0,1004.5
2026-01-13 06:00:00+00:00,9.8,98,9.5,100,100,85,99,0.0,0.0,0.0,0.0,15.9,23.8,0.0,1004.3
2026-01-13 07:00:00+00:00,9.9,98,9.6,100,100,99,100,0.0,0.0,0.0,0.0,16.5,28.1,0.0,1004.4
2026-01-13 08:00:00+00:00,10.1,98,9.8,100,100,100,100,0.0,0.0,0.0,0.0,16.1,30.6,0.3,1004.2
2026-01-13 09:00:00+00:00,10.1,98,9.8,100,100,100,100,4.0,0.0,0.0,4.0,15.1,27.0,1.3,1004.3
2026-01-13 10:00:00+00:00,10.0,97,9.5,100,100,100,100,8.0,0.0,0.0,8.0,10.8,32.8,1.6,1003.7
2026-01-13 11:00:00+00:00,10.4,95,9.7,100,100,100,100,21.0,0.0,0.0,21.0,14.4,47.9,1.9,1003.5
2026-01-13 12:00:00+00:00,10.6,94,9.7,100,100,89,95,16.0,0.0,0.0,16.0,17.3,52.6,1.3,1003.1
2026-01-13 13:00:00+00:00,10.6,94,9.7,100,100,90,99,24.0,0.0,0.0,24.0,19.4,44.3,0.9,1003.2
2026-01-13 14:00:00+00:00,10.7,94,9.7,100,100,96,100,22.0,0.0,0.0,22.0,18.3,32.8,0.7,1003.2
2026-01-13 15:00:00+00:00,10.4,95,9.7,100,100,99,100,27.0,0.0,0.0,27.0,15.5,25.2,0.5,1003.6
2026-01-13 16:00:00+00:00,10.2,95,9.5,100,100,100,100,14.0,0.0,0.0,14.0,11.3,18.0,0.2,1003.7
2026-01-13 17:00:00+00:00,9.9,93,8.8,100,100,99,99,1.0,0.0,0.0,1.0,8.9,13.3,0.1,1004.4
2026-01-13 18:00:00+00:00,9.5,94,8.5,100,100,98,100,0.0,0.0,0.0,0.0,8.2,14.0,0.1,1005.0
2026-01-13 19:00:00+00:00,9.1,96,8.5,100,100,99,100,0.0,0.0,0.0,0.0,10.9,19.8,0.3,1005.8
2026-01-13 20:00:00+00:00,8.9,94,8.0,100,100,92,99,0.0,0.0,0.0,0.0,14.5,27.7,0.1,1006.9
2026-01-13 21:00:00+00:00,8.1,92,6.8,100,95,94,93,0.0,0.0,0.0,0.0,15.5,29.9,0.1,1008.0
2026-01-13 22:00:00+00:00,7.0,90,5.4,100,83,100,80,0.0,0.0,0.0,0.0,14.4,24.8,0.0,1009.0
2026-01-13 23:00:00+00:00,6.4,91,5.0,93,59,91,46,0.0,0.0,0.0,0.0,12.6,19.8,0.0,1009.9
2026-01-14 00:00:00+00:00,5.4,93,4.3,65,28,63,12,0.0,0.0,0.0,0.0,10.4,17.3,0.0,1010.6
2026-01-14 01:00:00+00:00,4.6,94,3.8,19,7,19,0,0.0,0.0,0.0,0.0,8.6,16.2,0.0,1010.8
2026-01-14 02:00:00+00:00,3.7,95,3.0,3,2,3,0,0.0,0.0,0.0,0.0,7.1,15.1,0.0,1011.3
2026-01-14 03:00:00+00:00,2.6,97,2.1,4,3,4,0,0.0,0.0,0.0,0.0,7.8,14.4,0.0,1012.1
2026-01-14 04:00:00+00:00,1.0,97,0.6,1,1,0,0,0.0,0.0,0.0,0.0,9.1,13.0,0.0,1012.4
2026-01-14 05:00:00+00:00,-0.0,97,-0.5,10,10,0,0,0.0,0.0,0.0,0.0,8.3,11.5,0.0,1012.6
2026-01-14 06:00:00+00:00,-0.6,97,-1.1,3,3,0,0,0.0,0.0,0.0,0.0,5.8,10.4,0.0,1012.9
2026-01-14 07:00:00+00:00,-1.1,96,-1.7,8,7,1,0,0.0,0.0,0.0,0.0,6.7,9.0,0.0,1013.5
2026-01-14 08:00:00+00:00,-1.5,97,-1.8,8,7,0,1,0.0,0.0,0.0,0.0,5.0,7.9,0.0,1013.7
2026-01-14 09:00:00+00:00,-0.9,98,-1.2,13,5,1,9,25.0,12.0,180.2,13.0,7.6,11.9,0.0,1014.1
2026-01-14 10:00:00+00:00,1.9,96,1.3,29,6,3,22,106.0,55.0,347.9,51.0,8.1,15.8,0.0,1014.2
2026-01-14 11:00:00+00:00,4.3,88,2.5,44,22,7,26,180.0,109.0,448.6,71.0,8.6,17.6,0.0,1013.9
2026-01-14 12:00:00+00:00,5.7,84,3.2,54,31,6,33,176.0,70.0,239.6,106.0,10.5,19.8,0.0,1013.0
2026-01-14 13:00:00+00:00,6.9,82,4.0,93,91,5,14,165.0,59.0,195.2,106.0,11.6,21.2,0.0,1012.2
2026-01-14 14:00:00+00:00,7.2,86,4.9,100,100,32,5,82.0,8.0,29.3,74.0,12.4,20.2,0.0,1011.3
2026-01-14 15:00:00+00:00,7.4,90,5.8,100,100,46,28,42.0,1.0,4.9,41.0,11.2,19.4,0.0,1010.4
2026-01-14 16:00:00+00:00,7.7,93,6.7,100,100,40,67,14.0,0.0,0.0,14.0,12.0,21.2,0.0,1009.8
2026-01-14 17:00:00+00:00,8.1,96,7.5,100,100,41,88,1.0,0.0,0.0,1.0,14.4,25.9,0.3,1009.0
2026-01-14 18:00:00+00:00,8.3,98,8.0,100,94,80,96,0.0,0.0,0.0,0.0,17.3,31.7,0.2,1008.5
2026-01-14 19:00:00+00:00,9.2,95,8.5,100,100,81,91,0.0,0.0,0.0,0.0,19.8,36.0,0.1,1007.6
2026-01-14 20:00:00+00:00,9.4,96,8.9,100,100,85,28,0.0,0.0,0.0,0.0,21.5,38.9,0.1,1007.1
2026-01-14 21:00:00+00:00,9.5,97,9.1,98,94,67,38,0.0,0.0,0.0,0.0,21.7,38.2,0.2,1006.2
2026-01-14 22:00:00+00:00,9.5,98,9.2,90,84,39,33,0.0,0.0,0.0,0.0,17.4,35.3,0.2,1006.1
2026-01-14 23:00:00+00:00,8.8,95,8.0,46,25,28,4,0.0,0.0,0.0,0.0,17.6,34.2,0.0,1006.0
2026-01-15 00:00:00+00:00,8.0,92,6.7,33,10,29,0,0.0,0.0,0.0,0.0,18.3,34.6,0.0,1006.2
2026-01-15 01:00:00+00:00,7.6,92,6.4,56,21,27,34,0.0,0.0,0.0,0.0,19.1,36.0,0.0,1006.0
2026-01-15 02:00:00+00:00,8.2,92,7.0,99,91,57,88,0.0,0.0,0.0,0.0,19.7,37.8,0.0,1005.6
2026-01-15 03:00:00+00:00,9.1,93,8.0,100,100,67,98,0.0,0.0,0.0,0.0,19.3,38.5,0.0,1005.1
2026-01-15 04:00:00+00:00,9.2,96,8.6,100,68,100,100,0.0,0.0,0.0,0.0,19.3,36.4,0.0,1005.1
2026-01-15 05:00:00+00:00,9.4,96,8.9,100,73,100,100,0.0,0.0,0.0,0.0,16.1,32.4,0.0,1004.1
2026-01-15 06:00:00+00:00,9.3,96,8.7,100,100,100,100,0.0,0.0,0.0,0.0,16.0,27.4,0.0,1003.9
2026-01-15 07:00:00+00:00,9.2,96,8.6,100,100,100,100,0.0,0.0,0.0,0.0,17.2,30.6,0.1,1003.2
2026-01-15 08:00:00+00:00,9.4,94,8.5,100,100,100,100,0.0,0.0,0.0,0.0,19.7,34.6,0.3,1002.7
2026-01-15 09:00:00+00:00,9.6,94,8.7,100,100,100,100,4.0,0.0,0.0,4.0,23.1,41.8,0.7,1002.4
2026-01-15 10:00:00+00:00,8.9,93,7.9,100,99,100,100,11.0,0.0,0.0,11.0,20.4,43.6,1.0,1002.3
2026-01-15 11:00:00+00:00,8.7,95,7.9,100,100,100,100,20.0,0.0,0.0,20.0,18.6,37.8,1.2,1001.8
2026-01-15 12:00:00+00:00,8.7,96,8.1,100,100,100,100,21.0,0.0,0.0,21.0,18.6,38.5,2.0,1000.2
2026-01-15 13:00:00+00:00,9.1,95,8.3,100,100,100,100,13.0,0.0,0.0,13.0,21.1,56.2,2.7,998.6
2026-01-15 14:00:00+00:00,9.6,94,8.7,100,100,100,100,13.0,0.0,0.0,13.0,24.4,68.4,2.4,996.4
2026-01-15 15:00:00+00:00,9.7,93,8.7,100,100,100,100,9.0,0.0,0.0,9.0,21.6,62.3,1.3,995.8
2026-01-15 16:00:00+00:00,9.2,96,8.6,100,100,100,100,8.0,0.0,0.0,8.0,16.5,47.2,0.8,995.7
2026-01-15 17:00:00+00:00,8.5,99,8.3,100,98,100,100,1.0,0.0,0.0,1.0,13.2,34.9,0.3,996.0
2026-01-15 18:00:00+00:00,7.9,97,7.5,100,72,100,100,0.0,0.0,0.0,0.0,10.4,31.3,0.1,996.6
2026-01-15 19:00:00+00:00,7.3,95,6.6,100,59,100,85,0.0,0.0,0.0,0.0,11.6,22.0,0.3,997.1
2026-01-15 20:00:00+00:00,6.4,95,5.6,100,40,100,31,0.0,0.0,0.0,0.0,12.8,24.8,0.1,997.9
2026-01-15 21:00:00+00:00,5.6,96,4.9,82,4,82,1,0.0,0.0,0.0,0.0,12.4,22.7,0.0,998.7
2026-01-15 22:00:00+00:00,5.1,96,4.5,46,23,32,0,0.0,0.0,0.0,0.0,11.3,19.1,0.0,1000.1
2026-01-15 23:00:00+00:00,4.1,97,3.6,8,7,4,0,0.0,0.0,0.0,0.0,6.7,14.0,0.0,1000.8
2026-01-16 00:00:00+00:00,3.3,99,3.1,11,10,2,0,0.0,0.0,0.0,0.0,5.9,13.3,0.0,1001.7
2026-01-16 01:00:00+00:00,2.4,99,2.3,8,6,3,0,0.0,0.0,0.0,0.0,6.5,9.4,0.0,1002.4
2026-01-16 02:00:00+00:00,2.6,100,2.6,38,21,29,5,0.0,0.0,0.0,0.0,9.3,11.5,0.0,1002.8
2026-01-16 03:00:00+00:00,3.6,99,3.4,88,38,36,79,0.0,0.0,0.0,0.0,11.0,17.3,0.0,1003.1
2026-01-16 04:00:00+00:00,4.6,98,4.3,96,59,40,92,0.0,0.0,0.0,0.0,13.1,19.4,0.1,1003.2
2026-01-16 05:00:00+00:00,5.3,97,4.9,96,34,52,91,0.0,0.0,0.0,0.0,13.1,19.8,0.0,1003.6
2026-01-16 06:00:00+00:00,5.7,96,5.1,98,21,39,97,0.0,0.0,0.0,0.0,12.9,20.2,0.0,1004.1
2026-01-16 07:00:00+00:00,5.2,96,4.6,95,17,35,89,0.0,0.0,0.0,0.0,13.3,22.7,0.0,1004.6
2026-01-16 08:00:00+00:00,4.6,96,4.0,84,8,36,78,0.0,0.0,0.0,0.0,13.8,23.8,0.0,1005.4
2026-01-16 09:00:00+00:00,5.5,95,4.8,46,9,19,34,26.0,10.0,145.2,16.0,14.9,25.2,0.0,1006.1
2026-01-16 10:00:00+00:00,7.0,95,6.2,74,55,44,32,103.0,56.0,344.3,47.0,13.4,28.1,0.0,1007.0
2026-01-16 11:00:00+00:00,8.1,92,6.9,52,41,30,1,176.0,106.0,427.1,70.0,13.0,34.6,0.0,1007.5
2026-01-16 12:00:00+00:00,9.0,88,7.2,35,28,21,0,221.0,151.0,506.7,70.0,14.8,36.0,0.1,1007.3
2026-01-16 13:00:00+00:00,9.5,88,7.6,67,60,20,0,234.0,156.0,505.5,78.0,16.7,37.4,0.1,1007.4
2026-01-16 14:00:00+00:00,9.3,89,7.6,75,63,16,29,208.0,137.0,490.3,71.0,17.4,38.2,0.2,1007.3
2026-01-16 15:00:00+00:00,9.2,89,7.4,94,39,20,91,143.0,86.0,405.1,57.0,17.6,34.9,0.1,1007.4
2026-01-16 16:00:00+00:00,8.6,88,6.8,98,41,30,95,58.0,24.0,214.5,34.0,17.0,32.8,0.1,1007.6
2026-01-16 17:00:00+00:00,8.0,91,6.6,94,39,45,84,4.0,1.0,19.1,3.0,16.5,32.0,0.3,1007.8
2026-01-16 18:00:00+00:00,8.0,93,7.0,91,43,53,80,0.0,0.0,0.0,0.0,16.2,31.7,0.1,1008.2
2026-01-16 19:00:00+00:00,8.3,93,7.2,100,82,95,99,0.0,0.0,0.0,0.0,17.8,32.4,0.2,1008.4
2026-01-16 20:00:00+00:00,8.3,93,7.2,100,99,100,94,0.0,0.0,0.0,0.0,19.5,36.0,0.4,1008.6
2026-01-16 21:00:00+00:00,8.1,92,7.0,100,97,100,100,0.0,0.0,0.0,0.0,20.3,34.6,0.7,1008.6
2026-01-16 22:00:00+00:00,8.3,93,7.2,100,28,99,100,0.0,0.0,0.0,0.0,16.7,32.0,0.8,1008.8
2026-01-16 23:00:00+00:00,8.2,94,7.3,100,48,90,98,0.0,0.0,0.0,0.0,14.7,31.3,0.7,1008.9
2026-01-17 00:00:00+00:00,8.3,95,7.5,99,76,72,99,0.0,0.0,0.0,0.0,14.5,31.3,0.6,1009.0
2026-01-17 01:00:00+00:00,8.2,95,7.5,99,82,58,98,0.0,0.0,0.0,0.0,14.7,29.5,0.5,1009.2
2026-01-17 02:00:00+00:00,8.1,95,7.4,100,87,57,96,0.0,0.0,0.0,0.0,14.7,27.0,0.2,1009.4
2026-01-17 03:00:00+00:00,7.8,96,7.2,100,75,53,100,0.0,0.0,0.0,0.0,14.5,24.1,0.1,1009.9
2026-01-17 04:00:00+00:00,7.4,97,6.9,100,63,35,100,0.0,0.0,0.0,0.0,14.3,23.0,0.0,1010.0
2026-01-17 05:00:00+00:00,7.3,96,6.7,100,31,26,100,0.0,0.0,0.0,0.0,12.6,21.6,0.1,1010.3
2026-01-17 06:00:00+00:00,7.1,96,6.5,100,35,34,99,0.0,0.0,0.0,0.0,11.2,18.7,0.0,1010.7
2026-01-17 07:00:00+00:00,7.1,95,6.4,95,30,79,91,0.0,0.0,0.0,0.0,11.6,19.8,0.0,1011.3
2026-01-17 08:00:00+00:00,6.9,96,6.2,83,31,40,68,0.0,0.0,0.0,0.0,11.2,19.8,0.1,1011.9
2026-01-17 09:00:00+00:00,6.6,96,6.0,62,31,30,41,22.0,7.0,99.8,15.0,11.6,20.5,0.1,1012.8
2026-01-17 10:00:00+00:00,8.1,95,7.3,63,7,25,51,88.0,42.0,254.4,46.0,11.8,21.6,0.1,1013.5
2026-01-17 11:00:00+00:00,8.9,92,7.6,62,27,49,30,118.0,51.0,203.2,67.0,13.2,23.8,0.0,1014.3
2026-01-17 12:00:00+00:00,9.6,90,8.0,59,37,38,27,188.0,110.0,365.4,78.0,12.6,27.0,0.1,1014.4
2026-01-17 13:00:00+00:00,9.9,88,8.0,79,28,13,69,167.0,53.0,169.9,114.0,11.0,24.5,0.0,1014.6
2026-01-17 14:00:00+00:00,9.6,89,7.9,100,31,10,100,138.0,38.0,134.3,100.0,10.6,23.0,0.1,1014.9
2026-01-17 15:00:00+00:00,9.2,90,7.6,100,26,6,100,82.0,14.0,64.8,68.0,8.0,16.9,0.0,1015.4
2026-01-17 16:00:00+00:00,9.0,89,7.3,100,39,0,99,41.0,3.0,26.0,38.0,6.7,12.2,0.0,1015.7
2026-01-17 17:00:00+00:00,8.2,92,7.1,100,62,10,99,3.0,0.0,0.0,3.0,10.3,13.3,0.0,1016.6
2026-01-17 18:00:00+00:00,7.9,94,7.1,100,58,58,99,0.0,0.0,0.0,0.0,9.7,16.2,0.0,1017.3
2026-01-17 19:00:00+00:00,7.5,94,6.7,100,56,92,100,0.0,0.0,0.0,0.0,8.3,15.1,0.0,1017.6
2026-01-17 20:00:00+00:00,6.9,95,6.1,99,61,93,98,0.0,0.0,0.0,0.0,8.0,14.4,0.0,1018.1
2026-01-17 21:00:00+00:00,6.8,94,5.9,100,78,96,99,0.0,0.0,0.0,0.0,8.3,14.8,0.0,1018.4
2026-01-17 22:00:00+00:00,7.1,95,6.4,90,76,29,33,0.0,0.0,0.0,0.0,8.3,16.9,0.0,1018.7
2026-01-17 23:00:00+00:00,7.1,95,6.4,100,100,9,0,0.0,0.0,0.0,0.0,10.0,17.3,0.0,1018.9
2026-01-18 00:00:00+00:00,7.4,95,6.7,100,100,79,0,0.0,0.0,0.0,0.0,8.3,16.9,0.0,1018.8
2026-01-18 01:00:00+00:00,7.3,96,6.7,100,97,100,0,0.0,0.0,0.0,0.0,8.0,18.0,0.0,1018.6
2026-01-18 02:00:00+00:00,7.3,96,6.7,100,99,96,67,0.0,0.0,0.0,0.0,11.2,19.8,0.3,1018.5
2026-01-18 03:00:00+00:00,7.2,97,6.8,100,100,81,71,0.0,0.0,0.0,0.0,12.1,20.9,0.8,1018.4
2026-01-18 04:00:00+00:00,7.2,99,7.0,100,100,85,70,0.0,0.0,0.0,0.0,12.3,20.5,0.7,1017.9
2026-01-18 05:00:00+00:00,7.3,98,7.0,100,91,100,61,0.0,0.0,0.0,0.0,11.8,20.5,0.2,1017.4
2026-01-18 06:00:00+00:00,7.2,98,6.9,100,96,98,49,0.0,0.0,0.0,0.0,11.5,20.2,0.1,1017.3
2026-01-18 07:00:00+00:00,7.3,98,7.0,100,98,95,29,0.0,0.0,0.0,0.0,10.6,18.7,0.2,1017.5
2026-01-18 08:00:00+00:00,7.5,97,7.1,97,80,94,6,0.0,0.0,0.0,0.0,9.9,18.4,0.1,1017.5
2026-01-18 09:00:00+00:00,7.7,97,7.2,62,39,51,4,13.0,2.0,28.0,11.0,10.9,20.2,0.0,1017.5
2026-01-18 10:00:00+00:00,7.7,98,7.4,96,91,57,1,44.0,2.0,11.9,42.0,9.9,18.4,0.0,1017.3
2026-01-18 11:00:00+00:00,8.5,95,7.7,99,96,90,0,64.0,0.0,0.0,64.0,11.8,23.4,0.1,1017.2
2026-01-18 12:00:00+00:00,9.3,94,8.4,100,98,89,0,138.0,48.0,157.8,90.0,14.0,25.6,0.0,1016.6
2026-01-18 13:00:00+00:00,9.8,93,8.7,99,98,46,0,132.0,24.0,76.1,108.0,11.8,25.9,0.0,1015.9
2026-01-18 14:00:00+00:00,9.9,92,8.7,100,100,87,0,106.0,17.0,59.4,89.0,8.8,23.8,0.0,1015.7
2026-01-18 15:00:00+00:00,10.0,92,8.7,99,99,92,0,81.0,33.0,150.3,48.0,7.3,18.7,0.0,1015.4
2026-01-18 16:00:00+00:00,9.6,94,8.7,94,70,90,2,34.0,8.0,67.1,26.0,6.4,11.5,0.0,1015.4
2026-01-18 17:00:00+00:00,9.1,95,8.4,90,59,77,21,3.0,0.0,0.0,3.0,7.9,17.3,0.0,1015.5
2026-01-18 18:00:00+00:00,8.5,96,8.0,99,83,99,42,0.0,0.0,0.0,0.0,8.6,18.7,0.0,1015.3
2026-01-18 19:00:00+00:00,8.4,96,7.8,100,100,100,5,0.0,0.0,0.0,0.0,9.9,18.7,0.1,1015.1
2026-01-18 20:00:00+00:00,8.3,95,7.6,100,100,98,0,0.0,0.0,0.0,0.0,11.0,20.2,0.3,1014.9
2026-01-18 21:00:00+00:00,8.5,95,7.7,96,89,95,0,0.0,0.0,0.0,0.0,11.5,20.5,0.4,1014.5
2026-01-18 22:00:00+00:00,8.8,94,7.9,100,100,100,0,0.0,0.0,0.0,0.0,9.2,18.7,0.4,1014.2
2026-01-18 23:00:00+00:00,8.9,95,8.1,100,100,100,0,0.0,0.0,0.0,0.0,9.4,17.3,0.4,1014.0
2026-01-19 00:00:00+00:00,9.0,95,8.3,100,100,100,0,0.0,0.0,0.0,0.0,10.5,16.6,0.3,1013.7
2026-01-19 01:00:00+00:00,9.1,95,8.4,100,100,96,0,0.0,0.0,0.0,0.0,10.4,16.9,0.1,1013.5
2026-01-19 02:00:00+00:00,9.1,96,8.5,100,100,78,0,0.0,0.0,0.0,0.0,9.6,16.9,0.0,1013.5
2026-01-19 03:00:00+00:00,9.1,97,8.7,99,98,79,0,0.0,0.0,0.0,0.0,9.1,17.6,0.0,1013.3
2026-01-19 04:00:00+00:00,9.0,98,8.7,100,100,84,3,0.0,0.0,0.0,0.0,9.3,18.4,0.0,1013.0
2026-01-19 05:00:00+00:00,8.8,99,8.6,100,100,98,24,0.0,0.0,0.0,0.0,9.7,19.4,0.0,1013.0
2026-01-19 06:00:00+00:00,8.9,99,8.7,100,100,99,36,0.0,0.0,0.0,0.0,10.3,20.2,0.0,1012.9
2026-01-19 07:00:00+00:00,9.0,99,8.8,100,100,87,50,0.0,0.0,0.0,0.0,10.8,19.8,0.1,1013.2
2026-01-19 08:00:00+00:00,9.1,98,8.9,100,100,55,54,0.0,0.0,0.0,0.0,11.3,21.2,0.0,1013.3
2026-01-19 09:00:00+00:00,9.1,99,8.9,100,100,54,45,5.0,0.0,0.0,5.0,12.4,22.0,0.0,1013.5
2026-01-19 10:00:00+00:00,9.1,98,8.8,100,100,54,11,25.0,0.0,0.0,25.0,15.0,27.0,0.0,1013.7
2026-01-19 11:00:00+00:00,9.2,99,9.0,100,100,70,0,34.0,0.0,0.0,34.0,14.7,28.1,0.0,1013.8
2026-01-19 12:00:00+00:00,9.5,97,9.0,100,100,70,0,43.0,0.0,0.0,43.0,14.8,28.4,0.0,1013.4
2026-01-19 13:00:00+00:00,9.5,97,9.0,100,100,80,3,53.0,0.0,0.0,53.0,16.3,30.6,0.1,1013.1
2026-01-19 14:00:00+00:00,9.7,95,9.0,100,100,74,11,55.0,10.0,34.5,45.0,16.9,33.5,0.3,1012.6
2026-01-19 15:00:00+00:00,9.6,95,8.8,100,100,84,0,28.0,0.0,0.0,28.0,15.9,31.3,0.3,1012.6
2026-01-19 16:00:00+00:00,9.4,96,8.8,100,100,67,15,11.0,0.0,0.0,11.0,14.3,28.1,0.4,1012.8
2026-01-19 17:00:00+00:00,9.2,96,8.6,100,100,33,83,1.0,0.0,0.0,1.0,13.6,25.6,0.5,1012.8
2026-01-19 18:00:00+00:00,9.1,97,8.7,100,100,35,15,0.0,0.0,0.0,0.0,14.3,24.1,0.5,1013.0
2026-01-19 19:00:00+00:00,8.9,97,8.5,100,100,12,4,0.0,0.0,0.0,0.0,14.0,24.8,0.0,1013.1
2026-01-19 20:00:00+00:00,8.8,98,8.5,99,99,7,1,0.0,0.0,0.0,0.0,13.5,24.5,0.0,1013.3
2026-01-19 21:00:00+00:00,8.7,98,8.4,99,98,9,15,0.0,0.0,0.0,0.0,13.8,24.5,0.0,1013.2
2026-01-19 22:00:00+00:00,8.7,98,8.4,99,98,26,52,0.0,0.0,0.0,0.0,14.5,27.0,0.0,1012.8
2026-01-19 23:00:00+00:00,8.7,97,8.3,95,93,10,28,0.0,0.0,0.0,0.0,15.9,28.8,0.0,1012.5
2026-01-20 00:00:00+00:00,8.7,96,8.1,100,99,11,42,0.0,0.0,0.0,0.0,17.6,31.7,0.0,1012.1
2026-01-20 01:00:00+00:00,8.7,94,7.8,100,100,9,19,0.0,0.0,0.0,0.0,18.5,34.9,0.0,1011.7
2026-01-20 02:00:00+00:00,8.2,93,7.2,100,100,17,1,0.0,0.0,0.0,0.0,22.3,38.5,0.1,1011.5
2026-01-20 03:00:00+00:00,8.1,95,7.3,100,100,29,0,0.0,0.0,0.0,0.0,22.0,39.2,0.1,1011.2
2026-01-20 04:00:00+00:00,8.2,95,7.4,100,99,26,0,0.0,0.0,0.0,0.0,23.1,39.2,0.0,1010.8
2026-01-20 05:00:00+00:00,8.2,94,7.2,77,74,18,0,0.0,0.0,0.0,0.0,24.0,42.5,0.1,1010.5
2026-01-20 06:00:00+00:00,8.1,93,7.0,98,98,9,0,0.0,0.0,0.0,0.0,21.3,43.9,0.2,1010.1
2026-01-20 07:00:00+00:00,8.0,92,6.7,87,87,0,1,0.0,0.0,0.0,0.0,23.3,43.2,0.0,1009.7
2026-01-20 08:00:00+00:00,7.7,91,6.3,71,57,0,23,0.0,0.0,0.0,0.0,25.3,46.4,0.0,1009.5
2026-01-20 09:00:00+00:00,7.9,90,6.3,82,47,12,55,19.0,5.0,67.4,14.0,26.7,48.6,0.0,1009.2
2026-01-20 10:00:00+00:00,8.6,85,6.2,88,16,9,84,91.0,27.0,156.0,64.0,28.1,54.0,0.0,1008.5
2026-01-20 11:00:00+00:00,9.0,81,5.9,89,7,3,88,137.0,51.0,196.3,86.0,25.9,59.8,0.0,1008.0
2026-01-20 12:00:00+00:00,9.2,78,5.7,64,6,0,60,165.0,45.0,144.8,120.0,29.6,62.6,0.0,1006.9
2026-01-20 13:00:00+00:00,9.5,76,5.5,66,20,0,57,206.0,99.0,307.2,107.0,32.3,66.2,0.0,1006.2
2026-01-20 14:00:00+00:00,9.5,78,5.8,88,34,2,86,171.0,85.0,289.4,86.0,30.8,55.8,0.0,1005.0
2026-01-20 15:00:00+00:00,9.4,79,5.9,96,67,1,91,135.0,65.0,286.3,70.0,32.5,59.4,0.0,1004.4
2026-01-20 16:00:00+00:00,9.2,78,5.5,98,81,31,97,50.0,26.0,205.1,24.0,33.6,61.6,0.0,1003.3
2026-01-20 17:00:00+00:00,9.1,78,5.6,100,92,74,99,3.0,0.0,0.0,3.0,35.2,63.0,0.3,1002.3
2026-01-20 18:00:00+00:00,8.7,84,6.2,100,100,99,100,0.0,0.0,0.0,0.0,35.7,61.9,1.3,1001.2
2026-01-20 19:00:00+00:00,8.3,89,6.6,100,100,100,98,0.0,0.0,0.0,0.0,37.2,68.0,1.6,1000.3
2026-01-20 20:00:00+00:00,8.0,90,6.4,100,100,100,100,0.0,0.0,0.0,0.0,41.3,73.1,2.3,999.2
2026-01-20 21:00:00+00:00,7.6,92,6.4,100,100,98,43,0.0,0.0,0.0,0.0,30.3,58.7,2.1,998.3
2026-01-20 22:00:00+00:00,7.1,94,6.2,100,100,82,58,0.0,0.0,0.0,0.0,20.7,46.1,1.1,997.9
2026-01-20 23:00:00+00:00,6.8,91,5.5,100,100,45,12,0.0,0.0,0.0,0.0,20.0,38.9,0.4,998.3
2026-01-21 00:00:00+00:00,6.4,94,5.5,91,86,40,20,0.0,0.0,0.0,0.0,19.2,34.9,0.1,998.3
2026-01-21 01:00:00+00:00,6.0,94,5.1,40,38,13,0,0.0,0.0,0.0,0.0,16.1,34.2,0.1,997.7
2026-01-21 02:00:00+00:00,5.7,95,5.0,39,38,4,0,0.0,0.0,0.0,0.0,16.5,30.6,0.0,997.4
2026-01-21 03:00:00+00:00,5.7,95,4.9,45,44,4,2,0.0,0.0,0.0,0.0,16.2,27.7,0.0,996.8
2026-01-21 04:00:00+00:00,6.1,93,5.0,97,35,87,90,0.0,0.0,0.0,0.0,18.8,31.3,0.0,995.6
2026-01-21 05:00:00+00:00,6.5,93,5.4,93,30,81,88,0.0,0.0,0.0,0.0,19.8,35.6,0.2,994.8
2026-01-21 06:00:00+00:00,6.9,93,5.8,75,17,58,48,0.0,0.0,0.0,0.0,20.5,37.1,0.1,993.3
2026-01-21 07:00:00+00:00,7.2,93,6.1,100,100,84,72,0.0,0.0,0.0,0.0,24.4,45.7,0.6,991.4
2026-01-21 08:00:00+00:00,7.8,96,7.2,100,100,100,51,0.0,0.0,0.0,0.0,30.0,59.4,1.2,989.4
2026-01-21 09:00:00+00:00,9.0,95,8.3,99,97,85,24,4.0,0.0,0.0,4.0,35.6,64.8,2.2,988.1
2026-01-21 10:00:00+00:00,9.8,90,8.2,100,100,84,47,22.0,6.0,34.1,16.0,32.4,72.4,1.3,987.7
2026-01-21 11:00:00+00:00,10.0,90,8.5,100,100,97,60,21.0,0.0,0.0,21.0,33.2,66.2,0.4,987.3
2026-01-21 12:00:00+00:00,9.9,93,8.7,100,100,100,36,46.0,0.0,0.0,46.0,32.2,67.3,0.5,986.8
2026-01-21 13:00:00+00:00,9.6,93,8.6,100,100,92,39,27.0,0.0,0.0,27.0,31.3,61.2,0.3,986.0
2026-01-21 14:00:00+00:00,9.5,93,8.4,100,100,88,23,24.0,0.0,0.0,24.0,31.5,59.8,0.1,985.5
2026-01-21 15:00:00+00:00,9.6,91,8.2,100,100,68,36,25.0,0.0,0.0,25.0,31.1,59.0,0.1,985.2
2026-01-21 16:00:00+00:00,9.8,89,8.1,100,100,86,54,11.0,0.0,0.0,11.0,31.2,58.0,0.0,985.0
2026-01-21 17:00:00+00:00,9.7,89,7.9,100,97,96,46,2.0,0.0,0.0,2.0,31.3,57.2,0.0,985.0
2026-01-21 18:00:00+00:00,9.7,89,8.0,100,100,41,74,0.0,0.0,0.0,0.0,30.3,54.7,0.3,984.8
2026-01-21 19:00:00+00:00,9.8,90,8.2,100,100,53,70,0.0,0.0,0.0,0.0,29.8,55.1,0.2,985.0
2026-01-21 20:00:00+00:00,9.8,91,8.3,99,95,77,44,0.0,0.0,0.0,0.0,28.7,52.9,0.2,985.1
2026-01-21 21:00:00+00:00,9.8,91,8.4,100,100,69,78,0.0,0.0,0.0,0.0,27.1,50.0,0.2,985.2
2026-01-21 22:00:00+00:00,9.9,91,8.5,100,100,55,92,0.0,0.0,0.0,0.0,24.6,49.7,0.1,985.5
2026-01-21 23:00:00+00:00,10.0,91,8.6,100,100,88,97,0.0,0.0,0.0,0.0,24.4,46.8,0.3,985.9
2026-01-22 00:00:00+00:00,9.7,93,8.6,99,57,73,97,0.0,0.0,0.0,0.0,22.4,41.0,0.7,986.2
2026-01-22 01:00:00+00:00,9.6,93,8.6,100,26,94,100,0.0,0.0,0.0,0.0,19.8,36.7,0.9,986.3
2026-01-22 02:00:00+00:00,9.6,93,8.5,99,57,95,99,0.0,0.0,0.0,0.0,19.2,35.3,0.9,986.6
2026-01-22 03:00:00+00:00,9.6,91,8.1,98,39,87,95,0.0,0.0,0.0,0.0,18.0,36.4,1.0,986.4
2026-01-22 04:00:00+00:00,9.3,94,8.4,94,45,47,82,0.0,0.0,0.0,0.0,17.7,35.3,0.6,986.5
2026-01-22 05:00:00+00:00,9.1,95,8.4,89,46,18,75,0.0,0.0,0.0,0.0,17.5,33.1,0.1,986.6
2026-01-22 06:00:00+00:00,9.0,94,8.1,80,69,17,23,0.0,0.0,0.0,0.0,17.4,33.8,0.1,986.4
2026-01-22 07:00:00+00:00,8.7,96,8.1,100,100,16,2,0.0,0.0,0.0,0.0,18.1,34.9,0.1,986.6
2026-01-22 08:00:00+00:00,8.7,95,8.0,100,98,25,69,0.0,0.0,0.0,0.0,18.2,35.3,0.1,986.5
2026-01-22 09:00:00+00:00,8.8,93,7.8,98,86,21,68,7.0,0.0,0.0,7.0,17.5,36.4,0.1,986.7
2026-01-22 10:00:00+00:00,8.7,96,8.1,92,80,68,48,17.0,0.0,0.0,17.0,18.3,33.1,0.2,986.7
2026-01-22 11:00:00+00:00,9.3,93,8.3,94,90,64,12,63.0,12.0,45.1,51.0,16.8,32.0,0.2,986.4
2026-01-22 12:00:00+00:00,9.6,93,8.6,100,97,91,10,68.0,3.0,9.4,65.0,18.1,27.4,0.1,986.0
2026-01-22 13:00:00+00:00,9.7,93,8.6,99,99,97,25,111.0,11.0,33.4,100.0,16.5,29.9,0.3,985.5
2026-01-22 14:00:00+00:00,9.3,94,8.4,100,99,100,41,107.0,16.0,53.1,91.0,14.6,32.8,1.4,984.9
2026-01-22 15:00:00+00:00,8.9,95,8.1,100,98,95,35,105.0,37.0,157.6,68.0,11.7,31.7,1.4,984.7
2026-01-22 16:00:00+00:00,8.7,96,8.1,97,93,90,40,47.0,11.0,81.8,36.0,12.3,25.2,0.1,984.4
2026-01-22 17:00:00+00:00,8.3,95,7.6,96,89,81,37,7.0,2.0,38.2,5.0,11.7,22.3,0.1,984.5
2026-01-22 18:00:00+00:00,8.0,95,7.2,74,45,41,33,0.0,0.0,0.0,0.0,12.1,24.1,0.2,984.6
2026-01-22 19:00:00+00:00,7.7,94,6.8,51,17,29,39,0.0,0.0,0.0,0.0,13.8,24.8,0.2,984.6
2026-01-22 20:00:00+00:00,7.3,94,6.5,46,39,18,0,0.0,0.0,0.0,0.0,15.4,27.7,0.0,985.2
2026-01-22 21:00:00+00:00,6.8,94,5.9,46,45,3,0,0.0,0.0,0.0,0.0,15.1,27.0,0.0,985.5
2026-01-22 22:00:00+00:00,6.7,94,5.8,36,14,34,0,0.0,0.0,0.0,0.0,11.7,23.8,0.0,985.9
2026-01-22 23:00:00+00:00,6.1,95,5.4,54,15,22,41,0.0,0.0,0.0,0.0,12.5,21.2,0.0,986.0
2026-01-23 00:00:00+00:00,6.1,95,5.4,60,37,37,9,0.0,0.0,0.0,0.0,14.9,25.9,0.0,985.9
2026-01-23 01:00:00+00:00,6.4,94,5.5,100,30,31,100,0.0,0.0,0.0,0.0,15.5,29.5,0.0,985.8
2026-01-23 02:00:00+00:00,6.5,94,5.5,100,34,15,100,0.0,0.0,0.0,0.0,17.2,33.1,0.1,985.1
2026-01-23 03:00:00+00:00,6.6,94,5.7,100,38,57,100,0.0,0.0,0.0,0.0,20.2,35.3,0.0,984.4
2026-01-23 04:00:00+00:00,6.8,92,5.7,100,64,80,99,0.0,0.0,0.0,0.0,22.6,38.9,0.1,983.4
2026-01-23 05:00:00+00:00,7.2,91,5.9,100,64,100,100,0.0,0.0,0.0,0.0,26.7,44.3,0.3,982.7
2026-01-23 06:00:00+00:00,7.2,91,5.8,100,100,100,100,0.0,0.0,0.0,0.0,29.9,50.0,0.6,982.1
2026-01-23 07:00:00+00:00,7.1,89,5.4,100,100,97,100,0.0,0.0,0.0,0.0,31.9,58.7,1.0,981.4
2026-01-23 08:00:00+00:00,7.0,89,5.3,96,89,49,77,0.0,0.0,0.0,0.0,34.3,59.4,0.6,981.2
2026-01-23 09:00:00+00:00,7.3,90,5.7,69,56,17,18,9.0,0.0,0.0,9.0,32.4,57.6,0.2,981.6
2026-01-23 10:00:00+00:00,8.3,89,6.6,78,36,60,41,67.0,26.0,142.8,41.0,29.5,55.8,0.1,982.0
2026-01-23 11:00:00+00:00,8.8,86,6.6,54,35,10,29,128.0,36.0,133.5,92.0,26.7,53.6,0.0,982.0
2026-01-23 12:00:00+00:00,9.1,85,6.7,48,39,25,17,167.0,82.0,255.3,85.0,25.8,51.1,0.1,982.1
2026-01-23 13:00:00+00:00,9.3,81,6.2,32,20,27,6,251.0,165.0,494.9,86.0,29.5,54.7,0.1,982.2
2026-01-23 14:00:00+00:00,9.2,78,5.5,34,23,21,10,230.0,154.0,504.5,76.0,29.2,57.6,0.1,981.9
2026-01-23 15:00:00+00:00,9.1,75,4.9,37,20,13,23,186.0,130.0,544.4,56.0,29.0,55.8,0.0,982.0
2026-01-23 16:00:00+00:00,8.9,75,4.6,81,6,70,76,89.0,55.0,397.2,34.0,27.6,51.8,0.0,982.2
2026-01-23 17:00:00+00:00,8.5,76,4.5,46,20,33,2,11.0,4.0,74.8,7.0,29.4,52.6,0.0,982.7
2026-01-23 18:00:00+00:00,8.4,77,4.5,56,35,4,33,0.0,0.0,0.0,0.0,28.9,52.6,0.0,983.0
2026-01-23 19:00:00+00:00,8.2,78,4.6,43,40,1,6,0.0,0.0,0.0,0.0,30.1,55.4,0.0,983.6
2026-01-23 20:00:00+00:00,8.1,77,4.3,37,31,6,8,0.0,0.0,0.0,0.0,30.1,55.8,0.0,984.4
2026-01-23 21:00:00+00:00,8.0,77,4.2,45,26,9,25,0.0,0.0,0.0,0.0,29.4,54.7,0.0,985.0
2026-01-23 22:00:00+00:00,7.6,78,4.0,35,33,8,3,0.0,0.0,0.0,0.0,27.5,56.5,0.0,985.6
2026-01-23 23:00:00+00:00,7.5,78,4.0,63,43,36,20,0.0,0.0,0.0,0.0,28.7,59.0,0.0,986.1
2026-01-24 00:00:00+00:00,7.4,80,4.2,96,92,77,69,0.0,0.0,0.0,0.0,29.7,59.8,0.1,986.5
2026-01-24 01:00:00+00:00,7.4,81,4.4,98,59,88,94,0.0,0.0,0.0,0.0,30.3,59.0,0.1,987.0
2026-01-24 02:00:00+00:00,7.5,81,4.4,99,40,95,91,0.0,0.0,0.0,0.0,30.2,59.8,0.1,987.4
2026-01-24 03:00:00+00:00,7.6,80,4.4,84,43,75,41,0.0,0.0,0.0,0.0,32.3,61.6,0.0,987.7
2026-01-24 04:00:00+00:00,7.6,80,4.3,66,45,27,34,0.0,0.0,0.0,0.0,31.7,61.2,0.0,988.1
2026-01-24 05:00:00+00:00,7.5,80,4.4,34,26,4,8,0.0,0.0,0.0,0.0,31.6,60.8,0.0,988.4
2026-01-24 06:00:00+00:00,7.5,81,4.4,35,26,0,12,0.0,0.0,0.0,0.0,32.0,60.1,0.0,988.8
2026-01-24 07:00:00+00:00,7.4,82,4.6,41,39,0,4,0.0,0.0,0.0,0.0,31.7,58.7,0.0,989.6
2026-01-24 08:00:00+00:00,7.3,83,4.7,38,33,0,8,0.0,0.0,0.0,0.0,31.4,57.2,0.0,990.2
2026-01-24 09:00:00+00:00,7.4,84,4.9,53,35,0,25,32.0,15.0,186.3,17.0,31.6,57.6,0.0,990.8
2026-01-24 10:00:00+00:00,7.8,83,5.1,82,8,17,80,102.0,49.0,264.4,53.0,30.2,56.5,0.0,990.8
2026-01-24 11:00:00+00:00,8.4,81,5.3,94,9,52,91,173.0,94.0,344.1,79.0,29.3,68.4,0.0,991.3
2026-01-24 12:00:00+00:00,8.8,78,5.1,92,7,26,91,233.0,131.0,403.1,102.0,29.1,68.8,0.0,991.4
2026-01-24 13:00:00+00:00,8.6,80,5.3,94,8,7,94,160.0,67.0,198.6,93.0,30.9,63.0,0.0,991.0
2026-01-24 14:00:00+00:00,8.9,79,5.4,99,27,37,97,168.0,91.0,294.2,77.0,31.3,60.8,0.1,990.7
2026-01-24 15:00:00+00:00,8.6,81,5.5,100,51,95,99,111.0,62.0,255.3,49.0,34.1,63.7,0.6,990.6
2026-01-24 16:00:00+00:00,8.0,85,5.6,100,85,98,99,47.0,21.0,147.3,26.0,32.9,59.0,0.8,990.6
2026-01-24 17:00:00+00:00,7.7,88,5.8,100,99,100,95,4.0,1.0,18.0,3.0,30.7,57.6,1.2,990.8
2026-01-24 18:00:00+00:00,7.6,91,6.2,100,96,85,96,0.0,0.0,0.0,0.0,26.6,53.6,1.1,990.8
2026-01-24 19:00:00+00:00,7.7,93,6.7,100,87,60,98,0.0,0.0,0.0,0.0,23.9,46.4,0.8,990.7
2026-01-24 20:00:00+00:00,7.9,93,6.8,99,91,52,98,0.0,0.0,0.0,0.0,23.7,43.6,0.4,991.0
2026-01-24 21:00:00+00:00,8.0,93,6.9,94,63,40,87,0.0,0.0,0.0,0.0,23.6,42.1,0.3,991.1
2026-01-24 22:00:00+00:00,7.8,94,6.9,98,56,52,95,0.0,0.0,0.0,0.0,19.6,39.2,0.1,991.4
2026-01-24 23:00:00+00:00,7.7,94,6.7,96,40,74,94,0.0,0.0,0.0,0.0,16.2,34.6,0.0,991.4
2026-01-25 00:00:00+00:00,7.4,95,6.6,97,34,50,94,0.0,0.0,0.0,0.0,14.3,27.4,0.0,991.2
2026-01-25 01:00:00+00:00,7.1,94,6.3,86,51,40,62,0.0,0.0,0.0,0.0,13.2,23.0,0.0,991.3
2026-01-25 02:00:00+00:00,6.9,95,6.2,58,52,33,0,0.0,0.0,0.0,0.0,12.2,19.8,0.0,991.2
2026-01-25 03:00:00+00:00,6.7,95,6.0,51,37,40,0,0.0,0.0,0.0,0.0,11.4,19.4,0.0,991.0
2026-01-25 04:00:00+00:00,6.6,95,5.8,51,35,41,0,0.0,0.0,0.0,0.0,12.5,22.7,0.1,990.9
2026-01-25 05:00:00+00:00,6.7,95,5.9,51,28,41,10,0.0,0.0,0.0,0.0,15.0,27.7,0.0,990.5
2026-01-25 06:00:00+00:00,6.8,95,6.0,45,19,13,28,0.0,0.0,0.0,0.0,15.7,30.6,0.0,990.3
2026-01-25 07:00:00+00:00,6.7,95,5.9,54,17,8,44,0.0,0.0,0.0,0.0,16.7,29.2,0.0,990.0
2026-01-25 08:00:00+00:00,6.7,94,5.8,53,35,2,30,0.0,0.0,0.0,0.0,17.4,30.6,0.0,990.0
2026-01-25 09:00:00+00:00,7.0,94,6.1,54,39,14,23,36.0,17.0,206.7,19.0,19.0,34.2,0.0,990.3
2026-01-25 10:00:00+00:00,7.6,94,6.7,87,27,37,77,96.0,49.0,259.6,47.0,17.3,36.0,0.1,990.6
2026-01-25 11:00:00+00:00,8.0,93,7.0,96,62,58,88,153.0,64.0,231.2,89.0,17.6,37.1,0.1,991.0
2026-01-25 12:00:00+00:00,7.7,93,6.7,100,73,83,100,153.0,47.0,142.9,106.0,17.1,37.8,0.2,991.1
2026-01-25 13:00:00+00:00,8.0,94,7.1,99,40,84,96,161.0,58.0,169.9,103.0,16.2,34.2,0.2,991.2
2026-01-25 14:00:00+00:00,7.8,94,7.0,89,24,70,71,136.0,55.0,175.5,81.0,16.0,31.3,0.2,991.3
2026-01-25 15:00:00+00:00,7.6,92,6.4,63,17,42,25,123.0,31.0,125.5,92.0,15.9,27.0,0.2,992.2
2026-01-25 16:00:00+00:00,7.1,91,5.8,80,26,46,65,54.0,16.0,109.1,38.0,12.4,21.6,0.2,992.8
2026-01-25 17:00:00+00:00,6.4,93,5.3,98,47,63,88,10.0,2.0,34.6,8.0,11.7,17.3,0.0,993.7
2026-01-25 18:00:00+00:00,5.9,94,4.9,99,77,62,86,0.0,0.0,0.0,0.0,11.7,18.0,0.0,994.6
2026-01-25 19:00:00+00:00,5.9,93,4.9,93,75,13,68,0.0,0.0,0.0,0.0,11.4,20.5,0.0,995.3
2026-01-25 20:00:00+00:00,5.8,94,4.9,88,88,0,1,0.0,0.0,0.0,0.0,12.3,22.0,0.0,996.2
2026-01-25 21:00:00+00:00,5.9,93,4.9,100,100,1,0,0.0,0.0,0.0,0.0,12.2,22.3,0.0,997.3
2026-01-25 22:00:00+00:00,5.7,93,4.6,91,91,0,0,0.0,0.0,0.0,0.0,12.2,22.7,0.0,998.1
2026-01-25 23:00:00+00:00,5.4,93,4.3,85,85,0,0,0.0,0.0,0.0,0.0,11.7,22.0,0.0,998.7
2026-01-26 00:00:00+00:00,5.1,93,4.1,54,54,0,0,0.0,0.0,0.0,0.0,10.6,20.2,0.0,999.0
2026-01-26 01:00:00+00:00,4.8,95,4.1,31,31,0,0,0.0,0.0,0.0,0.0,9.1,16.9,0.0,999.5
2026-01-26 02:00:00+00:00,4.6,96,3.9,46,46,0,0,0.0,0.0,0.0,0.0,8.4,13.0,0.0,999.9
2026-01-26 03:00:00+00:00,4.5,96,3.9,67,67,0,0,0.0,0.0,0.0,0.0,8.2,13.3,0.0,1000.3
2026-01-26 04:00:00+00:00,4.5,96,3.9,82,82,0,0,0.0,0.0,0.0,0.0,8.6,11.9,0.0,1000.6
2026-01-26 05:00:00+00:00,4.7,96,4.0,80,80,0,0,0.0,0.0,0.0,0.0,8.6,9.0,0.0,1000.6
2026-01-26 06:00:00+00:00,4.8,96,4.2,100,96,0,98,0.0,0.0,0.0,0.0,6.1,12.6,0.0,1001.6
2026-01-26 07:00:00+00:00,4.9,96,4.3,100,84,0,100,0.0,0.0,0.0,0.0,8.9,14.4,0.0,1001.6
2026-01-26 08:00:00+00:00,4.9,96,4.3,100,82,4,99,0.0,0.0,0.0,0.0,11.3,18.7,0.0,1001.2
2026-01-26 09:00:00+00:00,5.0,97,4.5,99,71,57,99,21.0,0.0,0.0,21.0,12.7,22.3,0.0,1001.3
2026-01-26 10:00:00+00:00,5.7,91,4.4,100,92,74,96,82.0,15.0,78.0,67.0,14.4,29.5,0.0,1001.3
2026-01-26 11:00:00+00:00,6.4,91,5.0,100,100,96,100,148.0,39.0,139.0,109.0,16.9,33.1,0.0,1001.3
2026-01-26 12:00:00+00:00,7.0,90,5.6,100,95,80,97,154.0,29.0,87.1,125.0,17.4,30.2,0.0,1001.2
2026-01-26 13:00:00+00:00,7.1,90,5.5,100,100,0,80,118.0,7.0,20.3,111.0,16.8,36.7,0.1,1000.2
2026-01-26 14:00:00+00:00,7.2,90,5.6,99,79,0,98,136.0,34.0,107.0,102.0,21.0,36.7,0.1,999.3
2026-01-26 15:00:00+00:00,7.2,89,5.5,100,62,32,100,112.0,21.0,83.6,91.0,18.1,40.0,0.0,999.2
2026-01-26 16:00:00+00:00,6.9,91,5.5,99,76,31,98,55.0,7.0,46.4,48.0,18.5,34.6,0.0,998.6
2026-01-26 17:00:00+00:00,6.7,91,5.3,100,82,57,100,8.0,0.0,0.0,8.0,18.5,36.7,0.3,998.3
2026-01-26 18:00:00+00:00,6.7,91,5.3,100,100,89,100,0.0,0.0,0.0,0.0,18.6,36.7,0.4,998.4
2026-01-26 19:00:00+00:00,6.9,91,5.5,100,100,96,100,0.0,0.0,0.0,0.0,21.0,38.2,0.1,997.4
2026-01-26 20:00:00+00:00,7.1,92,6.0,100,100,91,100,0.0,0.0,0.0,0.0,22.9,41.8,0.1,996.2
2026-01-26 21:00:00+00:00,7.5,93,6.4,100,100,41,100,0.0,0.0,0.0,0.0,24.8,45.7,0.9,995.3
2026-01-26 22:00:00+00:00,7.7,94,6.8,100,63,94,100,0.0,0.0,0.0,0.0,25.8,50.0,1.6,993.5
2026-01-26 23:00:00+00:00,7.6,94,6.7,100,44,98,100,0.0,0.0,0.0,0.0,28.5,56.2,1.6,992.0
2026-01-27 00:00:00+00:00,7.4,94,6.5,100,100,68,100,0.0,0.0,0.0,0.0,30.8,59.8,1.6,990.9
2026-01-27 01:00:00+00:00,7.2,94,6.3,100,99,83,98,0.0,0.0,0.0,0.0,33.2,66.6,2.0,989.2
2026-01-27 02:00:00+00:00,7.3,93,6.2,100,100,98,100,0.0,0.0,0.0,0.0,33.6,69.5,1.8,987.7
2026-01-27 03:00:00+00:00,7.4,93,6.4,100,100,100,100,0.0,0.0,0.0,0.0,36.3,70.2,2.1,985.9
2026-01-27 04:00:00+00:00,7.5,94,6.6,100,100,100,100,0.0,0.0,0.0,0.0,36.1,69.1,2.2,984.4
2026-01-27 05:00:00+00:00,7.8,94,7.0,100,100,100,100,0.0,0.0,0.0,0.0,34.1,67.3,1.7,982.7
2026-01-27 06:00:00+00:00,8.0,96,7.4,100,100,100,96,0.0,0.0,0.0,0.0,32.1,64.4,2.3,981.9
2026-01-27 07:00:00+00:00,8.5,96,7.9,100,100,93,97,0.0,0.0,0.0,0.0,31.8,59.0,1.3,981.1
2026-01-27 08:00:00+00:00,9.3,94,8.4,100,100,97,97,0.0,0.0,0.0,0.0,30.0,54.0,0.6,980.9
2026-01-27 09:00:00+00:00,9.8,96,9.2,100,94,100,98,3.0,0.0,0.0,3.0,25.4,47.5,1.0,981.1
2026-01-27 10:00:00+00:00,9.6,93,8.6,100,64,97,100,16.0,0.0,0.0,16.0,25.5,48.2,0.7,981.3
2026-01-27 11:00:00+00:00,9.4,91,8.0,99,43,87,99,31.0,0.0,0.0,31.0,23.9,43.2,0.3,981.7
2026-01-27 12:00:00+00:00,9.6,86,7.4,89,12,68,68,121.0,13.0,38.6,108.0,22.2,44.3,0.0,981.8
2026-01-27 13:00:00+00:00,9.7,85,7.3,100,13,98,100,164.0,25.0,71.5,139.0,24.3,43.9,0.0,982.3
2026-01-27 14:00:00+00:00,9.5,80,6.3,96,7,37,95,194.0,56.0,173.9,138.0,29.6,50.8,0.2,982.2
2026-01-27 15:00:00+00:00,9.5,78,5.9,44,18,9,33,143.0,41.0,160.3,102.0,27.0,54.7,0.1,982.6
2026-01-27 16:00:00+00:00,9.1,78,5.6,89,15,51,57,81.0,32.0,206.1,49.0,26.2,53.6,0.0,983.4
2026-01-27 17:00:00+00:00,8.2,80,4.9,61,31,19,40,15.0,7.0,112.5,8.0,24.6,55.1,0.0,984.3
2026-01-27 18:00:00+00:00,7.5,83,4.8,16,12,7,1,0.0,0.0,0.0,0.0,22.1,50.8,0.0,985.1
2026-01-27 19:00:00+00:00,7.0,84,4.5,34,18,24,5,0.0,0.0,0.0,0.0,21.7,40.3,0.0,986.1
2026-01-27 20:00:00+00:00,6.8,85,4.4,64,24,43,41,0.0,0.0,0.0,0.0,21.9,39.6,0.0,986.9
2026-01-27 21:00:00+00:00,6.4,86,4.3,68,35,24,51,0.0,0.0,0.0,0.0,20.5,36.4,0.0,988.0
2026-01-27 22:00:00+00:00,6.6,83,3.9,85,32,11,74,0.0,0.0,0.0,0.0,15.8,31.3,0.0,988.4
2026-01-27 23:00:00+00:00,6.0,85,3.7,76,25,5,66,0.0,0.0,0.0,0.0,15.3,25.9,0.0,989.3
2026-01-28 00:00:00+00:00,5.6,89,3.9,81,18,6,73,0.0,0.0,0.0,0.0,12.6,20.5,0.0,989.5
2026-01-28 01:00:00+00:00,4.7,92,3.5,53,11,5,46,0.0,0.0,0.0,0.0,8.6,13.3,0.0,989.8
2026-01-28 02:00:00+00:00,3.6,95,2.9,43,6,6,38,0.0,0.0,0.0,0.0,7.5,11.2,0.0,990.3
2026-01-28 03:00:00+00:00,3.2,97,2.7,45,4,8,42,0.0,0.0,0.0,0.0,8.1,11.2,0.0,990.9
2026-01-28 04:00:00+00:00,2.5,97,2.1,56,9,25,40,0.0,0.0,0.0,0.0,9.5,11.5,0.0,991.3
2026-01-28 05:00:00+00:00,2.5,98,2.2,71,34,43,43,0.0,0.0,0.0,0.0,8.0,11.2,0.0,991.9
2026-01-28 06:00:00+00:00,2.5,98,2.2,65,29,39,43,0.0,0.0,0.0,0.0,7.1,11.2,0.0,992.1
2026-01-28 07:00:00+00:00,2.4,98,2.2,62,39,31,36,0.0,0.0,0.0,0.0,6.3,11.5,0.2,992.1
2026-01-28 08:00:00+00:00,2.5,98,2.2,47,31,22,20,0.0,0.0,0.0,0.0,8.2,11.2,0.1,992.5
2026-01-28 09:00:00+00:00,3.3,97,2.9,62,50,21,26,41.0,17.0,193.4,24.0,6.7,10.8,0.0,993.0
2026-01-28 10:00:00+00:00,5.4,95,4.6,48,20,28,27,118.0,51.0,255.5,67.0,6.2,11.5,0.0,993.6
2026-01-28 11:00:00+00:00,7.4,89,5.6,57,37,24,22,224.0,147.0,509.7,77.0,7.7,14.8,0.0,994.1
2026-01-28 12:00:00+00:00,8.4,82,5.5,57,48,36,12,271.0,184.0,539.4,87.0,9.9,18.7,0.1,994.1
2026-01-28 13:00:00+00:00,9.2,77,5.4,66,39,23,35,284.0,205.0,579.0,79.0,9.8,20.5,0.1,994.3
2026-01-28 14:00:00+00:00,9.2,77,5.4,64,20,31,45,214.0,138.0,422.7,76.0,7.7,14.8,0.0,994.0
2026-01-28 15:00:00+00:00,9.3,74,4.9,53,16,24,38,173.0,106.0,407.5,67.0,6.2,13.3,0.0,994.1
2026-01-28 16:00:00+00:00,8.5,79,5.1,28,20,7,8,103.0,63.0,394.6,40.0,6.2,10.4,0.0,994.8
2026-01-28 17:00:00+00:00,7.1,86,4.9,20,20,5,0,20.0,9.0,139.5,11.0,8.4,12.6,0.0,995.2
2026-01-28 18:00:00+00:00,6.3,90,4.8,18,18,5,0,0.0,0.0,0.0,0.0,9.3,15.1,0.0,995.8
2026-01-28 19:00:00+00:00,5.6,94,4.6,18,15,11,0,0.0,0.0,0.0,0.0,9.2,16.2,0.0,996.2
2026-01-28 20:00:00+00:00,5.0,95,4.3,9,6,6,0,0.0,0.0,0.0,0.0,8.5,14.8,0.0,996.6
2026-01-28 21:00:00+00:00,4.3,96,3.7,14,11,11,0,0.0,0.0,0.0,0.0,8.8,13.7,0.0,996.5
2026-01-28 22:00:00+00:00,3.7,95,2.9,1,0,0,0,0.0,0.0,0.0,0.0,7.9,13.3,0.0,996.2
2026-01-28 23:00:00+00:00,3.7,94,2.8,0,0,0,0,0.0,0.0,0.0,0.0,9.6,16.2,0.0,996.7
2026-01-29 00:00:00+00:00,3.3,95,2.6,3,0,1,2,0.0,0.0,0.0,0.0,10.8,19.4,0.0,996.9
2026-01-29 01:00:00+00:00,3.2,95,2.4,77,0,0,77,0.0,0.0,0.0,0.0,10.7,19.8,0.0,996.6
2026-01-29 02:00:00+00:00,3.2,96,2.6,99,0,0,99,0.0,0.0,0.0,0.0,11.2,19.8,0.0,996.7
2026-01-29 03:00:00+00:00,3.0,96,2.4,97,1,0,97,0.0,0.0,0.0,0.0,12.5,21.6,0.0,996.6
2026-01-29 04:00:00+00:00,3.3,96,2.7,94,3,5,94,0.0,0.0,0.0,0.0,14.1,24.5,0.0,996.3
2026-01-29 05:00:00+00:00,3.4,96,2.8,90,12,18,84,0.0,0.0,0.0,0.0,14.8,26.3,0.0,996.2
2026-01-29 06:00:00+00:00,3.8,95,3.1,73,21,0,65,0.0,0.0,0.0,0.0,15.5,28.8,0.0,996.5
2026-01-29 07:00:00+00:00,3.9,96,3.3,39,16,0,30,0.0,0.0,0.0,0.0,16.5,29.2,0.0,996.6
2026-01-29 08:00:00+00:00,4.2,97,3.7,32,31,0,2,0.0,0.0,0.0,0.0,17.0,30.6,0.0,996.6
2026-01-29 09:00:00+00:00,5.0,96,4.3,36,36,0,0,43.0,18.0,200.2,25.0,18.4,32.8,0.0,996.5
2026-01-29 10:00:00+00:00,5.8,96,5.3,85,85,0,0,113.0,47.0,231.0,66.0,22.8,34.9,0.0,996.4
2026-01-29 11:00:00+00:00,6.5,90,5.1,59,59,0,1,178.0,87.0,297.4,91.0,24.9,46.4,0.1,996.1
2026-01-29 12:00:00+00:00,6.7,89,5.0,73,71,2,0,229.0,143.0,414.0,86.0,24.3,47.2,0.0,995.7
2026-01-29 13:00:00+00:00,7.0,86,4.8,100,100,7,0,226.0,135.0,376.6,91.0,23.0,47.2,0.0,995.0
2026-01-29 14:00:00+00:00,7.0,84,4.5,100,100,0,0,169.0,82.0,247.8,87.0,22.2,45.4,0.0,994.4
2026-01-29 15:00:00+00:00,7.0,84,4.5,100,100,5,0,107.0,21.0,79.3,86.0,20.7,39.6,0.0,994.0
2026-01-29 16:00:00+00:00,6.9,85,4.5,100,100,5,0,43.0,8.0,48.8,35.0,20.8,41.4,0.0,993.7
2026-01-29 17:00:00+00:00,7.0,85,4.6,100,100,8,0,7.0,0.0,0.0,7.0,21.3,42.1,0.1,993.0
2026-01-29 18:00:00+00:00,6.8,88,4.9,100,100,55,8,0.0,0.0,0.0,0.0,22.1,41.4,0.6,992.6
2026-01-29 19:00:00+00:00,6.9,89,5.2,100,100,78,55,0.0,0.0,0.0,0.0,22.3,40.7,0.1,992.1
2026-01-29 20:00:00+00:00,6.9,91,5.6,100,97,97,85,0.0,0.0,0.0,0.0,22.6,42.5,0.2,991.4
2026-01-29 21:00:00+00:00,6.7,94,5.8,100,100,90,87,0.0,0.0,0.0,0.0,23.7,43.6,0.8,990.6
2026-01-29 22:00:00+00:00,6.4,96,5.8,100,100,92,50,0.0,0.0,0.0,0.0,21.8,43.9,0.6,990.2
2026-01-29 23:00:00+00:00,6.4,97,6.0,100,100,80,51,0.0,0.0,0.0,0.0,22.8,45.0,0.8,989.9
2026-01-30 00:00:00+00:00,6.4,98,6.2,100,100,93,25,0.0,0.0,0.0,0.0,22.1,46.1,0.8,989.6
2026-01-30 01:00:00+00:00,6.5,98,6.2,100,100,67,30,0.0,0.0,0.0,0.0,22.3,43.9,0.8,989.0
2026-01-30 02:00:00+00:00,6.7,99,6.5,100,100,81,26,0.0,0.0,0.0,0.0,20.9,40.7,1.3,988.7
2026-01-30 03:00:00+00:00,7.0,100,7.0,100,99,78,29,0.0,0.0,0.0,0.0,17.8,32.0,1.2,988.2
2026-01-30 04:00:00+00:00,7.3,98,7.0,93,90,58,23,0.0,0.0,0.0,0.0,16.2,22.3,0.5,988.0
2026-01-30 05:00:00+00:00,7.1,97,6.6,83,77,16,14,0.0,0.0,0.0,0.0,16.1,21.2,0.1,988.0
2026-01-30 06:00:00+00:00,7.0,95,6.3,78,68,20,26,0.0,0.0,0.0,0.0,15.1,22.7,0.0,988.1
2026-01-30 07:00:00+00:00,6.5,96,5.9,56,28,18,38,0.0,0.0,0.0,0.0,12.5,21.6,0.0,988.3
2026-01-30 08:00:00+00:00,6.3,96,5.7,37,25,10,16,0.0,0.0,0.0,0.0,11.6,19.8,0.0,988.6
2026-01-30 09:00:00+00:00,7.4,96,6.7,34,31,7,2,42.0,18.0,195.8,24.0,12.7,22.7,0.0,988.7
2026-01-30 10:00:00+00:00,8.8,94,8.0,20,11,9,7,146.0,92.0,443.6,54.0,12.4,25.9,0.0,988.7
2026-01-30 11:00:00+00:00,9.6,91,8.2,81,16,21,75,210.0,141.0,475.2,69.0,15.5,34.6,0.2,988.4
2026-01-30 12:00:00+00:00,10.2,89,8.5,72,40,45,48,255.0,145.0,414.6,110.0,18.5,40.0,0.0,987.8
2026-01-30 13:00:00+00:00,10.1,89,8.4,96,52,40,88,226.0,73.0,201.1,153.0,20.7,41.4,0.2,986.8
2026-01-30 14:00:00+00:00,9.7,88,7.8,97,41,87,96,137.0,8.0,23.8,129.0,24.2,42.5,0.4,985.4
2026-01-30 15:00:00+00:00,9.2,89,7.5,99,57,88,95,65.0,0.0,0.0,65.0,26.3,46.8,0.7,984.7
2026-01-30 16:00:00+00:00,9.0,90,7.4,100,64,100,97,32.0,3.0,17.8,29.0,27.5,52.6,1.2,983.6
2026-01-30 17:00:00+00:00,8.8,91,7.5,100,100,78,90,7.0,2.0,28.9,5.0,29.0,54.7,1.1,983.0
2026-01-30 18:00:00+00:00,9.0,91,7.6,91,88,18,48,0.0,0.0,0.0,0.0,26.0,51.8,0.7,982.6
2026-01-30 19:00:00+00:00,8.8,90,7.3,46,46,3,0,0.0,0.0,0.0,0.0,25.7,47.9,0.1,983.0
2026-01-30 20:00:00+00:00,8.5,90,7.0,79,79,3,0,0.0,0.0,0.0,0.0,25.2,47.9,0.0,983.5
2026-01-30 21:00:00+00:00,7.7,90,6.1,64,63,0,2,0.0,0.0,0.0,0.0,25.3,48.2,0.0,984.7
2026-01-30 22:00:00+00:00,7.3,86,5.1,60,56,11,7,0.0,0.0,0.0,0.0,24.0,44.3,0.0,986.1
2026-01-30 23:00:00+00:00,7.6,84,5.0,35,15,11,22,0.0,0.0,0.0,0.0,21.2,39.6,0.0,987.1
2026-01-31 00:00:00+00:00,7.4,86,5.2,59,15,43,42,0.0,0.0,0.0,0.0,20.9,35.6,0.0,988.5
2026-01-31 01:00:00+00:00,7.0,88,5.2,84,19,61,70,0.0,0.0,0.0,0.0,19.5,33.5,0.0,989.5
2026-01-31 02:00:00+00:00,6.9,90,5.5,55,17,29,43,0.0,0.0,0.0,0.0,16.6,32.0,0.0,989.9
2026-01-31 03:00:00+00:00,6.2,92,5.0,38,23,10,17,0.0,0.0,0.0,0.0,14.4,27.4,0.0,990.5
2026-01-31 04:00:00+00:00,6.1,92,4.9,38,19,11,23,0.0,0.0,0.0,0.0,13.9,25.9,0.0,991.5
2026-01-31 05:00:00+00:00,6.0,93,5.0,46,10,12,41,0.0,0.0,0.0,0.0,13.7,25.6,0.0,992.0
2026-01-31 06:00:00+00:00,6.3,94,5.5,43,6,11,40,0.0,0.0,0.0,0.0,14.1,24.1,0.0,992.9
2026-01-31 07:00:00+00:00,6.1,95,5.3,45,12,10,40,0.0,0.0,0.0,0.0,14.6,25.6,0.0,993.7
2026-01-31 08:00:00+00:00,6.4,93,5.4,60,31,15,39,1.0,0.0,0.0,1.0,14.1,25.6,0.0,994.8
2026-01-31 09:00:00+00:00,7.4,92,6.2,59,32,15,37,53.0,28.0,297.7,25.0,15.0,27.7,0.0,995.8
2026-01-31 10:00:00+00:00,8.5,88,6.6,74,27,23,63,130.0,68.0,321.6,62.0,14.2,31.0,0.0,996.3
2026-01-31 11:00:00+00:00,9.2,84,6.7,93,28,57,89,232.0,149.0,495.1,83.0,17.7,33.5,0.1,997.1
2026-01-31 12:00:00+00:00,9.4,85,7.1,100,41,90,97,283.0,179.0,505.3,104.0,17.2,33.5,0.0,997.4
2026-01-31 13:00:00+00:00,9.7,85,7.3,97,47,86,85,241.0,99.0,269.3,142.0,18.6,34.2,0.0,997.7
2026-01-31 14:00:00+00:00,9.2,86,7.0,85,34,75,62,201.0,82.0,241.0,119.0,20.8,36.4,0.4,998.0
2026-01-31 15:00:00+00:00,8.9,87,6.8,93,44,90,67,156.0,65.0,237.3,91.0,18.3,35.6,0.1,998.5
2026-01-31 16:00:00+00:00,8.8,90,7.2,81,19,75,49,95.0,31.0,179.0,64.0,16.6,26.6,0.0,999.1
2026-01-31 17:00:00+00:00,8.4,90,6.8,76,55,52,20,19.0,7.0,97.8,12.0,16.1,24.5,0.1,999.8
2026-01-31 18:00:00+00:00,7.9,91,6.6,83,79,43,3,0.0,0.0,0.0,0.0,14.9,21.6,0.2,1000.4
2026-01-31 19:00:00+00:00,7.4,94,6.5,72,67,25,0,0.0,0.0,0.0,0.0,13.7,24.1,0.1,1000.7
2026-01-31 20:00:00+00:00,7.3,95,6.5,63,62,20,0,0.0,0.0,0.0,0.0,12.7,22.3,0.2,1000.9
2026-01-31 21:00:00+00:00,7.1,96,6.5,77,27,24,61,0.0,0.0,0.0,0.0,11.2,20.5,0.1,1001.2
2026-01-31 22:00:00+00:00,7.1,96,6.5,75,46,22,49,0.0,0.0,0.0,0.0,9.4,17.3,0.1,1001.6
2026-01-31 23:00:00+00:00,6.6,98,6.2,82,25,30,76,0.0,0.0,0.0,0.0,9.2,13.7,0.0,1001.6
2026-02-01 00:00:00+00:00,6.3,98,6.0,69,17,30,61,0.0,0.0,0.0,0.0,8.3,12.6,0.0,1001.7
2026-02-01 01:00:00+00:00,6.0,99,5.8,77,14,65,61,0.0,0.0,0.0,0.0,6.7,12.2,0.0,1001.6
2026-02-01 02:00:00+00:00,5.9,99,5.7,96,3,80,93,0.0,0.0,0.0,0.0,7.2,11.9,0.0,1001.5
2026-02-01 03:00:00+00:00,5.9,99,5.8,100,20,96,99,0.0,0.0,0.0,0.0,7.3,10.1,0.0,1001.4
2026-02-01 04:00:00+00:00,6.0,99,5.9,100,24,99,100,0.0,0.0,0.0,0.0,6.4,9.0,0.0,1001.0
2026-02-01 05:00:00+00:00,6.1,99,6.0,100,18,98,100,0.0,0.0,0.0,0.0,6.0,9.4,0.0,1000.8
2026-02-01 06:00:00+00:00,6.4,98,6.1,100,18,100,99,0.0,0.0,0.0,0.0,6.7,9.0,0.1,1000.6
2026-02-01 07:00:00+00:00,7.3,97,6.9,100,56,100,92,0.0,0.0,0.0,0.0,7.0,12.2,0.5,1000.7
2026-02-01 08:00:00+00:00,7.3,97,6.9,100,100,100,31,0.0,0.0,0.0,0.0,7.3,13.3,0.9,1000.8
2026-02-01 09:00:00+00:00,7.6,98,7.3,100,100,100,0,11.0,0.0,0.0,11.0,5.9,10.8,1.0,1000.9
2026-02-01 10:00:00+00:00,8.5,99,8.3,100,100,95,0,23.0,0.0,0.0,23.0,3.2,9.4,0.8,1000.8
2026-02-01 11:00:00+00:00,8.7,97,8.3,100,99,100,0,38.0,0.0,0.0,38.0,4.9,11.2,0.4,1000.6
2026-02-01 12:00:00+00:00,8.8,95,8.1,100,100,99,5,58.0,0.0,0.0,58.0,5.0,13.3,0.2,1000.5
2026-02-01 13:00:00+00:00,8.7,96,8.2,100,100,98,2,57.0,0.0,0.0,57.0,5.2,13.0,0.2,1000.0
2026-02-01 14:00:00+00:00,8.6,95,7.8,100,100,100,0,55.0,0.0,0.0,55.0,4.0,12.2,0.2,999.2
2026-02-01 15:00:00+00:00,8.2,97,7.7,100,100,100,0,26.0,0.0,0.0,26.0,3.1,9.7,0.3,998.7
2026-02-01 16:00:00+00:00,8.2,95,7.5,100,100,99,7,23.0,0.0,0.0,23.0,5.1,10.1,0.3,998.6
2026-02-01 17:00:00+00:00,7.8,95,7.0,100,100,90,30,5.0,0.0,0.0,5.0,9.8,15.5,0.5,998.8
2026-02-01 18:00:00+00:00,7.4,93,6.4,100,100,52,64,0.0,0.0,0.0,0.0,11.8,21.2,0.7,998.7
2026-02-01 19:00:00+00:00,7.0,94,6.1,100,100,55,74,0.0,0.0,0.0,0.0,12.6,23.8,0.6,998.9
2026-02-01 20:00:00+00:00,6.6,95,5.9,100,100,48,73,0.0,0.0,0.0,0.0,11.9,23.8,0.5,998.6
2026-02-01 21:00:00+00:00,6.4,95,5.7,100,100,31,4,0.0,0.0,0.0,0.0,10.9,22.7,0.0,998.9
2026-02-01 22:00:00+00:00,6.9,96,6.4,100,100,35,22,0.0,0.0,0.0,0.0,13.0,21.2,0.0,998.7
2026-02-01 23:00:00+00:00,7.2,96,6.6,100,100,3,0,0.0,0.0,0.0,0.0,12.2,20.5,0.0,998.8
2026-02-02 00:00:00+00:00,7.2,96,6.5,100,100,1,0,0.0,0.0,0.0,0.0,10.9,20.5,0.0,998.5
2026-02-02 01:00:00+00:00,7.1,95,6.4,100,100,0,0,0.0,0.0,0.0,0.0,9.1,20.2,0.0,998.8
2026-02-02 02:00:00+00:00,7.0,96,6.4,100,100,0,0,0.0,0.0,0.0,0.0,12.7,22.0,0.0,998.1
2026-02-02 03:00:00+00:00,6.9,96,6.4,99,99,0,0,0.0,0.0,0.0,0.0,13.6,20.2,0.0,997.4
2026-02-02 04:00:00+00:00,7.1,96,6.5,100,100,0,0,0.0,0.0,0.0,0.0,11.5,20.9,0.0,997.0
2026-02-02 05:00:00+00:00,7.0,96,6.5,99,99,0,0,0.0,0.0,0.0,0.0,10.9,25.2,0.0,997.0
2026-02-02 06:00:00+00:00,7.1,95,6.3,100,100,0,1,0.0,0.0,0.0,0.0,13.3,23.8,0.0,996.5
2026-02-02 07:00:00+00:00,6.9,96,6.3,100,99,0,85,0.0,0.0,0.0,0.0,14.3,26.6,0.0,996.4
2026-02-02 08:00:00+00:00,7.1,95,6.4,100,100,0,58,1.0,0.0,0.0,1.0,14.4,26.3,0.0,996.3
2026-02-02 09:00:00+00:00,7.4,94,6.6,83,83,0,0,32.0,10.0,100.3,22.0,16.6,31.0,0.0,996.3
2026-02-02 10:00:00+00:00,7.9,92,6.7,65,64,0,3,91.0,30.0,136.4,61.0,20.0,37.8,0.1,995.5
2026-02-02 11:00:00+00:00,8.5,88,6.5,74,70,0,12,189.0,99.0,319.6,90.0,22.5,43.6,0.0,995.3
2026-02-02 12:00:00+00:00,8.6,84,6.1,97,76,0,91,226.0,128.0,352.2,98.0,23.1,45.7,0.0,995.0
2026-02-02 13:00:00+00:00,8.5,84,5.9,99,92,3,88,207.0,70.0,185.7,137.0,22.0,45.0,0.0,994.4
2026-02-02 14:00:00+00:00,8.1,85,5.8,99,86,1,91,157.0,46.0,131.5,111.0,21.9,42.1,0.0,993.4
2026-02-02 15:00:00+00:00,7.9,82,5.1,100,49,1,100,99.0,18.0,63.5,81.0,22.7,40.7,0.0,993.4
2026-02-02 16:00:00+00:00,7.6,82,4.7,95,47,0,89,48.0,6.0,32.9,42.0,22.0,41.4,0.0,993.0
2026-02-02 17:00:00+00:00,7.2,82,4.3,97,50,0,93,13.0,1.0,13.1,12.0,22.2,42.8,0.0,992.6
2026-02-02 18:00:00+00:00,7.0,81,4.0,100,50,1,99,0.0,0.0,0.0,0.0,23.3,45.4,0.0,992.4
2026-02-02 19:00:00+00:00,6.7,81,3.6,100,49,7,100,0.0,0.0,0.0,0.0,23.5,43.9,0.0,992.4
2026-02-02 20:00:00+00:00,6.5,81,3.5,100,49,31,100,0.0,0.0,0.0,0.0,23.6,44.3,0.0,992.1
2026-02-02 21:00:00+00:00,6.6,81,3.5,100,28,63,100,0.0,0.0,0.0,0.0,24.0,43.6,0.0,991.8
2026-02-02 22:00:00+00:00,6.7,80,3.5,100,11,97,100,0.0,0.0,0.0,0.0,23.1,44.3,0.0,991.3
2026-02-02 23:00:00+00:00,6.8,81,3.7,100,14,100,100,0.0,0.0,0.0,0.0,23.6,44.6,0.1,991.1
2026-02-03 00:00:00+00:00,6.9,83,4.2,100,35,100,100,0.0,0.0,0.0,0.0,23.4,43.2,0.3,990.7
2026-02-03 01:00:00+00:00,6.9,86,4.8,100,57,100,100,0.0,0.0,0.0,0.0,23.1,42.1,0.3,990.5
2026-02-03 02:00:00+00:00,6.8,90,5.3,100,100,90,97,0.0,0.0,0.0,0.0,23.3,41.8,0.2,990.0
2026-02-03 03:00:00+00:00,6.9,91,5.5,100,100,82,96,0.0,0.0,0.0,0.0,22.9,41.0,0.1,990.1
2026-02-03 04:00:00+00:00,6.6,93,5.6,100,100,84,97,0.0,0.0,0.0,0.0,22.3,40.0,0.2,989.8
2026-02-03 05:00:00+00:00,6.5,94,5.6,100,100,95,86,0.0,0.0,0.0,0.0,21.8,40.0,0.5,989.7
2026-02-03 06:00:00+00:00,6.3,94,5.4,100,100,100,89,0.0,0.0,0.0,0.0,21.6,39.6,0.5,990.0
2026-02-03 07:00:00+00:00,6.1,94,5.2,100,100,99,98,0.0,0.0,0.0,0.0,20.8,37.1,0.6,990.2
2026-02-03 08:00:00+00:00,5.9,94,5.0,100,100,96,98,0.0,0.0,0.0,0.0,19.6,34.9,0.7,990.5
2026-02-03 09:00:00+00:00,5.5,95,4.7,100,100,100,90,5.0,0.0,0.0,5.0,18.6,33.1,0.6,990.9
2026-02-03 10:00:00+00:00,5.3,95,4.6,100,100,99,100,18.0,0.0,0.0,18.0,16.4,30.6,0.7,991.5
2026-02-03 11:00:00+00:00,5.2,96,4.5,100,100,100,98,25.0,0.0,0.0,25.0,15.6,28.1,0.8,992.0
2026-02-03 12:00:00+00:00,5.2,95,4.4,100,100,100,94,47.0,0.0,0.0,47.0,16.2,28.1,0.6,992.2
2026-02-03 13:00:00+00:00,5.1,96,4.5,100,100,100,97,46.0,0.0,0.0,46.0,16.0,25.6,0.6,992.3
2026-02-03 14:00:00+00:00,5.0,96,4.4,100,100,99,98,42.0,0.0,0.0,42.0,14.4,25.2,0.3,992.0
2026-02-03 15:00:00+00:00,4.9,96,4.3,100,100,100,98,26.0,0.0,0.0,26.0,12.5,23.8,0.3,992.1
2026-02-03 16:00:00+00:00,4.8,97,4.3,100,100,100,100,17.0,0.0,0.0,17.0,11.1,20.9,0.3,992.1
2026-02-03 17:00:00+00:00,4.6,97,4.2,100,100,100,100,5.0,0.0,0.0,5.0,11.8,19.4,0.3,992.3
2026-02-03 18:00:00+00:00,4.3,98,4.0,100,99,100,100,0.0,0.0,0.0,0.0,12.6,18.0,0.2,992.6
2026-02-03 19:00:00+00:00,4.1,98,3.9,100,93,100,100,0.0,0.0,0.0,0.0,13.2,21.2,0.3,992.8
2026-02-03 20:00:00+00:00,4.0,98,3.7,100,99,100,100,0.0,0.0,0.0,0.0,11.4,19.4,0.3,992.8
2026-02-03 21:00:00+00:00,4.0,98,3.7,100,99,100,95,0.0,0.0,0.0,0.0,10.3,18.0,0.2,992.5
2026-02-03 22:00:00+00:00,5.0,98,4.6,100,63,100,85,0.0,0.0,0.0,0.0,9.2,16.9,0.1,992.6
2026-02-03 23:00:00+00:00,5.1,97,4.7,100,45,99,97,0.0,0.0,0.0,0.0,8.2,15.5,0.0,992.5
2026-02-04 00:00:00+00:00,5.6,96,5.0,100,35,98,99,0.0,0.0,0.0,0.0,7.9,16.9,0.0,992.5
2026-02-04 01:00:00+00:00,6.0,96,5.3,99,27,95,91,0.0,0.0,0.0,0.0,9.5,20.2,0.0,992.1
2026-02-04 02:00:00+00:00,6.1,96,5.5,64,16,50,42,0.0,0.0,0.0,0.0,10.2,23.0,0.0,991.8
2026-02-04 03:00:00+00:00,6.1,97,5.7,49,19,11,37,0.0,0.0,0.0,0.0,10.6,23.8,0.0,991.7
2026-02-04 04:00:00+00:00,6.0,97,5.5,59,33,17,35,0.0,0.0,0.0,0.0,11.8,24.1,0.0,991.5
2026-02-04 05:00:00+00:00,6.1,97,5.6,53,26,25,30,0.0,0.0,0.0,0.0,13.1,25.2,0.0,991.1
2026-02-04 06:00:00+00:00,6.1,97,5.6,41,24,19,17,0.0,0.0,0.0,0.0,14.0,25.6,0.0,990.9
2026-02-04 07:00:00+00:00,5.9,97,5.5,38,22,15,17,0.0,0.0,0.0,0.0,13.7,23.4,0.0,990.7
2026-02-04 08:00:00+00:00,6.4,97,5.9,26,17,8,11,2.0,0.0,0.0,2.0,15.0,25.9,0.0,990.7
2026-02-04 09:00:00+00:00,7.4,95,6.7,18,11,5,6,64.0,33.0,305.6,31.0,17.2,31.0,0.0,990.7
2026-02-04 10:00:00+00:00,8.5,93,7.5,47,32,12,23,170.0,106.0,463.7,64.0,21.1,40.0,0.0,990.7
2026-02-04 11:00:00+00:00,9.1,88,7.2,74,49,22,49,240.0,143.0,448.4,97.0,22.8,45.0,0.0,990.5
2026-02-04 12:00:00+00:00,9.6,85,7.2,76,49,13,57,238.0,109.0,292.4,129.0,22.9,43.2,0.0,990.1
2026-02-04 13:00:00+00:00,10.2,81,7.0,48,15,35,34,273.0,120.0,310.4,153.0,20.2,39.2,0.0,989.6
2026-02-04 14:00:00+00:00,10.3,79,6.7,18,7,13,0,280.0,155.0,431.3,125.0,20.4,39.6,0.0,988.4
2026-02-04 15:00:00+00:00,10.2,77,6.3,5,3,1,2,213.0,123.0,419.9,90.0,20.2,38.2,0.0,987.9
2026-02-04 16:00:00+00:00,9.7,76,5.8,23,5,15,10,142.0,84.0,437.7,58.0,20.7,42.1,0.0,987.6
2026-02-04 17:00:00+00:00,8.7,82,5.8,43,10,8,34,31.0,10.0,122.9,21.0,21.6,42.1,0.0,987.1
2026-02-04 18:00:00+00:00,8.5,83,5.7,75,21,6,68,0.0,0.0,0.0,0.0,22.5,41.4,0.0,986.8
2026-02-04 19:00:00+00:00,8.7,81,5.6,90,12,9,88,0.0,0.0,0.0,0.0,22.5,41.0,0.0,986.2
2026-02-04 20:00:00+00:00,8.6,83,5.8,100,20,48,99,0.0,0.0,0.0,0.0,23.5,43.2,0.0,985.8
2026-02-04 21:00:00+00:00,8.6,84,6.1,100,46,92,99,0.0,0.0,0.0,0.0,24.7,44.6,0.0,984.9
2026-02-04 22:00:00+00:00,8.6,79,5.2,100,24,100,100,0.0,0.0,0.0,0.0,24.1,45.0,0.0,984.3
2026-02-04 23:00:00+00:00,8.5,81,5.4,100,17,98,97,0.0,0.0,0.0,0.0,25.3,45.7,0.1,983.7
2026-02-05 00:00:00+00:00,8.5,83,5.8,100,27,98,92,0.0,0.0,0.0,0.0,25.5,46.4,0.1,983.3
2026-02-05 01:00:00+00:00,8.4,85,6.1,100,58,70,98,0.0,0.0,0.0,0.0,25.6,46.8,0.2,982.5
2026-02-05 02:00:00+00:00,8.4,87,6.4,100,97,65,95,0.0,0.0,0.0,0.0,25.6,46.8,0.2,981.8
2026-02-05 03:00:00+00:00,8.1,90,6.6,100,100,91,94,0.0,0.0,0.0,0.0,26.0,48.6,0.3,981.6
2026-02-05 04:00:00+00:00,7.8,93,6.7,100,100,92,79,0.0,0.0,0.0,0.0,25.4,46.8,0.5,980.6
2026-02-05 05:00:00+00:00,7.7,94,6.8,100,100,76,59,0.0,0.0,0.0,0.0,24.0,46.4,0.3,980.0
2026-02-05 06:00:00+00:00,7.6,95,6.9,100,100,84,67,0.0,0.0,0.0,0.0,22.0,43.9,0.5,979.7
2026-02-05 07:00:00+00:00,7.8,96,7.1,100,100,89,75,0.0,0.0,0.0,0.0,20.9,38.2,1.0,979.6
2026-02-05 08:00:00+00:00,8.1,95,7.4,100,100,79,61,1.0,0.0,0.0,1.0,19.1,34.6,0.7,979.7
2026-02-05 09:00:00+00:00,8.7,94,7.9,100,100,41,33,16.0,0.0,0.0,16.0,18.7,33.5,0.2,980.0
2026-02-05 10:00:00+00:00,9.5,93,8.5,92,87,37,33,67.0,23.0,98.7,44.0,15.9,33.1,0.0,980.3
2026-02-05 11:00:00+00:00,10.0,95,9.2,100,99,28,21,93.0,21.0,64.9,72.0,15.4,29.9,0.0,980.1
2026-02-05 12:00:00+00:00,10.3,96,9.7,100,100,25,85,124.0,46.0,121.8,78.0,16.9,29.2,0.1,980.2
2026-02-05 13:00:00+00:00,10.5,96,9.9,100,99,52,95,156.0,31.0,79.2,125.0,17.9,29.5,0.1,980.2
2026-02-05 14:00:00+00:00,9.9,93,8.8,100,83,36,100,107.0,9.0,24.7,98.0,16.5,34.9,0.8,979.8
2026-02-05 15:00:00+00:00,9.5,95,8.7,100,90,70,100,67.0,6.0,20.1,61.0,18.1,33.1,0.6,979.7
2026-02-05 16:00:00+00:00,9.4,94,8.5,100,72,98,100,27.0,0.0,0.0,27.0,18.0,31.0,0.8,980.0
2026-02-05 17:00:00+00:00,9.2,94,8.4,100,100,100,99,5.0,0.0,0.0,5.0,17.5,28.8,1.0,979.9
2026-02-05 18:00:00+00:00,9.0,94,8.2,100,99,90,98,0.0,0.0,0.0,0.0,16.8,29.2,1.1,980.1
2026-02-05 19:00:00+00:00,8.9,94,7.9,100,87,83,99,0.0,0.0,0.0,0.0,17.6,29.5,0.4,980.4
2026-02-05 20:00:00+00:00,8.9,96,8.3,100,66,92,98,0.0,0.0,0.0,0.0,18.5,32.8,0.6,980.5
2026-02-05 21:00:00+00:00,9.4,94,8.6,100,19,91,100,0.0,0.0,0.0,0.0,19.5,35.6,0.7,980.6
2026-02-05 22:00:00+00:00,9.0,95,8.2,100,90,100,100,0.0,0.0,0.0,0.0,16.4,36.0,1.1,980.8
2026-02-05 23:00:00+00:00,9.0,95,8.3,100,92,86,100,0.0,0.0,0.0,0.0,16.4,35.3,1.3,980.6
2026-02-06 00:00:00+00:00,9.1,94,8.2,100,79,59,100,0.0,0.0,0.0,0.0,16.3,34.2,0.7,980.7
2026-02-06 01:00:00+00:00,9.0,95,8.3,100,97,89,100,0.0,0.0,0.0,0.0,16.6,33.5,0.2,980.6
2026-02-06 02:00:00+00:00,8.9,94,8.0,100,100,92,100,0.0,0.0,0.0,0.0,17.0,29.2,0.1,980.4
2026-02-06 03:00:00+00:00,8.8,96,8.2,100,100,98,100,0.0,0.0,0.0,0.0,15.7,24.5,0.1,980.6
2026-02-06 04:00:00+00:00,8.8,97,8.4,100,100,91,99,0.0,0.0,0.0,0.0,13.5,19.8,0.3,980.5
2026-02-06 05:00:00+00:00,8.8,98,8.5,100,100,85,98,0.0,0.0,0.0,0.0,11.6,17.3,0.4,980.9
2026-02-06 06:00:00+00:00,8.7,99,8.6,100,100,86,88,0.0,0.0,0.0,0.0,8.8,15.8,0.5,981.1
2026-02-06 07:00:00+00:00,8.7,99,8.6,100,100,77,70,0.0,0.0,0.0,0.0,7.9,13.7,0.4,981.5
2026-02-06 08:00:00+00:00,8.9,98,8.7,100,100,61,52,1.0,0.0,0.0,1.0,8.2,13.7,0.0,982.0
2026-02-06 09:00:00+00:00,9.4,98,9.2,99,98,45,40,20.0,0.0,0.0,20.0,8.9,16.9,0.0,982.9
2026-02-06 10:00:00+00:00,10.2,94,9.2,91,82,39,64,90.0,31.0,130.5,59.0,7.8,23.4,0.2,983.2
2026-02-06 11:00:00+00:00,10.5,94,9.5,91,66,35,71,95.0,9.0,27.4,86.0,9.4,23.0,0.3,983.7
2026-02-06 12:00:00+00:00,10.6,94,9.7,94,78,46,71,70.0,1.0,2.6,69.0,10.4,21.2,0.2,984.2
2026-02-06 13:00:00+00:00,10.9,91,9.6,94,81,44,68,113.0,16.0,40.4,97.0,13.2,28.4,0.3,984.6
2026-02-06 14:00:00+00:00,11.2,93,10.0,91,53,14,74,146.0,65.0,176.0,81.0,18.1,29.9,0.1,985.1
2026-02-06 15:00:00+00:00,11.3,92,10.1,86,38,20,77,156.0,65.0,214.7,91.0,21.4,30.2,0.1,985.8
2026-02-06 16:00:00+00:00,10.6,91,9.1,76,38,20,62,97.0,41.0,203.5,56.0,19.0,34.6,0.4,986.8
2026-02-06 17:00:00+00:00,10.0,93,8.8,57,31,16,39,33.0,11.0,127.4,22.0,18.0,31.0,0.0,987.7
2026-02-06 18:00:00+00:00,9.6,93,8.5,50,31,10,19,0.0,0.0,0.0,0.0,18.0,30.6,0.0,988.6
2026-02-06 19:00:00+00:00,9.1,92,7.9,32,30,13,0,0.0,0.0,0.0,0.0,17.3,31.3,0.0,989.6
2026-02-06 20:00:00+00:00,8.8,92,7.6,28,28,8,0,0.0,0.0,0.0,0.0,16.8,30.6,0.0,990.2
2026-02-06 21:00:00+00:00,8.5,92,7.2,39,31,27,5,0.0,0.0,0.0,0.0,17.0,31.3,0.1,990.8
2026-02-06 22:00:00+00:00,8.2,92,7.0,55,17,20,40,0.0,0.0,0.0,0.0,15.1,33.1,0.0,991.4
2026-02-06 23:00:00+00:00,8.2,92,6.9,33,25,12,7,0.0,0.0,0.0,0.0,15.3,34.9,0.0,991.5
2026-02-07 00:00:00+00:00,8.1,93,7.0,41,34,27,10,0.0,0.0,0.0,0.0,19.6,37.1,0.0,991.7
2026-02-07 01:00:00+00:00,8.2,92,7.0,48,23,37,19,0.0,0.0,0.0,0.0,21.9,42.1,0.1,991.7
2026-02-07 02:00:00+00:00,8.3,92,7.1,59,29,40,43,0.0,0.0,0.0,0.0,22.1,42.1,0.0,991.5
2026-02-07 03:00:00+00:00,8.3,92,7.1,99,78,83,93,0.0,0.0,0.0,0.0,23.5,42.1,0.0,991.5
2026-02-07 04:00:00+00:00,8.4,92,7.2,100,97,88,90,0.0,0.0,0.0,0.0,25.1,43.6,0.1,991.3
2026-02-07 05:00:00+00:00,8.7,92,7.4,100,100,94,91,0.0,0.0,0.0,0.0,26.8,45.0,0.1,991.1
2026-02-07 06:00:00+00:00,8.7,92,7.5,100,100,96,72,0.0,0.0,0.0,0.0,27.3,46.4,0.4,990.9
2026-02-07 07:00:00+00:00,8.7,94,7.7,100,100,94,38,0.0,0.0,0.0,0.0,26.7,51.5,0.9,991.0
2026-02-07 08:00:00+00:00,8.7,95,8.0,100,100,69,21,1.0,0.0,0.0,1.0,26.1,47.2,0.7,991.3
2026-02-07 09:00:00+00:00,8.8,96,8.2,100,100,68,13,9.0,0.0,0.0,9.0,23.0,41.4,0.6,991.8
2026-02-07 10:00:00+00:00,9.5,95,8.8,91,85,17,30,50.0,13.0,53.7,37.0,14.8,39.6,0.2,992.5
2026-02-07 11:00:00+00:00,10.1,96,9.6,79,31,25,63,108.0,31.0,93.1,77.0,16.9,37.4,0.1,993.0
2026-02-07 12:00:00+00:00,10.5,95,9.7,93,29,48,89,176.0,62.0,160.0,114.0,19.9,42.5,0.2,993.4
2026-02-07 13:00:00+00:00,10.6,93,9.5,91,26,50,84,204.0,75.0,186.8,129.0,22.6,46.8,0.4,993.7
2026-02-07 14:00:00+00:00,10.4,94,9.5,95,62,78,74,151.0,19.0,50.8,132.0,23.1,45.4,0.9,993.7
2026-02-07 15:00:00+00:00,10.5,93,9.4,92,54,66,63,153.0,61.0,198.3,92.0,28.1,45.0,0.4,994.1
2026-02-07 16:00:00+00:00,10.2,95,9.4,95,91,41,42,80.0,19.0,92.1,61.0,28.6,48.2,0.5,994.8
2026-02-07 17:00:00+00:00,10.2,94,9.2,77,65,30,30,29.0,13.0,146.3,16.0,23.4,40.3,0.0,995.3
2026-02-07 18:00:00+00:00,10.0,94,9.0,50,41,22,10,0.0,0.0,0.0,0.0,22.2,37.8,0.0,996.0
2026-02-07 19:00:00+00:00,9.8,94,8.8,39,37,22,1,0.0,0.0,0.0,0.0,22.2,41.0,0.0,997.1
2026-02-07 20:00:00+00:00,9.8,93,8.8,52,45,29,0,0.0,0.0,0.0,0.0,21.6,39.6,0.1,997.8
2026-02-07 21:00:00+00:00,9.7,93,8.6,58,55,13,0,0.0,0.0,0.0,0.0,18.7,34.9,0.0,998.3
2026-02-07 22:00:00+00:00,9.0,94,8.1,52,36,28,2,0.0,0.0,0.0,0.0,16.2,27.7,0.0,999.1
2026-02-07 23:00:00+00:00,8.8,95,8.1,41,26,31,0,0.0,0.0,0.0,0.0,13.9,24.8,0.0,999.4
2026-02-08 00:00:00+00:00,8.3,96,7.6,39,23,31,0,0.0,0.0,0.0,0.0,13.1,22.0,0.0,999.8
2026-02-08 01:00:00+00:00,8.1,95,7.3,59,32,40,21,0.0,0.0,0.0,0.0,12.5,20.9,0.0,1000.4
2026-02-08 02:00:00+00:00,7.9,95,7.1,97,28,41,96,0.0,0.0,0.0,0.0,11.5,19.1,0.3,1000.8
2026-02-08 03:00:00+00:00,7.6,96,6.9,100,29,34,100,0.0,0.0,0.0,0.0,10.7,15.8,0.0,1001.3
2026-02-08 04:00:00+00:00,7.0,98,6.6,100,28,40,100,0.0,0.0,0.0,0.0,10.4,14.0,0.0,1001.5
2026-02-08 05:00:00+00:00,6.9,98,6.6,100,30,74,100,0.0,0.0,0.0,0.0,10.5,13.0,0.0,1001.7
2026-02-08 06:00:00+00:00,7.3,98,7.0,100,25,90,100,0.0,0.0,0.0,0.0,10.5,13.0,0.0,1002.0
2026-02-08 07:00:00+00:00,7.5,98,7.1,100,37,71,100,0.0,0.0,0.0,0.0,10.4,18.0,0.0,1002.5
2026-02-08 08:00:00+00:00,7.7,97,7.3,99,39,41,99,3.0,0.0,0.0,3.0,11.0,19.4,0.0,1002.9
2026-02-08 09:00:00+00:00,8.2,98,7.9,100,62,41,99,45.0,5.0,39.9,40.0,12.3,22.7,0.0,1003.5
2026-02-08 10:00:00+00:00,9.1,97,8.6,100,91,35,96,106.0,12.0,48.6,94.0,14.2,29.2,0.1,1003.7
2026-02-08 11:00:00+00:00,9.5,96,8.9,100,85,78,97,141.0,27.0,79.9,114.0,15.6,30.2,0.1,1004.1
2026-02-08 12:00:00+00:00,9.8,94,9.0,100,81,83,98,149.0,28.0,71.4,121.0,14.2,28.8,0.1,1004.3
2026-02-08 13:00:00+00:00,9.7,93,8.6,100,81,96,100,148.0,22.0,54.1,126.0,14.8,28.4,0.2,1004.0
2026-02-08 14:00:00+00:00,9.6,91,8.2,100,76,99,100,135.0,11.0,29.0,124.0,15.7,32.8,0.4,1003.7
2026-02-08 15:00:00+00:00,9.1,92,7.9,100,62,98,100,100.0,7.0,22.4,93.0,14.6,30.6,0.9,1003.7
2026-02-08 16:00:00+00:00,8.8,94,7.9,100,57,99,100,53.0,0.0,0.0,53.0,12.1,29.5,0.4,1003.7
2026-02-08 17:00:00+00:00,8.5,95,7.8,100,42,100,99,16.0,0.0,0.0,16.0,11.6,26.6,0.6,1003.8
2026-02-08 18:00:00+00:00,8.6,95,7.9,99,51,93,97,0.0,0.0,0.0,0.0,12.4,23.8,0.3,1004.0
2026-02-08 19:00:00+00:00,8.6,94,7.7,99,45,78,95,0.0,0.0,0.0,0.0,13.4,23.8,0.8,1004.1
2026-02-08 20:00:00+00:00,8.4,94,7.5,93,34,56,88,0.0,0.0,0.0,0.0,14.1,25.2,0.2,1003.9
2026-02-08 21:00:00+00:00,8.2,97,7.7,77,47,29,58,0.0,0.0,0.0,0.0,14.8,25.6,0.2,1003.7
2026-02-08 22:00:00+00:00,8.1,96,7.6,81,47,26,57,0.0,0.0,0.0,0.0,14.1,27.0,0.1,1003.5
2026-02-08 23:00:00+00:00,8.2,97,7.8,90,27,30,84,0.0,0.0,0.0,0.0,14.2,27.0,0.0,1003.1
2026-02-09 00:00:00+00:00,8.1,97,7.7,97,34,18,95,0.0,0.0,0.0,0.0,14.5,27.7,0.0,1003.0
2026-02-09 01:00:00+00:00,8.1,96,7.5,100,57,50,97,0.0,0.0,0.0,0.0,14.8,28.4,0.0,1002.5
2026-02-09 02:00:00+00:00,8.2,96,7.6,99,72,81,97,0.0,0.0,0.0,0.0,15.0,29.5,0.1,1001.9
2026-02-09 03:00:00+00:00,8.3,94,7.4,100,91,77,96,0.0,0.0,0.0,0.0,14.1,31.3,0.1,1001.6
2026-02-09 04:00:00+00:00,8.1,94,7.2,98,84,25,93,0.0,0.0,0.0,0.0,12.6,25.2,0.2,1001.0
2026-02-09 05:00:00+00:00,7.8,95,7.0,99,61,22,95,0.0,0.0,0.0,0.0,12.6,23.8,0.1,1000.8
2026-02-09 06:00:00+00:00,7.6,94,6.7,100,98,68,91,0.0,0.0,0.0,0.0,13.4,22.3,0.1,1000.6
2026-02-09 07:00:00+00:00,7.5,95,6.7,100,86,88,97,0.0,0.0,0.0,0.0,14.7,25.9,0.0,1000.1
2026-02-09 08:00:00+00:00,7.6,96,7.0,100,74,77,99,4.0,0.0,0.0,4.0,16.1,28.8,0.0,1000.0
2026-02-09 09:00:00+00:00,8.3,94,7.4,99,65,42,98,39.0,3.0,23.1,36.0,17.2,32.0,0.0,999.7
2026-02-09 10:00:00+00:00,9.0,94,8.1,84,34,38,71,118.0,34.0,135.1,84.0,16.8,37.1,0.0,999.3
2026-02-09 11:00:00+00:00,9.8,90,8.3,70,28,28,51,192.0,87.0,253.8,105.0,18.2,40.0,0.0,998.7
2026-02-09 12:00:00+00:00,10.0,88,8.2,92,32,68,75,252.0,147.0,369.9,105.0,19.9,43.9,0.1,998.0
2026-02-09 13:00:00+00:00,10.2,84,7.7,88,35,30,66,290.0,177.0,430.1,113.0,23.0,46.8,0.0,997.1
2026-02-09 14:00:00+00:00,9.9,84,7.3,100,48,5,100,269.0,161.0,419.0,108.0,24.8,45.0,0.0,995.7
2026-02-09 15:00:00+00:00,9.5,85,7.1,100,34,15,100,172.0,62.0,195.3,110.0,24.0,45.7,0.1,995.2
2026-02-09 16:00:00+00:00,9.2,87,7.1,100,65,67,99,88.0,23.0,106.5,65.0,24.0,48.2,0.1,994.4
2026-02-09 17:00:00+00:00,8.9,87,6.9,100,96,100,100,20.0,1.0,10.7,19.0,23.9,45.7,0.3,993.7
2026-02-09 18:00:00+00:00,8.4,91,7.1,100,100,87,100,0.0,0.0,0.0,0.0,23.4,44.3,0.9,993.2
2026-02-09 19:00:00+00:00,8.2,93,7.1,100,100,98,100,0.0,0.0,0.0,0.0,22.8,41.0,0.8,992.8
2026-02-09 20:00:00+00:00,8.0,95,7.3,100,100,92,89,0.0,0.0,0.0,0.0,23.2,41.4,0.8,992.6
2026-02-09 21:00:00+00:00,8.1,95,7.4,100,100,96,41,0.0,0.0,0.0,0.0,23.8,42.5,0.4,992.1
2026-02-09 22:00:00+00:00,8.6,95,7.9,100,100,4,2,0.0,0.0,0.0,0.0,18.6,40.7,0.1,991.8
2026-02-09 23:00:00+00:00,8.7,96,8.1,100,100,4,3,0.0,0.0,0.0,0.0,17.2,34.9,0.0,991.6
2026-02-10 00:00:00+00:00,8.7,98,8.4,100,100,1,0,0.0,0.0,0.0,0.0,14.1,28.4,0.0,991.3
2026-02-10 01:00:00+00:00,8.7,99,8.6,100,100,2,0,0.0,0.0,0.0,0.0,11.1,22.3,0.0,991.3
2026-02-10 02:00:00+00:00,8.7,100,8.7,100,100,8,0,0.0,0.0,0.0,0.0,9.4,18.4,0.0,990.9
2026-02-10 03:00:00+00:00,8.7,100,8.7,100,100,12,0,0.0,0.0,0.0,0.0,8.7,16.9,0.0,990.6
2026-02-10 04:00:00+00:00,8.6,100,8.6,100,100,0,0,0.0,0.0,0.0,0.0,8.9,16.6,0.0,989.9
2026-02-10 05:00:00+00:00,8.6,100,8.6,100,100,25,8,0.0,0.0,0.0,0.0,8.6,15.8,0.0,989.8
2026-02-10 06:00:00+00:00,8.7,99,8.6,100,99,38,54,0.0,0.0,0.0,0.0,8.6,16.2,0.0,989.6
2026-02-10 07:00:00+00:00,8.6,98,8.4,100,99,46,86,0.0,0.0,0.0,0.0,8.3,16.2,0.2,989.0
2026-02-10 08:00:00+00:00,8.8,99,8.6,100,88,23,98,3.0,0.0,0.0,3.0,8.8,16.9,0.0,988.9
2026-02-10 09:00:00+00:00,9.2,98,8.9,100,99,10,99,47.0,11.0,81.8,36.0,13.1,25.9,0.0,988.9
2026-02-10 10:00:00+00:00,9.7,95,9.0,100,100,6,94,105.0,17.0,66.3,88.0,14.4,33.1,0.1,988.3
2026-02-10 11:00:00+00:00,10.0,94,9.1,100,99,13,86,131.0,15.0,43.1,116.0,15.7,33.1,0.1,988.2
2026-02-10 12:00:00+00:00,10.3,92,9.1,100,100,11,51,156.0,13.0,32.3,143.0,16.8,31.3,0.5,987.2
2026-02-10 13:00:00+00:00,10.5,95,9.8,100,97,28,99,186.0,32.0,76.8,154.0,19.0,29.9,0.8,986.6
2026-02-10 14:00:00+00:00,10.3,95,9.6,100,100,60,97,125.0,20.0,51.4,105.0,16.9,28.8,1.0,985.0
2026-02-10 15:00:00+00:00,10.1,98,9.8,100,100,73,98,74.0,18.0,55.8,56.0,14.6,25.6,1.4,984.3
2026-02-10 16:00:00+00:00,9.7,100,9.7,100,100,62,90,15.0,0.0,0.0,15.0,15.8,24.5,1.2,983.0
2026-02-10 17:00:00+00:00,9.8,100,9.8,100,100,58,49,4.0,0.0,0.0,4.0,13.2,22.3,0.1,982.2
2026-02-10 18:00:00+00:00,10.0,100,10.0,100,100,31,36,0.0,0.0,0.0,0.0,12.0,15.5,0.1,981.7
2026-02-10 19:00:00+00:00,10.4,99,10.2,100,100,22,75,0.0,0.0,0.0,0.0,16.8,31.0,0.0,981.6
2026-02-10 20:00:00+00:00,10.9,97,10.5,99,99,45,90,0.0,0.0,0.0,0.0,15.2,27.4,0.0,981.5
2026-02-10 21:00:00+00:00,10.9,95,10.2,100,100,64,98,0.0,0.0,0.0,0.0,11.6,18.0,0.4,981.4
2026-02-10 22:00:00+00:00,10.1,98,9.9,100,96,71,86,0.0,0.0,0.0,0.0,5.1,9.4,0.4,981.7
2026-02-10 23:00:00+00:00,10.2,98,9.9,100,100,76,74,0.0,0.0,0.0,0.0,6.0,7.9,0.6,981.9
2026-02-11 00:00:00+00:00,9.9,99,9.7,100,98,56,77,0.0,0.0,0.0,0.0,7.5,18.4,1.0,981.8
2026-02-11 01:00:00+00:00,9.9,97,9.4,100,93,43,85,0.0,0.0,0.0,0.0,8.8,15.1,0.7,982.2
2026-02-11 02:00:00+00:00,9.8,96,9.2,99,74,51,91,0.0,0.0,0.0,0.0,10.6,18.7,0.1,982.4
2026-02-11 03:00:00+00:00,9.6,96,9.0,100,87,59,88,0.0,0.0,0.0,0.0,11.7,20.5,0.1,982.7
2026-02-11 04:00:00+00:00,10.0,94,9.2,100,98,74,92,0.0,0.0,0.0,0.0,13.7,25.2,0.6,982.8
2026-02-11 05:00:00+00:00,10.4,95,9.7,100,93,90,92,0.0,0.0,0.0,0.0,17.4,29.9,0.1,983.3
2026-02-11 06:00:00+00:00,10.6,95,9.9,100,100,55,77,0.0,0.0,0.0,0.0,19.4,33.8,0.0,983.4
2026-02-11 07:00:00+00:00,10.7,95,9.9,100,100,53,42,0.0,0.0,0.0,0.0,20.5,37.4,0.1,983.7
2026-02-11 08:00:00+00:00,10.6,93,9.5,100,100,90,1,2.0,0.0,0.0,2.0,22.7,40.7,0.0,984.2
2026-02-11 09:00:00+00:00,10.6,91,9.2,99,98,58,0,37.0,7.0,50.3,30.0,23.3,46.1,0.0,984.8
2026-02-11 10:00:00+00:00,11.0,89,9.3,71,63,37,0,85.0,13.0,49.8,72.0,24.3,46.1,0.0,984.8
2026-02-11 11:00:00+00:00,11.9,83,9.1,41,34,27,0,245.0,134.0,379.9,111.0,23.1,45.4,0.0,984.9
2026-02-11 12:00:00+00:00,11.9,80,8.5,78,19,14,71,282.0,171.0,419.7,111.0,23.2,47.5,0.1,984.5
2026-02-11 13:00:00+00:00,11.5,79,8.1,95,25,15,92,324.0,222.0,526.5,102.0,23.8,50.0,0.3,983.7
2026-02-11 14:00:00+00:00,11.9,76,7.8,98,32,43,94,318.0,204.0,517.3,114.0,23.3,45.0,0.1,983.1
2026-02-11 15:00:00+00:00,11.1,77,7.2,95,20,32,93,207.0,92.0,281.0,115.0,19.0,37.1,0.0,981.7
2026-02-11 16:00:00+00:00,10.4,83,7.6,94,32,50,93,118.0,28.0,124.1,90.0,17.3,33.1,0.0,980.3
2026-02-11 17:00:00+00:00,9.9,89,8.1,99,65,86,96,30.0,3.0,30.3,27.0,14.4,24.5,0.0,979.1
2026-02-11 18:00:00+00:00,9.6,93,8.5,100,95,99,100,0.0,0.0,0.0,0.0,13.1,22.0,0.1,978.0
2026-02-11 19:00:00+00:00,9.4,95,8.6,100,99,89,99,0.0,0.0,0.0,0.0,11.7,21.2,0.2,977.1
2026-02-11 20:00:00+00:00,8.9,96,8.4,100,100,93,100,0.0,0.0,0.0,0.0,10.1,16.2,0.4,976.2
2026-02-11 21:00:00+00:00,8.1,98,7.8,100,79,78,99,0.0,0.0,0.0,0.0,3.2,6.1,0.3,975.8
2026-02-11 22:00:00+00:00,8.6,98,8.2,98,4,35,96,0.0,0.0,0.0,0.0,2.1,4.3,0.1,976.2
2026-02-11 23:00:00+00:00,8.5,99,8.4,96,18,40,89,0.0,0.0,0.0,0.0,6.5,13.3,0.0,976.4
2026-02-12 00:00:00+00:00,8.3,98,8.0,87,18,58,58,0.0,0.0,0.0,0.0,9.2,21.6,0.1,976.9
2026-02-12 01:00:00+00:00,8.2,95,7.5,69,21,64,8,0.0,0.0,0.0,0.0,10.9,28.1,0.0,977.8
2026-02-12 02:00:00+00:00,8.0,96,7.4,34,28,21,0,0.0,0.0,0.0,0.0,12.9,27.7,0.0,978.7
2026-02-12 03:00:00+00:00,7.4,97,6.9,35,34,19,0,0.0,0.0,0.0,0.0,13.3,24.1,0.0,979.5
2026-02-12 04:00:00+00:00,7.1,97,6.6,38,37,20,0,0.0,0.0,0.0,0.0,12.4,21.6,0.0,979.9
2026-02-12 05:00:00+00:00,7.0,97,6.5,46,41,25,0,0.0,0.0,0.0,0.0,10.5,19.8,0.1,980.5
2026-02-12 06:00:00+00:00,7.2,96,6.6,63,60,41,0,0.0,0.0,0.0,0.0,9.5,19.4,0.2,981.2
2026-02-12 07:00:00+00:00,7.7,96,7.1,84,78,75,0,0.0,0.0,0.0,0.0,10.7,19.4,0.1,981.8
2026-02-12 08:00:00+00:00,8.3,94,7.4,99,98,84,0,4.0,1.0,19.0,3.0,12.6,20.9,0.2,982.3
2026-02-12 09:00:00+00:00,9.1,93,8.1,94,90,71,0,34.0,5.0,34.7,29.0,15.7,27.4,0.4,983.1
2026-02-12 10:00:00+00:00,9.5,92,8.3,74,53,66,0,102.0,36.0,135.3,66.0,17.4,32.4,0.3,984.2
2026-02-12 11:00:00+00:00,9.7,93,8.6,92,65,79,19,130.0,23.0,64.3,107.0,25.0,41.0,0.1,985.0
2026-02-12 12:00:00+00:00,10.5,90,9.0,91,53,55,66,230.0,106.0,256.9,124.0,28.6,43.9,0.1,985.6
2026-02-12 13:00:00+00:00,10.6,84,8.0,95,50,29,85,249.0,142.0,332.7,107.0,27.9,50.8,0.1,986.2
2026-02-12 14:00:00+00:00,10.5,79,7.1,100,70,13,100,196.0,106.0,265.4,90.0,29.1,51.8,0.1,987.0
2026-02-12 15:00:00+00:00,10.5,77,6.5,98,34,38,98,173.0,78.0,234.6,95.0,26.2,47.5,0.0,988.0
2026-02-12 16:00:00+00:00,10.4,74,6.0,99,21,60,98,127.0,57.0,247.4,70.0,22.9,43.9,0.0,988.7
2026-02-12 17:00:00+00:00,9.8,75,5.5,98,28,38,97,52.0,14.0,138.0,38.0,19.7,38.2,0.0,989.3
2026-02-12 18:00:00+00:00,8.9,79,5.4,98,24,12,96,1.0,0.0,0.0,1.0,17.5,32.8,0.0,990.2
2026-02-12 19:00:00+00:00,8.2,83,5.4,88,20,21,79,0.0,0.0,0.0,0.0,15.5,28.1,0.0,990.7
2026-02-12 20:00:00+00:00,7.8,85,5.5,55,33,30,27,0.0,0.0,0.0,0.0,14.6,25.6,0.0,991.0
2026-02-12 21:00:00+00:00,7.7,86,5.5,69,14,23,61,0.0,0.0,0.0,0.0,14.2,24.5,0.0,991.1
2026-02-12 22:00:00+00:00,7.5,91,6.1,67,0,31,62,0.0,0.0,0.0,0.0,12.0,22.3,0.0,990.7
2026-02-12 23:00:00+00:00,7.1,93,6.1,35,1,19,29,0.0,0.0,0.0,0.0,12.0,20.5,0.0,990.5
2026-02-13 00:00:00+00:00,7.1,94,6.2,57,6,27,48,0.0,0.0,0.0,0.0,11.6,20.5,0.0,990.6
2026-02-13 01:00:00+00:00,6.8,95,6.1,89,10,72,85,0.0,0.0,0.0,0.0,9.9,19.1,0.0,990.3
2026-02-13 02:00:00+00:00,6.3,97,5.8,51,20,33,29,0.0,0.0,0.0,0.0,8.3,14.8,0.0,989.9
2026-02-13 03:00:00+00:00,5.4,98,5.2,39,34,22,1,0.0,0.0,0.0,0.0,7.7,11.5,0.0,989.6
2026-02-13 04:00:00+00:00,5.0,99,4.8,38,27,30,7,0.0,0.0,0.0,0.0,6.4,10.4,0.0,989.1
2026-02-13 05:00:00+00:00,4.5,100,4.4,78,27,17,67,0.0,0.0,0.0,0.0,8.6,11.9,0.0,988.8
2026-02-13 06:00:00+00:00,5.5,99,5.4,92,25,17,91,0.0,0.0,0.0,0.0,9.1,8.6,0.0,988.5
2026-02-13 07:00:00+00:00,5.2,100,5.2,98,18,6,98,0.0,0.0,0.0,0.0,8.9,9.4,0.0,988.6
2026-02-13 08:00:00+00:00,4.8,100,4.8,98,24,4,98,8.0,1.0,18.2,7.0,5.7,7.9,0.0,988.9
2026-02-13 09:00:00+00:00,6.6,99,6.4,98,29,7,97,81.0,26.0,174.8,55.0,5.8,11.5,0.0,988.9
2026-02-13 10:00:00+00:00,8.0,96,7.5,98,60,4,96,182.0,80.0,295.0,102.0,7.3,14.0,0.0,989.4
2026-02-13 11:00:00+00:00,9.0,93,7.9,93,40,13,83,273.0,155.0,427.1,118.0,7.4,15.8,0.0,989.4
2026-02-13 12:00:00+00:00,9.5,91,8.2,81,69,37,54,325.0,190.0,454.8,135.0,6.6,18.0,0.1,990.3
2026-02-13 13:00:00+00:00,9.9,88,8.0,92,81,17,57,338.0,214.0,495.4,124.0,6.6,19.8,0.2,990.1
2026-02-13 14:00:00+00:00,9.9,86,7.7,93,73,18,74,244.0,115.0,284.2,129.0,7.4,20.5,0.7,990.5
2026-02-13 15:00:00+00:00,9.4,83,6.6,94,47,14,88,209.0,76.0,225.1,133.0,9.0,22.0,1.7,990.5
2026-02-13 16:00:00+00:00,8.6,85,6.2,96,20,22,94,133.0,47.0,199.7,86.0,9.4,22.0,1.0,991.8
2026-02-13 17:00:00+00:00,7.7,87,5.7,98,43,34,98,46.0,14.0,133.4,32.0,14.1,31.7,0.1,992.7
2026-02-13 18:00:00+00:00,7.0,90,5.5,98,49,35,95,1.0,0.0,0.0,1.0,17.5,38.5,0.1,994.2
2026-02-13 19:00:00+00:00,5.9,92,4.7,95,75,27,89,0.0,0.0,0.0,0.0,20.8,39.2,0.1,995.9
2026-02-13 20:00:00+00:00,5.2,89,3.6,100,99,26,70,0.0,0.0,0.0,0.0,24.1,45.7,0.0,997.6
2026-02-13 21:00:00+00:00,4.9,87,2.9,100,100,45,48,0.0,0.0,0.0,0.0,25.8,47.5,0.1,999.8
2026-02-13 22:00:00+00:00,4.8,87,2.7,100,100,71,25,0.0,0.0,0.0,0.0,24.0,47.2,0.0,1001.6
2026-02-13 23:00:00+00:00,4.5,86,2.3,96,95,63,1,0.0,0.0,0.0,0.0,23.8,46.1,0.0,1003.1
2026-02-14 00:00:00+00:00,4.3,84,1.8,96,91,46,0,0.0,0.0,0.0,0.0,23.0,45.7,0.0,1004.6
2026-02-14 01:00:00+00:00,4.1,83,1.4,71,43,36,0,0.0,0.0,0.0,0.0,21.5,44.6,0.0,1005.9
2026-02-14 02:00:00+00:00,3.9,83,1.2,52,40,28,0,0.0,0.0,0.0,0.0,20.8,41.8,0.0,1007.2
2026-02-14 03:00:00+00:00,3.6,83,1.1,75,54,62,0,0.0,0.0,0.0,0.0,21.4,40.7,0.0,1008.8
2026-02-14 04:00:00+00:00,3.2,84,0.7,86,77,43,0,0.0,0.0,0.0,0.0,21.5,38.9,0.0,1010.1
2026-02-14 05:00:00+00:00,2.8,82,0.0,77,77,0,0,0.0,0.0,0.0,0.0,20.8,38.5,0.0,1011.2
2026-02-14 06:00:00+00:00,2.4,82,-0.4,66,66,0,0,0.0,0.0,0.0,0.0,19.8,37.1,0.0,1012.7
2026-02-14 07:00:00+00:00,1.8,83,-0.8,52,52,0,0,0.0,0.0,0.0,0.0,18.9,34.6,0.0,1014.3
2026-02-14 08:00:00+00:00,1.6,83,-1.0,30,30,0,0,12.0,4.0,69.6,8.0,17.6,32.4,0.0,1015.6
2026-02-14 09:00:00+00:00,2.3,79,-1.0,25,25,0,0,106.0,59.0,383.7,47.0,16.0,30.6,0.0,1016.5
2026-02-14 10:00:00+00:00,3.6,71,-1.1,29,29,0,0,227.0,153.0,553.7,74.0,15.7,32.4,0.0,1017.3
2026-02-14 11:00:00+00:00,4.6,64,-1.6,50,50,0,0,353.0,276.0,749.7,77.0,15.9,31.3,0.0,1018.1
2026-02-14 12:00:00+00:00,5.4,61,-1.4,72,72,0,0,411.0,321.0,758.7,90.0,13.7,24.8,0.0,1018.2
2026-02-14 13:00:00+00:00,6.0,57,-1.8,93,87,0,24,435.0,351.0,802.7,84.0,10.8,22.3,0.0,1018.6
2026-02-14 14:00:00+00:00,6.5,53,-2.4,97,96,0,34,386.0,282.0,688.0,104.0,6.3,19.4,0.0,1017.9
2026-02-14 15:00:00+00:00,6.5,50,-3.1,97,94,0,74,266.0,125.0,364.8,141.0,5.9,12.6,0.0,1018.7
2026-02-14 16:00:00+00:00,6.1,51,-3.4,100,65,0,100,146.0,31.0,129.0,115.0,1.3,5.0,0.0,1018.4
2026-02-14 17:00:00+00:00,4.1,65,-1.8,100,61,7,100,49.0,3.0,27.3,46.0,4.7,9.4,0.0,1019.2
2026-02-14 18:00:00+00:00,3.7,65,-2.3,100,36,70,100,1.0,0.0,0.0,1.0,5.1,13.0,0.0,1019.1
2026-02-14 19:00:00+00:00,3.6,67,-1.9,100,0,100,100,0.0,0.0,0.0,0.0,7.6,13.7,0.0,1018.6
2026-02-14 20:00:00+00:00,3.4,70,-1.5,100,2,100,100,0.0,0.0,0.0,0.0,10.5,18.0,0.0,1018.7
2026-02-14 21:00:00+00:00,3.4,72,-1.2,100,0,100,100,0.0,0.0,0.0,0.0,12.8,22.3,0.0,1017.9
2026-02-14 22:00:00+00:00,3.6,66,-2.1,100,5,100,100,0.0,0.0,0.0,0.0,15.4,27.7,0.0,1017.7
2026-02-14 23:00:00+00:00,3.9,68,-1.5,100,25,100,100,0.0,0.0,0.0,0.0,17.2,33.5,0.0,1016.6
2026-02-15 00:00:00+00:00,3.8,73,-0.6,100,48,100,100,0.0,0.0,0.0,0.0,16.7,38.9,0.2,1016.7
2026-02-15 01:00:00+00:00,3.5,80,0.4,100,35,96,100,0.0,0.0,0.0,0.0,20.4,45.0,0.3,1015.5
2026-02-15 02:00:00+00:00,3.6,83,0.9,100,51,99,100,0.0,0.0,0.0,0.0,24.5,49.0,0.2,1014.7
2026-02-15 03:00:00+00:00,3.6,85,1.4,100,63,73,100,0.0,0.0,0.0,0.0,27.1,52.6,0.2,1012.7
2026-02-15 04:00:00+00:00,3.6,88,1.8,100,92,26,100,0.0,0.0,0.0,0.0,27.5,53.3,0.2,1010.8
2026-02-15 05:00:00+00:00,4.0,90,2.5,100,99,100,100,0.0,0.0,0.0,0.0,27.1,50.8,0.3,1010.0
2026-02-15 06:00:00+00:00,4.2,93,3.1,100,100,100,100,0.0,0.0,0.0,0.0,26.9,47.9,0.4,1008.5
2026-02-15 07:00:00+00:00,4.5,94,3.6,100,100,60,96,0.0,0.0,0.0,0.0,26.0,48.2,0.2,1006.8
2026-02-15 08:00:00+00:00,5.0,94,4.1,100,100,99,100,2.0,0.0,0.0,2.0,25.0,46.1,0.1,1005.5
2026-02-15 09:00:00+00:00,5.3,96,4.7,100,100,98,99,12.0,0.0,0.0,12.0,24.1,44.6,0.4,1003.7
2026-02-15 10:00:00+00:00,5.8,96,5.3,100,100,92,100,24.0,0.0,0.0,24.0,17.3,40.7,0.6,1002.1
2026-02-15 11:00:00+00:00,6.4,99,6.2,100,100,76,58,25.0,0.0,0.0,25.0,14.4,34.6,1.5,1000.9
2026-02-15 12:00:00+00:00,7.2,99,7.0,100,100,80,8,30.0,0.0,0.0,30.0,12.8,27.0,2.1,999.9
2026-02-15 13:00:00+00:00,8.4,98,8.1,100,99,83,23,45.0,0.0,0.0,45.0,12.3,32.8,1.4,998.7
2026-02-15 14:00:00+00:00,9.4,94,8.5,99,39,96,50,54.0,0.0,0.0,54.0,15.0,36.7,0.4,997.8
2026-02-15 15:00:00+00:00,10.4,90,8.8,83,0,73,39,182.0,103.0,296.1,79.0,17.9,42.8,0.0,996.7
2026-02-15 16:00:00+00:00,10.4,84,7.8,69,11,33,58,176.0,113.0,460.7,63.0,19.4,52.6,0.1,996.5
2026-02-15 17:00:00+00:00,9.5,86,7.2,51,33,34,21,48.0,15.0,131.0,33.0,21.2,46.8,0.1,996.2
2026-02-15 18:00:00+00:00,8.5,86,6.3,53,39,25,2,2.0,0.0,0.0,2.0,22.2,42.8,0.0,996.4
2026-02-15 19:00:00+00:00,7.8,89,6.1,31,23,20,0,0.0,0.0,0.0,0.0,24.8,45.0,0.2,996.9
2026-02-15 20:00:00+00:00,7.4,90,5.9,33,32,8,0,0.0,0.0,0.0,0.0,23.0,41.8,0.0,997.0
2026-02-15 21:00:00+00:00,7.4,89,5.6,22,22,1,0,0.0,0.0,0.0,0.0,23.1,42.1,0.0,997.5
2026-02-15 22:00:00+00:00,7.4,86,5.2,24,15,21,0,0.0,0.0,0.0,0.0,21.1,42.1,0.0,997.7
2026-02-15 23:00:00+00:00,7.1,86,4.9,29,10,17,8,0.0,0.0,0.0,0.0,21.3,42.5,0.0,997.8
2026-02-16 00:00:00+00:00,7.0,86,4.9,25,19,5,7,0.0,0.0,0.0,0.0,21.9,42.1,0.0,998.0
2026-02-16 01:00:00+00:00,6.7,87,4.7,59,45,20,16,0.0,0.0,0.0,0.0,22.1,41.0,0.0,998.0
2026-02-16 02:00:00+00:00,6.5,86,4.4,38,38,1,0,0.0,0.0,0.0,0.0,20.6,40.7,0.0,997.4
2026-02-16 03:00:00+00:00,6.4,86,4.2,28,24,7,0,0.0,0.0,0.0,0.0,21.5,40.0,0.0,997.3
2026-02-16 04:00:00+00:00,6.1,85,3.8,69,31,55,19,0.0,0.0,0.0,0.0,21.9,40.0,0.0,996.9
2026-02-16 05:00:00+00:00,5.9,85,3.5,90,21,88,32,0.0,0.0,0.0,0.0,22.7,41.4,0.0,996.6
2026-02-16 06:00:00+00:00,5.9,83,3.3,75,46,45,29,0.0,0.0,0.0,0.0,25.9,45.7,0.0,997.1
2026-02-16 07:00:00+00:00,5.9,84,3.4,47,21,29,7,0.0,0.0,0.0,0.0,25.7,47.9,0.0,997.3
2026-02-16 08:00:00+00:00,5.8,85,3.4,22,18,4,6,15.0,6.0,95.7,9.0,24.8,45.7,0.0,997.9
2026-02-16 09:00:00+00:00,6.7,81,3.7,36,28,6,10,122.0,78.0,475.6,44.0,22.7,40.7,0.0,998.4
2026-02-16 10:00:00+00:00,8.1,74,3.7,74,13,67,43,246.0,177.0,617.1,69.0,24.3,56.2,0.0,998.4
2026-02-16 11:00:00+00:00,8.9,69,3.5,58,41,18,26,286.0,185.0,488.3,101.0,32.5,62.3,0.0,998.1
2026-02-16 12:00:00+00:00,9.3,65,3.1,67,53,6,33,329.0,225.0,518.6,104.0,36.3,64.8,0.0,998.3
2026-02-16 13:00:00+00:00,9.7,64,3.1,91,76,10,63,325.0,219.0,488.8,106.0,36.5,60.1,0.0,998.1
2026-02-16 14:00:00+00:00,9.8,62,2.8,74,38,25,51,328.0,195.0,463.8,133.0,32.7,67.3,0.0,998.3
2026-02-16 15:00:00+00:00,9.2,69,3.8,63,35,27,34,241.0,129.0,365.4,112.0,30.1,56.5,0.0,999.1
2026-02-16 16:00:00+00:00,9.0,72,4.1,78,34,29,64,168.0,100.0,399.5,68.0,29.7,58.0,0.0,999.7
2026-02-16 17:00:00+00:00,8.3,75,4.0,61,23,21,46,72.0,40.0,335.1,32.0,26.1,46.8,0.0,1000.6
2026-02-16 18:00:00+00:00,8.0,78,4.4,32,25,13,12,3.0,1.0,19.1,2.0,23.9,42.1,0.0,1002.0
2026-02-16 19:00:00+00:00,7.7,79,4.4,39,29,16,6,0.0,0.0,0.0,0.0,23.9,43.9,0.0,1003.1
2026-02-16 20:00:00+00:00,7.6,79,4.2,42,42,4,0,0.0,0.0,0.0,0.0,23.3,43.2,0.0,1003.9
2026-02-16 21:00:00+00:00,7.3,81,4.2,8,7,2,0,0.0,0.0,0.0,0.0,22.8,41.8,0.0,1004.7
2026-02-16 22:00:00+00:00,6.8,83,4.1,0,0,0,0,0.0,0.0,0.0,0.0,17.3,39.2,0.0,1005.3
2026-02-16 23:00:00+00:00,6.3,83,3.6,6,6,1,0,0.0,0.0,0.0,0.0,18.0,36.7,0.0,1006.8
2026-02-17 00:00:00+00:00,5.6,84,3.1,1,1,0,0,0.0,0.0,0.0,0.0,18.4,35.3,0.0,1007.7
2026-02-17 01:00:00+00:00,5.1,82,2.2,0,0,0,0,0.0,0.0,0.0,0.0,19.7,35.6,0.0,1009.0
2026-02-17 02:00:00+00:00,4.4,79,1.2,0,0,0,0,0.0,0.0,0.0,0.0,19.1,36.0,0.0,1009.1
2026-02-17 03:00:00+00:00,3.7,79,0.3,0,0,0,0,0.0,0.0,0.0,0.0,20.6,35.3,0.0,1010.6
2026-02-17 04:00:00+00:00,2.9,79,-0.5,0,0,0,0,0.0,0.0,0.0,0.0,19.9,33.1,0.0,1011.9
2026-02-17 05:00:00+00:00,2.4,79,-0.9,0,0,0,0,0.0,0.0,0.0,0.0,18.0,31.3,0.0,1011.9
2026-02-17 06:00:00+00:00,1.8,80,-1.2,0,0,0,0,0.0,0.0,0.0,0.0,15.9,28.1,0.0,1013.4
2026-02-17 07:00:00+00:00,1.6,82,-1.2,0,0,0,0,0.0,0.0,0.0,0.0,13.8,25.2,0.0,1014.5
2026-02-17 08:00:00+00:00,1.5,82,-1.2,0,0,0,0,20.0,10.0,152.9,10.0,13.1,23.4,0.0,1015.6
2026-02-17 09:00:00+00:00,3.1,78,-0.4,7,0,0,7,134.0,90.0,531.8,44.0,12.5,23.8,0.0,1016.4
2026-02-17 10:00:00+00:00,4.6,73,0.2,100,0,0,100,269.0,209.0,715.2,60.0,11.7,26.6,0.0,1016.6
2026-02-17 11:00:00+00:00,5.9,66,0.1,100,0,0,100,366.0,276.0,718.1,90.0,10.6,24.5,0.0,1017.0
2026-02-17 12:00:00+00:00,6.5,62,-0.3,100,2,2,100,433.0,337.0,767.0,96.0,8.1,19.1,0.0,1017.2
2026-02-17 13:00:00+00:00,6.9,59,-0.6,100,0,41,100,450.0,351.0,774.0,99.0,5.1,14.8,0.0,1017.0
2026-02-17 14:00:00+00:00,7.0,57,-1.0,100,2,96,100,406.0,294.0,690.4,112.0,1.5,11.9,0.0,1016.7
2026-02-17 15:00:00+00:00,6.8,56,-1.3,100,0,100,100,260.0,99.0,276.3,161.0,0.9,10.1,0.0,1016.7
2026-02-17 16:00:00+00:00,6.3,58,-1.4,100,0,100,100,128.0,7.0,27.4,121.0,3.2,7.2,0.0,1016.3
2026-02-17 17:00:00+00:00,5.4,65,-0.7,100,0,99,100,43.0,0.0,0.0,43.0,4.3,8.3,0.0,1016.3
2026-02-17 18:00:00+00:00,4.7,68,-0.7,100,0,99,100,2.0,0.0,0.0,2.0,6.0,11.5,0.0,1016.4
2026-02-17 19:00:00+00:00,4.3,72,-0.3,100,0,99,100,0.0,0.0,0.0,0.0,9.5,16.2,0.0,1016.0
2026-02-17 20:00:00+00:00,4.2,74,-0.1,100,0,93,100,0.0,0.0,0.0,0.0,11.9,20.9,0.0,1015.4
2026-02-17 21:00:00+00:00,4.2,75,0.1,100,0,97,100,0.0,0.0,0.0,0.0,14.4,26.3,0.0,1014.7
2026-02-17 22:00:00+00:00,4.2,72,-0.4,100,0,100,100,0.0,0.0,0.0,0.0,16.6,32.4,0.0,1013.4
2026-02-17 23:00:00+00:00,4.3,71,-0.4,100,7,100,100,0.0,0.0,0.0,0.0,19.9,37.8,0.1,1012.9
2026-02-18 00:00:00+00:00,4.2,74,0.0,100,12,100,100,0.0,0.0,0.0,0.0,22.4,41.8,0.2,1011.6
2026-02-18 01:00:00+00:00,4.1,79,0.9,100,22,95,100,0.0,0.0,0.0,0.0,22.8,42.5,0.3,1011.0
2026-02-18 02:00:00+00:00,4.1,86,1.9,100,37,100,97,0.0,0.0,0.0,0.0,22.7,43.9,0.5,1010.4
2026-02-18 03:00:00+00:00,3.6,92,2.3,100,42,97,100,0.0,0.0,0.0,0.0,24.0,44.6,0.7,1009.6
2026-02-18 04:00:00+00:00,3.3,93,2.4,100,76,80,92,0.0,0.0,0.0,0.0,25.8,45.7,0.5,1008.2
2026-02-18 05:00:00+00:00,3.4,93,2.4,100,96,68,100,0.0,0.0,0.0,0.0,24.8,49.0,0.2,1007.7
2026-02-18 06:00:00+00:00,3.7,91,2.4,100,100,94,100,0.0,0.0,0.0,0.0,25.1,50.0,0.0,1006.5
2026-02-18 07:00:00+00:00,4.0,90,2.5,99,98,93,99,0.0,0.0,0.0,0.0,25.4,47.5,0.0,1006.0
2026-02-18 08:00:00+00:00,4.4,90,2.8,100,100,75,99,3.0,0.0,0.0,3.0,26.6,49.3,0.0,1005.3
2026-02-18 09:00:00+00:00,4.6,89,3.0,100,100,86,100,23.0,0.0,0.0,23.0,27.8,51.5,0.0,1004.1
2026-02-18 10:00:00+00:00,5.4,86,3.3,100,100,55,100,61.0,10.0,33.6,51.0,26.6,51.5,0.0,1003.3
2026-02-18 11:00:00+00:00,5.3,87,3.4,100,100,65,100,59.0,0.0,0.0,59.0,25.6,52.2,0.0,1002.8
2026-02-18 12:00:00+00:00,5.6,86,3.4,100,100,92,100,67.0,0.0,0.0,67.0,27.3,56.5,0.1,1001.4
2026-02-18 13:00:00+00:00,5.6,87,3.7,100,100,100,100,57.0,0.0,0.0,57.0,28.6,55.8,0.1,999.1
2026-02-18 14:00:00+00:00,6.0,86,3.9,100,100,99,100,61.0,0.0,0.0,61.0,29.6,60.5,0.2,997.4
2026-02-18 15:00:00+00:00,6.1,89,4.4,100,100,87,100,53.0,0.0,0.0,53.0,29.8,52.2,0.5,995.8
2026-02-18 16:00:00+00:00,5.9,92,4.7,100,100,98,100,33.0,0.0,0.0,33.0,25.2,49.0,1.2,994.1
2026-02-18 17:00:00+00:00,5.6,94,4.8,100,100,100,100,10.0,0.0,0.0,10.0,27.2,50.4,1.3,992.5
2026-02-18 18:00:00+00:00,5.6,96,5.0,100,100,97,100,1.0,0.0,0.0,1.0,29.7,52.9,1.8,991.3
2026-02-18 19:00:00+00:00,5.6,96,5.1,100,100,100,100,0.0,0.0,0.0,0.0,28.6,52.2,2.3,990.3
2026-02-18 20:00:00+00:00,6.1,96,5.5,100,100,100,100,0.0,0.0,0.0,0.0,23.4,43.6,2.1,989.5
2026-02-18 21:00:00+00:00,6.8,95,6.1,100,84,89,100,0.0,0.0,0.0,0.0,19.3,37.1,1.8,989.0
2026-02-18 22:00:00+00:00,6.9,96,6.2,100,100,90,100,0.0,0.0,0.0,0.0,16.6,31.0,1.5,989.1
2026-02-18 23:00:00+00:00,6.8,97,6.3,100,100,95,100,0.0,0.0,0.0,0.0,16.8,27.4,0.7,988.8
2026-02-19 00:00:00+00:00,6.8,98,6.5,99,99,67,97,0.0,0.0,0.0,0.0,16.4,27.0,0.3,989.3
2026-02-19 01:00:00+00:00,6.6,99,6.4,100,99,50,93,0.0,0.0,0.0,0.0,15.2,26.6,0.1,989.7
2026-02-19 02:00:00+00:00,6.6,99,6.5,99,98,28,71,0.0,0.0,0.0,0.0,15.1,25.6,0.0,989.7
2026-02-19 03:00:00+00:00,6.6,99,6.4,99,99,4,57,0.0,0.0,0.0,0.0,14.3,24.1,0.0,990.0
2026-02-19 04:00:00+00:00,6.4,98,6.1,100,100,21,59,0.0,0.0,0.0,0.0,12.7,23.4,0.0,990.8
2026-02-19 05:00:00+00:00,6.1,97,5.7,100,100,37,65,0.0,0.0,0.0,0.0,12.2,24.1,0.0,991.6
2026-02-19 06:00:00+00:00,5.8,97,5.4,100,100,48,44,0.0,0.0,0.0,0.0,12.2,24.5,0.0,992.6
2026-02-19 07:00:00+00:00,5.6,97,5.1,100,100,67,29,0.0,0.0,0.0,0.0,12.9,23.0,0.0,993.7
2026-02-19 08:00:00+00:00,5.5,97,5.1,100,100,85,24,4.0,0.0,0.0,4.0,14.5,25.6,0.0,995.3
2026-02-19 09:00:00+00:00,5.5,98,5.2,100,100,85,18,22.0,1.0,5.6,21.0,15.7,27.0,0.0,997.0
2026-02-19 10:00:00+00:00,5.6,98,5.4,100,100,73,54,46.0,0.0,0.0,46.0,16.7,29.2,0.0,999.0
2026-02-19 11:00:00+00:00,5.4,96,4.8,100,100,22,81,65.0,1.0,2.5,64.0,18.1,32.4,0.0,1000.4
2026-02-19 12:00:00+00:00,5.2,96,4.5,100,100,20,40,71.0,0.0,0.0,71.0,20.2,35.6,0.0,1001.8
2026-02-19 13:00:00+00:00,5.0,94,4.2,100,100,78,9,102.0,1.0,2.2,101.0,21.2,40.7,0.0,1003.4
2026-02-19 14:00:00+00:00,5.3,92,4.0,100,100,45,0,116.0,5.0,11.4,111.0,19.9,42.1,0.0,1004.5
2026-02-19 15:00:00+00:00,5.5,88,3.7,100,100,1,0,103.0,21.0,56.9,82.0,20.4,40.0,0.0,1005.9
2026-02-19 16:00:00+00:00,5.6,85,3.3,100,100,0,0,80.0,11.0,41.4,69.0,18.5,37.4,0.0,1007.0
2026-02-19 17:00:00+00:00,5.4,84,2.9,99,99,0,0,29.0,1.0,7.5,28.0,15.7,30.6,0.0,1008.4
2026-02-19 18:00:00+00:00,5.4,84,2.8,97,96,0,28,2.0,0.0,0.0,2.0,13.2,28.1,0.0,1009.7
2026-02-19 19:00:00+00:00,5.5,83,2.8,100,100,0,71,0.0,0.0,0.0,0.0,12.0,22.3,0.0,1011.2
2026-02-19 20:00:00+00:00,5.7,82,2.8,100,100,0,8,0.0,0.0,0.0,0.0,13.8,25.2,0.0,1012.9
2026-02-19 21:00:00+00:00,5.4,82,2.6,98,98,0,0,0.0,0.0,0.0,0.0,12.9,23.4,0.0,1013.6
2026-02-19 22:00:00+00:00,5.6,82,2.8,95,88,1,31,0.0,0.0,0.0,0.0,9.1,16.9,0.0,1014.5
2026-02-19 23:00:00+00:00,5.1,87,3.0,96,91,2,61,0.0,0.0,0.0,0.0,10.8,20.2,0.0,1015.5
2026-02-20 00:00:00+00:00,5.2,88,3.4,99,98,4,79,0.0,0.0,0.0,0.0,11.0,19.4,0.0,1016.0
2026-02-20 01:00:00+00:00,5.2,92,4.0,99,77,2,89,0.0,0.0,0.0,0.0,11.2,19.4,0.0,1016.5
2026-02-20 02:00:00+00:00,5.3,94,4.4,100,54,8,100,0.0,0.0,0.0,0.0,13.5,21.2,0.0,1017.1
2026-02-20 03:00:00+00:00,5.5,94,4.7,100,33,75,100,0.0,0.0,0.0,0.0,12.8,24.5,0.0,1017.5
2026-02-20 04:00:00+00:00,5.3,93,4.3,100,11,96,100,0.0,0.0,0.0,0.0,12.9,23.4,0.0,1017.9
2026-02-20 05:00:00+00:00,5.5,91,4.2,100,3,100,100,0.0,0.0,0.0,0.0,12.1,20.9,0.0,1018.3
2026-02-20 06:00:00+00:00,5.9,89,4.3,100,1,99,100,0.0,0.0,0.0,0.0,12.7,22.0,0.1,1018.5
2026-02-20 07:00:00+00:00,6.4,89,4.7,98,0,89,78,0.0,0.0,0.0,0.0,13.9,25.2,0.1,1018.6
2026-02-20 08:00:00+00:00,6.8,90,5.2,98,1,85,76,15.0,3.0,40.7,12.0,15.5,28.8,0.0,1018.8
2026-02-20 09:00:00+00:00,8.2,87,6.1,92,22,14,85,114.0,41.0,221.1,73.0,18.3,32.4,0.0,1018.8
2026-02-20 10:00:00+00:00,9.6,83,6.9,99,55,27,98,217.0,108.0,349.8,109.0,21.0,42.1,0.0,1018.3
2026-02-20 11:00:00+00:00,10.2,83,7.4,100,72,53,98,228.0,78.0,194.5,150.0,30.0,53.3,0.0,1017.5
2026-02-20 12:00:00+00:00,10.4,87,8.3,93,76,84,3,145.0,14.0,30.7,131.0,26.6,54.7,0.5,1017.0
2026-02-20 13:00:00+00:00,10.7,91,9.3,100,100,48,28,163.0,48.0,102.1,115.0,31.8,58.3,0.6,1015.5
2026-02-20 14:00:00+00:00,10.6,91,9.3,100,100,55,11,68.0,0.0,0.0,68.0,32.2,57.6,0.4,1015.1
2026-02-20 15:00:00+00:00,11.5,89,9.8,94,91,64,7,126.0,38.0,101.6,88.0,31.0,60.5,0.2,1014.5
2026-02-20 16:00:00+00:00,11.6,85,9.3,80,72,42,2,96.0,18.0,66.5,78.0,30.8,60.1,0.6,1014.0
2026-02-20 17:00:00+00:00,11.0,83,8.3,27,25,1,2,77.0,37.0,266.4,40.0,29.2,49.7,0.2,1014.4
2026-02-20 18:00:00+00:00,10.7,80,7.4,99,17,1,98,5.0,2.0,38.2,3.0,28.3,49.0,0.0,1015.6
2026-02-20 19:00:00+00:00,10.3,79,6.8,100,14,1,100,0.0,0.0,0.0,0.0,26.3,48.2,0.0,1016.1
2026-02-20 20:00:00+00:00,10.0,79,6.6,59,4,0,57,0.0,0.0,0.0,0.0,24.2,44.3,0.0,1017.1
2026-02-20 21:00:00+00:00,9.9,81,6.7,54,4,5,50,0.0,0.0,0.0,0.0,23.3,42.5,0.0,1017.6
2026-02-20 22:00:00+00:00,9.5,83,6.8,91,0,83,59,0.0,0.0,0.0,0.0,18.7,40.3,0.0,1018.0
2026-02-20 23:00:00+00:00,9.6,86,7.3,100,75,70,91,0.0,0.0,0.0,0.0,19.1,39.6,0.0,1018.5
2026-02-21 00:00:00+00:00,10.2,87,8.1,100,100,86,100,0.0,0.0,0.0,0.0,18.5,39.6,0.0,1018.6
2026-02-21 01:00:00+00:00,10.8,87,8.6,100,99,65,80,0.0,0.0,0.0,0.0,18.5,41.0,0.0,1019.2
2026-02-21 02:00:00+00:00,10.5,88,8.6,96,81,25,76,0.0,0.0,0.0,0.0,21.3,39.2,0.0,1019.0
2026-02-21 03:00:00+00:00,9.9,89,8.2,79,15,11,74,0.0,0.0,0.0,0.0,21.3,36.7,0.0,1019.0
2026-02-21 04:00:00+00:00,9.3,91,7.9,87,7,4,86,0.0,0.0,0.0,0.0,19.7,33.8,0.0,1019.1
2026-02-21 05:00:00+00:00,9.2,90,7.6,86,10,2,84,0.0,0.0,0.0,0.0,17.6,32.0,0.0,1019.6
2026-02-21 06:00:00+00:00,9.2,89,7.5,92,28,16,88,0.0,0.0,0.0,0.0,16.1,32.0,0.0,1020.0
2026-02-21 07:00:00+00:00,9.1,91,7.7,97,48,10,95,0.0,0.0,0.0,0.0,16.1,28.8,0.0,1020.7
2026-02-21 08:00:00+00:00,9.5,91,8.1,100,83,9,100,15.0,2.0,26.1,13.0,17.2,31.3,0.0,1021.4
2026-02-21 09:00:00+00:00,10.3,89,8.6,100,100,0,100,71.0,18.0,94.3,53.0,19.3,36.0,0.0,1021.8
2026-02-21 10:00:00+00:00,10.8,90,9.3,100,100,0,100,95.0,9.0,28.6,86.0,16.3,34.6,0.0,1021.9
2026-02-21 11:00:00+00:00,11.3,91,9.9,100,100,0,87,90.0,0.0,0.0,90.0,19.0,34.6,0.0,1021.8
2026-02-21 12:00:00+00:00,12.1,92,10.8,100,100,0,97,100.0,1.0,2.2,99.0,21.1,40.3,0.0,1021.3
2026-02-21 13:00:00+00:00,12.6,92,11.3,100,100,0,95,108.0,17.0,35.7,91.0,21.9,44.3,0.0,1020.6
2026-02-21 14:00:00+00:00,13.1,92,11.8,100,100,8,100,124.0,10.0,22.3,114.0,22.7,46.4,0.0,1020.0
2026-02-21 15:00:00+00:00,13.5,89,11.7,100,100,58,99,131.0,27.0,71.2,104.0,23.6,45.7,0.0,1019.9
2026-02-21 16:00:00+00:00,13.0,93,11.9,100,100,100,100,50.0,1.0,3.6,49.0,20.1,40.0,0.0,1020.0
2026-02-21 17:00:00+00:00,12.6,94,11.6,100,100,100,100,19.0,0.0,0.0,19.0,19.2,37.8,0.1,1020.1
2026-02-21 18:00:00+00:00,12.2,96,11.6,100,100,99,100,1.0,0.0,0.0,1.0,19.2,47.5,0.2,1020.3
2026-02-21 19:00:00+00:00,12.0,97,11.5,100,100,99,63,0.0,0.0,0.0,0.0,20.0,36.7,0.1,1020.5
2026-02-21 20:00:00+00:00,11.9,96,11.3,100,100,92,2,0.0,0.0,0.0,0.0,21.0,38.2,0.0,1020.4
2026-02-21 21:00:00+00:00,11.8,96,11.2,100,100,90,52,0.0,0.0,0.0,0.0,21.7,39.6,0.0,1020.2
2026-02-21 22:00:00+00:00,11.7,95,11.0,100,100,71,90,0.0,0.0,0.0,0.0,20.7,40.3,0.0,1020.3
2026-02-21 23:00:00+00:00,11.8,95,11.1,100,99,23,98,0.0,0.0,0.0,0.0,22.5,41.0,0.0,1019.8
2026-02-22 00:00:00+00:00,11.8,95,11.0,100,100,20,100,0.0,0.0,0.0,0.0,24.0,43.2,0.0,1019.4
2026-02-22 01:00:00+00:00,11.7,94,10.8,100,100,28,95,0.0,0.0,0.0,0.0,24.0,45.0,0.0,1019.2
2026-02-22 02:00:00+00:00,11.7,94,10.8,100,100,92,97,0.0,0.0,0.0,0.0,25.2,46.1,0.0,1018.3
2026-02-22 03:00:00+00:00,11.7,95,10.9,100,100,100,98,0.0,0.0,0.0,0.0,26.4,47.2,0.0,1018.1
2026-02-22 04:00:00+00:00,11.5,96,10.9,100,100,94,97,0.0,0.0,0.0,0.0,25.7,46.1,0.1,1017.5
2026-02-22 05:00:00+00:00,11.5,96,10.9,100,100,99,99,0.0,0.0,0.0,0.0,24.1,43.6,0.0,1017.3
2026-02-22 06:00:00+00:00,11.6,95,10.9,100,100,100,99,0.0,0.0,0.0,0.0,24.1,43.9,0.0,1017.1
2026-02-22 07:00:00+00:00,11.6,95,10.9,100,100,99,97,0.0,0.0,0.0,0.0,24.0,44.6,0.1,1017.0
2026-02-22 08:00:00+00:00,11.6,96,11.0,100,99,98,28,4.0,0.0,0.0,4.0,23.6,43.6,0.1,1017.4
2026-02-22 09:00:00+00:00,11.6,96,11.1,100,100,97,92,22.0,0.0,0.0,22.0,22.3,42.1,0.3,1017.5
2026-02-22 10:00:00+00:00,11.9,95,11.2,100,100,100,97,55.0,1.0,3.1,54.0,18.6,39.2,0.2,1017.8
2026-02-22 11:00:00+00:00,12.1,93,10.9,100,100,91,98,103.0,1.0,2.4,102.0,20.0,41.4,0.1,1017.9
2026-02-22 12:00:00+00:00,12.3,89,10.5,100,73,68,99,116.0,16.0,34.2,100.0,19.1,40.0,0.1,1017.8
2026-02-22 13:00:00+00:00,12.6,85,10.2,94,43,16,92,219.0,45.0,93.5,174.0,21.4,41.0,0.1,1017.3
2026-02-22 14:00:00+00:00,13.1,80,9.6,95,55,0,88,269.0,111.0,245.0,158.0,22.0,39.6,0.0,1017.1
2026-02-22 15:00:00+00:00,13.3,76,9.1,68,53,1,22,266.0,150.0,389.9,116.0,20.9,37.8,0.0,1016.7
2026-02-22 16:00:00+00:00,12.9,76,8.7,53,53,0,0,211.0,144.0,512.6,67.0,20.6,35.3,0.0,1016.9
2026-02-22 17:00:00+00:00,12.1,79,8.6,52,52,0,0,97.0,59.0,396.6,38.0,17.8,32.0,0.0,1016.7
2026-02-22 18:00:00+00:00,10.9,84,8.3,68,47,0,43,8.0,3.0,56.0,5.0,17.4,30.2,0.0,1016.9
2026-02-22 19:00:00+00:00,10.3,86,8.1,72,43,0,51,0.0,0.0,0.0,0.0,17.9,31.7,0.0,1017.4
2026-02-22 20:00:00+00:00,9.8,88,7.9,74,40,0,55,0.0,0.0,0.0,0.0,18.7,33.5,0.0,1017.7
2026-02-22 21:00:00+00:00,9.6,89,7.8,49,45,0,8,0.0,0.0,0.0,0.0,19.8,35.6,0.0,1017.8
2026-02-22 22:00:00+00:00,9.3,90,7.8,63,60,0,4,0.0,0.0,0.0,0.0,19.3,37.4,0.0,1017.8
2026-02-22 23:00:00+00:00,9.0,90,7.5,76,76,0,0,0.0,0.0,0.0,0.0,20.0,38.2,0.0,1017.6
2026-02-23 00:00:00+00:00,9.1,89,7.3,80,77,0,18,0.0,0.0,0.0,0.0,20.9,39.6,0.0,1017.6
2026-02-23 01:00:00+00:00,9.0,89,7.3,86,74,0,39,0.0,0.0,0.0,0.0,21.9,39.6,0.0,1017.3
2026-02-23 02:00:00+00:00,9.0,89,7.2,97,94,1,50,0.0,0.0,0.0,0.0,22.2,39.6,0.0,1017.1
2026-02-23 03:00:00+00:00,9.1,87,7.1,100,100,4,18,0.0,0.0,0.0,0.0,22.0,39.2,0.0,1016.6
2026-02-23 04:00:00+00:00,8.9,87,6.9,100,97,2,33,0.0,0.0,0.0,0.0,22.4,40.0,0.0,1016.3
2026-02-23 05:00:00+00:00,9.0,86,6.8,100,99,0,61,0.0,0.0,0.0,0.0,22.9,40.3,0.0,1016.3
2026-02-23 06:00:00+00:00,8.7,87,6.7,99,72,0,94,0.0,0.0,0.0,0.0,22.9,38.5,0.0,1016.5
2026-02-23 07:00:00+00:00,8.7,87,6.6,99,67,0,99,0.0,0.0,0.0,0.0,22.0,40.0,0.0,1016.4
2026-02-23 08:00:00+00:00,9.3,86,7.0,84,42,16,72,20.0,4.0,48.6,16.0,22.3,41.0,0.0,1016.8
2026-02-23 09:00:00+00:00,10.0,84,7.5,99,35,93,98,98.0,35.0,173.1,63.0,20.3,38.5,0.0,1016.8
2026-02-23 10:00:00+00:00,11.1,83,8.3,96,64,50,81,198.0,91.0,279.3,107.0,26.8,54.7,0.0,1016.8
2026-02-23 11:00:00+00:00,11.9,80,8.5,100,85,74,80,272.0,146.0,349.1,126.0,26.7,53.3,0.0,1017.1
2026-02-23 12:00:00+00:00,12.7,77,8.7,100,99,0,55,272.0,98.0,207.1,174.0,24.4,47.9,0.0,1016.9
2026-02-23 13:00:00+00:00,12.9,74,8.4,100,100,2,77,269.0,108.0,221.8,161.0,21.4,50.0,0.1,1016.8
2026-02-23 14:00:00+00:00,12.3,79,8.8,100,100,43,84,140.0,25.0,54.5,115.0,21.8,41.8,0.0,1016.5
2026-02-23 15:00:00+00:00,11.7,84,9.1,100,100,87,63,73.0,1.0,2.6,72.0,20.0,33.8,0.0,1016.2
2026-02-23 16:00:00+00:00,11.3,89,9.5,100,100,60,83,25.0,0.0,0.0,25.0,19.3,31.7,0.1,1015.9
2026-02-23 17:00:00+00:00,11.3,94,10.3,100,100,71,26,14.0,0.0,0.0,14.0,20.3,32.4,0.0,1015.7
2026-02-23 18:00:00+00:00,11.7,96,11.1,100,100,44,0,2.0,0.0,0.0,2.0,21.5,35.6,0.0,1015.7
2026-02-23 19:00:00+00:00,12.2,95,11.4,99,99,16,0,0.0,0.0,0.0,0.0,20.9,38.2,0.0,1015.8
2026-02-23 20:00:00+00:00,12.3,94,11.4,100,100,9,0,0.0,0.0,0.0,0.0,19.3,35.3,0.0,1016.3
2026-02-23 21:00:00+00:00,12.3,95,11.4,100,100,3,0,0.0,0.0,0.0,0.0,18.0,32.4,0.0,1016.8
2026-02-23 22:00:00+00:00,12.1,95,11.3,98,98,13,0,0.0,0.0,0.0,0.0,15.9,29.9,0.0,1017.2
2026-02-23 23:00:00+00:00,12.0,95,11.2,93,93,0,1,0.0,0.0,0.0,0.0,14.5,27.4,0.0,1017.1
2026-02-24 00:00:00+00:00,11.9,94,11.0,90,90,0,0,0.0,0.0,0.0,0.0,14.1,25.2,0.0,1017.4
2026-02-24 01:00:00+00:00,11.4,95,10.7,84,82,0,5,0.0,0.0,0.0,0.0,13.6,24.1,0.0,1017.5
2026-02-24 02:00:00+00:00,11.3,95,10.6,100,100,0,0,0.0,0.0,0.0,0.0,13.0,23.4,0.0,1017.4
2026-02-24 03:00:00+00:00,11.0,97,10.5,100,100,0,0,0.0,0.0,0.0,0.0,12.2,23.8,0.0,1017.6
2026-02-24 04:00:00+00:00,11.0,97,10.5,100,100,0,0,0.0,0.0,0.0,0.0,12.1,23.8,0.0,1017.4
2026-02-24 05:00:00+00:00,11.0,96,10.4,100,100,0,0,0.0,0.0,0.0,0.0,12.3,23.4,0.0,1017.3
2026-02-24 06:00:00+00:00,10.9,96,10.3,100,100,0,0,0.0,0.0,0.0,0.0,11.8,22.7,0.0,1017.2
2026-02-24 07:00:00+00:00,10.7,96,10.1,100,100,0,0,0.0,0.0,0.0,0.0,13.6,24.8,0.0,1017.1
2026-02-24 08:00:00+00:00,10.7,95,9.9,100,100,0,0,19.0,2.0,23.5,17.0,19.3,36.7,0.0,1017.3
2026-02-24 09:00:00+00:00,11.2,93,10.1,100,100,0,6,61.0,9.0,43.3,52.0,21.3,39.6,0.0,1017.4
2026-02-24 10:00:00+00:00,11.6,90,10.1,97,97,0,1,104.0,14.0,42.2,90.0,16.3,41.8,0.0,1017.0
2026-02-24 11:00:00+00:00,12.2,84,9.6,91,91,0,3,136.0,9.0,21.2,127.0,19.8,43.2,0.0,1016.7
2026-02-24 12:00:00+00:00,12.6,78,8.9,64,58,0,11,176.0,13.0,27.1,163.0,19.7,42.5,0.0,1016.3
2026-02-24 13:00:00+00:00,12.8,76,8.8,34,23,0,14,235.0,52.0,105.6,183.0,18.9,41.0,0.0,1015.9
2026-02-24 14:00:00+00:00,13.3,74,8.9,9,9,0,0,301.0,152.0,327.5,149.0,18.8,40.0,0.0,1015.4
2026-02-24 15:00:00+00:00,13.5,75,9.2,6,6,0,0,293.0,156.0,394.5,137.0,17.5,37.8,0.0,1015.1
2026-02-24 16:00:00+00:00,13.5,76,9.4,7,7,0,0,209.0,123.0,422.4,86.0,15.0,33.1,0.0,1014.9
2026-02-24 17:00:00+00:00,12.7,82,9.6,5,5,0,0,106.0,64.0,403.5,42.0,12.1,23.0,0.0,1014.7
2026-02-24 18:00:00+00:00,11.1,87,9.1,2,2,0,0,12.0,5.0,85.4,7.0,10.6,20.9,0.0,1014.8
2026-02-24 19:00:00+00:00,10.2,91,8.7,2,2,0,0,0.0,0.0,0.0,0.0,10.7,18.4,0.0,1014.6
2026-02-24 20:00:00+00:00,9.8,92,8.6,0,0,0,0,0.0,0.0,0.0,0.0,11.5,19.8,0.0,1014.7
2026-02-24 21:00:00+00:00,9.8,93,8.7,0,0,0,0,0.0,0.0,0.0,0.0,13.7,23.8,0.0,1014.5
2026-02-24 22:00:00+00:00,10.0,94,9.0,0,0,0,0,0.0,0.0,0.0,0.0,14.9,27.7,0.0,1014.4
2026-02-24 23:00:00+00:00,9.7,94,8.8,1,1,0,0,0.0,0.0,0.0,0.0,15.1,28.8,0.0,1014.5
2026-02-25 00:00:00+00:00,9.5,96,8.9,24,24,0,0,0.0,0.0,0.0,0.0,14.5,28.1,0.0,1014.6
2026-02-25 01:00:00+00:00,9.6,97,9.2,32,32,0,0,0.0,0.0,0.0,0.0,14.2,27.0,0.0,1014.5
2026-02-25 02:00:00+00:00,9.6,97,9.2,17,17,0,0,0.0,0.0,0.0,0.0,14.0,25.6,0.0,1014.1
2026-02-25 03:00:00+00:00,9.4,98,9.0,24,24,0,0,0.0,0.0,0.0,0.0,13.8,24.8,0.0,1013.9
2026-02-25 04:00:00+00:00,9.3,99,9.1,65,65,0,5,0.0,0.0,0.0,0.0,13.5,23.4,0.0,1013.8
2026-02-25 05:00:00+00:00,9.4,99,9.2,75,75,0,1,0.0,0.0,0.0,0.0,12.8,22.0,0.0,1014.1
2026-02-25 06:00:00+00:00,9.0,99,8.9,100,100,0,1,0.0,0.0,0.0,0.0,11.8,19.4,0.0,1014.4
2026-02-25 07:00:00+00:00,8.6,99,8.5,100,100,0,2,0.0,0.0,0.0,0.0,10.3,18.0,0.0,1014.8
2026-02-25 08:00:00+00:00,8.8,99,8.7,100,100,0,0,26.0,4.0,45.4,22.0,10.8,20.5,0.0,1015.1
2026-02-25 09:00:00+00:00,10.4,97,10.0,85,85,0,0,106.0,26.0,121.7,80.0,12.0,24.1,0.0,1015.5
2026-02-25 10:00:00+00:00,11.0,96,10.4,96,96,0,0,199.0,64.0,189.8,135.0,10.7,26.6,0.0,1015.9
2026-02-25 11:00:00+00:00,12.2,90,10.6,72,66,0,15,318.0,178.0,414.2,140.0,12.3,28.1,0.0,1015.9
2026-02-25 12:00:00+00:00,13.6,85,11.0,37,16,0,24,419.0,284.0,586.1,135.0,11.3,26.3,0.0,1015.7
2026-02-25 13:00:00+00:00,14.6,77,10.6,18,5,0,14,475.0,382.0,766.8,93.0,10.4,27.7,0.0,1015.6
2026-02-25 14:00:00+00:00,14.9,74,10.4,13,9,0,6,426.0,325.0,692.1,101.0,11.7,28.8,0.0,1015.6
2026-02-25 15:00:00+00:00,15.1,72,10.0,41,8,0,37,357.0,269.0,671.3,88.0,11.6,27.7,0.0,1015.5
2026-02-25 16:00:00+00:00,14.6,73,9.7,45,15,0,36,240.0,174.0,587.2,66.0,10.7,23.8,0.0,1015.4
2026-02-25 17:00:00+00:00,13.3,78,9.5,25,9,0,18,111.0,68.0,415.8,43.0,9.2,20.2,0.0,1015.8
2026-02-25 18:00:00+00:00,11.5,84,9.0,38,31,0,13,13.0,6.0,98.4,7.0,10.9,18.7,0.0,1016.8
2026-02-25 19:00:00+00:00,10.4,88,8.5,22,15,0,8,0.0,0.0,0.0,0.0,11.5,20.2,0.0,1016.9
2026-02-25 20:00:00+00:00,9.8,89,8.1,37,2,0,36,0.0,0.0,0.0,0.0,11.9,20.9,0.0,1017.4
2026-02-25 21:00:00+00:00,9.7,90,8.1,43,2,0,43,0.0,0.0,0.0,0.0,13.6,24.1,0.0,1017.4
2026-02-25 22:00:00+00:00,9.9,90,8.3,24,14,0,12,0.0,0.0,0.0,0.0,14.1,25.9,0.0,1017.8
2026-02-25 23:00:00+00:00,9.7,91,8.3,25,13,17,0,0.0,0.0,0.0,0.0,14.2,25.2,0.0,1018.0
2026-02-26 00:00:00+00:00,9.7,93,8.6,17,11,7,0,0.0,0.0,0.0,0.0,14.4,24.5,0.0,1018.0
2026-02-26 01:00:00+00:00,9.7,93,8.6,38,36,3,0,0.0,0.0,0.0,0.0,14.5,24.5,0.0,1018.0
2026-02-26 02:00:00+00:00,9.8,93,8.8,87,87,0,0,0.0,0.0,0.0,0.0,14.4,24.1,0.0,1018.4
2026-02-26 03:00:00+00:00,9.8,94,8.9,100,100,0,0,0.0,0.0,0.0,0.0,15.5,23.4,0.0,1018.5
2026-02-26 04:00:00+00:00,10.1,94,9.1,100,100,0,64,0.0,0.0,0.0,0.0,17.2,24.8,0.0,1017.4
2026-02-26 05:00:00+00:00,10.4,94,9.5,100,100,0,11,0.0,0.0,0.0,0.0,18.0,28.1,0.0,1018.1
2026-02-26 06:00:00+00:00,10.7,93,9.6,100,100,0,93,0.0,0.0,0.0,0.0,18.9,31.7,0.0,1017.6
2026-02-26 07:00:00+00:00,10.9,93,9.7,100,100,0,100,0.0,0.0,0.0,0.0,20.9,39.6,0.0,1017.6
2026-02-26 08:00:00+00:00,11.0,91,9.6,100,100,0,100,16.0,0.0,0.0,16.0,25.0,42.5,0.0,1017.7
2026-02-26 09:00:00+00:00,11.0,91,9.6,100,100,4,100,45.0,0.0,0.0,45.0,26.4,49.0,0.1,1018.1
2026-02-26 10:00:00+00:00,11.4,85,9.0,99,76,0,97,109.0,8.0,23.3,101.0,29.8,55.1,0.1,1017.9
2026-02-26 11:00:00+00:00,11.7,86,9.5,100,99,2,39,130.0,5.0,11.5,125.0,33.9,50.8,0.1,1017.6
2026-02-26 12:00:00+00:00,12.0,84,9.5,96,96,0,14,190.0,17.0,34.7,173.0,34.0,63.0,0.1,1017.3
2026-02-26 13:00:00+00:00,12.2,84,9.5,86,83,0,27,192.0,31.0,61.5,161.0,35.3,63.7,0.1,1016.4
2026-02-26 14:00:00+00:00,12.4,82,9.4,99,96,18,62,217.0,86.0,181.0,131.0,36.0,65.5,0.1,1015.7
2026-02-26 15:00:00+00:00,12.1,83,9.3,99,87,15,93,157.0,13.0,32.0,144.0,33.8,64.8,0.1,1015.4
2026-02-26 16:00:00+00:00,11.8,85,9.3,99,84,63,92,113.0,26.0,86.2,87.0,28.8,51.5,0.0,1015.0
2026-02-26 17:00:00+00:00,11.6,86,9.3,100,88,87,86,36.0,4.0,23.7,32.0,29.0,51.1,0.0,1014.9
2026-02-26 18:00:00+00:00,11.5,86,9.3,100,99,98,91,4.0,0.0,0.0,4.0,27.8,49.7,0.0,1014.7
2026-02-26 19:00:00+00:00,11.3,88,9.3,100,99,100,99,0.0,0.0,0.0,0.0,27.5,51.8,0.2,1014.9
2026-02-26 20:00:00+00:00,11.1,89,9.3,100,97,100,100,0.0,0.0,0.0,0.0,26.9,50.8,0.8,1014.4
2026-02-26 21:00:00+00:00,11.2,88,9.4,100,96,100,100,0.0,0.0,0.0,0.0,26.5,50.8,1.1,1014.1
2026-02-26 22:00:00+00:00,11.0,90,9.5,100,100,98,100,0.0,0.0,0.0,0.0,25.1,50.0,0.4,1013.5
2026-02-26 23:00:00+00:00,10.9,90,9.4,100,100,98,100,0.0,0.0,0.0,0.0,25.9,50.8,0.3,1012.6
2026-02-27 00:00:00+00:00,10.8,91,9.4,100,100,97,100,0.0,0.0,0.0,0.0,26.6,53.6,0.3,1012.2
2026-02-27 01:00:00+00:00,10.5,93,9.4,100,100,94,99,0.0,0.0,0.0,0.0,27.0,53.6,0.6,1011.8
2026-02-27 02:00:00+00:00,10.3,93,9.2,100,100,100,100,0.0,0.0,0.0,0.0,27.7,52.9,1.2,1010.7
2026-02-27 03:00:00+00:00,10.2,93,9.1,100,100,100,100,0.0,0.0,0.0,0.0,27.1,52.6,0.8,1010.1
2026-02-27 04:00:00+00:00,10.2,93,9.2,100,100,96,85,0.0,0.0,0.0,0.0,26.8,52.2,0.6,1009.3
2026-02-27 05:00:00+00:00,10.4,94,9.5,100,100,78,77,0.0,0.0,0.0,0.0,26.6,51.5,0.2,1008.8
2026-02-27 06:00:00+00:00,10.6,95,9.8,100,100,73,88,0.0,0.0,0.0,0.0,26.6,50.8,0.2,1008.6
2026-02-27 07:00:00+00:00,10.8,96,10.2,100,100,36,95,0.0,0.0,0.0,0.0,26.2,47.2,0.1,1008.3
2026-02-27 08:00:00+00:00,11.0,97,10.6,100,100,5,99,5.0,0.0,0.0,5.0,25.3,44.6,0.0,1008.5
2026-02-27 09:00:00+00:00,11.4,97,11.0,100,100,4,98,29.0,0.0,0.0,29.0,24.0,42.5,0.0,1008.7
2026-02-27 10:00:00+00:00,11.8,96,11.1,100,100,8,99,44.0,0.0,0.0,44.0,22.3,39.2,0.0,1008.8
2026-02-27 11:00:00+00:00,12.4,91,11.1,100,100,6,81,119.0,24.0,54.4,95.0,22.2,43.6,0.0,1009.2
2026-02-27 12:00:00+00:00,12.4,91,11.1,100,100,8,95,138.0,9.0,18.1,129.0,24.3,42.8,0.0,1009.2
2026-02-27 13:00:00+00:00,12.8,92,11.5,100,100,8,97,244.0,105.0,206.1,139.0,22.4,39.2,0.1,1009.1
2026-02-27 14:00:00+00:00,12.4,91,10.9,100,100,19,92,219.0,49.0,102.0,170.0,21.7,44.3,0.6,1008.9
2026-02-27 15:00:00+00:00,12.3,89,10.6,73,56,41,30,202.0,80.0,194.5,122.0,24.2,45.4,0.5,1008.8
2026-02-27 16:00:00+00:00,11.9,90,10.3,56,46,38,1,197.0,116.0,378.4,81.0,20.3,44.6,0.3,1008.8
2026-02-27 17:00:00+00:00,11.7,88,9.7,47,38,42,0,91.0,43.0,248.0,48.0,20.2,41.4,0.0,1008.9
2026-02-27 18:00:00+00:00,10.9,87,8.9,41,31,33,2,11.0,3.0,45.5,8.0,16.1,36.0,0.2,1009.1
2026-02-27 19:00:00+00:00,10.0,89,8.4,67,46,48,1,0.0,0.0,0.0,0.0,15.5,28.4,0.1,1009.2
2026-02-27 20:00:00+00:00,9.9,91,8.5,95,95,34,4,0.0,0.0,0.0,0.0,16.7,30.2,0.2,1009.2
2026-02-27 21:00:00+00:00,10.0,93,8.8,72,65,24,9,0.0,0.0,0.0,0.0,17.9,32.0,0.2,1008.8
2026-02-27 22:00:00+00:00,9.8,94,8.9,100,100,38,2,0.0,0.0,0.0,0.0,15.5,35.6,0.2,1008.7
2026-02-27 23:00:00+00:00,9.6,94,8.7,99,99,59,19,0.0,0.0,0.0,0.0,13.9,34.2,0.2,1008.4
2026-02-28 00:00:00+00:00,9.6,93,8.5,100,100,94,40,0.0,0.0,0.0,0.0,11.8,25.2,0.1,1008.1
2026-02-28 01:00:00+00:00,9.3,94,8.5,100,100,73,26,0.0,0.0,0.0,0.0,6.4,12.2,0.5,1007.6
2026-02-28 02:00:00+00:00,9.2,94,8.3,100,100,84,15,0.0,0.0,0.0,0.0,2.3,18.4,2.0,1007.5
2026-02-28 03:00:00+00:00,9.1,94,8.2,100,100,79,23,0.0,0.0,0.0,0.0,14.3,36.4,0.5,1008.2
2026-02-28 04:00:00+00:00,8.3,95,7.5,100,100,38,39,0.0,0.0,0.0,0.0,23.2,46.8,0.1,1009.5
2026-02-28 05:00:00+00:00,7.6,93,6.5,100,100,33,44,0.0,0.0,0.0,0.0,25.5,50.4,0.2,1010.8
2026-02-28 06:00:00+00:00,7.3,91,5.9,100,99,51,61,0.0,0.0,0.0,0.0,23.8,47.5,0.2,1012.3
2026-02-28 07:00:00+00:00,7.3,89,5.6,98,79,35,83,0.0,0.0,0.0,0.0,21.3,40.0,0.1,1014.0
2026-02-28 08:00:00+00:00,7.2,88,5.3,98,28,24,96,25.0,1.0,10.3,24.0,20.1,38.2,0.1,1015.5
2026-02-28 09:00:00+00:00,7.7,86,5.5,99,35,28,99,102.0,12.0,52.0,90.0,20.0,37.4,0.0,1016.8
2026-02-28 10:00:00+00:00,8.3,83,5.6,82,37,17,77,227.0,68.0,191.7,159.0,21.2,42.5,0.0,1017.9
2026-02-28 11:00:00+00:00,9.4,72,4.6,32,23,4,11,346.0,204.0,456.3,142.0,20.0,42.5,0.0,1018.6
2026-02-28 12:00:00+00:00,10.2,62,3.3,20,17,8,0,459.0,351.0,699.5,108.0,20.9,41.4,0.0,1019.0
2026-02-28 13:00:00+00:00,10.5,58,2.5,23,23,1,0,436.0,310.0,601.9,126.0,21.5,41.0,0.0,1019.4
2026-02-28 14:00:00+00:00,11.0,55,2.4,31,29,6,0,409.0,296.0,609.1,113.0,21.3,40.7,0.0,1019.6
2026-02-28 15:00:00+00:00,10.6,58,2.6,51,47,13,6,308.0,191.0,458.5,117.0,21.6,39.6,0.0,1020.0
2026-02-28 16:00:00+00:00,10.1,59,2.3,36,21,24,11,210.0,126.0,404.3,84.0,18.8,33.8,0.0,1020.3
2026-02-28 17:00:00+00:00,9.4,62,2.5,27,14,13,14,119.0,70.0,392.7,49.0,13.6,23.0,0.0,1020.4
2026-02-28 18:00:00+00:00,7.4,70,2.3,29,16,17,11,19.0,10.0,146.2,9.0,11.6,15.1,0.0,1020.7
2026-02-28 19:00:00+00:00,6.5,76,2.6,18,7,17,0,0.0,0.0,0.0,0.0,11.3,19.8,0.0,1020.9
2026-02-28 20:00:00+00:00,6.7,77,2.9,56,9,55,0,0.0,0.0,0.0,0.0,12.1,21.6,0.0,1020.8
2026-02-28 21:00:00+00:00,6.9,79,3.4,82,26,80,0,0.0,0.0,0.0,0.0,13.2,22.7,0.0,1020.6
2026-02-28 22:00:00+00:00,7.2,83,4.5,80,49,75,0,0.0,0.0,0.0,0.0,13.5,26.3,0.0,1020.3
2026-02-28 23:00:00+00:00,7.7,84,5.2,100,95,94,0,0.0,0.0,0.0,0.0,16.4,31.3,0.2,1019.9
2026-03-01 00:00:00+00:00,7.8,90,6.2,95,70,85,7,0.0,0.0,0.0,0.0,19.1,34.9,0.5,1019.1
2026-03-01 01:00:00+00:00,8.2,92,6.9,73,52,57,11,0.0,0.0,0.0,0.0,20.2,36.0,0.0,1018.7
2026-03-01 02:00:00+00:00,8.3,92,7.1,86,68,72,14,0.0,0.0,0.0,0.0,20.7,40.3,0.0,1017.9
2026-03-01 03:00:00+00:00,8.5,92,7.3,100,100,98,40,0.0,0.0,0.0,0.0,22.0,44.6,0.1,1017.2
2026-03-01 04:00:00+00:00,8.8,92,7.6,100,100,73,98,0.0,0.0,0.0,0.0,22.9,45.0,0.1,1016.5
2026-03-01 05:00:00+00:00,8.8,95,8.1,100,59,90,100,0.0,0.0,0.0,0.0,21.2,42.1,0.0,1016.0
2026-03-01 06:00:00+00:00,9.1,96,8.4,100,72,100,100,0.0,0.0,0.0,0.0,18.9,36.4,0.2,1015.6
2026-03-01 07:00:00+00:00,9.1,97,8.6,100,99,99,100,0.0,0.0,0.0,0.0,17.9,32.8,0.3,1015.3
2026-03-01 08:00:00+00:00,9.4,98,9.1,100,100,100,99,17.0,0.0,0.0,17.0,19.6,35.6,0.3,1015.1
2026-03-01 09:00:00+00:00,9.9,97,9.5,100,100,99,99,36.0,2.0,8.5,34.0,22.8,40.0,0.2,1014.9
2026-03-01 10:00:00+00:00,10.1,98,9.9,100,100,97,88,34.0,0.0,0.0,34.0,17.4,38.5,0.3,1014.6
2026-03-01 11:00:00+00:00,10.8,97,10.3,100,100,99,26,75.0,0.0,0.0,75.0,20.2,40.7,0.2,1014.9
2026-03-01 12:00:00+00:00,11.2,96,10.6,99,65,99,2,112.0,2.0,3.9,110.0,21.7,40.3,0.1,1015.1
2026-03-01 13:00:00+00:00,12.0,89,10.2,91,51,70,23,255.0,83.0,159.4,172.0,25.6,55.8,0.1,1015.2
2026-03-01 14:00:00+00:00,12.4,84,9.7,56,46,10,15,345.0,227.0,461.9,118.0,31.0,60.1,0.1,1014.9
2026-03-01 15:00:00+00:00,11.9,84,9.4,57,54,25,3,275.0,148.0,350.8,127.0,27.5,56.2,0.0,1014.9
2026-03-01 16:00:00+00:00,11.4,87,9.3,83,83,35,1,206.0,135.0,426.3,71.0,25.2,52.6,0.1,1014.6
2026-03-01 17:00:00+00:00,11.0,89,9.3,100,97,11,47,76.0,25.0,136.5,51.0,25.7,46.1,0.0,1014.4
2026-03-01 18:00:00+00:00,10.7,91,9.3,100,100,10,97,11.0,3.0,42.3,8.0,25.6,42.8,0.0,1014.5
2026-03-01 19:00:00+00:00,10.7,90,9.2,100,100,6,99,0.0,0.0,0.0,0.0,27.1,50.4,0.0,1014.5
2026-03-01 20:00:00+00:00,10.8,88,8.9,100,98,19,100,0.0,0.0,0.0,0.0,28.2,52.6,0.1,1014.6
2026-03-01 21:00:00+00:00,10.5,88,8.6,100,96,34,98,0.0,0.0,0.0,0.0,28.0,52.2,0.0,1014.4
2026-03-01 22:00:00+00:00,10.3,87,8.1,100,53,38,99,0.0,0.0,0.0,0.0,26.5,50.4,0.0,1014.3
2026-03-01 23:00:00+00:00,9.9,85,7.5,100,31,26,100,0.0,0.0,0.0,0.0,25.6,48.6,0.0,1013.9
2026-03-02 00:00:00+00:00,9.7,83,7.0,82,22,21,73,0.0,0.0,0.0,0.0,25.0,46.8,0.0,1013.7
2026-03-02 01:00:00+00:00,9.4,82,6.5,44,5,6,39,0.0,0.0,0.0,0.0,24.0,44.3,0.0,1013.5
2026-03-02 02:00:00+00:00,9.3,82,6.5,47,1,2,45,0.0,0.0,0.0,0.0,22.7,42.1,0.0,1013.0
2026-03-02 03:00:00+00:00,9.2,84,6.6,92,0,0,92,0.0,0.0,0.0,0.0,22.0,41.0,0.0,1012.6
2026-03-02 04:00:00+00:00,9.1,84,6.6,95,1,2,94,0.0,0.0,0.0,0.0,21.2,40.3,0.0,1012.1
2026-03-02 05:00:00+00:00,9.0,85,6.6,91,0,0,91,0.0,0.0,0.0,0.0,20.9,39.2,0.0,1012.2
2026-03-02 06:00:00+00:00,8.9,86,6.8,76,0,0,76,0.0,0.0,0.0,0.0,20.2,37.4,0.0,1012.1
2026-03-02 07:00:00+00:00,8.8,88,6.9,74,3,0,73,0.0,0.0,0.0,0.0,19.3,34.9,0.0,1012.4
2026-03-02 08:00:00+00:00,9.4,87,7.3,60,0,0,60,55.0,25.0,243.0,30.0,19.3,35.3,0.0,1012.8
2026-03-02 09:00:00+00:00,10.7,83,7.8,35,0,0,35,183.0,108.0,445.7,75.0,18.9,36.0,0.0,1013.4
2026-03-02 10:00:00+00:00,11.9,79,8.3,36,1,0,35,317.0,236.0,644.4,81.0,17.1,40.7,0.0,1013.8
2026-03-02 11:00:00+00:00,12.7,76,8.6,37,2,0,36,401.0,295.0,643.3,106.0,18.0,40.0,0.0,1013.9
2026-03-02 12:00:00+00:00,13.4,74,8.8,39,1,0,38,473.0,373.0,726.9,100.0,18.3,38.9,0.0,1014.1
2026-03-02 13:00:00+00:00,13.8,72,8.8,42,2,1,40,508.0,402.0,764.0,106.0,17.4,36.7,0.0,1014.2
2026-03-02 14:00:00+00:00,14.1,70,8.8,26,0,1,24,471.0,375.0,754.8,96.0,16.8,34.2,0.0,1014.6
2026-03-02 15:00:00+00:00,14.0,71,8.8,5,1,0,5,399.0,314.0,735.2,85.0,16.0,31.3,0.0,1014.5
2026-03-02 16:00:00+00:00,13.3,72,8.3,3,1,0,2,282.0,214.0,665.1,68.0,14.9,27.4,0.0,1014.8
2026-03-02 17:00:00+00:00,12.5,75,8.2,0,0,0,0,140.0,93.0,494.8,47.0,12.1,19.1,0.0,1015.4
2026-03-02 18:00:00+00:00,10.3,83,7.5,0,0,0,0,23.0,11.0,150.1,12.0,9.1,13.7,0.0,1016.5
2026-03-02 19:00:00+00:00,9.2,86,7.1,0,0,0,0,0.0,0.0,0.0,0.0,7.5,13.0,0.0,1017.4
2026-03-02 20:00:00+00:00,8.0,90,6.5,1,1,0,0,0.0,0.0,0.0,0.0,7.5,11.5,0.0,1018.2
2026-03-02 21:00:00+00:00,7.2,93,6.1,7,7,0,0,0.0,0.0,0.0,0.0,10.1,12.2,0.0,1018.7
2026-03-02 22:00:00+00:00,6.6,94,5.7,5,5,0,0,0.0,0.0,0.0,0.0,6.4,10.8,0.0,1019.7
2026-03-02 23:00:00+00:00,8.0,93,6.9,10,10,0,1,0.0,0.0,0.0,0.0,3.6,8.6,0.0,1020.2
2026-03-03 00:00:00+00:00,8.0,94,7.0,8,8,0,0,0.0,0.0,0.0,0.0,3.5,6.8,0.0,1020.8
2026-03-03 01:00:00+00:00,7.2,96,6.6,6,6,0,0,0.0,0.0,0.0,0.0,5.0,6.1,0.0,1021.4
2026-03-03 02:00:00+00:00,6.0,98,5.6,15,15,0,0,0.0,0.0,0.0,0.0,5.9,5.0,0.0,1021.8
2026-03-03 03:00:00+00:00,4.6,100,4.6,18,18,0,0,0.0,0.0,0.0,0.0,5.0,5.0,0.0,1022.2
2026-03-03 04:00:00+00:00,4.9,100,4.9,27,21,1,6,0.0,0.0,0.0,0.0,5.9,7.2,0.0,1022.7
2026-03-03 05:00:00+00:00,4.7,100,4.7,30,22,6,8,0.0,0.0,0.0,0.0,8.2,9.0,0.0,1023.3
2026-03-03 06:00:00+00:00,5.6,100,5.6,34,15,18,13,0.0,0.0,0.0,0.0,9.6,11.9,0.0,1023.9
2026-03-03 07:00:00+00:00,5.8,100,5.8,49,13,29,32,0.0,0.0,0.0,0.0,9.6,16.6,0.0,1024.6
2026-03-03 08:00:00+00:00,7.0,100,7.0,69,19,30,58,47.0,15.0,141.7,32.0,10.7,18.0,0.0,1025.2
2026-03-03 09:00:00+00:00,9.1,97,8.7,85,5,59,81,142.0,59.0,237.8,83.0,8.8,18.7,0.0,1025.8
2026-03-03 10:00:00+00:00,11.2,88,9.3,81,14,75,68,236.0,111.0,298.4,125.0,8.8,19.4,0.0,1026.3
2026-03-03 11:00:00+00:00,12.9,81,9.7,86,18,80,20,371.0,231.0,497.5,140.0,9.3,21.6,0.0,1026.3
2026-03-03 12:00:00+00:00,14.0,77,10.0,51,18,45,0,434.0,294.0,566.7,140.0,9.3,22.3,0.0,1026.6
2026-03-03 13:00:00+00:00,14.9,72,9.9,46,33,24,0,453.0,324.0,609.4,129.0,9.4,24.1,0.1,1026.3
2026-03-03 14:00:00+00:00,15.1,69,9.4,54,38,39,0,386.0,272.0,541.6,114.0,10.3,23.8,0.1,1026.4
2026-03-03 15:00:00+00:00,15.0,68,9.2,63,56,32,0,282.0,178.0,411.8,104.0,10.3,21.2,0.1,1026.1
2026-03-03 16:00:00+00:00,14.5,70,9.2,61,52,41,0,193.0,115.0,351.9,78.0,8.9,16.9,0.1,1025.9
2026-03-03 17:00:00+00:00,13.3,76,9.1,57,40,45,2,109.0,69.0,357.9,40.0,7.1,12.2,0.0,1026.0
2026-03-03 18:00:00+00:00,11.6,80,8.3,55,29,45,4,22.0,10.0,132.0,12.0,8.0,13.0,0.0,1026.2
2026-03-03 19:00:00+00:00,10.9,83,8.2,40,16,32,6,0.0,0.0,0.0,0.0,10.7,18.0,0.0,1026.7
2026-03-03 20:00:00+00:00,10.1,86,7.9,25,8,18,2,0.0,0.0,0.0,0.0,12.2,20.9,0.0,1026.8
2026-03-03 21:00:00+00:00,9.2,88,7.3,10,0,2,8,0.0,0.0,0.0,0.0,12.4,21.2,0.0,1027.1
2026-03-03 22:00:00+00:00,8.2,88,6.4,1,0,0,1,0.0,0.0,0.0,0.0,11.0,20.2,0.0,1027.4
2026-03-03 23:00:00+00:00,7.4,89,5.7,1,0,1,0,0.0,0.0,0.0,0.0,11.6,19.8,0.0,1027.4
2026-03-04 00:00:00+00:00,6.8,89,5.0,2,2,2,0,0.0,0.0,0.0,0.0,11.7,20.2,0.0,1027.2
2026-03-04 01:00:00+00:00,6.2,90,4.7,2,2,2,0,0.0,0.0,0.0,0.0,11.6,20.9,0.0,1027.2
2026-03-04 02:00:00+00:00,5.8,91,4.5,1,1,1,0,0.0,0.0,0.0,0.0,11.9,20.9,0.0,1026.9
2026-03-04 03:00:00+00:00,5.4,92,4.3,3,1,0,2,0.0,0.0,0.0,0.0,12.0,20.9,0.0,1026.4
2026-03-04 04:00:00+00:00,5.3,94,4.3,0,0,0,0,0.0,0.0,0.0,0.0,12.0,20.9,0.0,1026.0
2026-03-04 05:00:00+00:00,5.5,95,4.7,0,0,0,0,0.0,0.0,0.0,0.0,12.1,20.5,0.0,1025.7
2026-03-04 06:00:00+00:00,5.3,95,4.6,9,0,0,9,0.0,0.0,0.0,0.0,11.9,20.2,0.0,1025.4
2026-03-04 07:00:00+00:00,5.3,95,4.6,18,0,0,18,1.0,0.0,0.0,1.0,11.7,20.2,0.0,1025.4
2026-03-04 08:00:00+00:00,6.0,95,5.3,7,4,0,3,67.0,38.0,349.1,29.0,12.9,22.3,0.0,1025.5
2026-03-04 09:00:00+00:00,7.4,93,6.3,3,0,0,3,200.0,138.0,543.5,62.0,12.2,24.5,0.0,1025.4
2026-03-04 10:00:00+00:00,8.9,92,7.6,49,49,0,0,332.0,249.0,659.0,83.0,12.6,26.6,0.0,1025.3
2026-03-04 11:00:00+00:00,10.0,90,8.4,53,53,0,0,444.0,349.0,742.4,95.0,13.5,28.4,0.0,1025.1
2026-03-04 12:00:00+00:00,11.0,87,8.9,9,7,0,2,511.0,419.0,798.9,92.0,12.7,29.5,0.0,1024.5
2026-03-04 13:00:00+00:00,12.3,81,9.1,1,1,0,0,526.0,431.0,802.2,95.0,12.7,28.8,0.0,1023.8
2026-03-04 14:00:00+00:00,13.0,77,9.1,2,2,0,0,481.0,388.0,764.4,93.0,13.3,27.7,0.0,1022.8
2026-03-04 15:00:00+00:00,13.3,76,9.1,1,1,0,0,403.0,315.0,720.0,88.0,13.6,27.7,0.0,1021.9
2026-03-04 16:00:00+00:00,12.8,76,8.7,0,0,0,0,289.0,218.0,657.1,71.0,12.9,26.6,0.0,1021.3
2026-03-04 17:00:00+00:00,11.6,79,8.0,2,2,0,0,147.0,95.0,480.6,52.0,11.5,22.7,0.0,1021.1
2026-03-04 18:00:00+00:00,10.0,84,7.3,3,3,0,0,27.0,14.0,179.1,13.0,11.9,20.9,0.0,1020.8
2026-03-04 19:00:00+00:00,9.0,87,6.9,1,1,0,0,0.0,0.0,0.0,0.0,12.7,21.6,0.0,1020.8
2026-03-04 20:00:00+00:00,8.5,89,6.8,0,0,0,0,0.0,0.0,0.0,0.0,12.7,22.0,0.0,1020.5
2026-03-04 21:00:00+00:00,8.1,90,6.6,6,6,0,0,0.0,0.0,0.0,0.0,13.1,23.4,0.0,1020.1
2026-03-04 22:00:00+00:00,8.4,86,6.3,10,10,0,0,0.0,0.0,0.0,0.0,13.6,25.2,0.0,1019.7
2026-03-04 23:00:00+00:00,8.6,86,6.4,7,7,0,0,0.0,0.0,0.0,0.0,14.1,26.3,0.0,1019.0
2026-03-05 00:00:00+00:00,8.2,88,6.4,9,9,0,0,0.0,0.0,0.0,0.0,13.8,25.9,0.0,1018.7
2026-03-05 01:00:00+00:00,8.1,89,6.4,7,7,0,0,0.0,0.0,0.0,0.0,13.3,24.5,0.0,1018.0
2026-03-05 02:00:00+00:00,7.6,91,6.2,5,5,0,0,0.0,0.0,0.0,0.0,12.2,22.0,0.0,1017.2
2026-03-05 03:00:00+00:00,7.3,91,6.0,2,2,0,0,0.0,0.0,0.0,0.0,11.5,19.8,0.0,1016.9
2026-03-05 04:00:00+00:00,6.4,94,5.5,2,2,0,0,0.0,0.0,0.0,0.0,10.7,18.0,0.0,1016.4
2026-03-05 05:00:00+00:00,6.2,94,5.3,0,0,0,0,0.0,0.0,0.0,0.0,10.2,17.3,0.0,1015.8
2026-03-05 06:00:00+00:00,6.3,94,5.4,0,0,0,0,0.0,0.0,0.0,0.0,10.4,17.3,0.0,1015.5
2026-03-05 07:00:00+00:00,6.3,94,5.4,0,0,0,0,1.0,0.0,0.0,1.0,10.8,18.7,0.0,1015.1
2026-03-05 08:00:00+00:00,7.6,93,6.5,1,1,0,0,73.0,43.0,381.7,30.0,12.1,21.2,0.0,1015.1
2026-03-05 09:00:00+00:00,10.1,87,8.0,0,0,0,0,213.0,153.0,588.9,60.0,12.1,23.8,0.0,1015.1
2026-03-05 10:00:00+00:00,12.3,79,8.8,0,0,0,0,348.0,273.0,711.5,75.0,12.4,27.0,0.0,1015.1
2026-03-05 11:00:00+00:00,13.8,74,9.1,0,0,0,0,451.0,360.0,756.4,91.0,13.5,28.4,0.0,1015.1
2026-03-05 12:00:00+00:00,14.7,70,9.2,0,0,0,0,499.0,389.0,733.7,110.0,13.1,28.4,0.0,1014.9
2026-03-05 13:00:00+00:00,15.4,68,9.5,0,0,0,0,522.0,422.0,777.4,100.0,13.2,28.4,0.0,1014.4
2026-03-05 14:00:00+00:00,15.4,68,9.4,1,0,1,0,492.0,401.0,781.7,91.0,12.8,29.5,0.0,1013.7
2026-03-05 15:00:00+00:00,15.1,68,9.3,0,0,0,0,404.0,306.0,691.2,98.0,11.4,30.2,0.0,1013.2
2026-03-05 16:00:00+00:00,14.4,70,8.9,1,0,0,1,291.0,219.0,650.2,72.0,11.0,27.0,0.0,1012.8
2026-03-05 17:00:00+00:00,13.2,74,8.7,23,0,5,18,154.0,104.0,513.6,50.0,9.4,19.4,0.0,1013.1
2026-03-05 18:00:00+00:00,11.3,81,8.1,52,2,10,48,29.0,14.0,173.7,15.0,6.9,12.6,0.0,1013.9
2026-03-05 19:00:00+00:00,10.1,85,7.7,63,16,9,54,0.0,0.0,0.0,0.0,8.7,10.8,0.0,1014.5
2026-03-05 20:00:00+00:00,10.0,86,7.8,55,14,10,42,0.0,0.0,0.0,0.0,7.7,9.7,0.0,1015.0
2026-03-05 21:00:00+00:00,9.3,88,7.4,54,14,25,28,0.0,0.0,0.0,0.0,5.7,7.6,0.0,1015.0
2026-03-05 22:00:00+00:00,9.3,89,7.6,73,34,46,38,0.0,0.0,0.0,0.0,5.4,7.9,0.0,1015.5
2026-03-05 23:00:00+00:00,8.9,90,7.4,54,23,36,21,0.0,0.0,0.0,0.0,4.5,8.3,0.0,1015.6
2026-03-06 00:00:00+00:00,7.8,93,6.7,59,50,23,13,0.0,0.0,0.0,0.0,5.4,9.0,0.0,1016.0
2026-03-06 01:00:00+00:00,8.8,91,7.4,69,66,23,0,0.0,0.0,0.0,0.0,3.2,4.7,0.0,1016.3
2026-03-06 02:00:00+00:00,8.7,91,7.4,78,76,19,1,0.0,0.0,0.0,0.0,2.0,2.5,0.0,1016.6
2026-03-06 03:00:00+00:00,8.2,94,7.3,88,83,13,7,0.0,0.0,0.0,0.0,2.7,6.1,0.0,1017.1
2026-03-06 04:00:00+00:00,8.7,93,7.7,100,100,8,23,0.0,0.0,0.0,0.0,5.1,15.1,0.0,1017.5
2026-03-06 05:00:00+00:00,8.8,94,8.0,100,100,3,7,0.0,0.0,0.0,0.0,9.1,24.1,0.0,1018.0
2026-03-06 06:00:00+00:00,8.4,93,7.4,100,100,2,35,0.0,0.0,0.0,0.0,12.7,28.1,0.0,1018.7
2026-03-06 07:00:00+00:00,8.0,92,6.7,100,100,0,42,0.0,0.0,0.0,0.0,13.7,25.6,0.0,1019.5
2026-03-06 08:00:00+00:00,7.7,89,6.0,100,100,1,77,21.0,0.0,0.0,21.0,14.0,27.0,0.0,1020.3
2026-03-06 09:00:00+00:00,7.7,87,5.7,100,100,8,100,58.0,5.0,18.8,53.0,14.1,27.7,0.0,1021.1
2026-03-06 10:00:00+00:00,7.7,90,6.2,100,100,37,100,119.0,7.0,18.0,112.0,14.5,28.1,0.0,1021.7
2026-03-06 11:00:00+00:00,8.3,87,6.2,100,100,57,94,156.0,26.0,54.0,130.0,14.2,28.1,0.0,1022.4
2026-03-06 12:00:00+00:00,8.5,86,6.3,100,100,94,92,171.0,9.0,16.8,162.0,14.1,27.7,0.1,1022.4
2026-03-06 13:00:00+00:00,8.3,89,6.6,100,100,98,89,111.0,0.0,0.0,111.0,15.3,27.7,0.2,1022.4
2026-03-06 14:00:00+00:00,7.9,93,6.9,100,100,100,83,77.0,1.0,1.9,76.0,14.4,27.7,0.6,1022.4
2026-03-06 15:00:00+00:00,7.6,95,6.8,100,100,100,39,48.0,0.0,0.0,48.0,14.6,29.9,0.6,1022.3
2026-03-06 16:00:00+00:00,7.6,96,7.0,100,100,99,28,42.0,0.0,0.0,42.0,13.8,28.4,0.4,1022.7
2026-03-06 17:00:00+00:00,7.7,95,7.0,100,100,100,0,19.0,0.0,0.0,19.0,13.8,29.2,0.2,1023.3
2026-03-06 18:00:00+00:00,7.7,95,7.0,100,100,100,0,4.0,0.0,0.0,4.0,13.4,29.5,0.1,1023.9
2026-03-06 19:00:00+00:00,7.6,95,6.9,100,100,100,1,0.0,0.0,0.0,0.0,13.9,25.2,0.3,1024.7
2026-03-06 20:00:00+00:00,7.5,95,6.8,100,100,100,1,0.0,0.0,0.0,0.0,13.8,25.6,0.2,1025.3
2026-03-06 21:00:00+00:00,7.5,95,6.7,100,100,100,7,0.0,0.0,0.0,0.0,13.6,25.6,0.1,1025.6
2026-03-06 22:00:00+00:00,7.6,94,6.8,100,100,95,14,0.0,0.0,0.0,0.0,11.6,25.2,0.1,1025.8
2026-03-06 23:00:00+00:00,7.6,94,6.8,100,100,94,20,0.0,0.0,0.0,0.0,12.2,24.1,0.0,1026.2
2026-03-07 00:00:00+00:00,7.5,95,6.8,100,100,82,9,0.0,0.0,0.0,0.0,12.9,23.4,0.0,1025.8
2026-03-07 01:00:00+00:00,7.6,96,6.9,100,100,24,9,0.0,0.0,0.0,0.0,13.0,23.0,0.0,1025.8
2026-03-07 02:00:00+00:00,7.6,96,7.0,100,100,8,8,0.0,0.0,0.0,0.0,11.5,21.6,0.0,1025.8
2026-03-07 03:00:00+00:00,7.6,96,7.0,100,100,2,3,0.0,0.0,0.0,0.0,10.5,20.9,0.0,1025.8
2026-03-07 04:00:00+00:00,7.5,97,7.0,100,100,16,4,0.0,0.0,0.0,0.0,10.3,20.5,0.0,1025.5
2026-03-07 05:00:00+00:00,7.5,97,7.0,100,100,28,2,0.0,0.0,0.0,0.0,9.9,20.9,0.0,1025.6
2026-03-07 06:00:00+00:00,7.5,97,7.0,100,100,25,0,0.0,0.0,0.0,0.0,10.0,20.9,0.0,1025.6
2026-03-07 07:00:00+00:00,7.4,97,7.0,100,100,14,0,1.0,0.0,0.0,1.0,9.8,18.0,0.0,1025.9
2026-03-07 08:00:00+00:00,7.5,96,7.0,100,100,23,0,14.0,0.0,0.0,14.0,9.8,18.7,0.0,1026.1
2026-03-07 09:00:00+00:00,7.8,96,7.2,100,100,53,0,30.0,0.0,0.0,30.0,11.1,20.9,0.0,1026.5
2026-03-07 10:00:00+00:00,8.0,96,7.4,100,100,84,16,61.0,2.0,5.1,59.0,9.0,20.2,0.0,1026.6
2026-03-07 11:00:00+00:00,8.3,96,7.7,100,100,41,31,64.0,0.0,0.0,64.0,10.0,18.7,0.0,1026.7
2026-03-07 12:00:00+00:00,8.6,96,8.0,100,100,58,24,113.0,23.0,42.5,90.0,9.2,17.6,0.0,1026.4
2026-03-07 13:00:00+00:00,9.0,95,8.3,100,100,90,53,134.0,4.0,7.2,130.0,9.2,16.6,0.0,1026.3
2026-03-07 14:00:00+00:00,9.3,95,8.6,100,100,93,82,119.0,4.0,7.6,115.0,9.6,15.8,0.0,1025.7
2026-03-07 15:00:00+00:00,9.6,94,8.7,100,100,94,64,112.0,0.0,0.0,112.0,9.3,15.8,0.0,1025.3
2026-03-07 16:00:00+00:00,9.9,93,8.9,100,100,97,84,97.0,18.0,51.9,79.0,9.3,14.8,0.0,1025.1
2026-03-07 17:00:00+00:00,10.1,93,9.0,100,100,98,90,58.0,8.0,37.7,50.0,10.0,13.7,0.0,1025.2
2026-03-07 18:00:00+00:00,9.8,95,9.1,100,100,91,94,12.0,1.0,11.7,11.0,8.4,10.4,0.0,1025.1
2026-03-07 19:00:00+00:00,9.8,96,9.2,100,100,79,95,0.0,0.0,0.0,0.0,8.6,14.8,0.0,1025.3
2026-03-07 20:00:00+00:00,9.4,98,9.1,100,100,82,94,0.0,0.0,0.0,0.0,8.7,14.4,0.0,1025.5
2026-03-07 21:00:00+00:00,9.2,99,9.0,100,100,71,88,0.0,0.0,0.0,0.0,8.8,15.1,0.0,1025.5
2026-03-07 22:00:00+00:00,9.4,98,9.1,99,99,40,68,0.0,0.0,0.0,0.0,6.5,15.1,0.0,1025.5
2026-03-07 23:00:00+00:00,9.2,98,8.9,99,99,52,48,0.0,0.0,0.0,0.0,5.2,14.4,0.0,1025.2
2026-03-08 00:00:00+00:00,8.9,99,8.7,100,100,39,19,0.0,0.0,0.0,0.0,5.8,13.0,0.0,1024.9
2026-03-08 01:00:00+00:00,8.8,98,8.5,100,100,38,1,0.0,0.0,0.0,0.0,6.2,14.0,0.0,1024.9
2026-03-08 02:00:00+00:00,8.6,98,8.4,100,100,45,0,0.0,0.0,0.0,0.0,6.9,16.2,0.0,1024.5
2026-03-08 03:00:00+00:00,8.5,98,8.2,100,100,24,0,0.0,0.0,0.0,0.0,7.4,16.9,0.0,1024.0
2026-03-08 04:00:00+00:00,8.3,99,8.1,100,100,10,0,0.0,0.0,0.0,0.0,9.2,18.0,0.0,1023.6
2026-03-08 05:00:00+00:00,8.1,99,8.0,100,100,8,0,0.0,0.0,0.0,0.0,10.2,20.9,0.0,1023.5
2026-03-08 06:00:00+00:00,8.2,97,7.7,100,100,9,0,0.0,0.0,0.0,0.0,12.5,21.6,0.0,1023.8
2026-03-08 07:00:00+00:00,8.2,97,7.8,100,100,5,1,1.0,0.0,0.0,1.0,12.8,22.0,0.0,1023.6
2026-03-08 08:00:00+00:00,8.4,95,7.7,100,100,8,0,30.0,0.0,0.0,30.0,14.7,25.9,0.0,1023.7
2026-03-08 09:00:00+00:00,8.4,96,7.8,100,100,4,0,64.0,2.0,7.2,62.0,13.9,25.9,0.0,1023.7
2026-03-08 10:00:00+00:00,8.5,98,8.1,100,100,33,0,120.0,2.0,5.0,118.0,11.2,25.2,0.0,1023.8
2026-03-08 11:00:00+00:00,8.6,97,8.2,100,100,29,0,193.0,34.0,68.9,159.0,11.8,25.6,0.0,1023.8
2026-03-08 12:00:00+00:00,8.7,97,8.3,100,100,2,0,166.0,3.0,5.5,163.0,11.9,24.8,0.0,1023.6
2026-03-08 13:00:00+00:00,8.8,96,8.2,100,100,1,0,195.0,8.0,14.3,187.0,11.6,24.5,0.0,1023.2
2026-03-08 14:00:00+00:00,8.8,96,8.3,100,100,0,0,205.0,25.0,47.2,180.0,10.8,23.8,0.0,1022.6
2026-03-08 15:00:00+00:00,8.8,96,8.2,100,100,1,0,169.0,21.0,45.8,148.0,10.2,22.0,0.0,1022.1
2026-03-08 16:00:00+00:00,8.6,97,8.2,100,100,1,0,90.0,0.0,0.0,90.0,9.0,20.5,0.0,1021.8
2026-03-08 17:00:00+00:00,8.4,96,7.8,100,100,0,0,61.0,3.0,13.8,58.0,7.8,18.4,0.0,1021.5
2026-03-08 18:00:00+00:00,8.6,95,7.8,100,100,0,0,16.0,2.0,22.7,14.0,7.6,16.2,0.0,1021.5
2026-03-08 19:00:00+00:00,8.3,95,7.6,100,100,1,2,0.0,0.0,0.0,0.0,7.8,13.7,0.0,1021.6
2026-03-08 20:00:00+00:00,8.1,96,7.5,100,100,0,0,0.0,0.0,0.0,0.0,8.3,15.1,0.0,1021.6
2026-03-08 21:00:00+00:00,8.0,96,7.4,100,100,3,0,0.0,0.0,0.0,0.0,8.5,15.8,0.0,1021.5
2026-03-08 22:00:00+00:00,7.5,96,6.9,100,100,13,0,0.0,0.0,0.0,0.0,6.2,14.0,0.0,1021.3
2026-03-08 23:00:00+00:00,7.5,96,6.8,100,100,5,0,0.0,0.0,0.0,0.0,5.6,13.7,0.0,1020.9
2026-03-09 00:00:00+00:00,7.5,95,6.8,100,100,10,0,0.0,0.0,0.0,0.0,7.2,16.2,0.0,1021.1
2026-03-09 01:00:00+00:00,7.4,97,6.9,100,100,23,0,0.0,0.0,0.0,0.0,7.8,16.6,0.0,1020.8
2026-03-09 02:00:00+00:00,7.4,98,7.1,100,100,24,0,0.0,0.0,0.0,0.0,8.2,15.8,0.0,1020.5
2026-03-09 03:00:00+00:00,7.5,99,7.3,100,100,29,0,0.0,0.0,0.0,0.0,8.7,16.2,0.0,1019.8
2026-03-09 04:00:00+00:00,7.6,100,7.5,100,100,17,0,0.0,0.0,0.0,0.0,8.0,15.1,0.0,1019.3
2026-03-09 05:00:00+00:00,7.8,99,7.7,100,100,25,0,0.0,0.0,0.0,0.0,7.5,18.7,0.1,1018.9
2026-03-09 06:00:00+00:00,7.8,99,7.7,100,100,21,0,0.0,0.0,0.0,0.0,7.6,20.9,0.1,1018.9
2026-03-09 07:00:00+00:00,7.8,99,7.7,100,100,18,0,2.0,0.0,0.0,2.0,9.2,15.1,0.1,1018.9
2026-03-09 08:00:00+00:00,8.2,99,8.0,100,100,19,0,30.0,2.0,14.6,28.0,10.3,19.1,0.0,1019.3
2026-03-09 09:00:00+00:00,8.9,97,8.5,100,100,19,0,84.0,12.0,42.3,72.0,10.7,21.2,0.0,1019.3
2026-03-09 10:00:00+00:00,9.6,96,9.0,100,100,6,35,150.0,52.0,127.6,98.0,9.1,21.6,0.0,1019.3
2026-03-09 11:00:00+00:00,10.2,96,9.5,100,100,11,23,173.0,32.0,64.1,141.0,9.3,22.3,0.0,1019.2
2026-03-09 12:00:00+00:00,10.5,95,9.8,100,100,34,37,227.0,44.0,79.5,183.0,9.4,23.8,0.0,1019.1
2026-03-09 13:00:00+00:00,10.8,94,9.9,100,100,35,1,262.0,51.0,90.2,211.0,9.5,24.5,0.1,1018.5
2026-03-09 14:00:00+00:00,10.8,94,9.9,92,91,26,5,222.0,78.0,145.9,144.0,10.1,24.1,0.0,1017.8
2026-03-09 15:00:00+00:00,11.3,93,10.2,100,100,35,2,235.0,117.0,252.4,118.0,10.9,24.5,0.0,1017.7
2026-03-09 16:00:00+00:00,11.5,92,10.2,98,98,42,1,184.0,82.0,229.8,102.0,11.0,25.2,0.0,1017.2
2026-03-09 17:00:00+00:00,11.1,91,9.8,99,99,1,5,95.0,28.0,126.2,67.0,10.0,22.3,0.0,1017.0
2026-03-09 18:00:00+00:00,10.7,92,9.4,100,100,4,9,26.0,7.0,77.5,19.0,8.6,18.4,0.0,1017.4
2026-03-09 19:00:00+00:00,10.1,94,9.1,99,98,13,14,0.0,0.0,0.0,0.0,8.8,15.8,0.0,1017.5
2026-03-09 20:00:00+00:00,9.8,95,9.1,82,79,9,11,0.0,0.0,0.0,0.0,9.8,17.6,0.0,1017.8
2026-03-09 21:00:00+00:00,9.5,96,8.9,77,69,27,9,0.0,0.0,0.0,0.0,9.8,17.3,0.0,1017.5
2026-03-09 22:00:00+00:00,8.9,97,8.4,72,52,49,4,0.0,0.0,0.0,0.0,10.6,16.2,0.0,1017.6
2026-03-09 23:00:00+00:00,9.0,97,8.5,35,33,0,4,0.0,0.0,0.0,0.0,10.0,17.3,0.0,1017.4
2026-03-10 00:00:00+00:00,8.8,97,8.4,41,37,0,6,0.0,0.0,0.0,0.0,7.7,16.2,0.0,1016.9
2026-03-10 01:00:00+00:00,8.7,98,8.3,54,29,0,35,0.0,0.0,0.0,0.0,6.5,15.1,0.0,1017.1
2026-03-10 02:00:00+00:00,8.1,97,7.7,60,58,14,1,0.0,0.0,0.0,0.0,6.5,13.3,0.0,1017.0
2026-03-10 03:00:00+00:00,7.7,98,7.4,73,51,18,30,0.0,0.0,0.0,0.0,6.2,11.9,0.0,1016.7
2026-03-10 04:00:00+00:00,7.0,98,6.7,93,65,28,69,0.0,0.0,0.0,0.0,5.7,10.4,0.0,1016.4
2026-03-10 05:00:00+00:00,6.4,98,6.1,92,65,51,80,0.0,0.0,0.0,0.0,5.6,8.3,0.0,1016.5
2026-03-10 06:00:00+00:00,6.3,98,6.0,94,75,62,76,0.0,0.0,0.0,0.0,5.8,8.3,0.0,1016.6
2026-03-10 07:00:00+00:00,6.2,98,5.9,98,63,44,90,3.0,0.0,0.0,3.0,4.7,9.0,0.0,1016.6
2026-03-10 08:00:00+00:00,7.2,97,6.7,99,40,39,99,50.0,11.0,77.1,39.0,7.1,14.8,0.0,1016.7
2026-03-10 09:00:00+00:00,8.1,90,6.6,98,25,81,98,110.0,14.0,48.3,96.0,8.4,19.1,0.0,1016.7
2026-03-10 10:00:00+00:00,8.8,89,7.1,100,20,98,99,164.0,17.0,41.1,147.0,10.2,20.9,0.0,1016.5
2026-03-10 11:00:00+00:00,10.0,82,7.1,100,32,100,77,269.0,54.0,106.8,215.0,12.5,26.3,0.0,1016.2
2026-03-10 12:00:00+00:00,10.6,76,6.5,99,57,97,42,330.0,67.0,119.8,263.0,16.2,33.8,0.0,1015.9
2026-03-10 13:00:00+00:00,11.1,72,6.3,99,94,91,11,312.0,45.0,78.8,267.0,19.0,39.6,0.0,1015.5
2026-03-10 14:00:00+00:00,11.2,72,6.4,79,71,57,0,338.0,131.0,242.6,207.0,21.2,43.9,0.0,1014.8
2026-03-10 15:00:00+00:00,11.1,74,6.7,75,43,66,7,265.0,143.0,305.0,122.0,23.2,45.0,0.0,1014.1
2026-03-10 16:00:00+00:00,10.9,78,7.2,99,82,98,15,213.0,124.0,342.6,89.0,26.2,45.0,0.0,1013.5
2026-03-10 17:00:00+00:00,10.3,82,7.3,99,93,99,11,134.0,75.0,330.8,59.0,22.1,44.3,0.1,1012.7
2026-03-10 18:00:00+00:00,9.9,85,7.5,100,91,96,99,29.0,9.0,97.0,20.0,23.0,41.4,0.0,1012.5
2026-03-10 19:00:00+00:00,9.9,86,7.7,100,61,81,100,0.0,0.0,0.0,0.0,24.4,45.0,0.0,1012.0
2026-03-10 20:00:00+00:00,10.1,85,7.7,100,59,81,100,0.0,0.0,0.0,0.0,25.7,47.5,0.0,1011.5
2026-03-10 21:00:00+00:00,10.3,85,7.9,100,85,100,94,0.0,0.0,0.0,0.0,27.1,50.4,0.1,1010.8
2026-03-10 22:00:00+00:00,10.3,88,8.4,100,100,99,97,0.0,0.0,0.0,0.0,27.2,54.0,0.2,1009.9
2026-03-10 23:00:00+00:00,10.2,90,8.6,100,100,99,90,0.0,0.0,0.0,0.0,28.4,56.2,0.5,1008.9
2026-03-11 00:00:00+00:00,9.9,93,8.8,100,100,100,92,0.0,0.0,0.0,0.0,30.2,57.2,0.6,1007.7
2026-03-11 01:00:00+00:00,10.1,95,9.4,100,100,96,99,0.0,0.0,0.0,0.0,29.8,55.4,0.4,1006.7
2026-03-11 02:00:00+00:00,10.3,98,10.0,100,100,71,96,0.0,0.0,0.0,0.0,26.0,47.9,0.9,1006.0
2026-03-11 03:00:00+00:00,11.0,98,10.7,100,100,58,29,0.0,0.0,0.0,0.0,21.8,40.0,0.4,1005.8
2026-03-11 04:00:00+00:00,10.5,92,9.3,100,100,51,21,0.0,0.0,0.0,0.0,20.3,38.2,0.1,1005.8
2026-03-11 05:00:00+00:00,9.4,88,7.5,100,96,85,77,0.0,0.0,0.0,0.0,21.5,37.4,0.0,1006.4
2026-03-11 06:00:00+00:00,8.5,86,6.3,97,89,89,22,0.0,0.0,0.0,0.0,21.3,34.6,0.0,1007.3
2026-03-11 07:00:00+00:00,8.1,87,6.0,50,40,37,0,4.0,1.0,19.1,3.0,20.5,36.7,0.0,1008.1
2026-03-11 08:00:00+00:00,8.6,85,6.2,24,22,5,0,68.0,29.0,194.8,39.0,21.0,37.8,0.0,1009.2
2026-03-11 09:00:00+00:00,9.5,82,6.5,18,17,3,0,220.0,143.0,483.0,77.0,23.2,43.9,0.0,1010.2
2026-03-11 10:00:00+00:00,10.5,71,5.4,24,19,13,0,356.0,272.0,648.1,84.0,21.0,47.2,0.0,1011.3
2026-03-11 11:00:00+00:00,11.1,63,4.4,33,32,12,0,406.0,293.0,573.0,113.0,22.8,48.2,0.0,1012.1
2026-03-11 12:00:00+00:00,11.4,60,3.9,26,24,9,0,464.0,341.0,603.7,123.0,23.2,49.3,0.0,1012.9
2026-03-11 13:00:00+00:00,12.0,56,3.4,25,24,7,0,520.0,410.0,711.2,110.0,24.8,50.0,0.0,1013.4
2026-03-11 14:00:00+00:00,12.1,54,3.2,22,21,0,0,470.0,325.0,595.8,145.0,25.0,50.8,0.0,1013.7
2026-03-11 15:00:00+00:00,11.9,55,3.1,41,41,0,0,429.0,310.0,654.0,119.0,25.4,51.1,0.0,1014.4
2026-03-11 16:00:00+00:00,11.5,57,3.4,8,8,0,0,315.0,220.0,599.6,95.0,23.0,44.3,0.0,1014.9
2026-03-11 17:00:00+00:00,10.7,60,3.2,10,10,0,0,186.0,128.0,552.8,58.0,19.6,36.7,0.0,1016.1
2026-03-11 18:00:00+00:00,9.3,66,3.2,28,28,0,0,47.0,26.0,273.1,21.0,17.0,32.8,0.0,1017.2
2026-03-11 19:00:00+00:00,8.0,71,3.2,24,24,0,0,0.0,0.0,0.0,0.0,15.3,27.4,0.0,1018.4
2026-03-11 20:00:00+00:00,7.4,75,3.3,13,13,0,0,0.0,0.0,0.0,0.0,13.3,23.4,0.0,1018.8
2026-03-11 21:00:00+00:00,6.6,79,3.2,2,1,0,1,0.0,0.0,0.0,0.0,12.8,21.6,0.0,1019.2
2026-03-11 22:00:00+00:00,6.3,81,3.3,17,17,0,0,0.0,0.0,0.0,0.0,13.8,24.1,0.0,1019.3
2026-03-11 23:00:00+00:00,6.4,83,3.7,30,29,2,0,0.0,0.0,0.0,0.0,17.1,28.1,0.0,1019.4
2026-03-12 00:00:00+00:00,6.7,84,4.2,37,37,3,0,0.0,0.0,0.0,0.0,18.3,31.0,0.0,1019.2
2026-03-12 01:00:00+00:00,6.9,86,4.6,63,21,1,55,0.0,0.0,0.0,0.0,19.5,32.8,0.0,1018.8
2026-03-12 02:00:00+00:00,7.2,87,5.2,75,26,0,69,0.0,0.0,0.0,0.0,20.6,34.6,0.0,1018.1
2026-03-12 03:00:00+00:00,7.6,86,5.4,93,31,0,91,0.0,0.0,0.0,0.0,21.3,37.4,0.0,1017.6
2026-03-12 04:00:00+00:00,8.4,82,5.5,97,46,0,94,0.0,0.0,0.0,0.0,23.6,42.1,0.0,1017.0
2026-03-12 05:00:00+00:00,8.8,80,5.6,99,60,0,99,0.0,0.0,0.0,0.0,24.3,45.4,0.0,1016.6
2026-03-12 06:00:00+00:00,9.3,78,5.8,96,38,0,95,0.0,0.0,0.0,0.0,25.0,47.5,0.0,1015.8
2026-03-12 07:00:00+00:00,9.7,80,6.4,98,36,0,94,8.0,1.0,18.4,7.0,26.8,49.7,0.0,1015.2
2026-03-12 08:00:00+00:00,10.1,80,6.8,91,41,0,84,84.0,30.0,193.5,54.0,29.4,54.7,0.0,1014.7
2026-03-12 09:00:00+00:00,10.8,78,7.1,99,75,7,97,170.0,73.0,241.5,97.0,36.3,66.6,0.0,1014.1
2026-03-12 10:00:00+00:00,10.9,78,7.3,100,96,31,90,197.0,66.0,155.0,131.0,38.7,72.7,0.0,1013.6
2026-03-12 11:00:00+00:00,10.9,80,7.7,100,100,24,54,202.0,67.0,129.5,135.0,40.0,73.8,0.0,1013.0
2026-03-12 12:00:00+00:00,11.1,82,8.1,100,100,47,85,141.0,0.0,0.0,141.0,42.5,74.2,0.0,1012.3
2026-03-12 13:00:00+00:00,11.0,85,8.6,100,100,81,97,94.0,0.0,0.0,94.0,43.2,75.2,0.0,1011.6
2026-03-12 14:00:00+00:00,11.2,87,9.2,100,100,67,100,71.0,0.0,0.0,71.0,41.6,70.6,0.0,1010.5
2026-03-12 15:00:00+00:00,11.3,89,9.5,100,100,32,100,58.0,0.0,0.0,58.0,42.2,60.1,0.0,1009.6
2026-03-12 16:00:00+00:00,11.3,90,9.8,100,100,26,99,51.0,5.0,13.4,46.0,43.1,75.6,0.0,1008.5
2026-03-12 17:00:00+00:00,11.3,91,9.9,100,100,43,99,28.0,0.0,0.0,28.0,40.5,75.2,0.0,1007.8
2026-03-12 18:00:00+00:00,11.3,92,10.1,100,100,47,99,6.0,0.0,0.0,6.0,40.0,74.9,0.1,1006.9
2026-03-12 19:00:00+00:00,11.3,93,10.3,100,100,53,97,0.0,0.0,0.0,0.0,40.7,76.0,0.0,1006.3
2026-03-12 20:00:00+00:00,11.4,94,10.4,100,100,64,100,0.0,0.0,0.0,0.0,40.9,76.3,0.0,1005.2
2026-03-12 21:00:00+00:00,11.4,93,10.3,100,100,69,100,0.0,0.0,0.0,0.0,40.8,77.0,0.1,1004.2
2026-03-12 22:00:00+00:00,11.4,92,10.2,100,100,93,99,0.0,0.0,0.0,0.0,39.1,78.5,0.2,1002.9
2026-03-12 23:00:00+00:00,11.4,94,10.4,100,100,83,100,0.0,0.0,0.0,0.0,39.5,78.8,0.4,1001.7
2026-03-13 00:00:00+00:00,11.3,95,10.5,100,100,100,100,0.0,0.0,0.0,0.0,40.0,79.2,0.7,1000.2
2026-03-13 01:00:00+00:00,11.1,96,10.5,100,100,100,100,0.0,0.0,0.0,0.0,40.4,78.5,1.4,999.4
2026-03-13 02:00:00+00:00,10.2,93,9.1,100,95,83,90,0.0,0.0,0.0,0.0,36.6,64.1,1.1,999.4
2026-03-13 03:00:00+00:00,8.3,89,6.6,99,65,49,95,0.0,0.0,0.0,0.0,28.6,54.4,0.5,1000.3
2026-03-13 04:00:00+00:00,6.9,87,4.8,100,78,96,97,0.0,0.0,0.0,0.0,20.6,46.8,0.1,1001.2
2026-03-13 05:00:00+00:00,6.3,85,4.0,99,1,91,94,0.0,0.0,0.0,0.0,18.0,45.4,0.0,1001.6
2026-03-13 06:00:00+00:00,5.9,83,3.2,100,0,32,100,0.0,0.0,0.0,0.0,20.8,43.2,0.0,1002.1
2026-03-13 07:00:00+00:00,5.7,80,2.6,99,0,11,99,6.0,0.0,0.0,6.0,21.4,39.6,0.0,1002.6
2026-03-13 08:00:00+00:00,5.8,78,2.2,100,0,60,100,68.0,8.0,49.6,60.0,21.1,39.2,0.0,1003.1
2026-03-13 09:00:00+00:00,6.4,74,2.2,97,4,83,97,156.0,18.0,58.4,138.0,21.9,41.8,0.0,1003.4
2026-03-13 10:00:00+00:00,7.0,69,1.7,100,4,91,100,270.0,60.0,138.9,210.0,20.3,49.0,0.0,1003.6
2026-03-13 11:00:00+00:00,7.5,65,1.4,100,11,87,100,326.0,92.0,175.8,234.0,20.3,50.8,0.1,1003.3
2026-03-13 12:00:00+00:00,7.8,64,1.4,99,17,91,97,372.0,107.0,185.6,265.0,21.4,53.3,0.0,1002.8
2026-03-13 13:00:00+00:00,8.4,62,1.6,94,34,83,83,405.0,134.0,228.0,271.0,20.4,55.4,0.1,1002.2
2026-03-13 14:00:00+00:00,8.2,64,1.7,100,55,73,99,419.0,194.0,348.8,225.0,20.7,46.8,0.1,1001.4
2026-03-13 15:00:00+00:00,7.6,68,2.0,100,25,94,93,329.0,130.0,268.4,199.0,22.8,46.4,0.1,1001.0
2026-03-13 16:00:00+00:00,7.0,70,1.9,84,30,63,65,228.0,72.0,191.1,156.0,21.1,37.4,0.2,1000.7
2026-03-13 17:00:00+00:00,7.0,68,1.6,86,26,79,31,150.0,71.0,294.4,79.0,16.7,28.1,0.0,1000.2
2026-03-13 18:00:00+00:00,6.1,71,1.3,75,23,67,25,46.0,19.0,189.9,27.0,13.0,24.8,0.0,1000.1
2026-03-13 19:00:00+00:00,4.7,78,1.1,46,22,33,14,0.0,0.0,0.0,0.0,13.1,22.7,0.0,1000.6
2026-03-13 20:00:00+00:00,4.1,81,1.1,47,27,36,11,0.0,0.0,0.0,0.0,12.8,22.3,0.0,1000.7
2026-03-13 21:00:00+00:00,3.4,83,0.8,42,0,41,9,0.0,0.0,0.0,0.0,11.7,21.6,0.0,1000.7
2026-03-13 22:00:00+00:00,2.6,89,1.0,81,1,80,25,0.0,0.0,0.0,0.0,13.2,22.0,0.0,1001.1
2026-03-13 23:00:00+00:00,2.2,92,1.0,59,1,54,31,0.0,0.0,0.0,0.0,11.7,20.9,0.0,1001.1
2026-03-14 00:00:00+00:00,1.8,93,0.8,72,0,45,70,0.0,0.0,0.0,0.0,11.4,20.5,0.0,1000.9
2026-03-14 01:00:00+00:00,1.7,94,0.8,90,0,74,87,0.0,0.0,0.0,0.0,12.5,21.2,0.0,1001.2
2026-03-14 02:00:00+00:00,1.5,94,0.6,64,0,15,54,0.0,0.0,0.0,0.0,11.2,21.2,0.0,1001.2
2026-03-14 03:00:00+00:00,1.2,94,0.4,15,0,1,14,0.0,0.0,0.0,0.0,11.2,22.0,0.0,1001.4
2026-03-14 04:00:00+00:00,1.0,94,0.2,29,2,17,25,0.0,0.0,0.0,0.0,11.6,22.0,0.0,1001.7
2026-03-14 05:00:00+00:00,0.8,94,-0.0,45,2,31,28,0.0,0.0,0.0,0.0,11.8,20.9,0.0,1002.4
2026-03-14 06:00:00+00:00,0.7,95,-0.1,54,1,53,2,0.0,0.0,0.0,0.0,12.2,19.8,0.0,1003.1
2026-03-14 07:00:00+00:00,0.8,95,0.1,4,1,3,0,13.0,5.0,82.5,8.0,12.3,20.9,0.0,1003.7
2026-03-14 08:00:00+00:00,2.5,94,1.6,3,0,3,0,124.0,80.0,477.9,44.0,12.0,22.7,0.0,1004.6
2026-03-14 09:00:00+00:00,5.2,89,3.6,3,0,3,0,279.0,211.0,670.9,68.0,11.5,24.8,0.0,1005.1
2026-03-14 10:00:00+00:00,7.7,77,4.0,36,1,34,1,420.0,335.0,765.0,85.0,9.3,25.2,0.0,1005.8
2026-03-14 11:00:00+00:00,9.2,68,3.5,31,12,23,0,531.0,436.0,823.9,95.0,8.7,24.1,0.0,1006.1
2026-03-14 12:00:00+00:00,10.1,59,2.4,33,17,28,2,587.0,472.0,810.8,115.0,8.9,28.1,0.0,1006.3
2026-03-14 13:00:00+00:00,10.9,55,2.3,25,13,18,6,583.0,461.0,777.2,122.0,9.2,25.9,0.0,1006.6
2026-03-14 14:00:00+00:00,11.1,52,1.7,30,23,10,3,506.0,375.0,667.8,131.0,10.1,24.8,0.0,1006.9
2026-03-14 15:00:00+00:00,11.3,51,1.4,30,30,5,0,406.0,297.0,606.8,109.0,10.2,23.8,0.0,1007.1
2026-03-14 16:00:00+00:00,11.5,49,1.1,32,22,17,0,307.0,217.0,568.4,90.0,9.5,20.9,0.0,1007.4
2026-03-14 17:00:00+00:00,10.9,48,0.4,27,6,27,0,184.0,110.0,447.3,74.0,7.5,17.3,0.0,1008.1
2026-03-14 18:00:00+00:00,9.1,52,-0.1,40,14,38,1,44.0,23.0,224.5,21.0,6.3,13.0,0.0,1008.9
2026-03-14 19:00:00+00:00,6.7,63,0.3,9,4,7,0,0.0,0.0,0.0,0.0,7.1,12.2,0.0,1009.9
2026-03-14 20:00:00+00:00,6.2,69,0.8,0,0,0,0,0.0,0.0,0.0,0.0,8.6,13.7,0.0,1010.9
2026-03-14 21:00:00+00:00,4.8,76,1.0,0,0,0,0,0.0,0.0,0.0,0.0,8.4,13.7,0.0,1011.4
2026-03-14 22:00:00+00:00,2.9,84,0.5,0,0,0,0,0.0,0.0,0.0,0.0,7.4,12.2,0.0,1012.3
2026-03-14 23:00:00+00:00,2.1,88,0.3,0,0,0,0,0.0,0.0,0.0,0.0,7.2,12.2,0.0,1012.8
2026-03-15 00:00:00+00:00,1.6,90,0.1,0,0,0,0,0.0,0.0,0.0,0.0,7.2,12.2,0.0,1013.0
2026-03-15 01:00:00+00:00,1.2,92,0.1,0,0,0,0,0.0,0.0,0.0,0.0,6.8,12.2,0.0,1013.4
2026-03-15 02:00:00+00:00,1.2,94,0.3,21,0,0,21,0.0,0.0,0.0,0.0,7.6,11.9,0.0,1013.6
2026-03-15 03:00:00+00:00,1.1,94,0.2,80,1,5,79,0.0,0.0,0.0,0.0,8.0,11.9,0.0,1013.5
2026-03-15 04:00:00+00:00,0.5,95,-0.2,99,7,99,77,0.0,0.0,0.0,0.0,8.5,12.2,0.0,1014.1
2026-03-15 05:00:00+00:00,2.0,94,1.2,99,5,99,21,0.0,0.0,0.0,0.0,6.3,10.8,0.0,1014.5
2026-03-15 06:00:00+00:00,3.2,92,2.1,74,6,72,0,0.0,0.0,0.0,0.0,8.1,12.6,0.0,1014.6
2026-03-15 07:00:00+00:00,4.2,92,3.0,73,2,73,0,9.0,2.0,31.4,7.0,11.3,19.8,0.0,1014.3
2026-03-15 08:00:00+00:00,6.1,88,4.3,29,1,29,0,86.0,28.0,161.3,58.0,14.7,26.3,0.0,1014.0
2026-03-15 09:00:00+00:00,9.0,78,5.3,45,3,44,0,235.0,145.0,452.2,90.0,19.5,36.7,0.0,1013.7
2026-03-15 10:00:00+00:00,10.3,68,4.7,57,26,51,0,353.0,228.0,513.6,125.0,23.1,49.7,0.0,1013.6
2026-03-15 11:00:00+00:00,11.2,63,4.4,67,61,53,0,379.0,215.0,401.8,164.0,27.7,53.6,0.0,1012.9
2026-03-15 12:00:00+00:00,11.5,65,5.2,98,96,76,0,317.0,118.0,200.7,199.0,30.0,56.2,0.0,1012.3
2026-03-15 13:00:00+00:00,11.3,70,6.1,100,100,77,15,248.0,63.0,105.2,185.0,32.4,59.0,0.0,1011.7
2026-03-15 14:00:00+00:00,10.6,79,7.1,100,100,94,91,117.0,0.0,0.0,117.0,33.3,60.8,0.0,1010.8
2026-03-15 15:00:00+00:00,9.9,88,8.0,100,100,100,86,32.0,0.0,0.0,32.0,31.7,56.9,0.1,1009.6
2026-03-15 16:00:00+00:00,10.1,93,8.9,100,100,99,8,33.0,0.0,0.0,33.0,31.6,52.6,0.2,1008.9
2026-03-15 17:00:00+00:00,10.1,88,8.2,84,80,55,0,49.0,19.0,75.8,30.0,28.2,51.5,0.2,1008.9
2026-03-15 18:00:00+00:00,9.1,80,5.8,47,35,36,0,31.0,10.0,95.4,21.0,27.0,46.1,0.0,1009.9
2026-03-15 19:00:00+00:00,8.0,81,5.0,38,35,10,0,0.0,0.0,0.0,0.0,21.6,39.6,0.0,1010.7
2026-03-15 20:00:00+00:00,7.4,85,5.0,27,27,1,0,0.0,0.0,0.0,0.0,20.8,37.1,0.0,1011.3
2026-03-15 21:00:00+00:00,7.3,86,5.0,52,50,12,0,0.0,0.0,0.0,0.0,22.9,41.0,0.0,1012.1
2026-03-15 22:00:00+00:00,7.1,85,4.8,30,27,5,0,0.0,0.0,0.0,0.0,20.9,41.8,0.0,1012.3
2026-03-15 23:00:00+00:00,6.9,82,4.1,32,32,1,0,0.0,0.0,0.0,0.0,21.3,41.8,0.0,1013.1
2026-03-16 00:00:00+00:00,6.5,82,3.7,19,19,2,0,0.0,0.0,0.0,0.0,21.4,40.3,0.0,1013.6
2026-03-16 01:00:00+00:00,6.1,83,3.5,45,9,0,42,0.0,0.0,0.0,0.0,19.1,36.0,0.0,1013.9
2026-03-16 02:00:00+00:00,5.6,86,3.5,89,13,8,85,0.0,0.0,0.0,0.0,17.1,31.7,0.0,1013.9
2026-03-16 03:00:00+00:00,5.5,88,3.7,24,13,16,3,0.0,0.0,0.0,0.0,16.3,29.2,0.0,1014.1
2026-03-16 04:00:00+00:00,5.8,88,3.9,21,16,1,8,0.0,0.0,0.0,0.0,15.2,27.4,0.0,1014.2
2026-03-16 05:00:00+00:00,6.0,88,4.2,74,19,66,15,0.0,0.0,0.0,0.0,14.5,25.2,0.0,1015.1
2026-03-16 06:00:00+00:00,6.3,88,4.4,98,29,93,65,0.0,0.0,0.0,0.0,13.9,24.8,0.0,1015.7
2026-03-16 07:00:00+00:00,6.6,87,4.6,99,23,96,82,6.0,1.0,15.0,5.0,15.3,28.1,0.1,1015.9
2026-03-16 08:00:00+00:00,7.4,85,5.0,97,38,95,55,47.0,1.0,5.6,46.0,16.9,30.6,0.0,1016.1
2026-03-16 09:00:00+00:00,8.4,83,5.6,96,84,95,7,100.0,17.0,52.0,83.0,15.4,28.1,0.1,1016.7
2026-03-16 10:00:00+00:00,9.0,84,6.4,97,77,96,11,98.0,1.0,2.2,97.0,16.1,28.8,0.1,1017.3
2026-03-16 11:00:00+00:00,9.6,83,6.8,97,80,88,66,133.0,1.0,1.8,132.0,17.3,34.6,0.0,1017.4
2026-03-16 12:00:00+00:00,10.6,77,6.6,100,91,90,89,222.0,17.0,28.6,205.0,22.0,43.6,0.1,1017.6
2026-03-16 13:00:00+00:00,10.8,76,6.8,100,99,86,64,169.0,2.0,3.3,167.0,19.6,40.0,0.0,1017.5
2026-03-16 14:00:00+00:00,11.0,76,7.0,100,100,90,16,153.0,7.0,12.2,146.0,21.5,37.8,0.0,1017.4
2026-03-16 15:00:00+00:00,11.1,77,7.3,100,100,99,0,146.0,1.0,2.0,145.0,19.0,33.8,0.0,1017.5
2026-03-16 16:00:00+00:00,11.0,80,7.7,100,100,85,1,105.0,9.0,23.0,96.0,18.7,32.4,0.0,1017.3
2026-03-16 17:00:00+00:00,10.8,83,8.0,98,98,1,2,88.0,18.0,70.5,70.0,19.3,34.6,0.0,1017.4
2026-03-16 18:00:00+00:00,10.4,86,8.1,92,92,0,0,36.0,13.0,121.3,23.0,19.3,34.2,0.0,1017.4
2026-03-16 19:00:00+00:00,9.9,89,8.2,98,98,2,0,0.0,0.0,0.0,0.0,19.7,36.0,0.0,1017.5
2026-03-16 20:00:00+00:00,10.0,90,8.4,99,99,0,0,0.0,0.0,0.0,0.0,20.0,36.4,0.0,1017.7
2026-03-16 21:00:00+00:00,10.0,91,8.7,100,100,0,0,0.0,0.0,0.0,0.0,20.4,36.7,0.0,1017.8
2026-03-16 22:00:00+00:00,10.2,91,8.8,93,92,6,0,0.0,0.0,0.0,0.0,20.0,36.7,0.0,1017.8
2026-03-16 23:00:00+00:00,10.3,91,8.9,97,97,0,0,0.0,0.0,0.0,0.0,20.9,35.6,0.0,1017.6
2026-03-17 00:00:00+00:00,10.1,92,8.9,98,98,0,0,0.0,0.0,0.0,0.0,20.5,33.8,0.0,1017.1
2026-03-17 01:00:00+00:00,10.0,92,8.8,100,100,0,11,0.0,0.0,0.0,0.0,19.2,32.8,0.0,1017.1
2026-03-17 02:00:00+00:00,10.0,92,8.8,100,100,0,52,0.0,0.0,0.0,0.0,18.8,33.1,0.0,1016.6
2026-03-17 03:00:00+00:00,10.1,91,8.8,100,100,0,59,0.0,0.0,0.0,0.0,19.7,34.6,0.0,1016.3
2026-03-17 04:00:00+00:00,9.7,91,8.4,100,100,0,64,0.0,0.0,0.0,0.0,20.4,36.0,0.0,1015.9
2026-03-17 05:00:00+00:00,9.4,91,7.9,100,98,0,89,0.0,0.0,0.0,0.0,19.6,35.6,0.0,1015.8
2026-03-17 06:00:00+00:00,9.2,91,7.8,100,100,0,54,0.0,0.0,0.0,0.0,18.0,33.5,0.0,1015.8
2026-03-17 07:00:00+00:00,9.2,90,7.6,100,100,0,33,8.0,0.0,0.0,8.0,17.2,32.0,0.0,1015.8
2026-03-17 08:00:00+00:00,9.6,87,7.5,99,98,0,12,55.0,0.0,0.0,55.0,19.7,39.6,0.0,1016.0
2026-03-17 09:00:00+00:00,10.1,83,7.4,100,100,0,5,109.0,3.0,9.0,106.0,21.7,41.4,0.0,1016.4
2026-03-17 10:00:00+00:00,10.4,82,7.5,94,94,0,10,185.0,33.0,72.4,152.0,17.4,42.1,0.0,1016.1
2026-03-17 11:00:00+00:00,11.0,80,7.6,99,99,0,9,260.0,60.0,109.7,200.0,19.1,41.8,0.0,1016.0
2026-03-17 12:00:00+00:00,11.5,78,7.8,69,59,0,21,323.0,73.0,121.8,250.0,20.2,42.5,0.0,1015.7
2026-03-17 13:00:00+00:00,12.2,75,7.9,47,30,0,23,379.0,104.0,170.6,275.0,20.0,43.9,0.0,1015.5
2026-03-17 14:00:00+00:00,12.5,73,7.8,24,24,0,0,342.0,75.0,129.9,267.0,20.4,44.3,0.0,1014.7
2026-03-17 15:00:00+00:00,12.8,71,7.7,5,5,0,0,357.0,176.0,348.8,181.0,20.6,43.9,0.0,1014.3
2026-03-17 16:00:00+00:00,13.0,69,7.4,3,3,0,0,289.0,165.0,416.2,124.0,18.9,41.0,0.0,1014.1
2026-03-17 17:00:00+00:00,12.8,70,7.5,1,1,0,0,199.0,130.0,499.8,69.0,14.6,29.9,0.0,1013.9
2026-03-17 18:00:00+00:00,11.3,77,7.4,1,1,0,0,64.0,35.0,319.4,29.0,11.8,21.2,0.0,1014.0
2026-03-17 19:00:00+00:00,9.8,83,7.0,0,0,0,0,1.0,0.0,0.0,1.0,11.1,19.1,0.0,1014.4
2026-03-17 20:00:00+00:00,9.2,84,6.7,0,0,0,0,0.0,0.0,0.0,0.0,11.0,18.7,0.0,1014.7
2026-03-17 21:00:00+00:00,8.6,86,6.5,0,0,0,0,0.0,0.0,0.0,0.0,10.8,18.4,0.0,1014.7
2026-03-17 22:00:00+00:00,8.9,88,7.0,0,0,0,0,0.0,0.0,0.0,0.0,9.9,19.1,0.0,1014.6
2026-03-17 23:00:00+00:00,8.7,88,6.9,0,0,0,0,0.0,0.0,0.0,0.0,10.1,19.1,0.0,1014.8
2026-03-18 00:00:00+00:00,8.1,91,6.7,0,0,0,0,0.0,0.0,0.0,0.0,10.1,18.0,0.0,1014.8
2026-03-18 01:00:00+00:00,8.1,92,6.8,0,0,0,0,0.0,0.0,0.0,0.0,10.2,18.0,0.0,1015.3
2026-03-18 02:00:00+00:00,7.8,92,6.5,0,0,0,0,0.0,0.0,0.0,0.0,9.7,19.1,0.0,1015.5
2026-03-18 03:00:00+00:00,7.3,92,6.2,0,0,0,0,0.0,0.0,0.0,0.0,9.3,19.8,0.0,1015.6
2026-03-18 04:00:00+00:00,6.8,93,5.8,0,0,0,0,0.0,0.0,0.0,0.0,9.2,20.2,0.0,1016.0
2026-03-18 05:00:00+00:00,6.7,93,5.6,0,0,0,0,0.0,0.0,0.0,0.0,10.0,21.2,0.0,1016.5
2026-03-18 06:00:00+00:00,6.9,93,5.9,0,0,0,0,0.0,0.0,0.0,0.0,11.7,22.7,0.0,1017.2
2026-03-18 07:00:00+00:00,7.4,93,6.4,0,0,0,0,21.0,10.0,136.8,11.0,14.2,24.8,0.0,1018.0
2026-03-18 08:00:00+00:00,10.0,89,8.2,0,0,0,0,143.0,95.0,494.4,48.0,16.3,28.4,0.0,1018.6
2026-03-18 09:00:00+00:00,12.1,80,8.8,0,0,0,0,297.0,225.0,663.7,72.0,17.9,34.6,0.0,1019.0
2026-03-18 10:00:00+00:00,14.0,70,8.7,0,0,0,0,437.0,352.0,762.0,85.0,17.8,39.2,0.0,1019.5
2026-03-18 11:00:00+00:00,14.9,64,8.2,0,0,0,0,544.0,450.0,814.4,94.0,18.5,41.8,0.0,1020.0
2026-03-18 12:00:00+00:00,15.5,60,7.7,0,0,0,0,606.0,508.0,840.0,98.0,17.9,41.0,0.0,1020.2
2026-03-18 13:00:00+00:00,16.0,56,7.3,0,0,0,0,618.0,520.0,845.6,98.0,16.6,38.5,0.0,1020.1
2026-03-18 14:00:00+00:00,16.4,53,6.8,0,0,0,0,579.0,483.0,829.2,96.0,15.6,35.3,0.0,1019.9
2026-03-18 15:00:00+00:00,16.5,51,6.2,0,0,0,0,492.0,403.0,790.8,89.0,16.1,33.1,0.0,1019.9
2026-03-18 16:00:00+00:00,16.0,49,5.3,0,0,0,0,367.0,289.0,720.3,78.0,16.3,31.3,0.0,1020.1
2026-03-18 17:00:00+00:00,15.2,49,4.5,0,0,0,0,219.0,158.0,596.7,61.0,15.0,26.6,0.0,1020.7
2026-03-18 18:00:00+00:00,13.5,49,2.9,0,0,0,0,72.0,43.0,384.2,29.0,14.2,24.1,0.0,1021.2
2026-03-18 19:00:00+00:00,11.9,51,2.1,0,0,0,0,1.0,0.0,0.0,1.0,14.4,25.9,0.0,1022.0
2026-03-18 20:00:00+00:00,10.8,56,2.3,0,0,0,0,0.0,0.0,0.0,0.0,15.4,27.0,0.0,1022.6
2026-03-18 21:00:00+00:00,9.7,60,2.4,0,0,0,0,0.0,0.0,0.0,0.0,15.7,27.0,0.0,1023.3
2026-03-18 22:00:00+00:00,9.1,63,2.5,0,0,0,0,0.0,0.0,0.0,0.0,15.2,25.9,0.0,1023.8
2026-03-18 23:00:00+00:00,8.4,65,2.1,0,0,0,0,0.0,0.0,0.0,0.0,14.4,24.1,0.0,1024.1
2026-03-19 00:00:00+00:00,7.9,66,1.8,0,0,0,0,0.0,0.0,0.0,0.0,13.7,23.8,0.0,1024.3
2026-03-19 01:00:00+00:00,7.5,69,2.1,0,0,0,0,0.0,0.0,0.0,0.0,13.2,23.0,0.0,1024.9
2026-03-19 02:00:00+00:00,7.0,71,2.2,0,0,0,0,0.0,0.0,0.0,0.0,13.0,22.0,0.0,1024.9
2026-03-19 03:00:00+00:00,6.2,75,2.1,0,0,0,0,0.0,0.0,0.0,0.0,12.2,21.6,0.0,1024.4
2026-03-19 04:00:00+00:00,5.2,79,1.9,0,0,0,0,0.0,0.0,0.0,0.0,11.8,21.2,0.0,1024.6
2026-03-19 05:00:00+00:00,4.8,82,1.9,0,0,0,0,0.0,0.0,0.0,0.0,11.4,20.5,0.0,1024.9
2026-03-19 06:00:00+00:00,4.6,83,2.0,0,0,0,0,0.0,0.0,0.0,0.0,12.3,20.5,0.0,1025.6
2026-03-19 07:00:00+00:00,4.8,83,2.1,0,0,0,0,25.0,13.0,170.6,12.0,13.6,24.1,0.0,1026.1
2026-03-19 08:00:00+00:00,7.2,80,3.9,0,0,0,0,156.0,106.0,534.6,50.0,14.7,26.3,0.0,1026.6
2026-03-19 09:00:00+00:00,10.0,70,4.7,0,0,0,0,316.0,244.0,707.2,72.0,14.4,28.1,0.0,1026.7
2026-03-19 10:00:00+00:00,12.6,60,5.1,0,0,0,0,460.0,374.0,799.4,86.0,14.2,29.9,0.0,1026.4
2026-03-19 11:00:00+00:00,14.2,54,4.9,0,0,0,0,569.0,475.0,850.8,94.0,15.3,31.0,0.0,1026.3
2026-03-19 12:00:00+00:00,15.3,50,4.8,0,0,0,0,631.0,533.0,873.3,98.0,15.8,32.4,0.0,1026.1
2026-03-19 13:00:00+00:00,16.1,47,4.8,0,0,0,0,642.0,543.0,875.3,99.0,15.7,32.0,0.0,1025.6
2026-03-19 14:00:00+00:00,16.5,46,4.7,0,0,0,0,601.0,505.0,859.3,96.0,15.0,30.2,0.0,1024.7
2026-03-19 15:00:00+00:00,16.7,43,4.1,0,0,0,0,512.0,422.0,820.1,90.0,14.2,27.7,0.0,1024.2
2026-03-19 16:00:00+00:00,16.5,44,4.1,0,0,0,0,384.0,305.0,751.2,79.0,13.0,23.4,0.0,1023.9
2026-03-19 17:00:00+00:00,15.8,46,4.2,0,0,0,0,230.0,168.0,623.4,62.0,11.0,16.6,0.0,1023.9
2026-03-19 18:00:00+00:00,13.5,54,4.4,0,0,0,0,78.0,46.0,402.6,32.0,10.6,14.4,0.0,1024.2
2026-03-19 19:00:00+00:00,11.9,57,3.7,5,0,0,5,1.0,0.0,0.0,1.0,11.9,20.5,0.0,1024.5
2026-03-19 20:00:00+00:00,10.5,63,3.7,27,0,0,27,0.0,0.0,0.0,0.0,11.4,19.1,0.0,1024.7
2026-03-19 21:00:00+00:00,9.6,65,3.3,57,0,0,57,0.0,0.0,0.0,0.0,10.7,17.6,0.0,1024.8
2026-03-19 22:00:00+00:00,7.9,64,1.5,41,0,0,41,0.0,0.0,0.0,0.0,9.8,16.6,0.0,1024.9
2026-03-19 23:00:00+00:00,7.0,66,1.0,9,0,0,9,0.0,0.0,0.0,0.0,9.4,15.8,0.0,1024.7
2026-03-20 00:00:00+00:00,6.4,66,0.6,8,0,0,8,0.0,0.0,0.0,0.0,9.9,16.6,0.0,1024.4
2026-03-20 01:00:00+00:00,5.8,68,0.3,1,0,0,1,0.0,0.0,0.0,0.0,9.9,16.2,0.0,1024.4
2026-03-20 02:00:00+00:00,5.1,71,0.3,2,0,0,2,0.0,0.0,0.0,0.0,9.8,15.8,0.0,1023.8
2026-03-20 03:00:00+00:00,4.3,76,0.5,2,0,0,2,0.0,0.0,0.0,0.0,10.3,16.2,0.0,1023.2
2026-03-20 04:00:00+00:00,3.6,79,0.3,2,0,0,2,0.0,0.0,0.0,0.0,10.6,16.9,0.0,1022.9
2026-03-20 05:00:00+00:00,3.3,83,0.7,17,0,0,17,0.0,0.0,0.0,0.0,11.1,16.9,0.0,1022.9
2026-03-20 06:00:00+00:00,3.1,86,0.9,25,0,0,25,0.0,0.0,0.0,0.0,11.4,18.0,0.0,1023.0
2026-03-20 07:00:00+00:00,3.2,86,1.1,16,0,0,16,28.0,14.0,176.6,14.0,12.3,21.2,0.0,1023.3
2026-03-20 08:00:00+00:00,5.3,84,2.7,1,0,0,1,160.0,110.0,538.2,50.0,12.2,23.4,0.0,1023.3
2026-03-20 09:00:00+00:00,7.9,76,3.9,2,1,0,1,319.0,245.0,697.9,74.0,11.1,23.8,0.0,1023.3
2026-03-20 10:00:00+00:00,10.4,68,4.9,24,0,0,24,456.0,368.0,776.8,88.0,10.1,23.4,0.0,1023.0
2026-03-20 11:00:00+00:00,12.2,62,5.1,39,0,0,39,561.0,458.0,812.0,103.0,10.0,23.4,0.0,1022.4
2026-03-20 12:00:00+00:00,13.4,56,4.9,81,0,0,81,622.0,512.0,831.4,110.0,10.3,23.8,0.0,1021.9
2026-03-20 13:00:00+00:00,14.3,51,4.3,93,0,3,92,611.0,460.0,735.3,151.0,10.2,23.4,0.0,1021.3
2026-03-20 14:00:00+00:00,14.9,49,4.3,92,0,9,91,560.0,411.0,693.4,149.0,10.1,22.0,0.0,1021.0
2026-03-20 15:00:00+00:00,14.9,50,4.5,79,0,18,70,477.0,347.0,668.0,130.0,9.5,20.2,0.0,1020.5
2026-03-20 16:00:00+00:00,14.6,53,5.0,18,0,11,7,344.0,235.0,572.1,109.0,8.6,16.9,0.0,1019.9
2026-03-20 17:00:00+00:00,13.9,57,5.6,42,0,6,38,203.0,118.0,430.5,85.0,6.0,10.4,0.0,1019.8
2026-03-20 18:00:00+00:00,11.4,67,5.5,79,0,10,77,74.0,37.0,311.5,37.0,7.3,10.8,0.0,1019.9
2026-03-20 19:00:00+00:00,9.4,74,5.0,87,0,8,85,2.0,0.0,0.0,2.0,7.3,12.2,0.0,1020.2
2026-03-20 20:00:00+00:00,8.7,77,5.0,89,0,4,89,0.0,0.0,0.0,0.0,8.1,13.7,0.0,1020.3
2026-03-20 21:00:00+00:00,8.3,79,4.9,94,1,10,94,0.0,0.0,0.0,0.0,8.7,14.8,0.0,1020.4
2026-03-20 22:00:00+00:00,7.6,82,4.7,93,1,3,93,0.0,0.0,0.0,0.0,9.2,14.8,0.0,1020.4
2026-03-20 23:00:00+00:00,7.0,85,4.6,76,1,2,76,0.0,0.0,0.0,0.0,8.8,14.4,0.0,1020.5
2026-03-21 00:00:00+00:00,6.5,86,4.3,54,0,0,54,0.0,0.0,0.0,0.0,8.9,14.4,0.0,1020.3
2026-03-21 01:00:00+00:00,5.7,87,3.7,64,3,1,62,0.0,0.0,0.0,0.0,8.6,14.4,0.0,1020.3
2026-03-21 02:00:00+00:00,5.1,88,3.2,86,1,0,85,0.0,0.0,0.0,0.0,8.2,14.0,0.0,1020.2
2026-03-21 03:00:00+00:00,4.6,87,2.7,88,3,0,88,0.0,0.0,0.0,0.0,8.4,14.8,0.0,1019.9
2026-03-21 04:00:00+00:00,3.9,89,2.3,88,4,0,88,0.0,0.0,0.0,0.0,8.8,15.8,0.0,1019.9
2026-03-21 05:00:00+00:00,3.8,88,2.0,84,3,0,84,0.0,0.0,0.0,0.0,9.1,16.9,0.0,1020.0
2026-03-21 06:00:00+00:00,3.8,89,2.2,45,3,0,45,0.0,0.0,0.0,0.0,9.7,17.3,0.0,1020.0
2026-03-21 07:00:00+00:00,3.9,87,2.0,21,5,0,16,27.0,12.0,145.7,15.0,11.0,19.1,0.0,1020.4
2026-03-21 08:00:00+00:00,5.5,85,3.2,18,7,4,11,161.0,106.0,503.7,55.0,10.7,21.2,0.0,1020.4
2026-03-21 09:00:00+00:00,7.6,78,3.9,51,8,14,37,311.0,227.0,635.8,84.0,10.2,22.3,0.0,1020.4
2026-03-21 10:00:00+00:00,9.5,68,3.9,55,5,0,54,445.0,343.0,715.3,102.0,10.3,24.8,0.0,1020.2
2026-03-21 11:00:00+00:00,11.3,55,2.7,85,5,0,84,571.0,468.0,821.5,103.0,12.5,27.7,0.0,1020.1
2026-03-21 12:00:00+00:00,12.5,48,1.7,65,0,0,65,640.0,534.0,859.5,106.0,12.0,26.6,0.0,1019.6
2026-03-21 13:00:00+00:00,13.5,42,0.9,60,0,0,60,655.0,556.0,881.3,99.0,10.2,24.1,0.0,1019.0
2026-03-21 14:00:00+00:00,14.1,38,0.1,41,0,0,41,615.0,517.0,864.8,98.0,8.2,21.6,0.0,1018.3
2026-03-21 15:00:00+00:00,14.2,38,0.2,0,0,0,0,524.0,433.0,825.8,91.0,7.5,19.8,0.0,1017.9
2026-03-21 16:00:00+00:00,14.1,37,-0.4,0,0,0,0,394.0,314.0,755.7,80.0,8.0,18.0,0.0,1017.5
2026-03-21 17:00:00+00:00,13.4,40,0.2,0,0,0,0,238.0,176.0,631.5,62.0,6.1,12.2,0.0,1017.6
2026-03-21 18:00:00+00:00,10.9,52,1.5,0,0,0,0,84.0,51.0,413.5,33.0,8.2,11.5,0.0,1017.5
2026-03-21 19:00:00+00:00,8.5,61,1.3,0,0,0,0,2.0,1.0,19.1,1.0,8.6,13.0,0.0,1017.8
2026-03-21 20:00:00+00:00,6.8,67,1.1,0,0,0,0,0.0,0.0,0.0,0.0,7.8,12.6,0.0,1018.0
2026-03-21 21:00:00+00:00,5.8,72,1.2,0,0,0,0,0.0,0.0,0.0,0.0,7.5,12.6,0.0,1018.0
2026-03-21 22:00:00+00:00,4.7,73,0.2,0,0,0,0,0.0,0.0,0.0,0.0,8.5,12.6,0.0,1018.2
2026-03-21 23:00:00+00:00,3.3,78,-0.1,0,0,0,0,0.0,0.0,0.0,0.0,9.2,13.0,0.0,1017.8
2026-03-22 00:00:00+00:00,2.4,81,-0.4,0,0,0,0,0.0,0.0,0.0,0.0,8.5,13.0,0.0,1017.5
2026-03-22 01:00:00+00:00,1.8,83,-0.7,0,0,0,0,0.0,0.0,0.0,0.0,6.9,11.9,0.0,1017.1
2026-03-22 02:00:00+00:00,1.0,86,-1.1,0,0,0,0,0.0,0.0,0.0,0.0,5.9,11.2,0.0,1016.8
2026-03-22 03:00:00+00:00,0.5,89,-1.1,0,0,0,0,0.0,0.0,0.0,0.0,6.0,11.2,0.0,1016.9
2026-03-22 04:00:00+00:00,0.3,90,-1.2,0,0,0,0,0.0,0.0,0.0,0.0,6.4,11.5,0.0,1016.8
2026-03-22 05:00:00+00:00,0.2,91,-1.1,0,0,0,0,0.0,0.0,0.0,0.0,6.7,11.5,0.0,1016.5
2026-03-22 06:00:00+00:00,0.2,92,-1.0,3,3,0,0,0.0,0.0,0.0,0.0,6.7,11.5,0.0,1016.5
2026-03-22 07:00:00+00:00,1.2,93,0.1,41,41,0,2,34.0,18.0,210.8,16.0,8.0,13.3,0.0,1016.8
2026-03-22 08:00:00+00:00,3.0,91,1.8,45,41,0,10,155.0,83.0,383.4,72.0,6.3,15.1,0.0,1017.3
2026-03-22 09:00:00+00:00,6.2,84,3.8,33,10,0,27,297.0,185.0,509.7,112.0,6.0,16.2,0.0,1017.1
2026-03-22 10:00:00+00:00,8.8,77,5.1,18,1,0,17,466.0,356.0,733.5,110.0,5.4,18.7,0.0,1016.9
2026-03-22 11:00:00+00:00,10.9,65,4.6,25,0,0,25,584.0,484.0,841.3,100.0,3.1,16.6,0.0,1016.8
2026-03-22 12:00:00+00:00,12.0,57,3.9,56,0,0,56,594.0,490.0,781.9,104.0,2.3,14.8,0.0,1016.6
2026-03-22 13:00:00+00:00,13.1,53,3.7,87,0,0,87,655.0,544.0,855.3,111.0,3.1,14.8,0.0,1016.1
2026-03-22 14:00:00+00:00,13.5,51,3.5,97,0,9,97,611.0,490.0,812.9,121.0,3.4,14.0,0.0,1015.9
2026-03-22 15:00:00+00:00,13.5,51,3.6,97,0,44,97,477.0,315.0,595.3,162.0,4.1,14.4,0.0,1015.6
2026-03-22 16:00:00+00:00,13.2,54,4.1,100,0,81,100,338.0,172.0,409.4,166.0,4.9,14.4,0.0,1015.6
2026-03-22 17:00:00+00:00,12.6,58,4.7,99,5,93,99,176.0,50.0,176.5,126.0,2.2,8.3,0.0,1015.9
2026-03-22 18:00:00+00:00,10.9,68,5.3,100,9,97,100,51.0,2.0,15.6,49.0,3.0,8.3,0.0,1016.2
2026-03-22 19:00:00+00:00,9.4,72,4.7,99,13,97,98,2.0,0.0,0.0,2.0,5.0,6.8,0.0,1016.8
2026-03-22 20:00:00+00:00,8.9,75,4.8,100,4,100,92,0.0,0.0,0.0,0.0,5.3,7.6,0.0,1017.2
2026-03-22 21:00:00+00:00,8.8,75,4.6,90,15,74,64,0.0,0.0,0.0,0.0,3.7,5.8,0.0,1017.6
2026-03-22 22:00:00+00:00,9.0,74,4.6,51,15,22,35,0.0,0.0,0.0,0.0,1.6,3.2,0.0,1017.9
2026-03-22 23:00:00+00:00,6.8,82,4.0,35,33,1,3,0.0,0.0,0.0,0.0,4.9,6.5,0.0,1018.6
2026-03-23 00:00:00+00:00,6.1,86,4.0,44,42,0,1,0.0,0.0,0.0,0.0,6.4,9.0,0.0,1019.0
2026-03-23 01:00:00+00:00,5.8,87,3.8,37,37,0,0,0.0,0.0,0.0,0.0,8.3,14.0,0.0,1019.2
2026-03-23 02:00:00+00:00,5.7,86,3.6,47,45,0,2,0.0,0.0,0.0,0.0,9.0,18.7,0.0,1019.0
2026-03-23 03:00:00+00:00,5.3,88,3.5,100,14,0,99,0.0,0.0,0.0,0.0,8.8,19.4,0.0,1018.9
2026-03-23 04:00:00+00:00,4.8,92,3.6,100,13,0,100,0.0,0.0,0.0,0.0,8.8,19.1,0.0,1019.1
2026-03-23 05:00:00+00:00,4.5,94,3.7,100,8,0,100,0.0,0.0,0.0,0.0,9.7,18.4,0.0,1019.8
2026-03-23 06:00:00+00:00,4.6,95,3.9,100,18,0,100,0.0,0.0,0.0,0.0,8.3,14.8,0.0,1020.1
2026-03-23 07:00:00+00:00,4.7,96,4.1,100,17,0,100,29.0,3.0,33.9,26.0,8.9,15.1,0.0,1020.8
2026-03-23 08:00:00+00:00,6.1,95,5.3,100,27,6,100,117.0,17.0,76.4,100.0,7.5,15.8,0.0,1021.3
2026-03-23 09:00:00+00:00,8.2,91,6.9,100,21,49,100,222.0,56.0,151.8,166.0,4.8,13.7,0.0,1021.2
2026-03-23 10:00:00+00:00,10.6,81,7.4,100,10,71,100,350.0,121.0,246.4,229.0,2.4,12.2,0.0,1021.5
2026-03-23 11:00:00+00:00,12.3,73,7.5,100,9,91,100,413.0,143.0,246.2,270.0,3.4,15.5,0.0,1021.8
2026-03-23 12:00:00+00:00,13.3,66,7.0,100,38,13,100,494.0,208.0,329.1,286.0,5.1,19.1,0.0,1021.3
2026-03-23 13:00:00+00:00,13.9,65,7.4,99,58,0,97,513.0,279.0,435.1,234.0,7.9,22.3,0.0,1021.2
2026-03-23 14:00:00+00:00,14.1,64,7.4,100,82,14,95,477.0,307.0,505.2,170.0,9.8,24.1,0.0,1020.9
2026-03-23 15:00:00+00:00,13.9,65,7.4,100,81,13,100,351.0,131.0,245.4,220.0,10.5,24.8,0.0,1020.6
2026-03-23 16:00:00+00:00,13.5,66,7.3,100,72,11,100,229.0,72.0,169.5,157.0,10.5,24.1,0.0,1020.6
2026-03-23 17:00:00+00:00,12.9,69,7.3,100,36,66,99,136.0,28.0,97.3,108.0,10.7,21.6,0.0,1020.6
2026-03-23 18:00:00+00:00,11.8,75,7.5,100,2,97,100,39.0,0.0,0.0,39.0,12.3,21.6,0.0,1020.8
2026-03-23 19:00:00+00:00,10.6,82,7.7,100,0,91,100,2.0,0.0,0.0,2.0,14.0,25.2,0.0,1020.7
2026-03-23 20:00:00+00:00,9.9,86,7.8,100,2,49,100,0.0,0.0,0.0,0.0,13.9,24.8,0.0,1020.8
2026-03-23 21:00:00+00:00,9.4,90,7.8,100,4,13,100,0.0,0.0,0.0,0.0,14.0,24.5,0.0,1020.9
2026-03-23 22:00:00+00:00,9.0,90,7.4,100,2,0,100,0.0,0.0,0.0,0.0,14.3,23.8,0.0,1020.6
2026-03-23 23:00:00+00:00,8.8,92,7.5,99,1,0,99,0.0,0.0,0.0,0.0,14.2,23.4,0.0,1020.2
2026-03-24 00:00:00+00:00,8.8,92,7.6,99,1,1,99,0.0,0.0,0.0,0.0,14.0,23.8,0.0,1020.1
2026-03-24 01:00:00+00:00,8.5,93,7.5,100,11,24,100,0.0,0.0,0.0,0.0,13.3,24.5,0.0,1019.9
2026-03-24 02:00:00+00:00,8.5,94,7.7,100,10,59,100,0.0,0.0,0.0,0.0,13.4,25.2,0.0,1019.5
2026-03-24 03:00:00+00:00,8.4,94,7.5,100,11,78,100,0.0,0.0,0.0,0.0,13.8,25.2,0.0,1019.1
2026-03-24 04:00:00+00:00,8.1,93,7.0,99,14,49,96,0.0,0.0,0.0,0.0,13.9,24.1,0.0,1018.7
2026-03-24 05:00:00+00:00,8.2,92,7.0,100,60,17,100,0.0,0.0,0.0,0.0,14.6,25.9,0.0,1018.3
2026-03-24 06:00:00+00:00,8.4,91,7.0,100,86,13,100,0.0,0.0,0.0,0.0,15.9,28.8,0.0,1018.1
2026-03-24 07:00:00+00:00,9.0,90,7.5,100,100,9,100,21.0,0.0,0.0,21.0,18.0,32.8,0.0,1017.9
2026-03-24 08:00:00+00:00,9.9,89,8.1,100,100,0,100,73.0,3.0,13.1,70.0,20.5,38.2,0.0,1017.7
2026-03-24 09:00:00+00:00,10.7,87,8.7,100,100,0,98,97.0,0.0,0.0,97.0,21.5,40.7,0.0,1017.7
2026-03-24 10:00:00+00:00,10.9,87,8.9,100,100,0,100,106.0,0.0,0.0,106.0,21.0,42.8,0.0,1016.8
2026-03-24 11:00:00+00:00,11.4,85,8.9,100,100,0,99,172.0,8.0,13.6,164.0,24.1,49.7,0.0,1016.5
2026-03-24 12:00:00+00:00,11.5,84,8.9,100,100,0,100,174.0,3.0,4.7,171.0,25.8,54.7,0.1,1015.7
2026-03-24 13:00:00+00:00,11.8,83,9.0,100,100,0,100,208.0,4.0,6.2,204.0,28.0,59.0,0.0,1014.8
2026-03-24 14:00:00+00:00,11.7,84,9.1,100,100,0,97,188.0,10.0,16.3,178.0,30.2,62.3,0.0,1013.5
2026-03-24 15:00:00+00:00,11.8,84,9.2,100,100,4,60,158.0,12.0,22.3,146.0,31.0,61.9,0.1,1012.6
2026-03-24 16:00:00+00:00,11.3,88,9.3,100,100,1,2,96.0,0.0,0.0,96.0,31.3,55.1,0.0,1011.3
2026-03-24 17:00:00+00:00,11.0,90,9.4,100,100,0,0,76.0,4.0,13.7,72.0,29.6,56.2,0.1,1009.9
2026-03-24 18:00:00+00:00,11.0,90,9.4,100,100,0,0,24.0,0.0,0.0,24.0,35.3,66.2,0.0,1008.8
2026-03-24 19:00:00+00:00,10.8,91,9.4,96,96,8,0,1.0,0.0,0.0,1.0,36.1,67.3,0.0,1007.3
2026-03-24 20:00:00+00:00,10.7,92,9.4,99,99,74,0,0.0,0.0,0.0,0.0,38.0,70.6,0.1,1006.0
2026-03-24 21:00:00+00:00,11.0,91,9.7,99,98,97,0,0.0,0.0,0.0,0.0,37.5,79.9,0.2,1005.1
2026-03-24 22:00:00+00:00,10.1,80,6.8,27,26,17,0,0.0,0.0,0.0,0.0,33.9,67.3,0.3,1005.5
2026-03-24 23:00:00+00:00,8.8,76,4.9,2,0,2,0,0.0,0.0,0.0,0.0,31.2,59.4,0.0,1005.6
2026-03-25 00:00:00+00:00,8.0,78,4.5,3,0,3,0,0.0,0.0,0.0,0.0,29.2,55.8,0.0,1005.8
2026-03-25 01:00:00+00:00,7.5,77,3.6,28,25,14,0,0.0,0.0,0.0,0.0,27.6,50.8,0.0,1006.1
2026-03-25 02:00:00+00:00,7.0,76,3.1,51,33,34,0,0.0,0.0,0.0,0.0,27.9,49.0,0.0,1005.7
2026-03-25 03:00:00+00:00,6.5,78,2.9,46,25,31,0,0.0,0.0,0.0,0.0,28.5,50.0,0.0,1005.8
2026-03-25 04:00:00+00:00,6.0,80,2.8,46,40,12,0,0.0,0.0,0.0,0.0,27.9,50.4,0.0,1005.9
2026-03-25 05:00:00+00:00,5.9,81,2.9,64,58,19,1,0.0,0.0,0.0,0.0,26.9,51.8,0.0,1006.3
2026-03-25 06:00:00+00:00,5.8,80,2.6,70,56,24,1,0.0,0.0,0.0,0.0,27.2,54.4,0.0,1007.3
2026-03-25 07:00:00+00:00,5.7,77,2.0,58,44,27,6,38.0,16.0,169.4,22.0,27.5,50.0,0.0,1008.5
2026-03-25 08:00:00+00:00,6.1,73,1.6,28,15,19,0,167.0,103.0,439.4,64.0,29.6,59.8,0.0,1009.7
2026-03-25 09:00:00+00:00,6.7,68,1.2,27,22,14,0,300.0,208.0,546.6,92.0,33.8,67.7,0.0,1010.8
2026-03-25 10:00:00+00:00,7.5,61,0.4,23,19,21,0,429.0,306.0,609.0,123.0,32.7,69.1,0.0,1011.8
2026-03-25 11:00:00+00:00,8.4,54,-0.4,35,13,31,11,574.0,448.0,756.9,126.0,32.8,65.5,0.1,1012.3
2026-03-25 12:00:00+00:00,9.0,51,-0.7,30,16,23,2,641.0,509.0,792.0,132.0,31.6,74.9,0.0,1012.5
2026-03-25 13:00:00+00:00,9.1,53,-0.1,52,43,23,0,619.0,469.0,720.0,150.0,32.7,72.4,0.0,1012.9
2026-03-25 14:00:00+00:00,8.9,51,-0.7,48,26,31,1,553.0,386.0,625.0,167.0,33.0,71.3,0.0,1013.5
2026-03-25 15:00:00+00:00,8.5,55,0.1,86,14,86,3,490.0,347.0,638.6,143.0,33.0,70.9,0.0,1014.0
2026-03-25 16:00:00+00:00,8.0,57,-0.0,43,13,40,8,363.0,231.0,532.3,132.0,30.8,60.5,0.3,1014.6
2026-03-25 17:00:00+00:00,7.5,59,-0.1,42,14,40,4,186.0,82.0,276.2,104.0,28.5,54.0,0.0,1015.3
2026-03-25 18:00:00+00:00,6.5,61,-0.4,37,16,33,0,83.0,38.0,268.9,45.0,25.9,48.6,0.0,1015.9
2026-03-25 19:00:00+00:00,5.6,65,-0.4,31,28,12,0,5.0,1.0,19.1,4.0,25.1,46.1,0.0,1016.8
2026-03-25 20:00:00+00:00,4.9,69,-0.2,15,15,0,0,0.0,0.0,0.0,0.0,24.0,43.6,0.0,1017.5
2026-03-25 21:00:00+00:00,4.5,72,-0.2,16,16,0,0,0.0,0.0,0.0,0.0,22.6,41.0,0.0,1018.0
2026-03-25 22:00:00+00:00,4.2,73,-0.2,6,6,0,0,0.0,0.0,0.0,0.0,21.7,38.9,0.0,1019.0
2026-03-25 23:00:00+00:00,4.0,75,0.0,44,44,0,0,0.0,0.0,0.0,0.0,20.4,37.4,0.0,1019.6
2026-03-26 00:00:00+00:00,3.9,77,0.2,14,14,0,0,0.0,0.0,0.0,0.0,18.8,36.7,0.0,1019.7
2026-03-26 01:00:00+00:00,3.8,79,0.4,12,12,0,0,0.0,0.0,0.0,0.0,17.2,33.8,0.0,1020.3
2026-03-26 02:00:00+00:00,3.5,81,0.6,13,12,2,0,0.0,0.0,0.0,0.0,16.0,31.3,0.0,1020.5
2026-03-26 03:00:00+00:00,3.1,84,0.6,0,0,0,0,0.0,0.0,0.0,0.0,15.1,29.2,0.0,1020.7
2026-03-26 04:00:00+00:00,2.7,87,0.8,0,0,0,0,0.0,0.0,0.0,0.0,15.1,27.0,0.0,1020.9
2026-03-26 05:00:00+00:00,2.5,89,0.9,0,0,0,0,0.0,0.0,0.0,0.0,14.6,24.5,0.0,1021.5
2026-03-26 06:00:00+00:00,2.3,90,0.9,9,0,0,9,0.0,0.0,0.0,0.0,13.6,23.0,0.0,1021.9
2026-03-26 07:00:00+00:00,3.1,89,1.5,0,0,0,0,50.0,28.0,287.2,22.0,13.8,24.5,0.0,1022.5
2026-03-26 08:00:00+00:00,5.0,83,2.4,0,0,0,0,195.0,137.0,569.9,58.0,13.8,27.7,0.0,1023.2
2026-03-26 09:00:00+00:00,6.6,75,2.6,24,24,0,0,355.0,277.0,716.9,78.0,17.8,36.4,0.0,1023.5
2026-03-26 10:00:00+00:00,7.9,62,1.0,58,49,1,16,426.0,280.0,551.0,146.0,16.5,35.6,0.0,1023.7
2026-03-26 11:00:00+00:00,8.9,55,0.3,69,67,2,1,504.0,321.0,537.4,183.0,16.3,34.9,0.0,1024.1
2026-03-26 12:00:00+00:00,9.3,49,-0.8,78,72,3,18,518.0,290.0,447.6,228.0,14.5,32.8,0.0,1023.7
2026-03-26 13:00:00+00:00,10.0,45,-1.4,85,76,81,8,502.0,243.0,370.1,259.0,14.2,32.0,0.0,1024.0
2026-03-26 14:00:00+00:00,10.4,43,-1.6,92,87,66,5,469.0,250.0,401.6,219.0,13.8,32.0,0.0,1023.5
2026-03-26 15:00:00+00:00,10.4,44,-1.4,80,59,73,40,371.0,142.0,259.1,229.0,13.9,31.0,0.0,1023.4
2026-03-26 16:00:00+00:00,10.3,44,-1.3,92,64,88,5,257.0,122.0,278.2,135.0,14.3,28.4,0.0,1023.3
2026-03-26 17:00:00+00:00,10.1,47,-0.8,78,61,66,0,157.0,48.0,159.3,109.0,10.3,23.0,0.0,1023.4
2026-03-26 18:00:00+00:00,9.3,51,-0.4,68,54,55,2,67.0,23.0,157.8,44.0,5.7,15.8,0.0,1023.7
2026-03-26 19:00:00+00:00,7.7,58,-0.0,55,1,45,26,5.0,1.0,19.1,4.0,6.4,11.2,0.0,1023.8
2026-03-26 20:00:00+00:00,7.1,63,0.6,53,0,47,25,0.0,0.0,0.0,0.0,7.9,13.7,0.0,1023.9
2026-03-26 21:00:00+00:00,6.9,68,1.5,83,0,80,15,0.0,0.0,0.0,0.0,9.0,15.8,0.0,1024.0
2026-03-26 22:00:00+00:00,6.4,78,2.8,83,0,83,0,0.0,0.0,0.0,0.0,9.0,15.8,0.0,1023.9
2026-03-26 23:00:00+00:00,6.4,82,3.5,83,0,83,0,0.0,0.0,0.0,0.0,9.4,14.0,0.0,1023.7
2026-03-27 00:00:00+00:00,6.4,83,3.7,86,0,86,0,0.0,0.0,0.0,0.0,8.8,12.6,0.0,1023.4
2026-03-27 01:00:00+00:00,6.5,83,3.9,97,5,95,33,0.0,0.0,0.0,0.0,9.3,14.8,0.0,1023.4
2026-03-27 02:00:00+00:00,6.5,84,4.0,99,47,94,76,0.0,0.0,0.0,0.0,10.7,17.6,0.0,1022.8
2026-03-27 03:00:00+00:00,6.5,86,4.4,100,77,83,82,0.0,0.0,0.0,0.0,11.8,20.5,0.0,1022.5
2026-03-27 04:00:00+00:00,6.8,87,4.8,100,100,82,74,0.0,0.0,0.0,0.0,12.2,22.7,0.0,1022.2
2026-03-27 05:00:00+00:00,7.0,89,5.2,100,100,74,91,0.0,0.0,0.0,0.0,12.9,23.8,0.0,1022.0
2026-03-27 06:00:00+00:00,7.4,89,5.7,99,62,79,98,0.0,0.0,0.0,0.0,13.3,24.1,0.0,1021.5
2026-03-27 07:00:00+00:00,7.9,89,6.2,100,86,87,96,14.0,0.0,0.0,14.0,14.3,25.9,0.0,1021.3
2026-03-27 08:00:00+00:00,9.0,89,7.3,100,100,83,92,46.0,2.0,8.1,44.0,14.2,27.0,0.0,1021.4
2026-03-27 09:00:00+00:00,10.0,88,8.0,100,97,100,85,72.0,4.0,10.2,68.0,14.4,27.4,0.0,1021.3
2026-03-27 10:00:00+00:00,10.5,86,8.3,100,100,99,84,77.0,0.0,0.0,77.0,19.8,37.1,0.1,1020.8
2026-03-27 11:00:00+00:00,11.2,86,9.0,100,100,100,96,94.0,9.0,14.9,85.0,19.3,36.7,0.2,1020.5
2026-03-27 12:00:00+00:00,11.6,87,9.6,100,100,100,89,118.0,1.0,1.5,117.0,21.5,37.8,0.3,1020.2
2026-03-27 13:00:00+00:00,11.7,90,10.0,100,100,100,28,121.0,1.0,1.5,120.0,19.1,39.6,0.5,1019.5
2026-03-27 14:00:00+00:00,11.2,95,10.4,100,100,99,0,47.0,0.0,0.0,47.0,19.7,34.9,0.4,1019.0
2026-03-27 15:00:00+00:00,11.2,96,10.5,100,100,100,0,47.0,0.0,0.0,47.0,19.2,33.8,0.1,1018.6
2026-03-27 16:00:00+00:00,11.4,95,10.7,100,100,97,0,40.0,0.0,0.0,40.0,16.9,31.7,0.0,1018.4
2026-03-27 17:00:00+00:00,11.4,93,10.3,100,100,95,2,39.0,9.0,29.4,30.0,15.5,30.6,0.0,1018.3
2026-03-27 18:00:00+00:00,11.1,90,9.6,100,100,87,49,31.0,8.0,53.2,23.0,15.5,32.4,0.0,1018.4
2026-03-27 19:00:00+00:00,10.2,89,8.5,95,63,76,73,1.0,0.0,0.0,1.0,16.2,29.9,0.0,1019.0
2026-03-27 20:00:00+00:00,9.1,88,7.2,97,64,47,90,0.0,0.0,0.0,0.0,16.2,29.9,0.0,1019.3
2026-03-27 21:00:00+00:00,8.2,85,5.8,95,42,41,85,0.0,0.0,0.0,0.0,15.8,29.2,0.0,1019.9
2026-03-27 22:00:00+00:00,7.9,81,4.8,91,14,26,87,0.0,0.0,0.0,0.0,15.2,28.8,0.0,1020.5
2026-03-27 23:00:00+00:00,7.0,81,4.0,63,3,5,60,0.0,0.0,0.0,0.0,14.2,26.3,0.0,1021.1
2026-03-28 00:00:00+00:00,6.5,83,3.9,20,0,3,18,0.0,0.0,0.0,0.0,14.5,27.4,0.0,1021.7
2026-03-28 01:00:00+00:00,6.0,85,3.7,8,0,8,0,0.0,0.0,0.0,0.0,15.1,28.8,0.0,1022.1
2026-03-28 02:00:00+00:00,5.2,86,3.0,2,1,1,0,0.0,0.0,0.0,0.0,15.0,29.2,0.0,1022.5
2026-03-28 03:00:00+00:00,4.6,85,2.3,0,0,0,0,0.0,0.0,0.0,0.0,15.0,28.4,0.0,1023.0
2026-03-28 04:00:00+00:00,3.7,85,1.3,0,0,0,0,0.0,0.0,0.0,0.0,14.3,26.3,0.0,1023.6
2026-03-28 05:00:00+00:00,3.0,85,0.7,0,0,0,0,0.0,0.0,0.0,0.0,13.8,25.6,0.0,1023.9
2026-03-28 06:00:00+00:00,2.9,85,0.6,0,0,0,0,0.0,0.0,0.0,0.0,13.7,25.2,0.0,1024.6
2026-03-28 07:00:00+00:00,3.8,83,1.2,1,1,0,0,60.0,36.0,347.6,24.0,15.8,28.4,0.0,1025.1
2026-03-28 08:00:00+00:00,5.9,79,2.4,1,1,0,0,207.0,144.0,570.5,63.0,16.6,32.0,0.0,1025.5
2026-03-28 09:00:00+00:00,7.6,70,2.5,3,3,0,0,373.0,296.0,743.5,77.0,20.8,41.0,0.0,1025.9
2026-03-28 10:00:00+00:00,8.8,61,1.7,50,43,39,0,498.0,407.0,783.4,91.0,22.7,53.3,0.1,1026.2
2026-03-28 11:00:00+00:00,9.6,53,0.6,28,19,20,0,577.0,447.0,734.8,130.0,24.6,49.0,0.0,1026.3
2026-03-28 12:00:00+00:00,10.1,51,0.3,10,7,4,1,651.0,537.0,815.5,114.0,23.6,56.9,0.0,1026.1
2026-03-28 13:00:00+00:00,10.7,49,0.6,38,22,21,0,648.0,494.0,741.1,154.0,25.7,55.8,0.0,1026.2
2026-03-28 14:00:00+00:00,10.9,45,-0.6,53,32,27,0,601.0,459.0,726.1,142.0,25.5,54.4,0.0,1026.5
2026-03-28 15:00:00+00:00,10.6,42,-1.8,32,24,16,0,516.0,383.0,687.1,133.0,25.5,54.4,0.0,1026.7
2026-03-28 16:00:00+00:00,10.1,45,-1.3,62,16,61,0,400.0,288.0,643.3,112.0,25.3,56.9,0.0,1027.3
2026-03-28 17:00:00+00:00,9.5,48,-1.0,14,10,11,0,249.0,169.0,544.7,80.0,22.1,42.1,0.1,1028.3
2026-03-28 18:00:00+00:00,8.4,52,-1.0,12,7,8,0,104.0,61.0,394.3,43.0,19.9,38.9,0.0,1029.2
2026-03-28 19:00:00+00:00,7.3,56,-1.0,9,9,0,0,8.0,3.0,56.4,5.0,18.3,33.1,0.0,1030.4
2026-03-28 20:00:00+00:00,6.4,60,-0.7,0,0,0,0,0.0,0.0,0.0,0.0,16.8,30.2,0.0,1031.2
2026-03-28 21:00:00+00:00,5.6,65,-0.4,0,0,0,0,0.0,0.0,0.0,0.0,15.5,28.1,0.0,1031.8
2026-03-28 22:00:00+00:00,4.6,70,-0.4,0,0,0,0,0.0,0.0,0.0,0.0,14.3,27.0,0.0,1032.3
2026-03-28 23:00:00+00:00,3.9,73,-0.5,0,0,0,0,0.0,0.0,0.0,0.0,13.8,25.9,0.0,1032.5
2026-03-29 00:00:00+00:00,3.4,75,-0.7,0,0,0,0,0.0,0.0,0.0,0.0,13.1,25.6,0.0,1032.6
2026-03-29 01:00:00+00:00,2.9,76,-1.0,0,0,0,0,0.0,0.0,0.0,0.0,12.5,23.0,0.0,1033.0
2026-03-29 02:00:00+00:00,2.6,77,-1.1,0,0,0,0,0.0,0.0,0.0,0.0,10.5,19.8,0.0,1032.5
2026-03-29 03:00:00+00:00,2.1,80,-1.0,0,0,0,0,0.0,0.0,0.0,0.0,9.8,17.6,0.0,1032.5
2026-03-29 04:00:00+00:00,2.3,80,-0.7,14,0,14,0,0.0,0.0,0.0,0.0,11.1,16.9,0.0,1033.1
2026-03-29 05:00:00+00:00,2.2,82,-0.6,76,0,3,75,0.0,0.0,0.0,0.0,7.6,15.1,0.0,1032.5
2026-03-29 06:00:00+00:00,1.9,84,-0.4,53,0,0,53,0.0,0.0,0.0,0.0,7.3,14.4,0.0,1032.2
2026-03-29 07:00:00+00:00,3.0,85,0.8,70,1,53,57,58.0,26.0,243.9,32.0,10.5,18.0,0.0,1032.4
2026-03-29 08:00:00+00:00,5.7,82,3.0,100,5,87,100,200.0,132.0,510.8,68.0,10.8,22.3,0.0,1032.6
2026-03-29 09:00:00+00:00,8.1,76,4.2,100,14,0,100,314.0,162.0,401.0,152.0,14.8,30.2,0.0,1031.5
2026-03-29 10:00:00+00:00,9.2,69,3.8,100,66,26,100,363.0,117.0,222.8,246.0,20.9,44.6,0.0,1031.2
2026-03-29 11:00:00+00:00,9.7,67,3.9,100,76,94,100,321.0,64.0,104.3,257.0,21.2,46.1,0.0,1030.7
2026-03-29 12:00:00+00:00,10.1,64,3.7,100,79,100,100,358.0,84.0,126.6,274.0,23.8,49.3,0.0,1030.2
2026-03-29 13:00:00+00:00,9.5,72,4.8,100,35,100,100,182.0,13.0,19.4,169.0,23.9,39.2,0.2,1029.5
2026-03-29 14:00:00+00:00,9.5,77,5.7,100,98,89,99,201.0,8.0,12.6,193.0,30.4,40.0,0.2,1028.1
2026-03-29 15:00:00+00:00,9.5,79,6.1,100,100,96,100,193.0,10.0,17.8,183.0,27.6,42.5,0.2,1027.1
2026-03-29 16:00:00+00:00,9.5,82,6.5,100,96,63,99,150.0,4.0,8.8,146.0,25.1,43.6,0.2,1025.3
2026-03-29 17:00:00+00:00,9.7,81,6.5,100,100,88,66,100.0,19.0,60.4,81.0,28.2,50.4,0.1,1024.6
2026-03-29 18:00:00+00:00,9.5,84,7.0,100,100,94,66,19.0,0.0,0.0,19.0,28.0,49.0,0.0,1024.0
2026-03-29 19:00:00+00:00,9.4,89,7.8,100,100,32,80,1.0,0.0,0.0,1.0,27.4,50.0,0.1,1023.4
2026-03-29 20:00:00+00:00,9.7,92,8.5,100,97,0,91,0.0,0.0,0.0,0.0,26.7,49.0,0.0,1023.0
2026-03-29 21:00:00+00:00,10.0,94,9.1,99,95,0,81,0.0,0.0,0.0,0.0,25.7,47.5,0.0,1022.2
2026-03-29 22:00:00+00:00,9.8,95,9.0,70,49,0,40,0.0,0.0,0.0,0.0,22.9,45.7,0.0,1022.5
2026-03-29 23:00:00+00:00,9.4,95,8.6,46,6,0,44,0.0,0.0,0.0,0.0,20.7,41.8,0.0,1022.4
2026-03-30 00:00:00+00:00,8.9,92,7.7,38,4,0,34,0.0,0.0,0.0,0.0,20.2,36.7,0.0,1022.7
2026-03-30 01:00:00+00:00,8.3,89,6.6,21,3,0,18,0.0,0.0,0.0,0.0,17.9,33.5,0.0,1022.6
2026-03-30 02:00:00+00:00,7.5,87,5.5,9,2,0,8,0.0,0.0,0.0,0.0,16.2,30.2,0.0,1022.9
2026-03-30 03:00:00+00:00,6.4,88,4.6,24,1,0,23,0.0,0.0,0.0,0.0,15.3,26.3,0.0,1022.8
2026-03-30 04:00:00+00:00,5.8,88,4.0,2,2,0,0,0.0,0.0,0.0,0.0,13.3,23.0,0.0,1023.3
2026-03-30 05:00:00+00:00,5.4,89,3.7,1,1,0,0,0.0,0.0,0.0,0.0,12.1,21.6,0.0,1023.7
2026-03-30 06:00:00+00:00,5.2,89,3.6,4,4,1,0,1.0,0.0,0.0,1.0,12.7,22.7,0.0,1024.2
2026-03-30 07:00:00+00:00,6.2,88,4.3,3,3,2,0,67.0,39.0,355.7,28.0,14.6,26.3,0.0,1024.8
2026-03-30 08:00:00+00:00,8.3,81,5.1,27,7,9,20,214.0,152.0,574.8,62.0,16.2,31.7,0.0,1025.3
2026-03-30 09:00:00+00:00,9.9,72,5.0,43,40,6,3,373.0,292.0,712.5,81.0,22.5,44.3,0.0,1025.7
2026-03-30 10:00:00+00:00,11.0,66,4.9,64,61,16,0,416.0,289.0,544.5,127.0,22.8,46.4,0.0,1025.9
2026-03-30 11:00:00+00:00,11.5,60,4.1,64,64,1,0,333.0,128.0,206.7,205.0,24.3,46.8,0.0,1025.7
2026-03-30 12:00:00+00:00,12.4,55,3.6,93,93,12,0,422.0,184.0,275.1,238.0,25.7,49.3,0.0,1025.6
2026-03-30 13:00:00+00:00,12.7,53,3.4,89,89,0,0,308.0,92.0,136.0,216.0,25.7,50.4,0.0,1025.8
2026-03-30 14:00:00+00:00,12.9,51,2.9,93,93,13,0,383.0,128.0,199.5,255.0,25.9,51.5,0.0,1025.7
2026-03-30 15:00:00+00:00,13.2,48,2.4,87,87,39,0,344.0,141.0,248.8,203.0,25.3,48.6,0.0,1026.2
2026-03-30 16:00:00+00:00,12.9,49,2.5,82,82,20,0,257.0,65.0,142.3,192.0,24.7,45.0,0.0,1026.3
2026-03-30 17:00:00+00:00,12.5,49,2.1,55,55,4,0,193.0,66.0,206.8,127.0,22.5,42.1,0.0,1027.1
2026-03-30 18:00:00+00:00,11.7,52,2.1,30,30,0,0,90.0,33.0,201.8,57.0,18.1,34.9,0.0,1027.7
2026-03-30 19:00:00+00:00,10.2,58,2.2,8,7,2,0,10.0,4.0,69.4,6.0,13.6,24.5,0.0,1028.5
2026-03-30 20:00:00+00:00,8.7,65,2.5,1,0,1,0,0.0,0.0,0.0,0.0,9.2,15.5,0.0,1029.2
2026-03-30 21:00:00+00:00,7.9,70,2.9,0,0,0,0,0.0,0.0,0.0,0.0,10.5,18.0,0.0,1030.0
2026-03-30 22:00:00+00:00,7.7,73,3.2,13,8,10,0,0.0,0.0,0.0,0.0,9.3,20.2,0.0,1030.5
2026-03-30 23:00:00+00:00,7.8,74,3.4,3,0,3,0,0.0,0.0,0.0,0.0,10.4,20.5,0.0,1030.5
2026-03-31 00:00:00+00:00,7.3,78,3.7,9,6,9,0,0.0,0.0,0.0,0.0,11.0,18.0,0.0,1030.6
2026-03-31 01:00:00+00:00,7.3,81,4.3,97,96,83,0,0.0,0.0,0.0,0.0,12.0,19.8,0.0,1031.0
2026-03-31 02:00:00+00:00,7.2,84,4.6,100,100,88,0,0.0,0.0,0.0,0.0,12.3,21.6,0.0,1031.0
2026-03-31 03:00:00+00:00,7.5,85,5.1,96,95,86,0,0.0,0.0,0.0,0.0,11.4,20.2,0.0,1030.9
2026-03-31 04:00:00+00:00,7.8,86,5.6,97,95,96,0,0.0,0.0,0.0,0.0,11.0,18.7,0.0,1030.5
2026-03-31 05:00:00+00:00,8.0,87,5.9,90,73,90,0,0.0,0.0,0.0,0.0,10.8,17.6,0.0,1030.6
2026-03-31 06:00:00+00:00,7.9,89,6.2,95,70,95,0,1.0,0.0,0.0,1.0,11.1,17.3,0.0,1030.7
2026-03-31 07:00:00+00:00,8.6,90,7.1,95,94,80,0,38.0,14.0,124.3,24.0,12.6,22.3,0.0,1030.8
2026-03-31 08:00:00+00:00,10.5,87,8.4,68,50,49,0,120.0,48.0,177.5,72.0,13.3,25.2,0.0,1031.3
2026-03-31 09:00:00+00:00,12.5,83,9.7,66,63,33,0,226.0,112.0,269.5,114.0,18.0,33.1,0.0,1031.2
2026-03-31 10:00:00+00:00,13.8,78,10.0,64,63,20,0,340.0,174.0,324.4,166.0,16.1,35.6,0.0,1031.2
2026-03-31 11:00:00+00:00,15.3,71,10.0,57,57,12,0,435.0,231.0,369.9,204.0,16.9,36.0,0.0,1031.0
2026-03-31 12:00:00+00:00,16.7,64,9.8,62,62,5,0,531.0,310.0,460.0,221.0,16.7,37.1,0.1,1030.7
2026-03-31 13:00:00+00:00,17.8,59,9.8,67,65,26,0,513.0,352.0,516.6,161.0,16.4,34.6,0.1,1030.4
2026-03-31 14:00:00+00:00,17.8,59,9.6,63,56,46,0,368.0,169.0,261.5,199.0,15.3,32.4,0.0,1030.0
2026-03-31 15:00:00+00:00,18.1,58,9.7,60,55,40,0,417.0,272.0,476.2,145.0,14.9,32.8,0.1,1029.4
2026-03-31 16:00:00+00:00,17.9,59,9.8,43,38,29,0,245.0,116.0,251.6,129.0,14.1,29.2,0.0,1029.2
2026-03-31 17:00:00+00:00,17.1,63,9.9,36,16,29,0,178.0,107.0,330.7,71.0,12.4,25.2,0.0,1029.2
2026-03-31 18:00:00+00:00,15.5,70,9.9,18,13,13,0,92.0,50.0,297.7,42.0,11.2,23.4,0.0,1029.4
2026-03-31 19:00:00+00:00,13.9,79,10.4,20,18,10,0,10.0,4.0,66.9,6.0,12.9,23.0,0.0,1029.7
2026-03-31 20:00:00+00:00,11.9,86,9.7,10,10,4,0,0.0,0.0,0.0,0.0,14.3,25.2,0.0,1030.1
2026-03-31 21:00:00+00:00,10.5,89,8.8,7,6,2,0,0.0,0.0,0.0,0.0,13.9,24.5,0.0,1030.1
2026-03-31 22:00:00+00:00,9.7,89,8.1,5,5,1,0,0.0,0.0,0.0,0.0,13.8,23.8,0.0,1030.2
2026-03-31 23:00:00+00:00,9.1,92,7.8,8,8,0,0,0.0,0.0,0.0,0.0,13.4,22.7,0.0,1029.8
