time,temperature_2m,relative_humidity_2m,dew_point_2m,cloud_cover,cloud_cover_low,cloud_cover_mid,cloud_cover_high,shortwave_radiation,direct_radiation,direct_normal_irradiance,diffuse_radiation,wind_speed_10m,wind_gusts_10m,precipitation,pressure_msl
2025-03-05 00:00:00+00:00,-0.4,100,-0.4,97,97,0,0,0.0,0.0,0.0,0.0,0.2,2.2,0.0,1024.8
2025-03-05 01:00:00+00:00,-0.9,100,-0.9,98,98,0,0,0.0,0.0,0.0,0.0,0.7,3.6,0.0,1024.6
2025-03-05 02:00:00+00:00,-1.2,100,-1.2,100,100,0,0,0.0,0.0,0.0,0.0,1.5,2.5,0.0,1024.2
2025-03-05 03:00:00+00:00,-2.0,100,-2.0,100,100,0,0,0.0,0.0,0.0,0.0,3.7,5.8,0.0,1023.9
2025-03-05 04:00:00+00:00,-1.6,100,-1.6,100,100,0,0,0.0,0.0,0.0,0.0,4.7,10.4,0.0,1024.0
2025-03-05 05:00:00+00:00,-1.5,100,-1.6,100,100,0,0,0.0,0.0,0.0,0.0,4.0,9.0,0.0,1023.8
2025-03-05 06:00:00+00:00,-0.9,100,-0.9,100,100,0,0,0.0,0.0,0.0,0.0,4.8,9.7,0.0,1023.6
2025-03-05 07:00:00+00:00,-0.6,99,-0.7,100,100,0,0,1.0,0.0,0.0,1.0,3.6,9.4,0.0,1023.6
2025-03-05 08:00:00+00:00,0.6,99,0.5,100,100,0,0,38.0,3.0,26.0,35.0,1.5,7.6,0.0,1024.2
2025-03-05 09:00:00+00:00,3.2,98,2.8,100,100,0,0,129.0,29.0,110.4,100.0,2.7,9.7,0.0,1024.1
2025-03-05 10:00:00+00:00,4.9,98,4.6,100,100,0,0,194.0,29.0,75.0,165.0,3.7,12.2,0.0,1023.8
2025-03-05 11:00:00+00:00,7.6,88,5.8,99,99,0,0,314.0,93.0,194.2,221.0,4.5,14.4,0.0,1023.6
2025-03-05 12:00:00+00:00,9.6,79,6.1,33,33,0,0,364.0,117.0,219.5,247.0,5.7,16.6,0.0,1023.1
2025-03-05 13:00:00+00:00,11.0,77,7.2,3,3,0,0,540.0,440.0,806.6,100.0,4.3,15.1,0.0,1022.3
2025-03-05 14:00:00+00:00,12.2,69,6.7,1,1,0,0,510.0,426.0,826.6,84.0,6.6,18.4,0.0,1021.6
2025-03-05 15:00:00+00:00,12.6,60,5.1,0,0,0,0,427.0,350.0,786.9,77.0,7.9,19.8,0.0,1021.0
2025-03-05 16:00:00+00:00,12.0,60,4.4,0,0,0,0,307.0,239.0,706.0,68.0,7.7,19.4,0.0,1020.7
2025-03-05 17:00:00+00:00,10.4,69,5.1,0,0,0,0,162.0,112.0,549.5,50.0,5.9,17.3,0.0,1020.5
2025-03-05 18:00:00+00:00,8.2,78,4.7,0,0,0,0,32.0,16.0,196.9,16.0,7.2,12.6,0.0,1020.5
2025-03-05 19:00:00+00:00,6.8,86,4.6,1,1,0,0,0.0,0.0,0.0,0.0,7.4,13.3,0.0,1020.6
2025-03-05 20:00:00+00:00,5.7,91,4.2,1,1,0,0,0.0,0.0,0.0,0.0,7.9,13.7,0.0,1020.4
2025-03-05 21:00:00+00:00,5.1,92,3.8,1,1,0,0,0.0,0.0,0.0,0.0,8.5,14.8,0.0,1020.1
2025-03-05 22:00:00+00:00,4.8,92,3.5,0,0,0,0,0.0,0.0,0.0,0.0,8.2,15.5,0.0,1019.6
2025-03-05 23:00:00+00:00,4.8,90,3.3,0,0,0,0,0.0,0.0,0.0,0.0,8.4,14.4,0.0,1019.0
2025-03-06 00:00:00+00:00,4.8,90,3.2,0,0,0,0,0.0,0.0,0.0,0.0,9.6,16.6,0.0,1018.5
2025-03-06 01:00:00+00:00,4.3,88,2.5,0,0,0,0,0.0,0.0,0.0,0.0,9.2,15.8,0.0,1018.2
2025-03-06 02:00:00+00:00,4.5,86,2.3,0,0,0,0,0.0,0.0,0.0,0.0,9.2,15.8,0.0,1017.5
2025-03-06 03:00:00+00:00,4.8,85,2.5,0,0,0,0,0.0,0.0,0.0,0.0,9.2,15.8,0.0,1016.5
2025-03-06 04:00:00+00:00,5.1,88,3.2,0,0,0,0,0.0,0.0,0.0,0.0,9.5,16.2,0.0,1015.9
2025-03-06 05:00:00+00:00,5.1,90,3.6,0,0,0,0,0.0,0.0,0.0,0.0,9.4,16.2,0.0,1015.2
2025-03-06 06:00:00+00:00,5.1,92,4.0,0,0,0,0,0.0,0.0,0.0,0.0,10.3,18.0,0.0,1014.7
2025-03-06 07:00:00+00:00,5.1,94,4.1,62,0,0,62,2.0,1.0,26.8,1.0,10.8,18.7,0.0,1014.4
2025-03-06 08:00:00+00:00,6.4,92,5.2,98,0,0,98,82.0,45.0,370.7,37.0,11.2,19.1,0.0,1014.6
2025-03-06 09:00:00+00:00,8.8,88,6.8,87,0,0,87,223.0,148.0,550.8,75.0,10.9,20.9,0.0,1014.3
2025-03-06 10:00:00+00:00,10.9,74,6.4,0,0,0,0,363.0,275.0,700.4,88.0,10.9,24.5,0.0,1013.9
2025-03-06 11:00:00+00:00,11.9,63,5.2,85,0,1,85,477.0,396.0,816.9,81.0,14.8,33.1,0.0,1013.7
2025-03-06 12:00:00+00:00,12.4,62,5.2,98,2,4,98,515.0,391.0,725.7,124.0,14.9,34.9,0.0,1013.4
2025-03-06 13:00:00+00:00,14.3,53,4.9,96,2,25,95,503.0,338.0,613.3,165.0,14.3,33.5,0.0,1012.5
2025-03-06 14:00:00+00:00,14.2,56,5.6,99,24,5,99,451.0,293.0,562.6,158.0,13.5,32.0,0.0,1012.0
2025-03-06 15:00:00+00:00,13.8,59,5.9,100,0,94,100,344.0,165.0,366.7,179.0,13.6,31.0,0.0,1011.6
2025-03-06 16:00:00+00:00,12.9,66,6.8,100,0,61,100,170.0,17.0,49.5,153.0,13.9,29.9,0.0,1011.4
2025-03-06 17:00:00+00:00,12.2,72,7.2,100,0,24,100,110.0,19.0,91.1,91.0,15.5,32.0,0.0,1011.2
2025-03-06 18:00:00+00:00,11.0,78,7.3,98,8,31,97,21.0,1.0,12.0,20.0,12.4,31.7,0.0,1011.3
2025-03-06 19:00:00+00:00,10.3,82,7.3,80,12,24,71,0.0,0.0,0.0,0.0,6.5,23.8,0.0,1011.9
2025-03-06 20:00:00+00:00,10.9,79,7.3,48,13,27,30,0.0,0.0,0.0,0.0,13.9,25.2,0.0,1011.8
2025-03-06 21:00:00+00:00,11.4,77,7.6,100,16,46,100,0.0,0.0,0.0,0.0,17.2,33.8,0.0,1011.9
2025-03-06 22:00:00+00:00,11.2,79,7.7,100,13,49,100,0.0,0.0,0.0,0.0,15.4,33.8,0.0,1012.0
2025-03-06 23:00:00+00:00,10.8,83,7.9,100,10,33,100,0.0,0.0,0.0,0.0,14.1,30.2,0.0,1012.1
2025-03-07 00:00:00+00:00,10.4,86,8.1,100,16,8,100,0.0,0.0,0.0,0.0,13.0,27.7,0.0,1011.9
2025-03-07 01:00:00+00:00,9.8,87,7.7,99,7,30,99,0.0,0.0,0.0,0.0,13.4,25.2,0.0,1011.5
2025-03-07 02:00:00+00:00,9.9,86,7.8,97,0,41,96,0.0,0.0,0.0,0.0,13.7,25.9,0.0,1011.3
2025-03-07 03:00:00+00:00,9.5,87,7.5,97,27,14,95,0.0,0.0,0.0,0.0,11.6,25.9,0.0,1010.9
2025-03-07 04:00:00+00:00,9.2,87,7.2,89,67,21,63,0.0,0.0,0.0,0.0,11.6,21.2,0.0,1010.8
2025-03-07 05:00:00+00:00,9.4,88,7.5,99,23,31,99,0.0,0.0,0.0,0.0,12.6,24.1,0.0,1010.8
2025-03-07 06:00:00+00:00,9.7,86,7.6,99,3,37,98,0.0,0.0,0.0,0.0,11.8,23.4,0.0,1010.6
2025-03-07 07:00:00+00:00,9.2,88,7.3,100,8,93,99,2.0,0.0,0.0,2.0,8.2,22.0,0.5,1011.0
2025-03-07 08:00:00+00:00,10.2,87,8.2,98,17,84,87,44.0,5.0,39.3,39.0,10.2,16.6,0.3,1011.3
2025-03-07 09:00:00+00:00,11.0,85,8.6,88,26,80,28,88.0,15.0,54.6,73.0,12.6,22.3,0.1,1011.3
2025-03-07 10:00:00+00:00,12.1,81,8.9,86,21,68,49,228.0,84.0,210.8,144.0,14.0,27.7,2.9,1011.7
2025-03-07 11:00:00+00:00,12.5,78,8.7,99,32,98,70,330.0,170.0,346.5,160.0,14.6,32.4,0.0,1011.8
2025-03-07 12:00:00+00:00,12.4,78,8.7,100,8,100,38,318.0,112.0,205.7,206.0,15.1,32.8,0.1,1011.6
2025-03-07 13:00:00+00:00,13.0,71,7.8,100,15,92,99,346.0,156.0,280.3,190.0,10.7,29.2,0.0,1011.3
2025-03-07 14:00:00+00:00,13.6,72,8.6,100,17,93,99,348.0,216.0,410.5,132.0,12.5,28.4,0.0,1010.8
2025-03-07 15:00:00+00:00,13.8,71,8.6,99,18,63,98,331.0,163.0,358.1,168.0,13.1,30.2,0.0,1010.6
2025-03-07 16:00:00+00:00,12.9,76,8.8,100,34,47,100,157.0,34.0,97.6,123.0,9.1,29.9,0.0,1010.3
2025-03-07 17:00:00+00:00,12.2,80,8.9,99,70,19,97,106.0,32.0,149.9,74.0,9.6,19.1,0.0,1010.1
2025-03-07 18:00:00+00:00,11.2,83,8.4,99,45,20,98,18.0,4.0,46.5,14.0,10.5,20.2,0.0,1010.3
2025-03-07 19:00:00+00:00,10.3,87,8.1,100,100,31,98,0.0,0.0,0.0,0.0,11.6,22.0,0.0,1010.3
2025-03-07 20:00:00+00:00,10.9,85,8.4,95,23,29,92,0.0,0.0,0.0,0.0,12.8,24.1,0.0,1010.4
2025-03-07 21:00:00+00:00,10.2,87,8.2,98,23,30,96,0.0,0.0,0.0,0.0,11.7,24.8,0.0,1010.4
2025-03-07 22:00:00+00:00,9.9,89,8.1,97,26,73,85,0.0,0.0,0.0,0.0,12.7,23.4,0.0,1010.5
2025-03-07 23:00:00+00:00,10.0,88,8.1,44,15,12,29,0.0,0.0,0.0,0.0,13.2,25.2,0.0,1010.3
2025-03-08 00:00:00+00:00,9.8,87,7.7,33,19,14,14,0.0,0.0,0.0,0.0,12.4,25.2,0.0,1010.1
2025-03-08 01:00:00+00:00,9.9,81,6.8,64,11,25,51,0.0,0.0,0.0,0.0,11.9,23.4,0.0,1009.8
2025-03-08 02:00:00+00:00,9.4,82,6.4,99,4,12,99,0.0,0.0,0.0,0.0,11.4,22.0,0.0,1009.1
2025-03-08 03:00:00+00:00,8.9,82,5.9,25,8,6,18,0.0,0.0,0.0,0.0,12.7,23.8,0.0,1008.4
2025-03-08 04:00:00+00:00,8.6,80,5.4,34,0,0,34,0.0,0.0,0.0,0.0,13.6,25.6,0.0,1008.0
2025-03-08 05:00:00+00:00,8.2,80,5.1,95,4,0,95,0.0,0.0,0.0,0.0,14.1,27.0,0.0,1007.9
2025-03-08 06:00:00+00:00,7.8,81,4.8,100,1,0,100,0.0,0.0,0.0,0.0,14.5,27.4,0.0,1007.5
2025-03-08 07:00:00+00:00,7.6,82,4.8,100,0,0,100,4.0,0.0,0.0,4.0,15.9,30.2,0.0,1007.6
2025-03-08 08:00:00+00:00,8.6,80,5.4,100,0,0,100,84.0,38.0,285.4,46.0,15.5,31.3,0.0,1007.8
2025-03-08 09:00:00+00:00,10.2,78,6.6,86,0,0,86,226.0,150.0,534.8,76.0,12.6,31.3,0.0,1007.6
2025-03-08 10:00:00+00:00,11.6,73,7.0,98,0,1,98,366.0,282.0,697.4,84.0,15.2,34.2,0.0,1007.6
2025-03-08 11:00:00+00:00,12.1,71,6.9,99,0,28,99,462.0,351.0,707.2,111.0,16.8,38.2,0.0,1007.4
2025-03-08 12:00:00+00:00,12.2,69,6.8,100,0,100,100,439.0,224.0,407.2,215.0,16.2,38.2,0.0,1007.0
2025-03-08 13:00:00+00:00,13.6,60,5.9,100,0,29,100,440.0,202.0,359.4,238.0,14.6,34.9,0.0,1006.5
2025-03-08 14:00:00+00:00,13.9,60,6.3,76,0,37,64,426.0,207.0,389.5,219.0,13.7,33.8,0.0,1005.8
2025-03-08 15:00:00+00:00,14.1,61,6.7,96,0,95,8,415.0,308.0,669.2,107.0,14.0,32.0,0.0,1005.2
2025-03-08 16:00:00+00:00,13.7,63,6.8,79,0,11,77,276.0,163.0,461.2,113.0,13.8,31.7,0.0,1005.0
2025-03-08 17:00:00+00:00,12.9,67,6.9,43,0,26,23,164.0,105.0,481.1,59.0,14.0,29.9,0.0,1005.0
2025-03-08 18:00:00+00:00,11.6,72,6.7,92,0,10,91,36.0,17.0,192.1,19.0,13.0,28.4,0.0,1005.2
2025-03-08 19:00:00+00:00,11.0,75,6.7,100,0,53,99,0.0,0.0,0.0,0.0,13.4,25.6,0.0,1005.1
2025-03-08 20:00:00+00:00,11.2,75,6.9,97,0,88,82,0.0,0.0,0.0,0.0,13.0,25.9,0.0,1004.8
2025-03-08 21:00:00+00:00,11.1,76,7.0,100,0,28,100,0.0,0.0,0.0,0.0,12.1,25.2,0.0,1004.7
2025-03-08 22:00:00+00:00,10.6,77,6.8,100,0,15,100,0.0,0.0,0.0,0.0,11.7,23.0,0.0,1004.6
2025-03-08 23:00:00+00:00,10.6,77,6.7,100,0,76,100,0.0,0.0,0.0,0.0,12.8,24.1,0.0,1004.3
2025-03-09 00:00:00+00:00,10.5,77,6.6,90,0,31,86,0.0,0.0,0.0,0.0,12.1,24.5,0.0,1004.0
2025-03-09 01:00:00+00:00,9.4,74,4.9,36,0,1,35,0.0,0.0,0.0,0.0,12.2,22.7,0.0,1003.6
2025-03-09 02:00:00+00:00,9.1,74,4.7,50,0,4,48,0.0,0.0,0.0,0.0,12.7,23.8,0.0,1003.0
2025-03-09 03:00:00+00:00,8.9,74,4.4,97,0,17,97,0.0,0.0,0.0,0.0,12.9,24.1,0.0,1002.4
2025-03-09 04:00:00+00:00,8.5,74,4.2,99,0,37,99,0.0,0.0,0.0,0.0,12.3,24.1,0.0,1002.0
2025-03-09 05:00:00+00:00,8.1,76,4.1,100,0,2,100,0.0,0.0,0.0,0.0,11.6,23.4,0.0,1002.0
2025-03-09 06:00:00+00:00,7.7,77,3.9,100,0,1,100,0.0,0.0,0.0,0.0,12.2,23.0,0.0,1001.9
2025-03-09 07:00:00+00:00,7.6,78,4.0,100,0,0,100,5.0,0.0,0.0,5.0,12.4,23.8,0.0,1002.2
2025-03-09 08:00:00+00:00,8.7,76,4.7,99,0,0,99,81.0,25.0,179.8,56.0,12.1,23.8,0.0,1002.2
2025-03-09 09:00:00+00:00,10.4,73,5.8,94,0,0,94,206.0,95.0,331.7,111.0,10.3,24.1,0.0,1002.2
2025-03-09 10:00:00+00:00,12.1,69,6.5,79,0,0,79,373.0,289.0,704.4,84.0,12.6,28.8,0.0,1002.1
2025-03-09 11:00:00+00:00,13.1,65,6.8,99,0,0,99,480.0,389.0,774.7,91.0,12.7,30.2,0.0,1001.9
2025-03-09 12:00:00+00:00,13.8,63,6.8,98,0,0,98,544.0,451.0,811.4,93.0,12.6,30.6,0.0,1001.9
2025-03-09 13:00:00+00:00,15.2,54,6.0,100,0,0,100,540.0,419.0,738.2,121.0,14.3,33.8,0.0,1001.2
2025-03-09 14:00:00+00:00,15.1,54,5.9,95,0,0,95,504.0,385.0,717.2,119.0,14.0,33.1,0.0,1000.8
2025-03-09 15:00:00+00:00,14.8,55,5.8,92,0,0,92,434.0,344.0,739.1,90.0,13.0,32.4,0.0,1000.6
2025-03-09 16:00:00+00:00,14.0,57,5.7,98,1,0,98,315.0,240.0,669.6,75.0,12.7,29.9,0.0,1000.6
2025-03-09 17:00:00+00:00,12.6,65,6.2,89,21,3,85,165.0,98.0,439.4,67.0,10.5,28.1,0.0,1001.0
2025-03-09 18:00:00+00:00,11.1,73,6.5,100,79,4,100,35.0,13.0,143.0,22.0,9.0,21.2,0.0,1001.3
2025-03-09 19:00:00+00:00,11.0,75,6.8,100,87,9,99,0.0,0.0,0.0,0.0,7.9,17.6,0.0,1001.4
2025-03-09 20:00:00+00:00,10.9,78,7.1,99,18,39,98,0.0,0.0,0.0,0.0,7.0,14.8,0.0,1001.8
2025-03-09 21:00:00+00:00,10.0,81,6.9,100,23,47,100,0.0,0.0,0.0,0.0,7.4,13.3,0.0,1002.2
2025-03-09 22:00:00+00:00,9.6,83,6.9,100,35,39,100,0.0,0.0,0.0,0.0,6.7,13.7,0.0,1002.3
2025-03-09 23:00:00+00:00,9.2,85,6.8,100,100,100,100,0.0,0.0,0.0,0.0,4.8,11.9,0.0,1002.0
2025-03-10 00:00:00+00:00,9.9,83,7.2,100,100,100,100,0.0,0.0,0.0,0.0,5.4,10.1,0.0,1001.4
2025-03-10 01:00:00+00:00,11.3,76,7.2,100,100,100,100,0.0,0.0,0.0,0.0,6.2,12.6,0.1,1001.3
2025-03-10 02:00:00+00:00,10.8,79,7.3,100,86,100,100,0.0,0.0,0.0,0.0,7.5,14.0,0.1,1001.0
2025-03-10 03:00:00+00:00,10.6,78,6.8,100,0,100,100,0.0,0.0,0.0,0.0,11.6,21.6,0.0,1000.2
2025-03-10 04:00:00+00:00,10.2,79,6.8,100,1,98,100,0.0,0.0,0.0,0.0,10.6,22.7,0.0,999.9
2025-03-10 05:00:00+00:00,9.6,81,6.6,100,1,100,100,0.0,0.0,0.0,0.0,10.9,21.2,0.0,1000.4
2025-03-10 06:00:00+00:00,9.2,80,6.0,100,15,100,100,0.0,0.0,0.0,0.0,8.7,21.2,0.0,1001.0
2025-03-10 07:00:00+00:00,9.1,80,5.8,100,6,98,96,2.0,0.0,0.0,2.0,7.7,16.6,0.0,1001.6
2025-03-10 08:00:00+00:00,9.6,78,5.9,100,4,100,98,39.0,2.0,13.8,37.0,8.4,16.2,0.0,1002.0
2025-03-10 09:00:00+00:00,10.1,77,6.2,100,0,100,100,82.0,2.0,6.8,80.0,8.1,18.4,0.0,1002.3
2025-03-10 10:00:00+00:00,10.2,80,6.9,100,1,100,100,85.0,1.0,2.4,84.0,5.8,16.6,0.1,1002.8
2025-03-10 11:00:00+00:00,11.4,79,7.9,100,0,96,99,182.0,12.0,23.6,170.0,6.9,16.9,0.0,1003.0
2025-03-10 12:00:00+00:00,12.8,76,8.6,86,0,74,49,349.0,115.0,204.8,234.0,7.7,20.2,0.0,1003.0
2025-03-10 13:00:00+00:00,13.2,74,8.7,97,0,72,92,322.0,80.0,139.6,242.0,12.4,29.2,0.0,1002.8
2025-03-10 14:00:00+00:00,14.2,68,8.4,94,5,23,93,446.0,236.0,435.3,210.0,13.0,31.3,0.0,1002.5
2025-03-10 15:00:00+00:00,14.5,67,8.4,86,9,45,74,390.0,230.0,488.8,160.0,12.5,30.2,0.0,1002.4
2025-03-10 16:00:00+00:00,13.9,68,8.1,100,7,100,56,289.0,184.0,506.4,105.0,13.5,29.9,0.0,1002.7
2025-03-10 17:00:00+00:00,12.4,70,7.1,100,8,100,61,96.0,6.0,26.3,90.0,13.0,30.2,0.0,1003.3
2025-03-10 18:00:00+00:00,11.3,75,6.9,100,0,100,75,18.0,0.0,0.0,18.0,13.9,27.7,0.0,1003.9
2025-03-10 19:00:00+00:00,10.8,79,7.2,100,3,100,100,0.0,0.0,0.0,0.0,15.2,30.6,0.0,1004.5
2025-03-10 20:00:00+00:00,10.0,76,5.9,100,8,100,100,0.0,0.0,0.0,0.0,16.2,33.1,0.0,1005.1
2025-03-10 21:00:00+00:00,9.0,73,4.3,100,3,100,89,0.0,0.0,0.0,0.0,17.8,36.4,0.0,1005.8
2025-03-10 22:00:00+00:00,8.1,73,3.5,100,2,100,98,0.0,0.0,0.0,0.0,19.1,39.6,0.0,1006.2
2025-03-10 23:00:00+00:00,7.5,76,3.5,100,2,100,100,0.0,0.0,0.0,0.0,17.5,39.6,0.0,1006.3
2025-03-11 00:00:00+00:00,7.2,79,3.8,100,6,100,100,0.0,0.0,0.0,0.0,17.1,35.6,0.0,1006.4
2025-03-11 01:00:00+00:00,7.2,83,4.6,100,2,100,98,0.0,0.0,0.0,0.0,19.4,39.6,0.1,1006.9
2025-03-11 02:00:00+00:00,6.9,87,4.9,100,11,100,33,0.0,0.0,0.0,0.0,19.1,39.2,0.1,1006.8
2025-03-11 03:00:00+00:00,6.7,87,4.7,100,20,100,0,0.0,0.0,0.0,0.0,19.1,39.2,0.0,1006.5
2025-03-11 04:00:00+00:00,6.4,86,4.2,100,44,100,3,0.0,0.0,0.0,0.0,19.0,39.2,0.0,1006.6
2025-03-11 05:00:00+00:00,6.1,85,3.7,100,15,100,0,0.0,0.0,0.0,0.0,18.5,39.6,0.0,1007.1
2025-03-11 06:00:00+00:00,5.8,84,3.3,100,33,100,0,0.0,0.0,0.0,0.0,16.6,38.2,0.0,1007.5
2025-03-11 07:00:00+00:00,5.7,84,3.1,100,30,100,0,2.0,0.0,0.0,2.0,15.7,34.6,0.0,1007.6
2025-03-11 08:00:00+00:00,5.9,80,2.8,85,79,29,0,38.0,0.0,0.0,38.0,16.2,35.3,0.0,1007.6
2025-03-11 09:00:00+00:00,6.8,72,2.2,100,94,99,52,188.0,71.0,237.9,117.0,18.0,40.0,0.0,1008.0
2025-03-11 10:00:00+00:00,6.8,68,1.2,100,77,42,100,161.0,4.0,9.5,157.0,17.5,40.3,0.0,1008.2
2025-03-11 11:00:00+00:00,7.8,61,0.9,100,63,19,100,362.0,153.0,297.8,209.0,18.5,42.1,0.0,1008.0
2025-03-11 12:00:00+00:00,8.4,59,0.9,97,44,62,90,421.0,175.0,308.5,246.0,17.2,41.8,0.0,1007.8
2025-03-11 13:00:00+00:00,8.1,61,1.0,100,90,73,98,289.0,41.0,70.9,248.0,15.6,38.2,0.0,1008.2
2025-03-11 14:00:00+00:00,8.4,58,0.5,97,65,74,63,350.0,108.0,197.3,242.0,15.6,36.7,0.0,1007.7
2025-03-11 15:00:00+00:00,8.4,56,0.1,99,99,0,0,264.0,59.0,124.0,205.0,15.9,36.4,0.0,1007.3
2025-03-11 16:00:00+00:00,8.1,56,-0.1,100,100,11,0,184.0,52.0,141.2,132.0,15.3,36.0,0.0,1007.2
2025-03-11 17:00:00+00:00,7.6,60,0.2,93,93,17,0,79.0,10.0,43.0,69.0,13.8,35.3,0.0,1007.2
2025-03-11 18:00:00+00:00,6.8,66,0.9,85,84,40,0,22.0,4.0,41.8,18.0,10.8,29.2,0.0,1007.3
2025-03-11 19:00:00+00:00,5.9,71,1.1,99,91,4,89,0.0,0.0,0.0,0.0,9.4,22.3,0.0,1007.5
2025-03-11 20:00:00+00:00,5.3,75,1.4,89,86,27,15,0.0,0.0,0.0,0.0,8.3,18.7,0.0,1007.7
2025-03-11 21:00:00+00:00,4.9,77,1.2,88,85,19,0,0.0,0.0,0.0,0.0,8.4,16.2,0.0,1007.8
2025-03-11 22:00:00+00:00,4.7,74,0.5,95,41,1,91,0.0,0.0,0.0,0.0,9.7,18.4,0.0,1007.8
2025-03-11 23:00:00+00:00,3.7,76,-0.1,2,2,0,1,0.0,0.0,0.0,0.0,8.6,19.1,0.0,1007.5
2025-03-12 00:00:00+00:00,2.4,84,-0.1,58,57,9,0,0.0,0.0,0.0,0.0,9.6,17.6,0.0,1007.3
2025-03-12 01:00:00+00:00,2.9,83,0.3,99,81,99,0,0.0,0.0,0.0,0.0,8.6,16.9,0.0,1006.7
2025-03-12 02:00:00+00:00,3.5,83,0.9,100,70,100,0,0.0,0.0,0.0,0.0,7.1,16.2,0.0,1006.3
2025-03-12 03:00:00+00:00,3.8,83,1.1,100,36,100,0,0.0,0.0,0.0,0.0,7.9,15.5,0.0,1005.7
2025-03-12 04:00:00+00:00,3.7,83,1.0,100,54,100,0,0.0,0.0,0.0,0.0,7.8,15.5,0.0,1005.3
2025-03-12 05:00:00+00:00,3.4,84,0.9,94,39,93,0,0.0,0.0,0.0,0.0,7.0,15.5,0.0,1005.2
2025-03-12 06:00:00+00:00,3.0,85,0.8,96,16,96,0,0.0,0.0,0.0,0.0,7.2,13.7,0.0,1004.9
2025-03-12 07:00:00+00:00,2.6,87,0.6,77,73,72,0,6.0,1.0,18.1,5.0,7.5,14.4,0.0,1004.9
2025-03-12 08:00:00+00:00,3.0,84,0.6,36,1,36,0,64.0,15.0,95.4,49.0,6.6,15.1,0.0,1004.9
2025-03-12 09:00:00+00:00,4.8,76,0.9,28,7,28,0,252.0,164.0,538.6,88.0,7.0,18.7,0.0,1004.5
2025-03-12 10:00:00+00:00,6.6,66,0.7,0,0,0,0,393.0,294.0,686.7,99.0,8.6,22.7,0.0,1004.2
2025-03-12 11:00:00+00:00,7.7,56,-0.4,38,14,34,0,514.0,423.0,814.0,91.0,9.2,25.6,0.0,1003.7
2025-03-12 12:00:00+00:00,8.1,53,-0.9,83,43,77,0,503.0,351.0,612.7,152.0,10.7,27.4,0.0,1003.2
2025-03-12 13:00:00+00:00,8.1,55,-0.3,100,47,100,0,428.0,250.0,428.0,178.0,10.2,25.9,0.1,1002.9
2025-03-12 14:00:00+00:00,6.3,68,0.8,82,52,79,0,201.0,29.0,52.5,172.0,12.5,29.9,0.3,1002.7
2025-03-12 15:00:00+00:00,6.8,65,0.6,24,17,12,0,248.0,107.0,222.5,141.0,10.2,28.4,0.0,1002.4
2025-03-12 16:00:00+00:00,7.2,62,0.5,17,14,6,0,311.0,222.0,594.8,89.0,11.7,28.4,0.0,1002.3
2025-03-12 17:00:00+00:00,5.7,68,0.3,86,37,82,0,174.0,111.0,467.6,63.0,11.0,30.2,0.1,1002.6
2025-03-12 18:00:00+00:00,5.0,76,1.1,31,30,8,0,36.0,9.0,91.7,27.0,7.7,22.0,0.0,1002.4
2025-03-12 19:00:00+00:00,4.2,81,1.1,30,29,7,0,0.0,0.0,0.0,0.0,8.9,15.8,0.0,1002.7
2025-03-12 20:00:00+00:00,3.8,80,0.6,14,14,1,0,0.0,0.0,0.0,0.0,12.4,23.4,0.0,1002.8
2025-03-12 21:00:00+00:00,3.2,82,0.4,3,3,0,0,0.0,0.0,0.0,0.0,13.3,25.9,0.0,1003.1
2025-03-12 22:00:00+00:00,2.6,86,0.6,0,0,0,0,0.0,0.0,0.0,0.0,13.5,25.9,0.0,1003.3
2025-03-12 23:00:00+00:00,2.2,90,0.6,0,0,0,0,0.0,0.0,0.0,0.0,14.0,27.4,0.0,1003.3
2025-03-13 00:00:00+00:00,1.8,92,0.7,85,1,12,84,0.0,0.0,0.0,0.0,14.6,28.4,0.0,1003.6
2025-03-13 01:00:00+00:00,2.3,92,1.1,39,3,14,36,0.0,0.0,0.0,0.0,15.1,30.2,0.0,1003.7
2025-03-13 02:00:00+00:00,2.0,93,0.9,2,2,0,0,0.0,0.0,0.0,0.0,14.8,30.6,0.0,1003.7
2025-03-13 03:00:00+00:00,1.5,94,0.6,0,0,0,0,0.0,0.0,0.0,0.0,13.3,29.2,0.0,1003.4
2025-03-13 04:00:00+00:00,1.1,94,0.2,0,0,0,0,0.0,0.0,0.0,0.0,12.9,25.9,0.0,1003.3
2025-03-13 05:00:00+00:00,0.9,94,0.0,46,46,0,0,0.0,0.0,0.0,0.0,13.1,25.2,0.0,1003.6
2025-03-13 06:00:00+00:00,1.1,93,0.1,99,99,3,0,0.0,0.0,0.0,0.0,12.8,26.3,0.0,1003.6
2025-03-13 07:00:00+00:00,1.7,90,0.3,55,42,22,0,9.0,1.0,17.1,8.0,12.5,25.2,0.0,1003.8
2025-03-13 08:00:00+00:00,3.0,82,0.3,27,27,0,0,106.0,50.0,306.2,56.0,13.1,32.8,0.0,1003.9
2025-03-13 09:00:00+00:00,4.2,75,0.2,38,38,0,0,260.0,173.0,557.0,87.0,19.4,41.8,0.0,1003.9
2025-03-13 10:00:00+00:00,5.2,70,0.2,44,44,0,0,378.0,255.0,587.4,123.0,18.3,42.1,0.0,1004.0
2025-03-13 11:00:00+00:00,6.2,66,0.2,46,46,0,0,454.0,296.0,563.2,158.0,17.8,41.4,0.0,1003.9
2025-03-13 12:00:00+00:00,6.7,64,0.4,26,22,9,0,470.0,294.0,508.1,176.0,16.7,41.0,0.1,1003.9
2025-03-13 13:00:00+00:00,7.2,59,-0.3,28,25,10,0,482.0,327.0,554.5,155.0,13.1,32.0,0.2,1004.4
2025-03-13 14:00:00+00:00,7.2,57,-0.8,47,35,35,0,479.0,361.0,646.9,118.0,14.1,33.5,0.1,1004.2
2025-03-13 15:00:00+00:00,7.4,54,-1.3,25,20,17,0,332.0,208.0,428.1,124.0,13.4,33.5,0.2,1004.2
2025-03-13 16:00:00+00:00,6.7,62,-0.2,42,33,18,0,296.0,206.0,544.8,90.0,16.6,36.4,0.3,1004.4
2025-03-13 17:00:00+00:00,6.4,68,0.9,29,23,16,0,163.0,92.0,379.9,71.0,11.7,36.4,0.1,1004.6
2025-03-13 18:00:00+00:00,5.3,73,0.9,56,5,55,0,47.0,23.0,228.8,24.0,11.9,24.1,0.0,1005.1
2025-03-13 19:00:00+00:00,4.1,79,0.8,29,19,23,0,0.0,0.0,0.0,0.0,10.2,23.4,0.0,1005.6
2025-03-13 20:00:00+00:00,3.5,83,0.9,12,10,5,0,0.0,0.0,0.0,0.0,11.9,23.8,0.0,1006.3
2025-03-13 21:00:00+00:00,2.8,88,1.0,0,0,0,0,0.0,0.0,0.0,0.0,10.9,22.7,0.0,1006.6
2025-03-13 22:00:00+00:00,2.0,91,0.8,0,0,0,0,0.0,0.0,0.0,0.0,10.6,20.5,0.0,1007.1
2025-03-13 23:00:00+00:00,1.5,93,0.5,0,0,0,0,0.0,0.0,0.0,0.0,10.4,20.2,0.0,1007.2
2025-03-14 00:00:00+00:00,0.9,94,0.1,0,0,0,0,0.0,0.0,0.0,0.0,10.2,19.4,0.0,1007.2
2025-03-14 01:00:00+00:00,0.8,94,-0.1,0,0,0,0,0.0,0.0,0.0,0.0,9.1,16.9,0.0,1007.4
2025-03-14 02:00:00+00:00,0.3,95,-0.4,0,0,0,0,0.0,0.0,0.0,0.0,8.3,16.6,0.0,1007.4
2025-03-14 03:00:00+00:00,-0.1,95,-0.8,0,0,0,0,0.0,0.0,0.0,0.0,7.8,15.1,0.0,1007.4
2025-03-14 04:00:00+00:00,-0.6,96,-1.1,0,0,0,0,0.0,0.0,0.0,0.0,8.2,14.8,0.0,1007.6
2025-03-14 05:00:00+00:00,-0.9,96,-1.5,0,0,0,0,0.0,0.0,0.0,0.0,7.8,14.8,0.0,1007.8
2025-03-14 06:00:00+00:00,-1.2,96,-1.7,1,0,1,1,0.0,0.0,0.0,0.0,7.4,14.0,0.0,1008.5
2025-03-14 07:00:00+00:00,-1.1,97,-1.5,25,0,12,15,13.0,5.0,81.2,8.0,7.8,14.4,0.0,1009.0
2025-03-14 08:00:00+00:00,0.9,95,0.1,83,0,72,39,125.0,76.0,448.6,49.0,7.1,14.8,0.0,1009.6
2025-03-14 09:00:00+00:00,3.5,87,1.5,59,0,44,27,262.0,175.0,552.6,87.0,5.0,15.1,0.0,1009.9
2025-03-14 10:00:00+00:00,5.8,73,1.4,5,2,2,2,416.0,319.0,724.8,97.0,7.4,20.9,0.0,1010.3
2025-03-14 11:00:00+00:00,6.9,69,1.7,32,15,21,0,495.0,378.0,711.3,117.0,8.7,27.0,0.0,1010.5
2025-03-14 12:00:00+00:00,7.7,65,1.6,71,58,33,0,510.0,366.0,626.4,144.0,9.4,27.7,0.1,1010.9
2025-03-14 13:00:00+00:00,8.0,55,-0.5,54,12,52,0,511.0,366.0,614.9,145.0,14.3,33.8,0.1,1011.5
2025-03-14 14:00:00+00:00,8.2,54,-0.6,66,20,63,4,444.0,276.0,489.9,168.0,14.4,33.8,0.0,1011.8
2025-03-14 15:00:00+00:00,7.7,61,0.7,56,15,49,4,332.0,162.0,329.9,170.0,14.9,34.6,0.3,1012.3
2025-03-14 16:00:00+00:00,7.8,63,1.3,90,3,35,84,262.0,149.0,389.0,113.0,13.3,33.5,0.1,1012.8
2025-03-14 17:00:00+00:00,7.1,65,0.9,51,9,6,43,163.0,81.0,328.1,82.0,13.0,35.3,0.0,1013.3
2025-03-14 18:00:00+00:00,5.8,71,0.9,32,11,25,5,56.0,27.0,262.4,29.0,10.9,26.6,0.0,1014.2
2025-03-14 19:00:00+00:00,4.8,76,1.0,57,4,16,48,0.0,0.0,0.0,0.0,12.0,22.7,0.0,1015.2
2025-03-14 20:00:00+00:00,4.0,82,1.1,100,0,7,100,0.0,0.0,0.0,0.0,11.6,22.7,0.0,1016.0
2025-03-14 21:00:00+00:00,3.3,86,1.2,23,2,22,0,0.0,0.0,0.0,0.0,10.6,21.6,0.0,1016.7
2025-03-14 22:00:00+00:00,2.7,90,1.2,15,1,15,0,0.0,0.0,0.0,0.0,9.9,20.2,0.0,1017.4
2025-03-14 23:00:00+00:00,2.1,93,1.0,12,0,12,0,0.0,0.0,0.0,0.0,10.6,19.4,0.0,1017.9
2025-03-15 00:00:00+00:00,1.7,94,0.8,4,1,3,0,0.0,0.0,0.0,0.0,10.7,20.2,0.0,1018.5
2025-03-15 01:00:00+00:00,2.2,92,1.0,2,2,0,0,0.0,0.0,0.0,0.0,10.6,20.5,0.0,1018.7
2025-03-15 02:00:00+00:00,1.6,94,0.8,2,2,0,0,0.0,0.0,0.0,0.0,11.6,21.6,0.0,1019.0
2025-03-15 03:00:00+00:00,1.4,95,0.6,0,0,0,0,0.0,0.0,0.0,0.0,12.3,23.0,0.0,1019.2
2025-03-15 04:00:00+00:00,1.0,95,0.3,0,0,0,0,0.0,0.0,0.0,0.0,12.6,24.1,0.0,1019.6
2025-03-15 05:00:00+00:00,0.8,95,0.1,0,0,0,0,0.0,0.0,0.0,0.0,12.9,24.5,0.0,1020.2
2025-03-15 06:00:00+00:00,0.6,96,0.2,1,1,0,0,0.0,0.0,0.0,0.0,13.4,25.2,0.0,1020.8
2025-03-15 07:00:00+00:00,0.9,96,0.3,0,0,0,0,15.0,5.0,77.3,10.0,13.8,26.3,0.0,1021.5
2025-03-15 08:00:00+00:00,2.5,90,0.9,0,0,0,0,132.0,81.0,461.3,51.0,11.9,27.7,0.0,1022.0
2025-03-15 09:00:00+00:00,4.3,81,1.4,2,2,0,0,289.0,216.0,669.1,73.0,12.8,29.2,0.0,1022.2
2025-03-15 10:00:00+00:00,5.8,66,-0.1,17,16,5,0,435.0,349.0,782.2,86.0,19.1,42.1,0.0,1022.5
2025-03-15 11:00:00+00:00,6.3,56,-1.8,44,44,0,0,498.0,368.0,684.9,130.0,21.6,47.9,0.0,1022.5
2025-03-15 12:00:00+00:00,7.0,51,-2.5,97,97,0,0,510.0,338.0,572.9,172.0,20.6,49.3,0.0,1022.4
2025-03-15 13:00:00+00:00,7.4,53,-1.5,79,79,0,0,444.0,196.0,326.3,248.0,19.6,48.6,0.0,1022.2
2025-03-15 14:00:00+00:00,7.4,52,-1.7,72,72,1,0,440.0,264.0,464.3,176.0,18.3,44.3,0.0,1022.0
2025-03-15 15:00:00+00:00,7.6,48,-2.7,64,64,3,0,341.0,134.0,270.1,207.0,20.2,44.3,0.0,1021.5
2025-03-15 16:00:00+00:00,7.4,47,-3.2,79,79,3,0,265.0,136.0,350.6,129.0,21.5,49.3,0.0,1021.4
2025-03-15 17:00:00+00:00,6.9,52,-2.2,56,55,5,0,142.0,37.0,147.0,105.0,17.2,50.8,0.0,1021.9
2025-03-15 18:00:00+00:00,6.1,57,-2.0,9,9,0,0,46.0,14.0,133.0,32.0,13.5,36.0,0.0,1022.3
2025-03-15 19:00:00+00:00,4.7,63,-1.8,29,28,1,0,0.0,0.0,0.0,0.0,13.3,27.7,0.0,1022.9
2025-03-15 20:00:00+00:00,4.1,66,-1.7,46,46,0,0,0.0,0.0,0.0,0.0,14.3,27.4,0.0,1023.5
2025-03-15 21:00:00+00:00,3.5,71,-1.4,33,33,0,0,0.0,0.0,0.0,0.0,13.6,28.1,0.0,1024.2
2025-03-15 22:00:00+00:00,2.4,77,-1.3,9,9,0,0,0.0,0.0,0.0,0.0,11.5,26.6,0.0,1024.5
2025-03-15 23:00:00+00:00,1.4,82,-1.4,0,0,0,0,0.0,0.0,0.0,0.0,11.1,21.6,0.0,1024.7
2025-03-16 00:00:00+00:00,0.6,86,-1.6,0,0,0,0,0.0,0.0,0.0,0.0,11.3,20.9,0.0,1024.4
2025-03-16 01:00:00+00:00,0.1,83,-2.5,0,0,0,0,0.0,0.0,0.0,0.0,12.6,23.8,0.0,1024.0
2025-03-16 02:00:00+00:00,-0.5,85,-2.7,1,1,0,0,0.0,0.0,0.0,0.0,13.6,25.6,0.0,1024.1
2025-03-16 03:00:00+00:00,-0.8,86,-2.8,0,0,0,0,0.0,0.0,0.0,0.0,14.3,27.4,0.0,1023.9
2025-03-16 04:00:00+00:00,-1.0,86,-3.0,0,0,0,0,0.0,0.0,0.0,0.0,14.5,28.1,0.0,1023.9
2025-03-16 05:00:00+00:00,-1.0,86,-3.1,0,0,0,0,0.0,0.0,0.0,0.0,13.9,28.1,0.0,1024.2
2025-03-16 06:00:00+00:00,-1.2,86,-3.3,0,0,0,0,0.0,0.0,0.0,0.0,14.3,27.7,0.0,1024.5
2025-03-16 07:00:00+00:00,-0.9,84,-3.3,0,0,0,0,18.0,7.0,103.2,11.0,14.3,27.4,0.0,1025.1
2025-03-16 08:00:00+00:00,0.7,81,-2.2,0,0,0,0,143.0,93.0,511.6,50.0,11.5,27.7,0.0,1025.2
2025-03-16 09:00:00+00:00,2.8,74,-1.2,0,0,0,0,304.0,233.0,708.3,71.0,13.0,29.9,0.0,1025.2
2025-03-16 10:00:00+00:00,4.8,69,-0.5,1,1,0,0,450.0,366.0,809.4,84.0,14.6,34.2,0.0,1025.4
2025-03-16 11:00:00+00:00,6.1,58,-1.5,13,13,0,0,558.0,466.0,857.9,92.0,16.6,39.2,0.0,1025.2
2025-03-16 12:00:00+00:00,7.1,53,-1.8,15,15,0,0,603.0,494.0,829.3,109.0,16.8,40.0,0.0,1025.2
2025-03-16 13:00:00+00:00,8.2,52,-1.1,22,22,0,0,608.0,489.0,806.7,119.0,17.1,40.7,0.0,1025.0
2025-03-16 14:00:00+00:00,8.9,47,-1.8,47,47,0,0,544.0,398.0,693.5,146.0,18.0,40.3,0.0,1024.6
2025-03-16 15:00:00+00:00,9.0,46,-2.0,26,26,0,0,444.0,303.0,604.6,141.0,16.8,41.4,0.0,1024.2
2025-03-16 16:00:00+00:00,9.0,47,-1.8,75,75,0,0,349.0,246.0,626.3,103.0,18.1,40.0,0.0,1024.0
2025-03-16 17:00:00+00:00,7.8,58,0.1,74,74,0,0,177.0,82.0,319.9,95.0,16.5,45.7,0.0,1024.7
2025-03-16 18:00:00+00:00,6.8,64,0.6,9,9,0,0,51.0,15.0,139.4,36.0,12.6,34.6,0.0,1025.4
2025-03-16 19:00:00+00:00,5.4,74,1.1,21,21,0,0,0.0,0.0,0.0,0.0,10.9,25.6,0.0,1026.2
2025-03-16 20:00:00+00:00,4.8,80,1.6,36,36,0,0,0.0,0.0,0.0,0.0,11.5,22.3,0.0,1026.8
2025-03-16 21:00:00+00:00,4.3,84,1.9,100,100,0,0,0.0,0.0,0.0,0.0,10.3,22.0,0.0,1027.2
2025-03-16 22:00:00+00:00,4.9,84,2.5,97,97,0,0,0.0,0.0,0.0,0.0,9.3,19.4,0.0,1027.5
2025-03-16 23:00:00+00:00,4.8,86,2.7,97,97,0,0,0.0,0.0,0.0,0.0,8.3,17.6,0.0,1027.5
2025-03-17 00:00:00+00:00,4.2,90,2.6,89,89,0,0,0.0,0.0,0.0,0.0,8.8,16.6,0.0,1027.5
2025-03-17 01:00:00+00:00,3.5,90,2.0,31,31,0,0,0.0,0.0,0.0,0.0,9.7,18.0,0.0,1027.4
2025-03-17 02:00:00+00:00,3.2,92,2.0,76,76,0,0,0.0,0.0,0.0,0.0,10.4,19.1,0.0,1027.4
2025-03-17 03:00:00+00:00,4.0,92,2.8,87,87,0,0,0.0,0.0,0.0,0.0,10.7,20.2,0.0,1027.1
2025-03-17 04:00:00+00:00,4.3,94,3.5,84,84,0,0,0.0,0.0,0.0,0.0,11.5,22.0,0.0,1027.1
2025-03-17 05:00:00+00:00,4.6,94,3.6,100,100,0,0,0.0,0.0,0.0,0.0,12.1,23.8,0.0,1027.2
2025-03-17 06:00:00+00:00,5.0,89,3.4,100,100,0,0,0.0,0.0,0.0,0.0,13.4,26.6,0.0,1027.1
2025-03-17 07:00:00+00:00,5.0,85,2.7,100,100,0,0,6.0,0.0,0.0,6.0,14.9,30.2,0.0,1027.4
2025-03-17 08:00:00+00:00,5.2,82,2.5,100,100,0,0,37.0,0.0,0.0,37.0,14.7,31.3,0.0,1027.7
2025-03-17 09:00:00+00:00,5.4,83,2.7,100,100,0,0,74.0,8.0,23.9,66.0,14.1,29.9,0.0,1027.9
2025-03-17 10:00:00+00:00,5.8,80,2.7,100,100,0,0,99.0,3.0,6.5,96.0,14.3,31.3,0.0,1027.9
2025-03-17 11:00:00+00:00,7.2,70,2.0,100,100,0,0,177.0,14.0,25.5,163.0,19.3,41.0,0.0,1027.7
2025-03-17 12:00:00+00:00,8.2,62,1.5,100,100,0,0,272.0,26.0,43.2,246.0,17.1,41.8,0.0,1027.7
2025-03-17 13:00:00+00:00,7.9,68,2.3,100,100,0,0,253.0,52.0,85.0,201.0,18.5,41.0,0.1,1027.6
2025-03-17 14:00:00+00:00,7.9,66,2.0,100,100,0,0,249.0,28.0,48.3,221.0,17.2,41.0,0.0,1027.3
2025-03-17 15:00:00+00:00,7.4,66,1.6,100,100,0,0,143.0,3.0,5.9,140.0,16.9,38.9,0.0,1026.8
2025-03-17 16:00:00+00:00,7.8,60,0.6,100,100,0,0,144.0,19.0,47.8,125.0,17.5,41.8,0.0,1026.2
2025-03-17 17:00:00+00:00,8.1,63,1.4,100,100,0,0,118.0,29.0,111.1,89.0,15.5,42.5,0.0,1026.2
2025-03-17 18:00:00+00:00,7.4,69,2.0,100,100,0,0,33.0,3.0,27.3,30.0,14.8,32.0,0.0,1026.2
2025-03-17 19:00:00+00:00,6.6,72,2.0,100,100,0,0,0.0,0.0,0.0,0.0,17.0,35.3,0.0,1026.7
2025-03-17 20:00:00+00:00,5.9,73,1.5,98,98,0,0,0.0,0.0,0.0,0.0,15.2,35.3,0.0,1026.9
2025-03-17 21:00:00+00:00,5.8,71,0.8,97,97,0,0,0.0,0.0,0.0,0.0,14.7,31.7,0.0,1026.7
2025-03-17 22:00:00+00:00,5.7,71,0.9,100,100,0,0,0.0,0.0,0.0,0.0,13.8,30.2,0.0,1026.7
2025-03-17 23:00:00+00:00,5.4,74,1.2,73,73,0,0,0.0,0.0,0.0,0.0,13.2,28.8,0.0,1026.3
2025-03-18 00:00:00+00:00,4.7,79,1.4,34,34,0,0,0.0,0.0,0.0,0.0,12.9,27.0,0.0,1026.0
2025-03-18 01:00:00+00:00,3.2,83,0.6,1,1,0,0,0.0,0.0,0.0,0.0,13.9,27.0,0.0,1025.4
2025-03-18 02:00:00+00:00,3.0,84,0.6,0,0,0,0,0.0,0.0,0.0,0.0,14.5,28.1,0.0,1024.8
2025-03-18 03:00:00+00:00,2.9,83,0.2,0,0,0,0,0.0,0.0,0.0,0.0,15.2,29.2,0.0,1024.1
2025-03-18 04:00:00+00:00,2.8,82,-0.1,0,0,0,0,0.0,0.0,0.0,0.0,15.3,29.5,0.0,1023.7
2025-03-18 05:00:00+00:00,2.5,81,-0.3,0,0,0,0,0.0,0.0,0.0,0.0,15.2,29.5,0.0,1023.9
2025-03-18 06:00:00+00:00,2.4,81,-0.5,0,0,0,0,0.0,0.0,0.0,0.0,15.6,30.2,0.0,1023.7
2025-03-18 07:00:00+00:00,2.8,80,-0.4,0,0,0,0,23.0,10.0,134.9,13.0,15.5,30.2,0.0,1023.9
2025-03-18 08:00:00+00:00,4.4,76,0.4,0,0,0,0,153.0,101.0,520.1,52.0,12.3,32.0,0.0,1024.0
2025-03-18 09:00:00+00:00,6.2,69,0.9,0,0,0,0,312.0,240.0,703.4,72.0,15.5,33.8,0.0,1023.8
2025-03-18 10:00:00+00:00,7.4,65,1.2,0,0,0,0,456.0,371.0,799.2,85.0,17.8,40.3,0.0,1023.8
2025-03-18 11:00:00+00:00,8.0,60,0.8,0,0,0,0,563.0,470.0,847.1,93.0,18.7,43.2,0.0,1023.7
2025-03-18 12:00:00+00:00,8.3,56,0.1,0,0,0,0,627.0,532.0,876.5,95.0,18.8,43.6,0.0,1023.4
2025-03-18 13:00:00+00:00,10.5,43,-1.5,0,0,0,0,643.0,550.0,891.4,93.0,17.8,41.0,0.0,1022.1
2025-03-18 14:00:00+00:00,10.9,41,-2.0,0,0,0,0,607.0,517.0,884.8,90.0,19.6,44.6,0.0,1021.0
2025-03-18 15:00:00+00:00,11.1,40,-2.0,0,0,0,0,520.0,436.0,853.0,84.0,17.9,44.6,0.0,1020.3
2025-03-18 16:00:00+00:00,10.6,43,-1.5,0,0,0,0,390.0,315.0,782.6,75.0,14.5,39.6,0.0,1020.3
2025-03-18 17:00:00+00:00,9.5,51,-0.1,0,0,0,0,232.0,172.0,647.2,60.0,11.6,31.7,0.0,1020.4
2025-03-18 18:00:00+00:00,7.6,59,0.1,0,0,0,0,76.0,44.0,391.7,32.0,10.7,24.1,0.0,1020.7
2025-03-18 19:00:00+00:00,6.4,62,-0.2,0,0,0,0,1.0,0.0,0.0,1.0,12.8,24.5,0.0,1020.9
2025-03-18 20:00:00+00:00,5.6,66,-0.4,0,0,0,0,0.0,0.0,0.0,0.0,12.7,25.6,0.0,1020.9
2025-03-18 21:00:00+00:00,4.8,71,-0.1,0,0,0,0,0.0,0.0,0.0,0.0,11.4,24.1,0.0,1021.1
2025-03-18 22:00:00+00:00,4.3,75,0.2,0,0,0,0,0.0,0.0,0.0,0.0,11.0,21.2,0.0,1021.2
2025-03-18 23:00:00+00:00,4.2,79,0.9,0,0,0,0,0.0,0.0,0.0,0.0,11.0,20.5,0.0,1020.8
2025-03-19 00:00:00+00:00,4.1,83,1.5,0,0,0,0,0.0,0.0,0.0,0.0,10.5,20.2,0.0,1020.7
2025-03-19 01:00:00+00:00,3.0,79,-0.3,10,0,0,10,0.0,0.0,0.0,0.0,9.1,18.4,0.0,1020.6
2025-03-19 02:00:00+00:00,2.7,81,-0.2,100,0,3,100,0.0,0.0,0.0,0.0,8.6,16.2,0.0,1020.5
2025-03-19 03:00:00+00:00,2.5,83,-0.1,27,0,25,11,0.0,0.0,0.0,0.0,8.2,15.5,0.0,1020.1
2025-03-19 04:00:00+00:00,2.1,85,-0.2,11,0,10,2,0.0,0.0,0.0,0.0,7.8,15.1,0.0,1020.1
2025-03-19 05:00:00+00:00,2.0,85,-0.3,99,0,3,99,0.0,0.0,0.0,0.0,7.8,14.4,0.0,1020.0
2025-03-19 06:00:00+00:00,1.9,85,-0.3,1,0,0,1,0.0,0.0,0.0,0.0,7.8,14.4,0.0,1020.3
2025-03-19 07:00:00+00:00,2.6,83,0.1,3,3,0,0,25.0,11.0,142.4,14.0,8.0,14.4,0.0,1020.9
2025-03-19 08:00:00+00:00,5.2,78,1.7,8,0,0,8,151.0,97.0,484.0,54.0,7.9,15.1,0.0,1021.0
2025-03-19 09:00:00+00:00,8.0,74,3.6,100,0,0,100,304.0,228.0,656.5,76.0,6.3,16.6,0.0,1020.9
2025-03-19 10:00:00+00:00,10.1,74,5.7,90,0,60,88,385.0,224.0,476.4,161.0,8.0,20.2,0.0,1020.8
2025-03-19 11:00:00+00:00,11.8,72,6.8,51,0,41,23,508.0,357.0,636.8,151.0,8.2,22.3,0.0,1020.9
2025-03-19 12:00:00+00:00,13.0,68,7.3,95,0,95,0,569.0,408.0,666.1,161.0,8.5,23.0,0.0,1020.8
2025-03-19 13:00:00+00:00,13.9,63,7.0,99,0,70,98,404.0,168.0,269.9,236.0,9.5,23.8,0.0,1020.3
2025-03-19 14:00:00+00:00,14.1,59,6.3,100,0,100,97,496.0,305.0,517.4,191.0,10.5,26.3,0.0,1019.9
2025-03-19 15:00:00+00:00,13.1,63,6.1,96,0,70,90,257.0,44.0,85.3,213.0,10.1,25.9,0.0,1019.8
2025-03-19 16:00:00+00:00,12.6,66,6.3,98,0,97,92,268.0,118.0,289.7,150.0,9.0,23.8,0.0,1019.7
2025-03-19 17:00:00+00:00,11.6,71,6.6,99,0,99,14,140.0,39.0,144.2,101.0,8.2,20.5,0.0,1019.8
2025-03-19 18:00:00+00:00,10.4,78,6.7,43,0,37,10,27.0,2.0,17.4,25.0,7.8,17.6,0.0,1020.2
2025-03-19 19:00:00+00:00,8.9,83,6.2,100,0,100,0,1.0,0.0,0.0,1.0,8.4,15.1,0.0,1020.4
2025-03-19 20:00:00+00:00,9.2,82,6.4,91,0,91,0,0.0,0.0,0.0,0.0,7.7,15.8,0.0,1020.6
2025-03-19 21:00:00+00:00,9.2,82,6.4,65,0,65,0,0.0,0.0,0.0,0.0,7.0,14.4,0.0,1020.7
2025-03-19 22:00:00+00:00,8.7,84,6.2,17,1,16,0,0.0,0.0,0.0,0.0,7.1,13.0,0.0,1020.8
2025-03-19 23:00:00+00:00,8.1,86,5.8,18,5,14,0,0.0,0.0,0.0,0.0,6.4,12.6,0.0,1020.8
2025-03-20 00:00:00+00:00,7.8,87,5.7,24,0,24,0,0.0,0.0,0.0,0.0,5.8,11.5,0.0,1020.8
2025-03-20 01:00:00+00:00,8.7,81,5.7,73,5,72,0,0.0,0.0,0.0,0.0,7.1,13.3,0.0,1020.6
2025-03-20 02:00:00+00:00,8.7,82,5.8,97,29,96,0,0.0,0.0,0.0,0.0,7.2,13.3,0.0,1020.5
2025-03-20 03:00:00+00:00,8.9,83,6.1,55,0,55,0,0.0,0.0,0.0,0.0,7.1,13.7,0.0,1020.0
2025-03-20 04:00:00+00:00,8.0,86,5.8,1,0,1,0,0.0,0.0,0.0,0.0,8.2,14.4,0.0,1019.6
2025-03-20 05:00:00+00:00,7.6,87,5.6,0,0,0,0,0.0,0.0,0.0,0.0,7.6,14.4,0.0,1019.5
2025-03-20 06:00:00+00:00,7.3,88,5.4,7,7,0,0,0.0,0.0,0.0,0.0,9.0,15.5,0.0,1019.5
2025-03-20 07:00:00+00:00,7.7,89,5.9,10,10,0,0,26.0,11.0,136.8,15.0,10.5,19.1,0.0,1020.0
2025-03-20 08:00:00+00:00,9.6,85,7.2,2,2,0,0,150.0,92.0,445.3,58.0,10.2,19.8,0.0,1020.2
2025-03-20 09:00:00+00:00,11.7,79,8.2,1,0,1,0,305.0,229.0,648.0,76.0,9.1,21.2,0.0,1020.2
2025-03-20 10:00:00+00:00,13.1,74,8.6,0,0,0,0,444.0,357.0,749.8,87.0,11.0,27.0,0.0,1020.2
2025-03-20 11:00:00+00:00,14.1,71,8.9,0,0,0,0,550.0,455.0,803.3,95.0,10.8,27.0,0.0,1019.9
2025-03-20 12:00:00+00:00,14.7,69,9.0,7,0,0,7,612.0,514.0,831.6,98.0,11.7,29.5,0.0,1019.4
2025-03-20 13:00:00+00:00,17.4,56,8.4,1,0,0,1,625.0,528.0,841.1,97.0,13.9,32.0,0.0,1018.3
2025-03-20 14:00:00+00:00,16.8,57,8.2,0,0,0,0,586.0,492.0,827.4,94.0,15.4,35.3,0.0,1017.8
2025-03-20 15:00:00+00:00,15.9,60,8.1,0,0,0,0,500.0,412.0,790.7,88.0,13.5,35.3,0.0,1017.4
2025-03-20 16:00:00+00:00,15.4,62,8.1,1,0,1,0,375.0,297.0,720.8,78.0,12.5,30.6,0.0,1016.9
2025-03-20 17:00:00+00:00,14.3,66,7.9,1,0,1,0,225.0,162.0,589.0,63.0,12.3,27.7,0.0,1016.5
2025-03-20 18:00:00+00:00,12.9,68,7.1,89,0,0,89,77.0,43.0,359.9,34.0,13.3,27.0,0.0,1016.3
2025-03-20 19:00:00+00:00,11.9,70,6.7,100,0,0,100,2.0,0.0,0.0,2.0,13.9,26.3,0.0,1015.9
2025-03-20 20:00:00+00:00,11.6,74,7.1,100,0,0,100,0.0,0.0,0.0,0.0,15.5,29.5,0.0,1015.8
2025-03-20 21:00:00+00:00,11.4,78,7.6,100,0,0,100,0.0,0.0,0.0,0.0,16.4,31.7,0.0,1015.7
2025-03-20 22:00:00+00:00,10.9,82,7.9,100,0,0,100,0.0,0.0,0.0,0.0,15.4,31.7,0.0,1015.1
2025-03-20 23:00:00+00:00,10.6,86,8.3,100,0,0,100,0.0,0.0,0.0,0.0,14.7,29.5,0.0,1014.5
2025-03-21 00:00:00+00:00,10.4,88,8.5,100,0,0,100,0.0,0.0,0.0,0.0,14.4,28.1,0.0,1013.7
2025-03-21 01:00:00+00:00,10.6,81,7.4,100,0,44,100,0.0,0.0,0.0,0.0,13.9,27.0,0.0,1012.7
2025-03-21 02:00:00+00:00,10.4,82,7.4,100,0,74,100,0.0,0.0,0.0,0.0,14.3,27.4,0.0,1011.8
2025-03-21 03:00:00+00:00,10.0,84,7.3,100,0,43,100,0.0,0.0,0.0,0.0,13.7,27.4,0.0,1010.9
2025-03-21 04:00:00+00:00,9.7,84,7.2,100,0,2,100,0.0,0.0,0.0,0.0,14.9,28.8,0.0,1010.1
2025-03-21 05:00:00+00:00,9.4,85,7.0,100,0,0,100,0.0,0.0,0.0,0.0,13.6,28.8,0.0,1009.6
2025-03-21 06:00:00+00:00,9.3,85,6.9,100,0,15,100,0.0,0.0,0.0,0.0,14.2,27.0,0.0,1009.1
2025-03-21 07:00:00+00:00,9.7,83,7.0,85,0,9,84,20.0,1.0,12.0,19.0,16.1,31.7,0.0,1008.4
2025-03-21 08:00:00+00:00,10.9,81,7.7,100,0,85,99,131.0,53.0,249.1,78.0,13.8,36.7,0.0,1007.7
2025-03-21 09:00:00+00:00,12.0,78,8.2,100,0,100,100,263.0,130.0,361.6,133.0,15.9,34.6,0.0,1007.2
2025-03-21 10:00:00+00:00,12.9,75,8.5,100,0,86,100,388.0,223.0,462.6,165.0,16.6,36.7,0.0,1006.6
2025-03-21 11:00:00+00:00,12.6,74,8.0,100,0,9,100,336.0,53.0,92.6,283.0,18.5,40.7,0.0,1005.6
2025-03-21 12:00:00+00:00,13.3,70,7.8,99,0,41,99,587.0,442.0,708.7,145.0,20.8,46.8,0.0,1004.8
2025-03-21 13:00:00+00:00,13.5,65,7.0,95,0,0,95,452.0,151.0,238.5,301.0,19.8,44.3,0.0,1003.9
2025-03-21 14:00:00+00:00,14.1,65,7.7,100,0,29,100,527.0,336.0,560.3,191.0,17.2,44.3,0.0,1002.8
2025-03-21 15:00:00+00:00,14.3,66,8.1,99,0,76,97,452.0,301.0,572.3,151.0,17.7,38.9,0.0,1002.3
2025-03-21 16:00:00+00:00,13.8,70,8.3,100,0,100,99,317.0,170.0,407.9,147.0,16.8,39.6,0.0,1001.8
2025-03-21 17:00:00+00:00,12.4,79,8.9,100,20,97,99,99.0,3.0,10.7,96.0,17.8,36.4,0.6,1001.4
2025-03-21 18:00:00+00:00,11.6,87,9.5,100,17,100,100,39.0,3.0,24.2,36.0,15.3,34.2,0.5,1001.7
2025-03-21 19:00:00+00:00,10.9,95,10.1,100,46,100,100,0.0,0.0,0.0,0.0,14.5,28.4,0.9,1001.2
2025-03-21 20:00:00+00:00,11.1,93,9.9,99,12,93,91,0.0,0.0,0.0,0.0,19.2,35.3,0.2,1001.0
2025-03-21 21:00:00+00:00,10.8,93,9.6,100,21,63,100,0.0,0.0,0.0,0.0,16.1,36.0,0.0,1000.9
2025-03-21 22:00:00+00:00,10.8,92,9.6,100,7,56,100,0.0,0.0,0.0,0.0,13.5,29.9,0.0,1000.4
2025-03-21 23:00:00+00:00,10.2,94,9.4,100,0,4,100,0.0,0.0,0.0,0.0,13.2,25.2,0.0,1000.3
2025-03-22 00:00:00+00:00,9.9,95,9.1,100,0,2,100,0.0,0.0,0.0,0.0,11.0,24.8,0.0,1000.1
2025-03-22 01:00:00+00:00,10.0,93,8.9,100,0,3,100,0.0,0.0,0.0,0.0,9.2,21.2,0.0,999.8
2025-03-22 02:00:00+00:00,9.5,94,8.6,73,2,3,72,0.0,0.0,0.0,0.0,8.8,16.6,0.0,999.6
2025-03-22 03:00:00+00:00,9.0,96,8.4,48,13,22,32,0.0,0.0,0.0,0.0,11.6,20.9,0.0,999.4
2025-03-22 04:00:00+00:00,8.9,96,8.3,100,12,4,100,0.0,0.0,0.0,0.0,11.6,21.6,0.0,999.1
2025-03-22 05:00:00+00:00,8.6,97,8.1,77,16,7,73,0.0,0.0,0.0,0.0,11.7,21.6,0.0,999.0
2025-03-22 06:00:00+00:00,8.5,97,8.1,41,16,5,29,0.0,0.0,0.0,0.0,12.2,22.3,0.0,999.0
2025-03-22 07:00:00+00:00,9.0,97,8.5,98,49,27,97,30.0,11.0,127.0,19.0,12.6,22.7,0.0,999.3
2025-03-22 08:00:00+00:00,10.4,94,9.4,100,30,0,100,114.0,39.0,178.1,75.0,10.8,23.4,0.0,999.2
2025-03-22 09:00:00+00:00,11.6,88,9.7,100,11,1,100,237.0,88.0,240.7,149.0,13.2,28.1,0.0,999.1
2025-03-22 10:00:00+00:00,12.6,83,9.7,100,8,0,100,329.0,112.0,229.5,217.0,12.9,29.5,0.0,999.2
2025-03-22 11:00:00+00:00,13.1,80,9.8,100,15,2,100,413.0,158.0,273.4,255.0,14.1,32.8,0.0,999.3
2025-03-22 12:00:00+00:00,13.6,77,9.7,100,11,1,100,471.0,184.0,292.5,287.0,13.8,34.2,0.0,999.2
2025-03-22 13:00:00+00:00,14.1,77,10.2,100,6,41,100,420.0,101.0,158.2,319.0,13.1,31.0,0.0,999.2
2025-03-22 14:00:00+00:00,13.2,79,9.7,100,6,89,100,340.0,53.0,87.6,287.0,12.6,32.0,0.0,998.8
2025-03-22 15:00:00+00:00,12.9,80,9.6,100,0,6,100,261.0,46.0,86.7,215.0,10.9,29.2,0.0,998.3
2025-03-22 16:00:00+00:00,13.1,80,9.7,100,0,0,100,274.0,86.0,204.0,188.0,10.2,25.2,0.0,998.2
2025-03-22 17:00:00+00:00,12.8,81,9.6,100,0,18,100,180.0,55.0,193.5,125.0,9.0,23.8,0.0,998.4
2025-03-22 18:00:00+00:00,11.8,87,9.7,86,4,17,83,66.0,13.0,101.1,53.0,7.2,19.1,0.0,998.7
2025-03-22 19:00:00+00:00,10.9,91,9.4,80,1,12,78,3.0,0.0,0.0,3.0,8.0,15.1,0.0,999.1
2025-03-22 20:00:00+00:00,10.1,93,9.0,16,9,5,6,0.0,0.0,0.0,0.0,6.7,14.8,0.0,999.3
2025-03-22 21:00:00+00:00,9.4,94,8.6,19,9,18,0,0.0,0.0,0.0,0.0,4.5,11.9,0.0,999.2
2025-03-22 22:00:00+00:00,9.2,95,8.4,23,10,21,0,0.0,0.0,0.0,0.0,5.4,9.7,0.0,999.4
2025-03-22 23:00:00+00:00,8.6,95,7.8,45,22,32,15,0.0,0.0,0.0,0.0,5.3,10.1,0.0,999.4
2025-03-23 00:00:00+00:00,8.1,96,7.5,40,28,36,0,0.0,0.0,0.0,0.0,5.5,10.1,0.0,999.4
2025-03-23 01:00:00+00:00,8.7,97,8.2,99,22,31,98,0.0,0.0,0.0,0.0,8.5,15.5,0.0,999.4
2025-03-23 02:00:00+00:00,8.6,95,7.8,99,45,58,98,0.0,0.0,0.0,0.0,10.3,20.2,1.4,999.2
2025-03-23 03:00:00+00:00,9.0,88,7.2,100,19,67,100,0.0,0.0,0.0,0.0,7.5,18.4,5.3,999.0
2025-03-23 04:00:00+00:00,8.6,94,7.8,100,28,42,100,0.0,0.0,0.0,0.0,8.5,14.8,2.3,999.4
2025-03-23 05:00:00+00:00,8.5,98,8.2,92,24,0,89,0.0,0.0,0.0,0.0,11.3,19.8,0.0,999.5
2025-03-23 06:00:00+00:00,8.0,99,7.8,76,69,1,24,0.0,0.0,0.0,0.0,13.3,24.5,0.0,1000.0
2025-03-23 07:00:00+00:00,8.1,98,7.9,100,100,8,37,32.0,10.0,111.5,22.0,13.1,24.5,0.0,1000.9
2025-03-23 08:00:00+00:00,8.9,97,8.4,100,100,0,36,96.0,12.0,53.3,84.0,14.7,30.2,0.0,1001.1
2025-03-23 09:00:00+00:00,10.1,92,8.9,100,100,1,93,196.0,49.0,131.9,147.0,14.2,31.0,0.0,1001.6
2025-03-23 10:00:00+00:00,11.5,87,9.4,100,100,2,45,290.0,70.0,141.8,220.0,11.9,31.0,0.0,1002.4
2025-03-23 11:00:00+00:00,12.5,82,9.5,100,100,34,27,318.0,53.0,90.8,265.0,10.9,27.4,0.0,1002.7
2025-03-23 12:00:00+00:00,13.5,77,9.6,100,100,42,0,337.0,97.0,152.9,240.0,10.3,26.3,0.0,1002.8
2025-03-23 13:00:00+00:00,14.8,70,9.4,92,26,30,86,527.0,378.0,587.4,149.0,10.1,26.3,0.1,1003.4
2025-03-23 14:00:00+00:00,15.2,70,9.9,89,39,29,77,529.0,395.0,647.8,134.0,10.6,27.0,0.0,1003.5
2025-03-23 15:00:00+00:00,14.4,74,9.9,70,53,37,0,359.0,230.0,429.4,129.0,10.0,26.6,0.1,1003.9
2025-03-23 16:00:00+00:00,13.4,83,10.4,97,67,95,0,231.0,123.0,288.6,108.0,9.2,24.1,1.9,1004.7
2025-03-23 17:00:00+00:00,12.4,89,10.6,99,95,87,11,64.0,12.0,41.5,52.0,10.1,19.1,1.6,1005.3
2025-03-23 18:00:00+00:00,11.7,93,10.6,97,94,63,5,30.0,6.0,45.1,24.0,9.1,17.6,0.2,1006.2
2025-03-23 19:00:00+00:00,11.4,93,10.2,100,100,53,0,1.0,0.0,0.0,1.0,11.3,19.8,0.1,1007.2
2025-03-23 20:00:00+00:00,11.2,92,9.9,99,98,53,0,0.0,0.0,0.0,0.0,15.0,27.4,0.1,1008.1
2025-03-23 21:00:00+00:00,11.0,91,9.6,100,100,59,0,0.0,0.0,0.0,0.0,16.6,31.7,0.2,1009.1
2025-03-23 22:00:00+00:00,10.6,90,9.1,53,32,38,0,0.0,0.0,0.0,0.0,16.7,32.8,0.0,1010.0
2025-03-23 23:00:00+00:00,9.6,92,8.3,82,80,7,0,0.0,0.0,0.0,0.0,16.3,32.8,0.0,1010.5
2025-03-24 00:00:00+00:00,9.1,90,7.5,98,98,9,0,0.0,0.0,0.0,0.0,14.5,32.4,0.0,1011.2
2025-03-24 01:00:00+00:00,8.2,90,6.7,100,100,10,0,0.0,0.0,0.0,0.0,14.9,29.2,0.0,1012.4
2025-03-24 02:00:00+00:00,7.9,88,6.1,100,100,6,0,0.0,0.0,0.0,0.0,15.0,30.6,0.0,1012.8
2025-03-24 03:00:00+00:00,7.6,87,5.5,100,100,2,0,0.0,0.0,0.0,0.0,15.3,31.0,0.0,1013.2
2025-03-24 04:00:00+00:00,7.0,87,5.0,98,98,1,0,0.0,0.0,0.0,0.0,15.2,31.3,0.0,1013.6
2025-03-24 05:00:00+00:00,6.7,88,4.8,99,99,1,0,0.0,0.0,0.0,0.0,14.2,31.0,0.0,1014.3
2025-03-24 06:00:00+00:00,6.6,88,4.8,100,100,1,0,0.0,0.0,0.0,0.0,13.3,28.8,0.0,1015.0
2025-03-24 07:00:00+00:00,6.8,86,4.7,99,99,4,0,22.0,4.0,43.1,18.0,14.7,31.3,0.0,1016.1
2025-03-24 08:00:00+00:00,7.4,83,4.7,99,99,2,0,84.0,8.0,34.6,76.0,14.2,33.1,0.0,1016.9
2025-03-24 09:00:00+00:00,8.3,80,5.0,100,100,1,0,189.0,39.0,103.3,150.0,15.0,33.8,0.0,1017.5
2025-03-24 10:00:00+00:00,9.1,77,5.4,100,100,0,0,234.0,66.0,132.1,168.0,13.9,33.5,0.0,1018.3
2025-03-24 11:00:00+00:00,10.7,74,6.2,100,99,0,24,430.0,183.0,310.7,247.0,12.8,32.8,0.0,1018.4
2025-03-24 12:00:00+00:00,11.9,71,6.8,77,65,0,34,536.0,281.0,439.1,255.0,11.5,31.7,0.0,1018.6
2025-03-24 13:00:00+00:00,10.1,74,5.8,100,100,0,0,257.0,13.0,20.0,244.0,9.9,26.3,0.0,1019.6
2025-03-24 14:00:00+00:00,10.6,73,5.9,100,100,0,0,259.0,11.0,17.9,248.0,8.7,24.1,0.0,1019.7
2025-03-24 15:00:00+00:00,11.1,71,6.1,100,100,0,0,250.0,31.0,57.4,219.0,6.3,22.0,0.0,1019.6
2025-03-24 16:00:00+00:00,11.9,69,6.3,42,42,0,0,263.0,64.0,148.6,199.0,5.4,16.9,0.0,1019.7
2025-03-24 17:00:00+00:00,11.9,69,6.3,12,12,0,0,209.0,114.0,388.6,95.0,5.5,15.1,0.0,1020.0
2025-03-24 18:00:00+00:00,10.4,79,6.8,2,2,0,0,91.0,49.0,356.2,42.0,2.0,12.6,0.0,1020.2
2025-03-24 19:00:00+00:00,8.9,81,5.9,5,5,0,0,4.0,1.0,22.4,3.0,0.3,3.2,0.0,1020.8
2025-03-24 20:00:00+00:00,7.6,89,5.8,3,3,0,0,0.0,0.0,0.0,0.0,4.3,7.2,0.0,1021.3
2025-03-24 21:00:00+00:00,6.9,93,5.8,1,1,0,0,0.0,0.0,0.0,0.0,6.5,11.5,0.0,1021.8
2025-03-24 22:00:00+00:00,6.2,95,5.5,0,0,0,0,0.0,0.0,0.0,0.0,5.0,11.5,0.0,1022.1
2025-03-24 23:00:00+00:00,5.2,98,4.8,0,0,0,0,0.0,0.0,0.0,0.0,4.2,8.6,0.0,1022.2
2025-03-25 00:00:00+00:00,5.1,98,4.7,0,0,0,0,0.0,0.0,0.0,0.0,5.8,10.4,0.0,1022.4
2025-03-25 01:00:00+00:00,4.8,97,4.4,0,0,0,0,0.0,0.0,0.0,0.0,8.1,14.4,0.0,1022.5
2025-03-25 02:00:00+00:00,4.9,95,4.2,0,0,0,0,0.0,0.0,0.0,0.0,8.4,15.5,0.0,1022.3
2025-03-25 03:00:00+00:00,4.8,95,4.0,17,0,0,17,0.0,0.0,0.0,0.0,8.6,15.5,0.0,1022.2
2025-03-25 04:00:00+00:00,4.9,94,4.1,92,0,0,92,0.0,0.0,0.0,0.0,8.4,15.5,0.0,1022.1
2025-03-25 05:00:00+00:00,4.9,95,4.2,17,0,0,17,0.0,0.0,0.0,0.0,7.7,14.8,0.0,1022.1
2025-03-25 06:00:00+00:00,4.6,96,4.0,24,0,0,24,0.0,0.0,0.0,0.0,7.3,14.0,0.0,1022.2
2025-03-25 07:00:00+00:00,5.3,95,4.6,73,0,0,73,45.0,22.0,229.5,23.0,9.1,16.2,0.0,1022.5
2025-03-25 08:00:00+00:00,7.6,89,5.9,95,0,0,95,178.0,109.0,459.6,69.0,6.1,16.2,0.0,1022.6
2025-03-25 09:00:00+00:00,9.7,83,6.9,99,0,0,99,311.0,186.0,485.1,125.0,6.5,17.6,0.0,1022.9
2025-03-25 10:00:00+00:00,11.7,77,7.8,100,0,2,100,432.0,270.0,534.3,162.0,7.7,20.5,0.0,1023.1
2025-03-25 11:00:00+00:00,13.3,70,7.9,89,0,21,86,537.0,360.0,605.4,177.0,7.3,21.6,0.0,1022.8
2025-03-25 12:00:00+00:00,14.6,64,8.0,90,16,89,13,635.0,520.0,805.9,115.0,8.0,22.3,0.0,1022.7
2025-03-25 13:00:00+00:00,12.5,74,8.0,88,2,88,0,206.0,0.0,0.0,206.0,9.8,25.2,0.1,1022.9
2025-03-25 14:00:00+00:00,13.9,71,8.6,96,94,39,0,351.0,141.0,227.6,210.0,8.9,23.0,0.0,1022.8
2025-03-25 15:00:00+00:00,14.9,72,9.9,100,100,5,0,294.0,77.0,141.3,217.0,8.8,23.0,0.0,1022.4
2025-03-25 16:00:00+00:00,14.9,73,10.1,100,100,16,0,151.0,21.0,48.2,130.0,9.5,21.6,0.0,1022.2
2025-03-25 17:00:00+00:00,14.7,75,10.3,100,100,0,2,85.0,4.0,13.4,81.0,7.9,20.9,0.0,1022.4
2025-03-25 18:00:00+00:00,13.9,80,10.6,100,100,2,92,43.0,1.0,7.0,42.0,5.6,16.6,0.0,1022.8
2025-03-25 19:00:00+00:00,13.1,84,10.6,100,100,17,100,3.0,0.0,0.0,3.0,6.3,11.5,0.0,1023.3
2025-03-25 20:00:00+00:00,12.4,88,10.5,98,96,5,46,0.0,0.0,0.0,0.0,7.5,13.7,0.0,1023.7
2025-03-25 21:00:00+00:00,11.7,91,10.4,78,53,0,53,0.0,0.0,0.0,0.0,8.6,15.8,0.0,1023.9
2025-03-25 22:00:00+00:00,11.1,93,10.0,84,69,0,48,0.0,0.0,0.0,0.0,7.9,16.2,0.0,1024.2
2025-03-25 23:00:00+00:00,10.8,93,9.8,100,100,0,13,0.0,0.0,0.0,0.0,7.5,14.8,0.0,1024.4
2025-03-26 00:00:00+00:00,10.4,92,9.1,88,88,0,0,0.0,0.0,0.0,0.0,8.3,15.5,0.0,1024.5
2025-03-26 01:00:00+00:00,10.5,89,8.7,100,100,0,0,0.0,0.0,0.0,0.0,8.8,16.9,0.0,1025.1
2025-03-26 02:00:00+00:00,9.8,84,7.2,100,100,0,0,0.0,0.0,0.0,0.0,8.7,17.6,0.0,1025.1
2025-03-26 03:00:00+00:00,9.2,82,6.3,100,100,0,0,0.0,0.0,0.0,0.0,8.1,17.3,0.0,1024.9
2025-03-26 04:00:00+00:00,8.1,85,5.8,3,3,0,0,0.0,0.0,0.0,0.0,7.3,15.5,0.0,1024.8
2025-03-26 05:00:00+00:00,6.9,88,5.2,8,8,0,0,0.0,0.0,0.0,0.0,7.7,13.7,0.0,1024.8
2025-03-26 06:00:00+00:00,6.3,90,4.8,25,25,0,0,0.0,0.0,0.0,0.0,7.7,14.8,0.0,1025.2
2025-03-26 07:00:00+00:00,6.9,90,5.3,12,12,0,0,45.0,19.0,192.2,26.0,6.8,14.0,0.0,1025.5
2025-03-26 08:00:00+00:00,8.7,84,6.1,29,29,0,0,178.0,101.0,415.4,77.0,4.0,12.6,0.0,1025.8
2025-03-26 09:00:00+00:00,11.1,77,7.2,26,26,0,0,335.0,233.0,598.6,102.0,4.3,13.7,0.0,1026.1
2025-03-26 10:00:00+00:00,12.9,71,7.8,37,37,0,0,465.0,332.0,649.7,133.0,5.4,17.3,0.0,1026.1
2025-03-26 11:00:00+00:00,14.2,66,7.9,77,77,0,0,560.0,408.0,679.9,152.0,1.3,16.9,0.0,1025.9
2025-03-26 12:00:00+00:00,14.8,61,7.4,47,47,0,0,401.0,145.0,222.9,256.0,1.5,11.5,0.0,1025.6
2025-03-26 13:00:00+00:00,15.6,58,7.2,99,99,0,0,559.0,339.0,514.6,220.0,1.7,12.6,0.0,1025.5
2025-03-26 14:00:00+00:00,16.0,55,7.1,52,52,0,0,491.0,266.0,426.0,225.0,2.3,11.9,0.0,1024.8
2025-03-26 15:00:00+00:00,15.8,57,7.2,92,92,0,0,442.0,277.0,503.8,165.0,6.8,18.7,0.0,1024.4
2025-03-26 16:00:00+00:00,14.1,73,9.2,22,22,0,0,283.0,103.0,234.1,180.0,11.5,27.0,0.0,1024.4
2025-03-26 17:00:00+00:00,13.1,77,9.1,8,8,0,0,239.0,158.0,522.6,81.0,9.9,27.7,0.0,1024.5
2025-03-26 18:00:00+00:00,11.6,85,9.1,5,5,0,0,97.0,54.0,368.6,43.0,9.5,22.3,0.0,1024.8
2025-03-26 19:00:00+00:00,9.6,94,8.7,3,3,0,0,6.0,1.0,20.4,5.0,8.5,19.1,0.0,1025.1
2025-03-26 20:00:00+00:00,8.6,97,8.1,10,10,0,0,0.0,0.0,0.0,0.0,6.4,16.2,0.0,1025.0
2025-03-26 21:00:00+00:00,7.9,99,7.7,19,19,0,0,0.0,0.0,0.0,0.0,5.5,11.9,0.0,1024.8
2025-03-26 22:00:00+00:00,7.3,100,7.3,100,100,0,0,0.0,0.0,0.0,0.0,5.3,9.7,0.0,1025.0
2025-03-26 23:00:00+00:00,7.8,100,7.8,100,100,0,0,0.0,0.0,0.0,0.0,5.6,11.9,0.0,1025.0
2025-03-27 00:00:00+00:00,8.1,100,8.1,100,100,0,0,0.0,0.0,0.0,0.0,5.9,10.8,0.0,1024.8
2025-03-27 01:00:00+00:00,7.6,99,7.3,100,100,0,0,0.0,0.0,0.0,0.0,6.0,15.5,0.0,1024.4
2025-03-27 02:00:00+00:00,7.4,99,7.2,99,99,0,0,0.0,0.0,0.0,0.0,5.3,13.3,0.0,1024.3
2025-03-27 03:00:00+00:00,7.4,98,7.1,94,94,0,0,0.0,0.0,0.0,0.0,4.6,11.5,0.0,1024.0
2025-03-27 04:00:00+00:00,6.9,98,6.7,69,69,0,0,0.0,0.0,0.0,0.0,1.9,9.7,0.0,1023.8
2025-03-27 05:00:00+00:00,6.1,100,6.1,94,94,0,0,0.0,0.0,0.0,0.0,1.8,3.6,0.0,1023.5
2025-03-27 06:00:00+00:00,5.4,100,5.4,100,100,0,0,0.0,0.0,0.0,0.0,2.3,4.3,0.0,1023.4
2025-03-27 07:00:00+00:00,6.4,100,6.3,100,100,0,0,42.0,10.0,98.2,32.0,3.2,8.6,0.0,1023.3
2025-03-27 08:00:00+00:00,7.2,97,6.8,98,98,0,0,138.0,29.0,116.4,109.0,3.1,11.2,0.0,1023.5
2025-03-27 09:00:00+00:00,9.8,86,7.4,100,100,0,0,278.0,122.0,308.8,156.0,3.6,13.0,0.0,1023.4
2025-03-27 10:00:00+00:00,10.8,81,7.7,100,100,0,0,289.0,63.0,122.0,226.0,6.6,18.4,0.0,1023.0
2025-03-27 11:00:00+00:00,11.9,77,7.9,100,100,0,0,339.0,58.0,95.8,281.0,8.4,21.6,0.0,1022.4
2025-03-27 12:00:00+00:00,12.4,75,8.1,98,98,0,0,348.0,64.0,97.6,284.0,10.0,24.8,0.0,1021.8
2025-03-27 13:00:00+00:00,11.8,78,8.0,98,98,0,0,336.0,42.0,63.3,294.0,10.7,26.3,0.0,1021.3
2025-03-27 14:00:00+00:00,12.1,76,8.0,100,100,0,0,340.0,76.0,120.8,264.0,11.4,27.7,0.0,1020.6
2025-03-27 15:00:00+00:00,12.2,75,7.8,82,82,0,0,322.0,78.0,140.7,244.0,11.7,28.8,0.0,1019.9
2025-03-27 16:00:00+00:00,12.3,75,7.9,67,67,0,0,331.0,171.0,384.8,160.0,11.7,28.8,0.0,1019.2
2025-03-27 17:00:00+00:00,11.6,78,7.8,16,16,0,0,226.0,115.0,374.9,111.0,11.0,27.7,0.0,1018.8
2025-03-27 18:00:00+00:00,10.4,83,7.7,61,61,0,0,101.0,54.0,357.8,47.0,8.2,24.8,0.0,1018.5
2025-03-27 19:00:00+00:00,9.1,89,7.4,100,100,0,0,6.0,1.0,19.5,5.0,8.0,16.6,0.0,1018.3
2025-03-27 20:00:00+00:00,8.9,92,7.6,77,77,0,0,0.0,0.0,0.0,0.0,10.5,20.5,0.0,1018.1
2025-03-27 21:00:00+00:00,7.8,96,7.2,3,3,0,0,0.0,0.0,0.0,0.0,10.9,20.9,0.0,1017.7
2025-03-27 22:00:00+00:00,7.3,98,7.0,20,20,0,0,0.0,0.0,0.0,0.0,10.6,20.9,0.0,1017.4
2025-03-27 23:00:00+00:00,7.3,98,7.0,0,0,0,0,0.0,0.0,0.0,0.0,10.6,20.2,0.0,1016.7
2025-03-28 00:00:00+00:00,7.8,97,7.3,5,1,0,4,0.0,0.0,0.0,0.0,12.3,23.0,0.0,1015.9
2025-03-28 01:00:00+00:00,8.8,94,7.8,100,99,0,88,0.0,0.0,0.0,0.0,12.5,24.5,0.0,1015.4
2025-03-28 02:00:00+00:00,9.4,90,7.8,100,100,0,100,0.0,0.0,0.0,0.0,14.7,29.5,0.0,1014.6
2025-03-28 03:00:00+00:00,9.3,93,8.3,100,100,1,100,0.0,0.0,0.0,0.0,15.7,32.0,0.0,1013.5
2025-03-28 04:00:00+00:00,9.6,92,8.4,100,100,1,100,0.0,0.0,0.0,0.0,17.7,36.4,0.0,1013.0
2025-03-28 05:00:00+00:00,9.7,91,8.3,100,100,44,100,0.0,0.0,0.0,0.0,17.3,36.4,0.0,1012.3
2025-03-28 06:00:00+00:00,9.8,93,8.6,100,100,97,100,0.0,0.0,0.0,0.0,16.5,35.6,0.0,1011.9
2025-03-28 07:00:00+00:00,9.9,94,9.0,100,100,100,100,9.0,0.0,0.0,9.0,15.5,34.2,0.4,1011.8
2025-03-28 08:00:00+00:00,10.2,95,9.4,100,100,100,100,40.0,0.0,0.0,40.0,14.2,30.6,0.3,1011.9
2025-03-28 09:00:00+00:00,9.8,90,8.2,100,2,100,100,47.0,0.0,0.0,47.0,16.6,32.0,0.2,1012.4
2025-03-28 10:00:00+00:00,9.5,85,7.2,100,11,4,100,81.0,0.0,0.0,81.0,15.4,32.4,0.0,1012.8
2025-03-28 11:00:00+00:00,11.9,64,5.4,71,21,3,63,530.0,342.0,559.9,188.0,19.8,45.0,0.0,1012.9
2025-03-28 12:00:00+00:00,12.9,57,4.6,27,4,13,14,635.0,471.0,712.8,164.0,19.8,45.0,0.0,1012.6
2025-03-28 13:00:00+00:00,13.2,53,3.8,37,37,0,0,589.0,423.0,632.6,166.0,20.8,46.4,0.0,1012.8
2025-03-28 14:00:00+00:00,13.1,52,3.5,18,17,5,0,568.0,389.0,613.6,179.0,21.9,49.3,0.0,1012.8
2025-03-28 15:00:00+00:00,12.6,54,3.5,11,8,4,0,520.0,397.0,710.2,123.0,20.5,49.0,0.0,1012.7
2025-03-28 16:00:00+00:00,11.9,54,3.0,27,9,21,0,410.0,315.0,701.7,95.0,21.1,45.7,0.0,1013.3
2025-03-28 17:00:00+00:00,10.4,58,2.5,10,9,5,0,231.0,155.0,498.1,76.0,20.6,47.5,0.0,1014.0
2025-03-28 18:00:00+00:00,9.2,65,3.0,9,8,5,0,103.0,60.0,386.3,43.0,17.9,44.3,0.0,1014.8
2025-03-28 19:00:00+00:00,7.9,70,2.9,2,2,2,0,8.0,2.0,37.4,6.0,15.5,37.1,0.0,1015.6
2025-03-28 20:00:00+00:00,7.2,73,2.7,0,0,0,0,0.0,0.0,0.0,0.0,13.8,31.3,0.0,1016.6
2025-03-28 21:00:00+00:00,6.5,76,2.5,0,0,0,0,0.0,0.0,0.0,0.0,12.5,27.4,0.0,1017.4
2025-03-28 22:00:00+00:00,5.9,78,2.4,0,0,0,0,0.0,0.0,0.0,0.0,12.4,24.1,0.0,1018.1
2025-03-28 23:00:00+00:00,5.4,80,2.2,0,0,0,0,0.0,0.0,0.0,0.0,12.7,24.5,0.0,1018.9
2025-03-29 00:00:00+00:00,4.9,82,2.1,0,0,0,0,0.0,0.0,0.0,0.0,12.1,24.8,0.0,1019.3
2025-03-29 01:00:00+00:00,4.3,81,1.4,0,0,0,0,0.0,0.0,0.0,0.0,11.5,24.5,0.0,1019.8
2025-03-29 02:00:00+00:00,3.8,85,1.5,2,0,0,2,0.0,0.0,0.0,0.0,11.1,21.6,0.0,1020.4
2025-03-29 03:00:00+00:00,3.3,87,1.5,34,0,0,34,0.0,0.0,0.0,0.0,10.9,20.9,0.0,1020.9
2025-03-29 04:00:00+00:00,3.0,90,1.5,14,0,0,14,0.0,0.0,0.0,0.0,9.5,20.9,0.0,1021.1
2025-03-29 05:00:00+00:00,2.8,91,1.5,8,0,0,8,0.0,0.0,0.0,0.0,9.7,18.0,0.0,1021.8
2025-03-29 06:00:00+00:00,2.5,93,1.5,9,0,0,9,0.0,0.0,0.0,0.0,9.6,17.6,0.0,1022.5
2025-03-29 07:00:00+00:00,3.5,91,2.2,21,0,0,21,64.0,34.0,315.4,30.0,8.9,17.6,0.0,1023.0
2025-03-29 08:00:00+00:00,5.9,84,3.4,100,0,0,100,214.0,151.0,579.0,63.0,5.5,15.5,0.0,1023.7
2025-03-29 09:00:00+00:00,8.2,77,4.4,100,0,9,100,353.0,240.0,590.5,113.0,6.3,18.0,0.0,1024.1
2025-03-29 10:00:00+00:00,9.9,66,3.8,25,0,17,9,463.0,293.0,555.3,170.0,6.0,18.4,0.0,1024.1
2025-03-29 11:00:00+00:00,11.2,58,3.2,85,0,1,85,616.0,511.0,829.4,105.0,6.9,20.5,0.0,1023.9
2025-03-29 12:00:00+00:00,12.1,52,2.5,50,18,0,38,644.0,480.0,720.8,164.0,12.1,29.5,0.0,1023.8
2025-03-29 13:00:00+00:00,12.7,47,1.5,96,88,15,63,615.0,442.0,656.2,173.0,15.2,35.6,0.0,1023.5
2025-03-29 14:00:00+00:00,12.2,51,2.3,96,78,5,83,407.0,124.0,194.2,283.0,17.6,39.6,0.0,1023.0
2025-03-29 15:00:00+00:00,11.7,56,3.1,99,48,7,98,408.0,189.0,335.4,219.0,18.2,41.8,0.0,1022.7
2025-03-29 16:00:00+00:00,11.7,54,2.6,100,77,8,100,338.0,164.0,361.8,174.0,20.0,43.2,0.0,1022.3
2025-03-29 17:00:00+00:00,10.8,62,3.8,100,4,29,100,160.0,36.0,114.1,124.0,17.6,43.9,0.0,1021.8
2025-03-29 18:00:00+00:00,9.9,68,4.2,97,0,66,91,73.0,9.0,56.4,64.0,16.1,36.7,0.0,1021.3
2025-03-29 19:00:00+00:00,9.2,73,4.7,71,18,45,37,8.0,1.0,18.0,7.0,17.0,35.6,0.0,1021.1
2025-03-29 20:00:00+00:00,9.1,77,5.3,100,100,82,98,0.0,0.0,0.0,0.0,17.1,34.9,0.0,1020.8
2025-03-29 21:00:00+00:00,9.8,79,6.4,100,100,58,100,0.0,0.0,0.0,0.0,17.5,36.0,0.0,1020.4
2025-03-29 22:00:00+00:00,10.0,85,7.6,100,100,69,100,0.0,0.0,0.0,0.0,17.7,37.1,0.0,1019.8
2025-03-29 23:00:00+00:00,10.2,89,8.4,100,100,0,100,0.0,0.0,0.0,0.0,16.7,36.4,0.0,1019.3
2025-03-30 00:00:00+00:00,10.4,91,9.0,100,100,0,99,0.0,0.0,0.0,0.0,15.9,34.2,0.0,1019.0
2025-03-30 01:00:00+00:00,10.5,92,9.2,100,100,0,100,0.0,0.0,0.0,0.0,16.9,37.4,0.0,1018.9
2025-03-30 02:00:00+00:00,10.7,92,9.5,100,100,0,92,0.0,0.0,0.0,0.0,16.5,34.6,0.0,1018.6
2025-03-30 03:00:00+00:00,10.9,92,9.8,100,100,0,98,0.0,0.0,0.0,0.0,15.3,33.8,0.0,1018.6
2025-03-30 04:00:00+00:00,11.0,91,9.6,100,100,0,100,0.0,0.0,0.0,0.0,15.3,31.3,0.0,1018.7
2025-03-30 05:00:00+00:00,10.5,90,8.9,100,80,0,99,0.0,0.0,0.0,0.0,16.0,33.1,0.0,1019.3
2025-03-30 06:00:00+00:00,9.6,91,8.2,98,6,0,97,1.0,0.0,0.0,1.0,13.9,33.1,0.0,1019.9
2025-03-30 07:00:00+00:00,9.6,89,7.9,91,0,0,91,59.0,18.0,162.5,41.0,13.8,28.1,0.0,1020.3
2025-03-30 08:00:00+00:00,10.6,82,7.6,90,0,0,90,204.0,124.0,465.0,80.0,14.6,31.3,0.0,1020.8
2025-03-30 09:00:00+00:00,11.4,73,6.8,8,8,0,0,359.0,250.0,606.6,109.0,16.3,36.7,0.0,1021.4
2025-03-30 10:00:00+00:00,12.3,69,6.8,17,17,0,0,510.0,408.0,765.3,102.0,16.2,38.2,0.0,1021.7
2025-03-30 11:00:00+00:00,13.1,65,6.8,36,36,0,0,606.0,488.0,785.3,118.0,18.2,41.4,0.0,1022.5
2025-03-30 12:00:00+00:00,13.8,62,6.6,3,3,0,0,619.0,438.0,652.8,181.0,18.7,42.8,0.0,1022.6
2025-03-30 13:00:00+00:00,15.3,58,7.2,11,9,0,1,689.0,582.0,857.8,107.0,17.4,41.0,0.0,1022.7
2025-03-30 14:00:00+00:00,15.6,57,7.1,7,7,0,0,644.0,535.0,831.6,109.0,17.0,40.7,0.0,1023.0
2025-03-30 15:00:00+00:00,15.4,53,6.0,4,4,0,0,554.0,454.0,799.2,100.0,16.3,39.2,0.0,1023.0
2025-03-30 16:00:00+00:00,15.0,58,6.8,0,0,0,0,431.0,344.0,751.5,87.0,15.4,37.1,0.0,1023.1
2025-03-30 17:00:00+00:00,14.4,61,6.9,0,0,0,0,277.0,208.0,650.1,69.0,14.4,34.6,0.0,1023.6
2025-03-30 18:00:00+00:00,13.1,67,7.2,0,0,0,0,118.0,73.0,444.9,45.0,11.7,30.2,0.0,1024.3
2025-03-30 19:00:00+00:00,11.3,75,7.0,0,0,0,0,10.0,3.0,51.9,7.0,10.9,23.4,0.0,1025.2
2025-03-30 20:00:00+00:00,10.1,80,6.8,0,0,0,0,0.0,0.0,0.0,0.0,11.5,21.6,0.0,1026.0
2025-03-30 21:00:00+00:00,9.4,79,5.8,17,0,0,17,0.0,0.0,0.0,0.0,12.3,23.4,0.0,1026.5
2025-03-30 22:00:00+00:00,8.3,77,4.4,32,0,0,32,0.0,0.0,0.0,0.0,11.5,23.8,0.0,1027.1
2025-03-30 23:00:00+00:00,7.4,80,4.2,24,0,0,24,0.0,0.0,0.0,0.0,10.7,22.0,0.0,1027.5
2025-03-31 00:00:00+00:00,6.7,83,4.0,17,0,0,17,0.0,0.0,0.0,0.0,10.7,20.2,0.0,1027.7
2025-03-31 01:00:00+00:00,6.3,80,3.2,3,0,0,3,0.0,0.0,0.0,0.0,9.9,20.2,0.0,1027.7
2025-03-31 02:00:00+00:00,5.8,82,3.0,11,0,0,11,0.0,0.0,0.0,0.0,10.3,18.7,0.0,1027.8
2025-03-31 03:00:00+00:00,5.4,84,3.0,13,0,0,13,0.0,0.0,0.0,0.0,10.3,19.8,0.0,1027.7
2025-03-31 04:00:00+00:00,5.1,86,3.0,15,0,0,15,0.0,0.0,0.0,0.0,8.3,19.4,0.0,1027.7
2025-03-31 05:00:00+00:00,4.7,88,2.9,37,0,0,37,0.0,0.0,0.0,0.0,5.8,15.1,0.0,1027.9
2025-03-31 06:00:00+00:00,4.3,90,2.9,31,0,0,31,1.0,0.0,0.0,1.0,5.8,10.8,0.0,1028.2
2025-03-31 07:00:00+00:00,5.4,88,3.7,20,0,0,20,71.0,35.0,307.8,36.0,6.3,12.6,0.0,1028.6
2025-03-31 08:00:00+00:00,8.1,81,5.0,8,0,0,8,224.0,159.0,583.5,65.0,4.2,13.0,0.0,1028.9
2025-03-31 09:00:00+00:00,10.9,70,5.6,6,0,0,6,385.0,304.0,727.6,81.0,5.3,15.8,0.0,1029.1
2025-03-31 10:00:00+00:00,12.6,62,5.4,24,0,0,24,523.0,430.0,798.3,93.0,6.8,19.4,0.0,1029.2
2025-03-31 11:00:00+00:00,13.6,59,5.8,8,0,0,8,625.0,522.0,832.9,103.0,7.8,22.3,0.0,1029.2
2025-03-31 12:00:00+00:00,14.4,57,6.1,5,4,0,1,686.0,587.0,868.3,99.0,7.3,22.3,0.0,1029.0
2025-03-31 13:00:00+00:00,15.4,53,5.7,74,9,0,72,686.0,570.0,834.2,116.0,6.1,20.2,0.0,1028.6
2025-03-31 14:00:00+00:00,15.6,51,5.6,85,68,0,52,621.0,470.0,725.3,151.0,6.8,19.8,0.0,1028.2
2025-03-31 15:00:00+00:00,15.1,55,6.2,55,29,0,36,478.0,282.0,492.5,196.0,8.4,22.3,0.0,1027.8
2025-03-31 16:00:00+00:00,14.0,61,6.7,70,13,0,66,395.0,266.0,575.6,129.0,10.6,25.9,0.0,1027.6
2025-03-31 17:00:00+00:00,12.2,68,6.4,53,2,0,52,260.0,179.0,551.9,81.0,10.2,25.9,0.0,1027.9
2025-03-31 18:00:00+00:00,10.4,75,6.2,5,1,0,4,112.0,58.0,344.3,54.0,9.8,22.7,0.0,1028.1
2025-03-31 19:00:00+00:00,8.7,84,6.2,0,0,0,0,11.0,4.0,66.6,7.0,9.7,19.8,0.0,1028.1
2025-03-31 20:00:00+00:00,7.9,89,6.3,0,0,0,0,0.0,0.0,0.0,0.0,8.5,18.0,0.0,1028.2
2025-03-31 21:00:00+00:00,7.7,90,6.2,0,0,0,0,0.0,0.0,0.0,0.0,9.4,16.9,0.0,1028.0
2025-03-31 22:00:00+00:00,7.6,84,5.1,0,0,0,0,0.0,0.0,0.0,0.0,11.5,21.2,0.0,1027.8
2025-03-31 23:00:00+00:00,7.0,79,3.5,0,0,0,0,0.0,0.0,0.0,0.0,11.9,22.7,0.0,1027.6
2025-04-01 00:00:00+00:00,6.1,79,2.6,0,0,0,0,0.0,0.0,0.0,0.0,11.7,22.7,0.0,1027.6
2025-04-01 01:00:00+00:00,5.4,76,1.5,49,0,0,49,0.0,0.0,0.0,0.0,12.6,24.5,0.0,1027.1
2025-04-01 02:00:00+00:00,4.8,82,2.0,15,0,0,15,0.0,0.0,0.0,0.0,12.7,24.8,0.0,1026.6
2025-04-01 03:00:00+00:00,4.4,87,2.5,1,0,0,1,0.0,0.0,0.0,0.0,13.0,25.6,0.0,1025.9
2025-04-01 04:00:00+00:00,4.2,90,2.8,0,0,0,0,0.0,0.0,0.0,0.0,13.3,25.9,0.0,1025.5
2025-04-01 05:00:00+00:00,4.2,91,3.0,0,0,0,0,0.0,0.0,0.0,0.0,13.1,25.6,0.0,1025.4
2025-04-01 06:00:00+00:00,4.3,91,3.0,0,0,0,0,2.0,0.0,0.0,2.0,13.5,25.6,0.0,1025.4
2025-04-01 07:00:00+00:00,5.6,87,3.5,0,0,0,0,78.0,43.0,362.8,35.0,12.7,28.4,0.0,1025.6
2025-04-01 08:00:00+00:00,7.5,80,4.3,0,0,0,0,233.0,168.0,603.6,65.0,12.8,27.7,0.0,1025.5
2025-04-01 09:00:00+00:00,9.4,73,4.8,0,0,0,0,396.0,315.0,743.8,81.0,15.7,34.9,0.0,1025.4
2025-04-01 10:00:00+00:00,11.0,64,4.5,0,0,0,0,537.0,447.0,821.5,90.0,17.3,39.6,0.0,1025.2
2025-04-01 11:00:00+00:00,12.1,57,3.8,0,0,0,0,641.0,544.0,860.8,97.0,20.2,45.7,0.0,1024.9
2025-04-01 12:00:00+00:00,12.8,54,3.8,0,0,0,0,700.0,600.0,881.0,100.0,19.8,46.1,0.0,1024.5
2025-04-01 13:00:00+00:00,14.4,51,4.3,0,0,0,0,705.0,605.0,879.2,100.0,18.5,42.8,0.0,1023.6
2025-04-01 14:00:00+00:00,14.5,53,4.9,0,0,0,0,661.0,564.0,864.2,97.0,19.4,43.6,0.0,1022.7
2025-04-01 15:00:00+00:00,14.4,53,4.8,0,0,0,0,570.0,478.0,828.4,92.0,19.5,43.9,0.0,1021.8
2025-04-01 16:00:00+00:00,13.8,56,5.1,0,0,0,0,441.0,357.0,765.2,84.0,19.7,43.6,0.0,1021.4
2025-04-01 17:00:00+00:00,12.7,59,4.9,0,0,0,0,285.0,215.0,654.2,70.0,19.8,42.8,0.0,1021.6
2025-04-01 18:00:00+00:00,11.0,63,4.2,0,0,0,0,125.0,79.0,457.2,46.0,18.7,41.0,0.0,1022.1
2025-04-01 19:00:00+00:00,9.4,69,4.0,0,0,0,0,13.0,5.0,80.4,8.0,19.1,39.2,0.0,1022.6
2025-04-01 20:00:00+00:00,8.6,70,3.5,0,0,0,0,0.0,0.0,0.0,0.0,18.7,39.6,0.0,1022.8
2025-04-01 21:00:00+00:00,8.1,71,3.0,0,0,0,0,0.0,0.0,0.0,0.0,18.6,37.8,0.0,1022.9
2025-04-01 22:00:00+00:00,7.7,73,3.1,0,0,0,0,0.0,0.0,0.0,0.0,17.1,37.4,0.0,1023.1
2025-04-01 23:00:00+00:00,7.3,75,3.2,0,0,0,0,0.0,0.0,0.0,0.0,15.6,33.8,0.0,1023.0
2025-04-02 00:00:00+00:00,7.1,76,3.0,0,0,0,0,0.0,0.0,0.0,0.0,15.5,30.6,0.0,1023.0
2025-04-02 01:00:00+00:00,7.2,73,2.6,0,0,0,0,0.0,0.0,0.0,0.0,15.6,33.5,0.0,1022.2
2025-04-02 02:00:00+00:00,6.9,72,2.2,0,0,0,0,0.0,0.0,0.0,0.0,15.7,30.6,0.0,1021.8
2025-04-02 03:00:00+00:00,6.8,70,1.8,0,0,0,0,0.0,0.0,0.0,0.0,16.0,31.3,0.0,1021.6
2025-04-02 04:00:00+00:00,6.6,70,1.5,0,0,0,0,0.0,0.0,0.0,0.0,16.1,31.3,0.0,1021.5
2025-04-02 05:00:00+00:00,6.2,72,1.4,0,0,0,0,0.0,0.0,0.0,0.0,15.7,31.3,0.0,1021.4
2025-04-02 06:00:00+00:00,5.9,73,1.4,0,0,0,0,2.0,0.0,0.0,2.0,17.2,33.5,0.0,1021.7
2025-04-02 07:00:00+00:00,7.1,70,1.9,0,0,0,0,84.0,49.0,393.6,35.0,18.9,38.2,0.0,1021.6
2025-04-02 08:00:00+00:00,8.8,68,3.2,0,0,0,0,242.0,178.0,626.3,64.0,16.5,38.5,0.0,1021.8
2025-04-02 09:00:00+00:00,10.4,66,4.2,0,0,0,0,403.0,323.0,752.6,80.0,19.3,42.5,0.0,1021.7
2025-04-02 10:00:00+00:00,11.8,61,4.4,0,0,0,0,540.0,450.0,818.9,90.0,20.2,45.0,0.0,1021.1
2025-04-02 11:00:00+00:00,13.1,56,4.5,0,0,0,0,642.0,544.0,853.8,98.0,21.6,48.6,0.0,1020.5
2025-04-02 12:00:00+00:00,14.1,54,4.9,0,0,0,0,696.0,594.0,865.8,102.0,22.4,50.4,0.0,1019.9
2025-04-02 13:00:00+00:00,15.9,47,4.7,0,0,0,0,705.0,604.0,871.8,101.0,26.5,58.3,0.0,1018.5
2025-04-02 14:00:00+00:00,15.9,47,4.7,0,0,0,0,663.0,565.0,859.7,98.0,27.5,60.5,0.0,1017.8
2025-04-02 15:00:00+00:00,15.6,47,4.2,0,0,0,0,575.0,484.0,832.4,91.0,27.5,60.1,0.0,1017.2
2025-04-02 16:00:00+00:00,15.1,49,4.6,1,1,0,0,446.0,363.0,770.9,83.0,25.8,59.0,0.0,1017.4
2025-04-02 17:00:00+00:00,14.1,55,5.2,2,0,2,0,288.0,217.0,651.8,71.0,23.7,54.7,0.0,1017.8
2025-04-02 18:00:00+00:00,12.6,62,5.6,0,0,0,0,125.0,77.0,434.7,48.0,21.8,49.7,0.0,1017.9
2025-04-02 19:00:00+00:00,11.4,66,5.3,0,0,0,0,14.0,5.0,77.7,9.0,20.9,44.6,0.0,1018.0
2025-04-02 20:00:00+00:00,10.7,69,5.3,1,1,0,0,0.0,0.0,0.0,0.0,20.5,42.5,0.0,1018.4
2025-04-02 21:00:00+00:00,10.2,72,5.4,0,0,0,0,0.0,0.0,0.0,0.0,20.1,41.8,0.0,1018.4
2025-04-02 22:00:00+00:00,9.9,75,5.6,0,0,0,0,0.0,0.0,0.0,0.0,18.8,40.3,0.0,1018.6
2025-04-02 23:00:00+00:00,9.6,76,5.6,0,0,0,0,0.0,0.0,0.0,0.0,18.5,37.4,0.0,1018.4
2025-04-03 00:00:00+00:00,9.4,77,5.7,0,0,0,0,0.0,0.0,0.0,0.0,18.0,37.1,0.0,1018.3
2025-04-03 01:00:00+00:00,8.9,75,4.7,0,0,0,0,0.0,0.0,0.0,0.0,17.2,35.3,0.0,1017.7
2025-04-03 02:00:00+00:00,8.8,75,4.7,0,0,0,0,0.0,0.0,0.0,0.0,16.8,33.8,0.0,1017.4
2025-04-03 03:00:00+00:00,8.7,75,4.6,0,0,0,0,0.0,0.0,0.0,0.0,16.4,32.8,0.0,1017.2
2025-04-03 04:00:00+00:00,8.6,75,4.4,0,0,0,0,0.0,0.0,0.0,0.0,15.6,32.0,0.0,1017.1
2025-04-03 05:00:00+00:00,8.4,75,4.3,0,0,0,0,0.0,0.0,0.0,0.0,14.6,30.2,0.0,1017.4
2025-04-03 06:00:00+00:00,8.1,77,4.3,0,0,0,0,3.0,1.0,24.7,2.0,13.9,28.1,0.0,1017.6
2025-04-03 07:00:00+00:00,9.2,74,4.9,6,3,6,0,83.0,46.0,352.6,37.0,14.2,28.4,0.0,1017.7
2025-04-03 08:00:00+00:00,11.0,72,6.2,22,1,22,0,230.0,159.0,548.3,71.0,11.8,28.4,0.0,1018.0
2025-04-03 09:00:00+00:00,12.5,69,6.9,6,0,6,0,367.0,258.0,593.4,109.0,14.1,31.7,0.0,1018.0
2025-04-03 10:00:00+00:00,14.1,66,7.8,1,0,1,0,523.0,419.0,755.0,104.0,14.5,33.5,0.0,1018.0
2025-04-03 11:00:00+00:00,15.1,64,8.4,2,0,0,2,629.0,527.0,820.4,102.0,16.0,37.4,0.0,1018.1
2025-04-03 12:00:00+00:00,15.7,61,8.2,88,0,28,87,688.0,583.0,843.7,105.0,17.7,41.0,0.0,1018.2
2025-04-03 13:00:00+00:00,18.2,52,8.2,87,0,2,87,695.0,589.0,844.3,106.0,18.5,45.4,0.0,1017.1
2025-04-03 14:00:00+00:00,17.8,52,7.8,100,0,99,100,631.0,497.0,751.1,134.0,19.5,46.1,0.0,1016.8
2025-04-03 15:00:00+00:00,17.5,53,7.8,100,0,100,100,463.0,215.0,367.0,248.0,18.7,43.6,0.0,1016.8
2025-04-03 16:00:00+00:00,16.1,59,8.1,100,0,89,100,150.0,3.0,6.3,147.0,15.7,40.7,0.0,1017.0
2025-04-03 17:00:00+00:00,15.3,65,8.8,98,0,41,97,135.0,10.0,29.7,125.0,15.4,34.6,0.0,1017.6
2025-04-03 18:00:00+00:00,14.1,74,9.6,100,1,100,95,63.0,10.0,55.1,53.0,14.9,31.7,0.0,1017.6
2025-04-03 19:00:00+00:00,13.9,78,10.1,100,6,99,100,4.0,0.0,0.0,4.0,15.5,30.6,0.2,1017.8
2025-04-03 20:00:00+00:00,13.6,79,10.0,100,6,100,100,0.0,0.0,0.0,0.0,13.6,30.2,0.0,1018.4
2025-04-03 21:00:00+00:00,13.4,80,10.1,100,8,100,100,0.0,0.0,0.0,0.0,11.8,26.3,0.0,1018.9
2025-04-03 22:00:00+00:00,12.7,84,10.0,100,11,100,89,0.0,0.0,0.0,0.0,8.3,22.7,0.0,1019.6
2025-04-03 23:00:00+00:00,12.1,86,9.9,100,2,100,100,0.0,0.0,0.0,0.0,6.8,15.8,0.0,1019.6
2025-04-04 00:00:00+00:00,11.9,88,10.0,100,0,100,100,0.0,0.0,0.0,0.0,5.9,12.6,0.0,1019.4
2025-04-04 01:00:00+00:00,11.9,85,9.4,100,23,100,87,0.0,0.0,0.0,0.0,8.8,15.5,0.0,1018.8
2025-04-04 02:00:00+00:00,11.6,85,9.2,100,16,40,100,0.0,0.0,0.0,0.0,7.5,15.8,0.0,1018.6
2025-04-04 03:00:00+00:00,10.6,88,8.6,100,0,100,100,0.0,0.0,0.0,0.0,9.5,16.9,0.0,1018.3
2025-04-04 04:00:00+00:00,10.6,86,8.3,100,0,100,42,0.0,0.0,0.0,0.0,10.3,19.4,0.0,1018.2
2025-04-04 05:00:00+00:00,10.6,84,8.0,100,5,95,100,0.0,0.0,0.0,0.0,8.5,19.4,0.0,1018.3
2025-04-04 06:00:00+00:00,10.8,81,7.7,100,18,100,100,2.0,0.0,0.0,2.0,10.2,18.7,0.0,1018.4
2025-04-04 07:00:00+00:00,11.3,78,7.6,98,10,80,91,29.0,0.0,0.0,29.0,10.8,21.2,0.0,1018.2
2025-04-04 08:00:00+00:00,12.5,76,8.3,76,19,55,46,105.0,24.0,81.1,81.0,9.4,20.9,0.0,1018.4
2025-04-04 09:00:00+00:00,14.9,69,9.2,16,9,13,0,349.0,218.0,495.0,131.0,10.6,24.5,0.0,1018.4
2025-04-04 10:00:00+00:00,16.8,66,10.4,14,0,14,0,519.0,409.0,729.9,110.0,11.1,27.4,0.0,1018.3
2025-04-04 11:00:00+00:00,18.2,62,10.8,62,0,0,62,614.0,492.0,759.9,122.0,13.2,31.0,0.0,1017.7
2025-04-04 12:00:00+00:00,19.4,57,10.7,64,0,0,64,683.0,575.0,826.3,108.0,15.5,36.0,0.0,1017.2
2025-04-04 13:00:00+00:00,21.2,43,8.2,0,0,0,0,695.0,592.0,843.0,103.0,20.7,45.4,0.0,1016.5
2025-04-04 14:00:00+00:00,21.3,43,8.2,0,0,0,0,654.0,555.0,833.1,99.0,20.5,45.7,0.0,1015.9
2025-04-04 15:00:00+00:00,21.0,47,9.4,16,0,0,16,566.0,472.0,799.7,94.0,19.4,44.6,0.0,1015.5
2025-04-04 16:00:00+00:00,20.4,51,10.0,96,0,0,96,438.0,352.0,734.2,86.0,19.5,42.1,0.0,1015.3
2025-04-04 17:00:00+00:00,19.1,56,10.2,100,0,0,100,273.0,183.0,535.9,90.0,17.5,41.4,0.0,1015.7
2025-04-04 18:00:00+00:00,17.2,54,7.9,1,0,0,1,127.0,74.0,398.4,53.0,18.1,36.7,0.0,1015.9
2025-04-04 19:00:00+00:00,15.4,53,5.9,6,0,0,6,17.0,7.0,102.0,10.0,19.4,38.5,0.0,1016.4
2025-04-04 20:00:00+00:00,14.2,54,4.9,11,0,0,11,0.0,0.0,0.0,0.0,19.9,40.0,0.0,1016.7
2025-04-04 21:00:00+00:00,13.4,56,4.8,0,0,0,0,0.0,0.0,0.0,0.0,20.0,40.3,0.0,1016.9
2025-04-04 22:00:00+00:00,12.6,60,5.1,21,0,21,0,0.0,0.0,0.0,0.0,19.3,40.3,0.0,1017.1
2025-04-04 23:00:00+00:00,11.9,63,5.1,0,0,0,0,0.0,0.0,0.0,0.0,19.3,38.9,0.0,1017.4
2025-04-05 00:00:00+00:00,11.1,67,5.2,0,0,0,0,0.0,0.0,0.0,0.0,19.9,39.6,0.0,1017.3
2025-04-05 01:00:00+00:00,10.1,69,4.7,0,0,0,0,0.0,0.0,0.0,0.0,21.3,42.8,0.0,1017.1
2025-04-05 02:00:00+00:00,9.2,69,4.0,0,0,0,0,0.0,0.0,0.0,0.0,22.1,44.3,0.0,1017.1
2025-04-05 03:00:00+00:00,8.8,69,3.3,0,0,0,0,0.0,0.0,0.0,0.0,21.9,44.6,0.0,1017.1
2025-04-05 04:00:00+00:00,8.4,69,3.0,0,0,0,0,0.0,0.0,0.0,0.0,20.0,43.6,0.0,1017.0
2025-04-05 05:00:00+00:00,8.1,70,2.9,0,0,0,0,0.0,0.0,0.0,0.0,18.6,39.2,0.0,1017.0
2025-04-05 06:00:00+00:00,7.4,71,2.6,0,0,0,0,5.0,1.0,21.5,4.0,20.1,40.0,0.0,1017.5
2025-04-05 07:00:00+00:00,8.1,72,3.4,0,0,0,0,97.0,58.0,407.5,39.0,17.1,40.3,0.0,1017.9
2025-04-05 08:00:00+00:00,9.2,72,4.5,0,0,0,0,253.0,188.0,623.4,65.0,16.0,34.6,0.0,1018.1
2025-04-05 09:00:00+00:00,11.1,70,5.8,0,0,0,0,414.0,334.0,749.0,80.0,15.3,35.6,0.0,1018.2
2025-04-05 10:00:00+00:00,13.1,64,6.6,0,0,0,0,553.0,463.0,818.5,90.0,16.2,37.1,0.0,1018.4
2025-04-05 11:00:00+00:00,15.1,59,7.2,0,0,0,0,656.0,562.0,861.2,94.0,16.3,38.5,0.0,1018.3
2025-04-05 12:00:00+00:00,16.8,55,7.6,0,0,0,0,714.0,617.0,880.5,97.0,16.2,37.8,0.0,1018.2
2025-04-05 13:00:00+00:00,18.0,42,4.9,0,0,0,0,731.0,636.0,899.7,95.0,19.2,44.3,0.0,1018.3
2025-04-05 14:00:00+00:00,18.3,41,4.9,0,0,0,0,689.0,597.0,890.2,92.0,19.2,43.2,0.0,1018.1
2025-04-05 15:00:00+00:00,18.2,41,4.8,0,0,0,0,597.0,508.0,854.5,89.0,19.2,42.8,0.0,1017.8
2025-04-05 16:00:00+00:00,17.4,42,4.5,0,0,0,0,466.0,386.0,798.0,80.0,19.0,42.5,0.0,1017.8
2025-04-05 17:00:00+00:00,16.0,48,5.0,0,0,0,0,309.0,241.0,697.1,68.0,18.6,41.0,0.0,1018.1
2025-04-05 18:00:00+00:00,14.0,51,4.2,0,0,0,0,145.0,97.0,510.4,48.0,16.5,38.5,0.0,1018.5
2025-04-05 19:00:00+00:00,12.0,54,3.0,0,0,0,0,20.0,9.0,127.2,11.0,14.7,33.1,0.0,1019.1
2025-04-05 20:00:00+00:00,10.7,54,1.9,0,0,0,0,0.0,0.0,0.0,0.0,15.4,30.2,0.0,1019.7
2025-04-05 21:00:00+00:00,9.4,51,-0.2,0,0,0,0,0.0,0.0,0.0,0.0,15.6,31.0,0.0,1020.3
2025-04-05 22:00:00+00:00,8.1,53,-1.0,0,0,0,0,0.0,0.0,0.0,0.0,15.7,31.3,0.0,1020.7
2025-04-05 23:00:00+00:00,7.2,59,-0.2,0,0,0,0,0.0,0.0,0.0,0.0,15.6,31.3,0.0,1021.1
2025-04-06 00:00:00+00:00,6.7,65,0.6,0,0,0,0,0.0,0.0,0.0,0.0,15.5,31.0,0.0,1021.3
2025-04-06 01:00:00+00:00,6.0,71,1.1,0,0,0,0,0.0,0.0,0.0,0.0,15.5,32.0,0.0,1021.1
2025-04-06 02:00:00+00:00,5.7,76,1.8,0,0,0,0,0.0,0.0,0.0,0.0,15.4,30.6,0.0,1021.0
2025-04-06 03:00:00+00:00,5.4,80,2.3,0,0,0,0,0.0,0.0,0.0,0.0,15.1,30.2,0.0,1020.9
2025-04-06 04:00:00+00:00,5.3,83,2.7,0,0,0,0,0.0,0.0,0.0,0.0,15.4,30.2,0.0,1021.0
2025-04-06 05:00:00+00:00,5.3,85,2.9,0,0,0,0,0.0,0.0,0.0,0.0,15.1,30.2,0.0,1021.2
2025-04-06 06:00:00+00:00,5.4,85,3.0,0,0,0,0,6.0,2.0,40.5,4.0,14.6,29.5,0.0,1021.5
2025-04-06 07:00:00+00:00,6.7,81,3.8,0,0,0,0,103.0,62.0,418.3,41.0,11.5,28.4,0.0,1021.9
2025-04-06 08:00:00+00:00,8.5,75,4.4,0,0,0,0,263.0,196.0,637.9,67.0,12.6,28.4,0.0,1022.1
2025-04-06 09:00:00+00:00,10.3,69,4.9,8,0,0,8,425.0,343.0,759.8,82.0,13.9,32.4,0.0,1022.3
2025-04-06 10:00:00+00:00,12.0,63,5.2,21,0,0,21,565.0,474.0,830.2,91.0,14.2,34.2,0.0,1022.2
2025-04-06 11:00:00+00:00,13.4,59,5.6,0,0,0,0,668.0,570.0,866.8,98.0,14.6,35.3,0.0,1022.2
2025-04-06 12:00:00+00:00,14.6,55,5.7,0,0,0,0,724.0,623.0,883.0,101.0,15.3,36.7,0.0,1022.3
2025-04-06 13:00:00+00:00,16.2,43,3.7,0,0,0,0,731.0,631.0,886.9,100.0,15.4,36.7,0.0,1022.2
2025-04-06 14:00:00+00:00,16.4,42,3.3,0,0,0,0,687.0,590.0,874.0,97.0,15.5,37.1,0.0,1021.9
2025-04-06 15:00:00+00:00,16.1,40,2.7,0,0,0,0,597.0,505.0,843.3,92.0,15.1,36.7,0.0,1021.6
2025-04-06 16:00:00+00:00,15.6,40,2.2,0,0,0,0,467.0,384.0,787.0,83.0,15.0,35.3,0.0,1021.5
2025-04-06 17:00:00+00:00,14.6,42,1.9,0,0,0,0,311.0,240.0,685.9,71.0,14.0,33.8,0.0,1021.8
2025-04-06 18:00:00+00:00,12.8,49,2.5,0,0,0,0,147.0,98.0,504.4,49.0,13.0,28.8,0.0,1022.4
2025-04-06 19:00:00+00:00,10.6,54,1.6,0,0,0,0,22.0,10.0,137.2,12.0,13.9,27.4,0.0,1023.2
2025-04-06 20:00:00+00:00,9.1,55,0.6,3,0,0,3,0.0,0.0,0.0,0.0,13.9,28.1,0.0,1024.0
2025-04-06 21:00:00+00:00,7.9,57,0.0,0,0,0,0,0.0,0.0,0.0,0.0,13.2,27.4,0.0,1024.6
2025-04-06 22:00:00+00:00,7.1,60,-0.2,0,0,0,0,0.0,0.0,0.0,0.0,12.8,25.6,0.0,1024.8
2025-04-06 23:00:00+00:00,6.4,64,0.2,0,0,0,0,0.0,0.0,0.0,0.0,12.6,24.8,0.0,1025.0
2025-04-07 00:00:00+00:00,5.9,69,0.6,0,0,0,0,0.0,0.0,0.0,0.0,12.1,24.1,0.0,1025.0
2025-04-07 01:00:00+00:00,5.3,68,-0.1,0,0,0,0,0.0,0.0,0.0,0.0,11.7,24.8,0.0,1024.5
2025-04-07 02:00:00+00:00,4.8,72,0.2,0,0,0,0,0.0,0.0,0.0,0.0,11.1,22.3,0.0,1024.4
2025-04-07 03:00:00+00:00,4.4,76,0.6,0,0,0,0,0.0,0.0,0.0,0.0,11.1,21.2,0.0,1024.4
2025-04-07 04:00:00+00:00,4.1,79,0.8,0,0,0,0,0.0,0.0,0.0,0.0,11.4,21.6,0.0,1024.5
2025-04-07 05:00:00+00:00,3.8,82,1.0,0,0,0,0,0.0,0.0,0.0,0.0,11.7,22.0,0.0,1024.8
2025-04-07 06:00:00+00:00,3.8,85,1.4,0,0,0,0,8.0,3.0,57.3,5.0,11.5,22.3,0.0,1025.3
2025-04-07 07:00:00+00:00,5.2,83,2.5,0,0,0,0,108.0,67.0,434.9,41.0,10.1,22.0,0.0,1025.6
2025-04-07 08:00:00+00:00,7.2,77,3.5,0,0,0,0,270.0,203.0,648.7,67.0,8.8,22.3,0.0,1025.7
2025-04-07 09:00:00+00:00,9.4,70,4.3,0,0,0,0,433.0,352.0,770.4,81.0,8.9,23.4,0.0,1026.1
2025-04-07 10:00:00+00:00,11.4,60,4.0,0,0,0,0,574.0,484.0,840.0,90.0,9.5,25.6,0.0,1026.1
2025-04-07 11:00:00+00:00,12.8,51,3.0,0,0,0,0,677.0,580.0,875.4,97.0,10.1,27.0,0.0,1025.9
2025-04-07 12:00:00+00:00,13.7,49,3.0,0,0,0,0,733.0,633.0,891.2,100.0,10.0,27.4,0.0,1025.9
2025-04-07 13:00:00+00:00,15.2,40,1.6,0,0,0,0,740.0,641.0,895.2,99.0,10.2,27.7,0.0,1025.4
2025-04-07 14:00:00+00:00,15.6,41,2.5,0,0,0,0,694.0,597.0,878.7,97.0,10.4,27.7,0.0,1025.1
2025-04-07 15:00:00+00:00,15.7,44,3.3,0,0,0,0,601.0,507.0,840.7,94.0,9.7,27.4,0.0,1024.7
2025-04-07 16:00:00+00:00,15.4,46,3.8,0,0,0,0,469.0,383.0,778.3,86.0,9.0,25.2,0.0,1024.6
2025-04-07 17:00:00+00:00,14.3,51,4.2,0,0,0,0,311.0,239.0,675.0,72.0,9.1,22.7,0.0,1024.8
2025-04-07 18:00:00+00:00,12.3,61,5.1,0,0,0,0,148.0,97.0,488.6,51.0,9.3,21.2,0.0,1025.1
2025-04-07 19:00:00+00:00,9.9,69,4.6,0,0,0,0,23.0,10.0,133.3,13.0,5.9,18.7,0.0,1025.7
2025-04-07 20:00:00+00:00,8.9,75,4.8,0,0,0,0,0.0,0.0,0.0,0.0,5.2,10.8,0.0,1026.4
2025-04-07 21:00:00+00:00,8.3,73,3.7,0,0,0,0,0.0,0.0,0.0,0.0,9.0,15.8,0.0,1026.9
2025-04-07 22:00:00+00:00,7.1,67,1.5,0,0,0,0,0.0,0.0,0.0,0.0,10.2,18.7,0.0,1027.3
2025-04-07 23:00:00+00:00,6.0,67,0.3,0,0,0,0,0.0,0.0,0.0,0.0,9.6,18.7,0.0,1027.3
2025-04-08 00:00:00+00:00,5.2,69,0.1,0,0,0,0,0.0,0.0,0.0,0.0,9.1,18.0,0.0,1027.5
2025-04-08 01:00:00+00:00,4.4,69,-0.6,0,0,0,0,0.0,0.0,0.0,0.0,8.5,17.6,0.0,1027.2
2025-04-08 02:00:00+00:00,4.0,74,-0.3,0,0,0,0,0.0,0.0,0.0,0.0,7.9,15.5,0.0,1027.1
2025-04-08 03:00:00+00:00,3.5,78,-0.1,0,0,0,0,0.0,0.0,0.0,0.0,8.7,15.8,0.0,1026.6
2025-04-08 04:00:00+00:00,3.2,80,0.0,0,0,0,0,0.0,0.0,0.0,0.0,8.3,15.8,0.0,1026.4
2025-04-08 05:00:00+00:00,2.9,83,0.3,0,0,0,0,0.0,0.0,0.0,0.0,7.3,14.8,0.0,1026.9
2025-04-08 06:00:00+00:00,2.8,86,0.6,0,0,0,0,9.0,3.0,54.3,6.0,9.2,16.2,0.0,1027.2
2025-04-08 07:00:00+00:00,4.5,83,1.8,0,0,0,0,114.0,72.0,450.4,42.0,8.9,17.6,0.0,1027.6
2025-04-08 08:00:00+00:00,7.2,73,2.7,0,0,0,0,277.0,210.0,659.2,67.0,6.6,18.0,0.0,1028.2
2025-04-08 09:00:00+00:00,9.6,67,3.8,96,0,0,96,439.0,357.0,772.2,82.0,7.1,20.2,0.0,1027.9
2025-04-08 10:00:00+00:00,11.6,59,3.8,100,0,0,100,560.0,439.0,755.2,121.0,8.0,23.0,0.0,1027.5
2025-04-08 11:00:00+00:00,12.8,53,3.5,100,0,0,100,573.0,325.0,486.9,248.0,8.1,23.4,0.0,1027.2
2025-04-08 12:00:00+00:00,13.7,50,3.3,96,0,0,96,603.0,290.0,405.6,313.0,8.0,23.4,0.0,1026.9
2025-04-08 13:00:00+00:00,15.1,43,2.5,100,0,0,100,561.0,239.0,331.7,322.0,6.2,22.0,0.0,1026.4
2025-04-08 14:00:00+00:00,15.5,43,2.8,91,0,0,91,547.0,280.0,409.5,267.0,6.0,19.4,0.0,1026.2
2025-04-08 15:00:00+00:00,15.8,43,3.2,83,0,0,83,537.0,344.0,566.5,193.0,7.3,20.9,0.0,1025.6
2025-04-08 16:00:00+00:00,15.6,43,3.1,77,0,0,77,422.0,273.0,550.2,149.0,8.8,22.7,0.0,1025.3
2025-04-08 17:00:00+00:00,15.1,44,2.8,4,3,0,1,288.0,179.0,499.7,109.0,10.8,24.5,0.0,1025.5
2025-04-08 18:00:00+00:00,13.9,51,3.8,1,1,0,0,150.0,97.0,478.4,53.0,10.7,24.8,0.0,1025.5
2025-04-08 19:00:00+00:00,11.9,59,4.2,0,0,0,0,24.0,11.0,142.7,13.0,12.4,23.0,0.0,1025.6
2025-04-08 20:00:00+00:00,10.4,68,4.7,2,0,0,2,0.0,0.0,0.0,0.0,12.3,24.1,0.0,1026.1
2025-04-08 21:00:00+00:00,9.2,68,3.7,61,0,0,61,0.0,0.0,0.0,0.0,10.8,23.0,0.0,1026.5
2025-04-08 22:00:00+00:00,8.2,63,1.6,0,0,0,0,0.0,0.0,0.0,0.0,9.5,20.2,0.0,1026.7
2025-04-08 23:00:00+00:00,7.2,64,0.8,0,0,0,0,0.0,0.0,0.0,0.0,9.2,17.6,0.0,1026.8
2025-04-09 00:00:00+00:00,6.3,67,0.6,0,0,0,0,0.0,0.0,0.0,0.0,8.8,16.9,0.0,1027.2
2025-04-09 01:00:00+00:00,5.6,64,-0.8,0,0,0,0,0.0,0.0,0.0,0.0,10.4,19.1,0.0,1027.0
2025-04-09 02:00:00+00:00,5.2,67,-0.3,0,0,0,0,0.0,0.0,0.0,0.0,10.0,19.4,0.0,1026.8
2025-04-09 03:00:00+00:00,4.8,71,0.0,0,0,0,0,0.0,0.0,0.0,0.0,9.5,18.4,0.0,1026.8
2025-04-09 04:00:00+00:00,4.2,74,0.1,0,0,0,0,0.0,0.0,0.0,0.0,10.2,18.7,0.0,1027.0
2025-04-09 05:00:00+00:00,3.8,76,-0.1,0,0,0,0,0.0,0.0,0.0,0.0,12.0,22.0,0.0,1027.2
2025-04-09 06:00:00+00:00,4.0,75,-0.1,0,0,0,0,10.0,4.0,68.8,6.0,13.0,24.5,0.0,1027.4
2025-04-09 07:00:00+00:00,5.4,71,0.6,0,0,0,0,116.0,73.0,440.8,43.0,11.5,25.2,0.0,1027.9
2025-04-09 08:00:00+00:00,7.3,63,0.7,14,0,0,14,279.0,210.0,647.9,69.0,11.1,26.3,0.0,1028.2
2025-04-09 09:00:00+00:00,9.4,52,0.1,22,0,0,22,441.0,358.0,765.5,83.0,12.5,30.2,0.0,1028.4
2025-04-09 10:00:00+00:00,10.9,44,-0.9,29,0,0,29,580.0,487.0,830.4,93.0,13.2,33.1,0.0,1028.5
2025-04-09 11:00:00+00:00,12.2,42,-0.4,24,0,0,24,679.0,572.0,850.8,107.0,12.6,33.1,0.0,1028.5
2025-04-09 12:00:00+00:00,13.2,42,0.6,3,2,0,1,737.0,632.0,878.3,105.0,13.2,33.8,0.0,1028.6
2025-04-09 13:00:00+00:00,13.6,47,2.5,7,7,0,0,737.0,624.0,860.8,113.0,14.0,35.6,0.0,1028.8
2025-04-09 14:00:00+00:00,13.9,50,3.5,2,2,0,0,684.0,567.0,824.1,117.0,13.1,35.3,0.0,1028.6
2025-04-09 15:00:00+00:00,14.3,50,4.0,9,9,0,0,599.0,497.0,812.9,102.0,12.5,33.5,0.0,1028.2
2025-04-09 16:00:00+00:00,14.2,50,4.0,5,5,0,0,465.0,367.0,733.6,98.0,13.0,32.0,0.0,1028.2
2025-04-09 17:00:00+00:00,13.8,51,3.8,3,3,0,0,315.0,238.0,656.8,77.0,13.2,31.3,0.0,1028.5
2025-04-09 18:00:00+00:00,12.9,56,4.3,0,0,0,0,154.0,101.0,488.1,53.0,11.0,30.2,0.0,1028.8
2025-04-09 19:00:00+00:00,11.1,67,5.1,4,4,0,0,26.0,12.0,151.6,14.0,10.1,22.0,0.0,1029.3
2025-04-09 20:00:00+00:00,9.9,73,5.3,9,9,0,0,0.0,0.0,0.0,0.0,10.9,20.5,0.0,1030.3
2025-04-09 21:00:00+00:00,8.8,77,5.0,8,8,0,0,0.0,0.0,0.0,0.0,10.8,20.5,0.0,1030.9
2025-04-09 22:00:00+00:00,7.8,81,4.8,2,2,0,0,0.0,0.0,0.0,0.0,9.4,20.2,0.0,1031.5
2025-04-09 23:00:00+00:00,6.8,86,4.6,3,3,0,0,0.0,0.0,0.0,0.0,8.3,17.3,0.0,1031.8
2025-04-10 00:00:00+00:00,5.9,89,4.3,4,4,0,0,0.0,0.0,0.0,0.0,9.0,16.2,0.0,1032.2
2025-04-10 01:00:00+00:00,5.2,85,2.8,0,0,0,0,0.0,0.0,0.0,0.0,11.2,20.9,0.0,1032.3
2025-04-10 02:00:00+00:00,4.5,87,2.5,0,0,0,0,0.0,0.0,0.0,0.0,10.5,20.9,0.0,1032.3
2025-04-10 03:00:00+00:00,3.8,89,2.2,0,0,0,0,0.0,0.0,0.0,0.0,9.2,19.4,0.0,1032.2
2025-04-10 04:00:00+00:00,3.3,92,2.1,0,0,0,0,0.0,0.0,0.0,0.0,8.7,17.3,0.0,1032.2
2025-04-10 05:00:00+00:00,2.8,94,1.9,0,0,0,0,0.0,0.0,0.0,0.0,9.0,16.6,0.0,1032.3
2025-04-10 06:00:00+00:00,2.8,93,1.8,0,0,0,0,12.0,4.0,65.6,8.0,10.1,18.4,0.0,1032.8
2025-04-10 07:00:00+00:00,4.5,85,2.2,4,4,0,0,121.0,74.0,432.0,47.0,7.8,18.7,0.0,1032.6
2025-04-10 08:00:00+00:00,6.8,74,2.5,6,6,0,0,281.0,208.0,631.0,73.0,7.7,20.5,0.0,1032.5
2025-04-10 09:00:00+00:00,8.8,68,3.2,1,1,0,0,437.0,345.0,729.5,92.0,8.0,23.0,0.0,1032.5
2025-04-10 10:00:00+00:00,10.4,63,3.8,1,1,0,0,578.0,481.0,813.2,97.0,6.8,23.0,0.0,1032.2
2025-04-10 11:00:00+00:00,11.9,60,4.4,4,4,0,0,680.0,574.0,847.7,106.0,4.9,21.6,0.0,1032.0
2025-04-10 12:00:00+00:00,13.2,58,5.1,10,10,0,0,734.0,623.0,860.4,111.0,4.4,19.1,0.0,1031.5
2025-04-10 13:00:00+00:00,14.0,54,4.8,2,2,0,0,744.0,639.0,876.2,105.0,4.6,19.1,0.0,1030.9
2025-04-10 14:00:00+00:00,14.8,53,5.3,1,1,0,0,697.0,592.0,855.3,105.0,5.4,20.2,0.0,1030.1
2025-04-10 15:00:00+00:00,15.2,53,5.7,4,4,0,0,604.0,502.0,815.6,102.0,5.7,20.2,0.0,1029.2
2025-04-10 16:00:00+00:00,15.2,54,6.1,6,6,0,0,473.0,377.0,747.5,96.0,4.5,19.4,0.0,1028.7
2025-04-10 17:00:00+00:00,14.8,57,6.3,5,5,0,0,316.0,233.0,635.9,83.0,2.6,16.6,0.0,1028.6
2025-04-10 18:00:00+00:00,13.6,62,6.4,5,5,0,0,155.0,98.0,464.3,57.0,0.6,11.2,0.0,1028.3
2025-04-10 19:00:00+00:00,11.1,78,7.4,0,0,0,0,28.0,13.0,160.0,15.0,2.5,4.7,0.0,1028.3
2025-04-10 20:00:00+00:00,9.5,82,6.6,0,0,0,0,0.0,0.0,0.0,0.0,5.0,9.7,0.0,1028.3
2025-04-10 21:00:00+00:00,7.8,89,6.2,0,0,0,0,0.0,0.0,0.0,0.0,5.5,10.8,0.0,1028.2
2025-04-10 22:00:00+00:00,6.8,94,5.9,0,0,0,0,0.0,0.0,0.0,0.0,4.1,10.4,0.0,1028.1
2025-04-10 23:00:00+00:00,6.1,97,5.7,0,0,0,0,0.0,0.0,0.0,0.0,2.5,7.6,0.0,1027.9
2025-04-11 00:00:00+00:00,5.3,100,5.3,98,98,0,0,0.0,0.0,0.0,0.0,2.3,5.0,0.0,1027.5
2025-04-11 01:00:00+00:00,4.6,100,4.6,99,99,0,0,0.0,0.0,0.0,0.0,1.2,5.0,0.0,1026.8
2025-04-11 02:00:00+00:00,4.1,100,4.1,98,98,0,0,0.0,0.0,0.0,0.0,1.1,2.9,0.0,1026.2
2025-04-11 03:00:00+00:00,3.9,100,3.9,100,100,0,0,0.0,0.0,0.0,0.0,3.1,8.3,0.0,1025.7
2025-04-11 04:00:00+00:00,3.3,100,3.3,100,100,0,0,0.0,0.0,0.0,0.0,4.3,10.1,0.0,1025.4
2025-04-11 05:00:00+00:00,2.8,100,2.8,100,100,0,0,0.0,0.0,0.0,0.0,3.6,10.1,0.0,1025.3
2025-04-11 06:00:00+00:00,2.8,99,2.7,100,100,0,0,10.0,1.0,15.7,9.0,1.8,9.4,0.0,1025.2
2025-04-11 07:00:00+00:00,4.3,98,4.1,100,100,0,0,80.0,17.0,96.1,63.0,1.5,8.6,0.0,1025.0
2025-04-11 08:00:00+00:00,6.5,92,5.2,100,100,0,0,201.0,69.0,205.9,132.0,1.6,10.4,0.0,1024.6
2025-04-11 09:00:00+00:00,10.1,79,6.7,1,1,0,0,338.0,149.0,311.6,189.0,0.9,11.5,0.0,1024.3
2025-04-11 10:00:00+00:00,14.2,59,6.3,0,0,0,0,586.0,493.0,826.6,93.0,2.5,14.4,0.0,1023.6
2025-04-11 11:00:00+00:00,16.6,48,5.7,0,0,0,0,689.0,592.0,868.2,97.0,4.3,18.7,0.0,1022.8
2025-04-11 12:00:00+00:00,18.4,42,5.2,0,0,0,0,746.0,648.0,889.4,98.0,2.9,18.7,0.0,1022.3
2025-04-11 13:00:00+00:00,20.5,33,3.5,0,0,0,0,751.0,652.0,888.8,99.0,2.3,18.0,0.0,1021.2
2025-04-11 14:00:00+00:00,20.6,33,3.8,0,0,0,0,705.0,607.0,871.7,98.0,4.0,18.0,0.0,1020.4
2025-04-11 15:00:00+00:00,20.4,37,5.2,0,0,0,0,612.0,519.0,837.8,93.0,6.4,21.2,0.0,1019.5
2025-04-11 16:00:00+00:00,19.8,40,5.8,0,0,0,0,481.0,395.0,777.0,86.0,7.4,22.0,0.0,1018.9
2025-04-11 17:00:00+00:00,18.8,42,5.6,0,0,0,0,325.0,253.0,683.0,72.0,8.3,21.6,0.0,1018.5
2025-04-11 18:00:00+00:00,16.8,43,4.1,0,0,0,0,163.0,110.0,511.1,53.0,7.8,21.6,0.0,1018.1
2025-04-11 19:00:00+00:00,14.4,47,3.3,0,0,0,0,31.0,15.0,180.1,16.0,7.3,17.6,0.0,1017.6
2025-04-11 20:00:00+00:00,12.6,54,3.6,0,0,0,0,0.0,0.0,0.0,0.0,7.9,14.4,0.0,1017.3
2025-04-11 21:00:00+00:00,11.8,55,3.1,0,0,0,0,0.0,0.0,0.0,0.0,8.7,15.1,0.0,1017.0
2025-04-11 22:00:00+00:00,11.2,53,2.0,0,0,0,0,0.0,0.0,0.0,0.0,9.3,16.2,0.0,1016.7
2025-04-11 23:00:00+00:00,10.7,50,0.6,0,0,0,0,0.0,0.0,0.0,0.0,9.8,17.6,0.0,1016.2
2025-04-12 00:00:00+00:00,10.4,49,0.1,0,0,0,0,0.0,0.0,0.0,0.0,10.8,19.1,0.0,1015.5
2025-04-12 01:00:00+00:00,9.6,51,-0.1,0,0,0,0,0.0,0.0,0.0,0.0,11.1,20.5,0.0,1014.1
2025-04-12 02:00:00+00:00,9.3,61,2.2,0,0,0,0,0.0,0.0,0.0,0.0,11.2,20.2,0.0,1013.2
2025-04-12 03:00:00+00:00,8.9,70,3.7,3,0,0,3,0.0,0.0,0.0,0.0,10.8,20.2,0.0,1012.3
2025-04-12 04:00:00+00:00,8.6,75,4.3,30,0,0,30,0.0,0.0,0.0,0.0,10.6,19.8,0.0,1011.4
2025-04-12 05:00:00+00:00,8.2,77,4.3,2,0,0,2,0.0,0.0,0.0,0.0,10.4,19.8,0.0,1010.6
2025-04-12 06:00:00+00:00,8.2,76,4.3,98,0,0,98,16.0,7.0,105.2,9.0,11.4,20.5,0.0,1009.9
2025-04-12 07:00:00+00:00,10.1,69,4.7,96,0,0,96,130.0,81.0,443.8,49.0,10.6,20.5,0.0,1009.5
2025-04-12 08:00:00+00:00,12.2,61,4.8,97,0,0,97,283.0,195.0,572.8,88.0,10.0,23.8,0.0,1008.9
2025-04-12 09:00:00+00:00,14.2,55,5.3,99,0,0,99,434.0,318.0,658.0,116.0,11.1,28.1,0.0,1008.0
2025-04-12 10:00:00+00:00,15.8,51,5.6,100,0,16,100,565.0,430.0,715.1,135.0,12.1,31.0,0.0,1007.2
2025-04-12 11:00:00+00:00,16.4,49,5.5,100,0,86,100,644.0,458.0,667.2,186.0,13.3,34.2,0.0,1006.5
2025-04-12 12:00:00+00:00,16.5,48,5.3,100,0,85,100,634.0,345.0,470.7,289.0,12.5,34.2,0.0,1005.5
2025-04-12 13:00:00+00:00,18.8,39,4.4,100,0,73,100,609.0,280.0,379.5,329.0,11.6,31.3,0.0,1004.1
2025-04-12 14:00:00+00:00,18.3,39,4.2,100,0,97,100,532.0,208.0,297.0,324.0,12.5,32.0,0.0,1003.2
2025-04-12 15:00:00+00:00,17.4,41,4.1,100,0,100,100,389.0,99.0,158.8,290.0,10.5,32.0,0.0,1002.4
2025-04-12 16:00:00+00:00,16.1,46,4.4,100,0,100,97,210.0,24.0,46.8,186.0,8.9,27.0,0.0,1001.9
2025-04-12 17:00:00+00:00,15.5,49,4.9,99,0,85,90,102.0,1.0,2.7,101.0,6.3,22.3,0.0,1001.2
2025-04-12 18:00:00+00:00,15.1,53,5.7,98,0,87,84,81.0,9.0,41.0,72.0,6.6,16.6,0.0,1000.7
2025-04-12 19:00:00+00:00,13.9,58,5.8,100,0,100,55,18.0,2.0,23.4,16.0,6.4,15.8,0.0,1000.5
2025-04-12 20:00:00+00:00,13.1,62,5.8,59,0,20,49,0.0,0.0,0.0,0.0,8.0,16.6,0.0,1000.7
2025-04-12 21:00:00+00:00,11.2,70,5.9,94,0,87,54,0.0,0.0,0.0,0.0,8.5,16.6,0.0,1000.5
2025-04-12 22:00:00+00:00,11.4,70,6.2,83,0,57,61,0.0,0.0,0.0,0.0,9.9,17.6,0.0,1000.3
2025-04-12 23:00:00+00:00,10.7,77,6.8,59,6,59,0,0.0,0.0,0.0,0.0,9.1,18.4,0.0,1000.3
2025-04-13 00:00:00+00:00,10.3,81,7.2,19,2,18,0,0.0,0.0,0.0,0.0,11.0,20.9,0.0,1000.7
2025-04-13 01:00:00+00:00,11.8,74,7.3,100,0,100,0,0.0,0.0,0.0,0.0,12.1,23.8,0.0,1001.0
2025-04-13 02:00:00+00:00,11.3,80,8.0,70,10,68,0,0.0,0.0,0.0,0.0,12.1,24.5,0.0,1001.3
2025-04-13 03:00:00+00:00,10.1,89,8.3,35,17,26,0,0.0,0.0,0.0,0.0,12.8,25.6,0.1,1001.7
2025-04-13 04:00:00+00:00,9.1,94,8.1,40,37,17,0,0.0,0.0,0.0,0.0,12.1,25.6,0.2,1002.2
2025-04-13 05:00:00+00:00,8.4,96,7.8,0,0,0,0,0.0,0.0,0.0,0.0,10.9,23.4,0.0,1002.8
2025-04-13 06:00:00+00:00,7.9,95,7.2,0,0,0,0,17.0,7.0,101.0,10.0,11.0,20.9,0.0,1003.1
2025-04-13 07:00:00+00:00,9.3,86,7.2,90,89,10,0,135.0,85.0,452.2,50.0,12.8,27.0,0.0,1003.9
2025-04-13 08:00:00+00:00,10.6,80,7.2,100,100,20,6,204.0,63.0,182.2,141.0,15.8,34.9,0.0,1004.4
2025-04-13 09:00:00+00:00,12.4,69,6.8,63,56,19,2,231.0,34.0,69.6,197.0,15.1,34.9,0.0,1004.5
2025-04-13 10:00:00+00:00,13.6,65,7.1,82,53,57,22,417.0,220.0,363.0,197.0,13.3,35.6,0.2,1004.5
2025-04-13 11:00:00+00:00,14.2,60,6.6,56,23,41,5,460.0,228.0,329.9,232.0,13.3,32.8,0.1,1004.6
2025-04-13 12:00:00+00:00,14.1,61,6.8,81,52,57,19,531.0,349.0,473.3,182.0,14.7,37.8,0.1,1004.8
2025-04-13 13:00:00+00:00,14.4,60,6.7,86,76,44,9,507.0,280.0,377.4,227.0,13.5,38.5,0.0,1005.0
2025-04-13 14:00:00+00:00,15.1,51,4.9,99,94,73,79,488.0,278.0,394.7,210.0,15.2,36.4,0.1,1005.1
2025-04-13 15:00:00+00:00,13.2,58,5.1,100,99,95,100,268.0,60.0,95.6,208.0,14.7,37.1,0.2,1005.3
2025-04-13 16:00:00+00:00,12.2,63,5.3,100,14,100,100,162.0,7.0,13.6,155.0,16.8,38.9,0.1,1005.7
2025-04-13 17:00:00+00:00,12.3,60,4.7,100,14,100,100,111.0,4.0,10.6,107.0,14.5,37.4,0.1,1005.8
2025-04-13 18:00:00+00:00,11.8,62,4.8,100,13,100,100,76.0,0.0,0.0,76.0,12.9,32.0,0.0,1006.0
2025-04-13 19:00:00+00:00,10.9,68,5.2,100,10,91,100,23.0,0.0,0.0,23.0,11.2,28.4,0.0,1006.6
2025-04-13 20:00:00+00:00,10.0,73,5.3,54,13,30,24,0.0,0.0,0.0,0.0,10.6,22.7,0.0,1007.1
2025-04-13 21:00:00+00:00,8.8,80,5.5,45,3,13,41,0.0,0.0,0.0,0.0,9.4,21.2,0.0,1007.3
2025-04-13 22:00:00+00:00,8.1,84,5.6,0,0,0,0,0.0,0.0,0.0,0.0,9.4,18.0,0.0,1007.4
2025-04-13 23:00:00+00:00,7.3,88,5.6,1,1,0,0,0.0,0.0,0.0,0.0,9.8,18.0,0.0,1007.5
2025-04-14 00:00:00+00:00,6.8,92,5.6,4,0,0,3,0.0,0.0,0.0,0.0,8.2,18.4,0.0,1007.8
2025-04-14 01:00:00+00:00,6.2,93,5.1,18,0,0,17,0.0,0.0,0.0,0.0,6.7,16.2,0.0,1007.5
2025-04-14 02:00:00+00:00,5.9,93,4.8,95,0,0,95,0.0,0.0,0.0,0.0,7.7,14.4,0.0,1007.4
2025-04-14 03:00:00+00:00,6.1,93,5.1,46,0,0,46,0.0,0.0,0.0,0.0,8.4,15.1,0.0,1007.3
2025-04-14 04:00:00+00:00,6.3,93,5.3,13,12,0,1,0.0,0.0,0.0,0.0,9.3,16.6,0.0,1007.1
2025-04-14 05:00:00+00:00,6.4,94,5.4,48,37,0,18,0.0,0.0,0.0,0.0,8.8,16.9,0.0,1006.6
2025-04-14 06:00:00+00:00,6.8,95,6.0,47,32,5,19,17.0,5.0,69.5,12.0,9.1,15.8,0.0,1006.7
2025-04-14 07:00:00+00:00,8.8,88,6.8,80,26,16,72,118.0,58.0,299.9,60.0,11.4,20.2,0.0,1006.6
2025-04-14 08:00:00+00:00,10.7,73,6.0,100,50,22,100,271.0,165.0,470.2,106.0,17.8,39.2,0.1,1006.5
2025-04-14 09:00:00+00:00,11.5,65,5.2,100,50,82,100,322.0,168.0,340.6,154.0,18.4,41.0,0.0,1006.2
2025-04-14 10:00:00+00:00,11.6,65,5.3,98,52,88,65,425.0,256.0,419.1,169.0,19.7,45.4,0.1,1005.9
2025-04-14 11:00:00+00:00,11.6,70,6.2,100,55,100,100,339.0,133.0,191.2,206.0,19.2,45.0,0.5,1005.4
2025-04-14 12:00:00+00:00,13.1,59,5.2,100,29,100,100,556.0,215.0,289.9,341.0,21.3,48.6,0.1,1004.7
2025-04-14 13:00:00+00:00,13.4,56,4.7,100,42,97,100,360.0,52.0,69.7,308.0,18.4,46.1,0.1,1004.6
2025-04-14 14:00:00+00:00,12.8,60,5.2,100,33,100,100,267.0,17.0,24.0,250.0,17.3,42.5,0.0,1003.8
2025-04-14 15:00:00+00:00,13.4,58,5.2,100,18,62,100,387.0,99.0,156.8,288.0,14.4,39.6,0.0,1002.9
2025-04-14 16:00:00+00:00,13.6,56,4.8,100,21,66,100,369.0,149.0,286.5,220.0,15.2,35.6,0.0,1002.2
2025-04-14 17:00:00+00:00,12.9,61,5.5,100,20,100,100,205.0,71.0,185.7,134.0,14.0,35.6,0.1,1001.6
2025-04-14 18:00:00+00:00,12.0,70,6.8,100,6,100,99,66.0,0.0,0.0,66.0,10.6,31.3,0.0,1001.0
2025-04-14 19:00:00+00:00,11.4,76,7.3,100,5,100,0,11.0,0.0,0.0,11.0,8.3,23.4,0.0,1000.8
2025-04-14 20:00:00+00:00,10.9,80,7.6,100,0,100,100,0.0,0.0,0.0,0.0,8.8,16.6,0.1,1001.0
2025-04-14 21:00:00+00:00,10.4,85,8.0,100,0,100,100,0.0,0.0,0.0,0.0,10.0,19.1,0.3,1000.8
2025-04-14 22:00:00+00:00,9.9,90,8.4,100,0,100,100,0.0,0.0,0.0,0.0,10.8,19.8,0.5,1000.1
2025-04-14 23:00:00+00:00,9.5,95,8.8,100,0,100,100,0.0,0.0,0.0,0.0,8.7,19.8,0.5,999.3
2025-04-15 00:00:00+00:00,9.2,96,8.6,100,17,100,100,0.0,0.0,0.0,0.0,11.6,20.5,0.3,998.8
2025-04-15 01:00:00+00:00,9.2,93,8.1,100,50,100,100,0.0,0.0,0.0,0.0,8.2,18.4,0.1,998.0
2025-04-15 02:00:00+00:00,9.1,94,8.2,100,100,100,100,0.0,0.0,0.0,0.0,7.4,14.4,0.1,997.4
2025-04-15 03:00:00+00:00,9.1,94,8.2,100,100,100,100,0.0,0.0,0.0,0.0,6.4,13.0,0.1,996.6
2025-04-15 04:00:00+00:00,9.1,95,8.2,100,100,57,100,0.0,0.0,0.0,0.0,5.0,11.5,0.0,996.0
2025-04-15 05:00:00+00:00,8.9,95,8.2,100,99,73,100,0.0,0.0,0.0,0.0,6.0,10.4,0.0,995.8
2025-04-15 06:00:00+00:00,8.9,95,8.2,98,3,4,98,10.0,0.0,0.0,10.0,8.8,15.5,0.0,995.3
2025-04-15 07:00:00+00:00,10.1,93,8.9,82,5,1,81,117.0,46.0,231.5,71.0,7.7,16.2,0.0,995.1
2025-04-15 08:00:00+00:00,11.9,83,9.2,27,12,3,14,284.0,185.0,519.6,99.0,8.9,20.9,0.0,994.9
2025-04-15 09:00:00+00:00,13.9,71,8.7,100,100,1,22,445.0,334.0,670.4,111.0,12.4,30.6,0.0,994.6
2025-04-15 10:00:00+00:00,14.4,68,8.7,99,99,18,0,321.0,71.0,115.4,250.0,13.3,31.7,0.0,994.5
2025-04-15 11:00:00+00:00,15.4,64,8.6,100,24,7,100,458.0,203.0,290.0,255.0,14.4,34.9,0.1,994.1
2025-04-15 12:00:00+00:00,16.6,59,8.5,43,1,40,4,674.0,503.0,674.4,171.0,14.7,37.4,0.0,993.7
2025-04-15 13:00:00+00:00,16.2,64,9.4,46,21,33,3,631.0,438.0,584.0,193.0,15.9,42.8,0.5,994.2
2025-04-15 14:00:00+00:00,14.2,79,10.6,62,35,13,33,570.0,380.0,533.5,190.0,22.6,48.2,11.1,993.9
2025-04-15 15:00:00+00:00,14.6,78,10.8,51,36,26,13,447.0,290.0,456.6,157.0,19.1,48.2,2.4,994.0
2025-04-15 16:00:00+00:00,14.8,75,10.3,64,5,14,57,401.0,239.0,456.2,162.0,18.3,43.9,0.1,993.7
2025-04-15 17:00:00+00:00,14.2,77,10.1,99,82,50,97,298.0,209.0,541.2,89.0,18.5,43.2,0.3,993.5
2025-04-15 18:00:00+00:00,13.6,73,8.9,86,25,0,82,114.0,27.0,116.7,87.0,16.4,39.6,0.0,993.4
2025-04-15 19:00:00+00:00,12.2,76,8.1,100,41,1,100,32.0,8.0,87.6,24.0,16.6,36.7,0.0,993.5
2025-04-15 20:00:00+00:00,11.1,83,8.3,96,88,9,67,0.0,0.0,0.0,0.0,17.4,34.6,0.0,993.8
2025-04-15 21:00:00+00:00,9.9,90,8.4,100,100,4,1,0.0,0.0,0.0,0.0,18.7,40.0,0.0,993.7
2025-04-15 22:00:00+00:00,9.5,87,7.4,100,100,1,10,0.0,0.0,0.0,0.0,20.7,47.5,0.0,993.4
2025-04-15 23:00:00+00:00,8.9,87,6.8,100,100,0,0,0.0,0.0,0.0,0.0,26.3,59.8,0.0,993.8
2025-04-16 00:00:00+00:00,7.8,81,4.7,100,100,0,0,0.0,0.0,0.0,0.0,29.6,67.0,0.0,994.8
2025-04-16 01:00:00+00:00,8.4,70,3.2,100,100,0,0,0.0,0.0,0.0,0.0,31.7,69.1,0.0,996.3
2025-04-16 02:00:00+00:00,8.0,74,3.7,100,100,0,0,0.0,0.0,0.0,0.0,34.3,77.0,0.0,996.7
2025-04-16 03:00:00+00:00,7.8,75,3.6,100,100,0,0,0.0,0.0,0.0,0.0,35.8,78.1,0.0,997.2
2025-04-16 04:00:00+00:00,7.6,79,4.1,60,60,2,0,0.0,0.0,0.0,0.0,30.4,75.2,0.1,998.5
2025-04-16 05:00:00+00:00,7.5,78,3.9,5,3,2,0,0.0,0.0,0.0,0.0,27.2,65.2,0.1,999.8
2025-04-16 06:00:00+00:00,7.4,78,3.8,6,5,1,0,23.0,9.0,116.5,14.0,23.8,56.5,0.0,1000.6
2025-04-16 07:00:00+00:00,8.6,72,3.9,7,7,1,0,145.0,89.0,436.4,56.0,20.4,51.8,0.0,1001.6
2025-04-16 08:00:00+00:00,9.9,64,3.4,4,4,1,0,302.0,218.0,603.8,84.0,22.9,50.4,0.0,1002.5
2025-04-16 09:00:00+00:00,11.1,51,1.4,16,9,8,0,463.0,366.0,727.7,97.0,24.2,53.6,0.0,1003.4
2025-04-16 10:00:00+00:00,12.1,45,0.4,21,6,17,0,579.0,460.0,741.9,119.0,25.0,59.4,0.1,1004.2
2025-04-16 11:00:00+00:00,12.7,43,0.6,15,13,4,0,641.0,511.0,725.6,130.0,25.1,59.4,0.0,1005.0
2025-04-16 12:00:00+00:00,13.4,39,-0.2,2,0,1,0,757.0,627.0,836.1,130.0,25.5,61.6,0.0,1005.7
2025-04-16 13:00:00+00:00,13.8,38,-0.2,38,20,36,0,745.0,618.0,819.7,127.0,25.7,59.0,0.0,1006.1
2025-04-16 14:00:00+00:00,13.1,44,1.0,24,16,16,1,589.0,438.0,611.7,151.0,24.0,59.0,0.0,1006.7
2025-04-16 15:00:00+00:00,12.9,47,1.9,14,6,7,6,563.0,428.0,669.9,135.0,22.6,55.1,0.0,1007.0
2025-04-16 16:00:00+00:00,12.5,50,2.4,8,6,3,0,479.0,373.0,706.9,106.0,21.1,52.9,0.0,1007.5
2025-04-16 17:00:00+00:00,11.9,57,3.5,5,3,3,0,335.0,255.0,653.8,80.0,18.1,47.9,0.0,1007.9
2025-04-16 18:00:00+00:00,11.0,63,4.2,0,0,0,0,177.0,118.0,501.4,59.0,15.2,40.7,0.0,1008.5
2025-04-16 19:00:00+00:00,9.7,73,5.1,0,0,0,0,43.0,22.0,235.9,21.0,10.7,33.5,0.0,1009.1
2025-04-16 20:00:00+00:00,8.6,82,5.8,0,0,0,0,0.0,0.0,0.0,0.0,9.6,20.9,0.0,1010.2
2025-04-16 21:00:00+00:00,8.1,88,6.2,5,0,0,5,0.0,0.0,0.0,0.0,7.8,17.6,0.0,1010.4
2025-04-16 22:00:00+00:00,7.7,91,6.2,9,0,0,9,0.0,0.0,0.0,0.0,6.6,14.0,0.0,1010.8
2025-04-16 23:00:00+00:00,7.2,94,6.3,0,0,0,0,0.0,0.0,0.0,0.0,5.6,11.9,0.0,1011.0
2025-04-17 00:00:00+00:00,6.3,97,5.9,0,0,0,0,0.0,0.0,0.0,0.0,2.6,9.7,0.0,1011.2
2025-04-17 01:00:00+00:00,5.0,99,4.9,0,0,0,0,0.0,0.0,0.0,0.0,6.7,11.5,0.0,1011.3
2025-04-17 02:00:00+00:00,4.8,96,4.2,0,0,0,0,0.0,0.0,0.0,0.0,6.0,13.3,0.0,1011.4
2025-04-17 03:00:00+00:00,4.3,97,3.9,0,0,0,0,0.0,0.0,0.0,0.0,4.4,10.4,0.0,1011.5
2025-04-17 04:00:00+00:00,4.3,96,3.7,0,0,0,0,0.0,0.0,0.0,0.0,6.4,10.8,0.0,1011.5
2025-04-17 05:00:00+00:00,4.0,95,3.2,0,0,0,0,0.0,0.0,0.0,0.0,5.8,11.2,0.0,1011.9
2025-04-17 06:00:00+00:00,4.3,93,3.3,0,0,0,0,27.0,12.0,150.4,15.0,7.5,12.6,0.0,1012.1
2025-04-17 07:00:00+00:00,6.9,80,3.7,1,1,0,0,154.0,99.0,473.5,55.0,6.1,14.4,0.0,1012.4
2025-04-17 08:00:00+00:00,10.1,64,3.8,0,0,0,0,318.0,241.0,658.5,77.0,5.1,15.8,0.0,1012.4
2025-04-17 09:00:00+00:00,12.2,55,3.5,0,0,0,0,479.0,389.0,766.3,90.0,7.8,22.3,0.0,1012.5
2025-04-17 10:00:00+00:00,13.6,48,2.9,8,3,6,0,616.0,516.0,826.3,100.0,9.7,27.4,0.0,1012.5
2025-04-17 11:00:00+00:00,14.5,44,2.4,21,9,16,0,666.0,542.0,765.0,124.0,11.6,31.0,0.0,1012.4
2025-04-17 12:00:00+00:00,15.0,41,1.9,29,14,19,0,683.0,539.0,714.9,144.0,12.5,33.1,0.0,1012.4
2025-04-17 13:00:00+00:00,16.1,36,0.9,36,9,35,0,671.0,525.0,692.8,146.0,13.1,33.8,0.1,1012.2
2025-04-17 14:00:00+00:00,16.1,35,0.9,30,12,28,0,641.0,496.0,689.1,145.0,13.1,34.2,0.0,1012.0
2025-04-17 15:00:00+00:00,15.9,36,0.7,23,9,21,0,578.0,444.0,691.0,134.0,13.6,34.2,0.0,1011.8
2025-04-17 16:00:00+00:00,15.1,41,2.0,23,7,22,0,479.0,371.0,698.2,108.0,14.3,35.3,0.0,1012.0
2025-04-17 17:00:00+00:00,13.9,51,3.8,9,8,5,0,312.0,224.0,568.8,88.0,12.5,34.9,0.0,1012.2
2025-04-17 18:00:00+00:00,12.6,59,4.8,20,19,4,0,178.0,115.0,480.6,63.0,10.9,29.9,0.0,1012.5
2025-04-17 19:00:00+00:00,11.4,66,5.2,10,0,8,2,42.0,18.0,189.1,24.0,8.0,24.8,0.0,1012.6
2025-04-17 20:00:00+00:00,10.4,71,5.4,83,0,7,82,0.0,0.0,0.0,0.0,9.3,17.6,0.0,1013.0
2025-04-17 21:00:00+00:00,9.6,76,5.7,97,4,96,19,0.0,0.0,0.0,0.0,8.5,17.3,0.0,1013.1
2025-04-17 22:00:00+00:00,9.6,78,5.8,5,2,2,1,0.0,0.0,0.0,0.0,8.2,16.2,0.0,1013.1
2025-04-17 23:00:00+00:00,8.8,84,6.2,23,5,18,1,0.0,0.0,0.0,0.0,8.9,15.8,0.0,1012.8
2025-04-18 00:00:00+00:00,8.6,86,6.3,100,7,100,29,0.0,0.0,0.0,0.0,9.5,16.9,0.0,1012.6
2025-04-18 01:00:00+00:00,9.2,77,5.4,100,10,100,0,0.0,0.0,0.0,0.0,10.6,20.5,0.0,1012.2
2025-04-18 02:00:00+00:00,9.6,74,5.2,93,3,93,7,0.0,0.0,0.0,0.0,11.3,21.6,0.0,1011.7
2025-04-18 03:00:00+00:00,9.6,74,5.2,100,0,100,2,0.0,0.0,0.0,0.0,11.5,22.0,0.0,1011.3
2025-04-18 04:00:00+00:00,9.7,77,5.9,90,2,48,81,0.0,0.0,0.0,0.0,11.9,23.4,0.0,1010.9
2025-04-18 05:00:00+00:00,9.1,86,6.8,82,5,52,61,0.0,0.0,0.0,0.0,11.5,23.0,0.0,1010.6
2025-04-18 06:00:00+00:00,9.4,82,6.4,100,21,100,100,26.0,7.0,85.0,19.0,13.9,27.0,0.0,1010.7
2025-04-18 07:00:00+00:00,10.4,74,6.1,100,100,100,100,53.0,5.0,23.3,48.0,13.6,27.7,0.0,1010.4
2025-04-18 08:00:00+00:00,10.9,72,6.1,100,100,100,100,84.0,2.0,5.4,82.0,15.4,33.1,0.0,1010.2
2025-04-18 09:00:00+00:00,11.6,66,5.6,100,100,100,100,145.0,0.0,0.0,145.0,18.4,40.0,0.0,1010.3
2025-04-18 10:00:00+00:00,11.1,71,6.1,100,100,100,100,168.0,2.0,3.2,166.0,20.4,45.0,0.2,1010.1
2025-04-18 11:00:00+00:00,10.4,78,6.8,100,100,100,100,149.0,4.0,5.6,145.0,19.6,44.3,0.5,1010.1
2025-04-18 12:00:00+00:00,10.1,82,7.2,100,100,100,92,95.0,0.0,0.0,95.0,17.8,41.0,0.3,1009.7
2025-04-18 13:00:00+00:00,11.9,69,6.3,100,100,100,100,193.0,13.0,17.1,180.0,19.5,45.0,0.4,1008.9
2025-04-18 14:00:00+00:00,10.9,83,8.1,100,100,100,32,136.0,0.0,0.0,136.0,20.0,42.1,1.3,1008.6
2025-04-18 15:00:00+00:00,9.9,93,8.9,100,100,100,3,105.0,0.0,0.0,105.0,20.1,40.3,1.5,1008.0
2025-04-18 16:00:00+00:00,10.1,93,9.0,100,100,100,22,76.0,1.0,1.9,75.0,16.8,38.5,0.7,1007.5
2025-04-18 17:00:00+00:00,10.6,89,8.9,100,100,100,17,38.0,0.0,0.0,38.0,17.4,33.1,0.2,1007.2
2025-04-18 18:00:00+00:00,10.8,88,8.9,100,100,100,33,25.0,0.0,0.0,25.0,17.7,34.6,0.1,1007.1
2025-04-18 19:00:00+00:00,10.4,91,9.1,100,100,100,98,4.0,0.0,0.0,4.0,18.0,34.9,0.5,1006.8
2025-04-18 20:00:00+00:00,10.2,93,9.1,100,100,100,99,0.0,0.0,0.0,0.0,17.8,34.2,0.8,1006.6
2025-04-18 21:00:00+00:00,10.5,91,9.1,100,100,100,100,0.0,0.0,0.0,0.0,19.0,34.6,0.3,1006.3
2025-04-18 22:00:00+00:00,10.7,90,9.1,100,90,100,99,0.0,0.0,0.0,0.0,22.0,40.7,0.4,1005.9
2025-04-18 23:00:00+00:00,10.4,93,9.4,100,3,100,100,0.0,0.0,0.0,0.0,23.5,45.0,0.7,1005.5
2025-04-19 00:00:00+00:00,10.2,89,8.5,100,14,100,100,0.0,0.0,0.0,0.0,25.2,48.6,0.3,1005.4
2025-04-19 01:00:00+00:00,10.6,85,8.2,100,9,99,98,0.0,0.0,0.0,0.0,22.4,45.7,0.0,1004.8
2025-04-19 02:00:00+00:00,11.1,79,7.7,100,11,100,100,0.0,0.0,0.0,0.0,21.7,44.3,0.0,1004.8
2025-04-19 03:00:00+00:00,11.2,76,7.1,100,62,100,99,0.0,0.0,0.0,0.0,22.0,44.3,0.1,1004.5
2025-04-19 04:00:00+00:00,10.7,80,7.3,100,100,100,100,0.0,0.0,0.0,0.0,22.1,44.6,0.4,1004.6
2025-04-19 05:00:00+00:00,10.6,79,7.1,100,31,100,100,0.0,0.0,0.0,0.0,21.1,44.3,0.1,1004.8
2025-04-19 06:00:00+00:00,10.1,81,7.1,100,50,100,100,6.0,0.0,0.0,6.0,20.3,42.8,0.3,1005.1
2025-04-19 07:00:00+00:00,9.6,84,7.1,100,38,100,100,16.0,0.0,0.0,16.0,21.7,41.4,0.7,1005.4
2025-04-19 08:00:00+00:00,9.8,82,6.9,100,24,100,89,51.0,0.0,0.0,51.0,21.9,43.2,0.2,1005.9
2025-04-19 09:00:00+00:00,11.5,72,6.6,51,33,42,7,183.0,17.0,32.9,166.0,19.9,43.2,0.0,1005.9
2025-04-19 10:00:00+00:00,13.7,58,5.5,66,8,10,60,601.0,441.0,696.5,160.0,22.3,51.1,0.0,1006.2
2025-04-19 11:00:00+00:00,14.6,55,5.8,58,21,9,45,716.0,596.0,831.6,120.0,20.8,50.8,0.0,1006.3
2025-04-19 12:00:00+00:00,15.4,52,5.7,4,4,2,0,754.0,611.0,802.0,143.0,18.7,47.9,0.0,1006.1
2025-04-19 13:00:00+00:00,16.8,49,5.9,43,1,1,43,756.0,616.0,804.8,140.0,17.6,41.0,0.0,1006.0
2025-04-19 14:00:00+00:00,17.1,50,6.4,100,2,0,100,726.0,621.0,854.0,105.0,17.7,41.8,0.0,1005.7
2025-04-19 15:00:00+00:00,17.0,51,6.8,98,10,0,97,599.0,424.0,652.4,175.0,17.7,41.4,0.0,1005.5
2025-04-19 16:00:00+00:00,16.6,52,6.8,99,32,2,99,474.0,331.0,614.4,143.0,20.0,44.3,0.0,1005.7
2025-04-19 17:00:00+00:00,15.1,56,6.3,29,14,3,15,320.0,199.0,495.8,121.0,20.3,46.1,0.0,1005.9
2025-04-19 18:00:00+00:00,13.6,58,5.6,28,0,28,0,181.0,113.0,457.3,68.0,17.4,44.3,0.0,1006.4
2025-04-19 19:00:00+00:00,11.9,61,4.6,9,0,9,0,45.0,20.0,201.9,25.0,17.4,37.8,0.0,1006.7
2025-04-19 20:00:00+00:00,10.6,58,2.7,0,0,0,0,0.0,0.0,0.0,0.0,17.0,36.0,0.0,1006.9
2025-04-19 21:00:00+00:00,9.7,58,1.9,0,0,0,0,0.0,0.0,0.0,0.0,16.4,34.2,0.0,1007.2
2025-04-19 22:00:00+00:00,8.9,63,2.2,3,0,2,1,0.0,0.0,0.0,0.0,16.7,33.5,0.0,1007.2
2025-04-19 23:00:00+00:00,8.2,69,2.9,93,0,10,92,0.0,0.0,0.0,0.0,16.5,33.5,0.0,1007.2
2025-04-20 00:00:00+00:00,7.5,74,3.2,70,0,0,70,0.0,0.0,0.0,0.0,17.5,34.9,0.0,1007.0
2025-04-20 01:00:00+00:00,7.2,75,3.2,94,0,1,94,0.0,0.0,0.0,0.0,18.1,36.4,0.0,1006.8
2025-04-20 02:00:00+00:00,6.5,79,3.2,89,0,8,88,0.0,0.0,0.0,0.0,17.6,36.4,0.0,1006.7
2025-04-20 03:00:00+00:00,6.0,82,3.2,46,0,8,42,0.0,0.0,0.0,0.0,17.5,34.9,0.0,1006.4
2025-04-20 04:00:00+00:00,5.7,84,3.2,49,0,14,40,0.0,0.0,0.0,0.0,17.2,34.9,0.0,1006.4
2025-04-20 05:00:00+00:00,5.4,85,3.1,11,0,1,11,0.0,0.0,0.0,0.0,16.4,34.2,0.0,1006.4
2025-04-20 06:00:00+00:00,5.8,84,3.2,0,0,0,0,35.0,16.0,183.3,19.0,15.8,32.8,0.0,1006.2
2025-04-20 07:00:00+00:00,7.5,76,3.6,2,0,2,0,166.0,108.0,481.8,58.0,14.1,38.5,0.0,1006.2
2025-04-20 08:00:00+00:00,8.9,73,4.4,6,5,1,0,326.0,244.0,641.4,82.0,12.3,31.0,0.0,1006.1
2025-04-20 09:00:00+00:00,10.8,68,5.2,16,16,0,0,483.0,387.0,742.3,96.0,11.3,29.2,0.0,1006.2
2025-04-20 10:00:00+00:00,12.4,64,5.9,41,38,9,0,602.0,471.0,738.9,131.0,11.5,30.2,0.0,1006.3
2025-04-20 11:00:00+00:00,14.0,60,6.2,96,91,84,9,644.0,457.0,634.0,187.0,11.3,29.9,0.0,1006.5
2025-04-20 12:00:00+00:00,14.7,60,6.9,100,100,100,2,512.0,180.0,235.1,332.0,11.7,29.9,0.0,1006.2
2025-04-20 13:00:00+00:00,14.8,62,7.6,100,100,52,0,572.0,264.0,343.3,308.0,11.6,31.0,0.0,1006.2
2025-04-20 14:00:00+00:00,14.9,64,8.1,100,100,81,0,379.0,74.0,101.3,305.0,11.0,29.5,0.0,1006.0
2025-04-20 15:00:00+00:00,15.2,65,8.6,100,100,63,0,337.0,68.0,104.1,269.0,9.6,27.0,0.0,1005.8
2025-04-20 16:00:00+00:00,14.1,70,8.9,100,100,84,0,160.0,14.0,25.8,146.0,10.0,24.5,0.0,1005.9
2025-04-20 17:00:00+00:00,13.1,78,9.2,100,100,100,0,98.0,0.0,0.0,98.0,9.6,23.4,0.0,1006.1
2025-04-20 18:00:00+00:00,12.3,82,9.4,100,85,100,0,40.0,0.0,0.0,40.0,6.1,22.0,0.0,1006.3
2025-04-20 19:00:00+00:00,12.0,85,9.5,100,15,100,0,11.0,0.0,0.0,11.0,5.1,13.3,0.0,1006.4
2025-04-20 20:00:00+00:00,11.2,89,9.4,100,100,64,0,0.0,0.0,0.0,0.0,6.2,11.9,0.0,1007.1
2025-04-20 21:00:00+00:00,11.2,88,9.4,100,100,80,0,0.0,0.0,0.0,0.0,4.6,12.2,0.0,1007.2
2025-04-20 22:00:00+00:00,11.2,89,9.5,100,100,97,0,0.0,0.0,0.0,0.0,3.1,8.6,0.0,1007.1
2025-04-20 23:00:00+00:00,11.2,89,9.4,100,100,100,0,0.0,0.0,0.0,0.0,4.0,7.6,0.0,1007.1
2025-04-21 00:00:00+00:00,10.9,89,9.2,100,100,57,0,0.0,0.0,0.0,0.0,3.5,7.6,0.0,1007.2
2025-04-21 01:00:00+00:00,9.4,93,8.4,69,44,47,0,0.0,0.0,0.0,0.0,1.6,6.1,0.0,1007.2
2025-04-21 02:00:00+00:00,9.1,95,8.4,100,38,100,0,0.0,0.0,0.0,0.0,1.4,2.5,0.0,1007.3
2025-04-21 03:00:00+00:00,9.3,96,8.6,99,31,99,4,0.0,0.0,0.0,0.0,3.1,5.4,0.0,1007.5
2025-04-21 04:00:00+00:00,9.3,97,8.8,88,5,16,85,0.0,0.0,0.0,0.0,4.9,8.6,0.0,1007.6
2025-04-21 05:00:00+00:00,7.8,99,7.7,100,16,10,100,0.0,0.0,0.0,0.0,2.9,9.0,0.0,1007.9
2025-04-21 06:00:00+00:00,8.7,100,8.7,100,100,98,100,28.0,3.0,33.4,25.0,4.6,9.0,0.0,1008.0
2025-04-21 07:00:00+00:00,10.1,95,9.2,100,37,19,100,92.0,5.0,21.8,87.0,3.1,8.6,0.0,1008.3
2025-04-21 08:00:00+00:00,12.1,83,9.3,100,43,1,99,260.0,123.0,319.4,137.0,6.1,16.2,0.0,1008.4
2025-04-21 09:00:00+00:00,13.1,80,9.6,100,53,37,100,410.0,208.0,395.5,202.0,9.8,25.6,0.2,1009.0
2025-04-21 10:00:00+00:00,13.9,75,9.6,100,96,40,100,484.0,248.0,386.5,236.0,11.0,27.7,0.1,1009.2
2025-04-21 11:00:00+00:00,13.9,73,9.1,100,66,96,78,340.0,82.0,113.1,258.0,12.2,29.2,0.1,1009.4
2025-04-21 12:00:00+00:00,14.1,72,9.0,100,94,100,40,306.0,46.0,59.8,260.0,11.7,29.9,0.0,1009.8
2025-04-21 13:00:00+00:00,12.4,79,8.8,100,56,100,0,108.0,0.0,0.0,108.0,9.2,25.2,0.3,1010.9
2025-04-21 14:00:00+00:00,13.9,67,7.9,50,33,31,0,314.0,75.0,102.1,239.0,10.3,24.5,0.1,1011.0
2025-04-21 15:00:00+00:00,15.3,63,8.2,100,100,18,0,481.0,326.0,496.2,155.0,9.3,28.8,0.1,1010.9
2025-04-21 16:00:00+00:00,12.8,77,8.9,54,28,38,0,197.0,34.0,62.3,163.0,9.9,27.7,0.3,1011.5
2025-04-21 17:00:00+00:00,13.3,71,8.1,61,25,54,0,269.0,173.0,423.2,96.0,10.3,24.1,0.1,1011.8
2025-04-21 18:00:00+00:00,12.9,75,8.4,44,19,35,0,119.0,59.0,231.5,60.0,7.9,23.8,0.0,1012.3
2025-04-21 19:00:00+00:00,11.6,82,8.7,15,8,12,0,46.0,19.0,184.7,27.0,9.4,16.9,0.1,1012.9
2025-04-21 20:00:00+00:00,10.3,80,6.9,28,9,13,12,0.0,0.0,0.0,0.0,12.4,23.0,0.0,1013.9
2025-04-21 21:00:00+00:00,9.4,77,5.5,62,4,1,60,0.0,0.0,0.0,0.0,12.8,24.5,0.0,1014.5
2025-04-21 22:00:00+00:00,8.4,81,5.2,100,0,0,100,0.0,0.0,0.0,0.0,12.5,24.5,0.0,1015.0
2025-04-21 23:00:00+00:00,7.8,86,5.7,98,0,0,98,0.0,0.0,0.0,0.0,11.5,23.4,0.0,1015.3
2025-04-22 00:00:00+00:00,7.4,91,6.0,80,0,0,80,0.0,0.0,0.0,0.0,11.2,21.6,0.0,1015.6
2025-04-22 01:00:00+00:00,6.6,94,5.7,87,0,20,86,0.0,0.0,0.0,0.0,9.5,20.2,0.0,1015.9
2025-04-22 02:00:00+00:00,6.2,95,5.4,100,0,50,100,0.0,0.0,0.0,0.0,8.7,17.3,0.0,1016.0
2025-04-22 03:00:00+00:00,5.9,97,5.4,98,0,25,97,0.0,0.0,0.0,0.0,8.6,15.8,0.0,1016.1
2025-04-22 04:00:00+00:00,5.3,98,5.0,85,0,18,82,0.0,0.0,0.0,0.0,8.3,15.8,0.0,1016.3
2025-04-22 05:00:00+00:00,4.9,98,4.6,98,0,2,98,0.0,0.0,0.0,0.0,7.8,14.8,0.0,1016.5
2025-04-22 06:00:00+00:00,5.4,98,5.1,100,0,0,100,37.0,9.0,97.6,28.0,8.5,15.1,0.0,1017.0
2025-04-22 07:00:00+00:00,7.6,91,6.2,100,0,4,100,156.0,73.0,311.9,83.0,5.9,15.8,0.0,1017.6
2025-04-22 08:00:00+00:00,9.7,84,7.1,97,0,27,97,264.0,98.0,251.4,166.0,5.8,15.8,0.0,1018.0
2025-04-22 09:00:00+00:00,11.9,71,6.8,60,3,42,47,411.0,198.0,373.4,213.0,8.0,22.0,0.0,1018.1
2025-04-22 10:00:00+00:00,13.6,56,4.9,99,29,96,70,604.0,443.0,685.9,161.0,11.4,28.1,0.0,1018.0
2025-04-22 11:00:00+00:00,14.1,51,4.2,100,91,86,94,525.0,260.0,356.8,265.0,12.5,30.6,0.0,1017.7
2025-04-22 12:00:00+00:00,13.9,56,5.2,94,78,62,38,466.0,180.0,232.8,286.0,13.5,33.1,0.0,1017.6
2025-04-22 13:00:00+00:00,14.1,53,4.8,73,15,69,16,562.0,262.0,337.5,300.0,15.1,36.4,0.1,1017.8
2025-04-22 14:00:00+00:00,14.2,53,4.7,35,27,19,0,564.0,378.0,512.2,186.0,16.5,38.5,0.0,1017.6
2025-04-22 15:00:00+00:00,13.9,56,5.2,36,31,17,0,537.0,380.0,575.3,157.0,18.3,42.1,0.0,1017.3
2025-04-22 16:00:00+00:00,13.4,61,5.9,16,14,6,0,425.0,291.0,529.5,134.0,17.4,42.5,0.0,1016.8
2025-04-22 17:00:00+00:00,12.8,66,6.6,14,9,2,5,330.0,240.0,581.9,90.0,17.3,40.0,0.0,1016.7
2025-04-22 18:00:00+00:00,11.8,75,7.4,9,6,3,1,191.0,125.0,483.3,66.0,15.3,38.5,0.0,1016.4
2025-04-22 19:00:00+00:00,10.6,84,8.0,100,0,59,100,55.0,27.0,257.8,28.0,13.4,32.4,0.0,1016.2
2025-04-22 20:00:00+00:00,9.9,87,7.9,98,0,15,98,0.0,0.0,0.0,0.0,12.6,27.0,0.0,1016.3
2025-04-22 21:00:00+00:00,9.6,85,7.2,100,7,66,99,0.0,0.0,0.0,0.0,12.3,24.8,0.4,1015.5
2025-04-22 22:00:00+00:00,9.6,84,7.0,100,76,100,100,0.0,0.0,0.0,0.0,14.9,27.4,0.6,1014.8
2025-04-22 23:00:00+00:00,9.8,84,7.1,100,8,100,96,0.0,0.0,0.0,0.0,17.7,37.4,1.3,1013.4
2025-04-23 00:00:00+00:00,9.4,94,8.4,100,100,100,52,0.0,0.0,0.0,0.0,18.6,34.2,1.2,1012.2
2025-04-23 01:00:00+00:00,9.7,95,8.9,100,100,100,98,0.0,0.0,0.0,0.0,21.1,40.7,1.6,1010.7
2025-04-23 02:00:00+00:00,9.4,95,8.7,100,100,100,37,0.0,0.0,0.0,0.0,23.8,45.4,2.3,1009.0
2025-04-23 03:00:00+00:00,9.4,96,8.9,100,100,39,0,0.0,0.0,0.0,0.0,24.3,49.0,2.7,1007.2
2025-04-23 04:00:00+00:00,9.9,96,9.3,2,1,1,0,0.0,0.0,0.0,0.0,14.1,45.7,0.0,1006.5
2025-04-23 05:00:00+00:00,8.8,97,8.2,42,36,13,0,0.0,0.0,0.0,0.0,13.9,28.8,0.0,1007.1
2025-04-23 06:00:00+00:00,8.9,95,8.1,27,17,21,0,37.0,13.0,137.5,24.0,14.1,26.6,0.0,1007.3
2025-04-23 07:00:00+00:00,9.9,90,8.4,35,34,2,0,146.0,74.0,309.8,72.0,14.8,30.2,0.0,1007.8
2025-04-23 08:00:00+00:00,11.1,82,8.2,100,100,38,0,290.0,166.0,420.9,124.0,16.6,35.6,0.6,1008.1
2025-04-23 09:00:00+00:00,11.8,79,8.3,100,100,4,0,240.0,60.0,112.2,180.0,17.3,36.7,0.1,1008.6
2025-04-23 10:00:00+00:00,12.6,74,8.1,71,71,0,0,264.0,40.0,61.5,224.0,13.2,37.1,0.0,1008.9
2025-04-23 11:00:00+00:00,14.4,66,8.1,100,100,0,0,549.0,266.0,363.1,283.0,7.0,29.5,0.1,1009.4
2025-04-23 12:00:00+00:00,14.9,64,8.2,100,100,0,0,400.0,96.0,123.6,304.0,10.9,24.5,0.0,1010.1
2025-04-23 13:00:00+00:00,12.6,74,8.0,100,100,0,0,308.0,34.0,43.6,274.0,16.5,43.2,0.1,1012.2
2025-04-23 14:00:00+00:00,12.6,68,7.0,100,100,0,0,270.0,33.0,44.5,237.0,14.9,37.1,0.0,1012.9
2025-04-23 15:00:00+00:00,13.2,65,6.7,100,100,0,0,355.0,101.0,152.1,254.0,13.0,34.2,0.0,1013.6
2025-04-23 16:00:00+00:00,13.1,65,6.6,100,100,0,0,211.0,22.0,39.8,189.0,11.4,30.2,0.0,1014.1
2025-04-23 17:00:00+00:00,12.8,64,6.2,100,100,0,0,110.0,4.0,9.6,106.0,10.0,27.4,0.0,1014.7
2025-04-23 18:00:00+00:00,12.4,69,6.8,100,100,0,0,61.0,4.0,15.2,57.0,8.7,22.3,0.0,1015.2
2025-04-23 19:00:00+00:00,11.8,71,6.8,99,99,0,3,33.0,6.0,56.3,27.0,9.3,19.1,0.0,1016.0
2025-04-23 20:00:00+00:00,11.1,75,6.8,72,1,0,72,0.0,0.0,0.0,0.0,9.1,19.1,0.0,1017.0
2025-04-23 21:00:00+00:00,9.1,83,6.3,39,0,0,39,0.0,0.0,0.0,0.0,9.6,18.4,0.0,1018.1
2025-04-23 22:00:00+00:00,8.1,87,6.1,7,0,0,7,0.0,0.0,0.0,0.0,8.6,17.6,0.0,1018.6
2025-04-23 23:00:00+00:00,7.4,90,5.9,2,0,0,2,0.0,0.0,0.0,0.0,8.4,15.8,0.0,1019.2
2025-04-24 00:00:00+00:00,7.0,91,5.6,1,0,0,0,0.0,0.0,0.0,0.0,8.1,15.5,0.0,1019.4
2025-04-24 01:00:00+00:00,8.9,86,6.8,55,2,4,52,0.0,0.0,0.0,0.0,7.7,14.8,0.0,1019.5
2025-04-24 02:00:00+00:00,8.2,88,6.4,27,6,5,18,0.0,0.0,0.0,0.0,7.8,14.0,0.0,1019.6
2025-04-24 03:00:00+00:00,7.9,89,6.2,21,8,11,9,0.0,0.0,0.0,0.0,7.6,15.1,0.0,1019.8
2025-04-24 04:00:00+00:00,7.4,92,6.2,31,22,14,1,0.0,0.0,0.0,0.0,8.7,15.5,0.0,1020.2
2025-04-24 05:00:00+00:00,7.2,94,6.3,18,14,6,0,0.0,0.0,0.0,0.0,10.1,18.4,0.0,1020.7
2025-04-24 06:00:00+00:00,7.5,94,6.6,93,71,10,73,45.0,20.0,206.3,25.0,11.6,23.4,0.0,1021.3
2025-04-24 07:00:00+00:00,8.2,90,6.6,88,45,19,77,160.0,77.0,316.0,83.0,12.3,27.7,0.0,1021.7
2025-04-24 08:00:00+00:00,9.2,84,6.7,94,51,2,87,291.0,157.0,393.5,134.0,10.6,27.4,0.0,1022.1
2025-04-24 09:00:00+00:00,10.6,78,6.9,100,46,7,100,429.0,244.0,452.7,185.0,8.5,25.6,0.0,1022.4
2025-04-24 10:00:00+00:00,12.1,69,6.5,100,65,15,100,525.0,272.0,415.9,253.0,8.5,23.8,0.0,1022.5
2025-04-24 11:00:00+00:00,13.6,64,6.8,90,57,39,75,630.0,338.0,458.9,292.0,7.4,24.1,0.0,1022.5
2025-04-24 12:00:00+00:00,14.6,61,7.1,100,100,12,0,676.0,409.0,523.9,267.0,6.8,22.0,0.0,1022.6
2025-04-24 13:00:00+00:00,14.5,62,7.2,80,59,54,1,519.0,186.0,237.4,333.0,7.0,22.3,0.0,1022.9
2025-04-24 14:00:00+00:00,14.9,59,6.9,74,60,55,0,535.0,312.0,418.8,223.0,6.5,20.5,0.0,1022.6
2025-04-24 15:00:00+00:00,15.0,59,7.1,96,95,47,0,395.0,196.0,293.6,199.0,5.8,19.4,0.0,1022.3
2025-04-24 16:00:00+00:00,14.8,60,7.0,100,100,34,0,297.0,133.0,239.0,164.0,2.6,16.9,0.0,1022.2
2025-04-24 17:00:00+00:00,14.2,61,6.9,90,89,38,0,186.0,35.0,83.4,151.0,3.0,9.7,0.0,1022.1
2025-04-24 18:00:00+00:00,13.1,75,8.7,15,3,12,1,137.0,57.0,214.1,80.0,7.9,17.6,0.0,1022.0
2025-04-24 19:00:00+00:00,11.3,86,9.1,2,1,1,0,59.0,26.0,239.7,33.0,9.4,18.7,0.0,1022.0
2025-04-24 20:00:00+00:00,9.7,92,8.4,6,1,1,4,1.0,0.0,0.0,1.0,7.8,18.4,0.0,1022.6
2025-04-24 21:00:00+00:00,8.8,94,7.9,2,2,0,0,0.0,0.0,0.0,0.0,3.6,14.0,0.0,1023.0
2025-04-24 22:00:00+00:00,8.2,96,7.7,0,0,0,0,0.0,0.0,0.0,0.0,1.0,6.1,0.0,1023.0
2025-04-24 23:00:00+00:00,8.1,96,7.4,19,6,0,13,0.0,0.0,0.0,0.0,5.7,8.3,0.0,1023.1
2025-04-25 00:00:00+00:00,8.2,85,5.9,10,6,0,4,0.0,0.0,0.0,0.0,10.5,19.4,0.0,1023.1
2025-04-25 01:00:00+00:00,7.8,86,5.6,9,9,0,0,0.0,0.0,0.0,0.0,8.3,20.2,0.0,1022.8
2025-04-25 02:00:00+00:00,7.1,91,5.8,18,14,0,5,0.0,0.0,0.0,0.0,7.2,14.8,0.0,1022.8
2025-04-25 03:00:00+00:00,6.7,95,5.9,0,0,0,0,0.0,0.0,0.0,0.0,6.5,13.0,0.0,1022.6
2025-04-25 04:00:00+00:00,6.3,99,6.2,23,1,6,20,0.0,0.0,0.0,0.0,5.6,11.5,0.0,1022.6
2025-04-25 05:00:00+00:00,6.6,99,6.4,97,27,57,93,0.0,0.0,0.0,0.0,7.0,11.9,0.0,1022.6
2025-04-25 06:00:00+00:00,7.6,100,7.5,82,42,20,60,42.0,10.0,100.8,32.0,8.1,14.4,0.0,1022.8
2025-04-25 07:00:00+00:00,9.5,93,8.4,87,33,20,79,159.0,71.0,285.9,88.0,10.3,22.0,0.0,1022.9
2025-04-25 08:00:00+00:00,10.9,81,7.7,100,35,99,87,301.0,167.0,414.0,134.0,10.9,26.6,0.0,1022.9
2025-04-25 09:00:00+00:00,11.9,74,7.4,100,36,37,99,442.0,269.0,495.3,173.0,11.0,27.7,0.0,1022.8
2025-04-25 10:00:00+00:00,13.0,69,7.6,91,55,0,80,575.0,377.0,572.9,198.0,11.2,29.2,0.0,1022.6
2025-04-25 11:00:00+00:00,13.5,67,7.6,91,44,0,85,570.0,334.0,451.2,236.0,11.5,29.5,0.0,1022.5
2025-04-25 12:00:00+00:00,14.0,65,7.6,97,33,0,96,648.0,429.0,547.0,219.0,11.0,29.9,0.0,1022.2
2025-04-25 13:00:00+00:00,14.2,61,6.9,100,93,0,98,647.0,372.0,472.7,275.0,9.3,26.3,0.0,1022.3
2025-04-25 14:00:00+00:00,14.2,63,7.3,100,55,0,100,548.0,299.0,399.6,249.0,9.3,26.3,0.0,1022.0
2025-04-25 15:00:00+00:00,14.1,64,7.4,89,21,0,86,452.0,208.0,310.0,244.0,8.6,25.2,0.0,1021.7
2025-04-25 16:00:00+00:00,14.1,64,7.4,39,0,0,39,487.0,356.0,635.7,131.0,9.0,24.1,0.0,1021.3
2025-04-25 17:00:00+00:00,13.1,68,7.3,69,2,13,67,330.0,221.0,522.1,109.0,10.0,24.1,0.0,1021.1
2025-04-25 18:00:00+00:00,11.9,74,7.5,97,1,82,96,200.0,121.0,448.2,79.0,9.0,24.5,0.0,1021.0
2025-04-25 19:00:00+00:00,10.8,83,8.0,100,2,100,72,60.0,19.0,171.8,41.0,5.2,20.5,0.0,1020.9
2025-04-25 20:00:00+00:00,10.1,87,8.0,0,0,0,0,1.0,0.0,0.0,1.0,6.9,11.9,0.0,1021.3
2025-04-25 21:00:00+00:00,9.4,90,7.8,18,7,11,0,0.0,0.0,0.0,0.0,8.2,15.8,0.0,1021.7
2025-04-25 22:00:00+00:00,8.9,92,7.7,46,20,29,13,0.0,0.0,0.0,0.0,6.8,14.8,0.0,1021.5
2025-04-25 23:00:00+00:00,8.5,94,7.6,21,1,0,20,0.0,0.0,0.0,0.0,8.1,14.4,0.0,1021.5
2025-04-26 00:00:00+00:00,8.2,94,7.3,100,13,29,100,0.0,0.0,0.0,0.0,8.5,15.5,0.0,1021.6
2025-04-26 01:00:00+00:00,8.3,93,7.2,100,100,14,99,0.0,0.0,0.0,0.0,7.7,15.1,0.0,1021.3
2025-04-26 02:00:00+00:00,8.8,88,7.0,100,100,23,100,0.0,0.0,0.0,0.0,7.0,14.8,0.0,1021.0
2025-04-26 03:00:00+00:00,8.9,86,6.8,100,100,41,87,0.0,0.0,0.0,0.0,6.2,13.3,0.0,1020.9
2025-04-26 04:00:00+00:00,8.9,87,6.8,100,100,79,89,0.0,0.0,0.0,0.0,6.7,12.6,0.0,1020.7
2025-04-26 05:00:00+00:00,8.6,88,6.8,100,94,79,90,0.0,0.0,0.0,0.0,7.1,13.7,0.0,1021.0
2025-04-26 06:00:00+00:00,8.9,88,7.0,100,100,97,92,18.0,0.0,0.0,18.0,5.9,13.7,0.0,1021.4
2025-04-26 07:00:00+00:00,9.4,86,7.2,100,100,87,100,62.0,0.0,0.0,62.0,5.2,13.0,0.0,1021.8
2025-04-26 08:00:00+00:00,10.6,83,7.8,100,91,74,100,146.0,3.0,7.4,143.0,5.2,14.0,0.1,1021.9
2025-04-26 09:00:00+00:00,11.8,79,8.2,100,7,49,100,224.0,66.0,120.6,158.0,4.8,14.8,0.0,1022.1
2025-04-26 10:00:00+00:00,13.8,71,8.7,100,16,53,100,480.0,219.0,330.8,261.0,3.8,15.8,0.0,1022.1
2025-04-26 11:00:00+00:00,15.6,62,8.4,100,28,0,100,607.0,291.0,391.2,316.0,5.7,18.4,0.0,1021.9
2025-04-26 12:00:00+00:00,16.6,55,7.7,100,44,18,100,707.0,431.0,547.1,276.0,9.2,25.2,0.0,1021.9
2025-04-26 13:00:00+00:00,17.4,53,7.8,100,8,23,100,732.0,504.0,637.7,228.0,8.8,24.8,0.0,1022.1
2025-04-26 14:00:00+00:00,17.5,52,7.6,100,32,48,100,640.0,413.0,549.5,227.0,8.2,24.5,0.0,1022.3
2025-04-26 15:00:00+00:00,17.5,52,7.4,97,57,30,94,520.0,334.0,495.4,186.0,6.6,23.0,0.0,1022.4
2025-04-26 16:00:00+00:00,16.9,54,7.3,100,45,20,100,362.0,208.0,369.2,154.0,5.3,19.4,0.0,1022.5
2025-04-26 17:00:00+00:00,16.2,56,7.6,100,28,14,100,236.0,55.0,128.9,181.0,6.0,15.1,0.0,1022.8
2025-04-26 18:00:00+00:00,15.1,64,8.3,100,29,24,100,132.0,26.0,95.0,106.0,7.8,16.9,0.0,1023.2
2025-04-26 19:00:00+00:00,13.8,70,8.4,99,21,62,97,51.0,8.0,69.9,43.0,6.5,16.6,0.0,1023.7
2025-04-26 20:00:00+00:00,12.9,80,9.4,75,15,55,42,1.0,0.0,0.0,1.0,2.6,12.2,0.0,1024.3
2025-04-26 21:00:00+00:00,12.0,81,8.9,9,3,0,6,0.0,0.0,0.0,0.0,1.0,4.0,0.0,1024.7
2025-04-26 22:00:00+00:00,10.8,87,8.7,42,37,14,5,0.0,0.0,0.0,0.0,2.7,5.4,0.0,1024.7
2025-04-26 23:00:00+00:00,10.4,92,9.1,75,71,23,0,0.0,0.0,0.0,0.0,3.2,7.2,0.0,1024.8
2025-04-27 00:00:00+00:00,10.2,95,9.4,18,13,2,5,0.0,0.0,0.0,0.0,2.4,7.2,0.0,1024.9
2025-04-27 01:00:00+00:00,10.2,94,9.2,2,2,1,0,0.0,0.0,0.0,0.0,3.6,10.8,0.0,1024.9
2025-04-27 02:00:00+00:00,9.1,95,8.4,0,0,0,0,0.0,0.0,0.0,0.0,3.1,6.8,0.0,1024.8
2025-04-27 03:00:00+00:00,8.6,97,8.1,0,0,0,0,0.0,0.0,0.0,0.0,2.1,5.0,0.0,1024.8
2025-04-27 04:00:00+00:00,7.8,100,7.8,1,1,0,0,0.0,0.0,0.0,0.0,2.8,5.4,0.0,1025.0
2025-04-27 05:00:00+00:00,7.2,100,7.2,95,95,0,0,0.0,0.0,0.0,0.0,2.8,5.4,0.0,1025.3
2025-04-27 06:00:00+00:00,8.2,100,8.1,97,97,0,0,50.0,17.0,163.8,33.0,4.5,10.4,0.0,1025.9
2025-04-27 07:00:00+00:00,10.1,94,9.3,46,46,0,0,175.0,92.0,357.2,83.0,2.6,10.4,0.0,1026.2
2025-04-27 08:00:00+00:00,12.8,84,10.1,5,0,0,5,350.0,253.0,613.9,97.0,1.9,10.8,0.0,1026.2
2025-04-27 09:00:00+00:00,15.1,74,10.4,23,0,0,23,516.0,420.0,761.7,96.0,0.7,11.9,0.0,1026.3
2025-04-27 10:00:00+00:00,16.8,62,9.4,15,15,0,0,650.0,545.0,818.6,105.0,2.3,13.3,0.0,1026.4
2025-04-27 11:00:00+00:00,18.0,54,8.6,52,52,0,0,718.0,581.0,777.2,137.0,5.4,18.4,0.0,1026.3
2025-04-27 12:00:00+00:00,18.6,50,8.1,99,98,42,0,672.0,448.0,566.2,224.0,7.1,21.6,0.0,1026.2
2025-04-27 13:00:00+00:00,19.1,46,7.2,100,99,66,84,547.0,261.0,328.8,286.0,8.8,23.8,0.0,1026.1
2025-04-27 14:00:00+00:00,18.6,47,7.2,96,85,17,75,527.0,284.0,376.2,243.0,11.7,29.5,0.0,1026.1
2025-04-27 15:00:00+00:00,18.5,46,6.6,96,23,0,95,605.0,420.0,619.9,185.0,11.9,30.6,0.0,1026.1
2025-04-27 16:00:00+00:00,18.0,46,6.4,81,7,4,80,489.0,325.0,573.4,164.0,11.0,29.9,0.0,1026.2
2025-04-27 17:00:00+00:00,17.6,49,6.8,100,9,6,100,352.0,249.0,578.7,103.0,9.9,26.6,0.0,1026.3
2025-04-27 18:00:00+00:00,16.5,57,7.9,95,1,4,94,199.0,117.0,421.8,82.0,9.4,23.8,0.0,1026.2
2025-04-27 19:00:00+00:00,14.7,68,8.9,78,1,2,78,71.0,36.0,304.0,35.0,8.5,19.8,0.0,1026.4
2025-04-27 20:00:00+00:00,13.1,76,9.1,50,1,1,50,2.0,0.0,0.0,2.0,6.8,16.2,0.0,1026.9
2025-04-27 21:00:00+00:00,12.1,82,9.1,89,0,0,89,0.0,0.0,0.0,0.0,5.7,12.2,0.0,1027.3
2025-04-27 22:00:00+00:00,11.1,87,9.1,51,0,0,51,0.0,0.0,0.0,0.0,6.0,10.8,0.0,1027.4
2025-04-27 23:00:00+00:00,9.9,93,8.8,16,0,0,16,0.0,0.0,0.0,0.0,3.6,10.8,0.0,1027.6
2025-04-28 00:00:00+00:00,8.9,96,8.4,1,0,0,1,0.0,0.0,0.0,0.0,1.2,6.5,0.0,1027.4
2025-04-28 01:00:00+00:00,7.7,98,7.3,80,0,0,80,0.0,0.0,0.0,0.0,2.4,5.0,0.0,1027.1
2025-04-28 02:00:00+00:00,7.2,100,7.2,93,0,0,93,0.0,0.0,0.0,0.0,2.9,5.8,0.0,1026.9
2025-04-28 03:00:00+00:00,6.9,100,6.8,95,0,0,95,0.0,0.0,0.0,0.0,3.1,7.2,0.0,1026.7
2025-04-28 04:00:00+00:00,6.4,100,6.4,100,94,0,98,0.0,0.0,0.0,0.0,2.7,6.1,0.0,1026.6
2025-04-28 05:00:00+00:00,6.2,100,6.2,99,94,0,77,1.0,0.0,0.0,1.0,2.9,5.8,0.0,1026.7
2025-04-28 06:00:00+00:00,6.9,100,6.9,100,98,0,80,56.0,21.0,198.1,35.0,4.2,9.0,0.0,1026.8
2025-04-28 07:00:00+00:00,9.9,93,8.9,100,2,0,100,184.0,94.0,358.7,90.0,2.7,10.1,0.0,1027.2
2025-04-28 08:00:00+00:00,13.8,75,9.3,100,0,0,100,366.0,276.0,662.8,90.0,2.0,10.8,0.0,1027.3
2025-04-28 09:00:00+00:00,16.2,58,7.9,100,0,0,100,520.0,405.0,729.2,115.0,3.9,15.1,0.0,1027.4
2025-04-28 10:00:00+00:00,17.8,49,7.0,100,0,0,100,651.0,523.0,781.1,128.0,5.7,18.7,0.0,1027.4
2025-04-28 11:00:00+00:00,18.8,44,6.2,98,0,0,98,754.0,630.0,838.7,124.0,7.9,23.0,0.0,1027.3
2025-04-28 12:00:00+00:00,19.4,40,5.6,98,0,0,98,803.0,668.0,840.7,135.0,9.1,25.6,0.0,1027.0
2025-04-28 13:00:00+00:00,20.6,33,3.7,91,0,0,91,802.0,655.0,821.9,147.0,9.4,26.6,0.0,1026.8
2025-04-28 14:00:00+00:00,20.8,32,3.3,10,0,0,10,764.0,645.0,850.8,119.0,9.7,26.6,0.0,1026.5
2025-04-28 15:00:00+00:00,20.6,32,3.2,0,0,0,0,682.0,586.0,860.8,96.0,9.6,27.0,0.0,1026.1
2025-04-28 16:00:00+00:00,20.2,33,3.3,0,0,0,0,553.0,464.0,813.9,89.0,8.8,25.9,0.0,1025.9
2025-04-28 17:00:00+00:00,19.8,35,3.7,0,0,0,0,398.0,320.0,737.7,78.0,9.1,23.4,0.0,1025.8
2025-04-28 18:00:00+00:00,18.5,40,4.6,0,0,0,0,230.0,168.0,597.9,62.0,7.3,22.0,0.0,1025.8
2025-04-28 19:00:00+00:00,16.5,48,5.4,0,0,0,0,78.0,44.0,359.8,34.0,4.9,14.8,0.0,1026.1
2025-04-28 20:00:00+00:00,14.9,51,4.8,0,0,0,0,3.0,1.0,26.9,2.0,6.7,12.2,0.0,1026.4
2025-04-28 21:00:00+00:00,13.8,50,3.6,0,0,0,0,0.0,0.0,0.0,0.0,7.4,13.7,0.0,1026.9
2025-04-28 22:00:00+00:00,13.1,51,3.1,0,0,0,0,0.0,0.0,0.0,0.0,7.3,14.0,0.0,1027.0
2025-04-28 23:00:00+00:00,12.2,55,3.5,0,0,0,0,0.0,0.0,0.0,0.0,7.1,13.3,0.0,1026.9
2025-04-29 00:00:00+00:00,11.5,60,4.1,0,0,0,0,0.0,0.0,0.0,0.0,7.0,12.6,0.0,1026.7
2025-04-29 01:00:00+00:00,10.7,66,4.7,0,0,0,0,0.0,0.0,0.0,0.0,8.3,14.8,0.0,1026.1
2025-04-29 02:00:00+00:00,10.1,65,3.8,0,0,0,0,0.0,0.0,0.0,0.0,7.3,14.8,0.0,1025.9
2025-04-29 03:00:00+00:00,9.6,64,3.1,0,0,0,0,0.0,0.0,0.0,0.0,7.3,13.3,0.0,1025.8
2025-04-29 04:00:00+00:00,8.9,66,3.0,0,0,0,0,0.0,0.0,0.0,0.0,7.8,14.0,0.0,1025.8
2025-04-29 05:00:00+00:00,8.5,69,3.2,0,0,0,0,1.0,0.0,0.0,1.0,8.3,14.8,0.0,1025.8
2025-04-29 06:00:00+00:00,9.7,66,3.8,0,0,0,0,65.0,35.0,323.6,30.0,8.7,15.5,0.0,1026.0
2025-04-29 07:00:00+00:00,12.4,60,4.9,1,0,0,1,211.0,149.0,559.2,62.0,6.1,15.8,0.0,1026.2
2025-04-29 08:00:00+00:00,15.4,53,5.8,4,0,0,4,376.0,297.0,706.2,79.0,5.6,16.6,0.0,1026.1
2025-04-29 09:00:00+00:00,18.0,48,6.8,6,0,0,6,535.0,444.0,793.9,91.0,7.6,22.0,0.0,1025.9
2025-04-29 10:00:00+00:00,20.0,43,7.2,6,0,0,6,668.0,570.0,846.7,98.0,9.4,25.9,0.0,1025.8
2025-04-29 11:00:00+00:00,21.3,39,6.9,0,0,0,0,766.0,663.0,878.6,103.0,12.0,31.3,0.0,1025.6
2025-04-29 12:00:00+00:00,22.0,37,6.8,0,0,0,0,819.0,714.0,894.8,105.0,13.4,34.6,0.0,1025.2
2025-04-29 13:00:00+00:00,23.4,32,5.7,0,0,0,0,822.0,718.0,897.3,104.0,12.8,33.5,0.0,1024.8
2025-04-29 14:00:00+00:00,23.5,32,5.7,0,0,0,0,776.0,674.0,885.3,102.0,13.0,33.8,0.0,1024.3
2025-04-29 15:00:00+00:00,23.3,31,5.3,0,0,0,0,684.0,587.0,858.3,97.0,13.2,34.2,0.0,1023.7
2025-04-29 16:00:00+00:00,23.0,32,5.2,0,0,0,0,555.0,467.0,814.5,88.0,12.5,33.5,0.0,1023.3
2025-04-29 17:00:00+00:00,22.4,33,5.3,0,0,0,0,400.0,322.0,736.6,78.0,11.6,31.0,0.0,1023.2
2025-04-29 18:00:00+00:00,21.1,35,5.2,0,0,0,0,234.0,171.0,600.8,63.0,10.5,28.1,0.0,1023.1
2025-04-29 19:00:00+00:00,19.3,42,6.2,0,0,0,0,82.0,47.0,372.7,35.0,8.4,23.0,0.0,1023.4
2025-04-29 20:00:00+00:00,17.6,50,7.0,0,0,0,0,3.0,1.0,25.6,2.0,8.5,16.2,0.0,1023.8
2025-04-29 21:00:00+00:00,16.4,56,7.6,0,0,0,0,0.0,0.0,0.0,0.0,11.0,19.1,0.0,1024.2
2025-04-29 22:00:00+00:00,15.1,61,7.7,0,0,0,0,0.0,0.0,0.0,0.0,12.3,23.0,0.0,1024.3
2025-04-29 23:00:00+00:00,13.9,64,7.2,0,0,0,0,0.0,0.0,0.0,0.0,11.0,22.7,0.0,1024.4
2025-04-30 00:00:00+00:00,12.9,66,6.7,0,0,0,0,0.0,0.0,0.0,0.0,10.1,20.2,0.0,1024.3
2025-04-30 01:00:00+00:00,11.6,68,5.9,0,0,0,0,0.0,0.0,0.0,0.0,9.0,18.4,0.0,1023.7
2025-04-30 02:00:00+00:00,10.9,71,5.8,0,0,0,0,0.0,0.0,0.0,0.0,7.9,15.8,0.0,1023.6
2025-04-30 03:00:00+00:00,10.2,74,5.8,0,0,0,0,0.0,0.0,0.0,0.0,7.9,14.4,0.0,1023.5
2025-04-30 04:00:00+00:00,9.6,77,5.8,0,0,0,0,0.0,0.0,0.0,0.0,8.6,15.5,0.0,1023.2
2025-04-30 05:00:00+00:00,9.2,80,5.8,0,0,0,0,2.0,0.0,0.0,2.0,8.8,16.2,0.0,1023.1
2025-04-30 06:00:00+00:00,10.3,76,6.2,0,0,0,0,71.0,39.0,348.1,32.0,8.6,16.6,0.0,1023.0
2025-04-30 07:00:00+00:00,13.1,66,6.9,0,0,0,0,219.0,158.0,583.5,61.0,5.5,16.2,0.0,1023.2
2025-04-30 08:00:00+00:00,16.3,57,7.8,0,0,0,0,387.0,309.0,727.7,78.0,4.2,15.1,0.0,1023.0
2025-04-30 09:00:00+00:00,19.3,48,7.9,0,0,0,0,547.0,458.0,813.3,89.0,4.7,17.3,0.0,1022.9
2025-04-30 10:00:00+00:00,21.6,41,7.7,0,0,0,0,681.0,584.0,862.9,97.0,5.6,20.2,0.0,1022.8
2025-04-30 11:00:00+00:00,23.4,32,5.6,0,0,0,0,777.0,677.0,893.1,100.0,7.2,23.4,0.0,1022.5
2025-04-30 12:00:00+00:00,24.3,28,4.8,0,0,0,0,829.0,727.0,907.5,102.0,8.4,25.9,0.0,1022.2
2025-04-30 13:00:00+00:00,25.2,25,3.8,0,0,0,0,830.0,729.0,907.5,101.0,10.0,28.8,0.0,1021.7
2025-04-30 14:00:00+00:00,25.3,25,3.7,0,0,0,0,783.0,684.0,894.8,99.0,10.7,29.9,0.0,1021.1
2025-04-30 15:00:00+00:00,25.1,24,3.3,0,0,0,0,691.0,598.0,870.3,93.0,10.1,29.9,0.0,1020.4
2025-04-30 16:00:00+00:00,24.7,25,3.6,0,0,0,0,563.0,476.0,825.5,87.0,10.4,28.1,0.0,1020.1
2025-04-30 17:00:00+00:00,23.8,27,3.7,0,0,0,0,407.0,331.0,751.4,76.0,10.8,27.7,0.0,1020.0
2025-04-30 18:00:00+00:00,22.5,30,3.9,0,0,0,0,239.0,178.0,617.7,61.0,8.0,26.6,0.0,1019.9
2025-04-30 19:00:00+00:00,20.7,38,5.8,1,0,1,0,86.0,50.0,385.0,36.0,6.9,19.1,0.0,1019.8
2025-04-30 20:00:00+00:00,18.6,46,6.9,1,0,1,0,4.0,1.0,24.4,3.0,7.4,13.7,0.0,1020.1
2025-04-30 21:00:00+00:00,17.5,51,7.1,2,0,2,0,0.0,0.0,0.0,0.0,7.0,13.3,0.0,1020.0
2025-04-30 22:00:00+00:00,16.6,54,7.2,2,0,2,0,0.0,0.0,0.0,0.0,8.5,15.1,0.0,1020.0
2025-04-30 23:00:00+00:00,15.8,57,7.2,2,0,2,0,0.0,0.0,0.0,0.0,8.1,15.5,0.0,1020.1
2025-05-01 00:00:00+00:00,15.0,60,7.4,5,0,5,0,0.0,0.0,0.0,0.0,7.4,14.0,0.0,1019.9
2025-05-01 01:00:00+00:00,13.1,72,8.1,1,0,1,0,0.0,0.0,0.0,0.0,8.1,15.1,0.0,1019.4
2025-05-01 02:00:00+00:00,12.6,75,8.4,0,0,0,0,0.0,0.0,0.0,0.0,7.7,14.0,0.0,1019.1
2025-05-01 03:00:00+00:00,12.1,76,8.1,1,0,1,0,0.0,0.0,0.0,0.0,7.5,13.7,0.0,1018.9
2025-05-01 04:00:00+00:00,11.8,76,7.7,0,0,0,0,0.0,0.0,0.0,0.0,7.9,13.7,0.0,1018.5
2025-05-01 05:00:00+00:00,11.6,75,7.2,3,0,0,3,2.0,0.0,0.0,2.0,8.1,14.0,0.0,1018.3
2025-05-01 06:00:00+00:00,12.8,69,7.2,100,0,0,100,71.0,39.0,334.8,32.0,8.5,15.1,0.0,1018.1
2025-05-01 07:00:00+00:00,15.6,59,7.6,88,0,0,88,212.0,145.0,527.3,67.0,5.6,15.5,0.0,1017.8
2025-05-01 08:00:00+00:00,18.5,50,7.9,100,0,0,100,377.0,294.0,686.0,83.0,5.6,17.3,0.0,1017.6
2025-05-01 09:00:00+00:00,20.5,46,8.4,100,0,0,100,466.0,268.0,472.8,198.0,6.7,20.2,0.0,1017.6
2025-05-01 10:00:00+00:00,22.3,42,8.6,100,0,0,100,593.0,376.0,552.7,217.0,8.8,24.8,0.0,1017.3
2025-05-01 11:00:00+00:00,23.5,38,8.6,76,0,0,76,726.0,553.0,726.4,173.0,10.1,28.1,0.0,1016.8
2025-05-01 12:00:00+00:00,24.5,36,8.2,94,0,0,94,807.0,692.0,860.4,115.0,10.8,30.2,0.0,1016.6
2025-05-01 13:00:00+00:00,26.2,29,6.9,100,0,0,100,788.0,627.0,777.5,161.0,13.2,34.2,0.0,1016.0
2025-05-01 14:00:00+00:00,25.5,32,7.3,100,0,0,100,668.0,391.0,509.5,277.0,14.1,35.3,0.0,1015.5
2025-05-01 15:00:00+00:00,24.9,32,7.3,100,0,0,100,554.0,280.0,405.7,274.0,12.9,35.3,0.0,1015.0
2025-05-01 16:00:00+00:00,24.5,35,8.1,100,0,0,100,504.0,335.0,577.8,169.0,12.2,32.0,0.0,1014.8
2025-05-01 17:00:00+00:00,22.6,42,8.9,100,0,1,100,253.0,45.0,101.4,208.0,10.4,30.2,0.0,1014.9
2025-05-01 18:00:00+00:00,21.7,46,9.7,99,0,1,99,152.0,26.0,89.1,126.0,6.2,25.2,0.0,1014.6
2025-05-01 19:00:00+00:00,20.1,54,10.5,3,0,3,0,71.0,17.0,127.2,54.0,6.5,15.8,0.0,1014.7
2025-05-01 20:00:00+00:00,18.2,62,10.8,9,0,9,0,4.0,1.0,23.4,3.0,4.9,12.2,0.0,1015.1
2025-05-01 21:00:00+00:00,17.0,67,10.8,40,0,39,3,0.0,0.0,0.0,0.0,3.4,9.4,0.0,1015.4
2025-05-01 22:00:00+00:00,16.2,69,10.6,45,0,38,11,0.0,0.0,0.0,0.0,3.6,11.9,0.0,1015.2
2025-05-01 23:00:00+00:00,15.3,73,10.4,55,0,32,33,0.0,0.0,0.0,0.0,6.0,9.7,0.0,1015.5
2025-05-02 00:00:00+00:00,14.7,73,9.9,63,0,5,61,0.0,0.0,0.0,0.0,6.8,14.4,0.0,1015.3
2025-05-02 01:00:00+00:00,14.5,74,10.0,99,0,25,98,0.0,0.0,0.0,0.0,8.5,16.2,0.0,1015.4
2025-05-02 02:00:00+00:00,14.0,76,9.9,24,0,19,7,0.0,0.0,0.0,0.0,8.1,15.8,0.0,1015.4
2025-05-02 03:00:00+00:00,13.4,81,10.1,2,0,1,1,0.0,0.0,0.0,0.0,6.7,14.8,0.0,1015.0
2025-05-02 04:00:00+00:00,12.9,84,10.2,9,4,9,0,0.0,0.0,0.0,0.0,7.2,14.4,0.0,1015.0
2025-05-02 05:00:00+00:00,12.4,87,10.3,11,11,3,0,2.0,0.0,0.0,2.0,5.9,12.6,0.0,1015.4
2025-05-02 06:00:00+00:00,13.1,85,10.6,14,14,0,0,68.0,32.0,264.8,36.0,5.5,12.2,0.0,1015.6
2025-05-02 07:00:00+00:00,15.2,76,10.9,21,21,0,0,203.0,129.0,462.1,74.0,4.0,13.7,0.0,1015.8
2025-05-02 08:00:00+00:00,17.4,66,11.0,3,0,3,0,361.0,261.0,603.5,100.0,1.1,14.0,0.0,1016.4
2025-05-02 09:00:00+00:00,19.5,58,11.1,0,0,0,0,522.0,420.0,736.2,102.0,2.3,14.4,0.0,1016.3
2025-05-02 10:00:00+00:00,21.2,55,11.9,0,0,0,0,656.0,552.0,807.3,104.0,5.7,20.9,0.0,1016.1
2025-05-02 11:00:00+00:00,22.4,53,12.4,10,10,0,0,750.0,641.0,838.4,109.0,6.6,23.4,0.0,1016.1
2025-05-02 12:00:00+00:00,23.0,50,12.0,59,58,0,3,750.0,596.0,738.2,154.0,6.3,23.4,0.0,1015.8
2025-05-02 13:00:00+00:00,23.8,49,12.6,24,6,0,19,789.0,660.0,815.4,129.0,4.4,23.4,0.0,1015.1
2025-05-02 14:00:00+00:00,24.5,46,12.2,13,8,0,5,749.0,622.0,807.3,127.0,2.3,20.9,0.0,1014.3
2025-05-02 15:00:00+00:00,23.8,48,12.2,31,17,18,1,654.0,542.0,781.9,112.0,7.6,23.8,0.2,1014.6
2025-05-02 16:00:00+00:00,20.3,59,12.0,18,15,4,0,460.0,341.0,585.0,119.0,12.1,32.8,0.0,1015.1
2025-05-02 17:00:00+00:00,20.0,58,11.4,2,1,0,0,367.0,272.0,608.3,95.0,6.0,30.2,0.0,1014.7
2025-05-02 18:00:00+00:00,19.8,60,11.6,27,0,0,27,229.0,161.0,545.5,68.0,5.9,19.1,0.0,1014.5
2025-05-02 19:00:00+00:00,18.0,68,11.9,20,1,0,19,85.0,47.0,342.3,38.0,5.8,16.9,0.0,1014.5
2025-05-02 20:00:00+00:00,16.1,77,12.1,36,0,0,36,5.0,1.0,22.4,4.0,4.3,13.7,0.0,1014.6
2025-05-02 21:00:00+00:00,15.3,81,12.1,25,7,0,19,0.0,0.0,0.0,0.0,3.0,10.1,0.0,1014.7
2025-05-02 22:00:00+00:00,15.4,81,12.1,34,15,0,23,0.0,0.0,0.0,0.0,8.3,14.4,0.0,1014.7
2025-05-02 23:00:00+00:00,14.9,84,12.4,21,19,0,2,0.0,0.0,0.0,0.0,10.4,20.2,0.0,1014.7
2025-05-03 00:00:00+00:00,13.6,87,11.4,63,20,0,54,0.0,0.0,0.0,0.0,9.8,20.5,0.0,1015.0
2025-05-03 01:00:00+00:00,13.0,90,11.4,59,12,2,53,0.0,0.0,0.0,0.0,8.3,18.4,0.0,1014.9
2025-05-03 02:00:00+00:00,12.6,87,10.5,75,23,2,67,0.0,0.0,0.0,0.0,9.9,19.4,0.0,1014.7
2025-05-03 03:00:00+00:00,11.9,81,8.9,21,4,15,2,0.0,0.0,0.0,0.0,7.9,18.7,0.0,1014.2
2025-05-03 04:00:00+00:00,11.4,82,8.5,9,9,0,0,0.0,0.0,0.0,0.0,7.2,14.4,0.0,1013.8
2025-05-03 05:00:00+00:00,11.0,84,8.4,23,10,3,11,3.0,0.0,0.0,3.0,7.5,13.7,0.0,1013.6
2025-05-03 06:00:00+00:00,11.9,79,8.3,97,96,7,15,72.0,34.0,271.7,38.0,8.3,20.2,0.0,1013.9
2025-05-03 07:00:00+00:00,13.3,72,8.4,100,100,16,7,140.0,34.0,120.1,106.0,7.2,19.1,0.0,1013.9
2025-05-03 08:00:00+00:00,14.5,67,8.6,100,100,58,0,170.0,22.0,50.4,148.0,8.3,20.9,0.0,1013.5
2025-05-03 09:00:00+00:00,15.1,67,9.1,100,100,62,0,153.0,17.0,29.6,136.0,9.3,22.7,0.0,1013.3
2025-05-03 10:00:00+00:00,16.8,64,9.9,9,7,6,0,335.0,143.0,208.1,192.0,9.0,24.5,0.0,1013.0
2025-05-03 11:00:00+00:00,18.9,57,10.3,29,29,0,0,672.0,509.0,663.0,163.0,9.9,28.1,0.0,1012.9
2025-05-03 12:00:00+00:00,20.2,53,10.4,40,40,0,0,722.0,554.0,683.6,168.0,12.4,33.1,0.0,1012.7
2025-05-03 13:00:00+00:00,20.5,49,9.4,11,6,5,0,712.0,546.0,672.1,166.0,13.1,33.8,0.0,1012.6
2025-05-03 14:00:00+00:00,20.5,37,5.2,2,2,0,0,735.0,606.0,783.6,129.0,16.2,39.6,0.0,1012.5
2025-05-03 15:00:00+00:00,20.0,37,4.9,14,0,0,14,684.0,582.0,836.0,102.0,15.3,43.6,0.0,1012.6
2025-05-03 16:00:00+00:00,20.3,41,6.5,61,58,38,0,556.0,462.0,788.4,94.0,22.8,48.6,0.0,1012.2
2025-05-03 17:00:00+00:00,17.5,51,7.4,4,4,1,0,290.0,163.0,361.9,127.0,20.3,56.2,0.0,1012.9
2025-05-03 18:00:00+00:00,16.0,53,6.5,11,4,7,0,235.0,166.0,556.0,69.0,19.6,50.4,0.0,1013.4
2025-05-03 19:00:00+00:00,15.6,54,6.4,8,7,1,0,84.0,45.0,319.2,39.0,16.4,42.8,0.0,1013.8
2025-05-03 20:00:00+00:00,14.4,58,6.3,13,13,0,0,6.0,1.0,21.5,5.0,16.2,33.5,0.0,1014.7
2025-05-03 21:00:00+00:00,13.4,60,5.9,86,86,0,0,0.0,0.0,0.0,0.0,14.1,33.1,0.0,1015.6
2025-05-03 22:00:00+00:00,12.6,59,4.8,49,48,6,0,0.0,0.0,0.0,0.0,15.8,32.4,0.0,1016.4
2025-05-03 23:00:00+00:00,11.7,56,3.3,6,6,4,0,0.0,0.0,0.0,0.0,12.8,32.4,0.0,1016.9
2025-05-04 00:00:00+00:00,10.6,60,3.2,1,1,1,0,0.0,0.0,0.0,0.0,12.5,25.9,0.0,1017.3
2025-05-04 01:00:00+00:00,8.6,71,3.7,1,0,1,0,0.0,0.0,0.0,0.0,10.9,24.1,0.0,1017.7
2025-05-04 02:00:00+00:00,7.8,75,3.7,0,0,0,0,0.0,0.0,0.0,0.0,9.0,20.9,0.0,1017.8
2025-05-04 03:00:00+00:00,7.1,80,3.9,0,0,0,0,0.0,0.0,0.0,0.0,9.4,16.9,0.0,1018.0
2025-05-04 04:00:00+00:00,6.6,84,4.1,2,2,0,0,0.0,0.0,0.0,0.0,11.7,21.6,0.0,1018.2
2025-05-04 05:00:00+00:00,6.6,85,4.2,27,27,0,0,4.0,1.0,24.6,3.0,13.1,25.6,0.0,1018.2
2025-05-04 06:00:00+00:00,7.8,78,4.3,12,12,0,0,76.0,34.0,263.0,42.0,12.8,32.4,0.0,1018.1
2025-05-04 07:00:00+00:00,9.1,71,4.2,6,6,0,0,225.0,151.0,526.0,74.0,11.7,28.4,0.0,1018.2
2025-05-04 08:00:00+00:00,10.6,64,4.1,6,6,1,0,392.0,302.0,686.4,90.0,12.5,31.0,0.0,1018.0
2025-05-04 09:00:00+00:00,11.9,54,3.0,34,21,16,0,545.0,435.0,753.3,110.0,17.2,41.4,0.0,1018.1
2025-05-04 10:00:00+00:00,12.6,50,2.5,26,6,22,0,629.0,446.0,646.1,183.0,17.0,41.0,0.0,1018.2
2025-05-04 11:00:00+00:00,13.8,45,2.2,89,89,22,0,727.0,555.0,720.1,172.0,22.4,51.1,0.0,1018.4
2025-05-04 12:00:00+00:00,14.0,42,1.2,81,80,63,0,579.0,272.0,334.4,307.0,21.5,52.2,0.0,1018.2
2025-05-04 13:00:00+00:00,14.4,41,1.2,96,95,77,0,596.0,271.0,332.4,325.0,20.7,49.0,0.0,1018.3
2025-05-04 14:00:00+00:00,14.9,37,0.2,76,3,75,0,574.0,273.0,351.7,301.0,20.5,48.6,0.0,1018.0
2025-05-04 15:00:00+00:00,14.9,35,-0.4,93,16,93,0,434.0,161.0,230.3,273.0,19.2,47.5,0.0,1017.8
2025-05-04 16:00:00+00:00,14.4,37,-0.2,55,0,55,0,313.0,92.0,156.2,221.0,18.3,45.4,0.0,1017.9
2025-05-04 17:00:00+00:00,13.9,39,0.0,68,66,61,0,307.0,151.0,332.9,156.0,19.4,44.3,0.0,1018.0
2025-05-04 18:00:00+00:00,12.4,47,1.5,96,91,96,0,147.0,38.0,125.9,109.0,18.2,43.9,0.0,1018.3
2025-05-04 19:00:00+00:00,12.1,46,0.9,100,100,100,0,41.0,6.0,41.5,35.0,17.6,40.3,0.0,1018.8
2025-05-04 20:00:00+00:00,11.4,49,1.1,36,14,35,0,2.0,0.0,0.0,2.0,18.3,40.0,0.0,1019.6
2025-05-04 21:00:00+00:00,10.4,54,1.5,71,7,71,0,0.0,0.0,0.0,0.0,15.1,39.6,0.0,1020.1
2025-05-04 22:00:00+00:00,9.6,58,1.6,3,0,3,0,0.0,0.0,0.0,0.0,15.7,32.8,0.0,1020.5
2025-05-04 23:00:00+00:00,8.2,65,2.0,87,0,87,0,0.0,0.0,0.0,0.0,14.6,32.8,0.0,1020.8
2025-05-05 00:00:00+00:00,7.8,67,2.2,23,0,23,0,0.0,0.0,0.0,0.0,15.3,31.7,0.0,1020.9
2025-05-05 01:00:00+00:00,6.4,73,1.9,1,1,0,0,0.0,0.0,0.0,0.0,14.5,29.9,0.0,1021.1
2025-05-05 02:00:00+00:00,5.8,75,1.8,1,1,0,0,0.0,0.0,0.0,0.0,14.9,30.2,0.0,1021.1
2025-05-05 03:00:00+00:00,5.2,78,1.7,0,0,0,0,0.0,0.0,0.0,0.0,15.2,31.0,0.0,1021.1
2025-05-05 04:00:00+00:00,4.7,80,1.5,1,1,0,0,0.0,0.0,0.0,0.0,15.0,31.0,0.0,1021.2
2025-05-05 05:00:00+00:00,4.4,81,1.4,2,1,1,0,4.0,1.0,23.5,3.0,15.5,31.0,0.0,1021.4
2025-05-05 06:00:00+00:00,5.4,74,1.2,2,2,0,0,85.0,45.0,337.5,40.0,16.0,38.2,0.0,1021.4
2025-05-05 07:00:00+00:00,6.9,68,1.4,42,8,41,0,234.0,162.0,556.9,72.0,17.5,39.2,0.0,1021.6
2025-05-05 08:00:00+00:00,8.5,62,1.6,100,26,100,0,377.0,258.0,581.7,119.0,21.1,45.4,0.0,1021.5
2025-05-05 09:00:00+00:00,8.5,63,2.0,100,100,95,0,179.0,10.0,17.2,169.0,19.2,48.6,0.0,1021.4
2025-05-05 10:00:00+00:00,9.4,62,2.5,72,37,56,0,160.0,2.0,2.9,158.0,18.6,42.5,0.0,1021.3
2025-05-05 11:00:00+00:00,12.4,52,2.8,98,96,56,0,620.0,289.0,373.5,331.0,25.6,57.2,0.0,1020.9
2025-05-05 12:00:00+00:00,12.4,52,2.7,91,84,69,0,327.0,60.0,73.5,267.0,25.2,57.6,0.0,1020.9
2025-05-05 13:00:00+00:00,13.6,47,2.5,100,100,89,0,438.0,145.0,177.3,293.0,25.9,57.6,0.0,1021.0
2025-05-05 14:00:00+00:00,13.2,50,3.0,100,53,100,0,351.0,44.0,56.5,307.0,25.7,57.6,0.0,1021.1
2025-05-05 15:00:00+00:00,13.4,48,2.7,77,58,71,0,285.0,53.0,75.5,232.0,24.4,56.5,0.0,1021.0
2025-05-05 16:00:00+00:00,13.6,48,2.8,92,59,89,0,336.0,159.0,268.6,177.0,23.9,54.0,0.1,1021.1
2025-05-05 17:00:00+00:00,13.2,48,2.5,64,40,61,0,164.0,32.0,70.1,132.0,20.0,52.2,0.0,1021.4
2025-05-05 18:00:00+00:00,13.1,45,1.6,76,67,73,0,134.0,56.0,183.4,78.0,16.5,43.6,0.0,1021.6
2025-05-05 19:00:00+00:00,12.4,45,0.7,98,57,98,0,70.0,23.0,155.3,47.0,17.0,41.0,0.0,1022.2
2025-05-05 20:00:00+00:00,11.8,45,0.2,94,80,93,0,5.0,0.0,0.0,5.0,14.8,35.6,0.0,1023.1
2025-05-05 21:00:00+00:00,11.2,47,0.2,95,95,61,0,0.0,0.0,0.0,0.0,14.2,31.0,0.0,1023.7
2025-05-05 22:00:00+00:00,10.4,49,0.2,82,81,25,0,0.0,0.0,0.0,0.0,14.0,29.9,0.0,1024.1
2025-05-05 23:00:00+00:00,9.5,53,0.5,67,67,3,0,0.0,0.0,0.0,0.0,12.2,29.2,0.0,1024.4
2025-05-06 00:00:00+00:00,8.7,59,1.0,72,72,0,0,0.0,0.0,0.0,0.0,11.8,25.2,0.0,1024.6
2025-05-06 01:00:00+00:00,6.7,70,1.7,2,2,0,0,0.0,0.0,0.0,0.0,14.1,28.8,0.0,1024.5
2025-05-06 02:00:00+00:00,6.1,76,2.2,0,0,0,0,0.0,0.0,0.0,0.0,13.8,28.1,0.0,1024.5
2025-05-06 03:00:00+00:00,5.4,80,2.2,0,0,0,0,0.0,0.0,0.0,0.0,13.1,27.4,0.0,1024.5
2025-05-06 04:00:00+00:00,4.8,82,2.0,0,0,0,0,0.0,0.0,0.0,0.0,13.0,25.6,0.0,1024.5
2025-05-06 05:00:00+00:00,4.6,82,1.7,0,0,0,0,5.0,1.0,22.4,4.0,12.9,25.2,0.0,1024.8
2025-05-06 06:00:00+00:00,5.8,75,1.7,0,0,0,0,90.0,52.0,378.8,38.0,10.5,24.8,0.0,1025.2
2025-05-06 07:00:00+00:00,7.8,66,1.8,4,4,0,0,244.0,178.0,604.2,66.0,12.8,28.8,0.0,1025.2
2025-05-06 08:00:00+00:00,9.6,60,2.1,0,0,0,0,410.0,325.0,727.1,85.0,15.4,36.4,0.0,1025.3
2025-05-06 09:00:00+00:00,11.1,48,0.6,83,83,0,0,571.0,477.0,816.7,94.0,16.8,40.7,0.0,1025.4
2025-05-06 10:00:00+00:00,11.6,46,0.2,79,79,0,1,465.0,228.0,327.4,237.0,16.2,40.3,0.0,1025.4
2025-05-06 11:00:00+00:00,12.2,45,0.5,95,95,0,0,504.0,214.0,275.6,290.0,15.8,38.9,0.0,1025.3
2025-05-06 12:00:00+00:00,12.8,44,0.8,89,89,0,0,549.0,183.0,223.5,366.0,16.1,39.6,0.0,1025.0
2025-05-06 13:00:00+00:00,13.1,41,0.3,70,70,0,0,549.0,220.0,268.1,329.0,14.7,38.5,0.0,1024.9
2025-05-06 14:00:00+00:00,14.1,40,0.8,11,11,0,0,686.0,426.0,545.0,260.0,12.4,36.4,0.0,1024.3
2025-05-06 15:00:00+00:00,14.9,40,1.5,26,26,1,0,681.0,556.0,789.0,125.0,13.1,33.1,0.0,1024.0
2025-05-06 16:00:00+00:00,15.2,38,1.0,68,68,12,1,528.0,389.0,654.0,139.0,14.7,36.0,0.0,1023.9
2025-05-06 17:00:00+00:00,15.2,38,1.1,65,3,61,11,358.0,201.0,437.2,157.0,14.0,35.3,0.0,1023.9
2025-05-06 18:00:00+00:00,14.6,41,1.7,69,48,24,39,197.0,103.0,333.8,94.0,14.4,33.5,0.0,1023.8
2025-05-06 19:00:00+00:00,13.6,49,3.0,44,5,3,40,83.0,31.0,204.5,52.0,10.6,32.0,0.0,1024.0
2025-05-06 20:00:00+00:00,11.8,59,4.0,99,28,3,98,8.0,2.0,38.7,6.0,9.5,21.2,0.0,1024.4
2025-05-06 21:00:00+00:00,10.8,65,4.4,24,24,1,0,0.0,0.0,0.0,0.0,9.8,18.7,0.0,1025.1
2025-05-06 22:00:00+00:00,10.2,69,4.8,75,4,1,74,0.0,0.0,0.0,0.0,9.7,19.1,0.0,1025.0
2025-05-06 23:00:00+00:00,9.4,75,5.2,99,0,0,99,0.0,0.0,0.0,0.0,9.5,18.4,0.0,1025.1
2025-05-07 00:00:00+00:00,8.8,79,5.3,42,0,0,42,0.0,0.0,0.0,0.0,8.7,17.6,0.0,1025.0
2025-05-07 01:00:00+00:00,7.6,81,4.5,95,0,0,95,0.0,0.0,0.0,0.0,9.3,18.7,0.0,1025.1
2025-05-07 02:00:00+00:00,6.9,84,4.3,99,0,0,99,0.0,0.0,0.0,0.0,9.5,17.6,0.0,1024.9
2025-05-07 03:00:00+00:00,6.3,86,4.2,100,0,2,100,0.0,0.0,0.0,0.0,9.9,18.4,0.0,1024.6
2025-05-07 04:00:00+00:00,5.8,88,4.0,100,0,0,100,0.0,0.0,0.0,0.0,10.1,19.1,0.0,1024.6
2025-05-07 05:00:00+00:00,5.6,89,3.8,100,0,0,100,5.0,0.0,0.0,5.0,10.3,19.4,0.0,1024.7
2025-05-07 06:00:00+00:00,6.6,83,3.8,100,0,2,100,75.0,20.0,141.8,55.0,8.9,19.8,0.0,1024.8
2025-05-07 07:00:00+00:00,8.3,73,3.8,100,0,0,100,205.0,91.0,305.2,114.0,8.4,21.2,0.0,1025.0
2025-05-07 08:00:00+00:00,10.2,64,3.7,99,0,0,99,370.0,232.0,515.1,138.0,9.3,24.8,0.0,1024.7
2025-05-07 09:00:00+00:00,12.1,55,3.3,81,0,0,81,535.0,391.0,665.9,144.0,11.2,29.5,0.0,1024.4
2025-05-07 10:00:00+00:00,13.7,49,3.2,27,1,0,26,689.0,566.0,809.2,123.0,12.8,33.5,0.0,1024.0
2025-05-07 11:00:00+00:00,15.4,44,3.1,75,56,0,44,783.0,656.0,841.7,127.0,16.8,40.3,0.0,1023.6
2025-05-07 12:00:00+00:00,16.2,41,2.8,98,44,0,97,719.0,432.0,525.8,287.0,14.8,41.0,0.0,1023.1
2025-05-07 13:00:00+00:00,16.9,41,3.6,100,11,3,100,761.0,497.0,603.6,264.0,13.5,36.0,0.0,1022.8
2025-05-07 14:00:00+00:00,17.2,39,3.2,98,32,8,98,657.0,375.0,478.1,282.0,14.8,37.4,0.0,1022.3
2025-05-07 15:00:00+00:00,17.0,38,2.6,61,26,23,46,524.0,250.0,353.4,274.0,14.5,37.4,0.0,1022.0
2025-05-07 16:00:00+00:00,17.5,34,1.5,79,0,56,61,508.0,341.0,570.5,167.0,14.0,35.6,0.0,1021.4
2025-05-07 17:00:00+00:00,17.4,34,1.5,92,0,91,42,366.0,228.0,492.7,138.0,18.4,40.7,0.0,1021.1
2025-05-07 18:00:00+00:00,16.1,42,3.3,45,2,44,6,216.0,107.0,343.2,109.0,20.9,45.4,0.0,1021.2
2025-05-07 19:00:00+00:00,14.6,50,4.3,47,0,47,4,89.0,44.0,283.8,45.0,18.5,45.7,0.0,1021.4
2025-05-07 20:00:00+00:00,13.4,54,4.2,98,0,98,0,9.0,2.0,37.4,7.0,15.5,37.1,0.0,1021.6
2025-05-07 21:00:00+00:00,12.4,56,4.0,95,0,95,0,0.0,0.0,0.0,0.0,12.1,31.3,0.0,1022.0
2025-05-07 22:00:00+00:00,11.2,61,4.0,19,17,2,0,0.0,0.0,0.0,0.0,8.6,23.8,0.0,1022.1
2025-05-07 23:00:00+00:00,10.2,63,3.5,36,35,10,0,0.0,0.0,0.0,0.0,13.1,24.8,0.0,1022.1
2025-05-08 00:00:00+00:00,9.4,67,3.6,72,70,10,0,0.0,0.0,0.0,0.0,13.9,28.1,0.0,1022.0
2025-05-08 01:00:00+00:00,9.4,67,3.7,41,11,34,0,0.0,0.0,0.0,0.0,12.7,26.3,0.0,1021.6
2025-05-08 02:00:00+00:00,8.1,77,4.2,62,46,29,0,0.0,0.0,0.0,0.0,12.7,26.6,0.0,1021.2
2025-05-08 03:00:00+00:00,7.6,82,4.7,54,48,12,0,0.0,0.0,0.0,0.0,12.3,25.2,0.0,1021.1
2025-05-08 04:00:00+00:00,7.4,84,4.8,51,51,1,0,0.0,0.0,0.0,0.0,13.0,25.9,0.0,1020.8
2025-05-08 05:00:00+00:00,7.2,86,5.0,100,100,0,1,5.0,1.0,20.7,4.0,13.5,26.6,0.0,1020.8
2025-05-08 06:00:00+00:00,8.7,78,5.1,26,26,0,0,51.0,5.0,34.5,46.0,13.1,34.2,0.0,1020.7
2025-05-08 07:00:00+00:00,9.9,72,5.1,21,21,0,0,208.0,114.0,377.9,94.0,15.5,34.9,0.0,1020.8
2025-05-08 08:00:00+00:00,11.3,62,4.3,10,10,0,0,397.0,295.0,650.3,102.0,15.7,36.7,0.0,1020.6
2025-05-08 09:00:00+00:00,12.8,54,3.7,92,92,0,0,545.0,429.0,726.8,116.0,14.5,37.8,0.0,1020.7
2025-05-08 10:00:00+00:00,13.6,51,3.5,100,100,0,0,450.0,188.0,267.7,262.0,12.6,36.0,0.0,1020.6
2025-05-08 11:00:00+00:00,14.2,49,3.8,100,100,0,0,448.0,137.0,175.2,311.0,11.9,32.0,0.0,1020.4
2025-05-08 12:00:00+00:00,14.5,48,3.7,100,100,0,0,365.0,43.0,52.2,322.0,11.0,30.6,0.0,1020.3
2025-05-08 13:00:00+00:00,15.6,47,4.3,100,100,74,0,491.0,113.0,136.8,378.0,11.8,30.6,0.0,1020.2
2025-05-08 14:00:00+00:00,15.8,46,4.2,98,98,60,0,396.0,90.0,114.4,306.0,11.2,30.6,0.0,1020.0
2025-05-08 15:00:00+00:00,16.3,43,3.5,95,94,62,0,427.0,165.0,232.4,262.0,11.5,29.5,0.0,1019.6
2025-05-08 16:00:00+00:00,16.4,41,3.1,99,99,87,0,375.0,127.0,211.5,248.0,12.7,31.3,0.0,1019.5
2025-05-08 17:00:00+00:00,15.9,42,3.0,98,98,51,0,293.0,120.0,257.7,173.0,14.5,33.8,0.0,1019.4
2025-05-08 18:00:00+00:00,14.9,45,3.2,11,10,1,0,162.0,40.0,127.0,122.0,14.5,34.2,0.0,1019.5
2025-05-08 19:00:00+00:00,13.6,50,3.5,1,1,0,0,103.0,57.0,359.7,46.0,11.5,33.1,0.0,1019.5
2025-05-08 20:00:00+00:00,12.1,56,3.7,2,1,1,0,10.0,3.0,54.4,7.0,11.5,24.1,0.0,1020.1
2025-05-08 21:00:00+00:00,11.2,60,3.8,10,6,4,0,0.0,0.0,0.0,0.0,16.2,33.5,0.0,1020.5
2025-05-08 22:00:00+00:00,10.4,65,4.1,5,4,1,0,0.0,0.0,0.0,0.0,14.7,32.4,0.0,1020.6
2025-05-08 23:00:00+00:00,9.6,70,4.2,1,0,1,0,0.0,0.0,0.0,0.0,13.9,29.5,0.0,1020.7
2025-05-09 00:00:00+00:00,8.7,74,4.2,4,2,4,0,0.0,0.0,0.0,0.0,13.1,27.4,0.0,1020.6
2025-05-09 01:00:00+00:00,7.3,77,3.6,9,7,3,0,0.0,0.0,0.0,0.0,11.4,22.3,0.0,1020.4
2025-05-09 02:00:00+00:00,6.7,81,3.6,5,5,0,0,0.0,0.0,0.0,0.0,11.2,21.6,0.0,1020.2
2025-05-09 03:00:00+00:00,6.2,83,3.5,0,0,0,0,0.0,0.0,0.0,0.0,11.5,21.6,0.0,1020.2
2025-05-09 04:00:00+00:00,5.7,86,3.5,0,0,0,0,0.0,0.0,0.0,0.0,11.3,21.6,0.0,1020.2
2025-05-09 05:00:00+00:00,5.4,87,3.4,0,0,0,0,8.0,2.0,39.9,6.0,11.3,21.2,0.0,1020.2
2025-05-09 06:00:00+00:00,6.7,81,3.7,0,0,0,0,98.0,57.0,383.9,41.0,9.7,22.0,0.0,1020.5
2025-05-09 07:00:00+00:00,8.8,73,4.2,0,0,0,0,249.0,181.0,593.2,68.0,9.3,23.0,0.0,1020.5
2025-05-09 08:00:00+00:00,11.2,66,5.1,1,0,1,0,413.0,328.0,718.0,85.0,9.5,25.2,0.0,1020.4
2025-05-09 09:00:00+00:00,13.7,59,5.8,8,0,8,0,569.0,473.0,797.3,96.0,9.8,26.6,0.0,1020.2
2025-05-09 10:00:00+00:00,16.0,51,6.0,24,0,24,0,699.0,590.0,836.8,109.0,10.4,28.4,0.0,1020.0
2025-05-09 11:00:00+00:00,17.8,36,2.7,45,0,45,0,760.0,623.0,793.9,137.0,14.5,35.3,0.0,1019.8
2025-05-09 12:00:00+00:00,18.2,33,1.5,100,0,100,0,647.0,451.0,545.5,196.0,16.3,39.2,0.0,1019.5
2025-05-09 13:00:00+00:00,19.0,31,1.3,97,0,97,0,652.0,391.0,472.0,261.0,15.7,38.9,0.0,1019.4
2025-05-09 14:00:00+00:00,18.2,31,1.0,81,0,81,0,382.0,77.0,97.5,305.0,13.2,38.5,0.0,1019.1
2025-05-09 15:00:00+00:00,18.2,32,1.4,26,0,26,0,454.0,216.0,303.1,238.0,11.2,32.0,0.0,1018.8
2025-05-09 16:00:00+00:00,18.2,32,1.4,27,1,27,0,514.0,349.0,578.5,165.0,10.5,29.9,0.0,1018.7
2025-05-09 17:00:00+00:00,17.7,34,1.5,11,10,1,0,409.0,302.0,644.3,107.0,10.7,28.1,0.0,1018.8
2025-05-09 18:00:00+00:00,17.0,35,1.5,0,0,0,0,260.0,188.0,591.0,72.0,12.1,28.4,0.0,1018.8
2025-05-09 19:00:00+00:00,15.9,41,2.7,0,0,0,0,111.0,68.0,420.1,43.0,10.7,28.1,0.0,1019.1
2025-05-09 20:00:00+00:00,14.2,50,4.1,0,0,0,0,11.0,4.0,70.4,7.0,12.2,22.0,0.0,1019.6
2025-05-09 21:00:00+00:00,13.3,52,3.7,0,0,0,0,0.0,0.0,0.0,0.0,14.2,28.4,0.0,1020.0
2025-05-09 22:00:00+00:00,12.3,53,3.0,0,0,0,0,0.0,0.0,0.0,0.0,13.3,27.4,0.0,1020.0
2025-05-09 23:00:00+00:00,11.4,56,3.0,0,0,0,0,0.0,0.0,0.0,0.0,12.5,25.2,0.0,1020.1
2025-05-10 00:00:00+00:00,10.6,60,3.3,0,0,0,0,0.0,0.0,0.0,0.0,12.5,23.4,0.0,1019.7
2025-05-10 01:00:00+00:00,9.6,64,3.2,0,0,0,0,0.0,0.0,0.0,0.0,11.6,23.8,0.0,1019.4
2025-05-10 02:00:00+00:00,9.0,68,3.5,0,0,0,0,0.0,0.0,0.0,0.0,11.1,21.6,0.0,1019.1
2025-05-10 03:00:00+00:00,8.6,72,3.8,0,0,0,0,0.0,0.0,0.0,0.0,10.6,20.5,0.0,1018.9
2025-05-10 04:00:00+00:00,8.4,75,4.1,0,0,0,0,0.0,0.0,0.0,0.0,10.1,19.8,0.0,1018.5
2025-05-10 05:00:00+00:00,8.3,77,4.4,0,0,0,0,9.0,3.0,57.8,6.0,10.0,18.4,0.0,1018.4
2025-05-10 06:00:00+00:00,9.9,72,5.0,0,0,0,0,102.0,61.0,401.2,41.0,10.0,19.1,0.0,1018.6
2025-05-10 07:00:00+00:00,12.5,62,5.3,0,0,0,0,256.0,190.0,615.9,66.0,8.3,20.5,0.0,1018.4
2025-05-10 08:00:00+00:00,15.3,50,4.8,0,0,0,0,423.0,344.0,747.9,79.0,9.8,24.8,0.0,1018.1
2025-05-10 09:00:00+00:00,17.5,41,4.1,0,0,0,0,579.0,490.0,821.9,89.0,10.7,28.1,0.0,1017.8
2025-05-10 10:00:00+00:00,19.0,34,2.8,0,0,0,0,709.0,613.0,866.0,96.0,13.9,34.9,0.0,1017.4
2025-05-10 11:00:00+00:00,19.5,31,2.0,0,0,0,0,801.0,699.0,887.8,102.0,18.3,43.9,0.0,1017.1
2025-05-10 12:00:00+00:00,20.1,27,0.7,0,0,0,0,852.0,748.0,901.9,104.0,19.9,47.5,0.0,1016.6
2025-05-10 13:00:00+00:00,21.0,24,-0.2,1,0,0,1,857.0,754.0,907.4,103.0,19.6,47.9,0.0,1016.0
2025-05-10 14:00:00+00:00,21.0,26,0.8,0,0,0,0,808.0,708.0,893.9,100.0,18.2,46.8,0.0,1015.6
2025-05-10 15:00:00+00:00,20.9,28,1.6,0,0,0,0,714.0,617.0,862.5,97.0,17.8,43.9,0.0,1015.1
2025-05-10 16:00:00+00:00,20.5,30,2.5,5,0,0,5,584.0,493.0,813.5,91.0,16.8,42.5,0.0,1014.9
2025-05-10 17:00:00+00:00,20.1,32,2.9,6,0,2,4,428.0,346.0,733.6,82.0,16.6,40.0,0.0,1014.5
2025-05-10 18:00:00+00:00,19.4,33,2.8,1,0,0,1,264.0,196.0,610.1,68.0,15.5,38.2,0.0,1014.3
2025-05-10 19:00:00+00:00,18.5,36,3.0,53,0,2,52,112.0,69.0,417.6,43.0,11.9,34.2,0.0,1014.1
2025-05-10 20:00:00+00:00,17.0,40,3.2,71,0,3,70,12.0,4.0,68.4,8.0,12.2,23.0,0.0,1014.4
2025-05-10 21:00:00+00:00,16.1,44,3.9,80,0,0,80,0.0,0.0,0.0,0.0,15.4,29.2,0.0,1014.5
2025-05-10 22:00:00+00:00,15.0,49,4.3,11,0,0,11,0.0,0.0,0.0,0.0,16.3,32.0,0.0,1014.1
2025-05-10 23:00:00+00:00,13.9,52,4.1,3,0,0,3,0.0,0.0,0.0,0.0,14.7,31.7,0.0,1013.9
2025-05-11 00:00:00+00:00,13.0,55,4.1,6,0,0,6,0.0,0.0,0.0,0.0,13.7,28.4,0.0,1013.7
2025-05-11 01:00:00+00:00,11.9,58,4.0,70,0,0,70,0.0,0.0,0.0,0.0,12.7,26.3,0.0,1013.1
2025-05-11 02:00:00+00:00,11.4,61,4.2,43,0,0,43,0.0,0.0,0.0,0.0,12.3,23.8,0.0,1012.6
2025-05-11 03:00:00+00:00,11.1,64,4.5,97,0,0,97,0.0,0.0,0.0,0.0,13.0,24.5,0.0,1011.8
2025-05-11 04:00:00+00:00,11.2,64,4.6,100,0,0,100,0.0,0.0,0.0,0.0,12.4,24.5,0.0,1011.4
2025-05-11 05:00:00+00:00,11.5,62,4.4,99,0,0,99,8.0,1.0,18.6,7.0,12.8,24.8,0.0,1010.8
2025-05-11 06:00:00+00:00,12.9,58,4.9,95,0,0,95,91.0,35.0,225.0,56.0,12.2,24.1,0.0,1010.7
2025-05-11 07:00:00+00:00,15.0,52,5.3,78,0,0,78,245.0,166.0,532.5,79.0,9.7,22.3,0.0,1010.4
2025-05-11 08:00:00+00:00,17.0,46,5.4,83,0,0,83,414.0,327.0,706.3,87.0,12.4,29.9,0.0,1010.2
2025-05-11 09:00:00+00:00,18.2,46,6.2,83,5,18,78,556.0,454.0,757.9,102.0,13.7,33.5,0.0,1010.3
2025-05-11 10:00:00+00:00,18.7,47,7.2,86,0,7,85,664.0,547.0,769.9,117.0,14.7,37.8,0.0,1010.1
2025-05-11 11:00:00+00:00,19.9,47,8.2,98,0,5,98,748.0,584.0,739.3,164.0,13.9,37.1,0.0,1009.6
2025-05-11 12:00:00+00:00,20.1,50,9.2,74,4,7,72,738.0,558.0,670.8,180.0,13.9,36.4,0.0,1009.6
2025-05-11 13:00:00+00:00,21.1,43,8.0,47,0,2,46,788.0,639.0,766.8,149.0,19.2,46.4,0.0,1008.6
2025-05-11 14:00:00+00:00,20.8,46,8.8,56,0,0,56,769.0,652.0,820.6,117.0,17.3,46.1,0.0,1008.5
2025-05-11 15:00:00+00:00,20.8,48,9.5,25,0,1,24,701.0,595.0,828.8,106.0,15.7,42.1,0.0,1008.3
2025-05-11 16:00:00+00:00,20.2,52,10.2,42,0,1,41,571.0,472.0,775.3,99.0,13.5,38.9,0.0,1008.4
2025-05-11 17:00:00+00:00,20.0,54,10.5,98,0,2,98,419.0,331.0,697.5,88.0,9.9,33.8,0.0,1008.4
2025-05-11 18:00:00+00:00,19.0,59,10.6,100,0,1,100,247.0,158.0,487.1,89.0,8.9,26.3,0.0,1008.3
2025-05-11 19:00:00+00:00,17.5,64,10.8,87,0,25,84,85.0,16.0,94.9,69.0,7.5,22.3,0.0,1008.5
2025-05-11 20:00:00+00:00,16.0,72,10.9,99,0,52,98,12.0,3.0,49.9,9.0,7.5,17.6,0.0,1009.1
2025-05-11 21:00:00+00:00,15.3,76,11.0,96,0,22,94,0.0,0.0,0.0,0.0,5.8,14.4,0.0,1009.1
2025-05-11 22:00:00+00:00,14.8,79,11.1,94,11,33,90,0.0,0.0,0.0,0.0,6.4,11.5,0.0,1009.2
2025-05-11 23:00:00+00:00,13.9,84,11.2,100,14,43,100,0.0,0.0,0.0,0.0,6.6,15.5,0.0,1009.2
2025-05-12 00:00:00+00:00,13.6,86,11.4,21,3,8,11,0.0,0.0,0.0,0.0,7.9,14.8,0.0,1009.0
2025-05-12 01:00:00+00:00,13.9,97,13.4,99,19,48,98,0.0,0.0,0.0,0.0,9.3,27.0,1.1,1009.0
2025-05-12 02:00:00+00:00,13.2,97,12.8,100,31,61,100,0.0,0.0,0.0,0.0,8.3,16.2,0.0,1008.9
2025-05-12 03:00:00+00:00,13.2,98,12.9,99,14,91,82,0.0,0.0,0.0,0.0,8.2,15.8,0.0,1008.6
2025-05-12 04:00:00+00:00,12.9,98,12.6,100,100,22,91,0.0,0.0,0.0,0.0,8.9,16.2,0.0,1008.7
2025-05-12 05:00:00+00:00,12.7,99,12.6,100,100,74,96,8.0,1.0,18.1,7.0,10.3,18.7,0.0,1008.9
2025-05-12 06:00:00+00:00,13.4,96,12.8,100,100,59,100,50.0,0.0,0.0,50.0,11.1,23.8,0.0,1009.3
2025-05-12 07:00:00+00:00,14.4,91,12.9,99,90,33,78,147.0,18.0,57.2,129.0,10.7,25.2,0.0,1009.5
2025-05-12 08:00:00+00:00,15.6,82,12.6,84,28,77,4,277.0,87.0,186.7,190.0,11.9,27.7,0.1,1010.1
2025-05-12 09:00:00+00:00,16.1,77,12.0,93,21,92,0,321.0,133.0,221.0,188.0,12.4,29.9,0.0,1010.7
2025-05-12 10:00:00+00:00,17.4,67,11.2,100,13,99,59,537.0,318.0,446.0,219.0,12.5,35.3,0.0,1010.9
2025-05-12 11:00:00+00:00,17.3,65,10.8,71,7,70,0,375.0,125.0,157.8,250.0,12.2,31.7,0.0,1011.0
2025-05-12 12:00:00+00:00,18.5,60,10.6,90,12,88,0,662.0,364.0,436.4,298.0,13.6,38.5,0.0,1011.2
2025-05-12 13:00:00+00:00,19.0,53,9.2,9,9,0,0,756.0,539.0,644.9,217.0,15.2,41.0,0.0,1011.4
2025-05-12 14:00:00+00:00,18.8,53,9.0,2,0,0,2,764.0,617.0,774.2,147.0,15.2,38.9,0.0,1011.4
2025-05-12 15:00:00+00:00,18.5,50,7.8,13,0,12,0,698.0,589.0,817.6,109.0,14.7,38.9,0.0,1011.5
2025-05-12 16:00:00+00:00,18.2,49,7.4,4,0,1,3,574.0,473.0,773.6,101.0,14.0,37.4,0.0,1011.6
2025-05-12 17:00:00+00:00,17.7,52,7.8,5,0,4,1,427.0,341.0,714.3,86.0,10.7,34.9,0.0,1012.0
2025-05-12 18:00:00+00:00,17.0,56,8.1,8,0,8,0,263.0,190.0,580.2,73.0,9.9,27.7,0.0,1012.4
2025-05-12 19:00:00+00:00,16.2,60,8.4,13,0,13,0,112.0,65.0,378.2,47.0,8.5,24.5,0.0,1013.1
2025-05-12 20:00:00+00:00,15.2,65,8.7,19,0,18,1,14.0,4.0,64.8,10.0,7.7,19.1,0.0,1013.5
2025-05-12 21:00:00+00:00,14.8,67,8.8,78,0,27,70,0.0,0.0,0.0,0.0,8.3,15.1,0.0,1013.8
2025-05-12 22:00:00+00:00,14.4,68,8.4,7,0,2,5,0.0,0.0,0.0,0.0,8.6,15.8,0.0,1014.0
2025-05-12 23:00:00+00:00,13.6,71,8.4,44,0,2,43,0.0,0.0,0.0,0.0,9.2,16.6,0.0,1014.2
2025-05-13 00:00:00+00:00,13.1,72,8.3,100,0,5,100,0.0,0.0,0.0,0.0,9.4,16.9,0.0,1014.6
2025-05-13 01:00:00+00:00,13.2,70,7.9,100,0,11,100,0.0,0.0,0.0,0.0,8.9,17.6,0.0,1014.8
2025-05-13 02:00:00+00:00,12.9,71,7.9,99,0,39,98,0.0,0.0,0.0,0.0,8.3,16.2,0.0,1015.2
2025-05-13 03:00:00+00:00,12.8,73,8.1,100,0,100,99,0.0,0.0,0.0,0.0,7.6,14.8,0.0,1015.3
2025-05-13 04:00:00+00:00,12.8,73,8.1,98,0,97,45,0.0,0.0,0.0,0.0,7.0,14.0,0.0,1015.5
2025-05-13 05:00:00+00:00,12.4,76,8.2,57,0,36,34,9.0,0.0,0.0,9.0,7.2,13.0,0.0,1016.0
2025-05-13 06:00:00+00:00,13.4,72,8.5,100,0,97,85,98.0,48.0,295.8,50.0,6.5,14.0,0.0,1016.6
2025-05-13 07:00:00+00:00,14.6,68,8.8,98,0,61,94,150.0,29.0,91.2,121.0,5.5,14.4,0.0,1017.0
2025-05-13 08:00:00+00:00,16.5,63,9.4,81,0,23,75,303.0,103.0,219.7,200.0,6.2,18.7,0.0,1017.3
2025-05-13 09:00:00+00:00,18.5,56,9.6,75,0,3,74,514.0,334.0,552.6,180.0,7.3,22.0,0.0,1017.4
2025-05-13 10:00:00+00:00,20.0,50,9.3,13,1,5,8,665.0,511.0,714.1,154.0,9.3,29.9,0.0,1017.4
2025-05-13 11:00:00+00:00,21.0,48,9.4,19,15,5,1,774.0,646.0,812.8,128.0,10.6,32.4,0.0,1017.6
2025-05-13 12:00:00+00:00,21.5,46,9.4,8,7,1,0,792.0,628.0,750.7,164.0,11.1,33.5,0.0,1017.6
2025-05-13 13:00:00+00:00,22.5,42,8.9,11,4,2,5,813.0,671.0,800.6,142.0,12.0,34.6,0.0,1017.5
2025-05-13 14:00:00+00:00,21.5,44,8.6,15,0,14,3,786.0,659.0,824.4,127.0,9.4,36.4,0.2,1017.3
2025-05-13 15:00:00+00:00,22.2,40,8.1,14,4,13,0,634.0,489.0,676.4,145.0,11.7,31.7,0.1,1017.0
2025-05-13 16:00:00+00:00,21.9,42,8.2,29,5,28,1,522.0,410.0,667.7,112.0,12.3,35.6,0.0,1017.2
2025-05-13 17:00:00+00:00,21.4,44,8.6,21,2,17,4,383.0,289.0,601.8,94.0,8.5,31.3,0.0,1017.0
2025-05-13 18:00:00+00:00,20.8,46,8.7,14,3,9,1,218.0,147.0,444.8,71.0,7.0,22.7,0.0,1017.2
2025-05-13 19:00:00+00:00,19.8,48,8.6,12,4,2,7,112.0,67.0,382.6,45.0,6.0,18.4,0.0,1017.6
2025-05-13 20:00:00+00:00,18.4,53,8.6,34,15,16,10,15.0,5.0,79.0,10.0,4.3,12.2,0.0,1018.2
2025-05-13 21:00:00+00:00,17.1,58,8.9,23,12,3,10,0.0,0.0,0.0,0.0,4.8,7.9,0.0,1018.7
2025-05-13 22:00:00+00:00,15.7,63,8.7,8,8,0,0,0.0,0.0,0.0,0.0,7.1,14.4,0.0,1019.3
2025-05-13 23:00:00+00:00,14.6,55,5.7,2,2,0,0,0.0,0.0,0.0,0.0,11.3,21.2,0.0,1019.4
2025-05-14 00:00:00+00:00,13.6,54,4.4,1,1,1,0,0.0,0.0,0.0,0.0,11.8,22.0,0.0,1019.4
2025-05-14 01:00:00+00:00,12.4,57,4.0,1,1,0,0,0.0,0.0,0.0,0.0,12.5,23.8,0.0,1019.5
2025-05-14 02:00:00+00:00,11.7,60,4.2,1,1,0,0,0.0,0.0,0.0,0.0,13.0,24.5,0.0,1019.6
2025-05-14 03:00:00+00:00,11.0,63,4.3,0,0,0,0,0.0,0.0,0.0,0.0,12.8,25.2,0.0,1019.7
2025-05-14 04:00:00+00:00,10.2,65,4.0,0,0,0,0,0.0,0.0,0.0,0.0,12.6,24.5,0.0,1019.7
2025-05-14 05:00:00+00:00,9.8,66,3.7,0,0,0,0,13.0,4.0,68.3,9.0,12.1,23.8,0.0,1019.8
2025-05-14 06:00:00+00:00,10.6,63,3.9,0,0,0,0,111.0,67.0,404.8,44.0,9.8,23.0,0.0,1020.2
2025-05-14 07:00:00+00:00,12.1,60,4.4,0,0,0,0,263.0,195.0,607.4,68.0,10.7,25.9,0.0,1020.3
2025-05-14 08:00:00+00:00,14.1,57,5.7,0,0,0,0,427.0,344.0,729.4,83.0,10.9,28.1,0.0,1020.5
2025-05-14 09:00:00+00:00,16.4,53,6.7,0,0,0,0,580.0,487.0,802.3,93.0,10.6,28.8,0.0,1020.7
2025-05-14 10:00:00+00:00,18.6,48,7.2,0,0,0,0,709.0,608.0,846.8,101.0,10.9,29.9,0.0,1020.6
2025-05-14 11:00:00+00:00,20.5,43,7.4,0,0,0,0,802.0,697.0,874.4,105.0,10.8,30.6,0.0,1020.4
2025-05-14 12:00:00+00:00,22.0,38,6.9,0,0,0,0,850.0,743.0,885.8,107.0,11.5,31.7,0.0,1020.3
2025-05-14 13:00:00+00:00,23.0,33,5.8,0,0,0,0,850.0,743.0,884.2,107.0,11.3,31.7,0.0,1020.3
2025-05-14 14:00:00+00:00,23.5,31,5.6,0,0,0,0,804.0,699.0,871.9,105.0,11.8,32.0,0.0,1020.2
2025-05-14 15:00:00+00:00,23.7,30,5.2,8,6,8,0,705.0,604.0,832.7,101.0,14.3,35.3,0.0,1019.9
2025-05-14 16:00:00+00:00,23.6,30,5.2,8,0,8,0,567.0,452.0,733.0,115.0,15.6,37.8,0.0,1019.7
2025-05-14 17:00:00+00:00,23.1,31,4.9,19,0,19,0,427.0,333.0,689.4,94.0,13.5,37.1,0.0,1019.9
2025-05-14 18:00:00+00:00,22.1,32,4.7,37,0,36,0,253.0,168.0,503.7,85.0,9.8,32.0,0.0,1020.2
2025-05-14 19:00:00+00:00,20.2,37,4.8,22,4,8,15,107.0,53.0,297.2,54.0,6.0,23.8,0.0,1020.8
2025-05-14 20:00:00+00:00,18.0,43,5.3,100,6,0,100,16.0,6.0,92.5,10.0,3.9,12.6,0.0,1021.6
2025-05-14 21:00:00+00:00,16.7,52,6.8,98,7,0,98,0.0,0.0,0.0,0.0,10.6,19.1,0.0,1022.3
2025-05-14 22:00:00+00:00,14.9,63,7.9,93,2,0,93,0.0,0.0,0.0,0.0,13.4,26.6,0.0,1022.7
2025-05-14 23:00:00+00:00,13.3,65,6.9,98,0,0,98,0.0,0.0,0.0,0.0,12.6,26.6,0.0,1023.0
2025-05-15 00:00:00+00:00,12.1,64,5.5,86,0,0,86,0.0,0.0,0.0,0.0,12.5,25.2,0.0,1023.3
2025-05-15 01:00:00+00:00,10.4,68,4.7,54,0,0,54,0.0,0.0,0.0,0.0,11.3,24.8,0.0,1023.8
2025-05-15 02:00:00+00:00,9.5,72,4.8,12,0,0,12,0.0,0.0,0.0,0.0,10.3,22.3,0.0,1023.8
2025-05-15 03:00:00+00:00,8.7,77,4.9,0,0,0,0,0.0,0.0,0.0,0.0,10.6,20.2,0.0,1023.8
2025-05-15 04:00:00+00:00,7.9,82,5.1,0,0,0,0,0.0,0.0,0.0,0.0,10.7,20.9,0.0,1023.8
2025-05-15 05:00:00+00:00,7.7,85,5.3,0,0,0,0,14.0,5.0,83.2,9.0,10.9,21.2,0.0,1024.1
2025-05-15 06:00:00+00:00,8.9,80,5.5,22,16,0,7,117.0,72.0,426.9,45.0,11.4,27.4,0.0,1024.5
2025-05-15 07:00:00+00:00,10.4,71,5.4,96,83,0,76,264.0,189.0,583.4,75.0,14.4,34.9,0.0,1024.5
2025-05-15 08:00:00+00:00,11.6,66,5.5,99,78,0,97,367.0,208.0,438.5,159.0,12.9,33.5,0.0,1024.6
2025-05-15 09:00:00+00:00,12.7,62,5.6,96,49,0,92,479.0,250.0,410.1,229.0,12.9,33.1,0.0,1024.6
2025-05-15 10:00:00+00:00,14.4,55,5.6,100,29,0,99,655.0,457.0,634.4,198.0,14.0,36.0,0.0,1024.5
2025-05-15 11:00:00+00:00,15.6,52,5.8,28,28,0,0,737.0,505.0,631.8,232.0,15.1,38.5,0.0,1024.6
2025-05-15 12:00:00+00:00,17.1,47,5.8,31,31,0,0,814.0,625.0,743.2,189.0,14.7,38.9,0.0,1024.3
2025-05-15 13:00:00+00:00,16.6,48,5.6,84,84,0,0,689.0,389.0,461.7,300.0,17.6,42.8,0.0,1024.9
2025-05-15 14:00:00+00:00,16.8,49,6.0,88,85,0,18,651.0,333.0,414.2,318.0,18.0,43.6,0.0,1024.8
2025-05-15 15:00:00+00:00,16.5,51,6.2,100,100,0,0,531.0,314.0,431.5,217.0,18.7,44.6,0.0,1024.8
2025-05-15 16:00:00+00:00,15.9,51,5.9,100,100,0,0,315.0,82.0,132.4,233.0,18.4,44.3,0.0,1024.8
2025-05-15 17:00:00+00:00,15.9,51,5.8,72,72,0,0,243.0,54.0,111.2,189.0,18.0,42.1,0.0,1024.5
2025-05-15 18:00:00+00:00,15.8,51,5.8,71,71,0,0,203.0,85.0,252.6,118.0,17.0,41.0,0.0,1024.6
2025-05-15 19:00:00+00:00,14.9,55,5.9,100,100,0,0,88.0,25.0,137.7,63.0,15.8,37.8,0.0,1025.0
2025-05-15 20:00:00+00:00,14.0,58,5.8,98,98,0,0,14.0,2.0,30.1,12.0,15.2,36.4,0.0,1025.6
2025-05-15 21:00:00+00:00,13.6,59,5.7,100,100,0,0,0.0,0.0,0.0,0.0,14.5,36.0,0.0,1026.3
2025-05-15 22:00:00+00:00,12.8,63,5.9,87,87,0,0,0.0,0.0,0.0,0.0,11.5,32.0,0.0,1026.4
2025-05-15 23:00:00+00:00,12.4,65,6.1,51,51,0,0,0.0,0.0,0.0,0.0,12.2,24.5,0.0,1026.6
2025-05-16 00:00:00+00:00,11.6,70,6.3,2,2,0,0,0.0,0.0,0.0,0.0,12.9,25.6,0.0,1026.7
2025-05-16 01:00:00+00:00,10.4,74,5.9,0,0,0,0,0.0,0.0,0.0,0.0,12.8,26.6,0.0,1026.8
2025-05-16 02:00:00+00:00,9.4,79,5.9,0,0,0,0,0.0,0.0,0.0,0.0,12.8,25.6,0.0,1026.7
2025-05-16 03:00:00+00:00,8.7,83,6.0,0,0,0,0,0.0,0.0,0.0,0.0,12.3,24.8,0.0,1026.5
2025-05-16 04:00:00+00:00,8.0,87,5.9,0,0,0,0,0.0,0.0,0.0,0.0,12.4,23.8,0.0,1026.4
2025-05-16 05:00:00+00:00,7.8,87,5.8,0,0,0,0,15.0,6.0,97.4,9.0,12.8,24.8,0.0,1026.4
2025-05-16 06:00:00+00:00,8.9,80,5.7,0,0,0,0,121.0,77.0,448.4,44.0,10.7,23.8,0.0,1026.6
2025-05-16 07:00:00+00:00,10.6,70,5.4,0,0,0,0,278.0,212.0,648.7,66.0,11.8,28.1,0.0,1026.8
2025-05-16 08:00:00+00:00,12.4,59,4.8,0,0,0,0,446.0,366.0,767.4,80.0,12.7,31.3,0.0,1026.9
2025-05-16 09:00:00+00:00,14.4,48,3.5,0,0,0,0,602.0,511.0,835.0,91.0,13.0,33.1,0.0,1026.8
2025-05-16 10:00:00+00:00,16.1,40,2.7,0,0,0,0,730.0,633.0,875.9,97.0,12.1,33.1,0.0,1026.6
2025-05-16 11:00:00+00:00,17.8,34,1.8,0,0,0,0,823.0,720.0,898.3,103.0,11.4,32.0,0.0,1026.2
2025-05-16 12:00:00+00:00,18.8,33,2.2,0,0,0,0,875.0,771.0,914.4,104.0,11.2,31.7,0.0,1025.9
2025-05-16 13:00:00+00:00,19.5,33,3.0,0,0,0,0,875.0,771.0,912.7,104.0,11.3,32.0,0.0,1025.5
2025-05-16 14:00:00+00:00,20.0,34,3.5,0,0,0,0,828.0,725.0,899.3,103.0,12.8,33.8,0.0,1024.9
2025-05-16 15:00:00+00:00,20.3,34,3.8,0,0,0,0,736.0,637.0,872.5,99.0,13.7,34.9,0.0,1024.4
2025-05-16 16:00:00+00:00,20.4,35,4.3,0,0,0,0,607.0,515.0,828.3,92.0,14.7,35.6,0.0,1023.9
2025-05-16 17:00:00+00:00,20.0,38,5.3,0,0,0,0,451.0,368.0,753.4,83.0,15.7,36.7,0.0,1023.5
2025-05-16 18:00:00+00:00,19.1,43,6.2,0,0,0,0,285.0,215.0,633.5,70.0,15.7,36.4,0.0,1023.5
2025-05-16 19:00:00+00:00,17.5,49,6.8,4,4,0,0,129.0,81.0,438.7,48.0,12.8,36.0,0.0,1023.5
2025-05-16 20:00:00+00:00,16.2,56,7.3,0,0,0,0,19.0,8.0,117.7,11.0,7.6,25.9,0.0,1023.4
2025-05-16 21:00:00+00:00,15.1,62,7.9,4,4,0,0,0.0,0.0,0.0,0.0,9.8,17.6,0.0,1023.6
2025-05-16 22:00:00+00:00,14.0,66,7.8,0,0,0,0,0.0,0.0,0.0,0.0,13.3,25.2,0.0,1023.9
2025-05-16 23:00:00+00:00,12.5,71,7.3,0,0,0,0,0.0,0.0,0.0,0.0,13.9,28.1,0.0,1024.4
2025-05-17 00:00:00+00:00,10.9,75,6.7,3,3,0,0,0.0,0.0,0.0,0.0,12.6,27.7,0.0,1024.6
2025-05-17 01:00:00+00:00,9.8,77,6.0,39,39,0,0,0.0,0.0,0.0,0.0,11.1,27.4,0.0,1024.6
2025-05-17 02:00:00+00:00,9.3,79,5.9,100,100,0,0,0.0,0.0,0.0,0.0,8.5,21.6,0.0,1024.3
2025-05-17 03:00:00+00:00,10.2,75,5.9,92,92,0,0,0.0,0.0,0.0,0.0,7.7,21.2,0.0,1023.8
2025-05-17 04:00:00+00:00,10.1,76,6.1,100,100,0,0,0.0,0.0,0.0,0.0,8.4,17.6,0.0,1023.7
2025-05-17 05:00:00+00:00,10.1,76,6.1,26,26,0,0,11.0,1.0,15.9,10.0,10.6,25.2,0.0,1023.7
2025-05-17 06:00:00+00:00,10.0,77,6.2,13,13,0,0,111.0,53.0,303.4,58.0,11.5,25.9,0.0,1023.9
2025-05-17 07:00:00+00:00,10.9,72,6.0,69,69,0,0,261.0,181.0,549.2,80.0,14.2,33.5,0.0,1023.8
2025-05-17 08:00:00+00:00,11.8,66,5.7,73,73,0,0,328.0,160.0,333.7,168.0,12.6,33.5,0.0,1023.9
2025-05-17 09:00:00+00:00,13.4,58,5.3,96,96,0,0,499.0,290.0,472.0,209.0,11.0,31.0,0.0,1023.7
2025-05-17 10:00:00+00:00,14.9,53,5.4,42,42,0,0,656.0,441.0,608.4,215.0,9.9,29.5,0.0,1023.6
2025-05-17 11:00:00+00:00,16.2,50,5.8,8,8,0,0,778.0,593.0,737.9,185.0,8.9,28.4,0.0,1023.3
2025-05-17 12:00:00+00:00,17.4,47,5.9,25,25,0,0,845.0,700.0,828.2,145.0,9.0,28.4,0.0,1023.0
2025-05-17 13:00:00+00:00,18.7,40,4.9,52,52,0,0,748.0,477.0,563.3,271.0,11.8,31.0,0.0,1022.6
2025-05-17 14:00:00+00:00,19.8,38,4.9,52,52,6,0,743.0,543.0,671.8,200.0,12.3,33.8,0.0,1022.1
2025-05-17 15:00:00+00:00,20.0,36,4.6,32,32,0,0,638.0,422.0,576.2,216.0,8.2,32.4,0.0,1021.6
2025-05-17 16:00:00+00:00,19.5,38,4.7,19,19,0,0,557.0,403.0,645.6,154.0,3.0,25.2,0.0,1021.4
2025-05-17 17:00:00+00:00,19.0,39,4.8,16,16,0,0,431.0,323.0,657.7,108.0,1.7,15.8,0.0,1021.2
2025-05-17 18:00:00+00:00,18.0,42,5.1,21,21,0,0,272.0,191.0,558.1,81.0,1.3,12.2,0.0,1021.0
2025-05-17 19:00:00+00:00,16.7,48,5.5,5,5,0,0,124.0,70.0,372.9,54.0,2.2,9.4,0.0,1021.2
2025-05-17 20:00:00+00:00,14.8,63,7.8,0,0,0,0,21.0,9.0,129.6,12.0,2.0,7.2,0.0,1021.5
2025-05-17 21:00:00+00:00,13.8,62,6.5,0,0,0,0,0.0,0.0,0.0,0.0,4.9,7.6,0.0,1021.9
2025-05-17 22:00:00+00:00,13.1,66,6.8,0,0,0,0,0.0,0.0,0.0,0.0,8.5,15.1,0.0,1021.9
2025-05-17 23:00:00+00:00,12.6,69,7.0,0,0,0,0,0.0,0.0,0.0,0.0,8.9,16.2,0.0,1021.9
2025-05-18 00:00:00+00:00,11.8,73,7.1,0,0,0,0,0.0,0.0,0.0,0.0,8.1,16.2,0.0,1021.8
2025-05-18 01:00:00+00:00,10.0,79,6.5,0,0,0,0,0.0,0.0,0.0,0.0,7.8,14.0,0.0,1021.6
2025-05-18 02:00:00+00:00,9.1,83,6.4,0,0,0,0,0.0,0.0,0.0,0.0,8.6,15.5,0.0,1021.2
2025-05-18 03:00:00+00:00,8.6,86,6.4,0,0,0,0,0.0,0.0,0.0,0.0,8.5,15.8,0.0,1021.0
2025-05-18 04:00:00+00:00,8.4,87,6.3,0,0,0,0,0.0,0.0,0.0,0.0,8.9,15.8,0.0,1020.8
2025-05-18 05:00:00+00:00,8.6,85,6.2,0,0,0,0,17.0,7.0,108.6,10.0,9.5,17.3,0.0,1020.9
2025-05-18 06:00:00+00:00,9.9,79,6.5,0,0,0,0,122.0,76.0,428.0,46.0,7.8,18.0,0.0,1021.1
2025-05-18 07:00:00+00:00,11.5,76,7.5,8,8,0,0,277.0,206.0,620.1,71.0,7.5,20.5,0.0,1021.1
2025-05-18 08:00:00+00:00,13.4,72,8.6,39,39,0,0,428.0,324.0,672.3,104.0,9.3,24.8,0.0,1021.0
2025-05-18 09:00:00+00:00,14.7,67,8.7,38,38,0,0,544.0,391.0,634.1,153.0,9.6,26.6,0.0,1020.9
2025-05-18 10:00:00+00:00,15.8,61,8.2,30,30,0,0,673.0,489.0,672.6,184.0,7.9,27.4,0.0,1020.6
2025-05-18 11:00:00+00:00,17.1,52,7.3,12,12,0,0,791.0,639.0,793.1,152.0,6.5,25.2,0.0,1020.1
2025-05-18 12:00:00+00:00,18.5,46,6.8,0,0,0,0,863.0,741.0,874.6,122.0,7.6,24.8,0.0,1019.8
2025-05-18 13:00:00+00:00,18.6,45,6.4,2,2,0,0,869.0,755.0,889.4,114.0,10.5,29.9,0.0,1019.4
2025-05-18 14:00:00+00:00,19.4,43,6.5,6,6,0,0,813.0,698.0,861.3,115.0,12.5,32.8,0.0,1019.0
2025-05-18 15:00:00+00:00,19.8,41,6.3,17,15,1,2,703.0,574.0,781.4,129.0,15.4,37.4,0.0,1018.6
2025-05-18 16:00:00+00:00,19.9,39,5.7,35,33,8,2,578.0,456.0,727.7,122.0,13.5,37.8,0.0,1018.4
2025-05-18 17:00:00+00:00,19.1,40,5.2,25,18,18,0,414.0,296.0,599.5,118.0,7.4,33.5,0.0,1018.1
2025-05-18 18:00:00+00:00,17.6,44,5.2,32,29,4,4,263.0,178.0,515.9,85.0,4.6,22.0,0.0,1018.4
2025-05-18 19:00:00+00:00,15.0,64,8.1,24,24,0,0,120.0,62.0,325.0,58.0,11.1,25.9,0.0,1018.9
2025-05-18 20:00:00+00:00,13.0,71,7.9,0,0,0,0,21.0,7.0,98.7,14.0,7.9,26.3,0.0,1019.5
2025-05-18 21:00:00+00:00,12.2,75,8.0,0,0,0,0,0.0,0.0,0.0,0.0,5.0,16.9,0.0,1019.7
2025-05-18 22:00:00+00:00,11.7,80,8.4,0,0,0,0,0.0,0.0,0.0,0.0,5.0,10.4,0.0,1019.7
2025-05-18 23:00:00+00:00,10.9,88,9.1,2,2,0,0,0.0,0.0,0.0,0.0,0.5,9.7,0.0,1019.8
2025-05-19 00:00:00+00:00,10.6,89,8.8,12,12,0,0,0.0,0.0,0.0,0.0,6.1,10.8,0.0,1020.2
2025-05-19 01:00:00+00:00,8.9,98,8.6,0,0,0,0,0.0,0.0,0.0,0.0,1.5,3.2,0.0,1019.9
2025-05-19 02:00:00+00:00,8.4,100,8.4,94,94,0,0,0.0,0.0,0.0,0.0,5.6,9.7,0.0,1019.8
2025-05-19 03:00:00+00:00,8.1,100,8.1,63,63,0,0,0.0,0.0,0.0,0.0,8.0,14.4,0.0,1019.8
2025-05-19 04:00:00+00:00,8.1,98,7.9,100,100,0,0,0.0,0.0,0.0,0.0,8.9,16.2,0.0,1020.1
2025-05-19 05:00:00+00:00,9.1,90,7.7,57,57,0,0,10.0,1.0,15.2,9.0,9.7,20.2,0.0,1020.4
2025-05-19 06:00:00+00:00,10.4,83,7.6,22,22,0,0,81.0,28.0,155.3,53.0,8.6,24.1,0.0,1020.7
2025-05-19 07:00:00+00:00,11.9,74,7.4,54,54,0,0,261.0,164.0,489.9,97.0,14.8,33.8,0.0,1020.8
2025-05-19 08:00:00+00:00,12.8,67,6.8,62,62,0,0,303.0,136.0,280.8,167.0,13.8,33.8,0.1,1020.8
2025-05-19 09:00:00+00:00,14.4,56,5.7,100,100,0,0,449.0,245.0,395.9,204.0,13.1,32.8,0.0,1020.5
2025-05-19 10:00:00+00:00,14.8,55,5.8,100,100,0,0,323.0,62.0,85.0,261.0,12.8,32.4,0.0,1020.4
2025-05-19 11:00:00+00:00,15.9,52,6.2,100,100,0,0,451.0,77.0,95.3,374.0,13.2,32.4,0.1,1020.2
2025-05-19 12:00:00+00:00,16.8,49,6.1,100,100,0,0,510.0,121.0,142.5,389.0,14.1,34.6,0.0,1019.8
2025-05-19 13:00:00+00:00,17.2,47,5.8,100,100,18,0,432.0,81.0,95.2,351.0,13.6,33.5,0.0,1019.9
2025-05-19 14:00:00+00:00,18.0,45,5.8,91,90,58,0,409.0,90.0,110.8,319.0,11.3,33.5,0.0,1019.6
2025-05-19 15:00:00+00:00,18.9,43,5.8,100,100,100,0,523.0,235.0,318.9,288.0,12.0,30.2,0.0,1019.2
2025-05-19 16:00:00+00:00,18.9,43,5.9,97,20,97,0,358.0,100.0,159.0,258.0,11.5,30.6,0.0,1019.0
2025-05-19 17:00:00+00:00,19.0,42,5.7,48,28,31,0,317.0,163.0,328.5,154.0,10.9,28.4,0.0,1018.9
2025-05-19 18:00:00+00:00,18.5,44,5.9,70,59,27,0,222.0,116.0,333.5,106.0,10.7,26.6,0.0,1018.9
2025-05-19 19:00:00+00:00,17.5,53,7.8,21,7,15,0,96.0,41.0,211.7,55.0,10.4,24.8,0.0,1019.3
2025-05-19 20:00:00+00:00,15.9,62,8.6,7,0,7,0,22.0,8.0,110.5,14.0,9.2,21.2,0.0,1019.6
2025-05-19 21:00:00+00:00,14.6,65,8.2,1,0,1,0,0.0,0.0,0.0,0.0,9.9,18.0,0.0,1020.2
2025-05-19 22:00:00+00:00,13.4,66,7.2,5,4,5,0,0.0,0.0,0.0,0.0,9.0,18.4,0.0,1020.5
2025-05-19 23:00:00+00:00,12.4,66,6.2,3,0,3,0,0.0,0.0,0.0,0.0,8.7,16.6,0.0,1020.8
2025-05-20 00:00:00+00:00,11.4,67,5.4,7,0,7,0,0.0,0.0,0.0,0.0,9.0,16.2,0.0,1020.7
2025-05-20 01:00:00+00:00,10.1,70,4.8,11,3,10,0,0.0,0.0,0.0,0.0,7.8,16.2,0.0,1020.9
2025-05-20 02:00:00+00:00,9.3,73,4.7,16,1,16,0,0.0,0.0,0.0,0.0,9.2,16.6,0.0,1020.8
2025-05-20 03:00:00+00:00,8.8,76,4.8,0,0,0,0,0.0,0.0,0.0,0.0,9.9,18.0,0.0,1020.7
2025-05-20 04:00:00+00:00,8.4,79,5.0,0,0,0,0,0.0,0.0,0.0,0.0,10.5,19.4,0.0,1020.7
2025-05-20 05:00:00+00:00,8.6,79,5.1,0,0,0,0,19.0,8.0,119.2,11.0,10.7,19.8,0.0,1020.9
2025-05-20 06:00:00+00:00,10.0,73,5.3,1,0,0,1,128.0,81.0,442.6,47.0,9.7,20.9,0.0,1021.5
2025-05-20 07:00:00+00:00,11.9,64,5.3,94,0,0,94,284.0,215.0,637.6,69.0,10.2,24.8,0.0,1021.7
2025-05-20 08:00:00+00:00,13.9,59,5.9,91,0,0,91,416.0,274.0,563.1,142.0,9.8,25.6,0.0,1021.7
2025-05-20 09:00:00+00:00,16.1,52,6.3,90,0,0,90,584.0,452.0,728.0,132.0,9.7,27.0,0.0,1021.5
2025-05-20 10:00:00+00:00,18.0,45,5.9,81,0,0,81,710.0,559.0,764.6,151.0,9.3,27.4,0.0,1021.5
2025-05-20 11:00:00+00:00,19.2,39,4.8,96,0,0,96,797.0,628.0,775.7,169.0,8.0,27.0,0.0,1021.2
2025-05-20 12:00:00+00:00,20.1,35,4.1,75,0,0,75,820.0,601.0,706.2,219.0,7.0,25.6,0.0,1020.9
2025-05-20 13:00:00+00:00,21.0,31,3.1,99,0,1,99,819.0,584.0,684.9,235.0,6.4,24.5,0.0,1020.7
2025-05-20 14:00:00+00:00,21.5,29,2.8,91,0,0,91,802.0,636.0,780.9,166.0,7.6,24.8,0.0,1020.4
2025-05-20 15:00:00+00:00,21.4,29,2.5,99,2,3,99,685.0,491.0,664.5,194.0,9.4,27.0,0.0,1020.1
2025-05-20 16:00:00+00:00,21.4,28,2.2,100,1,4,100,569.0,410.0,649.5,159.0,11.2,28.8,0.0,1019.7
2025-05-20 17:00:00+00:00,21.0,28,1.9,99,0,1,99,404.0,236.0,473.2,168.0,9.1,28.8,0.0,1019.3
2025-05-20 18:00:00+00:00,20.5,29,1.8,99,0,27,99,268.0,159.0,453.6,109.0,6.6,23.8,0.0,1019.2
2025-05-20 19:00:00+00:00,19.4,33,2.8,100,0,87,100,119.0,46.0,234.0,73.0,5.7,17.6,0.0,1019.2
2025-05-20 20:00:00+00:00,18.0,40,4.1,100,0,100,100,19.0,2.0,27.1,17.0,5.0,10.8,0.0,1019.1
2025-05-20 21:00:00+00:00,17.0,44,4.6,100,0,100,100,0.0,0.0,0.0,0.0,8.2,15.5,0.0,1019.2
2025-05-20 22:00:00+00:00,16.4,46,4.7,100,0,100,100,0.0,0.0,0.0,0.0,5.8,15.5,0.0,1018.8
2025-05-20 23:00:00+00:00,15.7,52,5.9,100,0,99,100,0.0,0.0,0.0,0.0,9.7,17.3,0.0,1018.6
2025-05-21 00:00:00+00:00,14.9,58,6.7,100,0,100,100,0.0,0.0,0.0,0.0,12.2,23.8,0.0,1018.4
2025-05-21 01:00:00+00:00,14.5,58,6.3,100,0,100,100,0.0,0.0,0.0,0.0,9.3,17.6,0.0,1018.3
2025-05-21 02:00:00+00:00,13.4,65,7.1,100,0,100,100,0.0,0.0,0.0,0.0,10.0,20.2,0.2,1018.2
2025-05-21 03:00:00+00:00,12.3,79,8.8,100,5,100,100,0.0,0.0,0.0,0.0,8.6,19.1,0.4,1018.1
2025-05-21 04:00:00+00:00,11.7,91,10.2,100,7,100,100,0.0,0.0,0.0,0.0,10.2,17.6,1.4,1017.9
2025-05-21 05:00:00+00:00,11.4,96,10.8,100,4,100,100,5.0,0.0,0.0,5.0,8.5,20.9,0.9,1017.7
2025-05-21 06:00:00+00:00,11.6,96,11.1,100,1,100,100,30.0,0.0,0.0,30.0,10.6,19.4,0.2,1017.3
2025-05-21 07:00:00+00:00,12.1,90,10.6,100,1,100,100,111.0,2.0,5.9,109.0,10.1,21.6,0.1,1017.1
2025-05-21 08:00:00+00:00,12.3,89,10.6,100,0,100,100,125.0,0.0,0.0,125.0,8.9,21.2,0.1,1017.2
2025-05-21 09:00:00+00:00,13.2,85,10.7,100,5,100,100,237.0,13.0,20.9,224.0,8.4,20.9,0.3,1017.1
2025-05-21 10:00:00+00:00,13.9,80,10.4,100,2,100,100,308.0,37.0,50.5,271.0,4.8,21.2,0.3,1017.2
2025-05-21 11:00:00+00:00,14.5,76,10.2,100,25,99,100,355.0,47.0,57.9,308.0,4.3,18.4,0.3,1017.2
2025-05-21 12:00:00+00:00,15.1,71,9.9,100,90,99,100,387.0,46.0,53.9,341.0,4.4,21.2,0.3,1017.1
2025-05-21 13:00:00+00:00,16.4,58,8.1,100,100,98,100,340.0,17.0,19.9,323.0,3.7,19.4,0.0,1017.0
2025-05-21 14:00:00+00:00,16.0,58,7.8,100,70,100,100,250.0,22.0,26.9,228.0,4.1,17.3,0.0,1016.8
2025-05-21 15:00:00+00:00,15.6,65,8.9,45,27,27,0,394.0,85.0,114.7,309.0,8.1,26.3,0.7,1017.2
2025-05-21 16:00:00+00:00,16.2,62,9.0,79,5,16,75,528.0,373.0,588.8,155.0,0.9,27.0,0.1,1016.8
2025-05-21 17:00:00+00:00,16.7,58,8.4,73,37,66,8,400.0,279.0,556.7,121.0,9.2,24.1,0.0,1016.9
2025-05-21 18:00:00+00:00,15.0,66,8.8,32,15,21,0,159.0,74.0,209.6,85.0,8.1,26.6,0.3,1017.0
2025-05-21 19:00:00+00:00,14.6,73,9.8,23,5,22,0,116.0,66.0,330.9,50.0,7.6,19.1,0.0,1017.2
2025-05-21 20:00:00+00:00,13.5,82,10.4,1,1,1,0,23.0,9.0,119.8,14.0,9.0,16.9,0.0,1017.5
2025-05-21 21:00:00+00:00,12.6,87,10.6,1,1,0,0,0.0,0.0,0.0,0.0,8.7,16.9,0.0,1018.1
2025-05-21 22:00:00+00:00,11.9,92,10.6,3,3,0,0,0.0,0.0,0.0,0.0,7.9,15.8,0.0,1018.2
2025-05-21 23:00:00+00:00,11.2,95,10.4,0,0,0,0,0.0,0.0,0.0,0.0,7.0,14.4,0.0,1018.3
2025-05-22 00:00:00+00:00,10.4,96,9.8,1,0,1,0,0.0,0.0,0.0,0.0,5.2,12.6,0.0,1018.4
2025-05-22 01:00:00+00:00,9.6,98,9.3,0,0,0,0,0.0,0.0,0.0,0.0,5.0,8.6,0.0,1018.4
2025-05-22 02:00:00+00:00,8.9,93,7.9,0,0,0,0,0.0,0.0,0.0,0.0,6.0,10.8,0.0,1018.2
2025-05-22 03:00:00+00:00,8.2,92,7.1,0,0,0,0,0.0,0.0,0.0,0.0,3.9,10.4,0.0,1018.1
2025-05-22 04:00:00+00:00,7.3,97,6.9,1,1,0,0,0.0,0.0,0.0,0.0,0.7,6.8,0.0,1018.4
2025-05-22 05:00:00+00:00,6.5,100,6.5,98,98,0,0,20.0,6.0,86.2,14.0,1.8,7.6,0.0,1018.8
2025-05-22 06:00:00+00:00,8.2,99,8.1,99,99,0,0,103.0,32.0,170.2,71.0,3.4,10.1,0.0,1018.9
2025-05-22 07:00:00+00:00,10.9,81,7.7,9,2,8,0,260.0,155.0,453.4,105.0,3.1,12.2,0.0,1018.7
2025-05-22 08:00:00+00:00,13.2,73,8.4,25,24,10,0,424.0,326.0,664.2,98.0,3.2,13.3,0.0,1018.5
2025-05-22 09:00:00+00:00,15.1,69,9.4,14,14,0,0,568.0,433.0,693.0,135.0,3.6,15.1,0.0,1018.3
2025-05-22 10:00:00+00:00,16.6,65,10.0,10,9,1,0,710.0,579.0,788.0,131.0,2.7,15.8,0.0,1018.1
2025-05-22 11:00:00+00:00,17.8,57,9.2,44,18,29,5,779.0,643.0,790.8,136.0,2.7,15.1,0.1,1018.0
2025-05-22 12:00:00+00:00,18.0,55,8.6,43,32,20,2,691.0,494.0,578.0,197.0,1.8,14.8,0.2,1018.0
2025-05-22 13:00:00+00:00,17.5,57,8.9,41,20,29,0,677.0,495.0,578.0,182.0,2.6,15.8,0.2,1018.4
2025-05-22 14:00:00+00:00,17.4,58,8.9,39,16,32,0,647.0,464.0,567.0,183.0,4.1,17.3,0.3,1018.4
2025-05-22 15:00:00+00:00,17.2,60,9.2,29,16,25,0,554.0,388.0,522.2,166.0,6.0,19.1,0.2,1018.6
2025-05-22 16:00:00+00:00,16.5,64,9.7,49,38,34,2,472.0,333.0,523.9,139.0,10.4,25.2,1.1,1018.6
2025-05-22 17:00:00+00:00,15.8,66,9.4,48,37,22,8,288.0,176.0,349.5,112.0,8.9,24.8,0.2,1018.8
2025-05-22 18:00:00+00:00,15.4,69,9.8,39,25,24,12,244.0,151.0,424.5,93.0,7.6,22.0,0.1,1018.9
2025-05-22 19:00:00+00:00,14.4,76,10.2,96,93,95,1,113.0,56.0,276.9,57.0,6.4,20.5,0.1,1019.4
2025-05-22 20:00:00+00:00,13.6,82,10.6,100,100,100,0,11.0,1.0,13.1,10.0,6.0,14.4,0.1,1019.9
2025-05-22 21:00:00+00:00,12.8,83,10.0,100,100,100,0,0.0,0.0,0.0,0.0,8.7,16.6,0.6,1020.6
2025-05-22 22:00:00+00:00,12.1,87,10.0,100,100,100,0,0.0,0.0,0.0,0.0,8.9,17.6,0.3,1020.9
2025-05-22 23:00:00+00:00,11.7,88,9.9,100,100,100,0,0.0,0.0,0.0,0.0,7.7,16.9,0.3,1021.0
2025-05-23 00:00:00+00:00,11.4,92,10.1,100,100,88,0,0.0,0.0,0.0,0.0,6.0,14.0,0.2,1021.0
2025-05-23 01:00:00+00:00,10.9,91,9.6,23,18,6,0,0.0,0.0,0.0,0.0,5.2,12.2,0.0,1021.1
2025-05-23 02:00:00+00:00,9.0,97,8.6,74,73,54,0,0.0,0.0,0.0,0.0,3.6,9.7,0.0,1020.9
2025-05-23 03:00:00+00:00,9.6,98,9.4,26,26,0,0,0.0,0.0,0.0,0.0,3.4,7.6,0.0,1020.7
2025-05-23 04:00:00+00:00,8.2,100,8.2,19,19,1,0,0.0,0.0,0.0,0.0,1.7,6.8,0.0,1021.0
2025-05-23 05:00:00+00:00,8.6,100,8.6,98,98,0,0,20.0,7.0,99.0,13.0,1.3,4.0,0.0,1021.0
2025-05-23 06:00:00+00:00,10.1,98,9.8,27,27,0,0,123.0,60.0,315.1,63.0,1.3,7.2,0.0,1021.0
2025-05-23 07:00:00+00:00,12.0,82,9.1,21,19,2,0,284.0,203.0,590.1,81.0,5.8,15.8,0.0,1020.9
2025-05-23 08:00:00+00:00,13.4,71,8.4,23,16,9,0,437.0,339.0,687.9,98.0,6.7,19.4,0.0,1020.9
2025-05-23 09:00:00+00:00,14.6,62,7.4,65,32,49,0,555.0,417.0,665.4,138.0,8.5,23.4,0.0,1020.9
2025-05-23 10:00:00+00:00,14.9,61,7.4,72,33,64,0,581.0,397.0,539.0,184.0,11.5,28.8,0.2,1020.8
2025-05-23 11:00:00+00:00,14.9,61,7.4,82,32,47,61,553.0,267.0,327.7,286.0,13.3,33.1,0.1,1020.8
2025-05-23 12:00:00+00:00,15.1,59,7.2,100,53,51,100,540.0,318.0,371.4,222.0,14.3,34.9,0.0,1020.7
2025-05-23 13:00:00+00:00,14.6,58,6.4,100,100,99,100,295.0,50.0,58.3,245.0,15.9,36.4,0.0,1020.6
2025-05-23 14:00:00+00:00,15.1,59,7.1,99,30,50,96,318.0,31.0,37.8,287.0,16.2,36.7,0.0,1020.2
2025-05-23 15:00:00+00:00,15.4,62,8.1,96,66,43,82,432.0,161.0,216.1,271.0,16.7,39.6,0.0,1019.7
2025-05-23 16:00:00+00:00,15.4,62,8.2,77,42,47,30,378.0,136.0,213.2,242.0,16.1,38.2,0.0,1019.4
2025-05-23 17:00:00+00:00,15.0,68,9.1,96,4,30,94,328.0,192.0,379.6,136.0,15.7,38.2,0.0,1019.0
2025-05-23 18:00:00+00:00,14.9,72,10.0,67,1,16,61,239.0,133.0,371.3,106.0,15.0,35.6,0.0,1018.7
2025-05-23 19:00:00+00:00,13.9,81,10.6,100,1,52,100,100.0,38.0,185.5,62.0,12.6,33.5,0.0,1018.6
2025-05-23 20:00:00+00:00,13.3,86,11.0,98,2,86,86,17.0,1.0,12.9,16.0,12.0,26.6,0.0,1018.2
2025-05-23 21:00:00+00:00,13.0,91,11.5,100,0,100,100,0.0,0.0,0.0,0.0,10.2,23.8,0.0,1018.1
2025-05-23 22:00:00+00:00,13.1,92,11.8,100,0,100,100,0.0,0.0,0.0,0.0,8.6,20.2,0.0,1017.8
2025-05-23 23:00:00+00:00,13.3,90,11.8,100,0,100,88,0.0,0.0,0.0,0.0,9.0,16.9,0.0,1017.4
2025-05-24 00:00:00+00:00,13.6,87,11.5,100,6,100,95,0.0,0.0,0.0,0.0,9.1,16.9,0.0,1017.2
2025-05-24 01:00:00+00:00,13.5,81,10.4,100,15,100,100,0.0,0.0,0.0,0.0,10.2,21.6,0.1,1016.9
2025-05-24 02:00:00+00:00,12.9,85,10.4,100,100,100,100,0.0,0.0,0.0,0.0,11.8,23.0,0.1,1016.3
2025-05-24 03:00:00+00:00,13.2,88,11.4,100,98,98,100,0.0,0.0,0.0,0.0,13.7,27.0,0.6,1015.2
2025-05-24 04:00:00+00:00,13.4,95,12.6,100,100,100,100,0.0,0.0,0.0,0.0,14.5,27.4,0.7,1015.0
2025-05-24 05:00:00+00:00,13.9,96,13.2,100,100,100,100,5.0,0.0,0.0,5.0,16.6,32.8,0.1,1014.5
2025-05-24 06:00:00+00:00,14.4,95,13.6,100,90,100,98,34.0,0.0,0.0,34.0,15.7,32.4,0.1,1014.2
2025-05-24 07:00:00+00:00,15.1,93,14.1,100,31,100,100,81.0,0.0,0.0,81.0,16.3,32.4,0.1,1014.0
2025-05-24 08:00:00+00:00,16.0,89,14.1,100,81,100,100,168.0,6.0,12.1,162.0,19.1,37.8,0.1,1013.9
2025-05-24 09:00:00+00:00,15.9,91,14.4,100,71,100,100,113.0,0.0,0.0,113.0,15.6,38.5,0.3,1013.8
2025-05-24 10:00:00+00:00,15.9,91,14.4,100,100,100,98,159.0,2.0,2.7,157.0,17.4,37.4,0.2,1013.7
2025-05-24 11:00:00+00:00,16.2,88,14.2,100,85,100,99,159.0,1.0,1.2,158.0,19.0,40.3,0.0,1013.5
2025-05-24 12:00:00+00:00,17.2,80,13.8,100,98,99,100,175.0,4.0,4.7,171.0,19.7,44.6,0.1,1013.3
2025-05-24 13:00:00+00:00,18.4,73,13.4,100,95,100,79,268.0,7.0,8.1,261.0,20.4,45.0,0.1,1013.4
2025-05-24 14:00:00+00:00,18.4,74,13.7,100,82,100,99,228.0,3.0,3.7,225.0,20.2,44.6,0.1,1013.1
2025-05-24 15:00:00+00:00,18.5,74,13.8,100,70,100,99,278.0,23.0,30.8,255.0,20.1,45.4,0.1,1012.9
2025-05-24 16:00:00+00:00,17.6,79,13.9,100,25,100,100,215.0,17.0,26.6,198.0,17.8,43.9,0.1,1012.8
2025-05-24 17:00:00+00:00,16.5,84,13.9,100,45,100,100,135.0,3.0,5.9,132.0,18.8,40.0,0.0,1012.5
2025-05-24 18:00:00+00:00,16.0,86,13.7,100,100,100,100,98.0,4.0,11.1,94.0,20.3,44.6,0.0,1012.1
2025-05-24 19:00:00+00:00,15.8,85,13.3,100,93,60,100,46.0,0.0,0.0,46.0,19.3,44.3,0.0,1011.8
2025-05-24 20:00:00+00:00,15.0,89,13.1,100,84,96,100,13.0,0.0,0.0,13.0,19.5,42.8,0.0,1011.6
2025-05-24 21:00:00+00:00,14.7,90,13.0,100,100,100,100,0.0,0.0,0.0,0.0,21.1,43.2,0.0,1011.4
2025-05-24 22:00:00+00:00,14.6,90,13.1,100,100,100,100,0.0,0.0,0.0,0.0,21.2,45.0,0.1,1010.6
2025-05-24 23:00:00+00:00,14.4,92,13.1,100,100,100,100,0.0,0.0,0.0,0.0,21.0,45.4,0.7,1010.4
2025-05-25 00:00:00+00:00,14.1,96,13.4,100,100,49,100,0.0,0.0,0.0,0.0,23.2,45.0,0.6,1009.5
2025-05-25 01:00:00+00:00,14.2,94,13.3,100,100,85,20,0.0,0.0,0.0,0.0,23.4,48.6,0.1,1009.1
2025-05-25 02:00:00+00:00,14.1,96,13.4,100,100,1,0,0.0,0.0,0.0,0.0,22.5,47.9,0.4,1008.4
2025-05-25 03:00:00+00:00,13.9,96,13.2,21,21,0,0,0.0,0.0,0.0,0.0,18.5,44.6,0.0,1008.0
2025-05-25 04:00:00+00:00,13.2,96,12.5,19,18,2,0,0.0,0.0,0.0,0.0,17.2,37.1,0.0,1008.0
2025-05-25 05:00:00+00:00,13.1,94,12.1,25,22,9,0,22.0,7.0,96.1,15.0,17.5,34.2,0.0,1008.3
2025-05-25 06:00:00+00:00,14.0,89,12.2,44,43,1,0,126.0,66.0,338.8,60.0,20.4,41.8,0.0,1008.4
2025-05-25 07:00:00+00:00,15.1,82,12.1,45,40,13,0,234.0,126.0,362.0,108.0,22.3,46.8,0.1,1008.6
2025-05-25 08:00:00+00:00,15.6,77,11.6,26,12,17,0,327.0,202.0,406.9,125.0,23.0,48.6,0.1,1009.4
2025-05-25 09:00:00+00:00,16.2,66,9.9,36,4,4,32,516.0,374.0,593.6,142.0,22.0,51.8,0.0,1010.0
2025-05-25 10:00:00+00:00,17.0,55,7.9,48,3,2,46,703.0,568.0,767.9,135.0,24.0,54.0,0.0,1010.7
2025-05-25 11:00:00+00:00,17.9,50,7.2,23,20,14,2,813.0,676.0,826.5,137.0,26.2,58.0,0.0,1011.3
2025-05-25 12:00:00+00:00,18.1,48,6.9,27,3,9,17,807.0,655.0,762.2,152.0,25.1,58.3,0.0,1011.7
2025-05-25 13:00:00+00:00,18.0,45,5.9,47,34,42,5,798.0,597.0,693.1,201.0,25.6,57.2,0.0,1012.2
2025-05-25 14:00:00+00:00,18.0,44,5.7,91,7,4,90,616.0,404.0,490.6,212.0,25.3,58.0,0.0,1012.4
2025-05-25 15:00:00+00:00,18.4,42,5.3,58,18,39,30,630.0,414.0,553.0,216.0,23.9,55.8,0.0,1012.6
2025-05-25 16:00:00+00:00,18.0,42,5.0,79,12,71,24,510.0,344.0,536.0,166.0,24.8,54.0,0.0,1012.8
2025-05-25 17:00:00+00:00,17.1,43,4.3,75,31,41,39,294.0,124.0,243.0,170.0,25.9,61.2,0.0,1013.1
2025-05-25 18:00:00+00:00,16.5,47,5.0,81,6,35,70,252.0,137.0,377.4,115.0,24.0,61.2,0.0,1013.5
2025-05-25 19:00:00+00:00,15.4,54,6.1,94,2,10,93,117.0,48.0,228.5,69.0,20.2,51.5,0.0,1013.9
2025-05-25 20:00:00+00:00,14.1,59,6.3,8,7,5,0,29.0,9.0,112.1,20.0,19.4,42.5,0.0,1014.4
2025-05-25 21:00:00+00:00,13.1,66,6.8,9,8,1,0,0.0,0.0,0.0,0.0,17.1,40.0,0.0,1015.2
2025-05-25 22:00:00+00:00,12.4,71,7.3,12,11,7,0,0.0,0.0,0.0,0.0,16.4,35.3,0.0,1015.4
2025-05-25 23:00:00+00:00,11.8,75,7.5,5,4,3,0,0.0,0.0,0.0,0.0,15.3,33.8,0.0,1015.8
2025-05-26 00:00:00+00:00,11.2,77,7.3,3,3,1,0,0.0,0.0,0.0,0.0,15.0,31.3,0.0,1015.9
2025-05-26 01:00:00+00:00,11.3,79,7.8,10,8,9,0,0.0,0.0,0.0,0.0,14.8,30.6,0.0,1016.1
2025-05-26 02:00:00+00:00,10.9,81,7.7,30,2,16,16,0.0,0.0,0.0,0.0,14.9,30.2,0.0,1016.3
2025-05-26 03:00:00+00:00,10.6,82,7.7,25,2,2,22,0.0,0.0,0.0,0.0,13.9,30.2,0.0,1016.4
2025-05-26 04:00:00+00:00,10.3,84,7.8,91,3,1,91,0.0,0.0,0.0,0.0,13.1,27.7,0.0,1016.5
2025-05-26 05:00:00+00:00,10.6,83,7.9,98,0,0,98,25.0,8.0,108.3,17.0,13.3,26.3,0.0,1016.7
2025-05-26 06:00:00+00:00,12.1,77,8.2,100,3,4,100,125.0,58.0,294.7,67.0,11.9,29.2,0.0,1017.0
2025-05-26 07:00:00+00:00,13.4,70,8.1,99,3,3,99,248.0,116.0,331.5,132.0,14.6,32.0,0.0,1017.3
2025-05-26 08:00:00+00:00,14.8,62,7.7,59,39,32,23,436.0,324.0,650.4,112.0,18.4,42.1,0.1,1017.2
2025-05-26 09:00:00+00:00,15.6,59,7.6,81,18,64,40,482.0,339.0,536.7,143.0,20.1,44.6,0.1,1017.3
2025-05-26 10:00:00+00:00,15.7,57,7.3,97,35,71,88,430.0,240.0,323.8,190.0,20.5,45.4,0.1,1017.3
2025-05-26 11:00:00+00:00,15.7,59,7.8,100,40,84,100,415.0,131.0,159.9,284.0,20.5,45.7,0.1,1017.3
2025-05-26 12:00:00+00:00,16.4,61,8.8,99,26,84,95,538.0,253.0,293.9,285.0,21.3,49.0,0.0,1017.0
2025-05-26 13:00:00+00:00,16.9,56,8.1,100,26,100,81,557.0,291.0,337.3,266.0,25.4,55.8,0.0,1016.8
2025-05-26 14:00:00+00:00,16.6,58,8.2,69,18,62,12,393.0,86.0,104.2,307.0,27.3,58.7,0.0,1016.7
2025-05-26 15:00:00+00:00,17.1,56,8.3,98,27,97,12,603.0,372.0,495.7,231.0,29.7,65.5,0.0,1016.4
2025-05-26 16:00:00+00:00,15.9,62,8.7,100,27,100,49,340.0,101.0,156.9,239.0,28.3,65.9,0.0,1016.3
2025-05-26 17:00:00+00:00,15.3,68,9.4,100,18,60,100,210.0,32.0,62.5,178.0,27.5,60.8,0.2,1015.8
2025-05-26 18:00:00+00:00,15.0,71,9.8,100,22,100,100,239.0,117.0,320.3,122.0,26.6,58.0,0.0,1015.3
2025-05-26 19:00:00+00:00,14.1,78,10.4,100,69,100,100,44.0,0.0,0.0,44.0,21.9,56.9,0.0,1015.2
2025-05-26 20:00:00+00:00,13.8,80,10.4,93,13,75,84,10.0,0.0,0.0,10.0,23.9,50.0,0.0,1015.0
2025-05-26 21:00:00+00:00,13.2,86,10.9,97,74,65,72,0.0,0.0,0.0,0.0,24.1,52.2,0.5,1014.8
2025-05-26 22:00:00+00:00,13.4,87,11.2,98,64,94,0,0.0,0.0,0.0,0.0,25.9,53.3,0.0,1014.0
2025-05-26 23:00:00+00:00,13.5,87,11.3,100,99,100,62,0.0,0.0,0.0,0.0,27.9,57.2,0.1,1013.4
2025-05-27 00:00:00+00:00,13.7,88,11.8,100,100,100,100,0.0,0.0,0.0,0.0,28.7,58.7,0.3,1012.7
2025-05-27 01:00:00+00:00,13.6,89,11.9,100,100,76,100,0.0,0.0,0.0,0.0,26.6,54.7,1.3,1012.5
2025-05-27 02:00:00+00:00,13.6,92,12.2,100,61,0,100,0.0,0.0,0.0,0.0,21.5,52.9,0.0,1012.3
2025-05-27 03:00:00+00:00,13.8,92,12.4,85,16,6,82,0.0,0.0,0.0,0.0,18.7,42.8,0.0,1012.2
2025-05-27 04:00:00+00:00,13.2,92,11.9,100,10,48,100,0.0,0.0,0.0,0.0,17.2,37.8,0.0,1012.8
2025-05-27 05:00:00+00:00,13.2,89,11.4,67,9,33,46,22.0,2.0,26.7,20.0,15.4,34.2,0.0,1013.0
2025-05-27 06:00:00+00:00,14.1,84,11.3,98,8,91,77,124.0,57.0,286.8,67.0,13.8,32.4,0.0,1013.5
2025-05-27 07:00:00+00:00,14.6,79,11.1,90,8,77,68,134.0,20.0,56.9,114.0,15.3,30.6,0.0,1014.0
2025-05-27 08:00:00+00:00,16.0,69,10.4,100,18,100,100,325.0,132.0,264.1,193.0,21.7,48.6,0.0,1014.1
2025-05-27 09:00:00+00:00,15.3,75,10.8,100,100,100,100,110.0,0.0,0.0,110.0,14.0,46.4,0.1,1014.1
2025-05-27 10:00:00+00:00,14.6,88,12.7,100,100,100,100,68.0,0.0,0.0,68.0,16.3,31.7,0.8,1013.6
2025-05-27 11:00:00+00:00,15.1,94,14.1,100,100,100,100,111.0,0.0,0.0,111.0,27.6,53.6,0.7,1013.1
2025-05-27 12:00:00+00:00,15.2,94,14.2,100,100,100,100,112.0,0.0,0.0,112.0,26.9,55.8,1.1,1012.8
2025-05-27 13:00:00+00:00,14.9,97,14.4,100,100,100,98,168.0,1.0,1.2,167.0,29.8,60.8,1.4,1012.4
2025-05-27 14:00:00+00:00,15.1,93,14.1,100,100,100,100,111.0,0.0,0.0,111.0,30.9,61.2,0.2,1012.5
2025-05-27 15:00:00+00:00,15.6,93,14.4,100,100,55,100,252.0,23.0,30.6,229.0,24.1,62.3,1.1,1012.2
2025-05-27 16:00:00+00:00,15.4,93,14.2,100,100,42,91,144.0,5.0,7.7,139.0,24.8,50.8,0.2,1012.1
2025-05-27 17:00:00+00:00,15.5,88,13.6,100,100,37,78,98.0,0.0,0.0,98.0,26.8,56.5,0.0,1012.2
2025-05-27 18:00:00+00:00,15.4,89,13.6,100,100,96,100,51.0,0.0,0.0,51.0,24.3,55.1,0.0,1012.2
2025-05-27 19:00:00+00:00,15.4,89,13.6,100,100,56,100,38.0,0.0,0.0,38.0,23.7,50.4,0.1,1012.7
2025-05-27 20:00:00+00:00,15.2,90,13.6,100,100,68,100,5.0,0.0,0.0,5.0,20.8,49.0,0.0,1012.8
2025-05-27 21:00:00+00:00,15.0,91,13.6,100,100,22,100,0.0,0.0,0.0,0.0,19.3,43.2,0.3,1013.0
2025-05-27 22:00:00+00:00,15.0,92,13.8,100,100,89,39,0.0,0.0,0.0,0.0,19.7,39.2,0.3,1012.9
2025-05-27 23:00:00+00:00,15.1,92,13.8,100,100,44,3,0.0,0.0,0.0,0.0,18.4,40.7,0.0,1013.1
2025-05-28 00:00:00+00:00,14.6,94,13.6,100,100,37,0,0.0,0.0,0.0,0.0,17.8,41.4,0.4,1013.0
2025-05-28 01:00:00+00:00,14.1,97,13.6,82,77,24,0,0.0,0.0,0.0,0.0,16.5,43.6,2.8,1012.6
2025-05-28 02:00:00+00:00,14.4,93,13.4,16,4,12,0,0.0,0.0,0.0,0.0,19.5,37.1,0.0,1012.6
2025-05-28 03:00:00+00:00,13.2,93,12.2,4,2,1,0,0.0,0.0,0.0,0.0,18.3,37.4,0.0,1012.9
2025-05-28 04:00:00+00:00,12.8,94,11.8,8,8,0,0,0.0,0.0,0.0,0.0,17.1,34.9,0.0,1013.2
2025-05-28 05:00:00+00:00,12.8,92,11.6,30,30,2,0,26.0,10.0,132.2,16.0,17.0,33.1,0.0,1013.6
2025-05-28 06:00:00+00:00,13.6,88,11.6,25,24,1,2,126.0,66.0,329.1,60.0,17.4,35.3,0.0,1014.3
2025-05-28 07:00:00+00:00,14.6,81,11.4,22,21,1,1,271.0,180.0,509.5,91.0,20.0,42.1,0.0,1015.1
2025-05-28 08:00:00+00:00,15.6,72,10.6,40,33,16,0,392.0,276.0,550.6,116.0,21.6,46.4,0.0,1015.7
2025-05-28 09:00:00+00:00,16.4,68,10.4,37,14,31,0,494.0,346.0,545.3,148.0,23.0,50.4,0.2,1016.3
2025-05-28 10:00:00+00:00,17.3,62,10.1,75,21,13,66,573.0,377.0,506.8,196.0,25.1,55.1,0.2,1016.6
2025-05-28 11:00:00+00:00,18.1,56,9.3,87,70,26,40,690.0,515.0,626.5,175.0,27.1,59.0,0.0,1017.1
2025-05-28 12:00:00+00:00,18.1,58,9.7,99,97,27,65,540.0,242.0,280.2,298.0,24.8,59.8,0.0,1017.8
2025-05-28 13:00:00+00:00,19.8,48,8.4,100,100,13,99,765.0,543.0,627.3,222.0,22.7,52.6,0.0,1018.4
2025-05-28 14:00:00+00:00,19.3,50,8.6,56,43,6,18,437.0,121.0,146.1,316.0,20.7,50.8,0.0,1018.9
2025-05-28 15:00:00+00:00,19.6,49,8.7,81,78,4,10,596.0,373.0,494.8,223.0,21.9,48.6,0.0,1019.4
2025-05-28 16:00:00+00:00,19.0,50,8.4,82,1,3,81,455.0,261.0,403.1,194.0,19.0,48.6,0.0,1019.8
2025-05-28 17:00:00+00:00,18.8,49,7.9,78,0,2,78,463.0,360.0,697.1,103.0,19.2,43.6,0.0,1020.2
2025-05-28 18:00:00+00:00,18.0,54,8.5,17,0,0,16,294.0,197.0,532.9,97.0,17.8,42.1,0.0,1020.6
2025-05-28 19:00:00+00:00,17.0,60,9.1,8,0,0,8,155.0,101.0,464.9,54.0,13.6,37.8,0.0,1021.1
2025-05-28 20:00:00+00:00,15.2,69,9.6,16,0,1,15,36.0,17.0,203.0,19.0,9.9,27.7,0.0,1021.7
2025-05-28 21:00:00+00:00,13.9,78,10.1,100,0,100,71,0.0,0.0,0.0,0.0,7.4,19.1,0.0,1022.0
2025-05-28 22:00:00+00:00,13.6,82,10.7,100,0,99,59,0.0,0.0,0.0,0.0,5.4,13.7,0.0,1021.9
2025-05-28 23:00:00+00:00,13.8,83,10.9,100,0,100,60,0.0,0.0,0.0,0.0,7.3,13.3,0.0,1022.0
2025-05-29 00:00:00+00:00,13.7,84,11.1,100,0,100,100,0.0,0.0,0.0,0.0,8.8,17.3,0.0,1021.8
2025-05-29 01:00:00+00:00,13.5,86,11.2,100,0,97,99,0.0,0.0,0.0,0.0,11.9,23.0,0.0,1021.4
2025-05-29 02:00:00+00:00,13.1,91,11.6,100,17,100,97,0.0,0.0,0.0,0.0,13.3,26.6,0.0,1020.8
2025-05-29 03:00:00+00:00,13.6,91,12.2,100,100,100,97,0.0,0.0,0.0,0.0,15.4,31.0,0.0,1020.1
2025-05-29 04:00:00+00:00,14.1,96,13.5,100,100,100,64,0.0,0.0,0.0,0.0,17.9,37.4,0.1,1019.8
2025-05-29 05:00:00+00:00,14.6,96,13.9,100,100,100,94,2.0,0.0,0.0,2.0,18.7,37.8,0.5,1019.4
2025-05-29 06:00:00+00:00,15.0,95,14.1,100,100,68,73,15.0,0.0,0.0,15.0,18.7,38.2,0.2,1019.8
2025-05-29 07:00:00+00:00,15.4,94,14.4,100,100,30,96,36.0,0.0,0.0,36.0,18.6,37.1,0.2,1020.0
2025-05-29 08:00:00+00:00,15.6,94,14.6,100,100,0,100,50.0,0.0,0.0,50.0,18.2,37.4,0.1,1020.0
2025-05-29 09:00:00+00:00,16.2,91,14.6,100,100,0,100,129.0,0.0,0.0,129.0,20.7,45.0,0.0,1020.1
2025-05-29 10:00:00+00:00,17.4,85,14.8,100,93,0,99,277.0,32.0,42.9,245.0,23.1,49.0,0.0,1020.1
2025-05-29 11:00:00+00:00,19.5,72,14.4,100,100,0,100,504.0,134.0,162.8,370.0,24.4,53.3,0.1,1020.1
2025-05-29 12:00:00+00:00,20.0,70,14.3,100,100,0,90,409.0,63.0,72.8,346.0,23.3,52.9,0.0,1020.1
2025-05-29 13:00:00+00:00,21.3,64,14.2,100,55,7,100,514.0,212.0,244.5,302.0,23.1,51.1,0.0,1020.1
2025-05-29 14:00:00+00:00,21.0,69,15.1,100,17,0,100,596.0,256.0,308.6,340.0,21.5,51.8,0.0,1019.9
2025-05-29 15:00:00+00:00,20.8,71,15.3,100,48,1,100,656.0,405.0,536.2,251.0,21.2,48.6,0.0,1019.7
2025-05-29 16:00:00+00:00,20.0,72,14.9,100,55,1,100,521.0,285.0,439.0,236.0,20.2,48.6,0.0,1019.7
2025-05-29 17:00:00+00:00,19.2,74,14.6,94,54,0,86,375.0,203.0,391.6,172.0,19.2,45.7,0.0,1019.4
2025-05-29 18:00:00+00:00,18.7,76,14.4,95,62,0,86,276.0,166.0,446.5,110.0,17.4,42.8,0.0,1019.3
2025-05-29 19:00:00+00:00,17.5,80,14.1,66,23,0,56,130.0,53.0,241.4,77.0,17.1,38.9,0.0,1019.5
2025-05-29 20:00:00+00:00,16.2,86,13.9,24,22,0,3,33.0,11.0,129.7,22.0,15.0,38.9,0.0,1019.8
2025-05-29 21:00:00+00:00,15.3,90,13.6,25,25,0,0,0.0,0.0,0.0,0.0,14.5,31.0,0.0,1020.5
2025-05-29 22:00:00+00:00,14.8,92,13.4,5,5,0,0,0.0,0.0,0.0,0.0,13.9,29.2,0.0,1020.6
2025-05-29 23:00:00+00:00,14.2,95,13.4,2,2,0,0,0.0,0.0,0.0,0.0,13.2,27.7,0.0,1020.7
2025-05-30 00:00:00+00:00,13.8,96,13.1,0,0,0,0,0.0,0.0,0.0,0.0,11.7,25.9,0.0,1020.7
2025-05-30 01:00:00+00:00,14.4,93,13.4,100,100,0,0,0.0,0.0,0.0,0.0,10.6,23.8,0.0,1020.3
2025-05-30 02:00:00+00:00,14.3,93,13.2,100,100,0,0,0.0,0.0,0.0,0.0,10.8,22.0,0.0,1020.1
2025-05-30 03:00:00+00:00,14.1,93,12.9,100,100,0,0,0.0,0.0,0.0,0.0,10.1,22.3,0.0,1020.1
2025-05-30 04:00:00+00:00,14.2,92,12.9,100,100,0,0,0.0,0.0,0.0,0.0,10.8,22.0,0.0,1020.1
2025-05-30 05:00:00+00:00,14.6,91,13.1,100,100,0,0,12.0,0.0,0.0,12.0,15.7,34.2,0.0,1020.1
2025-05-30 06:00:00+00:00,15.1,89,13.2,100,100,0,0,53.0,1.0,4.9,52.0,17.6,37.8,0.1,1020.2
2025-05-30 07:00:00+00:00,15.6,86,13.2,100,100,0,0,109.0,10.0,28.1,99.0,16.1,37.8,0.0,1020.3
2025-05-30 08:00:00+00:00,16.4,82,13.2,100,100,0,0,165.0,8.0,15.9,157.0,15.1,35.3,0.0,1020.4
2025-05-30 09:00:00+00:00,17.4,76,13.1,98,98,0,0,260.0,40.0,62.8,220.0,15.3,34.6,0.1,1020.2
2025-05-30 10:00:00+00:00,18.5,69,12.8,100,100,0,0,379.0,79.0,105.9,300.0,14.8,36.0,0.1,1020.0
2025-05-30 11:00:00+00:00,19.8,63,12.4,48,48,0,0,464.0,106.0,128.6,358.0,14.1,34.6,0.0,1019.8
2025-05-30 12:00:00+00:00,21.2,56,12.1,88,49,0,76,738.0,490.0,565.8,248.0,14.4,36.0,0.0,1019.6
2025-05-30 13:00:00+00:00,20.4,66,13.9,100,19,0,100,585.0,325.0,374.3,260.0,17.5,41.8,0.0,1019.7
2025-05-30 14:00:00+00:00,21.0,63,13.6,100,16,0,100,765.0,552.0,664.2,213.0,17.1,42.5,0.0,1019.5
2025-05-30 15:00:00+00:00,20.5,65,13.6,100,32,0,100,626.0,332.0,438.6,294.0,16.7,41.4,0.0,1019.4
2025-05-30 16:00:00+00:00,20.0,67,13.8,97,5,0,97,525.0,310.0,476.2,215.0,17.1,40.0,0.0,1019.2
2025-05-30 17:00:00+00:00,19.4,70,13.8,92,10,0,91,433.0,306.0,588.1,127.0,16.8,40.0,0.0,1019.2
2025-05-30 18:00:00+00:00,19.0,71,13.7,98,0,0,98,293.0,197.0,526.9,96.0,13.0,38.2,0.0,1019.1
2025-05-30 19:00:00+00:00,18.3,75,13.8,95,0,0,95,141.0,65.0,293.1,76.0,10.1,29.5,0.0,1019.1
2025-05-30 20:00:00+00:00,17.0,81,13.7,100,0,0,100,33.0,6.0,69.8,27.0,8.4,22.0,0.0,1019.3
2025-05-30 21:00:00+00:00,16.1,85,13.6,100,0,0,100,0.0,0.0,0.0,0.0,7.9,16.9,0.0,1019.5
2025-05-30 22:00:00+00:00,15.8,87,13.6,100,1,2,100,0.0,0.0,0.0,0.0,6.6,15.5,0.0,1019.4
2025-05-30 23:00:00+00:00,15.6,89,13.8,100,0,15,100,0.0,0.0,0.0,0.0,5.8,12.2,0.0,1019.3
2025-05-31 00:00:00+00:00,15.4,90,13.9,100,0,6,100,0.0,0.0,0.0,0.0,5.1,10.4,0.0,1019.2
2025-05-31 01:00:00+00:00,14.6,94,13.6,100,0,22,100,0.0,0.0,0.0,0.0,1.8,5.0,0.0,1018.8
2025-05-31 02:00:00+00:00,13.9,97,13.4,100,0,46,100,0.0,0.0,0.0,0.0,1.0,3.2,0.0,1018.5
2025-05-31 03:00:00+00:00,13.1,100,13.0,100,1,61,100,0.0,0.0,0.0,0.0,2.0,4.0,0.0,1018.3
2025-05-31 04:00:00+00:00,12.6,100,12.6,100,98,64,100,0.0,0.0,0.0,0.0,2.1,4.7,0.0,1018.3
2025-05-31 05:00:00+00:00,13.1,100,13.1,100,99,94,100,17.0,0.0,0.0,17.0,2.5,6.1,0.0,1018.3
2025-05-31 06:00:00+00:00,14.2,96,13.6,93,78,49,62,75.0,1.0,4.9,74.0,2.6,8.3,0.0,1018.2
2025-05-31 07:00:00+00:00,16.4,86,14.0,67,3,58,57,217.0,72.0,201.3,145.0,2.3,10.1,0.0,1018.2
2025-05-31 08:00:00+00:00,18.6,76,14.3,6,4,2,0,422.0,293.0,580.0,129.0,4.7,16.2,0.0,1018.1
2025-05-31 09:00:00+00:00,20.7,65,13.9,23,23,0,0,575.0,450.0,705.2,125.0,8.0,22.7,0.0,1017.8
2025-05-31 10:00:00+00:00,21.8,59,13.3,23,23,0,0,676.0,525.0,702.4,151.0,9.1,25.6,0.0,1017.5
2025-05-31 11:00:00+00:00,22.8,53,12.6,26,5,0,22,770.0,613.0,742.6,157.0,11.5,31.0,0.0,1017.1
2025-05-31 12:00:00+00:00,23.5,48,11.9,99,4,0,99,854.0,731.0,843.0,123.0,13.3,34.6,0.0,1016.8
2025-05-31 13:00:00+00:00,23.1,51,12.4,92,9,50,83,776.0,560.0,644.0,216.0,15.7,38.5,0.0,1016.6
2025-05-31 14:00:00+00:00,23.0,49,11.8,100,1,64,100,708.0,455.0,546.6,253.0,15.6,40.0,0.0,1016.2
2025-05-31 15:00:00+00:00,22.8,51,11.9,100,1,29,100,671.0,444.0,585.4,227.0,16.3,39.2,0.0,1015.8
2025-05-31 16:00:00+00:00,21.6,58,13.1,100,0,2,100,536.0,317.0,485.7,219.0,17.5,40.7,0.0,1015.7
2025-05-31 17:00:00+00:00,19.7,69,13.9,100,5,1,100,347.0,126.0,241.3,221.0,18.2,42.1,0.0,1015.5
2025-05-31 18:00:00+00:00,18.5,74,13.9,100,9,0,100,211.0,47.0,125.0,164.0,15.8,41.4,0.0,1015.4
2025-05-31 19:00:00+00:00,17.4,80,13.9,100,14,0,100,126.0,38.0,169.7,88.0,13.6,35.3,0.0,1015.5
2025-05-31 20:00:00+00:00,16.1,85,13.6,69,24,0,59,29.0,0.0,0.0,29.0,12.8,30.2,0.0,1015.7
2025-05-31 21:00:00+00:00,15.2,89,13.4,11,11,0,0,0.0,0.0,0.0,0.0,12.2,27.4,0.0,1015.9
2025-05-31 22:00:00+00:00,14.8,90,13.2,11,11,0,0,0.0,0.0,0.0,0.0,10.7,24.8,0.0,1016.0
2025-05-31 23:00:00+00:00,14.2,93,13.2,1,1,0,0,0.0,0.0,0.0,0.0,8.7,21.2,0.0,1015.8
2025-06-01 00:00:00+00:00,13.9,92,12.6,1,1,0,0,0.0,0.0,0.0,0.0,9.8,18.0,0.0,1015.6
2025-06-01 01:00:00+00:00,13.4,85,10.9,3,3,1,0,0.0,0.0,0.0,0.0,9.3,19.1,0.0,1015.5
2025-06-01 02:00:00+00:00,12.7,88,10.8,99,0,1,99,0.0,0.0,0.0,0.0,9.1,17.6,0.0,1015.1
2025-06-01 03:00:00+00:00,12.2,95,11.5,61,5,0,59,0.0,0.0,0.0,0.0,10.0,19.1,0.0,1015.0
2025-06-01 04:00:00+00:00,12.1,97,11.6,100,2,0,100,0.0,0.0,0.0,0.0,10.2,19.4,0.0,1015.1
2025-06-01 05:00:00+00:00,12.4,94,11.4,100,38,0,100,28.0,6.0,76.3,22.0,10.1,20.2,0.0,1015.4
2025-06-01 06:00:00+00:00,13.6,82,10.5,99,0,0,99,118.0,40.0,193.4,78.0,11.2,25.6,0.0,1015.4
2025-06-01 07:00:00+00:00,14.4,71,9.1,100,1,0,100,233.0,87.0,242.4,146.0,12.4,29.2,0.0,1015.5
2025-06-01 08:00:00+00:00,15.6,55,6.7,95,31,0,93,383.0,188.0,371.3,195.0,17.0,36.4,0.0,1015.4
2025-06-01 09:00:00+00:00,17.1,47,5.8,58,50,0,17,534.0,331.0,517.8,203.0,18.5,43.2,0.0,1015.0
2025-06-01 10:00:00+00:00,18.8,38,4.2,88,83,0,25,621.0,383.0,511.8,238.0,20.4,46.8,0.0,1014.8
2025-06-01 11:00:00+00:00,19.6,37,4.4,100,100,65,14,676.0,353.0,427.1,323.0,19.7,47.5,0.0,1014.5
2025-06-01 12:00:00+00:00,18.5,48,7.4,100,100,41,0,558.0,198.0,228.0,360.0,20.3,47.2,0.0,1014.6
2025-06-01 13:00:00+00:00,18.0,53,8.4,100,56,100,1,506.0,229.0,263.0,277.0,20.7,47.5,0.1,1015.0
2025-06-01 14:00:00+00:00,17.9,55,8.6,67,30,51,5,379.0,80.0,95.9,299.0,21.0,48.6,0.1,1014.7
2025-06-01 15:00:00+00:00,18.9,50,8.2,93,31,50,82,587.0,364.0,479.0,223.0,21.3,49.7,0.0,1014.4
2025-06-01 16:00:00+00:00,18.1,52,8.2,99,73,60,95,405.0,242.0,369.9,163.0,21.3,48.2,0.1,1014.4
2025-06-01 17:00:00+00:00,17.0,59,9.1,100,12,35,100,200.0,61.0,116.4,139.0,20.0,47.9,0.0,1014.3
2025-06-01 18:00:00+00:00,16.6,62,9.4,90,21,54,75,211.0,90.0,238.1,121.0,17.8,43.9,0.0,1014.5
2025-06-01 19:00:00+00:00,16.1,65,9.5,26,11,17,0,115.0,48.0,212.3,67.0,15.6,38.9,0.0,1014.5
2025-06-01 20:00:00+00:00,15.1,71,9.9,23,12,20,0,37.0,14.0,159.1,23.0,12.1,33.8,0.0,1014.8
2025-06-01 21:00:00+00:00,14.3,76,10.1,16,3,15,0,0.0,0.0,0.0,0.0,12.2,24.8,0.0,1015.2
2025-06-01 22:00:00+00:00,13.6,80,10.2,6,1,5,0,0.0,0.0,0.0,0.0,10.2,24.1,0.0,1015.4
2025-06-01 23:00:00+00:00,12.9,82,9.8,1,0,1,0,0.0,0.0,0.0,0.0,10.4,20.2,0.0,1015.8
2025-06-02 00:00:00+00:00,12.2,84,9.6,4,0,4,0,0.0,0.0,0.0,0.0,10.4,20.2,0.0,1016.0
2025-06-02 01:00:00+00:00,11.3,90,9.6,24,1,6,19,0.0,0.0,0.0,0.0,8.7,16.6,0.0,1016.3
2025-06-02 02:00:00+00:00,11.0,92,9.8,25,0,13,14,0.0,0.0,0.0,0.0,9.1,16.9,0.0,1016.5
2025-06-02 03:00:00+00:00,10.9,92,9.6,15,0,15,0,0.0,0.0,0.0,0.0,9.9,18.4,0.0,1016.7
2025-06-02 04:00:00+00:00,10.6,91,9.1,4,2,3,0,0.0,0.0,0.0,0.0,10.6,19.8,0.0,1017.0
2025-06-02 05:00:00+00:00,10.7,87,8.6,0,0,0,0,32.0,14.0,176.5,18.0,10.5,20.5,0.0,1017.7
2025-06-02 06:00:00+00:00,12.0,78,8.3,0,0,0,0,149.0,97.0,466.2,52.0,7.9,19.8,0.0,1018.2
2025-06-02 07:00:00+00:00,13.6,67,7.6,0,0,0,0,305.0,232.0,644.5,73.0,8.6,22.0,0.0,1018.8
2025-06-02 08:00:00+00:00,15.1,59,7.1,0,0,0,0,469.0,382.0,752.9,87.0,9.0,24.5,0.0,1019.0
2025-06-02 09:00:00+00:00,16.5,50,5.9,0,0,0,0,621.0,525.0,820.1,96.0,9.3,26.3,0.0,1018.8
2025-06-02 10:00:00+00:00,17.6,42,4.6,0,0,0,0,750.0,646.0,862.1,104.0,9.7,27.7,0.0,1018.7
2025-06-02 11:00:00+00:00,19.0,37,3.8,41,0,41,0,843.0,736.0,889.4,107.0,10.7,29.9,0.0,1018.6
2025-06-02 12:00:00+00:00,20.0,31,2.3,70,0,70,0,778.0,588.0,676.4,190.0,10.0,29.9,0.0,1018.3
2025-06-02 13:00:00+00:00,19.7,35,4.0,73,3,73,0,633.0,318.0,364.7,315.0,11.3,29.5,0.0,1018.0
2025-06-02 14:00:00+00:00,20.0,35,4.2,54,3,54,0,702.0,454.0,543.7,248.0,14.0,35.3,0.0,1017.3
2025-06-02 15:00:00+00:00,19.5,35,3.5,26,1,26,0,657.0,498.0,654.1,159.0,19.7,45.7,0.0,1016.6
2025-06-02 16:00:00+00:00,18.1,37,3.3,12,1,11,0,598.0,446.0,680.0,152.0,21.9,52.6,0.0,1016.3
2025-06-02 17:00:00+00:00,18.2,40,4.6,0,0,0,0,471.0,370.0,703.7,101.0,20.1,49.7,0.0,1015.9
2025-06-02 18:00:00+00:00,16.6,52,6.7,0,0,0,0,326.0,252.0,663.3,74.0,18.7,46.8,0.0,1015.6
2025-06-02 19:00:00+00:00,15.4,57,6.9,0,0,0,0,170.0,116.0,508.3,54.0,17.4,42.1,0.0,1015.4
2025-06-02 20:00:00+00:00,14.1,67,8.1,0,0,0,0,46.0,23.0,258.5,23.0,15.2,37.1,0.0,1015.3
2025-06-02 21:00:00+00:00,13.1,72,8.2,8,0,0,8,0.0,0.0,0.0,0.0,14.9,31.7,0.0,1015.1
2025-06-02 22:00:00+00:00,12.3,82,9.4,14,0,0,14,0.0,0.0,0.0,0.0,14.9,30.2,0.0,1014.5
2025-06-02 23:00:00+00:00,12.1,87,9.9,28,5,0,24,0.0,0.0,0.0,0.0,15.7,32.0,0.0,1013.7
2025-06-03 00:00:00+00:00,12.1,84,9.5,99,28,0,98,0.0,0.0,0.0,0.0,16.5,33.1,0.0,1013.1
2025-06-03 01:00:00+00:00,11.9,84,9.1,100,8,0,100,0.0,0.0,0.0,0.0,17.3,34.9,0.0,1012.0
2025-06-03 02:00:00+00:00,12.1,80,8.9,100,11,0,100,0.0,0.0,0.0,0.0,19.8,40.7,0.0,1011.0
2025-06-03 03:00:00+00:00,12.0,84,9.4,99,48,0,97,0.0,0.0,0.0,0.0,20.0,41.8,0.0,1010.3
2025-06-03 04:00:00+00:00,12.4,82,9.4,90,42,4,83,0.0,0.0,0.0,0.0,21.4,44.3,0.0,1009.3
2025-06-03 05:00:00+00:00,12.8,80,9.4,100,43,94,100,25.0,4.0,50.1,21.0,22.4,46.8,0.0,1008.6
2025-06-03 06:00:00+00:00,13.5,76,9.4,100,63,100,70,100.0,24.0,114.7,76.0,25.8,59.8,0.0,1008.0
2025-06-03 07:00:00+00:00,13.6,77,9.6,100,100,100,0,96.0,1.0,2.8,95.0,31.7,65.9,0.2,1007.6
2025-06-03 08:00:00+00:00,13.4,82,10.4,100,100,100,0,63.0,0.0,0.0,63.0,28.2,65.5,0.3,1007.3
2025-06-03 09:00:00+00:00,13.5,85,10.9,100,100,100,0,86.0,0.0,0.0,86.0,32.4,67.0,0.3,1006.8
2025-06-03 10:00:00+00:00,13.9,85,11.4,100,100,100,0,124.0,3.0,4.0,121.0,32.4,67.7,0.3,1006.6
2025-06-03 11:00:00+00:00,14.2,88,12.2,100,100,90,0,80.0,0.0,0.0,80.0,28.5,65.2,0.6,1006.5
2025-06-03 12:00:00+00:00,14.8,87,12.6,93,93,11,0,165.0,1.0,1.1,164.0,28.4,59.8,0.4,1006.5
2025-06-03 13:00:00+00:00,15.4,90,13.8,100,100,17,0,228.0,51.0,58.4,177.0,23.2,59.4,0.1,1006.3
2025-06-03 14:00:00+00:00,16.1,83,13.2,98,95,21,44,161.0,0.0,0.0,161.0,17.9,52.9,0.2,1006.1
2025-06-03 15:00:00+00:00,17.6,69,11.9,23,12,15,0,397.0,129.0,169.1,268.0,21.9,55.1,0.2,1005.8
2025-06-03 16:00:00+00:00,18.0,61,10.4,39,34,11,0,581.0,465.0,707.3,116.0,22.9,51.5,0.1,1005.8
2025-06-03 17:00:00+00:00,17.0,63,10.0,30,27,15,0,347.0,208.0,394.3,139.0,21.4,51.1,0.1,1005.7
2025-06-03 18:00:00+00:00,16.2,68,10.3,74,24,67,0,280.0,186.0,487.2,94.0,20.1,47.5,0.0,1005.7
2025-06-03 19:00:00+00:00,15.4,73,10.4,77,3,75,9,112.0,42.0,182.4,70.0,15.0,43.6,0.1,1005.7
2025-06-03 20:00:00+00:00,14.9,73,10.1,38,31,11,2,29.0,4.0,44.5,25.0,12.9,31.0,0.0,1006.2
2025-06-03 21:00:00+00:00,13.8,73,8.9,11,0,11,0,0.0,0.0,0.0,0.0,10.8,26.3,0.0,1006.7
2025-06-03 22:00:00+00:00,12.6,76,8.4,20,2,13,8,0.0,0.0,0.0,0.0,9.5,21.2,0.0,1007.0
2025-06-03 23:00:00+00:00,11.7,81,8.6,62,18,24,48,0.0,0.0,0.0,0.0,9.5,18.0,0.0,1007.0
2025-06-04 00:00:00+00:00,11.3,84,8.7,55,13,13,45,0.0,0.0,0.0,0.0,10.1,19.1,0.0,1007.0
2025-06-04 01:00:00+00:00,10.6,88,8.7,73,1,11,70,0.0,0.0,0.0,0.0,10.0,19.1,0.0,1006.7
2025-06-04 02:00:00+00:00,10.4,90,8.9,41,0,11,33,0.0,0.0,0.0,0.0,10.3,19.8,0.0,1006.4
2025-06-04 03:00:00+00:00,9.9,93,8.8,40,8,8,34,0.0,0.0,0.0,0.0,10.4,19.4,0.0,1006.3
2025-06-04 04:00:00+00:00,9.8,93,8.7,9,8,1,0,0.0,0.0,0.0,0.0,10.9,20.5,0.0,1006.3
2025-06-04 05:00:00+00:00,10.2,90,8.6,0,0,0,0,33.0,14.0,174.1,19.0,11.0,20.9,0.0,1006.5
2025-06-04 06:00:00+00:00,11.9,82,8.8,2,2,0,0,149.0,95.0,451.5,54.0,9.3,21.6,0.0,1006.6
2025-06-04 07:00:00+00:00,13.6,68,7.7,9,7,2,0,302.0,227.0,627.0,75.0,14.4,31.7,0.0,1006.8
2025-06-04 08:00:00+00:00,14.8,59,6.8,50,12,44,0,440.0,338.0,663.8,102.0,14.8,34.9,0.0,1007.0
2025-06-04 09:00:00+00:00,16.1,48,5.2,47,45,10,0,549.0,367.0,571.8,182.0,17.2,39.6,0.0,1006.9
2025-06-04 10:00:00+00:00,17.1,45,5.0,88,85,55,0,633.0,411.0,547.3,222.0,18.5,42.8,0.0,1006.7
2025-06-04 11:00:00+00:00,17.0,47,5.7,96,92,77,0,501.0,246.0,296.7,255.0,18.5,42.8,0.0,1006.9
2025-06-04 12:00:00+00:00,16.4,53,6.7,81,53,69,0,446.0,143.0,164.2,303.0,18.9,43.2,0.0,1007.2
2025-06-04 13:00:00+00:00,17.0,51,6.9,67,21,61,0,559.0,313.0,358.1,246.0,19.2,45.0,0.0,1007.0
2025-06-04 14:00:00+00:00,16.5,57,8.0,91,51,84,0,556.0,343.0,409.6,213.0,21.1,47.5,0.2,1007.2
2025-06-04 15:00:00+00:00,15.8,70,10.2,92,15,92,0,364.0,132.0,172.7,232.0,19.6,48.2,0.2,1007.3
2025-06-04 16:00:00+00:00,16.4,63,9.4,51,24,39,0,351.0,106.0,160.9,245.0,20.1,45.4,0.0,1006.9
2025-06-04 17:00:00+00:00,16.3,62,9.1,16,6,11,0,361.0,239.0,451.6,122.0,19.0,45.7,0.1,1006.7
2025-06-04 18:00:00+00:00,15.8,66,9.5,22,5,21,0,304.0,216.0,563.1,88.0,18.6,42.8,0.0,1006.6
2025-06-04 19:00:00+00:00,14.9,72,9.9,50,13,45,0,144.0,87.0,374.7,57.0,16.2,41.0,0.0,1006.9
2025-06-04 20:00:00+00:00,14.1,77,10.2,100,9,15,100,34.0,12.0,132.1,22.0,13.3,34.6,0.0,1006.9
2025-06-04 21:00:00+00:00,13.4,83,10.4,100,7,10,100,0.0,0.0,0.0,0.0,13.8,28.1,0.0,1007.2
2025-06-04 22:00:00+00:00,13.0,85,10.6,100,2,1,100,0.0,0.0,0.0,0.0,14.0,28.4,0.0,1007.1
2025-06-04 23:00:00+00:00,12.9,87,10.7,100,2,0,100,0.0,0.0,0.0,0.0,14.4,29.5,0.0,1006.7
2025-06-05 00:00:00+00:00,12.8,86,10.4,100,12,89,100,0.0,0.0,0.0,0.0,13.3,29.2,0.0,1006.5
2025-06-05 01:00:00+00:00,12.6,87,10.5,100,13,56,100,0.0,0.0,0.0,0.0,14.6,28.8,0.0,1006.4
2025-06-05 02:00:00+00:00,12.6,84,10.0,100,9,100,100,0.0,0.0,0.0,0.0,14.3,30.6,0.0,1005.8
2025-06-05 03:00:00+00:00,13.0,80,9.6,100,19,100,100,0.0,0.0,0.0,0.0,13.9,29.2,0.0,1005.2
2025-06-05 04:00:00+00:00,12.5,80,9.2,100,26,100,100,0.0,0.0,0.0,0.0,14.7,31.3,0.4,1004.9
2025-06-05 05:00:00+00:00,12.4,88,10.5,100,50,100,100,14.0,0.0,0.0,14.0,14.3,28.8,0.5,1004.6
2025-06-05 06:00:00+00:00,12.2,92,10.9,100,98,100,100,17.0,0.0,0.0,17.0,17.7,32.0,0.7,1004.7
2025-06-05 07:00:00+00:00,11.9,95,11.2,100,31,100,49,26.0,0.0,0.0,26.0,17.6,38.2,0.9,1004.2
2025-06-05 08:00:00+00:00,13.2,90,11.6,100,100,100,0,147.0,8.0,15.7,139.0,20.7,43.9,0.3,1004.1
2025-06-05 09:00:00+00:00,13.5,89,11.8,100,100,100,0,117.0,1.0,1.6,116.0,21.7,41.8,0.3,1003.6
2025-06-05 10:00:00+00:00,12.9,96,12.3,100,93,100,0,58.0,0.0,0.0,58.0,19.3,42.5,1.1,1003.4
2025-06-05 11:00:00+00:00,13.8,93,12.7,100,88,100,0,74.0,0.0,0.0,74.0,25.5,45.0,0.8,1002.9
2025-06-05 12:00:00+00:00,14.1,92,12.8,100,100,100,98,143.0,16.0,18.3,127.0,24.9,54.4,0.2,1002.5
2025-06-05 13:00:00+00:00,14.3,88,12.4,100,100,36,100,232.0,4.0,4.6,228.0,24.5,49.3,0.7,1002.6
2025-06-05 14:00:00+00:00,14.9,86,12.5,100,67,34,100,206.0,0.0,0.0,206.0,21.7,55.1,0.2,1002.2
2025-06-05 15:00:00+00:00,16.1,77,12.1,100,46,37,100,378.0,109.0,142.4,269.0,20.1,47.2,0.2,1002.0
2025-06-05 16:00:00+00:00,16.2,76,12.0,100,33,100,100,286.0,52.0,78.7,234.0,19.3,43.2,0.2,1001.8
2025-06-05 17:00:00+00:00,15.4,80,11.9,100,21,100,100,95.0,1.0,1.9,94.0,15.5,41.8,0.2,1002.0
2025-06-05 18:00:00+00:00,14.2,87,12.1,100,12,100,100,93.0,0.0,0.0,93.0,15.8,34.6,0.3,1002.5
2025-06-05 19:00:00+00:00,13.8,89,11.9,100,1,100,29,43.0,0.0,0.0,43.0,13.7,32.0,0.4,1002.8
2025-06-05 20:00:00+00:00,13.2,89,11.5,100,10,100,0,14.0,0.0,0.0,14.0,14.6,28.1,0.3,1003.3
2025-06-05 21:00:00+00:00,12.6,90,11.0,98,1,98,1,0.0,0.0,0.0,0.0,15.1,29.5,0.0,1004.0
2025-06-05 22:00:00+00:00,12.1,91,10.6,18,0,18,0,0.0,0.0,0.0,0.0,14.3,29.5,0.0,1004.5
2025-06-05 23:00:00+00:00,11.2,93,10.1,2,1,1,0,0.0,0.0,0.0,0.0,14.1,27.7,0.0,1004.9
2025-06-06 00:00:00+00:00,10.6,94,9.8,4,3,2,0,0.0,0.0,0.0,0.0,13.7,27.4,0.0,1005.2
2025-06-06 01:00:00+00:00,10.9,93,9.8,2,0,2,0,0.0,0.0,0.0,0.0,14.5,28.1,0.0,1005.5
2025-06-06 02:00:00+00:00,10.6,94,9.7,7,1,6,0,0.0,0.0,0.0,0.0,13.2,28.1,0.0,1005.7
2025-06-06 03:00:00+00:00,10.6,94,9.7,10,1,10,0,0.0,0.0,0.0,0.0,13.1,25.6,0.0,1005.9
2025-06-06 04:00:00+00:00,10.9,94,9.9,22,6,19,0,0.0,0.0,0.0,0.0,14.4,27.7,0.0,1005.8
2025-06-06 05:00:00+00:00,11.8,90,10.2,54,8,50,0,33.0,13.0,159.8,20.0,15.7,31.0,0.0,1005.9
2025-06-06 06:00:00+00:00,13.0,84,10.4,100,46,100,0,123.0,52.0,244.9,71.0,17.9,41.0,0.0,1006.2
2025-06-06 07:00:00+00:00,13.7,81,10.6,61,16,54,0,178.0,34.0,93.5,144.0,16.8,39.2,0.0,1006.4
2025-06-06 08:00:00+00:00,14.9,77,11.0,29,13,10,10,389.0,237.0,464.1,152.0,17.6,43.9,0.0,1006.8
2025-06-06 09:00:00+00:00,16.2,64,9.4,18,5,16,0,569.0,427.0,663.8,142.0,18.3,45.4,0.1,1007.1
2025-06-06 10:00:00+00:00,17.0,56,8.1,21,11,18,0,661.0,531.0,705.7,130.0,20.2,45.7,0.0,1007.5
2025-06-06 11:00:00+00:00,17.5,52,7.5,99,16,37,98,727.0,576.0,693.4,151.0,19.8,46.4,0.1,1007.9
2025-06-06 12:00:00+00:00,17.8,50,7.2,100,14,50,100,744.0,518.0,593.5,226.0,19.6,45.7,0.1,1008.3
2025-06-06 13:00:00+00:00,18.3,44,5.8,99,32,53,97,636.0,244.0,278.6,392.0,18.7,44.3,0.0,1008.2
2025-06-06 14:00:00+00:00,18.3,47,6.7,81,14,66,64,700.0,466.0,555.0,234.0,18.4,42.8,0.1,1008.5
2025-06-06 15:00:00+00:00,18.0,47,6.6,100,13,44,100,572.0,366.0,477.4,206.0,18.7,42.8,0.0,1008.8
2025-06-06 16:00:00+00:00,17.4,49,6.5,100,23,100,100,463.0,202.0,305.2,261.0,20.0,45.7,0.0,1009.1
2025-06-06 17:00:00+00:00,16.4,51,6.3,100,68,67,100,213.0,12.0,22.5,201.0,19.4,44.6,0.0,1009.1
2025-06-06 18:00:00+00:00,15.4,60,7.7,100,12,100,100,161.0,28.0,72.3,133.0,17.6,43.9,0.0,1009.2
2025-06-06 19:00:00+00:00,14.6,68,8.8,100,1,100,100,89.0,8.0,33.9,81.0,16.5,38.2,0.0,1009.4
2025-06-06 20:00:00+00:00,13.2,79,9.7,100,0,100,100,15.0,0.0,0.0,15.0,14.0,35.6,0.2,1009.3
2025-06-06 21:00:00+00:00,12.6,86,10.4,100,91,100,100,0.0,0.0,0.0,0.0,11.5,28.8,0.4,1009.4
2025-06-06 22:00:00+00:00,12.3,90,10.7,100,18,100,70,0.0,0.0,0.0,0.0,9.2,22.3,0.3,1009.0
2025-06-06 23:00:00+00:00,11.7,94,10.7,100,85,100,100,0.0,0.0,0.0,0.0,11.4,23.0,0.7,1008.3
2025-06-07 00:00:00+00:00,11.5,97,11.0,100,65,100,93,0.0,0.0,0.0,0.0,9.6,23.0,0.8,1007.7
2025-06-07 01:00:00+00:00,11.4,94,10.4,100,74,100,100,0.0,0.0,0.0,0.0,11.1,20.9,0.3,1007.6
2025-06-07 02:00:00+00:00,11.1,97,10.6,100,100,100,99,0.0,0.0,0.0,0.0,9.7,20.9,0.6,1007.1
2025-06-07 03:00:00+00:00,11.1,96,10.5,100,100,100,30,0.0,0.0,0.0,0.0,10.3,19.4,0.6,1006.6
2025-06-07 04:00:00+00:00,11.0,95,10.2,100,0,100,92,0.0,0.0,0.0,0.0,11.9,21.6,0.3,1006.2
2025-06-07 05:00:00+00:00,10.9,95,10.1,100,7,100,0,16.0,0.0,0.0,16.0,12.6,23.4,0.1,1006.2
2025-06-07 06:00:00+00:00,11.4,94,10.4,59,8,56,0,63.0,3.0,14.1,60.0,13.8,25.9,0.1,1006.5
2025-06-07 07:00:00+00:00,12.4,86,10.1,96,25,94,0,263.0,146.0,400.7,117.0,17.0,34.9,0.1,1006.6
2025-06-07 08:00:00+00:00,13.0,80,9.6,50,39,39,0,253.0,72.0,140.8,181.0,16.3,35.3,0.0,1007.0
2025-06-07 09:00:00+00:00,14.6,67,8.6,100,93,100,0,475.0,312.0,484.6,163.0,17.4,39.2,0.1,1006.9
2025-06-07 10:00:00+00:00,14.6,68,8.8,62,53,31,0,265.0,30.0,39.8,235.0,15.7,39.6,0.1,1007.2
2025-06-07 11:00:00+00:00,16.2,63,9.1,70,23,61,1,582.0,335.0,403.0,247.0,16.6,39.2,0.2,1006.8
2025-06-07 12:00:00+00:00,16.6,60,8.9,71,52,51,4,600.0,318.0,364.0,282.0,17.9,41.0,0.3,1006.5
2025-06-07 13:00:00+00:00,16.2,71,10.9,100,96,95,47,472.0,124.0,141.4,348.0,19.2,46.1,0.2,1006.7
2025-06-07 14:00:00+00:00,14.2,83,11.4,100,16,100,45,237.0,31.0,36.9,206.0,17.5,48.2,0.6,1006.7
2025-06-07 15:00:00+00:00,13.2,93,12.1,100,100,100,39,110.0,0.0,0.0,110.0,16.4,39.6,1.7,1006.1
2025-06-07 16:00:00+00:00,13.1,93,12.1,100,100,100,0,80.0,0.0,0.0,80.0,12.3,34.2,4.8,1005.1
2025-06-07 17:00:00+00:00,13.6,93,12.5,43,11,36,0,74.0,0.0,0.0,74.0,11.1,25.9,0.4,1005.2
2025-06-07 18:00:00+00:00,13.9,82,10.8,84,33,78,25,280.0,162.0,416.8,118.0,16.5,32.0,0.4,1005.8
2025-06-07 19:00:00+00:00,13.1,88,11.1,41,5,38,0,93.0,25.0,105.2,68.0,15.9,33.1,0.2,1006.4
2025-06-07 20:00:00+00:00,12.1,91,10.6,6,0,6,0,47.0,18.0,192.6,29.0,14.5,31.0,0.0,1007.3
2025-06-07 21:00:00+00:00,11.1,93,10.1,4,1,3,0,1.0,0.0,0.0,1.0,14.1,28.4,0.0,1008.7
2025-06-07 22:00:00+00:00,10.9,92,9.6,4,4,0,0,0.0,0.0,0.0,0.0,15.5,29.9,0.0,1009.6
2025-06-07 23:00:00+00:00,10.4,90,8.9,0,0,0,0,0.0,0.0,0.0,0.0,15.4,30.2,0.0,1010.5
2025-06-08 00:00:00+00:00,9.8,91,8.3,0,0,0,0,0.0,0.0,0.0,0.0,14.6,29.5,0.0,1011.4
2025-06-08 01:00:00+00:00,9.3,91,7.8,0,0,0,0,0.0,0.0,0.0,0.0,14.5,29.2,0.0,1012.5
2025-06-08 02:00:00+00:00,8.9,92,7.7,0,0,0,0,0.0,0.0,0.0,0.0,13.6,28.1,0.0,1013.3
2025-06-08 03:00:00+00:00,8.4,93,7.4,1,0,0,0,0.0,0.0,0.0,0.0,12.5,26.3,0.0,1014.0
2025-06-08 04:00:00+00:00,8.2,93,7.2,0,0,0,0,0.0,0.0,0.0,0.0,13.5,25.6,0.0,1014.9
2025-06-08 05:00:00+00:00,8.8,91,7.3,0,0,0,0,36.0,16.0,194.9,20.0,13.9,26.6,0.0,1015.8
2025-06-08 06:00:00+00:00,10.2,88,8.2,0,0,0,0,153.0,98.0,458.3,55.0,11.1,27.4,0.0,1016.6
2025-06-08 07:00:00+00:00,11.9,79,8.4,1,1,0,0,306.0,231.0,632.9,75.0,13.4,30.6,0.0,1017.4
2025-06-08 08:00:00+00:00,13.1,67,7.2,17,17,0,0,471.0,384.0,750.2,87.0,17.6,39.6,0.0,1018.1
2025-06-08 09:00:00+00:00,14.1,60,6.4,0,0,0,0,607.0,493.0,765.1,114.0,17.2,40.0,0.0,1018.5
2025-06-08 10:00:00+00:00,15.0,56,6.2,0,0,0,0,742.0,631.0,837.4,111.0,17.1,40.7,0.0,1019.0
2025-06-08 11:00:00+00:00,16.2,49,5.6,49,49,1,0,840.0,731.0,878.7,109.0,19.3,45.0,0.0,1019.3
2025-06-08 12:00:00+00:00,16.5,48,5.6,100,100,84,0,742.0,517.0,591.4,225.0,19.6,45.0,0.0,1019.8
2025-06-08 13:00:00+00:00,16.1,50,5.7,43,28,30,0,372.0,68.0,77.5,304.0,17.6,41.4,0.0,1020.1
2025-06-08 14:00:00+00:00,17.4,48,6.3,95,52,95,0,753.0,571.0,678.5,182.0,17.5,41.8,0.0,1020.2
2025-06-08 15:00:00+00:00,16.6,52,6.8,51,21,41,0,349.0,108.0,140.5,241.0,17.8,40.3,0.1,1020.5
2025-06-08 16:00:00+00:00,17.1,51,6.9,58,18,56,0,499.0,338.0,508.7,161.0,17.3,40.0,0.1,1020.7
2025-06-08 17:00:00+00:00,17.0,51,6.8,55,5,51,4,320.0,174.0,325.1,146.0,16.0,38.9,0.0,1020.5
2025-06-08 18:00:00+00:00,16.8,52,6.9,56,37,28,4,276.0,159.0,407.4,117.0,14.5,35.6,0.0,1020.7
2025-06-08 19:00:00+00:00,15.6,63,8.6,41,32,14,0,140.0,69.0,288.4,71.0,9.4,30.2,0.0,1021.0
2025-06-08 20:00:00+00:00,14.1,75,9.6,35,32,4,0,42.0,15.0,159.2,27.0,5.2,19.4,0.0,1021.4
2025-06-08 21:00:00+00:00,12.8,83,9.9,25,24,2,0,1.0,0.0,0.0,1.0,5.0,9.7,0.0,1022.0
2025-06-08 22:00:00+00:00,11.9,88,9.9,6,6,1,0,0.0,0.0,0.0,0.0,7.0,12.2,0.0,1022.2
2025-06-08 23:00:00+00:00,11.4,88,9.5,2,0,2,0,0.0,0.0,0.0,0.0,9.6,17.3,0.0,1022.3
2025-06-09 00:00:00+00:00,10.9,87,8.9,2,0,2,0,0.0,0.0,0.0,0.0,10.2,19.1,0.0,1022.4
2025-06-09 01:00:00+00:00,12.4,81,9.2,29,19,28,0,0.0,0.0,0.0,0.0,10.8,22.3,0.0,1022.2
2025-06-09 02:00:00+00:00,11.8,85,9.2,5,1,5,0,0.0,0.0,0.0,0.0,11.0,20.5,0.0,1022.1
2025-06-09 03:00:00+00:00,11.1,89,9.3,15,11,8,0,0.0,0.0,0.0,0.0,10.9,20.9,0.0,1022.0
2025-06-09 04:00:00+00:00,10.6,93,9.5,32,6,9,22,0.0,0.0,0.0,0.0,10.0,20.5,0.0,1022.2
2025-06-09 05:00:00+00:00,11.1,92,9.9,16,3,2,11,34.0,14.0,169.9,20.0,9.5,18.7,0.0,1022.3
2025-06-09 06:00:00+00:00,12.6,88,10.6,29,7,1,22,147.0,89.0,415.0,58.0,6.8,17.6,0.0,1022.2
2025-06-09 07:00:00+00:00,14.4,80,11.0,31,11,2,20,296.0,211.0,577.2,85.0,8.5,20.9,0.0,1022.4
2025-06-09 08:00:00+00:00,15.7,69,10.1,98,46,3,96,449.0,343.0,669.5,106.0,12.3,29.2,0.0,1022.7
2025-06-09 09:00:00+00:00,16.2,65,9.7,99,87,1,92,475.0,320.0,496.3,155.0,13.4,31.7,0.2,1022.6
2025-06-09 10:00:00+00:00,17.0,61,9.4,98,94,3,74,458.0,194.0,257.3,264.0,12.5,31.7,0.1,1022.6
2025-06-09 11:00:00+00:00,17.5,59,9.5,100,98,2,84,587.0,283.0,340.0,304.0,14.5,34.6,0.1,1022.3
2025-06-09 12:00:00+00:00,17.0,64,10.2,100,98,2,86,471.0,95.0,108.6,376.0,16.8,38.9,0.1,1022.2
2025-06-09 13:00:00+00:00,17.5,61,9.9,100,93,0,100,477.0,99.0,112.7,378.0,16.9,39.6,0.0,1022.4
2025-06-09 14:00:00+00:00,17.6,61,10.1,100,97,1,98,432.0,100.0,118.7,332.0,16.9,39.2,0.1,1022.3
2025-06-09 15:00:00+00:00,17.2,64,10.4,100,100,1,1,373.0,87.0,113.0,286.0,17.3,39.2,0.1,1021.9
2025-06-09 16:00:00+00:00,17.1,62,9.8,76,76,1,0,268.0,46.0,69.1,222.0,15.5,39.2,0.0,1021.5
2025-06-09 17:00:00+00:00,17.0,62,9.8,91,63,0,75,309.0,80.0,149.1,229.0,16.5,37.4,0.0,1020.9
2025-06-09 18:00:00+00:00,16.4,65,9.8,98,63,0,95,225.0,94.0,240.0,131.0,15.8,37.4,0.0,1020.6
2025-06-09 19:00:00+00:00,15.6,69,10.0,98,71,0,94,116.0,34.0,141.2,82.0,13.4,35.3,0.0,1020.5
2025-06-09 20:00:00+00:00,14.6,76,10.4,91,1,0,91,43.0,13.0,136.9,30.0,12.1,28.8,0.0,1020.2
2025-06-09 21:00:00+00:00,13.2,83,10.4,96,6,0,96,1.0,0.0,0.0,1.0,13.5,26.3,0.0,1020.2
2025-06-09 22:00:00+00:00,13.2,86,10.9,88,1,0,88,0.0,0.0,0.0,0.0,13.9,28.4,0.0,1019.7
2025-06-09 23:00:00+00:00,12.9,89,11.0,27,2,0,26,0.0,0.0,0.0,0.0,13.5,28.1,0.0,1019.3
2025-06-10 00:00:00+00:00,12.6,91,11.2,40,1,32,34,0.0,0.0,0.0,0.0,13.7,27.4,0.0,1019.1
2025-06-10 01:00:00+00:00,12.9,90,11.2,90,1,55,84,0.0,0.0,0.0,0.0,14.2,28.4,0.0,1018.4
2025-06-10 02:00:00+00:00,12.9,90,11.4,99,0,2,99,0.0,0.0,0.0,0.0,15.8,32.0,0.0,1017.8
2025-06-10 03:00:00+00:00,12.6,92,11.3,99,8,1,99,0.0,0.0,0.0,0.0,15.9,32.4,0.0,1017.2
2025-06-10 04:00:00+00:00,12.4,93,11.3,100,24,1,100,0.0,0.0,0.0,0.0,16.2,33.1,0.0,1016.9
2025-06-10 05:00:00+00:00,13.1,91,11.6,100,38,0,100,28.0,3.0,36.3,25.0,14.7,32.8,0.0,1016.9
2025-06-10 06:00:00+00:00,14.6,85,12.1,100,100,10,100,113.0,29.0,134.9,84.0,12.0,34.6,0.0,1017.0
2025-06-10 07:00:00+00:00,15.6,82,12.6,100,100,0,100,137.0,5.0,13.7,132.0,12.8,28.1,0.0,1016.9
2025-06-10 08:00:00+00:00,16.7,79,13.0,100,100,0,100,150.0,10.0,19.5,140.0,20.0,39.6,0.0,1017.3
2025-06-10 09:00:00+00:00,17.3,77,13.2,100,96,0,98,185.0,14.0,21.7,171.0,19.0,46.4,0.0,1017.4
2025-06-10 10:00:00+00:00,18.9,68,12.8,100,100,0,98,468.0,124.0,164.4,344.0,24.9,53.6,0.0,1017.3
2025-06-10 11:00:00+00:00,19.8,62,12.2,100,100,0,98,506.0,135.0,162.1,371.0,22.9,54.4,0.0,1017.3
2025-06-10 12:00:00+00:00,20.4,59,11.9,100,98,0,99,587.0,228.0,260.5,359.0,20.7,50.8,0.0,1017.6
2025-06-10 13:00:00+00:00,21.1,56,12.1,100,94,0,95,647.0,312.0,355.0,335.0,18.0,43.2,0.0,1017.8
2025-06-10 14:00:00+00:00,21.1,57,12.2,100,100,0,100,503.0,166.0,196.8,337.0,16.3,41.4,0.0,1017.9
2025-06-10 15:00:00+00:00,21.1,58,12.4,100,94,0,99,395.0,122.0,158.2,273.0,14.0,37.4,0.1,1018.0
2025-06-10 16:00:00+00:00,21.2,57,12.5,99,91,0,93,351.0,88.0,132.0,263.0,11.3,32.0,0.0,1018.1
2025-06-10 17:00:00+00:00,20.8,60,12.8,96,91,0,52,233.0,49.0,91.1,184.0,8.6,26.6,0.0,1018.3
2025-06-10 18:00:00+00:00,20.4,62,12.9,100,99,0,94,188.0,48.0,122.1,140.0,6.2,20.2,0.0,1018.6
2025-06-10 19:00:00+00:00,19.6,69,13.8,100,38,0,100,87.0,15.0,61.9,72.0,3.1,14.4,0.0,1018.6
2025-06-10 20:00:00+00:00,18.1,80,14.6,46,40,0,9,44.0,15.0,156.8,29.0,1.7,6.1,0.0,1019.0
2025-06-10 21:00:00+00:00,17.0,83,14.0,45,31,0,21,1.0,0.0,0.0,1.0,4.3,7.6,0.0,1019.6
2025-06-10 22:00:00+00:00,16.1,87,13.9,20,16,0,5,0.0,0.0,0.0,0.0,6.7,11.9,0.0,1019.8
2025-06-10 23:00:00+00:00,15.1,90,13.4,54,54,0,0,0.0,0.0,0.0,0.0,7.9,14.4,0.0,1019.8
2025-06-11 00:00:00+00:00,14.1,93,12.9,1,1,0,0,0.0,0.0,0.0,0.0,7.4,15.1,0.0,1019.8
2025-06-11 01:00:00+00:00,13.4,93,12.2,5,5,0,0,0.0,0.0,0.0,0.0,7.5,14.0,0.0,1019.8
2025-06-11 02:00:00+00:00,13.0,95,12.2,3,3,0,0,0.0,0.0,0.0,0.0,7.0,15.1,0.0,1019.6
2025-06-11 03:00:00+00:00,12.2,97,11.7,22,22,0,0,0.0,0.0,0.0,0.0,2.7,12.6,0.0,1019.5
2025-06-11 04:00:00+00:00,12.2,97,11.8,18,18,0,0,0.0,0.0,0.0,0.0,4.1,7.6,0.0,1019.4
2025-06-11 05:00:00+00:00,12.8,96,12.2,5,5,0,0,34.0,13.0,156.9,21.0,6.9,11.2,0.0,1019.5
2025-06-11 06:00:00+00:00,14.4,92,13.1,1,1,0,0,144.0,85.0,394.5,59.0,5.9,14.4,0.0,1019.4
2025-06-11 07:00:00+00:00,16.3,87,14.1,9,9,0,0,295.0,216.0,589.6,79.0,7.1,18.7,0.0,1019.5
2025-06-11 08:00:00+00:00,18.3,76,14.1,13,2,0,11,448.0,345.0,672.5,103.0,11.8,28.1,0.0,1019.7
2025-06-11 09:00:00+00:00,19.3,70,13.6,27,10,0,18,591.0,477.0,739.0,114.0,13.9,34.2,0.0,1019.8
2025-06-11 10:00:00+00:00,19.5,67,13.1,85,19,0,82,704.0,557.0,738.0,147.0,16.1,39.2,0.0,1019.7
2025-06-11 11:00:00+00:00,19.5,65,12.9,65,57,0,18,730.0,473.0,567.6,257.0,17.1,41.0,0.0,1019.4
2025-06-11 12:00:00+00:00,20.1,63,12.9,31,31,0,0,806.0,577.0,658.8,229.0,18.3,43.6,0.0,1019.3
2025-06-11 13:00:00+00:00,20.2,62,12.6,11,11,0,0,804.0,586.0,666.2,218.0,17.9,44.3,0.0,1019.0
2025-06-11 14:00:00+00:00,20.5,61,12.8,16,3,0,13,819.0,675.0,799.7,144.0,17.2,42.8,0.0,1018.5
2025-06-11 15:00:00+00:00,20.7,61,13.0,40,6,0,36,747.0,631.0,817.5,116.0,18.0,42.5,0.0,1018.0
2025-06-11 16:00:00+00:00,21.0,60,12.9,92,1,0,92,625.0,513.0,768.1,112.0,17.4,42.5,0.0,1017.2
2025-06-11 17:00:00+00:00,21.4,58,12.9,100,0,0,100,481.0,378.0,701.1,103.0,18.0,41.0,0.0,1016.0
2025-06-11 18:00:00+00:00,21.1,59,12.9,18,0,0,18,323.0,234.0,593.2,89.0,16.9,40.7,0.0,1016.0
2025-06-11 19:00:00+00:00,20.5,63,13.1,0,0,0,0,177.0,119.0,488.3,58.0,15.5,36.7,0.0,1015.8
2025-06-11 20:00:00+00:00,19.2,67,12.9,98,0,0,98,54.0,27.0,278.0,27.0,14.9,32.8,0.0,1015.7
2025-06-11 21:00:00+00:00,18.1,69,12.4,17,0,0,17,1.0,0.0,0.0,1.0,14.6,30.2,0.0,1015.9
2025-06-11 22:00:00+00:00,17.3,69,11.6,86,0,0,86,0.0,0.0,0.0,0.0,15.8,31.7,0.0,1015.7
2025-06-11 23:00:00+00:00,16.6,69,10.9,91,0,0,91,0.0,0.0,0.0,0.0,15.9,31.7,0.0,1015.4
2025-06-12 00:00:00+00:00,16.3,69,10.7,100,0,0,100,0.0,0.0,0.0,0.0,16.3,33.1,0.0,1014.5
2025-06-12 01:00:00+00:00,15.9,70,10.6,100,0,0,100,0.0,0.0,0.0,0.0,15.3,31.0,0.0,1014.1
2025-06-12 02:00:00+00:00,15.8,71,10.6,100,0,0,100,0.0,0.0,0.0,0.0,15.7,31.0,0.0,1013.4
2025-06-12 03:00:00+00:00,15.8,71,10.6,100,0,34,100,0.0,0.0,0.0,0.0,15.0,31.7,0.0,1012.5
2025-06-12 04:00:00+00:00,15.7,71,10.6,100,0,100,99,0.0,0.0,0.0,0.0,16.0,31.3,0.0,1011.8
2025-06-12 05:00:00+00:00,16.4,70,10.9,100,0,100,94,10.0,0.0,0.0,10.0,16.5,34.2,0.0,1011.9
2025-06-12 06:00:00+00:00,17.0,71,11.7,100,0,100,98,65.0,4.0,18.5,61.0,17.1,35.6,0.0,1011.5
2025-06-12 07:00:00+00:00,17.0,72,12.0,100,0,99,96,73.0,10.0,27.3,63.0,15.7,36.0,0.0,1010.8
2025-06-12 08:00:00+00:00,17.6,74,12.9,97,0,62,93,218.0,31.0,60.4,187.0,16.9,36.0,0.7,1010.8
2025-06-12 09:00:00+00:00,18.6,70,13.1,84,7,40,71,407.0,207.0,320.6,200.0,16.3,37.8,0.2,1010.7
2025-06-12 10:00:00+00:00,19.5,68,13.3,98,11,97,44,621.0,419.0,555.0,202.0,18.2,44.3,0.1,1010.6
2025-06-12 11:00:00+00:00,18.0,81,14.6,100,12,100,17,389.0,92.0,110.4,297.0,17.4,42.5,3.3,1010.5
2025-06-12 12:00:00+00:00,18.2,83,15.4,92,85,43,7,350.0,53.0,60.5,297.0,14.4,39.2,0.3,1010.6
2025-06-12 13:00:00+00:00,18.5,87,16.3,100,24,7,100,426.0,197.0,223.8,229.0,16.7,37.1,0.2,1010.9
2025-06-12 14:00:00+00:00,20.8,75,16.2,63,61,5,1,694.0,410.0,485.3,284.0,20.7,46.8,0.0,1011.6
2025-06-12 15:00:00+00:00,21.1,74,16.4,88,87,12,0,518.0,299.0,386.9,219.0,18.4,46.4,0.1,1011.8
2025-06-12 16:00:00+00:00,20.4,76,16.1,25,14,12,0,493.0,290.0,433.6,203.0,16.3,46.4,0.2,1012.2
2025-06-12 17:00:00+00:00,20.4,71,14.9,9,7,5,0,445.0,320.0,592.3,125.0,13.9,37.4,0.0,1012.6
2025-06-12 18:00:00+00:00,19.6,73,14.7,4,0,4,0,315.0,229.0,578.7,86.0,12.7,32.8,0.0,1013.1
2025-06-12 19:00:00+00:00,18.6,79,14.9,5,0,4,1,169.0,109.0,444.9,60.0,10.1,29.2,0.0,1013.9
2025-06-12 20:00:00+00:00,17.4,86,14.9,6,4,1,1,52.0,24.0,243.8,28.0,8.7,21.6,0.0,1014.5
2025-06-12 21:00:00+00:00,16.5,90,14.8,17,10,5,3,1.0,0.0,0.0,1.0,8.6,16.9,0.0,1015.2
2025-06-12 22:00:00+00:00,16.0,92,14.7,9,9,0,0,0.0,0.0,0.0,0.0,9.4,17.6,0.0,1015.4
2025-06-12 23:00:00+00:00,15.8,93,14.6,15,3,0,12,0.0,0.0,0.0,0.0,11.3,21.2,0.0,1015.8
2025-06-13 00:00:00+00:00,15.6,93,14.4,29,1,0,28,0.0,0.0,0.0,0.0,10.9,21.6,0.0,1015.8
2025-06-13 01:00:00+00:00,15.3,93,14.1,26,1,0,25,0.0,0.0,0.0,0.0,10.6,19.8,0.0,1016.2
2025-06-13 02:00:00+00:00,15.2,92,14.0,24,1,0,23,0.0,0.0,0.0,0.0,12.6,23.4,0.0,1016.5
2025-06-13 03:00:00+00:00,15.4,91,14.0,100,100,1,13,0.0,0.0,0.0,0.0,12.1,25.9,0.0,1016.8
2025-06-13 04:00:00+00:00,16.0,88,14.1,60,38,0,36,0.0,0.0,0.0,0.0,11.2,23.0,0.0,1017.3
2025-06-13 05:00:00+00:00,16.1,88,14.1,89,38,10,81,29.0,7.0,84.2,22.0,11.6,22.7,0.0,1017.9
2025-06-13 06:00:00+00:00,17.1,84,14.4,79,30,10,68,139.0,74.0,342.5,65.0,12.5,32.0,0.0,1018.5
2025-06-13 07:00:00+00:00,17.7,80,14.2,84,10,0,83,266.0,174.0,474.4,92.0,13.1,30.2,0.0,1019.1
2025-06-13 08:00:00+00:00,18.5,73,13.6,61,2,1,60,436.0,318.0,619.4,118.0,11.6,30.6,0.0,1019.5
2025-06-13 09:00:00+00:00,19.5,65,12.8,48,0,3,46,589.0,466.0,721.5,123.0,10.0,29.2,0.0,1019.5
2025-06-13 10:00:00+00:00,20.6,59,12.4,6,0,0,6,719.0,594.0,786.6,125.0,7.7,26.6,0.0,1019.1
2025-06-13 11:00:00+00:00,21.8,53,11.9,2,0,0,2,817.0,707.0,847.8,110.0,7.6,23.8,0.0,1019.1
2025-06-13 12:00:00+00:00,22.6,49,11.4,2,0,0,2,863.0,749.0,854.3,114.0,8.4,25.2,0.0,1019.1
2025-06-13 13:00:00+00:00,24.0,48,12.4,9,0,9,0,862.0,740.0,840.3,122.0,8.1,24.5,0.0,1018.4
2025-06-13 14:00:00+00:00,24.2,52,13.7,21,1,11,11,808.0,682.0,806.7,126.0,9.2,26.3,0.0,1018.1
2025-06-13 15:00:00+00:00,24.3,52,13.9,87,0,8,86,721.0,590.0,762.7,131.0,10.7,28.4,0.0,1017.6
2025-06-13 16:00:00+00:00,24.4,50,13.4,97,0,4,96,611.0,493.0,736.0,118.0,10.4,29.2,0.0,1017.1
2025-06-13 17:00:00+00:00,24.0,50,12.9,99,0,7,99,449.0,315.0,581.9,134.0,9.3,27.0,0.0,1016.6
2025-06-13 18:00:00+00:00,22.6,56,13.2,99,0,50,99,232.0,83.0,209.2,149.0,11.6,26.3,0.0,1016.4
2025-06-13 19:00:00+00:00,21.0,66,14.4,100,0,88,100,86.0,7.0,28.4,79.0,7.3,27.0,0.0,1015.9
2025-06-13 20:00:00+00:00,19.9,77,15.6,100,0,61,100,12.0,0.0,0.0,12.0,12.9,24.5,1.2,1016.0
2025-06-13 21:00:00+00:00,18.6,86,16.3,99,8,57,99,0.0,0.0,0.0,0.0,7.2,25.2,1.2,1015.6
2025-06-13 22:00:00+00:00,17.8,91,16.3,96,35,72,85,0.0,0.0,0.0,0.0,4.8,19.4,2.2,1015.2
2025-06-13 23:00:00+00:00,17.3,95,16.5,87,76,54,0,0.0,0.0,0.0,0.0,2.0,15.8,1.2,1014.5
2025-06-14 00:00:00+00:00,17.0,98,16.6,100,100,19,0,0.0,0.0,0.0,0.0,10.3,20.9,0.7,1014.2
2025-06-14 01:00:00+00:00,16.4,94,15.4,11,0,11,0,0.0,0.0,0.0,0.0,13.0,24.1,0.1,1013.6
2025-06-14 02:00:00+00:00,15.8,95,15.1,24,15,14,0,0.0,0.0,0.0,0.0,11.4,24.1,0.0,1013.6
2025-06-14 03:00:00+00:00,15.4,97,15.0,41,6,36,14,0.0,0.0,0.0,0.0,11.8,22.0,0.0,1013.3
2025-06-14 04:00:00+00:00,15.6,98,15.2,100,25,100,99,0.0,0.0,0.0,0.0,12.4,23.8,0.0,1013.3
2025-06-14 05:00:00+00:00,16.1,97,15.6,100,100,4,1,23.0,2.0,24.0,21.0,16.3,31.7,0.0,1013.2
2025-06-14 06:00:00+00:00,16.5,94,15.4,74,74,1,0,72.0,3.0,13.9,69.0,14.4,33.8,0.0,1013.8
2025-06-14 07:00:00+00:00,17.0,87,14.9,60,60,0,0,241.0,117.0,318.9,124.0,16.4,35.3,0.0,1014.8
2025-06-14 08:00:00+00:00,17.4,81,14.1,100,100,2,0,383.0,213.0,414.8,170.0,17.4,39.2,0.0,1015.4
2025-06-14 09:00:00+00:00,18.0,75,13.5,14,14,1,0,498.0,247.0,382.4,251.0,18.7,42.5,0.1,1016.0
2025-06-14 10:00:00+00:00,18.6,72,13.4,8,8,1,0,696.0,575.0,761.3,121.0,20.6,46.4,0.1,1016.3
2025-06-14 11:00:00+00:00,18.8,68,12.8,12,5,1,8,797.0,669.0,802.0,128.0,21.6,49.7,0.0,1016.8
2025-06-14 12:00:00+00:00,18.9,68,12.9,8,8,0,0,856.0,730.0,832.4,126.0,22.5,51.1,0.0,1017.2
2025-06-14 13:00:00+00:00,19.2,65,12.4,11,8,5,1,846.0,716.0,812.6,130.0,22.3,51.1,0.0,1017.2
2025-06-14 14:00:00+00:00,19.1,65,12.2,8,6,2,2,816.0,683.0,807.3,133.0,22.1,51.5,0.0,1017.5
2025-06-14 15:00:00+00:00,18.9,64,11.9,3,3,0,0,743.0,617.0,796.9,126.0,21.5,50.0,0.0,1017.7
2025-06-14 16:00:00+00:00,18.5,65,11.8,5,5,0,0,632.0,529.0,788.8,103.0,20.7,49.0,0.0,1017.9
2025-06-14 17:00:00+00:00,17.9,68,11.9,4,0,0,4,488.0,395.0,728.4,93.0,19.6,47.2,0.0,1018.0
2025-06-14 18:00:00+00:00,17.1,72,12.1,10,0,0,9,336.0,257.0,645.9,79.0,17.9,43.9,0.0,1018.3
2025-06-14 19:00:00+00:00,16.3,77,12.2,1,0,0,0,182.0,124.0,501.4,58.0,14.8,39.6,0.0,1018.8
2025-06-14 20:00:00+00:00,15.2,83,12.4,44,0,0,44,56.0,28.0,277.8,28.0,11.8,31.3,0.0,1019.3
2025-06-14 21:00:00+00:00,14.3,88,12.3,9,1,0,9,1.0,0.0,0.0,1.0,9.9,24.1,0.0,1020.0
2025-06-14 22:00:00+00:00,13.6,91,12.2,4,4,0,0,0.0,0.0,0.0,0.0,9.8,19.4,0.0,1020.1
2025-06-14 23:00:00+00:00,13.3,93,12.1,11,10,1,0,0.0,0.0,0.0,0.0,10.2,19.1,0.0,1020.3
2025-06-15 00:00:00+00:00,12.9,94,12.1,8,7,1,0,0.0,0.0,0.0,0.0,10.8,20.5,0.0,1020.4
2025-06-15 01:00:00+00:00,12.6,94,11.6,4,1,3,0,0.0,0.0,0.0,0.0,10.4,19.8,0.0,1020.5
2025-06-15 02:00:00+00:00,12.2,94,11.3,0,0,0,0,0.0,0.0,0.0,0.0,10.4,20.2,0.0,1020.5
2025-06-15 03:00:00+00:00,11.9,94,11.0,0,0,0,0,0.0,0.0,0.0,0.0,9.9,19.8,0.0,1020.7
2025-06-15 04:00:00+00:00,11.6,95,10.8,0,0,0,0,0.0,0.0,0.0,0.0,9.6,18.4,0.0,1021.1
2025-06-15 05:00:00+00:00,11.9,94,11.1,1,0,1,0,37.0,17.0,204.1,20.0,10.4,19.8,0.0,1021.8
2025-06-15 06:00:00+00:00,13.4,89,11.6,23,23,1,0,150.0,96.0,443.8,54.0,10.5,22.7,0.0,1022.1
2025-06-15 07:00:00+00:00,14.9,81,11.8,60,60,0,0,284.0,188.0,512.4,96.0,14.0,32.8,0.0,1022.1
2025-06-15 08:00:00+00:00,16.5,75,12.1,59,59,0,0,390.0,222.0,432.4,168.0,15.6,35.3,0.0,1022.5
2025-06-15 09:00:00+00:00,17.3,70,11.8,50,50,0,0,408.0,190.0,294.1,218.0,15.8,36.4,0.0,1022.9
2025-06-15 10:00:00+00:00,18.7,63,11.6,12,9,8,0,625.0,442.0,585.1,183.0,15.2,36.4,0.1,1023.2
2025-06-15 11:00:00+00:00,19.9,57,11.1,18,17,2,0,783.0,656.0,786.3,127.0,15.5,36.7,0.0,1023.2
2025-06-15 12:00:00+00:00,20.8,52,10.6,38,37,1,0,840.0,684.0,779.7,156.0,17.0,39.6,0.0,1023.4
2025-06-15 13:00:00+00:00,20.5,53,10.7,40,23,30,0,665.0,453.0,513.9,212.0,13.9,33.5,0.1,1023.6
2025-06-15 14:00:00+00:00,21.1,51,10.4,41,26,36,0,724.0,537.0,634.3,187.0,13.9,33.5,0.2,1023.5
2025-06-15 15:00:00+00:00,21.0,50,10.1,57,46,37,0,534.0,364.0,469.7,170.0,14.3,33.1,0.1,1023.6
2025-06-15 16:00:00+00:00,21.0,51,10.4,66,25,61,0,506.0,331.0,493.0,175.0,16.5,36.4,0.1,1023.7
2025-06-15 17:00:00+00:00,19.3,59,11.1,38,37,9,0,344.0,216.0,397.7,128.0,18.2,41.0,0.1,1024.1
2025-06-15 18:00:00+00:00,19.0,59,10.8,5,3,0,2,271.0,163.0,408.7,108.0,17.1,40.0,0.0,1024.6
2025-06-15 19:00:00+00:00,18.0,69,12.1,45,1,0,44,176.0,114.0,459.1,62.0,13.7,36.4,0.0,1025.2
2025-06-15 20:00:00+00:00,16.7,77,12.6,1,1,0,0,54.0,23.0,225.9,31.0,9.4,28.1,0.0,1025.7
2025-06-15 21:00:00+00:00,15.6,84,12.8,0,0,0,0,1.0,0.0,0.0,1.0,8.2,18.4,0.0,1026.5
2025-06-15 22:00:00+00:00,14.8,88,12.8,0,0,0,0,0.0,0.0,0.0,0.0,9.0,16.6,0.0,1027.0
2025-06-15 23:00:00+00:00,14.1,91,12.6,0,0,0,0,0.0,0.0,0.0,0.0,9.1,17.3,0.0,1027.1
2025-06-16 00:00:00+00:00,13.6,94,12.6,1,1,0,0,0.0,0.0,0.0,0.0,8.4,16.9,0.0,1027.5
2025-06-16 01:00:00+00:00,13.2,96,12.6,2,2,0,0,0.0,0.0,0.0,0.0,8.3,17.6,0.0,1027.8
2025-06-16 02:00:00+00:00,13.1,97,12.6,5,5,0,0,0.0,0.0,0.0,0.0,7.4,15.5,0.0,1027.8
2025-06-16 03:00:00+00:00,12.8,98,12.4,29,24,0,6,0.0,0.0,0.0,0.0,6.2,13.7,0.0,1027.9
2025-06-16 04:00:00+00:00,12.6,99,12.4,100,100,0,5,0.0,0.0,0.0,0.0,5.5,11.2,0.0,1028.0
2025-06-16 05:00:00+00:00,13.2,100,13.1,100,100,0,28,25.0,4.0,48.0,21.0,7.4,14.4,0.0,1028.2
2025-06-16 06:00:00+00:00,13.9,97,13.4,100,100,0,13,95.0,20.0,92.5,75.0,6.8,18.0,0.0,1028.7
2025-06-16 07:00:00+00:00,15.2,90,13.6,100,99,0,66,200.0,63.0,171.7,137.0,6.4,17.6,0.0,1029.0
2025-06-16 08:00:00+00:00,16.9,82,13.7,73,60,0,34,347.0,175.0,340.9,172.0,5.1,17.3,0.0,1029.1
2025-06-16 09:00:00+00:00,18.4,73,13.4,100,100,0,76,475.0,255.0,394.8,220.0,3.2,16.6,0.1,1029.1
2025-06-16 10:00:00+00:00,19.4,67,13.1,99,99,0,36,456.0,146.0,193.3,310.0,2.7,13.7,0.0,1029.2
2025-06-16 11:00:00+00:00,20.1,64,13.1,100,100,0,95,464.0,132.0,158.2,332.0,3.3,13.7,0.0,1029.0
2025-06-16 12:00:00+00:00,20.7,62,13.2,84,57,0,62,462.0,67.0,76.4,395.0,4.1,14.4,0.0,1028.4
2025-06-16 13:00:00+00:00,21.9,56,12.8,100,100,0,15,600.0,244.0,276.7,356.0,4.3,16.6,0.0,1028.4
2025-06-16 14:00:00+00:00,21.6,57,12.8,96,96,0,0,407.0,66.0,77.9,341.0,6.7,18.0,0.0,1028.3
2025-06-16 15:00:00+00:00,21.0,63,13.9,61,61,0,0,415.0,115.0,148.3,300.0,10.3,25.9,0.0,1028.1
2025-06-16 16:00:00+00:00,21.0,64,14.0,27,27,0,0,528.0,331.0,492.5,197.0,10.4,27.4,0.0,1027.7
2025-06-16 17:00:00+00:00,20.5,65,13.6,21,21,0,0,466.0,357.0,656.3,109.0,11.7,28.4,0.0,1027.5
2025-06-16 18:00:00+00:00,19.8,66,13.2,12,12,0,0,320.0,233.0,582.9,87.0,11.4,28.4,0.0,1027.5
2025-06-16 19:00:00+00:00,18.7,69,12.9,15,15,0,0,168.0,105.0,421.4,63.0,10.5,26.3,0.0,1027.6
2025-06-16 20:00:00+00:00,17.3,74,12.7,10,10,0,0,53.0,24.0,233.7,29.0,9.4,23.0,0.0,1027.5
2025-06-16 21:00:00+00:00,16.4,80,12.8,9,9,0,0,2.0,0.0,0.0,2.0,9.9,18.7,0.0,1027.8
2025-06-16 22:00:00+00:00,15.8,83,13.0,2,2,0,0,0.0,0.0,0.0,0.0,10.5,19.8,0.0,1027.7
2025-06-16 23:00:00+00:00,15.2,90,13.6,0,0,0,0,0.0,0.0,0.0,0.0,9.1,19.4,0.0,1027.7
2025-06-17 00:00:00+00:00,14.6,93,13.4,0,0,0,0,0.0,0.0,0.0,0.0,7.7,16.9,0.0,1027.6
2025-06-17 01:00:00+00:00,13.4,92,12.2,0,0,0,0,0.0,0.0,0.0,0.0,6.7,12.2,0.0,1027.2
2025-06-17 02:00:00+00:00,12.8,93,11.7,0,0,0,0,0.0,0.0,0.0,0.0,5.8,12.2,0.0,1026.9
2025-06-17 03:00:00+00:00,12.1,95,11.3,0,0,0,0,0.0,0.0,0.0,0.0,4.3,10.4,0.0,1026.7
2025-06-17 04:00:00+00:00,11.4,97,11.0,94,0,0,94,0.0,0.0,0.0,0.0,3.8,7.9,0.0,1026.7
2025-06-17 05:00:00+00:00,11.7,98,11.4,87,0,0,87,37.0,13.0,156.2,24.0,4.5,8.6,0.0,1026.8
2025-06-17 06:00:00+00:00,13.5,91,12.1,5,0,0,5,144.0,76.0,351.5,68.0,3.6,10.4,0.0,1027.0
2025-06-17 07:00:00+00:00,15.4,83,12.6,0,0,0,0,300.0,221.0,602.6,79.0,3.7,13.0,0.0,1027.3
2025-06-17 08:00:00+00:00,17.5,76,13.2,36,0,0,36,462.0,374.0,728.7,88.0,4.9,16.6,0.0,1027.1
2025-06-17 09:00:00+00:00,19.2,69,13.4,98,42,0,97,609.0,507.0,785.1,102.0,6.9,20.2,0.0,1027.1
2025-06-17 10:00:00+00:00,21.1,58,12.4,98,34,0,96,708.0,562.0,744.0,146.0,9.0,24.8,0.0,1026.8
2025-06-17 11:00:00+00:00,21.9,57,13.0,100,7,0,100,764.0,553.0,662.7,211.0,9.0,25.2,0.0,1026.6
2025-06-17 12:00:00+00:00,22.6,55,13.2,100,4,0,100,831.0,622.0,708.7,209.0,8.9,25.2,0.0,1026.2
2025-06-17 13:00:00+00:00,23.5,54,13.7,100,21,0,100,849.0,672.0,761.8,177.0,9.3,25.9,0.0,1025.9
2025-06-17 14:00:00+00:00,23.8,52,13.5,99,23,0,99,803.0,622.0,734.0,181.0,10.8,28.8,0.0,1025.7
2025-06-17 15:00:00+00:00,23.6,53,13.4,94,19,0,93,686.0,514.0,662.3,172.0,11.8,30.2,0.0,1025.3
2025-06-17 16:00:00+00:00,23.9,50,12.8,66,5,0,64,601.0,447.0,664.4,154.0,11.0,30.2,0.0,1025.0
2025-06-17 17:00:00+00:00,23.7,49,12.3,13,10,1,3,476.0,371.0,681.1,105.0,9.9,27.4,0.0,1024.5
2025-06-17 18:00:00+00:00,22.8,54,13.0,8,8,0,0,314.0,220.0,549.3,94.0,8.1,24.1,0.0,1024.6
2025-06-17 19:00:00+00:00,21.5,62,13.8,2,0,2,0,172.0,108.0,432.0,64.0,9.5,20.9,0.0,1024.8
2025-06-17 20:00:00+00:00,19.6,68,13.5,67,0,1,66,56.0,27.0,260.8,29.0,12.3,25.6,0.0,1025.0
2025-06-17 21:00:00+00:00,17.8,73,12.8,95,1,1,95,2.0,0.0,0.0,2.0,11.3,25.6,0.0,1025.6
2025-06-17 22:00:00+00:00,16.5,75,12.2,1,1,0,0,0.0,0.0,0.0,0.0,10.9,22.3,0.0,1025.6
2025-06-17 23:00:00+00:00,15.6,81,12.4,0,0,0,0,0.0,0.0,0.0,0.0,12.0,23.4,0.0,1025.9
2025-06-18 00:00:00+00:00,14.8,87,12.6,0,0,0,0,0.0,0.0,0.0,0.0,11.3,23.4,0.0,1025.7
2025-06-18 01:00:00+00:00,14.0,89,12.3,26,0,0,25,0.0,0.0,0.0,0.0,11.6,22.3,0.0,1025.5
2025-06-18 02:00:00+00:00,13.6,94,12.6,97,1,0,97,0.0,0.0,0.0,0.0,11.1,22.3,0.0,1025.3
2025-06-18 03:00:00+00:00,13.4,96,12.8,96,4,0,96,0.0,0.0,0.0,0.0,9.5,20.9,0.0,1025.2
2025-06-18 04:00:00+00:00,13.2,97,12.8,84,14,0,81,0.0,0.0,0.0,0.0,8.6,18.0,0.0,1025.3
2025-06-18 05:00:00+00:00,13.6,96,13.1,88,66,0,64,36.0,14.0,168.4,22.0,7.7,16.2,0.0,1025.6
2025-06-18 06:00:00+00:00,15.1,88,13.1,27,27,0,0,143.0,82.0,379.6,61.0,9.3,20.5,0.0,1025.7
2025-06-18 07:00:00+00:00,16.5,81,13.2,35,33,0,2,285.0,194.0,529.4,91.0,5.7,21.2,0.0,1026.0
2025-06-18 08:00:00+00:00,18.1,74,13.4,25,6,0,20,444.0,336.0,655.0,108.0,3.8,16.6,0.0,1025.9
2025-06-18 09:00:00+00:00,19.9,66,13.2,0,0,0,0,602.0,500.0,774.5,102.0,3.6,15.8,0.0,1025.8
2025-06-18 10:00:00+00:00,21.6,58,13.1,0,0,0,0,729.0,625.0,827.6,104.0,3.7,16.9,0.0,1025.9
2025-06-18 11:00:00+00:00,23.2,53,13.0,0,0,0,0,820.0,712.0,853.3,108.0,3.6,16.6,0.0,1025.8
2025-06-18 12:00:00+00:00,24.7,47,12.8,0,0,0,0,870.0,760.0,865.9,110.0,5.9,20.5,0.0,1025.7
2025-06-18 13:00:00+00:00,26.4,41,12.1,0,0,0,0,875.0,766.0,868.2,109.0,5.2,19.4,0.0,1025.2
2025-06-18 14:00:00+00:00,27.0,38,11.6,0,0,0,0,836.0,729.0,859.9,107.0,6.3,21.6,0.0,1024.9
2025-06-18 15:00:00+00:00,26.9,39,11.7,0,0,0,0,755.0,652.0,839.7,103.0,4.7,21.2,0.0,1024.5
2025-06-18 16:00:00+00:00,26.1,44,12.9,0,0,0,0,637.0,541.0,803.4,96.0,7.0,20.9,0.0,1024.5
2025-06-18 17:00:00+00:00,25.0,52,14.4,0,0,0,0,492.0,405.0,742.6,87.0,9.0,24.5,0.0,1024.3
2025-06-18 18:00:00+00:00,23.8,56,14.4,0,0,0,0,334.0,259.0,645.5,75.0,10.4,25.2,0.0,1024.1
2025-06-18 19:00:00+00:00,22.6,59,14.1,0,0,0,0,182.0,125.0,498.4,57.0,9.1,25.2,0.0,1024.4
2025-06-18 20:00:00+00:00,21.6,64,14.4,0,0,0,0,58.0,29.0,278.1,29.0,7.5,20.5,0.0,1024.5
2025-06-18 21:00:00+00:00,20.4,69,14.4,0,0,0,0,2.0,0.0,0.0,2.0,7.9,15.8,0.0,1024.8
2025-06-18 22:00:00+00:00,19.7,73,14.8,0,0,0,0,0.0,0.0,0.0,0.0,7.6,14.8,0.0,1024.9
2025-06-18 23:00:00+00:00,18.9,78,14.9,0,0,0,0,0.0,0.0,0.0,0.0,7.4,14.0,0.0,1025.0
2025-06-19 00:00:00+00:00,18.3,77,14.1,0,0,0,0,0.0,0.0,0.0,0.0,8.6,15.5,0.0,1024.9
2025-06-19 01:00:00+00:00,16.9,76,12.7,0,0,0,0,0.0,0.0,0.0,0.0,9.5,17.6,0.0,1025.0
2025-06-19 02:00:00+00:00,16.1,80,12.6,0,0,0,0,0.0,0.0,0.0,0.0,5.0,17.3,0.0,1025.1
2025-06-19 03:00:00+00:00,15.2,85,12.8,0,0,0,0,0.0,0.0,0.0,0.0,3.9,8.6,0.0,1025.1
2025-06-19 04:00:00+00:00,14.7,88,12.8,0,0,0,0,0.0,0.0,0.0,0.0,3.2,6.8,0.0,1025.0
2025-06-19 05:00:00+00:00,15.6,85,13.1,0,0,0,0,37.0,18.0,216.9,19.0,3.9,7.6,0.0,1025.1
2025-06-19 06:00:00+00:00,17.6,77,13.6,0,0,0,0,151.0,99.0,459.0,52.0,3.3,10.1,0.0,1025.2
2025-06-19 07:00:00+00:00,20.0,68,13.9,0,0,0,0,299.0,227.0,620.0,72.0,2.0,10.4,0.0,1025.3
2025-06-19 08:00:00+00:00,22.3,61,14.4,0,0,0,0,455.0,370.0,721.7,85.0,2.5,12.6,0.0,1025.3
2025-06-19 09:00:00+00:00,24.1,55,14.4,0,0,0,0,601.0,507.0,785.7,94.0,6.1,19.4,0.0,1025.3
2025-06-19 10:00:00+00:00,25.2,49,13.6,0,0,0,0,725.0,624.0,826.5,101.0,9.3,26.3,0.0,1025.2
2025-06-19 11:00:00+00:00,25.9,42,12.1,0,0,0,0,816.0,710.0,851.0,106.0,10.5,29.5,0.0,1025.2
2025-06-19 12:00:00+00:00,26.5,39,11.5,0,0,0,0,867.0,759.0,864.7,108.0,10.8,30.6,0.0,1025.3
2025-06-19 13:00:00+00:00,27.5,36,11.2,0,0,0,0,873.0,766.0,868.0,107.0,10.6,29.9,0.0,1025.1
2025-06-19 14:00:00+00:00,27.7,35,10.9,0,0,0,0,835.0,729.0,859.6,106.0,10.9,30.6,0.0,1024.6
2025-06-19 15:00:00+00:00,27.6,35,10.8,0,0,0,0,754.0,654.0,841.8,100.0,11.7,31.3,0.0,1024.1
2025-06-19 16:00:00+00:00,27.0,36,10.8,0,0,0,0,637.0,543.0,805.8,94.0,12.5,32.4,0.0,1024.0
2025-06-19 17:00:00+00:00,26.2,37,10.6,95,0,0,95,494.0,409.0,749.1,85.0,12.5,32.4,0.0,1023.7
2025-06-19 18:00:00+00:00,25.3,40,10.6,4,0,0,4,322.0,227.0,564.8,95.0,11.6,31.0,0.0,1023.6
2025-06-19 19:00:00+00:00,24.5,43,10.9,1,0,0,1,184.0,126.0,501.1,58.0,9.7,27.4,0.0,1023.4
2025-06-19 20:00:00+00:00,23.0,49,11.6,89,0,0,89,59.0,30.0,285.9,29.0,9.7,21.6,0.0,1023.4
2025-06-19 21:00:00+00:00,21.6,55,12.1,16,0,0,16,2.0,0.0,0.0,2.0,11.1,20.9,0.0,1023.6
2025-06-19 22:00:00+00:00,20.9,60,12.8,98,0,0,98,0.0,0.0,0.0,0.0,12.1,23.8,0.0,1023.8
2025-06-19 23:00:00+00:00,20.4,64,13.2,97,0,0,97,0.0,0.0,0.0,0.0,9.7,23.0,0.0,1023.8
2025-06-20 00:00:00+00:00,20.0,66,13.4,83,0,0,83,0.0,0.0,0.0,0.0,10.4,19.1,0.0,1024.1
2025-06-20 01:00:00+00:00,18.9,71,13.6,68,0,0,68,0.0,0.0,0.0,0.0,13.3,25.6,0.0,1023.9
2025-06-20 02:00:00+00:00,18.5,72,13.3,60,0,0,60,0.0,0.0,0.0,0.0,13.0,25.6,0.0,1023.7
2025-06-20 03:00:00+00:00,18.0,73,13.1,56,0,0,56,0.0,0.0,0.0,0.0,11.9,24.8,0.0,1023.3
2025-06-20 04:00:00+00:00,17.5,76,13.2,100,0,0,100,0.0,0.0,0.0,0.0,11.4,22.7,0.0,1023.5
2025-06-20 05:00:00+00:00,18.0,75,13.5,100,0,0,100,27.0,2.0,24.2,25.0,13.6,26.3,0.0,1023.4
2025-06-20 06:00:00+00:00,18.9,72,13.6,100,0,0,100,64.0,0.0,0.0,64.0,12.1,26.6,0.0,1023.4
2025-06-20 07:00:00+00:00,20.4,66,13.9,100,0,0,100,189.0,31.0,84.8,158.0,10.7,24.5,0.0,1023.4
2025-06-20 08:00:00+00:00,21.8,60,13.7,100,0,42,100,384.0,191.0,372.9,193.0,13.5,31.7,0.0,1023.6
2025-06-20 09:00:00+00:00,23.0,54,13.2,100,0,92,100,532.0,310.0,480.7,222.0,16.1,38.2,0.0,1023.1
2025-06-20 10:00:00+00:00,22.2,56,13.1,100,0,100,100,324.0,41.0,54.3,283.0,15.6,38.5,0.0,1023.0
2025-06-20 11:00:00+00:00,22.0,57,13.0,100,0,63,100,284.0,28.0,33.6,256.0,12.8,35.6,0.0,1023.3
2025-06-20 12:00:00+00:00,23.6,50,12.5,100,0,0,100,547.0,166.0,189.1,381.0,14.6,35.3,0.0,1022.8
2025-06-20 13:00:00+00:00,27.0,41,12.6,31,0,0,31,866.0,739.0,837.3,127.0,16.5,41.4,0.0,1022.2
2025-06-20 14:00:00+00:00,27.2,39,11.9,99,0,0,99,835.0,722.0,851.1,113.0,16.8,41.0,0.0,1022.2
2025-06-20 15:00:00+00:00,27.0,38,11.2,2,0,1,2,713.0,519.0,667.7,194.0,18.1,43.6,0.0,1021.6
2025-06-20 16:00:00+00:00,26.9,37,11.0,1,0,0,1,636.0,538.0,797.8,98.0,16.5,42.8,0.0,1021.4
2025-06-20 17:00:00+00:00,26.5,37,10.8,0,0,0,0,494.0,408.0,746.5,86.0,15.7,38.9,0.0,1021.1
2025-06-20 18:00:00+00:00,25.5,39,10.8,0,0,0,0,339.0,265.0,658.4,74.0,15.1,36.7,0.0,1021.0
2025-06-20 19:00:00+00:00,24.2,48,12.4,0,0,0,0,186.0,130.0,515.7,56.0,13.4,33.8,0.0,1020.8
2025-06-20 20:00:00+00:00,22.6,55,13.1,0,0,0,0,60.0,32.0,303.3,28.0,13.1,28.4,0.0,1020.7
2025-06-20 21:00:00+00:00,21.5,59,13.2,0,0,0,0,2.0,0.0,0.0,2.0,13.7,26.6,0.0,1020.7
2025-06-20 22:00:00+00:00,21.0,61,13.2,1,0,1,0,0.0,0.0,0.0,0.0,13.9,27.0,0.0,1020.4
2025-06-20 23:00:00+00:00,20.5,63,13.1,2,0,1,1,0.0,0.0,0.0,0.0,12.7,27.0,0.0,1020.1
2025-06-21 00:00:00+00:00,19.9,64,12.9,1,0,0,1,0.0,0.0,0.0,0.0,12.1,24.5,0.0,1019.8
2025-06-21 01:00:00+00:00,19.1,67,12.9,9,0,9,1,0.0,0.0,0.0,0.0,13.5,25.6,0.0,1019.3
2025-06-21 02:00:00+00:00,18.8,70,13.2,22,0,22,0,0.0,0.0,0.0,0.0,13.5,25.9,0.0,1018.8
2025-06-21 03:00:00+00:00,18.5,73,13.7,61,0,61,0,0.0,0.0,0.0,0.0,12.7,25.9,0.0,1018.4
2025-06-21 04:00:00+00:00,18.5,74,13.9,54,0,51,6,0.0,0.0,0.0,0.0,10.8,24.5,0.0,1018.3
2025-06-21 05:00:00+00:00,18.8,74,14.1,46,0,46,4,28.0,9.0,109.0,19.0,13.3,24.8,0.0,1018.2
2025-06-21 06:00:00+00:00,19.9,71,14.4,45,0,45,0,123.0,62.0,288.7,61.0,6.8,25.9,0.0,1018.4
2025-06-21 07:00:00+00:00,21.1,66,14.6,78,0,30,69,226.0,141.0,386.1,85.0,11.2,25.2,0.0,1018.1
2025-06-21 08:00:00+00:00,22.6,60,14.6,100,0,31,100,367.0,240.0,469.0,127.0,12.3,30.2,0.0,1017.9
2025-06-21 09:00:00+00:00,24.1,55,14.6,47,0,27,28,522.0,380.0,589.6,142.0,12.1,30.2,0.0,1017.9
2025-06-21 10:00:00+00:00,25.6,50,14.4,99,0,40,98,666.0,528.0,699.9,138.0,11.9,32.0,0.0,1018.0
2025-06-21 11:00:00+00:00,25.6,51,14.7,100,0,84,100,603.0,282.0,338.2,321.0,10.5,31.3,0.1,1018.2
2025-06-21 12:00:00+00:00,25.0,52,14.5,100,0,41,100,402.0,117.0,133.3,285.0,13.6,33.5,0.0,1017.5
2025-06-21 13:00:00+00:00,23.2,59,14.8,94,0,40,91,152.0,0.0,0.0,152.0,12.2,31.0,0.1,1017.2
2025-06-21 14:00:00+00:00,26.1,49,14.8,28,0,27,1,617.0,385.0,453.7,232.0,13.3,33.8,0.0,1016.5
2025-06-21 15:00:00+00:00,27.9,44,14.5,3,0,3,0,692.0,523.0,672.6,169.0,15.3,37.1,0.0,1015.8
2025-06-21 16:00:00+00:00,28.0,44,14.8,50,0,1,49,622.0,521.0,772.1,101.0,16.9,40.0,0.0,1015.0
2025-06-21 17:00:00+00:00,27.4,47,15.2,89,0,11,88,472.0,366.0,669.1,106.0,17.8,41.8,0.0,1014.6
2025-06-21 18:00:00+00:00,26.2,51,15.4,19,0,10,11,310.0,208.0,516.1,102.0,16.7,40.3,0.0,1013.9
2025-06-21 19:00:00+00:00,25.0,55,15.4,22,0,22,0,176.0,117.0,463.2,59.0,16.3,36.7,0.0,1013.3
2025-06-21 20:00:00+00:00,23.4,61,15.3,8,0,8,0,55.0,24.0,226.4,31.0,12.1,33.8,0.0,1013.8
2025-06-21 21:00:00+00:00,22.0,64,14.9,73,0,46,50,2.0,0.0,0.0,2.0,10.1,25.2,0.0,1014.2
2025-06-21 22:00:00+00:00,21.0,69,15.1,100,0,32,100,0.0,0.0,0.0,0.0,9.0,20.2,0.0,1014.0
2025-06-21 23:00:00+00:00,20.3,75,15.6,100,0,43,100,0.0,0.0,0.0,0.0,11.4,20.9,0.0,1013.9
2025-06-22 00:00:00+00:00,20.0,77,15.8,100,0,16,100,0.0,0.0,0.0,0.0,11.3,23.0,0.0,1014.3
2025-06-22 01:00:00+00:00,18.2,80,14.6,99,0,0,99,0.0,0.0,0.0,0.0,14.3,32.0,0.0,1014.4
2025-06-22 02:00:00+00:00,16.8,84,14.0,90,0,0,90,0.0,0.0,0.0,0.0,12.5,29.9,0.0,1014.5
2025-06-22 03:00:00+00:00,15.9,86,13.6,66,0,0,66,0.0,0.0,0.0,0.0,11.6,25.2,0.0,1014.5
2025-06-22 04:00:00+00:00,15.1,89,13.2,0,0,0,0,0.0,0.0,0.0,0.0,9.7,22.7,0.0,1015.0
2025-06-22 05:00:00+00:00,15.4,86,13.2,0,0,0,0,36.0,16.0,194.6,20.0,10.4,22.7,0.0,1015.4
2025-06-22 06:00:00+00:00,16.8,81,13.5,99,99,0,0,144.0,85.0,397.0,59.0,13.5,29.5,0.0,1015.6
2025-06-22 07:00:00+00:00,18.0,73,13.1,55,55,0,0,223.0,83.0,227.7,140.0,12.8,30.2,0.0,1015.7
2025-06-22 08:00:00+00:00,20.2,59,12.0,63,63,0,0,369.0,199.0,389.3,170.0,15.7,36.0,0.0,1015.5
2025-06-22 09:00:00+00:00,21.5,55,11.9,4,4,0,0,498.0,306.0,475.2,192.0,16.1,40.0,0.0,1015.2
2025-06-22 10:00:00+00:00,22.8,51,12.1,29,29,0,0,723.0,610.0,809.1,113.0,20.7,47.2,0.0,1015.0
2025-06-22 11:00:00+00:00,23.9,46,11.4,100,40,4,100,757.0,586.0,703.0,171.0,24.7,55.4,0.0,1014.7
2025-06-22 12:00:00+00:00,22.8,53,12.8,100,75,10,100,624.0,321.0,365.8,303.0,25.4,57.6,0.0,1014.6
2025-06-22 13:00:00+00:00,22.0,58,13.4,95,32,19,92,555.0,179.0,202.8,376.0,24.4,57.6,0.0,1014.9
2025-06-22 14:00:00+00:00,21.9,58,13.4,95,32,61,87,607.0,298.0,351.2,309.0,26.7,59.0,0.0,1014.5
2025-06-22 15:00:00+00:00,21.4,60,13.4,100,92,100,4,571.0,319.0,410.1,252.0,28.6,63.0,0.0,1014.2
2025-06-22 16:00:00+00:00,19.0,76,14.6,73,51,45,0,106.0,0.0,0.0,106.0,26.6,63.0,0.0,1013.9
2025-06-22 17:00:00+00:00,20.0,69,14.1,80,20,76,0,306.0,124.0,226.5,182.0,27.3,61.9,0.0,1013.2
2025-06-22 18:00:00+00:00,19.3,71,13.9,96,5,96,0,236.0,103.0,255.3,133.0,23.7,59.0,0.0,1013.0
2025-06-22 19:00:00+00:00,18.6,74,13.9,44,14,35,0,101.0,11.0,43.5,90.0,22.0,51.8,0.0,1012.8
2025-06-22 20:00:00+00:00,18.0,77,13.9,66,50,31,0,48.0,14.0,131.6,34.0,19.7,47.5,0.0,1013.0
2025-06-22 21:00:00+00:00,17.5,81,14.1,100,5,100,0,1.0,0.0,0.0,1.0,19.9,41.8,0.0,1013.2
2025-06-22 22:00:00+00:00,17.3,83,14.4,40,24,23,0,0.0,0.0,0.0,0.0,19.3,41.8,0.0,1013.1
2025-06-22 23:00:00+00:00,17.0,85,14.4,100,100,100,0,0.0,0.0,0.0,0.0,20.8,43.2,0.0,1012.8
2025-06-23 00:00:00+00:00,17.2,85,14.6,80,61,38,19,0.0,0.0,0.0,0.0,21.3,43.9,0.0,1012.3
2025-06-23 01:00:00+00:00,16.8,85,14.3,67,24,9,52,0.0,0.0,0.0,0.0,20.4,42.8,0.0,1012.1
2025-06-23 02:00:00+00:00,16.5,87,14.4,78,27,3,69,0.0,0.0,0.0,0.0,19.7,43.2,0.0,1011.8
2025-06-23 03:00:00+00:00,16.4,83,13.5,26,25,1,0,0.0,0.0,0.0,0.0,19.3,40.0,0.0,1011.6
2025-06-23 04:00:00+00:00,15.8,78,12.0,100,100,0,0,0.0,0.0,0.0,0.0,19.8,41.0,0.0,1011.9
2025-06-23 05:00:00+00:00,15.6,69,9.9,100,100,2,0,21.0,3.0,36.6,18.0,21.5,47.2,0.0,1012.7
2025-06-23 06:00:00+00:00,15.4,60,7.6,88,1,0,88,63.0,8.0,37.5,55.0,20.1,49.3,0.0,1013.4
2025-06-23 07:00:00+00:00,15.8,58,7.6,24,12,0,14,275.0,157.0,431.5,118.0,19.3,45.4,0.0,1014.0
2025-06-23 08:00:00+00:00,17.2,51,7.1,15,15,1,0,432.0,322.0,630.8,110.0,23.9,53.3,0.0,1014.4
2025-06-23 09:00:00+00:00,18.6,44,6.2,100,100,2,31,585.0,470.0,730.5,115.0,24.4,55.4,0.0,1014.7
2025-06-23 10:00:00+00:00,18.7,44,6.3,72,54,12,39,404.0,148.0,196.4,256.0,22.9,55.1,0.0,1015.3
2025-06-23 11:00:00+00:00,19.9,41,6.1,95,94,28,3,636.0,357.0,428.4,279.0,23.6,54.0,0.0,1015.5
2025-06-23 12:00:00+00:00,20.5,39,6.0,61,57,25,8,623.0,244.0,278.1,379.0,23.3,54.0,0.0,1016.0
2025-06-23 13:00:00+00:00,20.8,38,5.8,64,62,28,1,681.0,320.0,362.6,361.0,23.4,53.3,0.0,1016.2
2025-06-23 14:00:00+00:00,21.6,35,5.3,33,0,33,0,683.0,412.0,485.4,271.0,23.1,54.0,0.0,1015.9
2025-06-23 15:00:00+00:00,22.0,35,5.7,8,2,6,0,711.0,532.0,683.7,179.0,21.8,52.9,0.0,1015.7
2025-06-23 16:00:00+00:00,21.6,36,6.0,5,3,4,0,624.0,505.0,747.7,119.0,20.5,50.4,0.0,1015.7
2025-06-23 17:00:00+00:00,20.9,39,6.5,10,10,2,0,488.0,389.0,710.1,99.0,21.0,47.9,0.0,1015.6
2025-06-23 18:00:00+00:00,20.0,42,6.8,4,4,0,0,334.0,250.0,619.1,84.0,19.9,47.5,0.0,1016.0
2025-06-23 19:00:00+00:00,19.0,46,7.3,10,7,0,3,188.0,127.0,501.2,61.0,18.1,43.9,0.0,1016.1
2025-06-23 20:00:00+00:00,17.5,55,8.3,1,0,0,1,60.0,29.0,271.8,31.0,14.1,39.6,0.0,1016.4
2025-06-23 21:00:00+00:00,16.2,60,8.4,8,4,3,2,2.0,0.0,0.0,2.0,10.1,28.4,0.0,1016.8
2025-06-23 22:00:00+00:00,15.4,66,8.9,2,1,1,0,0.0,0.0,0.0,0.0,10.6,21.2,0.0,1016.9
2025-06-23 23:00:00+00:00,14.9,70,9.4,3,1,3,0,0.0,0.0,0.0,0.0,10.8,21.6,0.0,1017.0
2025-06-24 00:00:00+00:00,14.5,72,9.6,5,4,2,0,0.0,0.0,0.0,0.0,10.7,22.0,0.0,1016.9
2025-06-24 01:00:00+00:00,13.6,78,9.8,1,0,1,0,0.0,0.0,0.0,0.0,11.8,23.8,0.0,1016.1
2025-06-24 02:00:00+00:00,13.4,81,10.2,5,1,4,0,0.0,0.0,0.0,0.0,11.6,23.8,0.0,1015.6
2025-06-24 03:00:00+00:00,13.3,85,10.8,72,30,52,25,0.0,0.0,0.0,0.0,11.5,23.0,0.0,1015.3
2025-06-24 04:00:00+00:00,13.9,85,11.4,97,95,48,0,0.0,0.0,0.0,0.0,13.2,26.3,0.0,1014.5
2025-06-24 05:00:00+00:00,14.7,87,12.5,100,100,100,0,17.0,1.0,12.3,16.0,15.0,30.2,0.3,1014.1
2025-06-24 06:00:00+00:00,15.4,85,12.9,100,100,98,0,31.0,0.0,0.0,31.0,16.8,35.6,0.0,1013.9
2025-06-24 07:00:00+00:00,16.6,83,13.8,100,100,100,18,84.0,0.0,0.0,84.0,17.8,40.3,0.0,1014.0
2025-06-24 08:00:00+00:00,17.2,82,14.1,100,100,21,0,79.0,1.0,2.0,78.0,17.8,40.0,0.0,1014.1
2025-06-24 09:00:00+00:00,18.1,80,14.6,100,99,100,14,150.0,5.0,7.8,145.0,17.7,42.5,0.1,1014.0
2025-06-24 10:00:00+00:00,18.3,82,15.1,100,64,100,97,192.0,13.0,17.3,179.0,20.9,43.6,0.2,1014.2
2025-06-24 11:00:00+00:00,19.0,80,15.5,100,92,100,17,253.0,19.0,22.8,234.0,19.4,43.6,0.1,1014.0
2025-06-24 12:00:00+00:00,19.7,77,15.6,100,100,1,1,282.0,23.0,26.2,259.0,21.3,46.4,0.1,1013.9
2025-06-24 13:00:00+00:00,21.2,72,15.9,99,99,21,12,306.0,24.0,27.2,282.0,18.5,41.8,0.0,1013.7
2025-06-24 14:00:00+00:00,22.9,65,15.9,100,100,100,0,537.0,215.0,253.3,322.0,18.5,43.9,0.0,1013.1
2025-06-24 15:00:00+00:00,21.9,68,15.8,32,24,11,0,191.0,9.0,11.6,182.0,15.1,42.5,0.0,1012.8
2025-06-24 16:00:00+00:00,24.0,59,15.4,100,100,0,0,590.0,433.0,640.9,157.0,18.0,41.4,0.0,1012.4
2025-06-24 17:00:00+00:00,21.8,71,16.2,70,70,0,0,208.0,52.0,94.9,156.0,17.9,41.4,0.0,1012.4
2025-06-24 18:00:00+00:00,21.2,74,16.4,26,26,0,0,233.0,94.0,232.6,139.0,16.9,40.3,0.0,1012.3
2025-06-24 19:00:00+00:00,20.4,78,16.4,10,10,0,0,176.0,109.0,429.7,67.0,14.9,37.4,0.0,1012.5
2025-06-24 20:00:00+00:00,19.1,84,16.4,3,3,0,0,57.0,26.0,243.2,31.0,13.9,32.0,0.0,1012.6
2025-06-24 21:00:00+00:00,18.0,90,16.3,1,1,0,0,2.0,0.0,0.0,2.0,12.9,28.4,0.0,1012.9
2025-06-24 22:00:00+00:00,17.4,93,16.3,1,1,0,0,0.0,0.0,0.0,0.0,11.5,25.6,0.0,1013.1
2025-06-24 23:00:00+00:00,16.8,95,16.0,0,0,0,0,0.0,0.0,0.0,0.0,9.5,22.3,0.0,1013.3
2025-06-25 00:00:00+00:00,16.2,94,15.3,3,3,0,0,0.0,0.0,0.0,0.0,9.3,18.0,0.0,1013.5
2025-06-25 01:00:00+00:00,15.6,92,14.4,1,1,0,0,0.0,0.0,0.0,0.0,10.2,19.8,0.0,1013.7
2025-06-25 02:00:00+00:00,15.1,92,13.7,0,0,0,0,0.0,0.0,0.0,0.0,9.7,19.8,0.0,1013.1
2025-06-25 03:00:00+00:00,14.4,94,13.4,5,1,0,4,0.0,0.0,0.0,0.0,9.5,18.4,0.0,1013.0
2025-06-25 04:00:00+00:00,14.1,95,13.3,70,12,0,66,0.0,0.0,0.0,0.0,9.0,18.0,0.0,1013.0
2025-06-25 05:00:00+00:00,14.6,93,13.4,99,95,0,85,33.0,13.0,160.3,20.0,8.9,16.6,0.0,1012.9
2025-06-25 06:00:00+00:00,16.6,81,13.4,100,100,0,65,119.0,44.0,207.9,75.0,10.6,23.0,0.0,1012.9
2025-06-25 07:00:00+00:00,17.8,76,13.4,70,66,0,13,190.0,38.0,104.9,152.0,8.8,24.5,0.0,1012.8
2025-06-25 08:00:00+00:00,19.6,68,13.6,64,58,0,14,373.0,212.0,416.6,161.0,6.1,20.9,0.0,1013.2
2025-06-25 09:00:00+00:00,21.0,63,13.8,100,100,0,13,489.0,323.0,503.1,166.0,5.2,18.7,0.0,1013.0
2025-06-25 10:00:00+00:00,21.9,60,13.8,100,100,3,66,445.0,113.0,150.2,332.0,6.1,19.8,0.0,1013.1
2025-06-25 11:00:00+00:00,22.7,58,13.9,100,97,67,100,454.0,114.0,137.0,340.0,5.5,19.4,0.0,1012.6
2025-06-25 12:00:00+00:00,23.3,56,14.1,100,48,11,100,458.0,91.0,103.8,367.0,6.5,20.2,0.0,1012.5
2025-06-25 13:00:00+00:00,23.6,54,13.9,100,41,21,100,371.0,41.0,46.5,330.0,4.6,14.8,0.0,1012.4
2025-06-25 14:00:00+00:00,24.6,49,13.1,100,100,20,86,561.0,222.0,261.6,339.0,10.6,27.0,0.0,1012.0
2025-06-25 15:00:00+00:00,22.4,63,14.9,59,0,59,0,553.0,244.0,313.5,309.0,12.7,34.9,0.1,1012.1
2025-06-25 16:00:00+00:00,22.0,63,14.6,19,0,19,0,493.0,263.0,389.2,230.0,9.0,32.8,0.0,1011.7
2025-06-25 17:00:00+00:00,22.2,62,14.6,9,0,5,4,460.0,339.0,618.3,121.0,7.0,24.8,0.0,1010.9
2025-06-25 18:00:00+00:00,21.6,64,14.4,97,0,19,97,330.0,249.0,615.8,81.0,9.7,24.5,0.0,1011.2
2025-06-25 19:00:00+00:00,20.0,71,14.4,84,0,1,84,142.0,47.0,185.1,95.0,9.4,25.2,0.0,1011.0
2025-06-25 20:00:00+00:00,18.5,80,14.9,100,1,7,100,54.0,18.0,168.2,36.0,8.5,22.0,0.0,1010.8
2025-06-25 21:00:00+00:00,17.8,85,15.2,100,3,3,100,2.0,0.0,0.0,2.0,10.1,20.2,0.0,1011.1
2025-06-25 22:00:00+00:00,17.4,87,15.3,78,3,2,76,0.0,0.0,0.0,0.0,9.9,19.8,0.0,1010.8
2025-06-25 23:00:00+00:00,16.6,91,15.2,20,5,3,12,0.0,0.0,0.0,0.0,10.2,19.8,0.0,1010.6
2025-06-26 00:00:00+00:00,15.9,96,15.2,46,14,4,34,0.0,0.0,0.0,0.0,10.0,21.6,0.0,1010.6
2025-06-26 01:00:00+00:00,16.0,95,15.2,71,0,62,26,0.0,0.0,0.0,0.0,9.8,20.9,0.1,1010.9
2025-06-26 02:00:00+00:00,15.8,97,15.4,99,1,93,89,0.0,0.0,0.0,0.0,9.3,18.7,0.9,1011.0
2025-06-26 03:00:00+00:00,15.9,98,15.5,99,72,55,92,0.0,0.0,0.0,0.0,12.0,22.3,1.4,1010.9
2025-06-26 04:00:00+00:00,15.6,99,15.5,100,100,9,26,0.0,0.0,0.0,0.0,11.2,22.7,0.0,1010.8
2025-06-26 05:00:00+00:00,15.9,96,15.4,100,100,2,94,19.0,0.0,0.0,19.0,15.6,29.5,0.0,1010.7
2025-06-26 06:00:00+00:00,16.7,92,15.4,100,100,62,100,78.0,6.0,28.5,72.0,18.3,38.5,0.0,1011.0
2025-06-26 07:00:00+00:00,17.3,92,15.9,100,98,79,49,117.0,7.0,19.4,110.0,19.0,38.9,3.0,1010.9
2025-06-26 08:00:00+00:00,17.8,90,16.1,100,99,92,0,148.0,16.0,31.5,132.0,23.2,43.9,1.1,1011.5
2025-06-26 09:00:00+00:00,18.2,87,16.1,100,100,100,0,180.0,8.0,12.5,172.0,26.2,51.8,0.1,1011.6
2025-06-26 10:00:00+00:00,18.7,85,16.1,96,95,28,0,178.0,0.0,0.0,178.0,22.2,51.5,0.1,1011.9
2025-06-26 11:00:00+00:00,19.8,83,16.8,100,100,94,88,465.0,171.0,205.6,294.0,19.9,51.1,0.5,1012.1
2025-06-26 12:00:00+00:00,19.8,79,16.1,36,13,3,24,186.0,0.0,0.0,186.0,16.6,46.4,0.1,1012.6
2025-06-26 13:00:00+00:00,23.2,49,11.8,95,91,0,46,658.0,350.0,396.8,308.0,22.7,52.9,0.0,1013.0
2025-06-26 14:00:00+00:00,23.1,47,11.3,99,95,3,85,538.0,206.0,242.8,332.0,22.7,51.8,0.0,1013.6
2025-06-26 15:00:00+00:00,22.4,49,11.1,99,64,0,96,472.0,186.0,239.0,286.0,22.5,52.6,0.0,1014.5
2025-06-26 16:00:00+00:00,21.9,46,9.9,67,10,0,63,549.0,344.0,508.9,205.0,20.7,50.8,0.0,1015.1
2025-06-26 17:00:00+00:00,21.4,48,9.9,82,7,2,81,481.0,373.0,680.1,108.0,19.6,46.8,0.0,1015.5
2025-06-26 18:00:00+00:00,20.6,50,9.8,41,13,0,31,314.0,209.0,516.7,105.0,17.3,44.3,0.0,1016.1
2025-06-26 19:00:00+00:00,19.9,51,9.4,99,4,8,99,174.0,106.0,417.4,68.0,15.1,38.5,0.0,1016.6
2025-06-26 20:00:00+00:00,18.5,57,9.9,100,2,11,100,54.0,15.0,140.1,39.0,10.3,32.0,0.0,1017.4
2025-06-26 21:00:00+00:00,17.2,64,10.4,100,3,16,100,2.0,0.0,0.0,2.0,7.4,20.9,0.0,1018.3
2025-06-26 22:00:00+00:00,16.5,71,11.2,100,0,45,100,0.0,0.0,0.0,0.0,7.4,14.4,0.0,1018.8
2025-06-26 23:00:00+00:00,16.0,75,11.6,100,0,99,100,0.0,0.0,0.0,0.0,7.8,15.5,0.0,1019.2
2025-06-27 00:00:00+00:00,15.8,76,11.6,100,0,100,100,0.0,0.0,0.0,0.0,6.9,15.8,0.1,1019.4
2025-06-27 01:00:00+00:00,15.4,83,12.6,100,4,100,100,0.0,0.0,0.0,0.0,3.3,7.9,0.0,1019.7
2025-06-27 02:00:00+00:00,14.9,89,13.2,100,2,100,100,0.0,0.0,0.0,0.0,4.6,9.0,0.5,1019.5
2025-06-27 03:00:00+00:00,14.9,93,13.8,100,5,100,0,0.0,0.0,0.0,0.0,2.3,8.3,0.2,1019.9
2025-06-27 04:00:00+00:00,14.9,94,14.0,44,0,43,2,0.0,0.0,0.0,0.0,6.8,12.2,0.0,1019.4
2025-06-27 05:00:00+00:00,14.9,95,14.1,14,0,6,9,29.0,9.0,112.3,20.0,7.2,12.2,0.0,1019.5
2025-06-27 06:00:00+00:00,16.1,92,14.9,35,6,7,27,134.0,74.0,353.0,60.0,7.4,15.8,0.0,1019.9
2025-06-27 07:00:00+00:00,17.9,80,14.4,100,42,9,99,268.0,174.0,483.1,94.0,14.4,30.2,0.0,1020.2
2025-06-27 08:00:00+00:00,19.4,74,14.6,100,84,3,99,353.0,172.0,339.2,181.0,14.8,33.8,0.1,1020.4
2025-06-27 09:00:00+00:00,20.6,68,14.4,92,86,34,18,368.0,129.0,201.5,239.0,17.3,38.9,0.2,1020.6
2025-06-27 10:00:00+00:00,21.4,67,15.0,97,96,6,27,411.0,117.0,155.8,294.0,17.8,40.3,0.1,1020.7
2025-06-27 11:00:00+00:00,22.1,65,15.2,79,52,4,55,490.0,139.0,167.2,351.0,18.8,42.5,0.0,1020.9
2025-06-27 12:00:00+00:00,22.5,63,15.1,100,100,6,100,582.0,255.0,291.1,327.0,22.0,50.0,0.0,1021.1
2025-06-27 13:00:00+00:00,22.4,69,16.3,94,92,11,9,509.0,115.0,130.4,394.0,20.2,46.4,0.0,1021.2
2025-06-27 14:00:00+00:00,22.8,66,16.1,90,90,2,0,615.0,326.0,384.2,289.0,22.9,51.8,0.0,1021.2
2025-06-27 15:00:00+00:00,21.9,71,16.4,69,69,0,0,489.0,238.0,305.8,251.0,22.1,52.6,0.0,1021.5
2025-06-27 16:00:00+00:00,21.9,68,15.6,96,96,0,0,481.0,219.0,324.0,262.0,25.6,55.4,0.0,1021.5
2025-06-27 17:00:00+00:00,20.0,82,17.0,100,100,0,7,255.0,71.0,129.5,184.0,23.1,57.6,0.0,1021.6
2025-06-27 18:00:00+00:00,19.6,83,16.7,70,70,0,0,94.0,0.0,0.0,94.0,20.5,50.8,0.0,1021.7
2025-06-27 19:00:00+00:00,19.6,82,16.4,98,98,0,0,128.0,47.0,185.1,81.0,21.9,46.8,0.0,1021.7
2025-06-27 20:00:00+00:00,19.0,87,16.6,98,98,0,0,35.0,2.0,18.7,33.0,19.0,49.7,0.0,1022.0
2025-06-27 21:00:00+00:00,18.4,89,16.5,100,100,0,0,1.0,0.0,0.0,1.0,17.1,41.8,0.0,1022.6
2025-06-27 22:00:00+00:00,18.2,90,16.6,100,100,0,0,0.0,0.0,0.0,0.0,16.8,38.5,0.0,1022.8
2025-06-27 23:00:00+00:00,18.0,92,16.8,100,100,0,0,0.0,0.0,0.0,0.0,15.2,36.7,0.0,1023.0
2025-06-28 00:00:00+00:00,18.1,92,16.8,100,100,0,0,0.0,0.0,0.0,0.0,14.5,32.0,0.0,1023.2
2025-06-28 01:00:00+00:00,18.2,92,16.9,100,100,0,0,0.0,0.0,0.0,0.0,14.3,31.3,0.0,1023.3
2025-06-28 02:00:00+00:00,18.1,93,17.0,100,100,3,0,0.0,0.0,0.0,0.0,12.8,30.6,0.0,1023.2
2025-06-28 03:00:00+00:00,18.0,94,17.0,100,100,0,0,0.0,0.0,0.0,0.0,11.7,26.6,0.0,1023.1
2025-06-28 04:00:00+00:00,18.2,92,16.9,100,100,0,0,0.0,0.0,0.0,0.0,13.2,27.7,0.0,1023.1
2025-06-28 05:00:00+00:00,18.4,91,16.9,100,100,0,0,8.0,0.0,0.0,8.0,11.5,28.1,0.0,1023.2
2025-06-28 06:00:00+00:00,18.9,88,16.9,100,100,0,0,51.0,0.0,0.0,51.0,14.6,30.6,0.0,1023.6
2025-06-28 07:00:00+00:00,19.6,85,17.0,100,100,1,0,112.0,3.0,8.4,109.0,17.0,36.4,0.0,1024.2
2025-06-28 08:00:00+00:00,20.2,83,17.1,100,100,0,0,144.0,5.0,9.9,139.0,15.7,36.4,0.0,1024.6
2025-06-28 09:00:00+00:00,21.0,79,17.2,93,93,0,0,187.0,3.0,4.7,184.0,14.8,34.6,0.0,1024.6
2025-06-28 10:00:00+00:00,23.2,69,17.1,57,57,0,0,470.0,155.0,206.6,315.0,15.0,35.3,0.0,1024.7
2025-06-28 11:00:00+00:00,24.4,63,16.9,100,100,0,0,586.0,335.0,403.3,251.0,16.7,40.0,0.0,1024.8
2025-06-28 12:00:00+00:00,23.6,67,17.0,100,100,0,0,363.0,91.0,104.0,272.0,15.7,40.3,0.0,1024.9
2025-06-28 13:00:00+00:00,24.9,65,17.7,100,100,0,0,596.0,277.0,314.3,319.0,15.9,41.8,0.0,1024.7
2025-06-28 14:00:00+00:00,24.5,66,17.7,32,32,0,0,478.0,142.0,167.4,336.0,16.0,39.2,0.0,1024.7
2025-06-28 15:00:00+00:00,25.0,64,17.7,24,24,0,0,595.0,352.0,452.4,243.0,17.4,41.8,0.0,1024.6
2025-06-28 16:00:00+00:00,25.2,63,17.6,25,25,0,0,560.0,394.0,582.9,166.0,18.1,43.2,0.0,1024.4
2025-06-28 17:00:00+00:00,24.5,65,17.5,8,8,0,0,441.0,312.0,568.9,129.0,17.1,42.8,0.0,1024.4
2025-06-28 18:00:00+00:00,23.8,68,17.5,1,1,0,0,311.0,219.0,541.4,92.0,15.0,40.0,0.0,1024.4
2025-06-28 19:00:00+00:00,22.9,71,17.4,0,0,0,0,180.0,121.0,476.7,59.0,12.3,34.6,0.0,1024.4
2025-06-28 20:00:00+00:00,21.5,77,17.4,0,0,0,0,58.0,28.0,262.3,30.0,11.0,27.7,0.0,1024.7
2025-06-28 21:00:00+00:00,20.3,83,17.2,1,1,0,0,2.0,0.0,0.0,2.0,10.8,23.0,0.0,1025.2
2025-06-28 22:00:00+00:00,19.7,86,17.4,39,39,0,0,0.0,0.0,0.0,0.0,7.7,20.9,0.0,1025.5
2025-06-28 23:00:00+00:00,19.5,86,17.1,33,33,0,0,0.0,0.0,0.0,0.0,9.0,16.9,0.0,1025.7
2025-06-29 00:00:00+00:00,18.6,87,16.5,0,0,0,0,0.0,0.0,0.0,0.0,9.1,18.0,0.0,1025.7
2025-06-29 01:00:00+00:00,19.4,86,16.9,100,100,0,0,0.0,0.0,0.0,0.0,5.6,12.6,0.0,1025.6
2025-06-29 02:00:00+00:00,18.8,88,16.8,38,38,0,0,0.0,0.0,0.0,0.0,6.5,11.9,0.0,1025.4
2025-06-29 03:00:00+00:00,17.8,92,16.5,8,8,0,0,0.0,0.0,0.0,0.0,7.7,14.0,0.0,1025.5
2025-06-29 04:00:00+00:00,17.0,95,16.1,42,42,0,0,0.0,0.0,0.0,0.0,8.6,16.6,0.0,1025.6
2025-06-29 05:00:00+00:00,17.5,90,15.9,100,100,0,0,29.0,9.0,113.9,20.0,8.4,17.3,0.0,1025.7
2025-06-29 06:00:00+00:00,18.4,84,15.6,100,100,0,0,72.0,10.0,48.2,62.0,9.2,21.6,0.0,1025.9
2025-06-29 07:00:00+00:00,19.0,79,15.2,100,100,0,0,127.0,16.0,44.7,111.0,8.9,22.0,0.0,1026.0
2025-06-29 08:00:00+00:00,20.5,71,15.1,97,97,0,0,268.0,56.0,110.9,212.0,7.9,23.0,0.0,1026.2
2025-06-29 09:00:00+00:00,22.4,63,14.9,96,96,0,0,450.0,203.0,317.9,247.0,5.0,22.0,0.0,1026.2
2025-06-29 10:00:00+00:00,23.9,57,14.8,93,93,0,0,518.0,193.0,257.6,325.0,3.0,18.7,0.0,1026.2
2025-06-29 11:00:00+00:00,25.1,51,14.4,100,100,0,0,520.0,179.0,215.7,341.0,2.3,16.2,0.0,1025.8
2025-06-29 12:00:00+00:00,27.2,44,14.1,100,100,0,43,699.0,313.0,357.8,386.0,2.9,16.9,0.0,1025.1
2025-06-29 13:00:00+00:00,26.9,49,15.3,100,67,0,100,693.0,389.0,441.5,304.0,2.9,15.8,0.0,1024.9
2025-06-29 14:00:00+00:00,28.9,40,13.9,100,100,0,99,678.0,385.0,454.0,293.0,7.6,22.0,0.0,1024.1
2025-06-29 15:00:00+00:00,25.8,55,16.1,100,42,0,100,552.0,291.0,374.1,261.0,14.7,36.7,0.0,1024.2
2025-06-29 16:00:00+00:00,24.0,62,16.2,100,0,0,100,591.0,424.0,627.4,167.0,13.4,38.9,0.0,1024.1
2025-06-29 17:00:00+00:00,23.5,62,15.9,28,0,0,28,397.0,184.0,335.6,213.0,9.2,33.8,0.0,1023.5
2025-06-29 18:00:00+00:00,23.5,63,15.9,0,0,0,0,335.0,260.0,643.0,75.0,7.4,24.5,0.0,1022.8
2025-06-29 19:00:00+00:00,22.5,66,15.8,0,0,0,0,184.0,127.0,500.7,57.0,6.8,20.9,0.0,1022.6
2025-06-29 20:00:00+00:00,21.2,71,15.8,1,0,0,1,59.0,30.0,281.7,29.0,6.5,17.6,0.0,1022.7
2025-06-29 21:00:00+00:00,19.8,77,15.7,2,0,0,2,2.0,0.0,0.0,2.0,7.3,14.8,0.0,1023.0
2025-06-29 22:00:00+00:00,18.8,82,15.8,94,0,0,94,0.0,0.0,0.0,0.0,5.3,14.0,0.0,1023.2
2025-06-29 23:00:00+00:00,18.4,85,15.8,11,0,0,11,0.0,0.0,0.0,0.0,2.9,9.7,0.0,1022.9
2025-06-30 00:00:00+00:00,17.9,89,15.9,0,0,0,0,0.0,0.0,0.0,0.0,3.3,5.8,0.0,1022.5
2025-06-30 01:00:00+00:00,17.5,90,15.8,0,0,0,0,0.0,0.0,0.0,0.0,7.9,14.8,0.0,1022.0
2025-06-30 02:00:00+00:00,16.7,94,15.6,0,0,0,0,0.0,0.0,0.0,0.0,7.8,14.8,0.0,1021.6
2025-06-30 03:00:00+00:00,16.2,96,15.6,0,0,0,0,0.0,0.0,0.0,0.0,6.1,14.8,0.0,1021.2
2025-06-30 04:00:00+00:00,15.9,97,15.4,1,1,0,0,0.0,0.0,0.0,0.0,4.6,11.2,0.0,1020.8
2025-06-30 05:00:00+00:00,16.4,95,15.6,15,15,0,0,31.0,14.0,178.6,17.0,5.6,10.4,0.0,1020.5
2025-06-30 06:00:00+00:00,18.1,86,15.8,23,23,0,0,135.0,78.0,378.7,57.0,4.1,11.9,0.0,1020.1
2025-06-30 07:00:00+00:00,20.1,75,15.6,16,16,0,0,266.0,176.0,493.5,90.0,6.8,18.7,0.0,1019.9
2025-06-30 08:00:00+00:00,22.0,68,15.8,4,4,0,0,421.0,315.0,625.2,106.0,9.6,25.6,0.0,1019.6
2025-06-30 09:00:00+00:00,23.5,65,16.5,5,5,0,0,588.0,487.0,764.0,101.0,11.3,29.9,0.0,1019.1
2025-06-30 10:00:00+00:00,24.6,62,17.0,5,5,0,0,714.0,604.0,807.0,110.0,12.1,32.4,0.0,1018.9
2025-06-30 11:00:00+00:00,25.6,60,17.3,1,1,0,0,799.0,679.0,818.8,120.0,12.6,33.8,0.0,1018.5
2025-06-30 12:00:00+00:00,26.9,56,17.5,0,0,0,0,859.0,749.0,856.7,110.0,12.6,33.8,0.0,1018.0
2025-06-30 13:00:00+00:00,28.4,51,17.1,0,0,0,0,868.0,763.0,866.5,105.0,13.4,36.4,0.0,1017.4
2025-06-30 14:00:00+00:00,28.9,49,17.1,0,0,0,0,828.0,725.0,855.3,103.0,12.6,35.3,0.0,1016.7
2025-06-30 15:00:00+00:00,28.8,49,17.0,0,0,0,0,748.0,649.0,834.5,99.0,13.1,34.9,0.0,1016.1
2025-06-30 16:00:00+00:00,28.5,49,16.9,0,0,0,0,633.0,541.0,800.8,92.0,12.9,34.6,0.0,1015.6
2025-06-30 17:00:00+00:00,27.8,52,16.9,0,0,0,0,493.0,409.0,746.1,84.0,13.2,33.5,0.0,1015.0
2025-06-30 18:00:00+00:00,26.5,55,16.9,1,0,1,0,337.0,264.0,653.2,73.0,12.1,32.4,0.0,1014.6
2025-06-30 19:00:00+00:00,25.0,60,16.9,0,0,0,0,184.0,127.0,501.2,57.0,9.8,28.8,0.0,1014.6
2025-06-30 20:00:00+00:00,23.5,65,16.7,0,0,0,0,59.0,31.0,292.2,28.0,7.9,22.7,0.0,1014.7
2025-06-30 21:00:00+00:00,22.5,70,16.6,3,0,0,3,2.0,0.0,0.0,2.0,8.0,17.6,0.0,1014.9
2025-06-30 22:00:00+00:00,21.7,73,16.6,42,0,1,41,0.0,0.0,0.0,0.0,7.3,15.5,0.0,1015.0
2025-06-30 23:00:00+00:00,21.1,75,16.6,18,1,0,17,0.0,0.0,0.0,0.0,5.7,14.0,0.0,1014.9
2025-07-01 00:00:00+00:00,20.5,78,16.6,19,7,2,13,0.0,0.0,0.0,0.0,3.8,10.8,0.0,1014.7
2025-07-01 01:00:00+00:00,20.0,81,16.6,94,6,28,92,0.0,0.0,0.0,0.0,4.5,10.1,0.0,1014.2
2025-07-01 02:00:00+00:00,19.8,83,16.8,11,8,5,1,0.0,0.0,0.0,0.0,1.5,7.9,0.0,1014.0
2025-07-01 03:00:00+00:00,19.1,86,16.7,14,4,0,10,0.0,0.0,0.0,0.0,7.4,12.6,0.0,1014.0
2025-07-01 04:00:00+00:00,18.9,88,16.8,79,0,23,78,0.0,0.0,0.0,0.0,7.7,15.1,0.0,1013.9
2025-07-01 05:00:00+00:00,19.1,87,16.9,39,0,7,38,29.0,9.0,115.8,20.0,8.7,15.8,0.0,1013.8
2025-07-01 06:00:00+00:00,20.5,81,17.1,41,0,4,40,137.0,84.0,410.5,53.0,7.1,17.3,0.0,1013.8
2025-07-01 07:00:00+00:00,22.4,73,17.3,70,0,6,70,283.0,206.0,579.7,77.0,7.3,20.5,0.0,1013.9
2025-07-01 08:00:00+00:00,24.3,65,17.4,100,0,32,100,390.0,227.0,451.6,163.0,5.1,20.2,0.0,1013.9
2025-07-01 09:00:00+00:00,26.1,58,17.1,91,0,70,90,487.0,263.0,413.3,224.0,3.5,17.3,0.0,1014.1
2025-07-01 10:00:00+00:00,27.2,54,17.0,95,0,34,94,558.0,292.0,390.6,266.0,5.2,19.4,0.0,1014.1
2025-07-01 11:00:00+00:00,28.8,48,16.6,97,0,21,97,692.0,398.0,480.4,294.0,6.2,21.6,0.0,1014.0
2025-07-01 12:00:00+00:00,30.1,44,16.5,59,0,19,57,802.0,578.0,661.6,224.0,8.1,25.6,0.0,1014.1
2025-07-01 13:00:00+00:00,30.8,41,16.0,100,2,24,100,768.0,481.0,546.5,287.0,9.0,27.0,0.0,1014.0
2025-07-01 14:00:00+00:00,29.8,45,16.5,100,17,10,100,574.0,183.0,216.0,391.0,10.9,29.9,0.0,1014.2
2025-07-01 15:00:00+00:00,29.4,46,16.4,100,3,19,100,433.0,95.0,122.2,338.0,9.3,29.5,0.0,1014.0
2025-07-01 16:00:00+00:00,28.9,47,16.5,18,7,0,12,376.0,64.0,94.8,312.0,10.2,27.7,0.0,1013.9
2025-07-01 17:00:00+00:00,29.5,44,15.9,10,9,1,1,460.0,347.0,633.4,113.0,8.4,27.7,0.0,1013.7
2025-07-01 18:00:00+00:00,29.0,44,15.5,11,9,2,1,319.0,233.0,577.0,86.0,10.8,25.9,0.0,1013.6
2025-07-01 19:00:00+00:00,26.9,48,15.1,9,0,2,7,177.0,117.0,462.5,60.0,15.2,34.2,0.0,1013.9
2025-07-01 20:00:00+00:00,25.0,51,14.3,36,0,0,36,58.0,29.0,274.6,29.0,14.1,34.2,0.0,1014.3
2025-07-01 21:00:00+00:00,23.9,53,13.7,16,0,8,8,2.0,0.0,0.0,2.0,12.6,28.4,0.0,1014.9
2025-07-01 22:00:00+00:00,22.2,59,13.9,19,0,0,19,0.0,0.0,0.0,0.0,13.0,25.9,0.0,1015.2
2025-07-01 23:00:00+00:00,20.8,68,14.6,29,5,0,25,0.0,0.0,0.0,0.0,14.5,28.8,0.0,1015.5
2025-07-02 00:00:00+00:00,19.9,73,14.8,92,9,0,91,0.0,0.0,0.0,0.0,12.8,28.8,0.0,1015.7
2025-07-02 01:00:00+00:00,18.5,79,14.9,99,1,42,98,0.0,0.0,0.0,0.0,11.1,23.4,0.0,1015.7
2025-07-02 02:00:00+00:00,18.3,82,15.1,100,0,96,100,0.0,0.0,0.0,0.0,9.7,21.6,0.0,1015.4
2025-07-02 03:00:00+00:00,18.3,83,15.4,100,0,96,100,0.0,0.0,0.0,0.0,9.7,19.1,0.0,1015.2
2025-07-02 04:00:00+00:00,18.2,86,15.8,100,0,96,100,0.0,0.0,0.0,0.0,9.2,19.8,0.0,1015.1
2025-07-02 05:00:00+00:00,18.2,86,15.8,100,0,94,100,12.0,0.0,0.0,12.0,9.8,20.5,0.0,1015.1
2025-07-02 06:00:00+00:00,18.8,81,15.4,100,0,93,100,59.0,1.0,4.9,58.0,9.3,21.6,0.0,1015.6
2025-07-02 07:00:00+00:00,19.2,77,15.1,99,2,76,98,117.0,7.0,19.8,110.0,9.3,22.7,0.0,1015.8
2025-07-02 08:00:00+00:00,20.8,71,15.4,99,48,54,96,284.0,88.0,175.5,196.0,9.2,24.5,0.0,1016.4
2025-07-02 09:00:00+00:00,21.3,67,15.0,100,100,82,100,331.0,86.0,135.4,245.0,11.3,28.8,0.0,1016.8
2025-07-02 10:00:00+00:00,21.5,63,14.1,100,57,34,100,415.0,114.0,152.7,301.0,15.9,38.2,0.0,1017.3
2025-07-02 11:00:00+00:00,21.6,55,12.2,100,65,36,99,575.0,244.0,294.8,331.0,16.9,43.2,0.0,1017.8
2025-07-02 12:00:00+00:00,22.2,46,10.0,100,2,0,100,630.0,292.0,334.5,338.0,16.8,41.8,0.0,1018.4
2025-07-02 13:00:00+00:00,22.9,38,7.7,44,0,0,44,760.0,427.0,485.5,333.0,17.2,42.8,0.0,1019.0
2025-07-02 14:00:00+00:00,24.0,31,5.9,5,0,5,0,844.0,720.0,850.3,124.0,17.6,42.8,0.0,1018.9
2025-07-02 15:00:00+00:00,24.5,28,4.7,4,0,4,0,764.0,653.0,840.4,111.0,17.5,43.9,0.0,1018.8
2025-07-02 16:00:00+00:00,24.1,28,4.4,10,0,4,6,645.0,545.0,807.5,100.0,19.8,45.4,0.0,1019.1
2025-07-02 17:00:00+00:00,23.0,30,4.6,1,1,1,0,507.0,418.0,763.5,89.0,19.7,48.6,0.0,1020.0
2025-07-02 18:00:00+00:00,22.4,31,4.3,1,0,1,0,349.0,276.0,684.1,73.0,17.3,45.4,0.0,1020.6
2025-07-02 19:00:00+00:00,21.4,33,4.4,15,0,15,0,193.0,136.0,538.6,57.0,16.0,39.6,0.0,1021.4
2025-07-02 20:00:00+00:00,20.0,38,5.3,12,0,12,0,60.0,30.0,285.7,30.0,13.4,35.3,0.0,1022.3
2025-07-02 21:00:00+00:00,18.3,42,5.2,0,0,0,0,2.0,0.0,0.0,2.0,13.2,27.4,0.0,1023.5
2025-07-02 22:00:00+00:00,17.1,46,5.3,0,0,0,0,0.0,0.0,0.0,0.0,14.1,28.1,0.0,1024.4
2025-07-02 23:00:00+00:00,16.0,50,5.7,0,0,0,0,0.0,0.0,0.0,0.0,14.0,28.1,0.0,1024.9
2025-07-03 00:00:00+00:00,15.1,54,5.7,0,0,0,0,0.0,0.0,0.0,0.0,13.5,27.7,0.0,1025.6
2025-07-03 01:00:00+00:00,13.2,60,5.7,0,0,0,0,0.0,0.0,0.0,0.0,11.4,25.9,0.0,1026.3
2025-07-03 02:00:00+00:00,12.4,65,6.1,0,0,0,0,0.0,0.0,0.0,0.0,10.7,22.0,0.0,1026.5
2025-07-03 03:00:00+00:00,11.8,70,6.5,0,0,0,0,0.0,0.0,0.0,0.0,9.8,20.2,0.0,1026.8
2025-07-03 04:00:00+00:00,11.2,74,6.8,0,0,0,0,0.0,0.0,0.0,0.0,9.0,18.4,0.0,1027.1
2025-07-03 05:00:00+00:00,11.4,77,7.4,0,0,0,0,31.0,15.0,196.4,16.0,8.4,16.9,0.0,1027.4
2025-07-03 06:00:00+00:00,12.9,70,7.7,0,0,0,0,145.0,96.0,475.9,49.0,4.8,15.1,0.0,1028.0
2025-07-03 07:00:00+00:00,15.2,62,7.8,0,0,0,0,296.0,227.0,643.8,69.0,4.1,14.8,0.0,1028.5
2025-07-03 08:00:00+00:00,17.4,52,7.5,0,0,0,0,456.0,374.0,747.9,82.0,3.9,16.2,0.0,1028.8
2025-07-03 09:00:00+00:00,19.0,45,6.8,0,0,0,0,606.0,514.0,810.6,92.0,2.0,15.8,0.0,1028.9
2025-07-03 10:00:00+00:00,20.4,40,6.4,0,0,0,0,733.0,634.0,850.4,99.0,2.1,15.5,0.0,1029.0
2025-07-03 11:00:00+00:00,22.1,34,5.4,45,5,43,2,825.0,721.0,872.1,104.0,5.5,20.5,0.0,1028.9
2025-07-03 12:00:00+00:00,22.8,31,4.8,96,0,96,0,725.0,529.0,606.5,196.0,7.9,25.2,0.0,1028.7
2025-07-03 13:00:00+00:00,22.6,30,4.1,98,0,97,19,469.0,122.0,138.8,347.0,8.4,26.3,0.0,1028.8
2025-07-03 14:00:00+00:00,22.2,32,4.9,100,0,100,48,480.0,154.0,182.0,326.0,10.5,28.4,0.0,1028.7
2025-07-03 15:00:00+00:00,20.9,41,7.1,99,0,93,91,299.0,34.0,43.8,265.0,13.8,34.2,0.0,1028.7
2025-07-03 16:00:00+00:00,21.4,41,7.6,100,0,90,98,419.0,112.0,166.1,307.0,14.5,35.6,0.0,1028.5
2025-07-03 17:00:00+00:00,21.2,42,7.7,58,0,40,29,318.0,60.0,109.7,258.0,13.8,35.6,0.0,1028.0
2025-07-03 18:00:00+00:00,21.1,42,7.8,100,4,100,0,210.0,99.0,245.7,111.0,13.7,33.5,0.0,1027.9
2025-07-03 19:00:00+00:00,20.7,42,7.5,83,29,81,0,82.0,16.0,63.5,66.0,12.3,32.0,0.0,1027.9
2025-07-03 20:00:00+00:00,19.8,44,7.0,0,0,0,0,49.0,17.0,163.0,32.0,14.1,30.6,0.0,1028.4
2025-07-03 21:00:00+00:00,17.9,46,6.1,0,0,0,0,2.0,0.0,0.0,2.0,13.1,29.5,0.0,1029.1
2025-07-03 22:00:00+00:00,16.6,46,4.8,0,0,0,0,0.0,0.0,0.0,0.0,13.1,25.9,0.0,1029.5
2025-07-03 23:00:00+00:00,15.3,56,6.6,10,0,0,10,0.0,0.0,0.0,0.0,11.6,25.2,0.0,1029.7
2025-07-04 00:00:00+00:00,14.4,69,8.9,94,0,0,94,0.0,0.0,0.0,0.0,10.1,22.3,0.0,1029.8
2025-07-04 01:00:00+00:00,12.9,80,9.5,61,0,0,61,0.0,0.0,0.0,0.0,10.0,19.4,0.0,1029.8
2025-07-04 02:00:00+00:00,12.4,85,9.9,0,0,0,0,0.0,0.0,0.0,0.0,9.2,18.7,0.0,1029.4
2025-07-04 03:00:00+00:00,11.9,89,10.1,53,0,0,53,0.0,0.0,0.0,0.0,8.0,17.3,0.0,1029.3
2025-07-04 04:00:00+00:00,11.6,91,10.1,9,0,0,9,0.0,0.0,0.0,0.0,6.6,14.4,0.0,1029.3
2025-07-04 05:00:00+00:00,11.8,90,10.2,99,0,0,99,30.0,14.0,185.1,16.0,7.1,13.0,0.0,1029.2
2025-07-04 06:00:00+00:00,13.6,82,10.5,99,0,0,99,125.0,54.0,269.8,71.0,3.8,13.3,0.0,1029.3
2025-07-04 07:00:00+00:00,15.9,72,10.9,12,0,0,12,268.0,165.0,469.9,103.0,3.4,13.3,0.0,1029.3
2025-07-04 08:00:00+00:00,18.4,62,10.9,57,0,0,57,448.0,361.0,723.8,87.0,2.6,14.0,0.0,1029.1
2025-07-04 09:00:00+00:00,20.5,50,9.8,100,0,0,100,599.0,503.0,794.8,96.0,5.4,19.4,0.0,1028.6
2025-07-04 10:00:00+00:00,22.0,45,9.4,100,0,0,100,706.0,560.0,752.2,146.0,8.7,25.9,0.0,1028.4
2025-07-04 11:00:00+00:00,22.0,47,10.2,87,2,1,86,629.0,314.0,380.2,315.0,12.6,32.8,0.0,1028.1
2025-07-04 12:00:00+00:00,22.4,47,10.6,80,4,13,77,842.0,680.0,780.3,162.0,15.3,39.6,0.0,1027.7
2025-07-04 13:00:00+00:00,23.2,44,10.2,11,7,6,2,790.0,573.0,652.5,217.0,16.0,40.7,0.0,1026.9
2025-07-04 14:00:00+00:00,23.9,40,9.4,96,8,12,95,814.0,687.0,812.4,127.0,16.3,41.8,0.0,1026.2
2025-07-04 15:00:00+00:00,24.4,37,8.6,97,8,3,96,735.0,594.0,765.5,141.0,15.5,41.4,0.0,1025.5
2025-07-04 16:00:00+00:00,24.5,37,8.9,93,14,6,92,608.0,463.0,687.0,145.0,14.2,39.2,0.0,1024.9
2025-07-04 17:00:00+00:00,23.8,40,9.5,98,12,6,98,455.0,326.0,596.5,129.0,14.7,36.0,0.0,1024.3
2025-07-04 18:00:00+00:00,22.1,51,11.4,98,0,1,98,300.0,172.0,427.5,128.0,16.3,37.8,0.0,1023.8
2025-07-04 19:00:00+00:00,20.5,59,12.2,88,0,1,88,160.0,71.0,282.6,89.0,15.5,37.8,0.0,1023.5
2025-07-04 20:00:00+00:00,19.0,68,12.9,77,0,5,76,55.0,18.0,174.0,37.0,14.8,34.2,0.0,1023.2
2025-07-04 21:00:00+00:00,18.4,71,13.1,89,0,8,87,2.0,0.0,0.0,2.0,14.5,31.0,0.0,1023.2
2025-07-04 22:00:00+00:00,17.8,73,12.9,100,0,100,94,0.0,0.0,0.0,0.0,12.9,28.4,0.0,1022.8
2025-07-04 23:00:00+00:00,17.9,68,11.8,100,0,100,81,0.0,0.0,0.0,0.0,12.4,25.2,0.0,1022.4
2025-07-05 00:00:00+00:00,17.5,63,10.4,67,0,37,48,0.0,0.0,0.0,0.0,13.5,27.0,0.0,1021.7
2025-07-05 01:00:00+00:00,15.7,71,10.6,56,0,10,52,0.0,0.0,0.0,0.0,13.7,26.6,0.0,1021.1
2025-07-05 02:00:00+00:00,15.1,74,10.5,100,0,49,100,0.0,0.0,0.0,0.0,14.1,28.1,0.0,1020.5
2025-07-05 03:00:00+00:00,15.4,71,10.1,100,0,68,100,0.0,0.0,0.0,0.0,13.9,29.2,0.0,1019.9
2025-07-05 04:00:00+00:00,15.1,77,11.1,100,4,82,99,0.0,0.0,0.0,0.0,13.7,28.1,0.4,1019.4
2025-07-05 05:00:00+00:00,15.4,79,11.9,100,8,96,99,18.0,1.0,13.4,17.0,14.5,29.5,0.0,1018.7
2025-07-05 06:00:00+00:00,16.4,77,12.4,100,31,17,100,60.0,4.0,20.1,56.0,14.5,33.5,0.0,1018.4
2025-07-05 07:00:00+00:00,17.6,74,13.0,100,43,20,100,206.0,81.0,231.7,125.0,17.5,38.9,0.0,1017.7
2025-07-05 08:00:00+00:00,19.3,70,13.6,100,100,20,100,359.0,201.0,404.1,158.0,22.0,50.4,0.0,1017.4
2025-07-05 09:00:00+00:00,19.9,69,14.0,100,100,46,100,242.0,36.0,57.0,206.0,21.3,48.6,0.0,1017.1
2025-07-05 10:00:00+00:00,20.5,67,14.1,100,100,100,99,232.0,9.0,12.1,223.0,20.2,48.2,0.1,1016.6
2025-07-05 11:00:00+00:00,20.4,67,14.1,100,100,100,100,201.0,5.0,6.1,196.0,19.3,44.6,0.0,1016.3
2025-07-05 12:00:00+00:00,20.0,69,14.1,100,100,100,100,202.0,0.0,0.0,202.0,21.9,47.2,0.1,1016.2
2025-07-05 13:00:00+00:00,19.3,77,15.2,100,100,90,62,221.0,4.0,4.6,217.0,25.3,54.4,0.7,1015.8
2025-07-05 14:00:00+00:00,19.9,76,15.4,100,100,10,13,270.0,19.0,22.5,251.0,27.3,58.0,0.1,1015.2
2025-07-05 15:00:00+00:00,20.3,74,15.4,100,100,1,8,199.0,7.0,9.0,192.0,25.2,58.3,0.0,1014.4
2025-07-05 16:00:00+00:00,20.4,75,15.9,100,100,0,18,236.0,17.0,25.2,219.0,24.5,54.4,0.1,1013.9
2025-07-05 17:00:00+00:00,20.0,78,16.0,100,100,0,0,119.0,0.0,0.0,119.0,22.3,52.2,0.1,1013.3
2025-07-05 18:00:00+00:00,20.6,74,15.9,79,79,0,0,139.0,14.0,34.9,125.0,21.0,47.5,0.1,1012.6
2025-07-05 19:00:00+00:00,20.0,78,16.1,97,36,0,96,98.0,33.0,131.8,65.0,16.7,44.3,0.0,1012.3
2025-07-05 20:00:00+00:00,18.9,84,16.1,89,22,0,86,49.0,16.0,156.1,33.0,14.9,36.0,0.0,1011.9
2025-07-05 21:00:00+00:00,17.9,88,15.9,75,41,4,56,1.0,0.0,0.0,1.0,14.6,31.0,0.0,1011.8
2025-07-05 22:00:00+00:00,17.6,89,15.9,100,93,9,100,0.0,0.0,0.0,0.0,12.9,29.5,0.0,1011.5
2025-07-05 23:00:00+00:00,17.9,88,15.9,100,99,33,70,0.0,0.0,0.0,0.0,11.8,25.6,0.0,1011.0
2025-07-06 00:00:00+00:00,17.5,90,15.9,86,84,10,6,0.0,0.0,0.0,0.0,10.4,24.1,0.0,1010.3
2025-07-06 01:00:00+00:00,17.9,89,16.0,100,88,100,99,0.0,0.0,0.0,0.0,8.9,22.7,0.1,1009.9
2025-07-06 02:00:00+00:00,17.5,92,16.1,100,20,65,100,0.0,0.0,0.0,0.0,7.6,18.4,0.3,1009.2
2025-07-06 03:00:00+00:00,16.9,97,16.4,100,19,36,100,0.0,0.0,0.0,0.0,9.0,18.4,0.1,1008.5
2025-07-06 04:00:00+00:00,16.4,98,16.1,100,9,11,100,0.0,0.0,0.0,0.0,7.8,17.3,0.0,1007.9
2025-07-06 05:00:00+00:00,16.3,97,15.9,100,12,22,100,17.0,0.0,0.0,17.0,8.5,15.8,0.0,1007.7
2025-07-06 06:00:00+00:00,16.8,90,15.1,92,19,0,91,82.0,6.0,30.5,76.0,11.2,24.5,0.0,1007.5
2025-07-06 07:00:00+00:00,17.5,83,14.6,82,69,33,13,188.0,40.0,114.9,148.0,12.7,28.8,0.0,1007.0
2025-07-06 08:00:00+00:00,18.6,74,14.0,100,100,18,0,267.0,100.0,201.6,167.0,14.7,33.1,0.1,1006.6
2025-07-06 09:00:00+00:00,19.4,70,13.7,89,80,47,0,264.0,23.0,36.5,241.0,15.7,35.6,0.1,1006.2
2025-07-06 10:00:00+00:00,20.6,65,13.8,61,58,28,0,465.0,198.0,266.8,267.0,15.5,37.4,0.1,1005.7
2025-07-06 11:00:00+00:00,22.0,59,13.6,31,28,15,0,641.0,412.0,500.1,229.0,15.3,38.9,0.0,1005.4
2025-07-06 12:00:00+00:00,23.1,53,13.1,46,18,37,0,779.0,604.0,694.5,175.0,17.8,43.6,0.0,1005.2
2025-07-06 13:00:00+00:00,22.5,62,14.8,97,90,36,59,688.0,460.0,524.7,228.0,14.1,35.3,0.2,1005.7
2025-07-06 14:00:00+00:00,19.6,69,13.9,17,13,7,0,518.0,255.0,302.0,263.0,18.4,48.6,0.8,1006.1
2025-07-06 15:00:00+00:00,21.8,56,12.7,22,9,19,0,658.0,486.0,627.3,172.0,20.4,46.1,0.2,1005.9
2025-07-06 16:00:00+00:00,21.6,56,12.4,34,19,29,0,565.0,449.0,667.5,116.0,23.0,50.4,0.3,1006.1
2025-07-06 17:00:00+00:00,21.4,54,11.8,57,56,15,0,400.0,283.0,519.1,117.0,20.9,51.1,0.2,1006.0
2025-07-06 18:00:00+00:00,20.5,56,11.3,96,96,0,0,227.0,104.0,259.5,123.0,19.5,46.8,0.0,1006.3
2025-07-06 19:00:00+00:00,19.4,57,10.6,95,94,0,16,95.0,19.0,76.2,76.0,18.9,45.4,0.0,1006.9
2025-07-06 20:00:00+00:00,18.5,60,10.8,100,100,0,97,35.0,8.0,78.8,27.0,14.4,44.6,0.0,1007.6
2025-07-06 21:00:00+00:00,17.8,64,10.9,100,100,13,100,1.0,0.0,0.0,1.0,13.6,30.2,0.0,1007.9
2025-07-06 22:00:00+00:00,17.3,66,10.9,100,100,51,95,0.0,0.0,0.0,0.0,14.1,29.5,0.0,1008.3
2025-07-06 23:00:00+00:00,16.9,67,10.8,100,49,100,100,0.0,0.0,0.0,0.0,13.4,30.2,0.0,1008.5
2025-07-07 00:00:00+00:00,16.6,68,10.7,100,20,100,100,0.0,0.0,0.0,0.0,12.3,27.7,0.0,1008.2
2025-07-07 01:00:00+00:00,16.0,72,10.9,100,10,96,92,0.0,0.0,0.0,0.0,12.0,26.6,0.1,1008.2
2025-07-07 02:00:00+00:00,15.1,78,11.4,100,100,100,0,0.0,0.0,0.0,0.0,12.6,25.9,0.1,1008.4
2025-07-07 03:00:00+00:00,14.8,83,11.9,100,79,98,68,0.0,0.0,0.0,0.0,13.4,26.6,0.4,1008.4
2025-07-07 04:00:00+00:00,14.1,89,12.4,100,15,100,100,0.0,0.0,0.0,0.0,15.0,28.8,0.7,1008.4
2025-07-07 05:00:00+00:00,13.6,88,11.6,100,26,65,99,8.0,0.0,0.0,8.0,15.5,30.2,0.2,1008.7
2025-07-07 06:00:00+00:00,14.2,82,11.1,91,84,7,39,100.0,21.0,107.6,79.0,16.8,37.4,0.0,1009.2
2025-07-07 07:00:00+00:00,15.2,77,11.1,99,99,42,0,203.0,62.0,179.0,141.0,20.3,46.8,0.1,1009.8
2025-07-07 08:00:00+00:00,15.0,80,11.5,91,81,86,0,161.0,10.0,20.2,151.0,19.3,43.6,0.2,1011.0
2025-07-07 09:00:00+00:00,15.6,74,10.9,40,32,19,0,232.0,45.0,71.5,187.0,20.9,45.4,0.1,1011.9
2025-07-07 10:00:00+00:00,17.5,57,9.1,16,15,1,0,616.0,466.0,628.9,150.0,19.8,49.0,0.0,1012.8
2025-07-07 11:00:00+00:00,19.2,48,8.0,24,24,0,0,767.0,616.0,748.7,151.0,21.6,50.0,0.0,1013.1
2025-07-07 12:00:00+00:00,20.6,40,6.6,58,55,43,0,828.0,668.0,768.9,160.0,21.4,50.0,0.0,1013.4
2025-07-07 13:00:00+00:00,20.8,39,6.3,98,35,98,0,669.0,435.0,496.7,234.0,20.8,51.1,0.0,1014.1
2025-07-07 14:00:00+00:00,20.8,37,5.8,56,2,56,0,484.0,156.0,184.9,328.0,19.1,47.5,0.0,1014.3
2025-07-07 15:00:00+00:00,21.5,37,6.0,38,0,38,0,607.0,362.0,467.7,245.0,19.9,46.1,0.0,1014.5
2025-07-07 16:00:00+00:00,22.5,31,4.7,96,0,96,0,552.0,392.0,583.4,160.0,19.8,46.1,0.0,1014.3
2025-07-07 17:00:00+00:00,22.0,34,5.4,6,0,2,4,356.0,172.0,316.0,184.0,21.0,48.6,0.0,1014.3
2025-07-07 18:00:00+00:00,22.0,34,5.4,10,0,1,9,344.0,274.0,685.2,70.0,17.4,46.4,0.0,1014.4
2025-07-07 19:00:00+00:00,20.7,42,7.4,2,2,1,0,187.0,131.0,527.3,56.0,17.6,39.6,0.0,1014.6
2025-07-07 20:00:00+00:00,18.9,50,8.1,0,0,0,0,57.0,31.0,309.1,26.0,15.6,36.7,0.0,1015.2
2025-07-07 21:00:00+00:00,17.4,57,8.8,3,2,0,0,1.0,0.0,0.0,1.0,13.0,31.7,0.0,1015.9
2025-07-07 22:00:00+00:00,16.5,60,8.6,0,0,0,0,0.0,0.0,0.0,0.0,17.6,34.6,0.0,1016.1
2025-07-07 23:00:00+00:00,15.8,63,8.6,2,2,0,0,0.0,0.0,0.0,0.0,16.3,36.4,0.0,1016.1
2025-07-08 00:00:00+00:00,14.9,72,9.9,3,1,2,0,0.0,0.0,0.0,0.0,16.0,32.8,0.0,1016.1
2025-07-08 01:00:00+00:00,14.3,81,11.1,2,1,1,0,0.0,0.0,0.0,0.0,16.7,34.6,0.0,1016.2
2025-07-08 02:00:00+00:00,14.2,82,11.2,11,10,0,0,0.0,0.0,0.0,0.0,16.7,33.5,0.0,1016.4
2025-07-08 03:00:00+00:00,13.9,77,9.9,10,10,0,0,0.0,0.0,0.0,0.0,14.4,34.2,0.0,1016.8
2025-07-08 04:00:00+00:00,12.9,78,9.2,0,0,0,0,0.0,0.0,0.0,0.0,13.8,28.8,0.0,1017.1
2025-07-08 05:00:00+00:00,12.8,77,8.8,0,0,0,0,26.0,12.0,165.8,14.0,14.3,29.2,0.0,1017.2
2025-07-08 06:00:00+00:00,13.6,71,8.4,0,0,0,0,138.0,90.0,465.5,48.0,13.6,30.2,0.0,1017.6
2025-07-08 07:00:00+00:00,14.6,67,8.5,0,0,0,0,290.0,222.0,644.0,68.0,15.6,36.4,0.0,1018.1
2025-07-08 08:00:00+00:00,16.0,60,8.2,11,11,0,0,453.0,372.0,754.8,81.0,14.3,36.4,0.0,1018.4
2025-07-08 09:00:00+00:00,17.5,50,7.2,10,10,0,0,598.0,495.0,788.8,103.0,11.9,34.9,0.0,1018.5
2025-07-08 10:00:00+00:00,18.9,45,6.6,2,2,0,0,730.0,618.0,835.5,112.0,9.9,31.3,0.0,1018.8
2025-07-08 11:00:00+00:00,20.0,42,6.8,6,6,0,0,827.0,718.0,873.9,109.0,8.4,28.4,0.0,1019.0
2025-07-08 12:00:00+00:00,21.0,40,7.0,15,15,0,0,864.0,735.0,847.0,129.0,8.0,26.6,0.0,1019.0
2025-07-08 13:00:00+00:00,22.9,33,5.6,4,4,0,0,884.0,770.0,880.1,114.0,9.3,28.1,0.0,1019.0
2025-07-08 14:00:00+00:00,23.6,31,5.4,1,1,0,0,848.0,742.0,880.5,106.0,8.7,28.8,0.0,1019.0
2025-07-08 15:00:00+00:00,23.9,30,5.3,0,0,0,0,767.0,669.0,865.3,98.0,6.9,27.0,0.0,1018.8
2025-07-08 16:00:00+00:00,24.0,30,5.4,0,0,0,0,649.0,559.0,833.0,90.0,6.1,23.8,0.0,1018.6
2025-07-08 17:00:00+00:00,23.8,31,5.4,41,0,0,41,504.0,423.0,778.4,81.0,6.6,21.2,0.0,1018.7
2025-07-08 18:00:00+00:00,23.2,32,5.6,41,0,0,41,334.0,247.0,619.2,87.0,8.1,21.6,0.0,1018.7
2025-07-08 19:00:00+00:00,22.2,36,6.4,23,0,0,23,180.0,118.0,477.1,62.0,10.1,23.8,0.0,1019.1
2025-07-08 20:00:00+00:00,20.4,46,8.4,24,0,0,24,57.0,30.0,302.9,27.0,12.0,25.2,0.0,1019.4
2025-07-08 21:00:00+00:00,18.5,58,10.0,1,0,0,1,1.0,0.0,0.0,1.0,12.9,24.8,0.0,1020.3
2025-07-08 22:00:00+00:00,17.1,67,10.9,1,0,0,1,0.0,0.0,0.0,0.0,11.7,24.8,0.0,1020.8
2025-07-08 23:00:00+00:00,16.0,74,11.4,0,0,0,0,0.0,0.0,0.0,0.0,11.1,22.7,0.0,1021.0
2025-07-09 00:00:00+00:00,15.4,81,12.1,0,0,0,0,0.0,0.0,0.0,0.0,10.1,21.2,0.0,1021.0
2025-07-09 01:00:00+00:00,14.3,86,12.1,0,0,0,0,0.0,0.0,0.0,0.0,9.6,19.1,0.0,1021.2
2025-07-09 02:00:00+00:00,13.8,89,12.1,0,0,0,0,0.0,0.0,0.0,0.0,8.7,18.0,0.0,1021.2
2025-07-09 03:00:00+00:00,13.3,90,11.7,0,0,0,0,0.0,0.0,0.0,0.0,7.7,15.8,0.0,1021.2
2025-07-09 04:00:00+00:00,12.8,90,11.1,11,0,0,11,0.0,0.0,0.0,0.0,7.9,14.8,0.0,1021.3
2025-07-09 05:00:00+00:00,12.7,87,10.6,0,0,0,0,25.0,11.0,154.0,14.0,7.4,14.4,0.0,1021.5
2025-07-09 06:00:00+00:00,14.3,77,10.3,0,0,0,0,133.0,87.0,454.5,46.0,3.3,13.7,0.0,1021.8
2025-07-09 07:00:00+00:00,16.8,63,9.7,0,0,0,0,282.0,216.0,629.9,66.0,3.0,13.0,0.0,1021.9
2025-07-09 08:00:00+00:00,19.0,52,8.9,0,0,0,0,438.0,358.0,728.9,80.0,2.3,14.0,0.0,1022.1
2025-07-09 09:00:00+00:00,21.0,45,8.8,0,0,0,0,587.0,497.0,793.9,90.0,1.4,13.7,0.0,1022.2
2025-07-09 10:00:00+00:00,22.9,40,8.5,1,0,1,0,713.0,617.0,835.6,96.0,1.2,14.8,0.0,1022.2
2025-07-09 11:00:00+00:00,24.5,35,7.9,3,3,1,0,804.0,700.0,853.2,104.0,1.1,15.5,0.0,1022.2
2025-07-09 12:00:00+00:00,25.6,33,8.2,15,14,1,0,852.0,740.0,853.8,112.0,1.3,15.8,0.0,1022.2
2025-07-09 13:00:00+00:00,26.6,32,8.8,43,43,1,0,859.0,745.0,852.4,114.0,2.1,16.9,0.0,1022.2
2025-07-09 14:00:00+00:00,27.1,32,9.1,64,12,63,2,776.0,585.0,695.0,191.0,6.6,23.8,0.0,1021.7
2025-07-09 15:00:00+00:00,24.9,42,11.0,64,6,64,0,539.0,284.0,367.8,255.0,14.5,37.4,0.0,1021.7
2025-07-09 16:00:00+00:00,23.5,48,11.9,23,4,21,0,490.0,297.0,443.2,193.0,15.4,38.9,0.0,1021.9
2025-07-09 17:00:00+00:00,23.4,49,11.9,23,0,23,0,429.0,309.0,569.7,120.0,12.6,37.4,0.0,1022.1
2025-07-09 18:00:00+00:00,23.0,49,11.9,7,0,6,0,309.0,230.0,578.2,79.0,10.7,31.0,0.0,1022.0
2025-07-09 19:00:00+00:00,22.2,53,12.2,10,0,10,0,176.0,120.0,487.6,56.0,9.3,27.0,0.0,1022.1
2025-07-09 20:00:00+00:00,21.0,59,12.6,1,1,1,0,53.0,27.0,276.5,26.0,8.8,22.3,0.0,1022.3
2025-07-09 21:00:00+00:00,19.7,64,12.6,1,0,0,1,1.0,0.0,0.0,1.0,9.2,18.7,0.0,1022.6
2025-07-09 22:00:00+00:00,19.1,66,12.6,0,0,0,0,0.0,0.0,0.0,0.0,9.4,18.4,0.0,1022.9
2025-07-09 23:00:00+00:00,18.5,70,12.9,0,0,0,0,0.0,0.0,0.0,0.0,9.4,18.0,0.0,1023.0
2025-07-10 00:00:00+00:00,18.0,74,13.3,0,0,0,0,0.0,0.0,0.0,0.0,8.6,17.6,0.0,1023.1
2025-07-10 01:00:00+00:00,17.1,78,13.2,0,0,0,0,0.0,0.0,0.0,0.0,8.2,17.3,0.0,1023.1
2025-07-10 02:00:00+00:00,16.8,82,13.8,0,0,0,0,0.0,0.0,0.0,0.0,7.3,15.1,0.0,1022.7
2025-07-10 03:00:00+00:00,16.7,85,14.1,4,0,0,4,0.0,0.0,0.0,0.0,6.9,13.3,0.0,1022.6
2025-07-10 04:00:00+00:00,16.5,84,13.7,0,0,0,0,0.0,0.0,0.0,0.0,6.7,12.2,0.0,1022.7
2025-07-10 05:00:00+00:00,16.6,80,13.1,0,0,0,0,23.0,10.0,141.9,13.0,7.5,13.3,0.0,1022.9
2025-07-10 06:00:00+00:00,18.2,71,12.9,11,0,0,11,127.0,81.0,427.6,46.0,5.8,14.4,0.0,1023.1
2025-07-10 07:00:00+00:00,20.4,61,12.8,34,0,0,34,272.0,204.0,598.2,68.0,5.7,16.9,0.0,1023.4
2025-07-10 08:00:00+00:00,22.8,53,12.7,31,0,0,31,426.0,342.0,698.8,84.0,5.3,18.0,0.0,1023.6
2025-07-10 09:00:00+00:00,24.9,46,12.6,20,0,0,20,574.0,481.0,770.2,93.0,4.4,18.7,0.0,1023.6
2025-07-10 10:00:00+00:00,26.5,42,12.6,0,0,0,0,701.0,603.0,818.2,98.0,4.2,18.7,0.0,1023.5
2025-07-10 11:00:00+00:00,27.9,39,12.6,0,0,0,0,794.0,693.0,846.0,101.0,6.1,22.0,0.0,1023.2
2025-07-10 12:00:00+00:00,29.4,35,12.2,40,3,36,4,842.0,732.0,845.7,110.0,10.4,28.8,0.0,1022.7
2025-07-10 13:00:00+00:00,30.0,34,12.5,26,8,25,0,781.0,598.0,685.1,183.0,11.8,34.9,0.0,1022.4
2025-07-10 14:00:00+00:00,30.8,32,12.2,28,11,27,0,755.0,593.0,705.3,162.0,6.7,32.0,0.0,1022.0
2025-07-10 15:00:00+00:00,31.0,30,11.4,53,0,53,0,709.0,558.0,723.5,151.0,2.6,22.7,0.0,1021.3
2025-07-10 16:00:00+00:00,29.3,37,13.2,38,0,38,0,496.0,338.0,505.1,158.0,10.4,29.9,0.0,1021.0
2025-07-10 17:00:00+00:00,27.5,43,13.8,17,0,17,0,396.0,285.0,526.5,111.0,14.6,36.4,0.0,1021.0
2025-07-10 18:00:00+00:00,26.5,45,13.8,9,1,9,0,284.0,189.0,476.5,95.0,15.6,37.1,0.0,1021.1
2025-07-10 19:00:00+00:00,25.9,48,14.1,1,0,1,0,171.0,116.0,473.9,55.0,13.0,35.3,0.0,1021.0
2025-07-10 20:00:00+00:00,24.4,54,14.6,0,0,0,0,53.0,27.0,278.8,26.0,10.7,28.1,0.0,1021.1
2025-07-10 21:00:00+00:00,23.4,58,14.6,4,0,0,4,1.0,0.0,0.0,1.0,8.2,21.6,0.0,1021.1
2025-07-10 22:00:00+00:00,22.5,61,14.6,1,0,0,1,0.0,0.0,0.0,0.0,6.3,15.5,0.0,1020.9
2025-07-10 23:00:00+00:00,21.6,66,14.9,4,0,0,4,0.0,0.0,0.0,0.0,1.1,11.9,0.0,1020.9
2025-07-11 00:00:00+00:00,20.9,68,14.7,18,0,0,18,0.0,0.0,0.0,0.0,8.2,14.8,0.0,1020.9
2025-07-11 01:00:00+00:00,19.2,76,14.8,2,0,0,2,0.0,0.0,0.0,0.0,6.0,17.3,0.0,1021.1
2025-07-11 02:00:00+00:00,18.4,81,15.1,1,0,0,1,0.0,0.0,0.0,0.0,6.7,11.9,0.0,1021.0
2025-07-11 03:00:00+00:00,17.6,87,15.4,0,0,0,0,0.0,0.0,0.0,0.0,7.7,15.1,0.0,1021.1
2025-07-11 04:00:00+00:00,17.2,90,15.6,0,0,0,0,0.0,0.0,0.0,0.0,7.0,14.8,0.0,1021.1
2025-07-11 05:00:00+00:00,17.5,89,15.6,0,0,0,0,22.0,9.0,129.6,13.0,8.0,14.4,0.0,1021.1
2025-07-11 06:00:00+00:00,18.9,82,15.6,0,0,0,0,125.0,79.0,421.7,46.0,5.3,15.5,0.0,1021.2
2025-07-11 07:00:00+00:00,21.0,70,15.3,0,0,0,0,270.0,205.0,604.6,65.0,5.3,16.6,0.0,1021.1
2025-07-11 08:00:00+00:00,23.2,58,14.6,0,0,0,0,427.0,348.0,713.6,79.0,6.4,20.2,0.0,1021.1
2025-07-11 09:00:00+00:00,25.1,50,14.1,0,0,0,0,575.0,487.0,781.9,88.0,7.5,23.0,0.0,1021.0
2025-07-11 10:00:00+00:00,26.4,46,13.8,0,0,0,0,702.0,607.0,825.3,95.0,9.3,27.4,0.0,1021.0
2025-07-11 11:00:00+00:00,27.1,42,13.1,0,0,0,0,796.0,697.0,852.2,99.0,11.1,31.3,0.0,1020.8
2025-07-11 12:00:00+00:00,27.6,39,12.3,0,0,0,0,850.0,749.0,866.5,101.0,11.4,32.8,0.0,1020.8
2025-07-11 13:00:00+00:00,29.0,36,12.4,2,0,2,0,856.0,754.0,864.9,102.0,9.2,29.9,0.0,1020.3
2025-07-11 14:00:00+00:00,29.5,35,12.3,1,0,1,0,815.0,709.0,844.4,106.0,7.4,28.4,0.0,1019.9
2025-07-11 15:00:00+00:00,29.6,34,12.3,3,3,0,0,734.0,631.0,819.3,103.0,8.4,26.3,0.0,1019.3
2025-07-11 16:00:00+00:00,29.0,35,11.9,0,0,0,0,619.0,521.0,779.9,98.0,12.7,33.5,0.0,1018.9
2025-07-11 17:00:00+00:00,27.9,36,11.6,0,0,0,0,484.0,403.0,746.0,81.0,12.6,34.9,0.0,1018.5
2025-07-11 18:00:00+00:00,26.8,39,11.8,1,0,1,0,329.0,259.0,655.1,70.0,10.9,32.0,0.0,1018.5
2025-07-11 19:00:00+00:00,25.5,42,11.6,4,0,4,0,176.0,123.0,505.5,53.0,8.2,27.0,0.0,1018.4
2025-07-11 20:00:00+00:00,24.3,43,11.0,1,0,1,0,52.0,27.0,280.8,25.0,8.2,20.2,0.0,1018.4
2025-07-11 21:00:00+00:00,22.9,47,10.9,0,0,0,0,1.0,0.0,0.0,1.0,6.3,17.3,0.0,1018.6
2025-07-11 22:00:00+00:00,21.9,50,11.0,0,0,0,0,0.0,0.0,0.0,0.0,2.9,11.9,0.0,1018.6
2025-07-11 23:00:00+00:00,21.0,56,11.9,0,0,0,0,0.0,0.0,0.0,0.0,1.0,5.8,0.0,1018.6
2025-07-12 00:00:00+00:00,20.3,58,11.8,0,0,0,0,0.0,0.0,0.0,0.0,1.7,3.6,0.0,1018.6
2025-07-12 01:00:00+00:00,19.0,61,11.4,0,0,0,0,0.0,0.0,0.0,0.0,6.4,11.5,0.0,1018.4
2025-07-12 02:00:00+00:00,18.4,65,11.8,0,0,0,0,0.0,0.0,0.0,0.0,4.0,12.2,0.0,1018.2
2025-07-12 03:00:00+00:00,17.9,69,12.1,0,0,0,0,0.0,0.0,0.0,0.0,4.1,7.6,0.0,1018.0
2025-07-12 04:00:00+00:00,17.4,72,12.3,0,0,0,0,0.0,0.0,0.0,0.0,3.5,7.6,0.0,1017.8
2025-07-12 05:00:00+00:00,17.5,72,12.5,0,0,0,0,21.0,9.0,131.5,12.0,6.3,10.8,0.0,1017.6
2025-07-12 06:00:00+00:00,19.3,65,12.6,0,0,0,0,125.0,80.0,432.1,45.0,4.6,12.2,0.0,1017.6
2025-07-12 07:00:00+00:00,21.8,54,12.2,0,0,0,0,271.0,207.0,614.1,64.0,4.7,14.8,0.0,1017.4
2025-07-12 08:00:00+00:00,23.9,47,11.7,0,0,0,0,430.0,353.0,726.7,77.0,6.1,19.4,0.0,1017.1
2025-07-12 09:00:00+00:00,25.4,43,11.8,0,0,0,0,580.0,495.0,796.9,85.0,5.9,20.9,0.0,1016.5
2025-07-12 10:00:00+00:00,26.7,41,12.2,0,0,0,0,708.0,616.0,839.3,92.0,5.8,21.6,0.0,1016.1
2025-07-12 11:00:00+00:00,28.0,39,12.8,0,0,0,0,801.0,705.0,863.5,96.0,6.1,23.0,0.0,1015.8
2025-07-12 12:00:00+00:00,29.0,38,13.1,0,0,0,0,853.0,754.0,873.6,99.0,5.6,23.0,0.0,1015.1
2025-07-12 13:00:00+00:00,30.5,33,12.4,0,0,0,0,861.0,762.0,875.2,99.0,5.7,23.8,0.0,1014.7
2025-07-12 14:00:00+00:00,30.2,34,12.8,23,2,23,0,821.0,722.0,861.0,99.0,7.0,24.1,0.0,1014.4
2025-07-12 15:00:00+00:00,28.4,42,14.2,39,1,39,0,730.0,626.0,814.0,104.0,14.3,37.1,0.0,1014.5
2025-07-12 16:00:00+00:00,25.9,48,13.9,14,3,14,0,545.0,421.0,631.3,124.0,14.5,40.7,0.0,1014.7
2025-07-12 17:00:00+00:00,25.6,49,14.1,9,0,9,0,455.0,355.0,658.7,100.0,13.8,36.0,0.0,1014.2
2025-07-12 18:00:00+00:00,23.3,57,14.3,3,0,3,0,316.0,241.0,611.7,75.0,11.3,35.3,0.0,1014.2
2025-07-12 19:00:00+00:00,22.2,60,14.1,0,0,0,0,173.0,119.0,492.1,54.0,6.9,27.7,0.0,1014.3
2025-07-12 20:00:00+00:00,21.5,61,13.8,1,0,0,0,50.0,26.0,272.4,24.0,5.8,18.7,0.0,1014.4
2025-07-12 21:00:00+00:00,21.2,62,13.6,1,1,0,0,1.0,0.0,0.0,1.0,4.1,14.4,0.0,1014.7
2025-07-12 22:00:00+00:00,20.6,64,13.6,0,0,0,0,0.0,0.0,0.0,0.0,4.6,9.7,0.0,1014.6
2025-07-12 23:00:00+00:00,20.0,67,13.8,1,1,0,0,0.0,0.0,0.0,0.0,7.9,14.4,0.0,1014.6
2025-07-13 00:00:00+00:00,19.7,63,12.6,0,0,0,0,0.0,0.0,0.0,0.0,9.2,17.6,0.0,1014.5
2025-07-13 01:00:00+00:00,18.0,63,10.9,0,0,0,0,0.0,0.0,0.0,0.0,8.0,17.3,0.0,1014.6
2025-07-13 02:00:00+00:00,16.9,65,10.2,0,0,0,0,0.0,0.0,0.0,0.0,7.8,15.1,0.0,1014.2
2025-07-13 03:00:00+00:00,15.9,68,9.9,0,0,0,0,0.0,0.0,0.0,0.0,8.3,15.1,0.0,1013.7
2025-07-13 04:00:00+00:00,15.2,70,9.8,0,0,0,0,0.0,0.0,0.0,0.0,9.5,17.6,0.0,1013.5
2025-07-13 05:00:00+00:00,15.3,71,10.1,0,0,0,0,21.0,10.0,148.5,11.0,9.6,17.6,0.0,1013.4
2025-07-13 06:00:00+00:00,16.9,68,10.8,0,0,0,0,129.0,86.0,470.2,43.0,6.9,17.6,0.0,1013.4
2025-07-13 07:00:00+00:00,19.3,60,11.4,0,0,0,0,280.0,218.0,650.8,62.0,6.7,18.7,0.0,1013.2
2025-07-13 08:00:00+00:00,21.9,50,10.9,0,0,0,0,440.0,365.0,754.4,75.0,7.4,21.2,0.0,1013.0
2025-07-13 09:00:00+00:00,23.9,41,9.9,0,0,0,0,592.0,508.0,820.2,84.0,8.3,24.5,0.0,1012.7
2025-07-13 10:00:00+00:00,25.3,38,9.9,0,0,0,0,720.0,630.0,860.2,90.0,8.1,25.6,0.0,1012.3
2025-07-13 11:00:00+00:00,26.5,34,9.2,0,0,0,0,816.0,722.0,885.9,94.0,8.1,25.9,0.0,1011.9
2025-07-13 12:00:00+00:00,27.5,30,8.4,0,0,0,0,871.0,776.0,900.5,95.0,9.2,28.1,0.0,1011.6
2025-07-13 13:00:00+00:00,28.3,25,6.4,0,0,0,0,882.0,787.0,905.2,95.0,9.8,29.5,0.0,1011.2
2025-07-13 14:00:00+00:00,28.5,26,7.4,0,0,0,0,847.0,754.0,900.4,93.0,11.0,31.0,0.0,1010.9
2025-07-13 15:00:00+00:00,27.5,30,8.3,1,0,0,1,765.0,675.0,879.0,90.0,14.1,36.7,0.0,1010.8
2025-07-13 16:00:00+00:00,27.1,27,6.5,43,0,0,43,645.0,560.0,841.3,85.0,13.2,36.7,0.0,1010.7
2025-07-13 17:00:00+00:00,26.8,25,4.8,94,0,0,94,498.0,417.0,775.7,81.0,11.8,33.8,0.0,1010.2
2025-07-13 18:00:00+00:00,25.6,30,6.8,95,0,0,95,334.0,255.0,649.7,79.0,12.2,30.6,0.0,1010.2
2025-07-13 19:00:00+00:00,24.5,36,8.4,100,0,0,100,157.0,74.0,308.1,83.0,9.6,29.5,0.0,1010.3
2025-07-13 20:00:00+00:00,23.4,40,8.9,100,4,0,100,37.0,3.0,31.7,34.0,8.8,22.0,0.0,1010.6
2025-07-13 21:00:00+00:00,22.0,44,9.2,100,0,0,100,0.0,0.0,0.0,0.0,8.6,19.1,0.0,1010.9
2025-07-13 22:00:00+00:00,20.6,52,10.4,100,10,15,100,0.0,0.0,0.0,0.0,7.8,18.0,0.0,1011.2
2025-07-13 23:00:00+00:00,20.0,58,11.6,100,0,66,100,0.0,0.0,0.0,0.0,10.4,22.0,0.0,1011.2
2025-07-14 00:00:00+00:00,19.0,70,13.4,23,3,18,6,0.0,0.0,0.0,0.0,9.1,25.6,0.1,1011.2
2025-07-14 01:00:00+00:00,18.0,80,14.6,3,0,3,0,0.0,0.0,0.0,0.0,7.6,19.1,0.0,1011.2
2025-07-14 02:00:00+00:00,17.5,91,16.0,14,8,6,0,0.0,0.0,0.0,0.0,9.1,18.7,0.0,1011.2
2025-07-14 03:00:00+00:00,17.4,95,16.5,100,100,1,0,0.0,0.0,0.0,0.0,11.3,22.7,0.0,1011.4
2025-07-14 04:00:00+00:00,17.6,94,16.5,20,20,0,0,0.0,0.0,0.0,0.0,11.9,25.6,0.0,1011.8
2025-07-14 05:00:00+00:00,17.8,91,16.2,25,22,7,0,17.0,6.0,90.6,11.0,14.7,31.7,0.0,1012.5
2025-07-14 06:00:00+00:00,18.6,81,15.4,6,5,1,0,113.0,62.0,343.3,51.0,15.5,33.5,0.0,1012.9
2025-07-14 07:00:00+00:00,19.4,69,13.6,27,27,0,0,264.0,195.0,585.9,69.0,18.0,41.0,0.0,1013.3
2025-07-14 08:00:00+00:00,20.6,59,12.4,100,100,0,0,384.0,270.0,560.3,114.0,19.2,42.8,0.0,1013.2
2025-07-14 09:00:00+00:00,20.4,65,13.5,61,52,31,0,304.0,83.0,134.4,221.0,21.6,47.9,0.1,1013.7
2025-07-14 10:00:00+00:00,21.0,65,14.2,100,100,71,93,484.0,299.0,409.2,185.0,23.5,53.3,0.2,1014.0
2025-07-14 11:00:00+00:00,20.4,69,14.5,93,31,16,89,289.0,65.0,79.9,224.0,21.2,54.7,0.1,1014.2
2025-07-14 12:00:00+00:00,22.8,54,13.1,82,47,78,0,706.0,496.0,576.5,210.0,23.1,55.8,0.0,1014.2
2025-07-14 13:00:00+00:00,21.7,57,12.7,96,10,16,94,692.0,485.0,558.7,207.0,24.1,54.7,0.1,1014.7
2025-07-14 14:00:00+00:00,22.0,50,11.1,7,3,1,2,764.0,587.0,702.1,177.0,24.9,58.0,0.0,1014.5
2025-07-14 15:00:00+00:00,22.3,44,9.4,7,5,3,0,741.0,632.0,824.4,109.0,25.8,59.0,0.0,1014.6
2025-07-14 16:00:00+00:00,21.5,44,8.8,9,3,8,0,626.0,527.0,793.3,99.0,26.4,59.8,0.0,1014.9
2025-07-14 17:00:00+00:00,20.4,48,9.0,15,0,14,0,468.0,377.0,703.1,91.0,25.0,59.4,0.0,1015.2
2025-07-14 18:00:00+00:00,19.5,51,9.1,16,1,15,0,299.0,227.0,580.7,72.0,23.0,55.8,0.0,1015.5
2025-07-14 19:00:00+00:00,18.8,54,9.2,5,3,4,0,161.0,107.0,448.7,54.0,20.2,50.8,0.0,1015.9
2025-07-14 20:00:00+00:00,17.8,59,9.6,11,0,11,0,49.0,26.0,277.1,23.0,16.2,43.9,0.0,1016.0
2025-07-14 21:00:00+00:00,17.0,61,9.4,0,0,0,0,0.0,0.0,0.0,0.0,14.8,33.5,0.0,1016.7
2025-07-14 22:00:00+00:00,16.5,66,10.0,6,1,5,0,0.0,0.0,0.0,0.0,14.5,30.6,0.0,1016.9
2025-07-14 23:00:00+00:00,16.1,67,10.0,1,0,1,0,0.0,0.0,0.0,0.0,14.3,29.9,0.0,1016.9
2025-07-15 00:00:00+00:00,15.8,69,10.1,3,2,2,0,0.0,0.0,0.0,0.0,13.7,29.2,0.0,1017.2
2025-07-15 01:00:00+00:00,14.8,79,11.1,9,1,9,0,0.0,0.0,0.0,0.0,12.4,28.1,0.0,1017.4
2025-07-15 02:00:00+00:00,14.6,78,10.8,10,0,10,0,0.0,0.0,0.0,0.0,11.8,24.8,0.0,1017.2
2025-07-15 03:00:00+00:00,14.6,76,10.5,5,0,4,0,0.0,0.0,0.0,0.0,12.6,24.8,0.0,1016.9
2025-07-15 04:00:00+00:00,14.9,73,10.0,10,1,9,0,0.0,0.0,0.0,0.0,13.4,26.6,0.0,1016.6
2025-07-15 05:00:00+00:00,15.4,70,9.9,5,3,1,0,17.0,7.0,107.6,10.0,14.0,28.1,0.0,1016.4
2025-07-15 06:00:00+00:00,16.5,67,10.4,22,13,19,0,116.0,70.0,392.8,46.0,12.7,29.9,0.0,1016.4
2025-07-15 07:00:00+00:00,17.8,60,10.0,6,5,4,0,244.0,162.0,490.0,82.0,18.5,40.7,0.0,1016.3
2025-07-15 08:00:00+00:00,19.2,53,9.4,18,8,12,0,416.0,330.0,687.8,86.0,19.9,45.0,0.0,1016.2
2025-07-15 09:00:00+00:00,19.9,50,9.2,92,48,89,0,494.0,361.0,586.3,133.0,24.3,54.0,0.0,1016.0
2025-07-15 10:00:00+00:00,18.5,60,10.5,82,36,77,0,231.0,80.0,109.7,151.0,21.8,54.4,0.1,1016.3
2025-07-15 11:00:00+00:00,19.6,56,10.6,70,33,55,0,476.0,206.0,253.7,270.0,27.9,60.1,0.1,1015.8
2025-07-15 12:00:00+00:00,19.9,56,10.9,38,27,24,0,524.0,291.0,338.8,233.0,29.6,64.8,0.2,1015.6
2025-07-15 13:00:00+00:00,21.0,50,10.3,41,13,7,28,720.0,416.0,480.0,304.0,29.7,65.5,0.0,1015.6
2025-07-15 14:00:00+00:00,21.1,49,10.1,48,26,22,9,755.0,613.0,734.3,142.0,30.4,68.0,0.0,1015.4
2025-07-15 15:00:00+00:00,20.6,52,10.5,27,21,8,1,574.0,373.0,487.4,201.0,29.2,67.7,0.0,1015.1
2025-07-15 16:00:00+00:00,21.2,48,9.9,100,100,70,14,591.0,463.0,698.4,128.0,28.4,64.4,0.0,1014.5
2025-07-15 17:00:00+00:00,19.6,58,11.1,19,7,14,0,200.0,48.0,89.8,152.0,24.5,62.6,0.0,1014.7
2025-07-15 18:00:00+00:00,20.0,53,9.9,72,71,5,0,310.0,217.0,557.4,93.0,23.9,53.3,0.0,1014.4
2025-07-15 19:00:00+00:00,20.0,48,8.8,57,47,23,0,121.0,43.0,181.7,78.0,21.5,52.2,0.0,1014.4
2025-07-15 20:00:00+00:00,18.9,54,9.3,91,91,4,0,39.0,14.0,150.6,25.0,17.8,44.6,0.0,1014.8
2025-07-15 21:00:00+00:00,18.3,56,9.3,100,100,3,4,0.0,0.0,0.0,0.0,19.0,40.0,0.0,1015.2
2025-07-15 22:00:00+00:00,17.9,58,9.5,36,5,8,27,0.0,0.0,0.0,0.0,19.5,41.0,0.0,1015.2
2025-07-15 23:00:00+00:00,16.8,66,10.4,69,2,2,68,0.0,0.0,0.0,0.0,18.6,41.0,0.0,1015.4
2025-07-16 00:00:00+00:00,16.1,72,11.0,52,3,1,50,0.0,0.0,0.0,0.0,17.0,38.5,0.0,1015.4
2025-07-16 01:00:00+00:00,15.6,74,11.0,18,0,2,15,0.0,0.0,0.0,0.0,15.2,34.6,0.0,1015.5
2025-07-16 02:00:00+00:00,15.1,78,11.3,32,0,0,32,0.0,0.0,0.0,0.0,14.1,30.6,0.0,1015.6
2025-07-16 03:00:00+00:00,14.8,81,11.6,49,5,5,45,0.0,0.0,0.0,0.0,13.5,28.1,0.0,1015.6
2025-07-16 04:00:00+00:00,14.6,84,11.9,42,4,4,37,0.0,0.0,0.0,0.0,12.6,26.6,0.0,1015.8
2025-07-16 05:00:00+00:00,14.7,85,12.1,51,3,11,48,17.0,6.0,93.9,11.0,12.1,24.8,0.0,1015.9
2025-07-16 06:00:00+00:00,16.1,79,12.6,36,6,0,32,112.0,61.0,347.1,51.0,11.9,27.4,0.0,1016.0
2025-07-16 07:00:00+00:00,17.8,72,12.6,54,31,0,33,260.0,186.0,566.6,74.0,14.4,31.0,0.0,1016.2
2025-07-16 08:00:00+00:00,19.4,64,12.3,61,32,0,43,375.0,252.0,527.5,123.0,17.1,38.5,0.0,1016.4
2025-07-16 09:00:00+00:00,20.6,57,11.9,7,4,0,3,504.0,341.0,555.6,163.0,14.4,38.5,0.0,1016.4
2025-07-16 10:00:00+00:00,22.0,49,10.9,33,1,0,33,704.0,602.0,827.8,102.0,13.9,34.9,0.0,1016.4
2025-07-16 11:00:00+00:00,23.1,43,9.9,100,0,0,100,806.0,700.0,863.8,106.0,14.1,35.6,0.0,1016.1
2025-07-16 12:00:00+00:00,23.7,40,9.2,100,0,48,100,732.0,432.0,503.8,300.0,14.7,36.4,0.0,1016.3
2025-07-16 13:00:00+00:00,25.0,36,8.9,77,0,28,69,773.0,496.0,573.2,277.0,12.5,32.4,0.0,1016.3
2025-07-16 14:00:00+00:00,25.6,34,8.4,79,0,1,78,791.0,597.0,716.3,194.0,11.6,33.1,0.0,1016.3
2025-07-16 15:00:00+00:00,25.9,32,8.1,97,0,26,96,736.0,612.0,801.2,124.0,12.5,32.0,0.0,1016.3
2025-07-16 16:00:00+00:00,25.5,33,7.8,85,0,2,85,526.0,287.0,433.9,239.0,13.3,32.4,0.0,1016.7
2025-07-16 17:00:00+00:00,25.1,33,7.8,100,0,100,100,450.0,322.0,604.1,128.0,10.6,33.5,0.0,1016.5
2025-07-16 18:00:00+00:00,24.0,36,8.1,35,0,20,21,114.0,10.0,25.8,104.0,10.2,25.9,0.0,1016.7
2025-07-16 19:00:00+00:00,23.1,40,8.8,71,0,69,8,149.0,77.0,328.1,72.0,9.4,24.5,0.0,1017.2
2025-07-16 20:00:00+00:00,21.9,46,9.9,95,0,29,93,36.0,9.0,97.8,27.0,6.4,20.2,0.0,1017.4
2025-07-16 21:00:00+00:00,20.4,56,11.3,100,8,100,91,0.0,0.0,0.0,0.0,5.0,12.6,0.0,1017.9
2025-07-16 22:00:00+00:00,20.3,67,13.9,100,100,100,89,0.0,0.0,0.0,0.0,5.9,11.5,0.0,1018.0
2025-07-16 23:00:00+00:00,19.8,82,16.6,100,100,100,84,0.0,0.0,0.0,0.0,6.5,13.3,0.0,1018.0
2025-07-17 00:00:00+00:00,19.5,87,17.2,100,100,100,43,0.0,0.0,0.0,0.0,5.1,13.3,0.0,1017.9
2025-07-17 01:00:00+00:00,19.1,81,15.8,100,100,97,62,0.0,0.0,0.0,0.0,3.1,5.8,0.0,1017.9
2025-07-17 02:00:00+00:00,18.9,88,16.9,100,99,35,99,0.0,0.0,0.0,0.0,5.4,10.4,0.0,1017.5
2025-07-17 03:00:00+00:00,18.9,92,17.5,100,100,22,100,0.0,0.0,0.0,0.0,6.9,13.7,0.0,1017.4
2025-07-17 04:00:00+00:00,18.8,92,17.5,100,62,6,100,0.0,0.0,0.0,0.0,7.7,15.1,0.0,1017.4
2025-07-17 05:00:00+00:00,18.2,94,17.2,99,31,25,99,12.0,1.0,16.0,11.0,8.0,15.1,0.0,1017.4
2025-07-17 06:00:00+00:00,18.9,90,17.1,100,89,100,31,82.0,18.0,103.9,64.0,10.3,22.0,0.0,1017.4
2025-07-17 07:00:00+00:00,19.3,87,17.1,100,100,46,24,98.0,26.0,79.8,72.0,12.8,27.4,0.1,1017.7
2025-07-17 08:00:00+00:00,20.3,83,17.2,100,100,9,11,134.0,0.0,0.0,134.0,13.1,29.9,0.2,1017.5
2025-07-17 09:00:00+00:00,21.9,73,16.9,53,47,18,0,245.0,9.0,14.7,236.0,12.8,29.2,0.1,1017.4
2025-07-17 10:00:00+00:00,24.0,62,16.2,68,63,24,0,518.0,312.0,430.1,206.0,13.4,32.8,0.1,1017.0
2025-07-17 11:00:00+00:00,24.0,62,16.2,96,91,29,59,490.0,282.0,348.7,208.0,13.5,33.8,0.0,1016.7
2025-07-17 12:00:00+00:00,24.0,63,16.5,67,50,38,8,368.0,85.0,99.3,283.0,12.2,33.5,0.0,1016.6
2025-07-17 13:00:00+00:00,23.6,70,17.9,76,11,73,0,396.0,74.0,85.7,322.0,11.9,29.5,0.2,1016.7
2025-07-17 14:00:00+00:00,22.6,75,18.0,100,68,100,16,332.0,114.0,137.0,218.0,13.0,31.3,0.3,1016.7
2025-07-17 15:00:00+00:00,22.6,75,18.0,99,73,98,51,206.0,18.0,23.6,188.0,11.1,31.0,0.3,1016.5
2025-07-17 16:00:00+00:00,22.7,75,18.0,99,17,58,97,274.0,87.0,131.8,187.0,12.7,29.9,0.2,1016.4
2025-07-17 17:00:00+00:00,22.6,75,18.0,100,35,67,100,285.0,113.0,212.7,172.0,12.6,31.3,0.1,1016.0
2025-07-17 18:00:00+00:00,22.5,73,17.5,100,91,100,80,213.0,80.0,207.4,133.0,11.6,29.5,0.0,1015.7
2025-07-17 19:00:00+00:00,21.8,76,17.3,89,1,88,10,84.0,9.0,38.7,75.0,9.6,26.6,0.0,1015.5
2025-07-17 20:00:00+00:00,20.8,81,17.5,12,0,1,12,32.0,8.0,87.8,24.0,7.9,21.2,0.0,1015.4
2025-07-17 21:00:00+00:00,19.4,88,17.2,100,0,1,100,0.0,0.0,0.0,0.0,7.7,15.8,0.0,1015.5
2025-07-17 22:00:00+00:00,18.4,92,17.0,99,0,0,99,0.0,0.0,0.0,0.0,9.0,16.6,0.0,1015.4
2025-07-17 23:00:00+00:00,17.7,95,17.0,100,0,0,100,0.0,0.0,0.0,0.0,9.5,20.2,0.0,1015.4
2025-07-18 00:00:00+00:00,17.1,97,16.8,99,1,0,99,0.0,0.0,0.0,0.0,7.8,18.4,0.0,1015.1
2025-07-18 01:00:00+00:00,17.0,98,16.7,100,1,1,100,0.0,0.0,0.0,0.0,7.3,15.1,0.0,1015.2
2025-07-18 02:00:00+00:00,16.5,99,16.4,100,0,3,100,0.0,0.0,0.0,0.0,6.4,13.7,0.0,1014.7
2025-07-18 03:00:00+00:00,16.2,98,16.0,98,2,0,98,0.0,0.0,0.0,0.0,6.6,12.2,0.0,1014.6
2025-07-18 04:00:00+00:00,15.9,98,15.6,43,7,0,38,0.0,0.0,0.0,0.0,7.1,13.0,0.0,1014.4
2025-07-18 05:00:00+00:00,15.8,97,15.4,10,10,0,0,15.0,5.0,81.4,10.0,7.5,13.7,0.0,1014.3
2025-07-18 06:00:00+00:00,17.0,91,15.6,22,0,0,22,111.0,66.0,386.7,45.0,5.6,14.0,0.0,1014.2
2025-07-18 07:00:00+00:00,18.7,80,15.2,100,40,0,100,261.0,197.0,608.8,64.0,9.3,21.2,0.0,1014.3
2025-07-18 08:00:00+00:00,19.8,73,14.9,96,24,0,94,362.0,244.0,515.5,118.0,9.6,27.0,0.0,1014.3
2025-07-18 09:00:00+00:00,21.1,64,14.1,74,21,0,67,497.0,295.0,483.8,202.0,7.7,25.2,0.0,1014.0
2025-07-18 10:00:00+00:00,23.1,58,14.3,53,53,0,0,645.0,483.0,667.5,162.0,6.6,22.7,0.0,1013.6
2025-07-18 11:00:00+00:00,24.3,55,14.8,51,49,4,0,621.0,390.0,483.3,231.0,7.7,23.0,0.0,1013.4
2025-07-18 12:00:00+00:00,25.4,52,14.8,48,27,32,0,755.0,584.0,683.6,171.0,10.1,28.8,0.1,1013.0
2025-07-18 13:00:00+00:00,26.6,45,13.9,56,35,17,22,783.0,659.0,764.2,124.0,8.5,25.6,0.1,1012.3
2025-07-18 14:00:00+00:00,25.5,53,15.2,97,25,9,95,693.0,546.0,657.5,147.0,11.4,31.0,0.5,1012.2
2025-07-18 15:00:00+00:00,24.9,58,16.0,87,2,0,86,687.0,520.0,683.5,167.0,12.0,32.0,0.3,1011.9
2025-07-18 16:00:00+00:00,24.0,61,15.9,96,0,0,96,585.0,441.0,670.0,144.0,12.8,33.5,0.0,1011.5
2025-07-18 17:00:00+00:00,23.0,64,15.9,100,0,0,100,447.0,325.0,613.7,122.0,12.0,32.8,0.0,1011.2
2025-07-18 18:00:00+00:00,22.1,69,16.1,100,0,0,100,226.0,63.0,164.2,163.0,10.3,30.2,0.0,1010.9
2025-07-18 19:00:00+00:00,21.2,74,16.4,100,0,26,100,113.0,16.0,69.4,97.0,10.1,25.2,0.0,1010.8
2025-07-18 20:00:00+00:00,20.1,80,16.6,100,0,16,100,34.0,5.0,55.5,29.0,8.8,23.0,0.0,1010.8
2025-07-18 21:00:00+00:00,19.4,84,16.5,100,0,90,100,0.0,0.0,0.0,0.0,7.6,18.7,0.0,1010.8
2025-07-18 22:00:00+00:00,19.2,84,16.4,100,0,99,100,0.0,0.0,0.0,0.0,6.3,14.4,0.0,1010.5
2025-07-18 23:00:00+00:00,19.0,84,16.3,100,0,7,100,0.0,0.0,0.0,0.0,3.9,11.9,0.0,1009.9
2025-07-19 00:00:00+00:00,18.5,86,16.1,100,0,0,100,0.0,0.0,0.0,0.0,4.2,7.2,0.0,1009.3
2025-07-19 01:00:00+00:00,18.2,82,15.1,100,0,10,100,0.0,0.0,0.0,0.0,3.1,8.3,0.0,1009.0
2025-07-19 02:00:00+00:00,17.9,84,15.1,100,0,94,100,0.0,0.0,0.0,0.0,3.4,8.3,0.0,1008.5
2025-07-19 03:00:00+00:00,17.2,92,15.9,100,0,96,100,0.0,0.0,0.0,0.0,4.5,9.4,1.2,1007.9
2025-07-19 04:00:00+00:00,17.1,97,16.6,100,0,100,100,0.0,0.0,0.0,0.0,4.9,9.7,1.8,1007.2
2025-07-19 05:00:00+00:00,17.0,97,16.5,100,0,100,100,2.0,0.0,0.0,2.0,3.3,8.3,1.9,1007.1
2025-07-19 06:00:00+00:00,16.7,99,16.6,100,1,96,100,12.0,0.0,0.0,12.0,4.6,9.0,1.2,1007.0
2025-07-19 07:00:00+00:00,17.0,98,16.6,100,0,100,100,53.0,0.0,0.0,53.0,5.6,11.2,0.8,1006.6
2025-07-19 08:00:00+00:00,17.2,97,16.7,100,0,36,100,64.0,0.0,0.0,64.0,4.0,12.2,1.7,1006.4
2025-07-19 09:00:00+00:00,18.4,86,16.0,100,4,63,100,219.0,16.0,26.3,203.0,5.2,14.4,0.5,1005.7
2025-07-19 10:00:00+00:00,18.9,78,14.9,100,0,0,100,263.0,20.0,27.7,243.0,3.8,14.8,0.1,1005.4
2025-07-19 11:00:00+00:00,20.2,69,14.4,86,5,11,84,468.0,132.0,163.9,336.0,3.3,14.8,0.1,1005.4
2025-07-19 12:00:00+00:00,22.3,61,14.4,49,21,12,31,781.0,610.0,715.4,171.0,0.6,15.1,0.0,1005.1
2025-07-19 13:00:00+00:00,22.6,64,15.4,100,99,44,34,564.0,192.0,223.1,372.0,8.2,22.0,0.1,1005.1
2025-07-19 14:00:00+00:00,20.9,71,15.4,68,10,0,64,397.0,124.0,149.6,273.0,14.1,33.8,0.5,1004.9
2025-07-19 15:00:00+00:00,22.3,59,14.0,100,5,3,100,682.0,555.0,731.0,127.0,15.0,36.0,0.0,1004.8
2025-07-19 16:00:00+00:00,21.7,60,13.6,100,0,0,100,596.0,475.0,723.5,121.0,15.5,37.8,0.0,1004.6
2025-07-19 17:00:00+00:00,20.9,61,13.1,100,1,0,100,355.0,139.0,263.4,216.0,13.0,36.7,0.0,1004.2
2025-07-19 18:00:00+00:00,19.6,65,12.9,100,0,93,100,186.0,24.0,62.9,162.0,12.2,29.9,0.0,1004.1
2025-07-19 19:00:00+00:00,18.4,74,13.6,100,0,100,100,70.0,0.0,0.0,70.0,10.7,27.4,0.0,1004.3
2025-07-19 20:00:00+00:00,17.4,82,14.3,100,2,100,100,21.0,0.0,0.0,21.0,8.1,23.0,0.1,1004.2
2025-07-19 21:00:00+00:00,17.0,86,14.7,100,0,99,100,0.0,0.0,0.0,0.0,8.5,16.9,0.1,1004.1
2025-07-19 22:00:00+00:00,16.8,87,14.6,100,0,100,100,0.0,0.0,0.0,0.0,10.7,20.9,0.2,1003.5
2025-07-19 23:00:00+00:00,16.6,90,15.0,100,4,62,100,0.0,0.0,0.0,0.0,13.6,25.9,0.3,1002.8
2025-07-20 00:00:00+00:00,16.8,93,15.7,100,31,100,94,0.0,0.0,0.0,0.0,15.3,29.9,0.2,1002.2
2025-07-20 01:00:00+00:00,17.1,88,15.1,100,100,90,96,0.0,0.0,0.0,0.0,15.8,31.7,0.0,1001.7
2025-07-20 02:00:00+00:00,17.3,86,14.9,99,96,69,59,0.0,0.0,0.0,0.0,18.1,36.4,0.0,1000.6
2025-07-20 03:00:00+00:00,16.8,90,15.1,100,100,56,100,0.0,0.0,0.0,0.0,19.3,40.7,0.5,1000.1
2025-07-20 04:00:00+00:00,16.7,94,15.8,100,94,62,97,0.0,0.0,0.0,0.0,21.2,43.6,0.5,999.6
2025-07-20 05:00:00+00:00,16.8,96,16.0,100,51,95,100,4.0,0.0,0.0,4.0,18.6,41.4,1.2,999.2
2025-07-20 06:00:00+00:00,16.9,93,15.8,100,91,100,100,19.0,0.0,0.0,19.0,22.1,39.6,0.9,998.7
2025-07-20 07:00:00+00:00,16.8,93,15.6,100,100,27,100,62.0,3.0,9.4,59.0,23.9,44.6,0.7,998.5
2025-07-20 08:00:00+00:00,17.4,90,15.8,100,35,56,100,132.0,3.0,6.4,129.0,19.8,49.0,0.2,998.6
2025-07-20 09:00:00+00:00,16.9,89,15.0,100,45,6,99,162.0,13.0,21.5,149.0,18.6,45.0,0.5,998.5
2025-07-20 10:00:00+00:00,18.7,81,15.3,100,100,18,100,539.0,299.0,415.4,240.0,17.6,43.9,0.1,998.5
2025-07-20 11:00:00+00:00,18.4,76,14.1,93,88,41,0,361.0,48.0,59.7,313.0,16.9,44.6,0.0,998.7
2025-07-20 12:00:00+00:00,17.8,81,14.4,96,95,29,4,348.0,90.0,105.8,258.0,14.1,41.8,0.2,999.0
2025-07-20 13:00:00+00:00,19.6,68,13.6,56,24,42,16,723.0,521.0,606.5,202.0,19.2,45.7,0.1,999.1
2025-07-20 14:00:00+00:00,19.9,64,12.9,10,2,6,3,699.0,526.0,635.9,173.0,20.4,46.8,0.0,999.3
2025-07-20 15:00:00+00:00,19.6,64,12.6,25,7,5,16,725.0,621.0,819.8,104.0,20.6,47.5,0.0,999.5
2025-07-20 16:00:00+00:00,19.1,63,11.9,94,8,5,93,569.0,435.0,664.4,134.0,18.3,47.5,0.0,999.5
2025-07-20 17:00:00+00:00,18.4,65,11.8,95,13,7,94,399.0,283.0,538.2,116.0,15.9,41.8,0.0,999.5
2025-07-20 18:00:00+00:00,17.9,69,12.2,22,15,7,6,276.0,164.0,432.0,112.0,13.4,35.6,0.0,999.7
2025-07-20 19:00:00+00:00,17.0,76,12.7,6,5,1,0,148.0,94.0,415.8,54.0,10.7,29.9,0.0,999.6
2025-07-20 20:00:00+00:00,16.0,82,13.1,9,2,7,0,39.0,19.0,216.2,20.0,7.2,23.4,0.0,999.9
2025-07-20 21:00:00+00:00,15.4,88,13.3,20,8,18,0,0.0,0.0,0.0,0.0,5.7,13.7,0.0,999.8
2025-07-20 22:00:00+00:00,15.1,89,13.4,24,11,13,3,0.0,0.0,0.0,0.0,6.7,11.5,0.0,999.5
2025-07-20 23:00:00+00:00,14.9,90,13.1,38,14,20,12,0.0,0.0,0.0,0.0,8.4,16.6,0.0,999.3
2025-07-21 00:00:00+00:00,14.2,93,13.1,75,28,65,12,0.0,0.0,0.0,0.0,4.4,15.8,0.0,999.0
2025-07-21 01:00:00+00:00,13.9,97,13.4,83,3,1,83,0.0,0.0,0.0,0.0,7.0,14.4,0.0,998.6
2025-07-21 02:00:00+00:00,13.6,98,13.2,91,14,6,89,0.0,0.0,0.0,0.0,7.3,13.3,0.0,998.4
2025-07-21 03:00:00+00:00,13.4,98,13.1,99,15,3,99,0.0,0.0,0.0,0.0,8.3,16.6,0.0,998.1
2025-07-21 04:00:00+00:00,13.1,99,12.9,94,7,3,93,0.0,0.0,0.0,0.0,8.5,16.2,0.0,998.0
2025-07-21 05:00:00+00:00,12.9,99,12.9,53,2,0,52,11.0,1.0,17.4,10.0,8.1,16.9,0.0,998.2
2025-07-21 06:00:00+00:00,14.0,95,13.1,43,43,0,0,102.0,56.0,344.2,46.0,7.9,17.3,0.0,998.4
2025-07-21 07:00:00+00:00,15.3,90,13.7,81,81,0,2,238.0,156.0,493.5,82.0,8.9,21.2,0.0,999.0
2025-07-21 08:00:00+00:00,16.9,81,13.6,32,25,10,1,368.0,232.0,497.3,136.0,12.2,28.4,0.1,999.5
2025-07-21 09:00:00+00:00,18.3,71,13.0,14,12,5,0,487.0,361.0,598.2,126.0,10.8,29.2,0.0,999.5
2025-07-21 10:00:00+00:00,19.8,62,12.2,23,4,21,0,664.0,546.0,760.7,118.0,12.4,30.2,0.1,1000.0
2025-07-21 11:00:00+00:00,20.8,53,10.9,12,5,9,1,716.0,590.0,736.0,126.0,12.5,32.0,0.0,1000.4
2025-07-21 12:00:00+00:00,21.6,48,10.1,59,20,55,20,788.0,666.0,784.2,122.0,12.9,32.0,0.1,1000.8
2025-07-21 13:00:00+00:00,21.7,49,10.6,87,11,82,31,654.0,388.0,452.5,266.0,14.3,33.8,0.0,1001.3
2025-07-21 14:00:00+00:00,21.6,49,10.4,51,21,43,4,629.0,443.0,536.7,186.0,17.3,39.2,0.1,1001.6
2025-07-21 15:00:00+00:00,21.0,53,11.0,51,36,28,6,608.0,451.0,596.8,157.0,19.0,43.2,0.1,1002.2
2025-07-21 16:00:00+00:00,19.8,62,12.2,100,41,44,100,373.0,243.0,372.2,130.0,16.2,43.2,0.2,1002.9
2025-07-21 17:00:00+00:00,19.4,66,12.9,84,11,34,73,255.0,90.0,171.8,165.0,14.7,35.6,0.0,1003.3
2025-07-21 18:00:00+00:00,19.2,66,12.8,76,24,55,35,255.0,158.0,418.6,97.0,14.9,33.5,0.0,1003.9
2025-07-21 19:00:00+00:00,18.6,72,13.4,100,8,16,100,111.0,61.0,272.7,50.0,9.7,32.8,0.0,1004.4
2025-07-21 20:00:00+00:00,17.7,76,13.4,71,42,62,14,34.0,10.0,115.3,24.0,11.3,21.6,0.0,1005.0
2025-07-21 21:00:00+00:00,16.5,84,13.8,43,22,31,3,0.0,0.0,0.0,0.0,14.5,29.2,0.6,1005.9
2025-07-21 22:00:00+00:00,16.2,90,14.5,81,10,7,78,0.0,0.0,0.0,0.0,13.8,28.1,0.0,1006.2
2025-07-21 23:00:00+00:00,16.0,91,14.6,67,23,5,57,0.0,0.0,0.0,0.0,14.4,28.4,0.0,1006.7
2025-07-22 00:00:00+00:00,15.9,92,14.5,84,19,0,81,0.0,0.0,0.0,0.0,15.7,31.3,0.0,1007.1
2025-07-22 01:00:00+00:00,16.1,93,14.9,8,5,3,2,0.0,0.0,0.0,0.0,15.2,31.0,0.0,1007.4
2025-07-22 02:00:00+00:00,15.8,93,14.7,6,4,4,0,0.0,0.0,0.0,0.0,15.0,30.2,0.0,1007.7
2025-07-22 03:00:00+00:00,15.6,94,14.6,7,5,7,0,0.0,0.0,0.0,0.0,14.0,29.5,0.0,1008.1
2025-07-22 04:00:00+00:00,15.3,95,14.6,11,4,7,0,0.0,0.0,0.0,0.0,12.8,27.7,0.0,1008.5
2025-07-22 05:00:00+00:00,15.2,96,14.6,5,1,5,0,10.0,2.0,35.6,8.0,12.8,25.6,0.0,1009.0
2025-07-22 06:00:00+00:00,16.4,91,14.9,24,21,6,0,94.0,47.0,293.9,47.0,11.9,28.1,0.0,1009.6
2025-07-22 07:00:00+00:00,17.7,84,14.9,53,47,12,0,219.0,134.0,427.4,85.0,14.5,32.8,0.0,1010.1
2025-07-22 08:00:00+00:00,18.9,80,15.3,47,39,4,11,337.0,193.0,415.9,144.0,12.2,31.7,0.0,1010.5
2025-07-22 09:00:00+00:00,20.0,74,15.2,92,89,29,0,466.0,301.0,500.6,165.0,12.3,30.6,0.0,1010.9
2025-07-22 10:00:00+00:00,21.2,64,14.2,98,96,96,0,492.0,222.0,310.2,270.0,14.4,33.8,0.1,1011.0
2025-07-22 11:00:00+00:00,18.5,84,15.8,72,37,62,0,170.0,8.0,10.0,162.0,13.0,33.8,1.8,1011.7
2025-07-22 12:00:00+00:00,21.6,67,15.2,25,13,13,1,694.0,449.0,529.8,245.0,14.1,34.9,0.1,1011.7
2025-07-22 13:00:00+00:00,21.5,61,13.7,53,11,47,1,770.0,598.0,698.9,172.0,16.2,38.9,0.3,1012.1
2025-07-22 14:00:00+00:00,21.6,59,13.4,100,18,19,100,589.0,401.0,486.8,188.0,15.0,38.9,0.1,1012.0
2025-07-22 15:00:00+00:00,21.8,56,12.6,92,82,67,44,562.0,308.0,408.6,254.0,15.3,35.6,0.0,1012.0
2025-07-22 16:00:00+00:00,20.5,65,13.7,77,7,75,5,376.0,196.0,301.1,180.0,16.6,37.4,0.4,1012.4
2025-07-22 17:00:00+00:00,20.0,67,13.6,44,1,29,21,250.0,106.0,203.2,144.0,15.4,37.4,0.1,1012.5
2025-07-22 18:00:00+00:00,19.9,67,13.5,93,8,12,91,266.0,175.0,466.5,91.0,14.5,34.6,0.1,1012.3
2025-07-22 19:00:00+00:00,19.0,71,13.6,64,46,42,7,130.0,59.0,266.7,71.0,11.7,32.0,0.3,1012.6
2025-07-22 20:00:00+00:00,17.8,79,14.1,73,28,63,0,28.0,9.0,105.2,19.0,9.2,23.4,0.1,1012.9
2025-07-22 21:00:00+00:00,17.0,83,14.1,98,54,95,0,0.0,0.0,0.0,0.0,10.0,19.1,0.1,1013.3
2025-07-22 22:00:00+00:00,16.5,83,13.6,91,36,89,1,0.0,0.0,0.0,0.0,8.7,19.8,0.5,1013.5
2025-07-22 23:00:00+00:00,16.3,83,13.4,99,19,99,1,0.0,0.0,0.0,0.0,7.8,15.8,0.0,1013.1
2025-07-23 00:00:00+00:00,15.6,88,13.6,94,44,92,1,0.0,0.0,0.0,0.0,8.2,15.1,0.3,1013.3
2025-07-23 01:00:00+00:00,15.1,90,13.6,58,5,57,0,0.0,0.0,0.0,0.0,8.0,15.5,0.0,1013.4
2025-07-23 02:00:00+00:00,14.7,93,13.6,77,23,73,0,0.0,0.0,0.0,0.0,6.8,14.8,0.0,1013.2
2025-07-23 03:00:00+00:00,14.4,95,13.6,63,0,63,0,0.0,0.0,0.0,0.0,6.2,12.6,0.0,1013.2
2025-07-23 04:00:00+00:00,14.1,96,13.5,82,6,78,16,0.0,0.0,0.0,0.0,6.5,11.9,0.0,1013.1
2025-07-23 05:00:00+00:00,14.1,95,13.3,66,46,22,28,8.0,1.0,18.2,7.0,6.7,13.0,0.1,1013.3
2025-07-23 06:00:00+00:00,14.6,93,13.5,100,100,70,83,72.0,28.0,178.2,44.0,5.1,12.6,1.8,1013.7
2025-07-23 07:00:00+00:00,15.2,90,13.6,97,43,60,87,72.0,12.0,38.6,60.0,5.4,12.6,1.1,1014.1
2025-07-23 08:00:00+00:00,16.9,80,13.3,100,42,59,100,270.0,130.0,281.6,140.0,10.3,23.0,0.0,1014.5
2025-07-23 09:00:00+00:00,18.0,72,12.8,99,6,30,99,391.0,172.0,287.1,219.0,11.6,27.7,0.0,1014.7
2025-07-23 10:00:00+00:00,18.5,68,12.5,95,3,43,91,500.0,236.0,330.7,264.0,10.6,29.5,0.0,1014.7
2025-07-23 11:00:00+00:00,19.9,62,12.3,96,17,38,93,611.0,327.0,409.9,284.0,9.6,27.7,0.0,1014.6
2025-07-23 12:00:00+00:00,21.2,56,12.1,99,10,18,99,627.0,328.0,387.9,299.0,9.5,27.7,0.0,1014.2
2025-07-23 13:00:00+00:00,21.5,49,10.1,61,34,53,8,591.0,363.0,425.2,228.0,13.2,32.4,0.0,1014.2
2025-07-23 14:00:00+00:00,21.5,51,10.8,71,25,65,2,583.0,412.0,501.3,171.0,11.3,33.1,0.1,1014.3
2025-07-23 15:00:00+00:00,21.2,51,10.8,59,18,50,10,345.0,206.0,274.0,139.0,10.3,28.4,0.1,1014.3
2025-07-23 16:00:00+00:00,21.8,49,10.6,47,23,29,19,482.0,340.0,524.0,142.0,12.9,29.5,0.0,1014.2
2025-07-23 17:00:00+00:00,21.4,50,10.6,43,26,22,16,406.0,276.0,531.3,130.0,15.1,34.2,0.0,1014.2
2025-07-23 18:00:00+00:00,20.6,52,10.4,60,28,26,41,256.0,172.0,461.4,84.0,15.4,34.9,0.0,1014.4
2025-07-23 19:00:00+00:00,19.8,57,10.9,56,4,11,51,137.0,70.0,320.2,67.0,12.7,33.5,0.0,1014.5
2025-07-23 20:00:00+00:00,18.2,65,11.6,99,9,8,99,34.0,15.0,178.0,19.0,10.9,26.6,0.0,1015.2
2025-07-23 21:00:00+00:00,17.1,73,12.1,99,23,18,99,0.0,0.0,0.0,0.0,8.8,21.6,0.0,1015.6
2025-07-23 22:00:00+00:00,16.6,75,12.1,89,12,86,21,0.0,0.0,0.0,0.0,10.7,20.2,0.0,1016.0
2025-07-23 23:00:00+00:00,16.4,76,12.1,30,18,16,4,0.0,0.0,0.0,0.0,12.5,24.5,0.0,1016.2
2025-07-24 00:00:00+00:00,15.9,78,12.1,18,14,6,0,0.0,0.0,0.0,0.0,13.2,26.3,0.0,1016.4
2025-07-24 01:00:00+00:00,15.6,77,11.7,13,13,2,0,0.0,0.0,0.0,0.0,12.4,27.0,0.0,1016.5
2025-07-24 02:00:00+00:00,14.9,81,11.8,24,24,0,0,0.0,0.0,0.0,0.0,11.4,24.5,0.0,1016.7
2025-07-24 03:00:00+00:00,14.4,84,11.8,0,0,0,0,0.0,0.0,0.0,0.0,11.3,22.7,0.0,1016.9
2025-07-24 04:00:00+00:00,13.8,89,11.9,0,0,0,0,0.0,0.0,0.0,0.0,10.6,22.0,0.0,1016.9
2025-07-24 05:00:00+00:00,13.7,90,12.1,4,3,1,0,9.0,3.0,56.2,6.0,10.5,20.5,0.0,1017.3
2025-07-24 06:00:00+00:00,14.9,86,12.6,24,18,7,0,96.0,55.0,356.5,41.0,8.9,20.2,0.0,1017.3
2025-07-24 07:00:00+00:00,16.8,80,13.3,29,20,16,0,224.0,146.0,473.5,78.0,10.7,24.8,0.0,1017.5
2025-07-24 08:00:00+00:00,18.7,71,13.4,40,40,1,0,359.0,248.0,540.0,111.0,15.7,36.0,0.0,1017.8
2025-07-24 09:00:00+00:00,20.2,62,12.8,47,47,0,0,489.0,330.0,552.9,159.0,15.7,36.4,0.0,1017.7
2025-07-24 10:00:00+00:00,21.4,57,12.5,88,88,0,0,529.0,313.0,439.8,216.0,15.9,37.4,0.0,1017.7
2025-07-24 11:00:00+00:00,22.2,53,12.2,100,100,0,0,560.0,234.0,294.0,326.0,14.6,37.8,0.0,1017.8
2025-07-24 12:00:00+00:00,22.6,53,12.6,100,100,11,0,460.0,115.0,136.3,345.0,13.0,34.9,0.0,1017.8
2025-07-24 13:00:00+00:00,23.5,49,12.1,64,48,50,0,723.0,557.0,653.8,166.0,17.7,41.0,0.2,1017.9
2025-07-24 14:00:00+00:00,23.0,52,12.8,20,6,15,0,594.0,393.0,479.3,201.0,19.5,45.0,0.1,1018.0
2025-07-24 15:00:00+00:00,22.6,54,12.9,66,13,63,0,548.0,390.0,520.0,158.0,21.0,48.2,0.0,1018.2
2025-07-24 16:00:00+00:00,22.1,55,12.6,100,22,100,0,488.0,287.0,443.8,201.0,20.0,47.9,0.0,1018.2
2025-07-24 17:00:00+00:00,20.6,62,13.1,99,77,99,0,153.0,6.0,11.6,147.0,17.3,45.4,0.0,1018.6
2025-07-24 18:00:00+00:00,20.2,65,13.6,99,98,99,0,87.0,0.0,0.0,87.0,11.5,37.8,0.0,1018.6
2025-07-24 19:00:00+00:00,20.5,65,13.7,6,1,6,0,72.0,12.0,55.6,60.0,10.1,25.2,0.0,1018.5
2025-07-24 20:00:00+00:00,19.2,72,14.1,7,4,3,0,32.0,15.0,180.8,17.0,7.6,21.6,0.0,1018.9
2025-07-24 21:00:00+00:00,18.2,78,14.3,18,9,9,3,0.0,0.0,0.0,0.0,6.5,14.8,0.0,1019.4
2025-07-24 22:00:00+00:00,17.6,82,14.5,33,21,10,7,0.0,0.0,0.0,0.0,4.7,12.2,0.0,1019.8
2025-07-24 23:00:00+00:00,17.0,86,14.6,73,28,33,44,0.0,0.0,0.0,0.0,3.9,8.6,0.0,1019.9
2025-07-25 00:00:00+00:00,16.5,89,14.8,99,97,10,55,0.0,0.0,0.0,0.0,2.3,7.2,0.0,1020.0
2025-07-25 01:00:00+00:00,16.6,87,14.5,83,81,10,12,0.0,0.0,0.0,0.0,4.6,10.1,0.0,1020.3
2025-07-25 02:00:00+00:00,16.8,87,14.6,98,91,0,81,0.0,0.0,0.0,0.0,3.8,9.0,0.0,1020.0
2025-07-25 03:00:00+00:00,16.0,91,14.6,27,0,0,27,0.0,0.0,0.0,0.0,2.9,6.8,0.0,1019.6
2025-07-25 04:00:00+00:00,14.9,95,14.1,100,1,0,100,0.0,0.0,0.0,0.0,2.3,5.4,0.0,1019.5
2025-07-25 05:00:00+00:00,14.9,97,14.4,63,9,4,59,8.0,1.0,19.2,7.0,1.9,4.7,0.0,1019.7
2025-07-25 06:00:00+00:00,16.2,93,15.1,100,4,5,100,79.0,25.0,165.1,54.0,1.1,6.1,0.0,1019.9
2025-07-25 07:00:00+00:00,18.7,78,14.7,62,5,14,59,211.0,114.0,373.0,97.0,0.8,7.6,0.0,1019.9
2025-07-25 08:00:00+00:00,20.6,66,14.1,11,11,5,0,383.0,288.0,630.5,95.0,2.1,11.2,0.0,1020.3
2025-07-25 09:00:00+00:00,22.4,59,13.9,37,37,0,0,539.0,442.0,743.4,97.0,4.0,15.5,0.0,1020.1
2025-07-25 10:00:00+00:00,23.5,53,13.6,100,100,75,0,634.0,488.0,687.8,146.0,7.3,22.0,0.0,1019.7
2025-07-25 11:00:00+00:00,23.2,56,13.9,96,94,95,0,419.0,92.0,115.9,327.0,9.8,25.2,0.1,1019.8
2025-07-25 12:00:00+00:00,23.5,55,13.9,97,97,71,0,368.0,126.0,149.7,242.0,10.4,25.9,0.0,1019.5
2025-07-25 13:00:00+00:00,24.0,54,13.9,94,44,90,0,373.0,64.0,75.3,309.0,12.2,29.5,0.0,1019.5
2025-07-25 14:00:00+00:00,24.0,55,14.4,100,36,100,0,433.0,166.0,202.9,267.0,13.7,33.1,0.1,1019.3
2025-07-25 15:00:00+00:00,24.5,49,13.0,68,66,43,0,388.0,105.0,140.4,283.0,14.7,34.6,0.0,1019.0
2025-07-25 16:00:00+00:00,25.0,46,12.5,20,18,3,0,455.0,260.0,403.4,195.0,16.6,38.5,0.0,1018.5
2025-07-25 17:00:00+00:00,24.4,45,11.6,0,0,0,0,435.0,330.0,641.0,105.0,16.2,39.2,0.0,1018.1
2025-07-25 18:00:00+00:00,23.1,49,11.9,0,0,0,0,303.0,236.0,641.8,67.0,15.4,37.1,0.0,1018.1
2025-07-25 19:00:00+00:00,21.4,57,12.6,0,0,0,0,151.0,102.0,478.6,49.0,14.3,34.9,0.0,1018.3
2025-07-25 20:00:00+00:00,20.0,66,13.3,0,0,0,0,32.0,16.0,196.0,16.0,11.7,30.6,0.0,1018.6
2025-07-25 21:00:00+00:00,19.0,73,13.9,1,0,1,0,0.0,0.0,0.0,0.0,9.9,23.4,0.0,1019.0
2025-07-25 22:00:00+00:00,18.0,75,13.6,0,0,0,0,0.0,0.0,0.0,0.0,9.5,18.7,0.0,1019.2
2025-07-25 23:00:00+00:00,17.2,74,12.6,0,0,0,0,0.0,0.0,0.0,0.0,9.7,18.4,0.0,1019.0
2025-07-26 00:00:00+00:00,16.6,79,12.9,0,0,0,0,0.0,0.0,0.0,0.0,8.9,18.4,0.0,1019.1
2025-07-26 01:00:00+00:00,16.2,83,13.3,0,0,0,0,0.0,0.0,0.0,0.0,6.3,16.2,0.0,1018.5
2025-07-26 02:00:00+00:00,15.7,89,13.9,0,0,0,0,0.0,0.0,0.0,0.0,5.5,11.5,0.0,1018.3
2025-07-26 03:00:00+00:00,15.1,94,14.1,5,5,0,0,0.0,0.0,0.0,0.0,6.5,11.5,0.0,1018.0
2025-07-26 04:00:00+00:00,14.9,95,14.1,18,18,0,0,0.0,0.0,0.0,0.0,7.2,13.3,0.0,1017.8
2025-07-26 05:00:00+00:00,14.9,95,14.1,100,100,0,0,8.0,2.0,39.5,6.0,7.4,13.3,0.0,1017.7
2025-07-26 06:00:00+00:00,16.5,88,14.4,100,100,0,0,48.0,9.0,60.6,39.0,5.2,14.4,0.1,1017.5
2025-07-26 07:00:00+00:00,17.7,84,15.1,100,100,2,0,81.0,8.0,26.4,73.0,7.4,16.2,0.0,1017.6
2025-07-26 08:00:00+00:00,18.4,80,14.9,98,98,22,0,81.0,0.0,0.0,81.0,8.6,20.9,0.1,1017.6
2025-07-26 09:00:00+00:00,20.1,66,13.6,100,100,94,72,218.0,68.0,114.8,150.0,9.0,22.7,0.1,1017.4
2025-07-26 10:00:00+00:00,20.9,61,13.0,100,98,99,0,262.0,31.0,43.8,231.0,11.8,27.7,0.0,1017.1
2025-07-26 11:00:00+00:00,21.4,64,14.2,100,100,100,21,357.0,53.0,66.9,304.0,13.6,32.4,0.1,1017.1
2025-07-26 12:00:00+00:00,20.7,68,14.5,100,92,99,100,188.0,6.0,7.1,182.0,13.5,32.8,0.1,1017.2
2025-07-26 13:00:00+00:00,21.8,62,14.1,76,27,49,38,247.0,4.0,4.7,243.0,12.5,30.6,0.0,1017.4
2025-07-26 14:00:00+00:00,23.3,56,14.1,34,15,29,0,655.0,477.0,584.6,178.0,14.7,36.0,0.3,1017.2
2025-07-26 15:00:00+00:00,24.4,48,12.6,76,11,73,0,587.0,403.0,540.4,184.0,13.2,36.0,0.0,1016.8
2025-07-26 16:00:00+00:00,24.3,45,11.4,23,9,17,0,400.0,209.0,325.4,191.0,13.8,32.8,0.0,1016.5
2025-07-26 17:00:00+00:00,24.0,41,10.1,2,2,0,0,429.0,326.0,636.2,103.0,15.3,36.0,0.0,1016.2
2025-07-26 18:00:00+00:00,23.1,43,9.8,6,6,1,0,299.0,230.0,630.1,69.0,15.7,36.4,0.0,1016.3
2025-07-26 19:00:00+00:00,21.9,48,10.3,5,3,2,0,148.0,98.0,466.1,50.0,15.4,35.3,0.0,1016.7
2025-07-26 20:00:00+00:00,19.5,61,11.9,1,0,0,1,31.0,15.0,187.0,16.0,15.5,36.4,0.0,1017.2
2025-07-26 21:00:00+00:00,18.5,66,11.9,11,11,3,0,0.0,0.0,0.0,0.0,13.1,31.0,0.0,1017.6
2025-07-26 22:00:00+00:00,18.0,63,10.8,100,0,1,100,0.0,0.0,0.0,0.0,12.5,25.9,0.0,1017.6
2025-07-26 23:00:00+00:00,17.6,64,10.7,100,3,1,100,0.0,0.0,0.0,0.0,13.1,26.3,0.0,1017.7
2025-07-27 00:00:00+00:00,17.1,68,11.1,100,0,0,100,0.0,0.0,0.0,0.0,12.2,26.3,0.0,1017.6
2025-07-27 01:00:00+00:00,16.5,69,10.8,99,2,60,99,0.0,0.0,0.0,0.0,12.8,28.1,0.0,1017.6
2025-07-27 02:00:00+00:00,15.9,69,10.2,100,28,100,94,0.0,0.0,0.0,0.0,11.4,25.2,0.0,1017.6
2025-07-27 03:00:00+00:00,15.7,67,9.6,100,90,100,94,0.0,0.0,0.0,0.0,11.3,22.3,0.0,1017.7
2025-07-27 04:00:00+00:00,15.6,66,9.4,100,0,100,51,0.0,0.0,0.0,0.0,12.4,24.5,0.0,1017.6
2025-07-27 05:00:00+00:00,15.4,68,9.5,100,0,100,0,3.0,0.0,0.0,3.0,11.2,24.8,0.0,1017.6
2025-07-27 06:00:00+00:00,15.4,70,9.9,100,0,100,0,24.0,0.0,0.0,24.0,8.9,22.7,0.0,1017.8
2025-07-27 07:00:00+00:00,16.5,66,10.1,97,0,97,0,107.0,12.0,40.0,95.0,8.8,20.5,0.0,1018.0
2025-07-27 08:00:00+00:00,18.4,58,10.1,21,0,21,0,309.0,147.0,325.4,162.0,9.6,24.8,0.0,1018.0
2025-07-27 09:00:00+00:00,20.0,50,9.4,39,1,39,0,536.0,428.0,725.6,108.0,11.5,30.2,0.0,1017.8
2025-07-27 10:00:00+00:00,21.2,43,8.2,88,3,87,0,616.0,456.0,646.7,160.0,12.3,31.7,0.0,1017.7
2025-07-27 11:00:00+00:00,21.6,41,7.7,99,6,99,0,548.0,266.0,336.8,282.0,12.7,32.8,0.0,1017.7
2025-07-27 12:00:00+00:00,21.9,39,7.4,100,29,100,0,493.0,125.0,149.2,368.0,12.6,32.8,0.0,1017.6
2025-07-27 13:00:00+00:00,20.5,44,7.8,100,0,100,0,279.0,33.0,39.0,246.0,12.7,30.2,0.0,1018.1
2025-07-27 14:00:00+00:00,20.1,47,8.4,55,0,55,0,275.0,18.0,22.1,257.0,12.1,31.0,0.0,1018.1
2025-07-27 15:00:00+00:00,21.6,41,7.9,75,2,75,0,651.0,531.0,714.1,120.0,11.4,31.7,0.0,1017.9
2025-07-27 16:00:00+00:00,21.3,42,7.8,100,2,100,0,421.0,231.0,361.0,190.0,12.0,30.2,0.0,1017.8
2025-07-27 17:00:00+00:00,20.4,45,7.9,100,3,100,0,176.0,14.0,27.5,162.0,11.9,30.2,0.0,1017.7
2025-07-27 18:00:00+00:00,19.9,47,8.4,43,2,42,0,89.0,3.0,8.3,86.0,9.7,27.7,0.0,1017.9
2025-07-27 19:00:00+00:00,19.5,51,8.9,44,0,44,0,119.0,60.0,289.5,59.0,8.6,22.7,0.0,1018.2
2025-07-27 20:00:00+00:00,18.1,59,10.1,20,0,20,0,24.0,9.0,114.3,15.0,8.5,19.1,0.0,1018.9
2025-07-27 21:00:00+00:00,17.0,67,10.8,44,6,41,0,0.0,0.0,0.0,0.0,7.8,16.6,0.0,1019.3
2025-07-27 22:00:00+00:00,16.4,71,11.1,7,0,7,0,0.0,0.0,0.0,0.0,10.0,18.7,0.0,1019.6
2025-07-27 23:00:00+00:00,15.4,76,11.2,11,0,11,0,0.0,0.0,0.0,0.0,10.4,20.5,0.0,1019.8
2025-07-28 00:00:00+00:00,14.8,80,11.4,0,0,0,0,0.0,0.0,0.0,0.0,9.4,19.8,0.0,1019.9
2025-07-28 01:00:00+00:00,14.3,83,11.5,0,0,0,0,0.0,0.0,0.0,0.0,10.9,22.0,0.0,1020.0
2025-07-28 02:00:00+00:00,13.8,85,11.3,0,0,0,0,0.0,0.0,0.0,0.0,10.3,20.5,0.0,1019.9
2025-07-28 03:00:00+00:00,13.2,87,11.1,3,0,3,0,0.0,0.0,0.0,0.0,10.5,19.8,0.0,1020.1
2025-07-28 04:00:00+00:00,12.8,88,10.9,2,0,2,0,0.0,0.0,0.0,0.0,9.9,19.8,0.0,1020.4
2025-07-28 05:00:00+00:00,12.5,89,10.8,0,0,0,0,7.0,2.0,42.0,5.0,9.4,18.7,0.0,1020.6
2025-07-28 06:00:00+00:00,13.8,82,10.8,11,0,0,11,90.0,52.0,364.7,38.0,6.9,17.6,0.0,1020.9
2025-07-28 07:00:00+00:00,16.0,70,10.6,17,0,17,0,234.0,170.0,571.5,64.0,5.3,15.5,0.0,1021.3
2025-07-28 08:00:00+00:00,18.3,59,10.1,15,0,15,0,388.0,301.0,670.1,87.0,6.1,18.7,0.0,1021.5
2025-07-28 09:00:00+00:00,20.0,50,9.2,100,2,100,12,503.0,364.0,619.6,139.0,7.6,22.7,0.0,1021.4
2025-07-28 10:00:00+00:00,19.8,50,9.1,100,2,100,44,285.0,83.0,118.1,202.0,8.5,23.0,0.0,1021.5
2025-07-28 11:00:00+00:00,20.5,49,9.4,100,5,100,43,346.0,62.0,78.7,284.0,8.1,23.0,0.0,1021.2
2025-07-28 12:00:00+00:00,22.6,43,9.3,100,100,83,75,624.0,348.0,416.5,276.0,9.6,27.0,0.0,1020.6
2025-07-28 13:00:00+00:00,22.9,43,9.5,70,16,60,20,610.0,356.0,421.9,254.0,10.8,28.8,0.1,1021.0
2025-07-28 14:00:00+00:00,22.4,45,9.8,65,23,57,19,469.0,277.0,341.3,192.0,10.8,29.2,0.2,1020.9
2025-07-28 15:00:00+00:00,23.0,44,9.9,74,9,44,51,486.0,295.0,398.0,191.0,9.9,28.1,0.2,1020.6
2025-07-28 16:00:00+00:00,23.5,40,9.1,67,16,62,10,452.0,329.0,516.2,123.0,9.3,25.9,0.2,1020.1
2025-07-28 17:00:00+00:00,23.4,40,9.1,96,6,95,6,340.0,228.0,449.6,112.0,8.7,24.1,0.0,1019.8
2025-07-28 18:00:00+00:00,22.8,42,9.0,52,18,51,0,169.0,61.0,169.7,108.0,8.0,22.0,0.0,1019.8
2025-07-28 19:00:00+00:00,22.0,46,9.8,37,24,34,0,108.0,57.0,279.2,51.0,9.2,20.9,0.0,1019.9
2025-07-28 20:00:00+00:00,20.3,57,11.4,37,16,31,0,23.0,9.0,116.5,14.0,14.0,28.1,0.0,1020.6
2025-07-28 21:00:00+00:00,18.8,69,13.1,15,8,13,0,0.0,0.0,0.0,0.0,11.7,28.8,0.0,1021.0
2025-07-28 22:00:00+00:00,17.5,77,13.5,12,5,6,1,0.0,0.0,0.0,0.0,10.5,23.4,0.0,1021.2
2025-07-28 23:00:00+00:00,16.6,84,13.9,19,18,6,0,0.0,0.0,0.0,0.0,10.6,20.5,0.0,1021.2
2025-07-29 00:00:00+00:00,16.1,88,14.2,0,0,0,0,0.0,0.0,0.0,0.0,10.2,20.2,0.0,1021.2
2025-07-29 01:00:00+00:00,15.6,89,13.8,0,0,0,0,0.0,0.0,0.0,0.0,10.5,20.9,0.0,1020.9
2025-07-29 02:00:00+00:00,15.0,88,12.9,13,3,0,10,0.0,0.0,0.0,0.0,9.9,19.8,0.0,1020.9
2025-07-29 03:00:00+00:00,14.4,87,12.1,21,10,13,0,0.0,0.0,0.0,0.0,9.7,19.1,0.0,1020.6
2025-07-29 04:00:00+00:00,13.8,87,11.6,41,12,18,21,0.0,0.0,0.0,0.0,9.8,18.4,0.0,1020.5
2025-07-29 05:00:00+00:00,13.4,88,11.4,100,14,100,100,6.0,1.0,21.7,5.0,8.7,19.1,0.0,1020.5
2025-07-29 06:00:00+00:00,14.1,84,11.5,86,0,78,39,32.0,0.0,0.0,32.0,5.7,16.9,0.0,1020.6
2025-07-29 07:00:00+00:00,15.1,81,11.8,93,0,92,4,97.0,28.0,95.0,69.0,3.3,12.2,0.0,1020.3
2025-07-29 08:00:00+00:00,15.9,80,12.4,98,22,90,88,161.0,55.0,123.2,106.0,1.9,11.2,0.7,1020.4
2025-07-29 09:00:00+00:00,16.7,76,12.4,100,100,100,86,211.0,32.0,54.7,179.0,4.5,14.4,0.0,1020.1
2025-07-29 10:00:00+00:00,16.8,77,12.7,100,90,63,94,145.0,3.0,4.3,142.0,6.8,17.6,0.2,1019.9
2025-07-29 11:00:00+00:00,19.2,65,12.4,100,100,100,0,517.0,219.0,278.9,298.0,9.9,26.6,0.0,1019.5
2025-07-29 12:00:00+00:00,18.4,72,13.2,100,100,36,0,181.0,0.0,0.0,181.0,13.4,30.2,0.1,1019.4
2025-07-29 13:00:00+00:00,19.5,70,13.9,100,100,24,100,208.0,28.0,33.3,180.0,14.9,33.5,0.1,1019.0
2025-07-29 14:00:00+00:00,20.5,67,14.2,100,100,42,8,270.0,7.0,8.6,263.0,12.8,33.8,0.1,1018.6
2025-07-29 15:00:00+00:00,20.1,70,14.5,97,96,44,0,149.0,1.0,1.4,148.0,10.2,29.9,0.5,1018.4
2025-07-29 16:00:00+00:00,21.1,68,15.1,56,49,29,0,280.0,66.0,104.0,214.0,5.6,22.7,0.2,1017.9
2025-07-29 17:00:00+00:00,20.9,72,15.6,100,47,100,0,277.0,105.0,208.2,172.0,8.5,20.9,1.7,1017.5
2025-07-29 18:00:00+00:00,19.7,83,16.8,37,17,21,15,92.0,19.0,53.3,73.0,4.7,19.1,0.6,1017.5
2025-07-29 19:00:00+00:00,19.5,80,16.0,69,36,46,16,117.0,61.0,303.5,56.0,8.0,15.5,0.1,1017.6
2025-07-29 20:00:00+00:00,18.6,86,16.3,73,59,61,0,18.0,4.0,52.9,14.0,8.2,16.6,0.1,1017.9
2025-07-29 21:00:00+00:00,17.9,92,16.5,34,10,27,0,0.0,0.0,0.0,0.0,8.2,15.1,0.0,1018.3
2025-07-29 22:00:00+00:00,17.4,94,16.3,61,27,47,0,0.0,0.0,0.0,0.0,10.4,19.1,0.0,1018.3
2025-07-29 23:00:00+00:00,17.1,94,16.1,49,20,42,0,0.0,0.0,0.0,0.0,11.7,22.0,0.2,1018.4
2025-07-30 00:00:00+00:00,16.9,95,16.0,13,0,13,0,0.0,0.0,0.0,0.0,10.8,22.0,0.1,1018.5
2025-07-30 01:00:00+00:00,16.9,95,16.1,6,3,3,0,0.0,0.0,0.0,0.0,10.7,20.2,0.0,1018.7
2025-07-30 02:00:00+00:00,16.2,97,15.6,11,6,8,1,0.0,0.0,0.0,0.0,10.7,20.2,0.0,1018.5
2025-07-30 03:00:00+00:00,15.7,97,15.2,9,6,8,1,0.0,0.0,0.0,0.0,11.2,20.9,0.0,1018.5
2025-07-30 04:00:00+00:00,15.3,97,14.9,5,4,4,0,0.0,0.0,0.0,0.0,11.4,21.6,0.0,1018.8
2025-07-30 05:00:00+00:00,15.1,97,14.6,1,0,1,0,5.0,1.0,22.4,4.0,11.9,22.3,0.0,1019.2
2025-07-30 06:00:00+00:00,15.8,94,14.8,3,3,0,0,80.0,42.0,308.0,38.0,11.0,22.7,0.0,1019.3
2025-07-30 07:00:00+00:00,16.8,87,14.6,100,100,0,0,210.0,137.0,469.7,73.0,13.8,31.7,0.0,1019.6
2025-07-30 08:00:00+00:00,17.8,81,14.4,100,100,0,27,271.0,98.0,220.8,173.0,12.7,31.0,0.0,1019.8
2025-07-30 09:00:00+00:00,19.4,71,13.9,100,100,0,4,369.0,129.0,221.5,240.0,12.4,29.9,0.1,1019.7
2025-07-30 10:00:00+00:00,20.2,65,13.4,100,100,0,3,319.0,48.0,68.8,271.0,11.6,29.5,0.1,1019.8
2025-07-30 11:00:00+00:00,21.5,59,13.1,90,90,0,0,471.0,199.0,254.2,272.0,13.0,31.7,0.1,1019.6
2025-07-30 12:00:00+00:00,22.7,54,12.8,90,90,0,0,589.0,360.0,433.1,229.0,14.1,34.2,0.0,1019.4
2025-07-30 13:00:00+00:00,23.9,47,11.9,93,91,78,9,683.0,469.0,558.8,214.0,13.5,33.1,0.0,1019.4
2025-07-30 14:00:00+00:00,24.0,46,11.7,98,48,55,95,475.0,160.0,198.3,315.0,14.9,34.9,0.0,1019.2
2025-07-30 15:00:00+00:00,24.2,46,11.8,100,100,96,100,452.0,198.0,268.9,254.0,13.4,34.6,0.0,1018.9
2025-07-30 16:00:00+00:00,24.1,47,12.1,100,22,85,100,308.0,73.0,115.5,235.0,12.9,31.3,0.0,1018.6
2025-07-30 17:00:00+00:00,23.8,49,12.4,91,12,23,86,255.0,86.0,171.5,169.0,15.0,33.8,0.0,1018.4
2025-07-30 18:00:00+00:00,23.1,52,12.6,82,1,29,75,238.0,155.0,438.7,83.0,14.5,34.2,0.0,1018.5
2025-07-30 19:00:00+00:00,21.8,62,14.1,7,2,2,4,115.0,46.0,232.8,69.0,13.2,31.7,0.0,1018.6
2025-07-30 20:00:00+00:00,19.9,72,14.7,22,0,0,21,23.0,10.0,135.0,13.0,12.0,27.0,0.0,1019.0
2025-07-30 21:00:00+00:00,18.5,77,14.5,8,0,0,8,0.0,0.0,0.0,0.0,12.6,24.8,0.0,1019.2
2025-07-30 22:00:00+00:00,17.5,82,14.4,0,0,0,0,0.0,0.0,0.0,0.0,10.9,24.5,0.0,1019.2
2025-07-30 23:00:00+00:00,17.0,85,14.5,3,1,3,0,0.0,0.0,0.0,0.0,11.2,21.2,0.0,1019.2
2025-07-31 00:00:00+00:00,16.7,89,14.8,1,0,1,0,0.0,0.0,0.0,0.0,10.7,21.6,0.0,1019.1
2025-07-31 01:00:00+00:00,16.5,89,14.6,5,0,4,1,0.0,0.0,0.0,0.0,9.0,19.8,0.0,1018.8
2025-07-31 02:00:00+00:00,16.0,92,14.8,35,6,12,26,0.0,0.0,0.0,0.0,8.4,16.9,0.0,1018.7
2025-07-31 03:00:00+00:00,15.8,95,15.0,98,5,0,98,0.0,0.0,0.0,0.0,6.1,15.8,0.0,1018.2
2025-07-31 04:00:00+00:00,15.7,97,15.2,100,42,1,99,0.0,0.0,0.0,0.0,7.0,13.0,0.0,1018.0
2025-07-31 05:00:00+00:00,15.8,98,15.4,100,89,4,100,4.0,0.0,0.0,4.0,7.9,14.4,0.0,1017.8
2025-07-31 06:00:00+00:00,17.0,92,15.8,100,100,77,100,54.0,4.0,30.0,50.0,10.5,21.6,0.0,1017.6
2025-07-31 07:00:00+00:00,18.2,87,16.0,100,100,100,100,97.0,0.0,0.0,97.0,12.4,26.6,0.0,1017.7
2025-07-31 08:00:00+00:00,18.6,86,16.2,100,100,98,100,75.0,0.0,0.0,75.0,13.4,28.8,0.0,1017.5
2025-07-31 09:00:00+00:00,19.3,83,16.2,100,94,100,100,99.0,0.0,0.0,99.0,11.9,28.8,0.1,1017.3
2025-07-31 10:00:00+00:00,20.0,79,16.2,100,100,73,99,124.0,0.0,0.0,124.0,11.0,27.4,0.1,1017.2
2025-07-31 11:00:00+00:00,21.1,74,16.2,100,100,100,62,258.0,50.0,64.1,208.0,9.6,27.4,0.3,1016.6
2025-07-31 12:00:00+00:00,19.3,84,16.6,100,36,42,100,164.0,2.0,2.4,162.0,11.9,25.2,5.5,1016.5
2025-07-31 13:00:00+00:00,22.7,72,17.4,41,16,14,21,636.0,388.0,463.6,248.0,11.7,30.6,0.1,1016.1
2025-07-31 14:00:00+00:00,24.2,61,16.1,100,100,100,98,703.0,514.0,638.9,189.0,10.9,33.8,0.1,1015.5
2025-07-31 15:00:00+00:00,18.5,90,16.7,90,2,19,88,77.0,0.0,0.0,77.0,15.9,39.2,5.7,1016.1
2025-07-31 16:00:00+00:00,21.0,79,17.2,64,36,25,27,439.0,259.0,411.5,180.0,10.8,29.9,0.0,1015.7
2025-07-31 17:00:00+00:00,20.4,78,16.4,77,45,25,46,321.0,178.0,357.1,143.0,12.1,28.4,0.1,1015.4
2025-07-31 18:00:00+00:00,19.7,81,16.4,73,37,46,24,198.0,91.0,259.9,107.0,10.1,27.7,0.2,1015.8
2025-07-31 19:00:00+00:00,18.6,89,16.7,18,9,11,0,68.0,24.0,123.6,44.0,8.8,23.4,0.5,1015.9
2025-07-31 20:00:00+00:00,17.5,92,16.2,12,0,12,0,20.0,8.0,110.5,12.0,9.7,17.3,0.0,1016.1
2025-07-31 21:00:00+00:00,17.0,93,15.9,13,5,12,0,0.0,0.0,0.0,0.0,13.3,24.1,0.0,1016.1
2025-07-31 22:00:00+00:00,16.5,87,14.4,4,4,1,0,0.0,0.0,0.0,0.0,15.6,29.5,0.0,1016.2
2025-07-31 23:00:00+00:00,15.5,81,12.3,0,0,0,0,0.0,0.0,0.0,0.0,16.6,32.4,0.0,1016.4
2025-08-01 00:00:00+00:00,14.6,79,11.0,1,0,1,0,0.0,0.0,0.0,0.0,16.4,32.4,0.0,1016.6
2025-08-01 01:00:00+00:00,14.4,79,10.8,0,0,0,0,0.0,0.0,0.0,0.0,16.2,33.8,0.0,1016.9
2025-08-01 02:00:00+00:00,13.7,79,10.1,0,0,0,0,0.0,0.0,0.0,0.0,16.2,32.8,0.0,1017.0
2025-08-01 03:00:00+00:00,13.1,77,9.2,0,0,0,0,0.0,0.0,0.0,0.0,16.2,32.8,0.0,1017.0
2025-08-01 04:00:00+00:00,12.5,77,8.6,0,0,0,0,0.0,0.0,0.0,0.0,15.5,32.4,0.0,1017.0
2025-08-01 05:00:00+00:00,12.0,78,8.2,0,0,0,0,4.0,1.0,24.2,3.0,15.6,31.0,0.0,1017.0
2025-08-01 06:00:00+00:00,12.6,76,8.6,0,0,0,0,83.0,50.0,384.8,33.0,14.8,33.8,0.0,1017.2
2025-08-01 07:00:00+00:00,13.9,72,8.9,1,1,0,0,229.0,169.0,591.6,60.0,14.7,33.5,0.0,1017.2
2025-08-01 08:00:00+00:00,15.1,69,9.5,25,25,0,0,389.0,312.0,711.9,77.0,15.8,36.4,0.0,1017.2
2025-08-01 09:00:00+00:00,16.7,64,9.9,100,100,0,0,525.0,409.0,708.5,116.0,17.3,39.6,0.0,1017.1
2025-08-01 10:00:00+00:00,17.4,61,9.9,96,96,0,0,487.0,215.0,310.1,272.0,15.5,39.6,0.0,1017.0
2025-08-01 11:00:00+00:00,18.1,57,9.5,100,100,0,0,521.0,275.0,353.4,246.0,15.6,36.7,0.0,1016.9
2025-08-01 12:00:00+00:00,18.8,53,9.1,60,60,0,0,519.0,207.0,250.5,312.0,14.6,37.1,0.0,1016.9
2025-08-01 13:00:00+00:00,20.4,49,9.1,91,90,85,0,786.0,616.0,738.1,170.0,15.4,37.4,0.0,1016.6
2025-08-01 14:00:00+00:00,20.0,48,8.8,47,20,45,0,467.0,167.0,208.2,300.0,14.7,37.8,0.0,1016.5
2025-08-01 15:00:00+00:00,20.2,47,8.6,71,30,70,0,522.0,315.0,430.9,207.0,15.9,36.7,0.0,1016.2
2025-08-01 16:00:00+00:00,20.0,46,8.1,50,25,42,0,457.0,307.0,490.0,150.0,19.2,42.1,0.2,1016.4
2025-08-01 17:00:00+00:00,18.3,62,11.0,29,7,24,0,281.0,179.0,361.3,102.0,13.2,45.7,0.0,1016.6
2025-08-01 18:00:00+00:00,17.6,65,10.9,52,13,50,0,236.0,162.0,467.1,74.0,14.1,36.4,0.0,1017.0
2025-08-01 19:00:00+00:00,17.3,67,11.1,25,0,25,0,106.0,55.0,288.5,51.0,11.3,30.6,0.0,1017.0
2025-08-01 20:00:00+00:00,16.1,70,10.8,3,3,0,0,19.0,8.0,113.2,11.0,12.4,25.2,0.0,1017.9
2025-08-01 21:00:00+00:00,15.1,77,11.0,1,1,1,0,0.0,0.0,0.0,0.0,10.1,24.8,0.0,1018.2
2025-08-01 22:00:00+00:00,14.1,82,11.1,9,8,0,0,0.0,0.0,0.0,0.0,9.2,19.1,0.0,1018.5
2025-08-01 23:00:00+00:00,13.7,78,9.9,29,16,22,0,0.0,0.0,0.0,0.0,11.9,22.3,0.0,1018.6
2025-08-02 00:00:00+00:00,13.5,76,9.4,31,24,14,0,0.0,0.0,0.0,0.0,12.1,23.0,0.0,1018.9
2025-08-02 01:00:00+00:00,13.2,75,8.9,94,94,0,0,0.0,0.0,0.0,0.0,11.5,22.7,0.0,1019.0
2025-08-02 02:00:00+00:00,13.1,74,8.6,99,99,4,0,0.0,0.0,0.0,0.0,11.3,22.3,0.0,1019.0
2025-08-02 03:00:00+00:00,13.2,73,8.6,98,98,2,0,0.0,0.0,0.0,0.0,10.7,22.0,0.0,1019.0
2025-08-02 04:00:00+00:00,12.9,76,8.8,37,37,0,0,0.0,0.0,0.0,0.0,9.8,21.2,0.0,1018.9
2025-08-02 05:00:00+00:00,11.8,82,8.9,0,0,0,0,3.0,1.0,25.1,2.0,10.2,19.4,0.0,1019.2
2025-08-02 06:00:00+00:00,12.2,84,9.6,2,2,0,0,79.0,46.0,363.2,33.0,8.8,20.2,0.0,1019.4
2025-08-02 07:00:00+00:00,13.9,78,10.1,0,0,0,0,223.0,163.0,576.7,60.0,8.2,20.2,0.0,1019.6
2025-08-02 08:00:00+00:00,15.9,72,10.9,0,0,0,0,385.0,309.0,709.7,76.0,8.4,22.3,0.0,1019.6
2025-08-02 09:00:00+00:00,17.5,62,10.2,60,59,5,0,539.0,453.0,788.4,86.0,11.7,27.7,0.0,1019.6
2025-08-02 10:00:00+00:00,18.4,56,9.5,60,58,29,0,557.0,380.0,550.2,177.0,11.8,29.9,0.0,1019.5
2025-08-02 11:00:00+00:00,19.3,50,8.7,94,93,68,0,614.0,407.0,524.7,207.0,11.2,29.5,0.0,1019.4
2025-08-02 12:00:00+00:00,19.6,48,8.1,97,96,94,0,470.0,144.0,174.8,326.0,11.0,28.8,0.0,1019.6
2025-08-02 13:00:00+00:00,20.3,44,7.8,51,4,50,0,506.0,237.0,284.8,269.0,10.7,27.7,0.0,1019.7
2025-08-02 14:00:00+00:00,21.3,40,7.3,81,2,81,0,663.0,436.0,545.4,227.0,11.6,28.8,0.0,1019.4
2025-08-02 15:00:00+00:00,21.5,39,7.0,38,0,38,0,604.0,406.0,557.4,198.0,11.6,30.2,0.0,1019.3
2025-08-02 16:00:00+00:00,22.0,36,6.2,43,0,43,0,513.0,372.0,596.6,141.0,10.1,28.8,0.0,1019.0
2025-08-02 17:00:00+00:00,22.4,35,6.2,74,2,74,0,387.0,229.0,465.2,158.0,11.7,25.9,0.0,1018.2
2025-08-02 18:00:00+00:00,20.6,48,9.3,12,0,12,0,202.0,105.0,305.8,97.0,17.1,37.4,0.0,1018.3
2025-08-02 19:00:00+00:00,18.8,58,10.4,2,0,2,0,129.0,83.0,443.8,46.0,12.8,37.8,0.0,1018.5
2025-08-02 20:00:00+00:00,17.4,63,10.2,0,0,0,0,20.0,9.0,130.7,11.0,11.6,25.2,0.0,1018.9
2025-08-02 21:00:00+00:00,16.2,69,10.5,0,0,0,0,0.0,0.0,0.0,0.0,11.9,24.1,0.0,1019.5
2025-08-02 22:00:00+00:00,15.1,76,10.9,4,0,0,4,0.0,0.0,0.0,0.0,10.0,22.7,0.0,1019.6
2025-08-02 23:00:00+00:00,14.4,82,11.4,86,0,0,86,0.0,0.0,0.0,0.0,10.2,19.1,0.0,1020.2
2025-08-03 00:00:00+00:00,14.1,85,11.6,98,0,0,98,0.0,0.0,0.0,0.0,10.2,19.4,0.0,1020.3
2025-08-03 01:00:00+00:00,13.6,87,11.4,54,0,0,54,0.0,0.0,0.0,0.0,10.0,19.4,0.0,1020.2
2025-08-03 02:00:00+00:00,13.1,90,11.6,33,0,0,33,0.0,0.0,0.0,0.0,8.7,18.7,0.0,1020.1
2025-08-03 03:00:00+00:00,12.6,94,11.6,44,0,0,44,0.0,0.0,0.0,0.0,8.3,16.2,0.0,1019.9
2025-08-03 04:00:00+00:00,12.2,95,11.4,100,0,0,100,0.0,0.0,0.0,0.0,9.1,17.3,0.0,1019.6
2025-08-03 05:00:00+00:00,12.2,93,11.1,100,0,10,100,3.0,0.0,0.0,3.0,9.3,17.6,0.0,1019.6
2025-08-03 06:00:00+00:00,13.2,89,11.5,100,1,84,100,44.0,0.0,0.0,44.0,9.8,18.0,0.0,1019.7
2025-08-03 07:00:00+00:00,14.9,82,11.8,100,6,81,100,113.0,10.0,35.8,103.0,8.4,18.7,0.0,1019.8
2025-08-03 08:00:00+00:00,17.1,76,12.9,100,0,31,100,214.0,39.0,90.2,175.0,10.0,23.4,0.0,1019.7
2025-08-03 09:00:00+00:00,19.7,72,14.6,100,100,13,94,355.0,130.0,227.3,225.0,15.2,33.1,0.0,1019.3
2025-08-03 10:00:00+00:00,20.5,72,15.2,100,100,13,90,339.0,104.0,151.1,235.0,16.2,36.7,0.0,1019.1
2025-08-03 11:00:00+00:00,21.2,70,15.4,100,100,34,100,374.0,85.0,109.9,289.0,17.3,38.9,0.0,1019.1
2025-08-03 12:00:00+00:00,21.3,71,15.8,100,100,43,100,284.0,25.0,30.4,259.0,19.1,41.8,0.0,1019.3
2025-08-03 13:00:00+00:00,22.1,70,16.4,100,100,37,92,263.0,5.0,6.0,258.0,17.9,39.6,0.0,1019.0
2025-08-03 14:00:00+00:00,21.3,76,17.0,100,100,44,2,168.0,4.0,5.0,164.0,18.4,40.3,0.3,1019.1
2025-08-03 15:00:00+00:00,21.6,77,17.4,100,24,60,100,209.0,18.0,24.8,191.0,17.9,43.2,0.4,1019.0
2025-08-03 16:00:00+00:00,22.8,72,17.5,100,24,15,100,413.0,223.0,359.4,190.0,19.3,42.1,0.5,1018.6
2025-08-03 17:00:00+00:00,23.4,68,17.2,100,13,0,100,318.0,172.0,351.7,146.0,17.5,41.4,0.3,1018.3
2025-08-03 18:00:00+00:00,22.9,66,16.3,100,9,2,100,190.0,46.0,135.3,144.0,15.6,39.2,0.0,1018.6
2025-08-03 19:00:00+00:00,21.7,67,15.4,100,1,7,100,96.0,21.0,114.6,75.0,15.4,33.1,0.0,1019.1
2025-08-03 20:00:00+00:00,20.0,73,14.9,100,0,16,100,13.0,0.0,0.0,13.0,14.1,32.0,0.0,1019.4
2025-08-03 21:00:00+00:00,19.0,77,14.9,100,0,77,100,0.0,0.0,0.0,0.0,13.3,28.1,0.0,1019.6
2025-08-03 22:00:00+00:00,18.5,79,14.8,98,0,81,92,0.0,0.0,0.0,0.0,12.7,26.3,0.0,1019.5
2025-08-03 23:00:00+00:00,17.9,82,14.7,97,0,36,96,0.0,0.0,0.0,0.0,10.0,25.2,0.0,1019.6
2025-08-04 00:00:00+00:00,16.8,87,14.6,100,0,3,100,0.0,0.0,0.0,0.0,8.5,19.4,0.0,1019.6
2025-08-04 01:00:00+00:00,16.0,90,14.3,100,0,1,100,0.0,0.0,0.0,0.0,8.3,16.6,0.0,1019.5
2025-08-04 02:00:00+00:00,15.5,93,14.4,100,0,23,100,0.0,0.0,0.0,0.0,8.0,15.5,0.0,1019.1
2025-08-04 03:00:00+00:00,15.2,96,14.6,100,0,1,100,0.0,0.0,0.0,0.0,8.4,15.8,0.0,1018.8
2025-08-04 04:00:00+00:00,15.0,96,14.3,100,0,59,100,0.0,0.0,0.0,0.0,8.8,17.3,0.0,1018.3
2025-08-04 05:00:00+00:00,15.5,93,14.4,87,67,45,28,1.0,0.0,0.0,1.0,9.3,17.3,0.0,1018.1
2025-08-04 06:00:00+00:00,17.2,91,15.7,100,100,100,25,49.0,9.0,75.0,40.0,11.8,21.6,0.0,1017.6
2025-08-04 07:00:00+00:00,18.5,93,17.3,100,100,99,3,41.0,0.0,0.0,41.0,18.2,34.9,0.0,1017.2
2025-08-04 08:00:00+00:00,19.4,88,17.3,100,100,48,0,92.0,3.0,7.0,89.0,23.0,50.0,0.0,1016.8
2025-08-04 09:00:00+00:00,19.5,89,17.6,100,100,72,0,124.0,6.0,10.5,118.0,24.7,53.3,0.1,1016.7
2025-08-04 10:00:00+00:00,20.2,83,17.3,100,81,100,7,188.0,13.0,19.0,175.0,28.0,61.9,0.1,1016.4
2025-08-04 11:00:00+00:00,20.0,85,17.4,100,100,96,27,158.0,0.0,0.0,158.0,28.6,60.1,0.1,1015.6
2025-08-04 12:00:00+00:00,20.3,83,17.2,100,100,91,0,187.0,23.0,28.1,164.0,31.2,64.8,0.1,1015.5
2025-08-04 13:00:00+00:00,19.4,88,17.4,100,100,100,0,104.0,4.0,4.8,100.0,27.4,59.8,0.0,1014.9
2025-08-04 14:00:00+00:00,20.0,84,17.3,100,58,100,2,90.0,0.0,0.0,90.0,25.6,61.6,0.1,1014.7
2025-08-04 15:00:00+00:00,20.4,83,17.3,100,100,100,7,142.0,0.0,0.0,142.0,25.0,55.4,0.3,1014.4
2025-08-04 16:00:00+00:00,19.5,89,17.6,100,100,95,2,71.0,0.0,0.0,71.0,20.5,51.8,0.4,1014.5
2025-08-04 17:00:00+00:00,19.7,89,17.9,84,84,0,1,89.0,0.0,0.0,89.0,18.1,42.1,0.1,1014.7
2025-08-04 18:00:00+00:00,20.3,81,16.9,5,5,0,0,169.0,63.0,187.3,106.0,16.3,41.0,0.1,1015.0
2025-08-04 19:00:00+00:00,18.9,75,14.4,7,3,0,4,121.0,76.0,423.4,45.0,17.3,37.1,0.0,1015.8
2025-08-04 20:00:00+00:00,17.5,77,13.5,13,8,0,6,17.0,7.0,107.4,10.0,16.4,34.9,0.0,1016.6
2025-08-04 21:00:00+00:00,16.7,77,12.6,0,0,0,0,0.0,0.0,0.0,0.0,17.0,33.8,0.0,1017.3
2025-08-04 22:00:00+00:00,16.0,75,11.6,0,0,0,0,0.0,0.0,0.0,0.0,14.0,33.5,0.0,1017.9
2025-08-04 23:00:00+00:00,15.1,77,11.1,8,1,0,7,0.0,0.0,0.0,0.0,11.8,27.4,0.0,1018.5
2025-08-05 00:00:00+00:00,14.4,78,10.6,53,0,0,53,0.0,0.0,0.0,0.0,12.4,23.8,0.0,1019.0
2025-08-05 01:00:00+00:00,14.8,73,10.0,0,0,0,0,0.0,0.0,0.0,0.0,14.0,27.7,0.0,1019.2
2025-08-05 02:00:00+00:00,13.9,76,9.7,0,0,0,0,0.0,0.0,0.0,0.0,13.0,27.4,0.0,1019.5
2025-08-05 03:00:00+00:00,13.3,78,9.6,0,0,0,0,0.0,0.0,0.0,0.0,13.2,25.9,0.0,1019.8
2025-08-05 04:00:00+00:00,12.8,79,9.3,0,0,0,0,0.0,0.0,0.0,0.0,13.0,25.9,0.0,1020.1
2025-08-05 05:00:00+00:00,12.6,81,9.4,0,0,0,0,2.0,0.0,0.0,2.0,13.7,26.6,0.0,1020.6
2025-08-05 06:00:00+00:00,13.6,78,9.9,0,0,0,0,73.0,42.0,360.5,31.0,15.0,29.9,0.0,1021.2
2025-08-05 07:00:00+00:00,15.4,70,10.0,2,1,1,0,217.0,159.0,582.1,58.0,14.7,36.0,0.0,1022.0
2025-08-05 08:00:00+00:00,16.9,62,9.6,18,16,2,0,376.0,300.0,703.3,76.0,20.7,43.9,0.0,1022.3
2025-08-05 09:00:00+00:00,18.0,56,9.0,1,1,0,0,491.0,382.0,674.6,109.0,20.4,47.5,0.0,1022.6
2025-08-05 10:00:00+00:00,19.3,48,7.9,16,16,2,0,662.0,564.0,826.1,98.0,22.9,50.4,0.0,1022.8
2025-08-05 11:00:00+00:00,20.0,45,7.8,20,19,7,0,723.0,597.0,777.4,126.0,21.1,51.8,0.0,1023.2
2025-08-05 12:00:00+00:00,20.9,41,7.1,61,43,59,0,740.0,582.0,713.0,158.0,21.3,49.0,0.0,1023.8
2025-08-05 13:00:00+00:00,20.5,40,6.6,61,14,60,0,551.0,264.0,320.3,287.0,20.1,46.8,0.0,1024.4
2025-08-05 14:00:00+00:00,21.1,38,6.4,40,4,39,0,639.0,390.0,492.9,249.0,19.7,46.8,0.0,1024.4
2025-08-05 15:00:00+00:00,21.4,37,6.0,44,6,43,0,598.0,411.0,571.1,187.0,19.6,45.7,0.0,1024.5
2025-08-05 16:00:00+00:00,21.0,38,6.0,77,75,68,0,477.0,300.0,488.4,177.0,20.2,46.1,0.0,1025.0
2025-08-05 17:00:00+00:00,20.5,41,6.8,13,8,12,0,348.0,198.0,410.6,150.0,17.0,46.1,0.0,1025.2
2025-08-05 18:00:00+00:00,20.0,41,6.4,47,46,0,1,243.0,152.0,457.0,91.0,16.5,38.2,0.0,1025.1
2025-08-05 19:00:00+00:00,18.6,50,7.9,10,1,0,9,110.0,59.0,336.0,51.0,13.2,36.0,0.0,1025.6
2025-08-05 20:00:00+00:00,16.8,58,8.6,48,0,0,48,16.0,6.0,94.9,10.0,12.2,27.4,0.0,1026.0
2025-08-05 21:00:00+00:00,15.7,63,8.7,100,1,0,100,0.0,0.0,0.0,0.0,12.5,24.5,0.0,1026.2
2025-08-05 22:00:00+00:00,14.8,68,8.9,85,8,0,84,0.0,0.0,0.0,0.0,11.7,24.1,0.0,1026.9
2025-08-05 23:00:00+00:00,13.9,73,9.1,94,15,0,92,0.0,0.0,0.0,0.0,10.0,22.3,0.0,1027.4
2025-08-06 00:00:00+00:00,13.1,77,9.2,100,0,0,100,0.0,0.0,0.0,0.0,7.7,18.7,0.0,1027.4
2025-08-06 01:00:00+00:00,11.9,82,8.9,100,0,0,100,0.0,0.0,0.0,0.0,8.0,16.9,0.0,1027.3
2025-08-06 02:00:00+00:00,11.2,86,8.9,100,0,0,100,0.0,0.0,0.0,0.0,6.1,14.8,0.0,1026.6
2025-08-06 03:00:00+00:00,10.8,89,9.0,100,0,0,100,0.0,0.0,0.0,0.0,5.5,11.2,0.0,1026.2
2025-08-06 04:00:00+00:00,10.4,92,9.1,100,0,0,100,0.0,0.0,0.0,0.0,4.7,9.7,0.0,1026.0
2025-08-06 05:00:00+00:00,10.0,94,9.0,100,0,3,100,1.0,0.0,0.0,1.0,5.7,10.1,0.0,1026.1
2025-08-06 06:00:00+00:00,10.9,88,9.1,100,0,17,100,43.0,2.0,17.7,41.0,5.0,11.9,0.0,1026.0
2025-08-06 07:00:00+00:00,13.2,78,9.5,99,0,18,99,173.0,64.0,237.1,109.0,1.4,10.4,0.0,1025.9
2025-08-06 08:00:00+00:00,15.9,65,9.2,0,0,0,0,350.0,233.0,550.1,117.0,0.6,9.0,0.0,1025.7
2025-08-06 09:00:00+00:00,17.9,53,8.1,0,0,0,0,530.0,442.0,784.5,88.0,2.3,13.0,0.0,1025.7
2025-08-06 10:00:00+00:00,19.1,47,7.7,17,0,0,17,663.0,570.0,838.3,93.0,3.9,16.9,0.0,1025.3
2025-08-06 11:00:00+00:00,20.3,44,7.6,100,2,8,100,761.0,662.0,865.0,99.0,5.9,20.9,0.0,1025.0
2025-08-06 12:00:00+00:00,21.0,42,7.5,100,2,0,100,777.0,592.0,727.7,185.0,6.9,22.3,0.0,1024.0
2025-08-06 13:00:00+00:00,21.7,41,7.8,100,0,0,100,817.0,693.0,843.7,124.0,10.3,29.2,0.0,1023.4
2025-08-06 14:00:00+00:00,21.5,41,7.7,100,0,0,100,772.0,638.0,809.3,134.0,12.0,32.4,0.0,1022.8
2025-08-06 15:00:00+00:00,20.6,43,7.6,100,0,0,100,529.0,206.0,287.5,323.0,11.9,32.4,0.0,1022.4
2025-08-06 16:00:00+00:00,20.2,45,7.8,100,0,78,100,451.0,193.0,315.9,258.0,12.0,30.6,0.0,1022.2
2025-08-06 17:00:00+00:00,19.4,48,8.1,100,0,98,100,275.0,87.0,181.7,188.0,10.7,30.2,0.0,1021.3
2025-08-06 18:00:00+00:00,18.5,53,8.7,100,0,100,96,149.0,17.0,51.7,132.0,10.5,26.3,0.0,1021.0
2025-08-06 19:00:00+00:00,17.7,58,9.4,100,0,100,42,48.0,3.0,17.5,45.0,9.0,24.5,0.0,1020.7
2025-08-06 20:00:00+00:00,16.9,66,10.4,100,0,100,12,4.0,0.0,0.0,4.0,9.1,19.4,0.0,1020.4
2025-08-06 21:00:00+00:00,16.5,71,11.2,100,0,100,0,0.0,0.0,0.0,0.0,9.7,19.8,0.0,1020.0
2025-08-06 22:00:00+00:00,16.2,73,11.5,92,0,92,0,0.0,0.0,0.0,0.0,9.7,19.8,0.0,1019.5
2025-08-06 23:00:00+00:00,15.8,76,11.6,12,0,12,0,0.0,0.0,0.0,0.0,8.6,19.4,0.0,1019.2
2025-08-07 00:00:00+00:00,14.6,83,11.6,3,0,3,0,0.0,0.0,0.0,0.0,9.8,18.0,0.0,1018.9
2025-08-07 01:00:00+00:00,14.1,85,11.6,58,0,58,0,0.0,0.0,0.0,0.0,9.8,20.2,0.0,1018.4
2025-08-07 02:00:00+00:00,14.6,83,11.8,26,0,26,0,0.0,0.0,0.0,0.0,10.2,19.8,0.0,1017.8
2025-08-07 03:00:00+00:00,14.4,85,11.9,36,0,36,0,0.0,0.0,0.0,0.0,9.2,19.4,0.0,1017.3
2025-08-07 04:00:00+00:00,14.3,85,11.9,40,0,40,0,0.0,0.0,0.0,0.0,8.3,18.4,0.0,1017.0
2025-08-07 05:00:00+00:00,14.2,86,11.9,33,0,29,5,1.0,0.0,0.0,1.0,10.1,19.1,0.0,1016.4
2025-08-07 06:00:00+00:00,15.2,81,12.1,100,0,100,20,58.0,27.0,246.5,31.0,11.1,22.0,0.0,1016.5
2025-08-07 07:00:00+00:00,16.5,75,12.0,100,5,99,100,64.0,0.0,0.0,64.0,11.6,27.0,0.0,1016.4
2025-08-07 08:00:00+00:00,17.5,70,12.1,67,24,52,10,144.0,18.0,42.8,126.0,14.8,33.8,0.0,1016.3
2025-08-07 09:00:00+00:00,18.9,65,12.1,98,23,97,0,350.0,185.0,330.1,165.0,14.4,33.8,0.0,1015.9
2025-08-07 10:00:00+00:00,19.2,63,11.9,100,30,100,52,289.0,51.0,75.3,238.0,15.2,35.6,0.0,1016.1
2025-08-07 11:00:00+00:00,19.2,63,12.1,95,57,93,19,226.0,12.0,15.7,214.0,17.1,38.2,0.0,1015.9
2025-08-07 12:00:00+00:00,19.6,65,12.9,93,32,89,5,423.0,94.0,115.9,329.0,18.4,42.1,0.3,1015.7
2025-08-07 13:00:00+00:00,20.0,63,12.6,100,100,100,26,283.0,39.0,47.6,244.0,19.5,45.0,0.0,1015.6
2025-08-07 14:00:00+00:00,21.3,57,12.4,100,89,94,88,379.0,54.0,68.8,325.0,22.3,49.3,0.0,1015.1
2025-08-07 15:00:00+00:00,21.1,62,13.6,100,100,96,64,336.0,52.0,72.9,284.0,22.9,50.8,0.0,1014.8
2025-08-07 16:00:00+00:00,20.4,68,14.4,100,99,78,58,256.0,28.0,46.1,228.0,22.4,50.8,0.0,1014.9
2025-08-07 17:00:00+00:00,19.4,77,15.4,100,100,3,81,120.0,6.0,12.6,114.0,20.9,49.0,1.0,1014.8
2025-08-07 18:00:00+00:00,19.2,79,15.4,100,100,64,99,86.0,1.0,3.1,85.0,20.0,46.4,0.0,1014.6
2025-08-07 19:00:00+00:00,18.8,83,15.9,100,100,27,100,30.0,0.0,0.0,30.0,19.0,42.1,0.0,1014.5
2025-08-07 20:00:00+00:00,18.6,86,16.4,100,100,6,99,5.0,0.0,0.0,5.0,13.3,40.7,0.0,1014.6
2025-08-07 21:00:00+00:00,18.7,88,16.7,100,100,27,100,0.0,0.0,0.0,0.0,12.6,28.8,0.0,1014.8
2025-08-07 22:00:00+00:00,18.8,85,16.1,100,100,62,100,0.0,0.0,0.0,0.0,12.1,26.3,0.0,1015.1
2025-08-07 23:00:00+00:00,18.2,78,14.4,100,13,8,100,0.0,0.0,0.0,0.0,13.3,27.7,0.0,1015.7
2025-08-08 00:00:00+00:00,17.0,81,13.6,100,0,0,100,0.0,0.0,0.0,0.0,12.3,27.7,0.0,1016.3
2025-08-08 01:00:00+00:00,16.0,84,13.3,100,0,12,100,0.0,0.0,0.0,0.0,11.0,22.3,0.0,1016.6
2025-08-08 02:00:00+00:00,15.6,85,13.1,100,0,7,100,0.0,0.0,0.0,0.0,10.7,21.6,0.0,1016.9
2025-08-08 03:00:00+00:00,15.1,88,13.1,100,0,0,100,0.0,0.0,0.0,0.0,10.0,21.2,0.0,1017.1
2025-08-08 04:00:00+00:00,14.4,91,13.0,100,0,0,100,0.0,0.0,0.0,0.0,10.5,20.2,0.0,1017.4
2025-08-08 05:00:00+00:00,14.1,92,12.9,100,5,0,100,1.0,0.0,0.0,1.0,10.8,20.5,0.0,1018.0
2025-08-08 06:00:00+00:00,14.8,88,12.9,100,6,0,100,45.0,5.0,46.9,40.0,9.6,21.2,0.0,1018.3
2025-08-08 07:00:00+00:00,16.3,80,12.8,100,2,0,100,148.0,39.0,148.1,109.0,8.8,20.5,0.0,1018.8
2025-08-08 08:00:00+00:00,18.0,72,12.8,100,0,0,100,283.0,121.0,289.9,162.0,9.0,23.4,0.0,1019.1
2025-08-08 09:00:00+00:00,19.8,62,12.3,100,0,0,100,428.0,215.0,385.6,213.0,8.4,23.8,0.0,1019.3
2025-08-08 10:00:00+00:00,21.2,53,11.1,100,21,0,100,514.0,226.0,335.1,288.0,9.0,25.6,0.0,1019.6
2025-08-08 11:00:00+00:00,22.0,48,10.6,100,23,0,100,493.0,134.0,176.4,359.0,9.0,25.6,0.0,1019.5
2025-08-08 12:00:00+00:00,23.0,43,9.9,100,31,0,100,503.0,123.0,152.2,380.0,9.3,25.9,0.0,1019.5
2025-08-08 13:00:00+00:00,23.5,44,10.4,100,59,0,100,692.0,417.0,511.2,275.0,9.6,27.0,0.0,1020.0
2025-08-08 14:00:00+00:00,23.7,41,9.6,97,77,0,85,600.0,302.0,386.0,298.0,10.4,28.4,0.0,1019.7
2025-08-08 15:00:00+00:00,23.4,44,10.5,44,6,0,40,601.0,386.0,543.5,215.0,10.2,28.4,0.0,1019.6
2025-08-08 16:00:00+00:00,23.2,47,11.3,9,9,0,0,562.0,453.0,749.8,109.0,10.1,28.1,0.0,1019.7
2025-08-08 17:00:00+00:00,22.6,51,11.9,47,47,0,0,416.0,330.0,699.9,86.0,10.1,27.4,0.0,1019.5
2025-08-08 18:00:00+00:00,21.5,57,12.6,82,82,0,0,213.0,106.0,330.1,107.0,9.9,26.6,0.0,1019.5
2025-08-08 19:00:00+00:00,20.3,62,12.9,22,22,0,0,79.0,26.0,159.2,53.0,8.6,24.5,0.0,1019.6
2025-08-08 20:00:00+00:00,18.9,67,12.7,8,8,0,0,11.0,4.0,69.9,7.0,8.5,19.4,0.0,1020.1
2025-08-08 21:00:00+00:00,17.5,69,11.8,2,0,0,2,0.0,0.0,0.0,0.0,9.5,18.0,0.0,1020.5
2025-08-08 22:00:00+00:00,16.2,74,11.5,95,0,0,95,0.0,0.0,0.0,0.0,8.6,18.0,0.0,1020.7
2025-08-08 23:00:00+00:00,15.3,77,11.3,100,1,0,100,0.0,0.0,0.0,0.0,7.8,15.8,0.0,1020.7
2025-08-09 00:00:00+00:00,14.8,78,11.0,100,0,0,100,0.0,0.0,0.0,0.0,7.2,14.0,0.0,1020.5
2025-08-09 01:00:00+00:00,14.0,76,9.8,100,0,0,100,0.0,0.0,0.0,0.0,6.9,15.1,0.0,1020.3
2025-08-09 02:00:00+00:00,13.5,79,9.9,100,0,32,100,0.0,0.0,0.0,0.0,5.8,12.6,0.0,1020.2
2025-08-09 03:00:00+00:00,13.1,82,10.1,20,3,3,15,0.0,0.0,0.0,0.0,5.9,11.2,0.0,1020.3
2025-08-09 04:00:00+00:00,12.2,87,10.2,99,3,99,1,0.0,0.0,0.0,0.0,6.7,12.2,0.0,1020.2
2025-08-09 05:00:00+00:00,12.6,86,10.2,67,0,67,0,1.0,0.0,0.0,1.0,7.6,13.7,0.0,1020.4
2025-08-09 06:00:00+00:00,13.4,82,10.4,100,0,100,0,47.0,11.0,104.8,36.0,8.5,15.5,0.0,1020.8
2025-08-09 07:00:00+00:00,15.4,73,10.6,28,0,25,4,136.0,36.0,138.5,100.0,7.0,17.3,0.0,1021.1
2025-08-09 08:00:00+00:00,18.0,63,10.8,21,1,20,0,360.0,283.0,683.2,77.0,10.7,26.6,0.0,1021.4
2025-08-09 09:00:00+00:00,20.0,55,10.6,39,37,2,0,516.0,432.0,779.0,84.0,14.6,33.8,0.0,1021.2
2025-08-09 10:00:00+00:00,21.0,51,10.4,99,99,7,0,525.0,362.0,539.1,163.0,15.3,37.4,0.0,1021.3
2025-08-09 11:00:00+00:00,21.5,47,9.8,94,94,0,0,386.0,108.0,142.7,278.0,15.1,36.7,0.0,1021.2
2025-08-09 12:00:00+00:00,22.8,41,8.9,68,68,0,0,433.0,109.0,135.4,324.0,14.4,36.0,0.0,1021.2
2025-08-09 13:00:00+00:00,24.5,33,7.4,100,100,78,0,616.0,366.0,450.3,250.0,15.1,38.2,0.0,1021.4
2025-08-09 14:00:00+00:00,25.4,31,7.1,23,12,22,0,625.0,311.0,399.1,314.0,14.5,37.1,0.0,1021.1
2025-08-09 15:00:00+00:00,25.6,32,7.8,13,3,12,0,638.0,479.0,677.6,159.0,15.2,37.1,0.0,1021.1
2025-08-09 16:00:00+00:00,25.2,32,7.6,51,6,50,0,559.0,462.0,769.1,97.0,16.5,39.6,0.0,1021.6
2025-08-09 17:00:00+00:00,24.0,37,8.4,92,92,48,0,350.0,216.0,461.8,134.0,16.9,40.3,0.0,1022.2
2025-08-09 18:00:00+00:00,22.0,49,10.6,20,20,0,0,159.0,52.0,164.0,107.0,16.8,39.6,0.0,1022.7
2025-08-09 19:00:00+00:00,20.2,55,11.0,1,1,0,0,99.0,55.0,345.7,44.0,16.1,38.2,0.0,1023.6
2025-08-09 20:00:00+00:00,18.8,60,10.9,0,0,0,0,10.0,3.0,54.5,7.0,13.1,35.3,0.0,1024.5
2025-08-09 21:00:00+00:00,17.6,65,11.0,0,0,0,0,0.0,0.0,0.0,0.0,11.8,25.9,0.0,1025.3
2025-08-09 22:00:00+00:00,16.8,71,11.6,0,0,0,0,0.0,0.0,0.0,0.0,11.8,23.4,0.0,1025.9
2025-08-09 23:00:00+00:00,16.1,76,11.9,0,0,0,0,0.0,0.0,0.0,0.0,10.8,22.7,0.0,1026.2
2025-08-10 00:00:00+00:00,15.4,81,12.1,0,0,0,0,0.0,0.0,0.0,0.0,9.2,20.2,0.0,1026.4
2025-08-10 01:00:00+00:00,14.2,86,11.9,0,0,0,0,0.0,0.0,0.0,0.0,8.1,17.6,0.0,1026.6
2025-08-10 02:00:00+00:00,13.6,89,11.9,0,0,0,0,0.0,0.0,0.0,0.0,7.4,14.8,0.0,1026.7
2025-08-10 03:00:00+00:00,13.1,92,11.9,0,0,0,0,0.0,0.0,0.0,0.0,7.3,13.7,0.0,1026.9
2025-08-10 04:00:00+00:00,12.8,94,11.9,0,0,0,0,0.0,0.0,0.0,0.0,6.7,13.0,0.0,1027.2
2025-08-10 05:00:00+00:00,12.4,96,11.8,0,0,0,0,1.0,0.0,0.0,1.0,5.2,12.2,0.0,1027.5
2025-08-10 06:00:00+00:00,13.1,93,12.1,0,0,0,0,57.0,31.0,300.1,26.0,5.2,10.8,0.0,1028.0
2025-08-10 07:00:00+00:00,15.4,82,12.4,0,0,0,0,194.0,137.0,533.8,57.0,2.9,10.8,0.0,1028.3
2025-08-10 08:00:00+00:00,17.8,74,13.1,0,0,0,0,354.0,279.0,678.7,75.0,3.4,14.0,0.0,1028.4
2025-08-10 09:00:00+00:00,20.0,62,12.4,0,0,0,0,507.0,422.0,765.1,85.0,2.7,14.8,0.0,1028.6
2025-08-10 10:00:00+00:00,21.5,53,11.4,1,1,0,0,640.0,548.0,819.7,92.0,1.5,14.8,0.0,1028.5
2025-08-10 11:00:00+00:00,23.1,47,11.2,24,24,0,0,733.0,629.0,834.2,104.0,0.9,14.0,0.0,1028.4
2025-08-10 12:00:00+00:00,24.6,40,10.1,70,70,0,0,731.0,556.0,693.1,175.0,1.6,14.8,0.0,1027.9
2025-08-10 13:00:00+00:00,25.1,41,11.1,20,20,0,0,733.0,530.0,654.5,203.0,6.7,23.0,0.0,1027.7
2025-08-10 14:00:00+00:00,25.0,43,11.4,39,39,0,0,710.0,560.0,721.5,150.0,9.6,28.4,0.0,1027.3
2025-08-10 15:00:00+00:00,24.5,44,11.2,8,8,0,0,619.0,455.0,646.7,164.0,11.8,31.3,0.0,1026.9
2025-08-10 16:00:00+00:00,24.0,45,11.2,2,2,0,0,548.0,450.0,753.6,98.0,10.7,31.7,0.0,1026.7
2025-08-10 17:00:00+00:00,23.6,46,11.2,0,0,0,0,407.0,328.0,707.1,79.0,9.0,28.4,0.0,1026.2
2025-08-10 18:00:00+00:00,23.0,47,11.1,0,0,0,0,249.0,187.0,597.4,62.0,8.2,24.1,0.0,1025.9
2025-08-10 19:00:00+00:00,21.8,49,10.7,0,0,0,0,100.0,61.0,394.0,39.0,7.5,20.5,0.0,1025.9
2025-08-10 20:00:00+00:00,20.2,56,11.2,0,0,0,0,9.0,3.0,56.6,6.0,5.0,15.1,0.0,1026.0
2025-08-10 21:00:00+00:00,19.1,68,13.1,0,0,0,0,0.0,0.0,0.0,0.0,2.0,9.0,0.0,1026.1
2025-08-10 22:00:00+00:00,18.1,70,12.6,0,0,0,0,0.0,0.0,0.0,0.0,1.7,3.6,0.0,1026.2
2025-08-10 23:00:00+00:00,17.3,71,11.9,0,0,0,0,0.0,0.0,0.0,0.0,5.2,9.4,0.0,1026.0
2025-08-11 00:00:00+00:00,16.6,74,11.9,0,0,0,0,0.0,0.0,0.0,0.0,6.8,11.9,0.0,1025.9
2025-08-11 01:00:00+00:00,15.5,75,11.1,0,0,0,0,0.0,0.0,0.0,0.0,6.8,11.9,0.0,1025.5
2025-08-11 02:00:00+00:00,14.8,78,10.9,0,0,0,0,0.0,0.0,0.0,0.0,7.3,13.0,0.0,1025.0
2025-08-11 03:00:00+00:00,14.1,81,10.9,0,0,0,0,0.0,0.0,0.0,0.0,7.4,13.0,0.0,1024.5
2025-08-11 04:00:00+00:00,13.9,81,10.8,0,0,0,0,0.0,0.0,0.0,0.0,6.9,13.3,0.0,1024.0
2025-08-11 05:00:00+00:00,13.6,83,10.8,11,0,1,10,0.0,0.0,0.0,0.0,8.0,14.0,0.0,1023.8
2025-08-11 06:00:00+00:00,14.8,78,10.9,1,0,1,0,55.0,30.0,295.1,25.0,8.9,16.2,0.0,1023.5
2025-08-11 07:00:00+00:00,17.4,69,11.6,36,0,36,0,191.0,137.0,540.9,54.0,6.6,16.6,0.0,1023.2
2025-08-11 08:00:00+00:00,20.0,61,12.2,6,0,6,0,315.0,202.0,495.3,113.0,7.1,18.7,0.0,1023.0
2025-08-11 09:00:00+00:00,22.4,55,12.9,48,0,37,17,505.0,423.0,771.2,82.0,9.5,25.2,0.0,1022.6
2025-08-11 10:00:00+00:00,24.2,49,12.8,8,0,0,8,622.0,505.0,758.7,117.0,10.2,28.1,0.0,1022.5
2025-08-11 11:00:00+00:00,25.7,42,11.6,50,0,0,50,734.0,639.0,850.7,95.0,10.6,29.2,0.0,1022.4
2025-08-11 12:00:00+00:00,26.7,37,10.9,94,0,0,94,790.0,696.0,870.8,94.0,11.8,31.7,0.0,1021.8
2025-08-11 13:00:00+00:00,27.9,35,10.9,72,0,0,72,799.0,704.0,872.7,95.0,11.5,31.0,0.0,1021.3
2025-08-11 14:00:00+00:00,28.0,34,10.8,100,0,0,100,756.0,653.0,844.9,103.0,12.0,32.4,0.0,1020.5
2025-08-11 15:00:00+00:00,27.8,34,10.4,100,0,76,100,577.0,332.0,474.2,245.0,11.6,32.0,0.0,1019.9
2025-08-11 16:00:00+00:00,26.4,37,10.4,100,0,94,100,197.0,4.0,6.7,193.0,11.9,30.2,0.0,1019.6
2025-08-11 17:00:00+00:00,25.1,41,10.8,100,0,86,100,67.0,1.0,2.2,66.0,8.6,28.1,0.0,1019.1
2025-08-11 18:00:00+00:00,24.5,44,11.4,89,0,68,78,55.0,0.0,0.0,55.0,5.4,18.4,0.0,1018.8
2025-08-11 19:00:00+00:00,22.9,51,12.3,85,0,70,53,44.0,7.0,46.5,37.0,5.6,13.0,0.2,1019.2
2025-08-11 20:00:00+00:00,21.5,59,13.1,90,0,36,84,4.0,1.0,19.7,3.0,8.2,14.4,0.2,1018.9
2025-08-11 21:00:00+00:00,20.5,67,14.1,95,0,35,92,0.0,0.0,0.0,0.0,11.9,22.0,0.0,1018.9
2025-08-11 22:00:00+00:00,20.0,69,14.1,95,0,60,88,0.0,0.0,0.0,0.0,15.9,30.2,0.6,1018.1
2025-08-11 23:00:00+00:00,18.8,83,15.8,100,1,49,100,0.0,0.0,0.0,0.0,19.8,36.7,0.7,1017.3
2025-08-12 00:00:00+00:00,18.9,82,15.8,100,1,44,100,0.0,0.0,0.0,0.0,16.7,37.8,0.0,1016.3
2025-08-12 01:00:00+00:00,20.8,59,12.6,41,0,32,14,0.0,0.0,0.0,0.0,7.2,29.2,0.0,1016.6
2025-08-12 02:00:00+00:00,19.7,64,12.6,16,0,16,0,0.0,0.0,0.0,0.0,11.4,21.6,0.0,1016.0
2025-08-12 03:00:00+00:00,19.2,65,12.5,4,0,4,0,0.0,0.0,0.0,0.0,11.4,21.6,0.0,1015.4
2025-08-12 04:00:00+00:00,18.4,69,12.6,7,0,7,0,0.0,0.0,0.0,0.0,11.7,22.0,0.0,1015.0
2025-08-12 05:00:00+00:00,18.0,73,13.1,3,0,0,3,0.0,0.0,0.0,0.0,12.1,22.7,0.0,1014.5
2025-08-12 06:00:00+00:00,19.0,70,13.4,17,0,2,16,52.0,28.0,280.0,24.0,12.7,24.5,0.0,1014.1
2025-08-12 07:00:00+00:00,21.0,64,13.9,3,0,0,3,186.0,131.0,524.3,55.0,10.4,22.3,0.0,1013.8
2025-08-12 08:00:00+00:00,23.5,56,14.3,20,0,0,20,345.0,274.0,677.1,71.0,10.2,25.2,0.0,1013.7
2025-08-12 09:00:00+00:00,25.5,49,14.1,37,0,0,37,494.0,407.0,746.2,87.0,9.4,25.6,0.0,1013.9
2025-08-12 10:00:00+00:00,27.1,44,13.8,24,0,1,24,624.0,525.0,792.3,99.0,10.2,28.1,0.0,1013.8
2025-08-12 11:00:00+00:00,28.2,42,13.9,16,0,0,16,717.0,611.0,816.7,106.0,10.7,29.9,0.0,1013.4
2025-08-12 12:00:00+00:00,28.8,42,14.5,0,0,0,0,776.0,678.0,851.5,98.0,11.0,31.0,0.0,1013.3
2025-08-12 13:00:00+00:00,29.8,41,15.1,2,0,0,1,777.0,670.0,833.8,107.0,12.4,33.5,0.0,1013.1
2025-08-12 14:00:00+00:00,29.9,39,14.4,0,0,0,0,743.0,647.0,840.7,96.0,12.4,33.5,0.0,1012.8
2025-08-12 15:00:00+00:00,29.8,37,13.4,0,0,0,0,662.0,571.0,819.6,91.0,12.9,33.5,0.0,1012.8
2025-08-12 16:00:00+00:00,29.0,38,13.2,0,0,0,0,542.0,457.0,774.9,85.0,11.5,33.5,0.0,1012.8
2025-08-12 17:00:00+00:00,28.0,42,13.9,0,0,0,0,395.0,320.0,701.7,75.0,8.8,29.9,0.0,1012.7
2025-08-12 18:00:00+00:00,27.0,44,13.7,0,0,0,0,239.0,178.0,584.2,61.0,6.9,23.8,0.0,1012.7
2025-08-12 19:00:00+00:00,24.2,54,14.2,0,0,0,0,93.0,56.0,383.5,37.0,10.6,23.0,0.0,1013.0
2025-08-12 20:00:00+00:00,21.2,70,15.6,0,0,0,0,6.0,2.0,41.2,4.0,9.6,23.4,0.0,1013.5
2025-08-12 21:00:00+00:00,20.1,79,16.4,33,0,0,33,0.0,0.0,0.0,0.0,6.8,20.5,0.0,1014.0
2025-08-12 22:00:00+00:00,19.5,83,16.5,7,0,0,7,0.0,0.0,0.0,0.0,5.8,15.1,0.0,1013.9
2025-08-12 23:00:00+00:00,18.8,88,16.8,0,0,0,0,0.0,0.0,0.0,0.0,6.2,11.5,0.0,1013.9
2025-08-13 00:00:00+00:00,18.0,94,17.0,1,1,0,0,0.0,0.0,0.0,0.0,9.6,18.0,0.0,1014.4
2025-08-13 01:00:00+00:00,17.2,97,16.7,10,10,0,0,0.0,0.0,0.0,0.0,8.7,18.4,0.0,1014.4
2025-08-13 02:00:00+00:00,16.9,98,16.6,97,84,0,83,0.0,0.0,0.0,0.0,8.9,18.0,0.0,1014.3
2025-08-13 03:00:00+00:00,16.8,98,16.5,100,98,1,99,0.0,0.0,0.0,0.0,5.9,16.9,0.0,1013.8
2025-08-13 04:00:00+00:00,16.8,98,16.4,100,100,0,99,0.0,0.0,0.0,0.0,7.3,15.8,0.0,1014.0
2025-08-13 05:00:00+00:00,16.6,98,16.4,100,100,0,100,0.0,0.0,0.0,0.0,6.0,15.1,0.0,1014.0
2025-08-13 06:00:00+00:00,17.2,94,16.2,100,94,0,100,28.0,1.0,10.2,27.0,7.3,16.2,0.0,1014.1
2025-08-13 07:00:00+00:00,18.5,86,16.1,100,30,0,100,103.0,10.0,40.6,93.0,9.1,21.6,0.0,1014.4
2025-08-13 08:00:00+00:00,20.2,76,15.9,97,7,0,97,247.0,77.0,191.8,170.0,8.6,22.3,0.0,1014.6
2025-08-13 09:00:00+00:00,22.0,68,15.8,97,29,0,96,454.0,310.0,571.6,144.0,9.3,25.9,0.0,1014.8
2025-08-13 10:00:00+00:00,23.6,62,15.9,100,5,0,100,584.0,422.0,639.8,162.0,9.8,28.1,0.0,1014.6
2025-08-13 11:00:00+00:00,24.4,60,16.0,100,5,0,100,644.0,409.0,548.9,235.0,12.1,32.4,0.0,1014.5
2025-08-13 12:00:00+00:00,24.2,60,16.1,100,2,0,100,656.0,360.0,453.9,296.0,14.0,36.4,0.0,1014.6
2025-08-13 13:00:00+00:00,21.2,72,16.0,100,100,8,100,354.0,31.0,38.7,323.0,16.4,39.2,0.1,1015.5
2025-08-13 14:00:00+00:00,20.0,80,16.5,100,18,55,100,300.0,27.0,35.2,273.0,12.6,45.4,2.1,1015.4
2025-08-13 15:00:00+00:00,19.3,82,16.1,100,100,8,100,260.0,14.0,20.2,246.0,12.3,38.5,0.3,1015.7
2025-08-13 16:00:00+00:00,20.0,76,15.8,99,44,15,99,276.0,18.0,30.7,258.0,14.8,34.6,0.0,1015.4
2025-08-13 17:00:00+00:00,19.9,76,15.5,100,64,14,99,258.0,82.0,181.4,176.0,14.1,34.6,0.0,1015.0
2025-08-13 18:00:00+00:00,19.2,78,15.4,100,32,1,100,156.0,38.0,126.5,118.0,14.1,32.8,0.0,1014.8
2025-08-13 19:00:00+00:00,18.4,81,15.1,100,100,0,100,64.0,8.0,56.5,56.0,13.1,32.0,0.0,1015.1
2025-08-13 20:00:00+00:00,18.1,82,14.9,100,100,0,92,4.0,0.0,0.0,4.0,11.9,30.6,0.0,1015.8
2025-08-13 21:00:00+00:00,18.0,83,15.1,100,100,0,5,0.0,0.0,0.0,0.0,11.5,25.2,0.0,1016.2
2025-08-13 22:00:00+00:00,17.8,86,15.4,100,100,0,2,0.0,0.0,0.0,0.0,8.9,24.1,0.0,1016.5
2025-08-13 23:00:00+00:00,17.4,90,15.7,100,100,0,0,0.0,0.0,0.0,0.0,9.0,18.4,0.0,1016.5
2025-08-14 00:00:00+00:00,17.6,91,16.0,100,100,0,0,0.0,0.0,0.0,0.0,9.3,18.4,0.0,1016.6
2025-08-14 01:00:00+00:00,17.1,94,16.0,100,100,0,0,0.0,0.0,0.0,0.0,11.0,21.6,0.0,1016.5
2025-08-14 02:00:00+00:00,17.7,91,16.2,100,100,0,0,0.0,0.0,0.0,0.0,10.5,25.6,0.0,1016.3
2025-08-14 03:00:00+00:00,17.5,93,16.4,64,64,0,0,0.0,0.0,0.0,0.0,9.1,20.9,0.0,1016.5
2025-08-14 04:00:00+00:00,16.9,97,16.4,91,91,0,0,0.0,0.0,0.0,0.0,8.1,18.0,0.0,1016.7
2025-08-14 05:00:00+00:00,16.9,97,16.4,97,97,1,0,0.0,0.0,0.0,0.0,7.7,15.8,0.0,1017.0
2025-08-14 06:00:00+00:00,17.7,92,16.5,100,100,0,0,28.0,4.0,41.4,24.0,11.2,22.3,0.0,1017.5
2025-08-14 07:00:00+00:00,19.0,84,16.1,39,39,0,0,103.0,14.0,57.6,89.0,14.5,32.0,0.0,1017.8
2025-08-14 08:00:00+00:00,20.7,73,15.6,100,100,0,1,261.0,153.0,384.3,108.0,15.5,35.3,0.0,1017.9
2025-08-14 09:00:00+00:00,21.9,65,15.1,98,51,0,96,319.0,82.0,152.1,237.0,15.0,36.0,0.0,1018.0
2025-08-14 10:00:00+00:00,23.5,58,14.6,100,44,0,100,450.0,223.0,339.7,227.0,14.3,34.9,0.0,1018.4
2025-08-14 11:00:00+00:00,25.0,50,13.9,90,88,0,20,575.0,330.0,444.7,245.0,14.0,34.9,0.0,1018.4
2025-08-14 12:00:00+00:00,24.4,56,15.1,100,100,9,1,494.0,222.0,281.0,272.0,15.0,36.7,0.0,1018.7
2025-08-14 13:00:00+00:00,24.5,58,15.6,60,60,0,0,559.0,318.0,398.9,241.0,15.0,37.4,0.0,1019.0
2025-08-14 14:00:00+00:00,24.5,58,15.6,36,36,2,0,555.0,324.0,424.7,231.0,15.4,38.2,0.0,1019.2
2025-08-14 15:00:00+00:00,24.6,58,15.8,48,43,10,0,527.0,322.0,467.0,205.0,14.5,38.2,0.0,1019.3
2025-08-14 16:00:00+00:00,25.0,55,15.4,60,60,2,0,367.0,203.0,348.7,164.0,12.6,35.6,0.0,1019.5
2025-08-14 17:00:00+00:00,25.1,53,14.9,48,48,0,0,295.0,155.0,346.0,140.0,12.0,30.6,0.0,1019.5
2025-08-14 18:00:00+00:00,24.8,54,14.8,18,18,0,0,184.0,95.0,320.8,89.0,11.4,28.4,0.0,1019.6
2025-08-14 19:00:00+00:00,23.4,59,15.0,27,27,0,0,77.0,39.0,284.8,38.0,11.6,27.0,0.0,1020.7
2025-08-14 20:00:00+00:00,21.5,68,15.3,3,3,0,0,4.0,1.0,22.7,3.0,12.0,24.5,0.0,1021.7
2025-08-14 21:00:00+00:00,20.2,72,14.9,0,0,0,0,0.0,0.0,0.0,0.0,11.1,23.4,0.0,1022.4
2025-08-14 22:00:00+00:00,19.1,75,14.6,0,0,0,0,0.0,0.0,0.0,0.0,9.5,21.6,0.0,1023.2
2025-08-14 23:00:00+00:00,18.0,82,14.8,26,0,0,26,0.0,0.0,0.0,0.0,9.1,18.4,0.0,1023.4
2025-08-15 00:00:00+00:00,17.1,88,15.1,37,0,0,37,0.0,0.0,0.0,0.0,9.3,17.6,0.0,1023.7
2025-08-15 01:00:00+00:00,15.8,93,14.7,44,0,0,44,0.0,0.0,0.0,0.0,9.4,18.4,0.0,1024.0
2025-08-15 02:00:00+00:00,15.6,95,14.7,0,0,0,0,0.0,0.0,0.0,0.0,9.0,17.6,0.0,1023.8
2025-08-15 03:00:00+00:00,15.4,95,14.6,0,0,0,0,0.0,0.0,0.0,0.0,9.3,17.3,0.0,1023.9
2025-08-15 04:00:00+00:00,15.2,95,14.4,0,0,0,0,0.0,0.0,0.0,0.0,9.9,18.7,0.0,1024.0
2025-08-15 05:00:00+00:00,15.1,94,14.1,0,0,0,0,0.0,0.0,0.0,0.0,10.1,19.1,0.0,1024.4
2025-08-15 06:00:00+00:00,15.8,90,14.2,0,0,0,0,44.0,23.0,242.3,21.0,9.4,18.7,0.0,1024.8
2025-08-15 07:00:00+00:00,17.9,81,14.5,0,0,0,0,175.0,121.0,505.2,54.0,7.2,17.6,0.0,1025.2
2025-08-15 08:00:00+00:00,20.2,72,15.1,0,0,0,0,333.0,261.0,661.0,72.0,7.1,19.8,0.0,1025.3
2025-08-15 09:00:00+00:00,22.5,63,15.1,0,0,0,0,487.0,404.0,753.7,83.0,7.5,21.6,0.0,1025.6
2025-08-15 10:00:00+00:00,24.2,55,14.6,0,0,0,0,619.0,528.0,808.0,91.0,7.2,22.7,0.0,1025.8
2025-08-15 11:00:00+00:00,25.7,50,14.5,0,0,0,0,715.0,620.0,838.9,95.0,6.2,22.3,0.0,1025.6
2025-08-15 12:00:00+00:00,26.9,46,14.2,1,0,0,1,770.0,672.0,853.9,98.0,6.7,22.3,0.0,1025.3
2025-08-15 13:00:00+00:00,27.9,43,14.1,46,0,0,46,777.0,679.0,855.2,98.0,7.4,23.4,0.0,1025.0
2025-08-15 14:00:00+00:00,28.6,40,13.8,16,0,0,16,736.0,637.0,838.7,99.0,9.0,25.6,0.0,1024.6
2025-08-15 15:00:00+00:00,29.0,38,13.4,0,0,0,0,651.0,557.0,812.1,94.0,9.6,26.3,0.0,1024.3
2025-08-15 16:00:00+00:00,29.0,38,13.1,11,2,0,9,529.0,442.0,764.4,87.0,9.3,26.3,0.0,1024.1
2025-08-15 17:00:00+00:00,28.8,38,12.9,8,6,3,0,382.0,305.0,687.3,77.0,9.5,25.2,0.0,1024.1
2025-08-15 18:00:00+00:00,28.0,39,12.8,6,1,5,0,219.0,154.0,528.0,65.0,6.9,24.1,0.0,1024.0
2025-08-15 19:00:00+00:00,26.0,57,17.0,6,0,3,3,79.0,45.0,340.0,34.0,2.6,16.9,0.0,1024.1
2025-08-15 20:00:00+00:00,24.0,58,15.2,5,0,2,4,4.0,1.0,23.9,3.0,2.7,4.7,0.0,1024.5
2025-08-15 21:00:00+00:00,22.7,65,15.9,8,0,2,6,0.0,0.0,0.0,0.0,3.2,7.2,0.0,1024.6
2025-08-15 22:00:00+00:00,22.0,59,13.7,1,0,1,1,0.0,0.0,0.0,0.0,7.5,11.5,0.0,1025.1
2025-08-15 23:00:00+00:00,20.2,77,16.1,1,0,0,1,0.0,0.0,0.0,0.0,16.6,37.4,0.0,1025.7
2025-08-16 00:00:00+00:00,19.5,82,16.3,75,0,0,75,0.0,0.0,0.0,0.0,9.7,33.1,0.0,1026.1
2025-08-16 01:00:00+00:00,18.6,84,15.9,15,2,0,13,0.0,0.0,0.0,0.0,8.9,16.9,0.0,1026.1
2025-08-16 02:00:00+00:00,18.2,83,15.2,5,4,0,1,0.0,0.0,0.0,0.0,9.8,18.0,0.0,1026.1
2025-08-16 03:00:00+00:00,17.8,84,15.0,1,1,0,0,0.0,0.0,0.0,0.0,11.4,21.2,0.0,1026.3
2025-08-16 04:00:00+00:00,17.2,89,15.5,0,0,0,0,0.0,0.0,0.0,0.0,12.3,23.8,0.0,1026.3
2025-08-16 05:00:00+00:00,16.8,94,15.9,2,2,0,0,0.0,0.0,0.0,0.0,12.2,24.1,0.0,1026.3
2025-08-16 06:00:00+00:00,17.0,90,15.4,3,3,0,0,41.0,21.0,225.3,20.0,11.6,25.2,0.0,1026.3
2025-08-16 07:00:00+00:00,18.0,81,14.7,12,12,0,0,170.0,114.0,483.0,56.0,11.0,25.6,0.0,1026.9
2025-08-16 08:00:00+00:00,19.1,73,14.2,15,15,0,0,314.0,226.0,577.2,88.0,12.1,30.2,0.0,1027.3
2025-08-16 09:00:00+00:00,20.6,66,14.1,15,15,0,0,470.0,367.0,688.7,103.0,11.8,30.6,0.0,1027.3
2025-08-16 10:00:00+00:00,22.3,59,14.0,8,8,0,0,605.0,495.0,761.2,110.0,12.2,32.0,0.0,1027.3
2025-08-16 11:00:00+00:00,24.0,53,13.6,5,5,0,0,702.0,588.0,799.0,114.0,13.1,34.2,0.0,1026.7
2025-08-16 12:00:00+00:00,25.6,45,12.8,15,15,0,0,766.0,659.0,840.8,107.0,14.2,36.4,0.0,1026.2
2025-08-16 13:00:00+00:00,23.5,51,12.9,36,36,0,0,713.0,542.0,685.6,171.0,17.1,42.1,0.0,1026.7
2025-08-16 14:00:00+00:00,23.6,52,13.1,41,41,0,0,655.0,463.0,612.5,192.0,16.7,42.1,0.0,1026.3
2025-08-16 15:00:00+00:00,23.5,52,13.1,36,36,0,0,581.0,399.0,584.9,182.0,16.0,41.0,0.0,1025.9
2025-08-16 16:00:00+00:00,23.1,53,13.0,62,62,0,0,487.0,346.0,602.5,141.0,15.7,39.2,0.0,1025.5
2025-08-16 17:00:00+00:00,22.8,53,12.6,36,36,0,0,339.0,205.0,466.4,134.0,14.7,37.8,0.0,1025.1
2025-08-16 18:00:00+00:00,22.2,54,12.4,20,20,0,0,192.0,104.0,362.1,88.0,15.1,34.9,0.0,1024.9
2025-08-16 19:00:00+00:00,21.0,57,12.2,0,0,0,0,74.0,38.0,297.8,36.0,13.8,34.6,0.0,1024.8
2025-08-16 20:00:00+00:00,19.9,62,12.4,0,0,0,0,3.0,1.0,25.4,2.0,10.0,27.7,0.0,1025.1
2025-08-16 21:00:00+00:00,18.9,67,12.7,7,7,0,0,0.0,0.0,0.0,0.0,10.4,19.8,0.0,1025.2
2025-08-16 22:00:00+00:00,17.9,73,12.9,10,10,0,0,0.0,0.0,0.0,0.0,12.4,24.1,0.0,1025.5
2025-08-16 23:00:00+00:00,16.8,78,12.9,1,1,0,0,0.0,0.0,0.0,0.0,12.1,25.2,0.0,1025.7
2025-08-17 00:00:00+00:00,15.8,81,12.5,2,2,0,0,0.0,0.0,0.0,0.0,11.4,24.5,0.0,1025.8
2025-08-17 01:00:00+00:00,14.4,86,12.0,0,0,0,0,0.0,0.0,0.0,0.0,11.6,23.8,0.0,1025.5
2025-08-17 02:00:00+00:00,13.9,87,11.8,0,0,0,0,0.0,0.0,0.0,0.0,11.8,23.4,0.0,1025.3
2025-08-17 03:00:00+00:00,13.4,89,11.6,0,0,0,0,0.0,0.0,0.0,0.0,11.8,23.4,0.0,1025.0
2025-08-17 04:00:00+00:00,13.0,91,11.5,0,0,0,0,0.0,0.0,0.0,0.0,12.1,23.8,0.0,1024.7
2025-08-17 05:00:00+00:00,12.6,91,11.2,0,0,0,0,0.0,0.0,0.0,0.0,12.4,24.1,0.0,1024.5
2025-08-17 06:00:00+00:00,13.1,87,11.1,0,0,0,0,41.0,22.0,240.5,19.0,11.2,25.2,0.0,1024.4
2025-08-17 07:00:00+00:00,14.9,77,10.9,0,0,0,0,174.0,121.0,520.5,53.0,11.5,25.9,0.0,1024.4
2025-08-17 08:00:00+00:00,17.0,68,10.9,0,0,0,0,334.0,263.0,677.5,71.0,13.9,32.8,0.0,1024.4
2025-08-17 09:00:00+00:00,18.7,59,10.4,0,0,0,0,489.0,407.0,768.5,82.0,14.4,35.3,0.0,1024.4
2025-08-17 10:00:00+00:00,20.0,55,10.8,10,10,0,0,621.0,530.0,819.0,91.0,13.6,35.3,0.0,1024.4
2025-08-17 11:00:00+00:00,21.1,54,11.4,6,6,0,0,709.0,599.0,817.5,110.0,11.9,34.6,0.0,1024.2
2025-08-17 12:00:00+00:00,22.3,52,11.9,4,0,0,3,767.0,656.0,840.5,111.0,11.3,32.0,0.0,1023.5
2025-08-17 13:00:00+00:00,24.4,44,11.2,80,0,0,80,780.0,682.0,866.4,98.0,11.0,30.6,0.0,1022.8
2025-08-17 14:00:00+00:00,25.2,41,11.1,77,0,0,77,730.0,615.0,817.5,115.0,12.3,32.4,0.0,1022.2
2025-08-17 15:00:00+00:00,25.2,42,11.4,1,0,0,1,649.0,554.0,816.7,95.0,12.1,33.1,0.0,1021.8
2025-08-17 16:00:00+00:00,24.9,47,12.7,21,0,0,21,528.0,444.0,778.8,84.0,11.6,31.7,0.0,1021.5
2025-08-17 17:00:00+00:00,23.6,55,14.1,0,0,0,0,378.0,303.0,696.3,75.0,11.3,30.2,0.0,1021.4
2025-08-17 18:00:00+00:00,22.2,62,14.6,0,0,0,0,219.0,160.0,566.2,59.0,9.6,28.1,0.0,1021.4
2025-08-17 19:00:00+00:00,20.8,69,14.8,0,0,0,0,75.0,43.0,350.3,32.0,7.9,23.4,0.0,1021.4
2025-08-17 20:00:00+00:00,19.6,76,15.2,0,0,0,0,2.0,0.0,0.0,2.0,8.5,16.9,0.0,1021.7
2025-08-17 21:00:00+00:00,19.5,69,13.6,0,0,0,0,0.0,0.0,0.0,0.0,13.3,25.2,0.0,1021.7
2025-08-17 22:00:00+00:00,18.3,74,13.6,60,0,0,60,0.0,0.0,0.0,0.0,15.8,32.8,0.0,1021.8
2025-08-17 23:00:00+00:00,17.1,80,13.8,100,13,0,100,0.0,0.0,0.0,0.0,13.5,32.8,0.0,1022.0
2025-08-18 00:00:00+00:00,16.8,82,13.8,100,100,0,96,0.0,0.0,0.0,0.0,12.6,27.7,0.0,1022.2
2025-08-18 01:00:00+00:00,17.2,80,13.8,100,100,0,94,0.0,0.0,0.0,0.0,15.2,32.4,0.0,1022.0
2025-08-18 02:00:00+00:00,17.4,79,13.7,100,100,0,100,0.0,0.0,0.0,0.0,15.7,37.8,0.0,1021.7
2025-08-18 03:00:00+00:00,17.4,79,13.6,100,100,0,100,0.0,0.0,0.0,0.0,14.6,36.0,0.0,1021.4
2025-08-18 04:00:00+00:00,17.2,80,13.6,100,100,0,99,0.0,0.0,0.0,0.0,15.0,34.9,0.0,1021.0
2025-08-18 05:00:00+00:00,17.0,80,13.6,100,100,0,5,0.0,0.0,0.0,0.0,13.5,34.9,0.0,1020.9
2025-08-18 06:00:00+00:00,17.2,78,13.4,100,100,0,72,19.0,1.0,11.1,18.0,15.2,32.8,0.0,1020.8
2025-08-18 07:00:00+00:00,17.6,75,13.1,100,88,0,97,67.0,3.0,13.1,64.0,16.6,36.7,0.0,1021.0
2025-08-18 08:00:00+00:00,18.5,69,12.9,100,100,0,97,170.0,27.0,70.2,143.0,14.8,37.4,0.0,1020.8
2025-08-18 09:00:00+00:00,19.5,65,12.8,100,100,0,21,254.0,44.0,83.6,210.0,13.2,33.5,0.0,1020.7
2025-08-18 10:00:00+00:00,20.7,60,12.8,100,100,0,32,364.0,92.0,142.9,272.0,12.3,31.3,0.0,1020.6
2025-08-18 11:00:00+00:00,21.4,59,13.0,100,100,0,70,380.0,105.0,144.0,275.0,10.4,30.6,0.0,1020.5
2025-08-18 12:00:00+00:00,21.7,58,13.2,100,100,0,23,358.0,73.0,93.9,285.0,11.7,29.5,0.0,1020.2
2025-08-18 13:00:00+00:00,22.6,56,13.3,100,100,0,38,512.0,195.0,248.8,317.0,16.2,39.6,0.0,1019.6
2025-08-18 14:00:00+00:00,22.6,56,13.3,100,98,0,100,381.0,80.0,106.9,301.0,15.0,39.2,0.0,1019.4
2025-08-18 15:00:00+00:00,22.9,55,13.4,100,100,7,100,359.0,89.0,132.0,270.0,15.3,36.0,0.0,1019.1
2025-08-18 16:00:00+00:00,22.6,55,13.2,100,100,69,100,257.0,55.0,97.2,202.0,13.1,36.4,0.0,1018.7
2025-08-18 17:00:00+00:00,22.4,55,12.8,100,100,0,100,143.0,10.0,23.2,133.0,12.4,31.0,0.0,1018.2
2025-08-18 18:00:00+00:00,21.7,56,12.6,100,83,6,100,67.0,1.0,3.6,66.0,14.3,32.0,0.0,1018.0
2025-08-18 19:00:00+00:00,21.0,59,12.8,100,34,0,100,39.0,2.0,17.0,37.0,13.1,32.0,0.0,1017.9
2025-08-18 20:00:00+00:00,20.1,63,13.0,100,1,4,100,2.0,0.0,0.0,2.0,13.1,27.4,0.0,1018.1
2025-08-18 21:00:00+00:00,19.2,66,12.8,100,1,0,100,0.0,0.0,0.0,0.0,13.5,27.7,0.0,1018.2
2025-08-18 22:00:00+00:00,18.1,70,12.6,99,1,0,99,0.0,0.0,0.0,0.0,12.9,28.1,0.0,1017.8
2025-08-18 23:00:00+00:00,17.6,73,12.8,100,2,0,100,0.0,0.0,0.0,0.0,11.8,25.9,0.0,1017.8
2025-08-19 00:00:00+00:00,17.0,79,13.2,100,7,0,100,0.0,0.0,0.0,0.0,10.2,23.4,0.0,1017.6
2025-08-19 01:00:00+00:00,16.8,78,12.9,100,3,57,100,0.0,0.0,0.0,0.0,10.9,24.1,0.1,1017.3
2025-08-19 02:00:00+00:00,16.3,81,12.9,100,4,33,100,0.0,0.0,0.0,0.0,12.1,23.8,0.4,1016.9
2025-08-19 03:00:00+00:00,15.8,84,13.1,100,0,42,100,0.0,0.0,0.0,0.0,13.7,25.9,0.1,1016.4
2025-08-19 04:00:00+00:00,15.5,85,13.0,100,1,28,100,0.0,0.0,0.0,0.0,13.7,27.7,0.0,1016.0
2025-08-19 05:00:00+00:00,15.2,86,12.9,100,5,7,100,0.0,0.0,0.0,0.0,13.4,26.3,0.0,1015.9
2025-08-19 06:00:00+00:00,15.6,85,13.1,100,7,0,100,25.0,1.0,11.4,24.0,13.0,27.0,0.0,1015.7
2025-08-19 07:00:00+00:00,16.5,80,13.1,100,7,7,100,114.0,25.0,111.0,89.0,12.3,27.0,0.0,1015.9
2025-08-19 08:00:00+00:00,18.2,73,13.3,75,1,13,71,277.0,148.0,388.1,129.0,14.1,32.4,0.0,1015.7
2025-08-19 09:00:00+00:00,20.0,66,13.6,75,3,8,73,435.0,311.0,594.7,124.0,13.6,33.5,0.0,1015.4
2025-08-19 10:00:00+00:00,22.0,59,13.7,75,4,32,62,581.0,447.0,697.8,134.0,13.6,33.8,0.0,1015.1
2025-08-19 11:00:00+00:00,23.8,51,13.1,31,24,0,9,628.0,448.0,617.0,180.0,14.6,36.4,0.0,1014.7
2025-08-19 12:00:00+00:00,24.8,46,12.4,100,100,13,81,658.0,511.0,660.5,147.0,13.1,36.4,0.0,1014.5
2025-08-19 13:00:00+00:00,24.5,50,13.4,100,94,89,100,599.0,364.0,466.6,235.0,13.6,36.7,0.1,1014.6
2025-08-19 14:00:00+00:00,23.5,54,13.7,100,47,96,80,179.0,5.0,6.7,174.0,12.3,34.6,0.0,1014.4
2025-08-19 15:00:00+00:00,24.9,47,12.9,100,30,100,94,352.0,94.0,140.2,258.0,11.0,29.9,0.0,1013.9
2025-08-19 16:00:00+00:00,25.1,45,12.4,100,20,98,100,274.0,59.0,105.1,215.0,14.2,32.0,0.0,1013.5
2025-08-19 17:00:00+00:00,24.6,47,12.6,100,32,87,100,251.0,105.0,246.4,146.0,16.5,38.5,0.0,1013.5
2025-08-19 18:00:00+00:00,24.0,48,12.4,100,3,40,100,113.0,13.0,47.6,100.0,13.1,37.1,0.0,1013.4
2025-08-19 19:00:00+00:00,23.0,53,12.9,100,30,10,100,44.0,2.0,17.7,42.0,12.6,28.8,0.0,1013.6
2025-08-19 20:00:00+00:00,21.8,59,13.4,100,11,53,100,1.0,0.0,0.0,1.0,13.7,28.4,0.0,1014.2
2025-08-19 21:00:00+00:00,20.6,65,13.9,100,29,80,100,0.0,0.0,0.0,0.0,16.3,33.8,0.0,1014.7
2025-08-19 22:00:00+00:00,19.5,67,13.4,100,9,100,100,0.0,0.0,0.0,0.0,18.6,40.7,0.0,1014.8
2025-08-19 23:00:00+00:00,18.6,69,12.8,98,2,93,94,0.0,0.0,0.0,0.0,18.2,40.0,0.0,1015.1
2025-08-20 00:00:00+00:00,17.5,72,12.4,99,1,98,90,0.0,0.0,0.0,0.0,18.0,39.2,0.0,1015.5
2025-08-20 01:00:00+00:00,16.5,75,12.1,100,0,91,100,0.0,0.0,0.0,0.0,16.0,40.0,0.0,1016.0
2025-08-20 02:00:00+00:00,16.1,75,11.6,100,0,100,100,0.0,0.0,0.0,0.0,16.6,35.3,0.0,1015.7
2025-08-20 03:00:00+00:00,15.8,77,11.8,100,3,96,100,0.0,0.0,0.0,0.0,14.5,35.3,0.0,1016.0
2025-08-20 04:00:00+00:00,15.2,82,12.1,100,3,89,100,0.0,0.0,0.0,0.0,14.7,30.6,0.0,1015.8
2025-08-20 05:00:00+00:00,15.0,83,12.1,100,3,0,100,0.0,0.0,0.0,0.0,14.5,30.6,0.0,1015.5
2025-08-20 06:00:00+00:00,15.1,81,12.0,98,0,0,98,23.0,2.0,23.2,21.0,13.9,30.2,0.0,1015.8
2025-08-20 07:00:00+00:00,15.8,78,11.9,99,1,0,99,80.0,4.0,18.0,76.0,13.5,30.2,0.0,1015.9
2025-08-20 08:00:00+00:00,17.2,69,11.4,100,36,0,99,186.0,37.0,97.9,149.0,19.4,41.4,0.0,1016.1
2025-08-20 09:00:00+00:00,18.1,63,10.9,100,100,0,100,205.0,18.0,34.6,187.0,18.1,42.5,0.0,1016.0
2025-08-20 10:00:00+00:00,18.9,60,11.0,100,100,4,100,245.0,12.0,18.8,233.0,18.1,41.0,0.0,1016.3
2025-08-20 11:00:00+00:00,19.3,57,10.6,100,100,0,100,276.0,20.0,27.7,256.0,16.2,40.7,0.0,1016.4
2025-08-20 12:00:00+00:00,19.3,55,10.0,100,100,0,100,272.0,12.0,15.6,260.0,15.3,37.8,0.0,1016.4
2025-08-20 13:00:00+00:00,19.6,54,9.9,100,78,0,100,368.0,61.0,78.6,307.0,16.9,39.6,0.0,1016.6
2025-08-20 14:00:00+00:00,20.3,51,9.8,100,86,0,98,514.0,247.0,333.4,267.0,17.0,42.5,0.0,1016.5
2025-08-20 15:00:00+00:00,20.3,51,9.7,100,91,0,97,474.0,194.0,291.2,280.0,17.8,42.1,0.0,1016.2
2025-08-20 16:00:00+00:00,19.6,53,9.8,100,100,0,43,357.0,145.0,260.2,212.0,16.3,42.5,0.0,1016.1
2025-08-20 17:00:00+00:00,19.3,51,9.0,49,41,0,13,201.0,46.0,109.1,155.0,15.5,38.5,0.0,1015.8
2025-08-20 18:00:00+00:00,19.5,47,7.9,29,29,0,0,175.0,99.0,369.2,76.0,14.1,35.3,0.0,1015.7
2025-08-20 19:00:00+00:00,18.5,51,8.0,12,12,0,0,61.0,32.0,292.5,29.0,12.5,31.7,0.0,1015.9
2025-08-20 20:00:00+00:00,17.3,54,7.9,4,4,0,0,1.0,0.0,0.0,1.0,12.6,25.9,0.0,1016.5
2025-08-20 21:00:00+00:00,16.4,58,8.1,1,1,0,0,0.0,0.0,0.0,0.0,12.5,27.4,0.0,1016.8
2025-08-20 22:00:00+00:00,15.6,62,8.4,6,6,0,0,0.0,0.0,0.0,0.0,12.4,24.8,0.0,1017.0
2025-08-20 23:00:00+00:00,14.9,66,8.6,1,1,0,0,0.0,0.0,0.0,0.0,12.1,24.5,0.0,1017.2
2025-08-21 00:00:00+00:00,14.1,69,8.6,0,0,0,0,0.0,0.0,0.0,0.0,13.3,26.3,0.0,1017.2
2025-08-21 01:00:00+00:00,12.9,70,7.7,5,5,0,0,0.0,0.0,0.0,0.0,12.5,25.6,0.0,1017.3
2025-08-21 02:00:00+00:00,12.4,73,7.6,19,19,0,0,0.0,0.0,0.0,0.0,13.0,24.8,0.0,1016.9
2025-08-21 03:00:00+00:00,12.2,75,8.0,92,92,0,0,0.0,0.0,0.0,0.0,13.9,27.0,0.0,1016.6
2025-08-21 04:00:00+00:00,12.7,77,8.9,100,100,0,0,0.0,0.0,0.0,0.0,15.0,29.9,0.0,1016.5
2025-08-21 05:00:00+00:00,13.5,76,9.4,100,100,0,0,0.0,0.0,0.0,0.0,15.4,32.0,0.0,1016.6
2025-08-21 06:00:00+00:00,13.8,75,9.3,91,91,0,0,19.0,1.0,11.9,18.0,12.9,31.3,0.0,1017.0
2025-08-21 07:00:00+00:00,14.6,69,9.1,59,59,0,0,115.0,31.0,142.2,84.0,14.3,31.7,0.0,1017.3
2025-08-21 08:00:00+00:00,15.7,65,9.2,22,22,0,0,252.0,130.0,347.3,122.0,14.3,33.5,0.0,1017.5
2025-08-21 09:00:00+00:00,17.6,58,9.3,60,60,0,0,440.0,321.0,621.9,119.0,15.7,37.4,0.0,1017.6
2025-08-21 10:00:00+00:00,18.1,58,9.8,99,99,0,0,431.0,267.0,421.3,164.0,15.1,37.1,0.1,1017.8
2025-08-21 11:00:00+00:00,18.2,57,9.4,63,63,0,0,257.0,45.0,62.6,212.0,13.0,36.4,0.0,1018.1
2025-08-21 12:00:00+00:00,20.0,49,9.1,100,100,1,0,574.0,323.0,421.3,251.0,12.5,32.0,0.0,1018.2
2025-08-21 13:00:00+00:00,20.5,45,8.3,100,100,8,0,482.0,197.0,255.0,285.0,13.5,34.2,0.0,1018.5
2025-08-21 14:00:00+00:00,20.3,46,8.1,98,98,0,0,354.0,86.0,116.7,268.0,11.7,34.2,0.0,1018.8
2025-08-21 15:00:00+00:00,20.7,43,7.6,47,47,2,0,378.0,98.0,148.0,280.0,9.2,29.2,0.0,1018.8
2025-08-21 16:00:00+00:00,21.5,39,6.9,97,97,23,0,482.0,344.0,622.3,138.0,9.8,25.6,0.0,1018.5
2025-08-21 17:00:00+00:00,21.0,40,6.8,100,100,23,0,268.0,123.0,295.2,145.0,10.6,26.3,0.0,1018.5
2025-08-21 18:00:00+00:00,20.1,43,7.0,98,26,11,97,140.0,40.0,152.0,100.0,10.3,25.9,0.0,1018.9
2025-08-21 19:00:00+00:00,19.2,46,7.3,100,33,4,100,48.0,12.0,112.2,36.0,6.3,23.4,0.0,1019.5
2025-08-21 20:00:00+00:00,18.2,50,7.6,91,61,5,77,1.0,0.0,0.0,1.0,7.8,14.0,0.0,1020.1
2025-08-21 21:00:00+00:00,17.2,53,7.6,2,2,0,0,0.0,0.0,0.0,0.0,10.6,19.8,0.0,1020.5
2025-08-21 22:00:00+00:00,15.8,58,7.6,10,10,0,0,0.0,0.0,0.0,0.0,12.2,23.8,0.0,1021.2
2025-08-21 23:00:00+00:00,14.9,62,7.7,15,15,0,0,0.0,0.0,0.0,0.0,10.8,23.4,0.0,1021.5
2025-08-22 00:00:00+00:00,14.1,66,7.9,4,4,0,0,0.0,0.0,0.0,0.0,10.0,20.5,0.0,1021.9
2025-08-22 01:00:00+00:00,12.2,71,7.1,1,1,0,0,0.0,0.0,0.0,0.0,6.9,15.5,0.0,1022.2
2025-08-22 02:00:00+00:00,11.6,74,7.2,1,1,0,0,0.0,0.0,0.0,0.0,5.9,12.2,0.0,1022.0
2025-08-22 03:00:00+00:00,11.1,78,7.4,1,1,0,0,0.0,0.0,0.0,0.0,5.9,10.8,0.0,1022.1
2025-08-22 04:00:00+00:00,10.4,82,7.6,0,0,0,0,0.0,0.0,0.0,0.0,6.1,11.2,0.0,1022.1
2025-08-22 05:00:00+00:00,9.9,86,7.6,0,0,0,0,0.0,0.0,0.0,0.0,6.6,11.9,0.0,1022.1
2025-08-22 06:00:00+00:00,10.1,85,7.8,4,0,0,4,30.0,15.0,181.9,15.0,6.7,12.2,0.0,1022.2
2025-08-22 07:00:00+00:00,12.5,74,7.9,3,0,0,3,158.0,107.0,499.5,51.0,4.0,12.6,0.0,1022.4
2025-08-22 08:00:00+00:00,15.4,59,7.6,7,0,0,7,317.0,247.0,666.2,70.0,2.7,12.6,0.0,1022.5
2025-08-22 09:00:00+00:00,17.6,48,6.6,11,0,0,11,472.0,389.0,758.8,83.0,1.5,12.6,0.0,1022.5
2025-08-22 10:00:00+00:00,19.3,43,6.3,57,0,0,57,605.0,514.0,815.4,91.0,0.2,13.0,0.0,1022.3
2025-08-22 11:00:00+00:00,20.7,39,6.2,28,6,0,24,697.0,585.0,817.3,112.0,1.9,14.4,0.0,1022.0
2025-08-22 12:00:00+00:00,22.0,34,5.4,87,77,6,45,741.0,612.0,802.1,129.0,6.6,22.7,0.0,1021.6
2025-08-22 13:00:00+00:00,22.3,35,5.9,25,7,24,0,586.0,234.0,304.3,352.0,10.8,29.2,0.0,1021.7
2025-08-22 14:00:00+00:00,23.6,31,5.3,89,89,8,0,678.0,528.0,720.4,150.0,11.6,30.2,0.0,1021.2
2025-08-22 15:00:00+00:00,23.5,32,6.1,7,6,7,0,560.0,379.0,576.2,181.0,8.0,30.2,0.0,1020.7
2025-08-22 16:00:00+00:00,23.0,30,4.8,71,0,71,0,495.0,403.0,735.1,92.0,5.5,23.4,0.0,1020.6
2025-08-22 17:00:00+00:00,20.9,51,10.2,51,49,38,0,260.0,111.0,269.5,149.0,17.0,38.9,0.0,1020.2
2025-08-22 18:00:00+00:00,18.1,67,11.8,6,0,6,0,140.0,68.0,263.5,72.0,19.3,48.2,0.0,1020.5
2025-08-22 19:00:00+00:00,18.0,66,11.6,68,3,0,67,55.0,28.0,268.2,27.0,15.3,41.8,0.0,1020.6
2025-08-22 20:00:00+00:00,17.5,69,11.7,79,1,1,79,0.0,0.0,0.0,0.0,15.5,31.0,0.0,1020.7
2025-08-22 21:00:00+00:00,17.0,71,11.6,72,4,2,71,0.0,0.0,0.0,0.0,14.1,31.0,0.0,1020.8
2025-08-22 22:00:00+00:00,16.6,71,11.4,32,9,9,21,0.0,0.0,0.0,0.0,12.1,27.4,0.0,1020.8
2025-08-22 23:00:00+00:00,15.8,75,11.4,49,1,2,48,0.0,0.0,0.0,0.0,10.1,23.0,0.0,1020.6
2025-08-23 00:00:00+00:00,15.2,78,11.4,12,1,3,7,0.0,0.0,0.0,0.0,9.1,19.1,0.0,1020.6
2025-08-23 01:00:00+00:00,14.8,79,11.1,49,0,7,45,0.0,0.0,0.0,0.0,9.3,18.4,0.0,1020.8
2025-08-23 02:00:00+00:00,14.5,80,11.0,100,1,8,100,0.0,0.0,0.0,0.0,7.3,17.3,0.0,1020.6
2025-08-23 03:00:00+00:00,14.7,74,10.1,100,0,2,100,0.0,0.0,0.0,0.0,7.6,13.7,0.0,1020.5
2025-08-23 04:00:00+00:00,14.6,73,9.8,100,0,0,100,0.0,0.0,0.0,0.0,6.9,13.7,0.0,1020.3
2025-08-23 05:00:00+00:00,14.1,75,9.8,100,0,0,100,0.0,0.0,0.0,0.0,4.8,12.2,0.0,1020.3
2025-08-23 06:00:00+00:00,14.3,75,10.0,100,0,0,100,20.0,1.0,12.4,19.0,4.4,8.6,0.0,1020.7
2025-08-23 07:00:00+00:00,15.7,69,9.9,100,0,0,100,107.0,18.0,85.5,89.0,2.4,8.6,0.0,1021.0
2025-08-23 08:00:00+00:00,17.9,59,9.9,78,1,2,77,265.0,143.0,389.5,122.0,4.0,14.0,0.0,1021.2
2025-08-23 09:00:00+00:00,19.8,53,10.0,43,0,0,43,435.0,313.0,614.7,122.0,4.1,16.6,0.0,1021.1
2025-08-23 10:00:00+00:00,21.4,48,9.8,2,0,0,1,587.0,489.0,780.1,98.0,3.2,16.9,0.0,1021.1
2025-08-23 11:00:00+00:00,23.1,42,9.5,65,65,5,0,686.0,585.0,821.4,101.0,1.4,16.6,0.0,1020.9
2025-08-23 12:00:00+00:00,23.6,40,9.1,100,100,84,0,554.0,310.0,408.3,244.0,1.4,14.8,0.0,1020.5
2025-08-23 13:00:00+00:00,23.5,40,9.1,100,93,100,0,326.0,56.0,73.2,270.0,1.0,11.9,0.0,1020.6
2025-08-23 14:00:00+00:00,23.9,39,8.9,100,81,100,0,315.0,65.0,89.2,250.0,1.5,11.2,0.0,1020.4
2025-08-23 15:00:00+00:00,23.9,39,9.2,100,87,100,6,299.0,74.0,113.3,225.0,3.3,14.4,0.0,1020.1
2025-08-23 16:00:00+00:00,23.3,43,9.9,100,90,100,0,254.0,73.0,134.3,181.0,7.8,20.9,0.0,1019.9
2025-08-23 17:00:00+00:00,21.6,53,11.6,97,97,70,0,175.0,53.0,130.2,122.0,12.0,29.2,0.0,1019.9
2025-08-23 18:00:00+00:00,20.9,52,10.6,67,66,12,0,93.0,17.0,67.2,76.0,10.2,29.2,0.0,1019.8
2025-08-23 19:00:00+00:00,20.2,55,10.8,87,87,6,0,42.0,16.0,157.1,26.0,8.0,23.8,0.0,1020.1
2025-08-23 20:00:00+00:00,18.8,64,11.9,39,38,1,0,0.0,0.0,0.0,0.0,8.6,16.9,0.0,1020.4
2025-08-23 21:00:00+00:00,17.6,73,12.7,6,3,3,0,0.0,0.0,0.0,0.0,9.3,16.9,0.0,1020.7
2025-08-23 22:00:00+00:00,17.1,81,13.9,7,3,4,0,0.0,0.0,0.0,0.0,10.2,19.8,0.0,1020.8
2025-08-23 23:00:00+00:00,16.6,85,14.1,6,2,4,0,0.0,0.0,0.0,0.0,8.5,19.4,0.0,1020.9
2025-08-24 00:00:00+00:00,16.2,87,14.0,4,1,4,0,0.0,0.0,0.0,0.0,7.5,15.8,0.0,1021.0
2025-08-24 01:00:00+00:00,16.0,86,13.6,22,20,14,0,0.0,0.0,0.0,0.0,6.9,13.7,0.0,1020.9
2025-08-24 02:00:00+00:00,15.6,87,13.4,10,9,8,0,0.0,0.0,0.0,0.0,7.9,14.0,0.0,1020.8
2025-08-24 03:00:00+00:00,15.2,87,13.1,5,1,4,0,0.0,0.0,0.0,0.0,9.1,16.6,0.0,1020.5
2025-08-24 04:00:00+00:00,15.1,88,13.1,2,0,0,2,0.0,0.0,0.0,0.0,9.2,16.9,0.0,1020.1
2025-08-24 05:00:00+00:00,15.1,90,13.4,24,4,0,22,0.0,0.0,0.0,0.0,9.7,18.0,0.0,1020.2
2025-08-24 06:00:00+00:00,15.7,87,13.6,0,0,0,0,25.0,11.0,139.7,14.0,10.3,18.7,0.0,1020.4
2025-08-24 07:00:00+00:00,17.7,76,13.4,4,0,0,4,144.0,94.0,454.8,50.0,9.4,20.2,0.0,1020.6
2025-08-24 08:00:00+00:00,19.4,63,12.1,15,0,0,15,300.0,228.0,627.2,72.0,12.7,29.9,0.0,1020.9
2025-08-24 09:00:00+00:00,20.6,53,10.8,16,0,0,16,452.0,366.0,723.9,86.0,13.9,34.2,0.0,1021.0
2025-08-24 10:00:00+00:00,21.5,47,9.9,17,0,0,17,582.0,484.0,776.5,98.0,14.5,36.4,0.0,1021.2
2025-08-24 11:00:00+00:00,22.1,44,9.3,6,0,0,6,680.0,575.0,811.5,105.0,15.2,38.5,0.0,1021.1
2025-08-24 12:00:00+00:00,22.5,42,9.1,24,0,0,24,737.0,633.0,837.8,104.0,15.3,38.9,0.0,1021.1
2025-08-24 13:00:00+00:00,23.0,44,9.9,13,2,0,12,734.0,615.0,808.1,119.0,14.8,38.2,0.0,1020.6
2025-08-24 14:00:00+00:00,22.8,44,9.8,90,1,0,90,688.0,572.0,789.3,116.0,14.8,38.2,0.0,1020.3
2025-08-24 15:00:00+00:00,22.4,44,9.6,11,0,0,11,577.0,428.0,659.6,149.0,14.3,37.8,0.0,1019.9
2025-08-24 16:00:00+00:00,22.1,44,9.2,1,1,0,0,485.0,389.0,721.9,96.0,13.7,36.0,0.0,1019.7
2025-08-24 17:00:00+00:00,21.4,46,9.3,9,0,0,8,343.0,270.0,671.6,73.0,13.3,34.2,0.0,1019.7
2025-08-24 18:00:00+00:00,20.2,51,9.7,11,0,0,10,186.0,130.0,524.8,56.0,12.1,32.0,0.0,1019.6
2025-08-24 19:00:00+00:00,18.8,58,10.3,90,0,0,90,49.0,26.0,261.9,23.0,10.3,27.7,0.0,1019.8
2025-08-24 20:00:00+00:00,17.9,64,10.9,86,0,0,86,0.0,0.0,0.0,0.0,9.4,20.5,0.0,1019.9
2025-08-24 21:00:00+00:00,17.3,67,11.1,91,0,0,91,0.0,0.0,0.0,0.0,8.7,18.0,0.0,1019.7
2025-08-24 22:00:00+00:00,17.0,68,10.9,100,0,0,100,0.0,0.0,0.0,0.0,8.7,16.2,0.0,1019.5
2025-08-24 23:00:00+00:00,16.8,69,11.1,100,0,0,100,0.0,0.0,0.0,0.0,9.2,16.9,0.0,1019.3
2025-08-25 00:00:00+00:00,16.7,71,11.5,100,0,0,100,0.0,0.0,0.0,0.0,9.6,17.6,0.0,1018.9
2025-08-25 01:00:00+00:00,15.4,74,10.8,68,0,0,68,0.0,0.0,0.0,0.0,8.9,16.9,0.0,1018.6
2025-08-25 02:00:00+00:00,15.2,79,11.6,100,0,0,100,0.0,0.0,0.0,0.0,9.5,16.9,0.0,1018.3
2025-08-25 03:00:00+00:00,15.4,85,12.9,31,0,0,31,0.0,0.0,0.0,0.0,9.7,17.3,0.0,1017.9
2025-08-25 04:00:00+00:00,15.4,88,13.5,0,0,0,0,0.0,0.0,0.0,0.0,9.7,17.6,0.0,1017.7
2025-08-25 05:00:00+00:00,15.5,88,13.6,0,0,0,0,0.0,0.0,0.0,0.0,10.4,19.1,0.0,1017.5
2025-08-25 06:00:00+00:00,16.1,84,13.4,0,0,0,0,24.0,11.0,143.1,13.0,11.2,20.5,0.0,1017.3
2025-08-25 07:00:00+00:00,18.1,73,13.2,0,0,0,0,144.0,96.0,473.1,48.0,9.3,21.2,0.0,1017.1
2025-08-25 08:00:00+00:00,20.1,64,13.1,0,0,0,0,301.0,233.0,647.5,68.0,11.1,26.3,0.0,1016.9
2025-08-25 09:00:00+00:00,21.9,54,12.2,0,0,0,0,455.0,375.0,747.0,80.0,12.1,30.6,0.0,1016.8
2025-08-25 10:00:00+00:00,23.1,48,11.5,0,0,0,0,587.0,499.0,805.2,88.0,13.1,33.5,0.0,1016.6
2025-08-25 11:00:00+00:00,24.0,45,11.2,7,0,0,7,685.0,592.0,839.8,93.0,14.0,35.6,0.0,1016.2
2025-08-25 12:00:00+00:00,24.6,43,11.1,32,0,0,32,739.0,643.0,855.3,96.0,14.4,37.1,0.0,1015.9
2025-08-25 13:00:00+00:00,25.3,37,9.6,2,0,0,2,743.0,638.0,842.7,105.0,16.1,40.3,0.0,1015.2
2025-08-25 14:00:00+00:00,25.2,36,9.2,0,0,0,0,705.0,611.0,848.1,94.0,16.5,41.0,0.0,1014.7
2025-08-25 15:00:00+00:00,24.9,36,8.9,0,0,0,0,620.0,532.0,825.6,88.0,16.6,41.0,0.0,1014.1
2025-08-25 16:00:00+00:00,24.3,38,9.0,0,0,0,0,496.0,415.0,777.0,81.0,16.1,40.3,0.0,1013.6
2025-08-25 17:00:00+00:00,23.5,40,9.2,0,0,0,0,345.0,275.0,692.7,70.0,15.0,38.2,0.0,1013.0
2025-08-25 18:00:00+00:00,22.2,45,9.9,0,0,0,0,185.0,132.0,544.5,53.0,13.5,34.9,0.0,1012.7
2025-08-25 19:00:00+00:00,20.5,55,11.2,27,0,0,27,47.0,26.0,269.0,21.0,12.0,29.5,0.0,1012.2
2025-08-25 20:00:00+00:00,19.6,60,11.6,93,0,0,93,0.0,0.0,0.0,0.0,12.1,24.1,0.0,1012.0
2025-08-25 21:00:00+00:00,19.2,65,12.4,99,0,0,99,0.0,0.0,0.0,0.0,11.4,23.4,0.0,1011.7
2025-08-25 22:00:00+00:00,19.1,68,13.1,100,0,0,100,0.0,0.0,0.0,0.0,10.6,22.0,0.0,1011.1
2025-08-25 23:00:00+00:00,18.9,71,13.6,100,0,0,100,0.0,0.0,0.0,0.0,7.9,19.8,0.0,1010.5
2025-08-26 00:00:00+00:00,18.6,73,13.8,100,0,0,100,0.0,0.0,0.0,0.0,7.4,14.0,0.0,1010.1
2025-08-26 01:00:00+00:00,17.4,79,13.7,100,0,0,100,0.0,0.0,0.0,0.0,6.7,14.0,0.0,1009.3
2025-08-26 02:00:00+00:00,17.0,83,14.1,100,0,0,100,0.0,0.0,0.0,0.0,5.3,11.9,0.0,1008.4
2025-08-26 03:00:00+00:00,16.7,86,14.4,100,0,18,100,0.0,0.0,0.0,0.0,9.2,15.8,0.0,1008.0
2025-08-26 04:00:00+00:00,16.1,87,14.1,100,0,61,100,0.0,0.0,0.0,0.0,9.1,17.3,0.0,1007.7
2025-08-26 05:00:00+00:00,16.0,87,13.9,55,0,38,40,0.0,0.0,0.0,0.0,11.1,20.5,0.0,1007.6
2025-08-26 06:00:00+00:00,16.4,94,15.4,62,53,13,8,19.0,6.0,80.0,13.0,11.8,22.7,0.0,1007.7
2025-08-26 07:00:00+00:00,18.6,87,16.5,100,100,36,0,89.0,33.0,165.8,56.0,16.4,31.7,0.0,1007.6
2025-08-26 08:00:00+00:00,18.8,87,16.6,79,57,50,1,55.0,0.0,0.0,55.0,13.6,34.9,0.1,1007.6
2025-08-26 09:00:00+00:00,20.0,77,15.9,100,32,100,0,218.0,61.0,122.4,157.0,14.7,34.6,0.0,1007.7
2025-08-26 10:00:00+00:00,21.6,64,14.6,16,10,12,0,375.0,152.0,246.7,223.0,13.4,33.5,0.0,1007.9
2025-08-26 11:00:00+00:00,23.4,53,13.4,66,10,11,59,630.0,510.0,727.3,120.0,16.3,39.2,0.0,1007.8
2025-08-26 12:00:00+00:00,24.0,47,12.1,92,11,4,91,655.0,489.0,653.8,166.0,18.3,43.6,0.0,1007.6
2025-08-26 13:00:00+00:00,23.9,48,12.2,87,21,10,82,666.0,478.0,634.8,188.0,20.1,47.2,0.0,1007.5
2025-08-26 14:00:00+00:00,23.0,52,12.7,100,21,11,100,546.0,291.0,406.3,255.0,21.3,49.3,0.0,1007.6
2025-08-26 15:00:00+00:00,22.5,54,12.8,100,12,5,100,495.0,264.0,412.6,231.0,21.0,49.3,0.0,1007.6
2025-08-26 16:00:00+00:00,21.8,56,12.8,100,21,7,100,377.0,197.0,372.2,180.0,20.7,48.2,0.0,1007.7
2025-08-26 17:00:00+00:00,21.0,57,12.1,100,14,2,100,240.0,88.0,224.6,152.0,19.0,46.8,0.0,1007.6
2025-08-26 18:00:00+00:00,20.0,60,12.1,100,4,3,100,122.0,25.0,105.4,97.0,17.2,42.1,0.0,1007.7
2025-08-26 19:00:00+00:00,18.8,68,12.6,100,0,2,100,29.0,1.0,10.6,28.0,14.0,37.4,0.0,1007.8
2025-08-26 20:00:00+00:00,17.9,75,13.4,100,0,6,100,0.0,0.0,0.0,0.0,13.6,29.2,0.0,1008.1
2025-08-26 21:00:00+00:00,17.4,79,13.6,85,0,19,84,0.0,0.0,0.0,0.0,12.9,28.1,0.0,1008.1
2025-08-26 22:00:00+00:00,16.8,82,13.7,12,0,12,0,0.0,0.0,0.0,0.0,12.2,26.3,0.0,1008.0
2025-08-26 23:00:00+00:00,16.2,83,13.4,3,1,3,0,0.0,0.0,0.0,0.0,11.7,24.5,0.0,1007.8
2025-08-27 00:00:00+00:00,15.8,84,13.1,6,2,4,0,0.0,0.0,0.0,0.0,10.8,23.4,0.0,1007.7
2025-08-27 01:00:00+00:00,15.9,79,12.2,86,13,14,82,0.0,0.0,0.0,0.0,10.8,22.3,0.0,1007.7
2025-08-27 02:00:00+00:00,16.0,77,12.1,41,9,27,12,0.0,0.0,0.0,0.0,11.3,22.7,0.0,1007.2
2025-08-27 03:00:00+00:00,16.0,79,12.3,67,7,65,0,0.0,0.0,0.0,0.0,10.7,22.3,0.0,1006.8
2025-08-27 04:00:00+00:00,16.2,76,12.0,86,28,82,0,0.0,0.0,0.0,0.0,12.4,24.5,0.0,1006.3
2025-08-27 05:00:00+00:00,16.1,77,12.1,55,27,37,5,0.0,0.0,0.0,0.0,11.0,24.8,0.0,1005.8
2025-08-27 06:00:00+00:00,16.2,81,12.9,78,33,38,51,13.0,4.0,54.7,9.0,13.3,26.3,0.0,1005.8
2025-08-27 07:00:00+00:00,17.6,73,12.7,79,31,37,52,104.0,50.0,256.1,54.0,12.6,29.2,0.0,1005.5
2025-08-27 08:00:00+00:00,18.5,67,12.2,77,30,66,8,218.0,116.0,329.2,102.0,18.6,40.0,0.1,1005.3
2025-08-27 09:00:00+00:00,18.7,67,12.5,87,58,66,20,311.0,170.0,343.6,141.0,23.4,49.7,0.4,1005.3
2025-08-27 10:00:00+00:00,18.3,72,13.2,73,46,60,2,290.0,114.0,186.2,176.0,23.0,51.5,0.4,1005.3
2025-08-27 11:00:00+00:00,18.4,75,13.9,100,100,36,25,356.0,190.0,272.4,166.0,22.6,52.2,0.5,1004.7
2025-08-27 12:00:00+00:00,18.6,74,13.9,99,92,45,87,372.0,71.0,95.4,301.0,24.4,59.4,0.2,1004.5
2025-08-27 13:00:00+00:00,18.8,78,14.9,100,96,44,100,527.0,311.0,415.3,216.0,23.8,56.5,0.4,1004.6
2025-08-27 14:00:00+00:00,17.8,80,14.3,100,87,84,95,210.0,25.0,35.1,185.0,22.0,54.7,0.3,1004.6
2025-08-27 15:00:00+00:00,18.4,79,14.6,100,65,62,100,296.0,41.0,64.5,255.0,19.6,49.7,0.1,1004.3
2025-08-27 16:00:00+00:00,19.0,77,14.9,99,58,0,98,265.0,52.0,99.2,213.0,19.5,48.6,0.0,1003.8
2025-08-27 17:00:00+00:00,19.1,75,14.6,21,7,2,13,207.0,66.0,170.7,141.0,15.8,47.9,0.0,1003.6
2025-08-27 18:00:00+00:00,18.7,75,14.1,100,1,9,100,163.0,105.0,453.2,58.0,13.6,34.9,0.0,1003.8
2025-08-27 19:00:00+00:00,17.6,79,14.0,100,0,99,100,30.0,5.0,54.8,25.0,10.5,29.2,0.0,1004.0
2025-08-27 20:00:00+00:00,17.0,80,13.6,100,0,100,87,0.0,0.0,0.0,0.0,10.5,20.9,0.0,1004.3
2025-08-27 21:00:00+00:00,16.6,80,13.2,1,0,1,0,0.0,0.0,0.0,0.0,9.8,20.5,0.0,1004.2
2025-08-27 22:00:00+00:00,15.4,86,13.0,13,13,0,0,0.0,0.0,0.0,0.0,8.9,19.1,0.0,1004.2
2025-08-27 23:00:00+00:00,14.5,90,12.9,4,4,0,0,0.0,0.0,0.0,0.0,6.8,16.6,0.0,1004.1
2025-08-28 00:00:00+00:00,13.6,95,12.8,9,9,2,0,0.0,0.0,0.0,0.0,5.5,12.2,0.0,1004.0
2025-08-28 01:00:00+00:00,12.9,99,12.8,24,21,4,0,0.0,0.0,0.0,0.0,4.2,7.6,0.0,1004.3
2025-08-28 02:00:00+00:00,12.3,100,12.2,3,2,0,0,0.0,0.0,0.0,0.0,5.5,10.1,0.0,1004.2
2025-08-28 03:00:00+00:00,11.9,98,11.6,4,2,1,0,0.0,0.0,0.0,0.0,5.0,10.4,0.0,1004.2
2025-08-28 04:00:00+00:00,11.7,95,10.9,8,1,7,0,0.0,0.0,0.0,0.0,5.6,9.7,0.0,1003.9
2025-08-28 05:00:00+00:00,12.1,91,10.6,10,1,9,0,0.0,0.0,0.0,0.0,6.0,10.4,0.0,1003.7
2025-08-28 06:00:00+00:00,12.9,90,11.2,14,4,11,0,18.0,7.0,98.4,11.0,6.5,11.2,0.0,1003.6
2025-08-28 07:00:00+00:00,14.9,84,12.3,17,5,11,2,124.0,75.0,392.0,49.0,7.2,14.8,0.0,1003.8
2025-08-28 08:00:00+00:00,17.5,67,11.4,43,24,11,16,275.0,197.0,565.0,78.0,12.3,24.8,0.0,1003.5
2025-08-28 09:00:00+00:00,18.1,63,10.9,54,40,28,3,390.0,277.0,564.2,113.0,18.6,41.8,0.1,1003.3
2025-08-28 10:00:00+00:00,17.3,71,11.9,76,37,38,47,401.0,262.0,430.5,139.0,21.9,47.2,0.4,1003.2
2025-08-28 11:00:00+00:00,17.6,74,12.9,59,20,23,41,389.0,215.0,310.0,174.0,19.3,47.5,0.2,1002.8
2025-08-28 12:00:00+00:00,18.2,70,12.6,66,21,48,43,553.0,342.0,462.2,211.0,19.7,46.8,0.2,1002.6
2025-08-28 13:00:00+00:00,17.8,79,14.1,100,100,20,47,401.0,100.0,134.3,301.0,18.0,48.2,0.1,1002.6
2025-08-28 14:00:00+00:00,17.8,78,13.8,51,16,22,27,358.0,113.0,159.7,245.0,17.2,49.7,0.1,1002.2
2025-08-28 15:00:00+00:00,18.0,74,13.3,75,4,37,60,427.0,245.0,388.6,182.0,18.1,52.2,0.1,1001.8
2025-08-28 16:00:00+00:00,17.8,74,13.1,86,24,67,50,370.0,208.0,400.5,162.0,21.4,47.2,0.1,1001.2
2025-08-28 17:00:00+00:00,17.1,76,12.9,34,15,25,5,177.0,54.0,141.6,123.0,20.3,47.9,0.2,1001.0
2025-08-28 18:00:00+00:00,16.7,76,12.5,27,17,14,0,132.0,71.0,313.8,61.0,19.4,43.9,0.0,1001.0
2025-08-28 19:00:00+00:00,15.6,79,12.1,40,16,31,1,31.0,14.0,158.1,17.0,16.3,41.0,0.0,1001.0
2025-08-28 20:00:00+00:00,15.6,77,11.5,95,14,71,83,0.0,0.0,0.0,0.0,14.4,32.8,0.0,1000.7
2025-08-28 21:00:00+00:00,15.6,76,11.5,84,18,35,73,0.0,0.0,0.0,0.0,13.7,29.5,0.0,1000.3
2025-08-28 22:00:00+00:00,14.9,81,11.7,94,36,90,21,0.0,0.0,0.0,0.0,14.5,29.9,0.0,999.6
2025-08-28 23:00:00+00:00,15.0,82,12.0,100,47,100,90,0.0,0.0,0.0,0.0,15.4,30.6,0.0,998.8
2025-08-29 00:00:00+00:00,15.2,88,13.2,100,26,100,100,0.0,0.0,0.0,0.0,14.2,31.3,0.1,998.0
2025-08-29 01:00:00+00:00,14.8,88,12.8,100,30,100,99,0.0,0.0,0.0,0.0,11.8,29.2,0.2,997.4
2025-08-29 02:00:00+00:00,14.6,93,13.4,100,92,100,100,0.0,0.0,0.0,0.0,10.1,22.7,1.3,996.5
2025-08-29 03:00:00+00:00,14.2,96,13.7,100,100,100,100,0.0,0.0,0.0,0.0,9.7,26.6,5.1,995.7
2025-08-29 04:00:00+00:00,14.6,97,14.1,100,100,100,100,0.0,0.0,0.0,0.0,13.1,28.8,5.2,994.0
2025-08-29 05:00:00+00:00,15.1,95,14.4,99,4,13,99,0.0,0.0,0.0,0.0,14.1,30.6,1.1,992.7
2025-08-29 06:00:00+00:00,14.9,96,14.3,100,62,1,100,8.0,0.0,0.0,8.0,8.4,25.6,0.0,992.6
2025-08-29 07:00:00+00:00,15.4,95,14.6,100,59,0,100,64.0,4.0,21.3,60.0,11.7,22.7,0.0,992.6
2025-08-29 08:00:00+00:00,15.6,93,14.4,100,83,1,100,165.0,29.0,84.1,136.0,14.0,30.2,0.0,993.4
2025-08-29 09:00:00+00:00,16.4,83,13.6,99,52,62,93,281.0,74.0,151.9,207.0,16.0,36.4,0.0,994.4
2025-08-29 10:00:00+00:00,17.5,75,12.9,43,14,33,1,348.0,102.0,168.6,246.0,14.8,36.0,0.0,995.1
2025-08-29 11:00:00+00:00,18.6,67,12.4,33,26,9,0,533.0,350.0,507.4,183.0,15.2,35.3,0.1,995.3
2025-08-29 12:00:00+00:00,19.8,65,12.9,100,100,7,4,605.0,462.0,627.7,143.0,17.8,42.1,0.0,995.8
2025-08-29 13:00:00+00:00,18.7,71,13.3,77,8,33,70,533.0,376.0,507.8,157.0,19.4,54.4,0.8,997.2
2025-08-29 14:00:00+00:00,19.3,66,12.8,27,14,12,10,546.0,377.0,536.4,169.0,17.5,47.9,0.2,997.4
2025-08-29 15:00:00+00:00,20.1,65,13.4,38,18,17,11,547.0,412.0,658.4,135.0,19.7,45.7,0.1,997.8
2025-08-29 16:00:00+00:00,19.5,61,11.7,22,17,10,0,413.0,300.0,583.3,113.0,20.4,47.2,0.0,998.2
2025-08-29 17:00:00+00:00,18.7,65,12.1,40,18,14,17,278.0,193.0,513.0,85.0,19.3,44.6,0.0,998.5
2025-08-29 18:00:00+00:00,17.6,74,12.9,20,1,18,1,136.0,84.0,380.5,52.0,14.9,41.0,0.0,999.3
2025-08-29 19:00:00+00:00,16.5,79,12.9,4,3,1,0,30.0,14.0,163.1,16.0,13.2,31.3,0.0,1000.2
2025-08-29 20:00:00+00:00,15.7,82,12.6,10,1,9,0,0.0,0.0,0.0,0.0,13.1,26.6,0.0,1001.0
2025-08-29 21:00:00+00:00,15.1,84,12.6,5,1,5,0,0.0,0.0,0.0,0.0,12.6,26.3,0.0,1001.8
2025-08-29 22:00:00+00:00,14.6,87,12.4,8,1,8,0,0.0,0.0,0.0,0.0,11.6,24.8,0.0,1002.1
2025-08-29 23:00:00+00:00,13.9,90,12.3,12,0,12,0,0.0,0.0,0.0,0.0,11.1,22.3,0.0,1002.5
2025-08-30 00:00:00+00:00,13.4,92,12.1,12,1,11,1,0.0,0.0,0.0,0.0,11.6,22.3,0.0,1003.0
2025-08-30 01:00:00+00:00,13.1,93,11.9,85,1,3,85,0.0,0.0,0.0,0.0,11.4,22.0,0.0,1003.3
2025-08-30 02:00:00+00:00,12.9,93,11.8,14,1,6,8,0.0,0.0,0.0,0.0,11.0,21.2,0.0,1003.7
2025-08-30 03:00:00+00:00,12.7,94,11.7,1,0,1,0,0.0,0.0,0.0,0.0,10.3,20.9,0.0,1003.9
2025-08-30 04:00:00+00:00,12.5,95,11.6,11,0,0,11,0.0,0.0,0.0,0.0,10.2,19.4,0.0,1003.9
2025-08-30 05:00:00+00:00,12.3,95,11.6,4,0,0,4,0.0,0.0,0.0,0.0,9.3,18.7,0.0,1004.0
2025-08-30 06:00:00+00:00,12.8,95,12.0,17,5,0,13,16.0,6.0,89.2,10.0,10.2,18.7,0.0,1004.4
2025-08-30 07:00:00+00:00,14.7,90,13.1,25,22,4,0,125.0,77.0,419.5,48.0,7.7,18.7,0.0,1004.5
2025-08-30 08:00:00+00:00,17.1,80,13.6,48,33,15,9,253.0,172.0,504.3,81.0,9.8,20.9,0.0,1004.6
2025-08-30 09:00:00+00:00,18.4,70,12.8,99,81,97,8,401.0,280.0,579.1,121.0,17.2,38.9,0.1,1004.6
2025-08-30 10:00:00+00:00,17.8,74,13.1,100,91,100,21,209.0,16.0,26.6,193.0,20.4,44.3,0.0,1004.6
2025-08-30 11:00:00+00:00,17.5,81,14.1,100,99,88,4,148.0,4.0,5.8,144.0,20.0,45.4,0.0,1004.5
2025-08-30 12:00:00+00:00,18.1,78,14.2,100,100,100,0,270.0,24.0,32.8,246.0,25.5,54.0,0.0,1004.0
2025-08-30 13:00:00+00:00,19.0,76,14.6,100,100,89,0,398.0,152.0,206.5,246.0,24.4,58.7,0.1,1003.9
2025-08-30 14:00:00+00:00,18.4,81,15.1,100,100,100,0,152.0,8.0,11.5,144.0,21.4,53.3,0.1,1003.2
2025-08-30 15:00:00+00:00,17.9,86,15.6,100,100,100,32,62.0,1.0,1.6,61.0,23.2,46.4,0.7,1002.5
2025-08-30 16:00:00+00:00,18.0,89,16.1,100,100,88,25,51.0,0.0,0.0,51.0,24.4,48.2,0.6,1001.8
2025-08-30 17:00:00+00:00,18.1,92,16.9,100,100,100,0,52.0,0.0,0.0,52.0,26.9,52.6,1.1,1000.9
2025-08-30 18:00:00+00:00,18.0,94,17.1,100,100,100,0,15.0,0.0,0.0,15.0,26.9,52.2,1.5,1000.2
2025-08-30 19:00:00+00:00,18.2,94,17.2,100,100,9,0,4.0,0.0,0.0,4.0,28.9,58.0,1.1,1000.2
2025-08-30 20:00:00+00:00,18.0,94,17.0,100,100,21,0,0.0,0.0,0.0,0.0,25.3,55.1,0.1,1000.6
2025-08-30 21:00:00+00:00,17.5,95,16.7,18,18,1,0,0.0,0.0,0.0,0.0,19.2,47.5,0.1,1001.3
2025-08-30 22:00:00+00:00,16.4,95,15.6,12,5,10,0,0.0,0.0,0.0,0.0,15.9,37.4,0.0,1002.1
2025-08-30 23:00:00+00:00,15.5,93,14.4,12,5,11,0,0.0,0.0,0.0,0.0,14.5,31.0,0.0,1002.6
2025-08-31 00:00:00+00:00,15.1,93,13.9,2,1,2,0,0.0,0.0,0.0,0.0,13.9,28.1,0.0,1002.9
2025-08-31 01:00:00+00:00,14.2,91,12.8,36,0,0,36,0.0,0.0,0.0,0.0,14.7,29.5,0.0,1003.3
2025-08-31 02:00:00+00:00,13.9,90,12.3,99,2,2,99,0.0,0.0,0.0,0.0,13.2,28.1,0.0,1003.5
2025-08-31 03:00:00+00:00,14.2,88,12.2,23,2,5,18,0.0,0.0,0.0,0.0,14.1,27.0,0.0,1003.6
2025-08-31 04:00:00+00:00,14.2,89,12.4,20,5,10,9,0.0,0.0,0.0,0.0,15.0,28.8,0.0,1003.7
2025-08-31 05:00:00+00:00,14.2,89,12.4,12,5,10,0,0.0,0.0,0.0,0.0,14.8,29.5,0.0,1003.8
2025-08-31 06:00:00+00:00,14.6,87,12.4,51,19,40,0,13.0,5.0,76.6,8.0,14.4,28.8,0.0,1003.8
2025-08-31 07:00:00+00:00,15.6,82,12.6,55,30,38,0,95.0,44.0,245.0,51.0,15.7,31.7,0.0,1004.0
2025-08-31 08:00:00+00:00,16.7,78,12.9,70,23,64,1,229.0,131.0,388.5,98.0,18.0,37.8,0.0,1004.2
2025-08-31 09:00:00+00:00,16.4,78,12.5,61,28,48,0,269.0,134.0,279.3,135.0,17.8,45.0,0.2,1004.6
2025-08-31 10:00:00+00:00,18.1,72,12.9,65,44,37,0,452.0,287.0,480.5,165.0,20.0,45.4,0.1,1004.0
2025-08-31 11:00:00+00:00,16.9,72,11.9,54,32,37,0,459.0,242.0,354.9,217.0,23.6,53.3,0.7,1004.1
2025-08-31 12:00:00+00:00,18.2,72,13.1,74,63,17,16,545.0,358.0,491.9,187.0,21.7,51.8,0.1,1004.0
2025-08-31 13:00:00+00:00,18.7,67,12.6,39,17,33,0,635.0,500.0,683.2,135.0,25.6,54.0,0.6,1003.7
2025-08-31 14:00:00+00:00,18.5,68,12.4,25,6,22,0,530.0,381.0,549.2,149.0,23.7,58.0,0.2,1003.5
2025-08-31 15:00:00+00:00,18.6,68,12.5,42,14,37,1,503.0,395.0,641.1,108.0,24.9,55.4,1.2,1003.5
2025-08-31 16:00:00+00:00,18.1,65,11.4,32,9,27,0,348.0,252.0,499.8,96.0,24.2,55.4,0.0,1003.6
2025-08-31 17:00:00+00:00,17.5,71,12.1,16,14,7,0,248.0,165.0,451.4,83.0,20.4,52.2,0.0,1003.4
2025-08-31 18:00:00+00:00,17.0,71,11.9,11,7,4,0,135.0,84.0,400.7,51.0,18.5,43.6,0.0,1003.3
2025-08-31 19:00:00+00:00,16.0,76,11.8,7,5,3,0,26.0,12.0,149.4,14.0,16.1,38.5,0.0,1003.6
2025-08-31 20:00:00+00:00,15.8,77,11.6,17,12,9,0,0.0,0.0,0.0,0.0,16.1,33.1,0.0,1003.6
2025-08-31 21:00:00+00:00,15.6,76,11.4,25,16,14,0,0.0,0.0,0.0,0.0,16.3,32.8,0.0,1003.6
2025-08-31 22:00:00+00:00,15.6,76,11.4,17,11,9,0,0.0,0.0,0.0,0.0,15.9,32.8,0.0,1003.4
2025-08-31 23:00:00+00:00,15.6,76,11.4,13,8,8,0,0.0,0.0,0.0,0.0,16.8,33.8,0.0,1003.1
2025-09-01 00:00:00+00:00,15.4,77,11.4,26,15,14,0,0.0,0.0,0.0,0.0,17.1,34.6,0.0,1002.9
2025-09-01 01:00:00+00:00,15.4,78,11.5,23,16,10,0,0.0,0.0,0.0,0.0,17.6,36.7,0.0,1002.8
2025-09-01 02:00:00+00:00,15.4,78,11.4,47,19,35,1,0.0,0.0,0.0,0.0,19.2,38.9,0.0,1002.5
2025-09-01 03:00:00+00:00,15.1,78,11.3,42,24,21,5,0.0,0.0,0.0,0.0,17.1,39.2,0.1,1002.0
2025-09-01 04:00:00+00:00,15.1,80,11.7,59,31,27,19,0.0,0.0,0.0,0.0,17.5,34.9,0.0,1001.8
2025-09-01 05:00:00+00:00,14.8,83,11.9,96,38,33,90,0.0,0.0,0.0,0.0,18.0,36.0,0.2,1001.7
2025-09-01 06:00:00+00:00,14.6,84,11.9,89,76,48,29,8.0,1.0,15.8,7.0,16.8,35.6,0.1,1001.8
2025-09-01 07:00:00+00:00,14.1,91,12.8,89,33,43,74,73.0,22.0,125.2,51.0,17.7,38.5,0.6,1002.2
2025-09-01 08:00:00+00:00,15.1,88,13.2,90,45,21,80,173.0,63.0,189.0,110.0,17.9,37.4,0.1,1002.1
2025-09-01 09:00:00+00:00,16.1,82,13.1,77,39,36,45,278.0,142.0,298.4,136.0,19.5,45.7,0.1,1002.4
2025-09-01 10:00:00+00:00,16.8,78,12.9,52,21,32,17,410.0,282.0,475.2,128.0,20.8,46.8,0.3,1002.5
2025-09-01 11:00:00+00:00,17.9,74,13.1,71,9,25,63,541.0,358.0,528.1,183.0,19.5,45.4,0.2,1002.6
2025-09-01 12:00:00+00:00,18.6,70,13.1,97,10,39,95,623.0,412.0,569.3,211.0,19.2,46.8,0.1,1002.9
2025-09-01 13:00:00+00:00,18.5,75,14.0,51,4,6,47,465.0,305.0,419.2,160.0,17.2,45.4,1.6,1003.2
2025-09-01 14:00:00+00:00,18.5,70,13.0,30,16,27,0,610.0,455.0,660.2,155.0,18.2,49.7,0.3,1003.2
2025-09-01 15:00:00+00:00,19.1,60,11.3,17,9,11,1,494.0,371.0,607.0,123.0,18.5,43.6,0.1,1003.1
2025-09-01 16:00:00+00:00,18.6,61,11.1,45,24,25,4,422.0,324.0,649.3,98.0,19.1,41.8,0.0,1003.5
2025-09-01 17:00:00+00:00,17.3,71,12.0,30,0,24,7,224.0,133.0,369.3,91.0,15.4,41.8,0.1,1003.6
2025-09-01 18:00:00+00:00,16.5,78,12.6,39,26,18,1,131.0,78.0,382.2,53.0,13.9,33.1,0.0,1004.1
2025-09-01 19:00:00+00:00,15.6,82,12.4,29,3,26,14,21.0,8.0,103.2,13.0,10.2,28.1,0.0,1004.6
2025-09-01 20:00:00+00:00,15.1,83,12.1,37,5,28,12,0.0,0.0,0.0,0.0,11.7,23.0,0.0,1005.2
2025-09-01 21:00:00+00:00,14.5,86,12.1,21,7,11,8,0.0,0.0,0.0,0.0,12.5,24.1,0.0,1005.5
2025-09-01 22:00:00+00:00,14.1,87,11.9,6,0,6,0,0.0,0.0,0.0,0.0,11.3,24.8,0.0,1005.5
2025-09-01 23:00:00+00:00,13.7,88,11.8,44,0,4,41,0.0,0.0,0.0,0.0,10.6,22.0,0.0,1005.3
2025-09-02 00:00:00+00:00,13.6,89,11.8,55,7,6,49,0.0,0.0,0.0,0.0,11.2,21.2,0.0,1005.1
2025-09-02 01:00:00+00:00,13.8,90,12.2,17,6,12,0,0.0,0.0,0.0,0.0,11.5,21.6,0.0,1005.4
2025-09-02 02:00:00+00:00,13.4,92,12.1,27,6,25,0,0.0,0.0,0.0,0.0,11.3,23.0,0.0,1005.2
2025-09-02 03:00:00+00:00,13.4,90,11.9,31,13,23,0,0.0,0.0,0.0,0.0,10.3,20.9,0.0,1004.7
2025-09-02 04:00:00+00:00,13.4,88,11.4,14,13,1,1,0.0,0.0,0.0,0.0,8.1,18.7,0.0,1004.1
2025-09-02 05:00:00+00:00,13.4,87,11.3,100,28,75,100,0.0,0.0,0.0,0.0,10.8,19.8,0.0,1003.8
2025-09-02 06:00:00+00:00,13.9,85,11.5,100,41,49,100,7.0,0.0,0.0,7.0,11.0,19.4,0.0,1003.3
2025-09-02 07:00:00+00:00,14.1,85,11.7,100,71,100,59,46.0,3.0,17.5,43.0,12.1,24.5,1.4,1003.2
2025-09-02 08:00:00+00:00,14.6,88,12.8,100,41,100,0,76.0,10.0,30.3,66.0,10.8,22.3,0.2,1002.8
2025-09-02 09:00:00+00:00,15.0,87,12.8,60,7,58,0,78.0,0.0,0.0,78.0,13.2,24.8,0.2,1002.3
2025-09-02 10:00:00+00:00,17.1,79,13.4,97,33,96,0,459.0,302.0,512.3,157.0,21.2,43.6,0.1,1001.7
2025-09-02 11:00:00+00:00,16.1,84,13.4,100,72,100,0,174.0,22.0,32.6,152.0,23.7,46.4,0.7,1001.3
2025-09-02 12:00:00+00:00,15.1,95,14.2,100,100,88,0,110.0,1.0,1.4,109.0,18.9,47.5,2.8,1000.6
2025-09-02 13:00:00+00:00,17.2,82,14.1,60,49,20,3,338.0,128.0,177.0,210.0,13.9,34.9,0.4,1000.6
2025-09-02 14:00:00+00:00,19.0,72,13.8,66,42,43,4,551.0,384.0,561.0,167.0,16.5,36.4,0.2,1000.2
2025-09-02 15:00:00+00:00,18.7,72,13.6,91,48,10,82,386.0,228.0,376.0,158.0,19.6,41.8,0.2,999.9
2025-09-02 16:00:00+00:00,18.4,75,13.9,68,36,48,4,290.0,143.0,289.6,147.0,19.6,42.5,0.2,999.9
2025-09-02 17:00:00+00:00,18.3,77,14.2,58,57,4,1,240.0,152.0,428.5,88.0,18.3,42.1,0.0,999.8
2025-09-02 18:00:00+00:00,17.1,88,15.1,92,69,6,74,101.0,43.0,216.7,58.0,14.8,41.8,0.1,999.6
2025-09-02 19:00:00+00:00,16.7,91,15.2,69,40,0,48,15.0,2.0,26.8,13.0,13.5,29.9,0.0,999.7
2025-09-02 20:00:00+00:00,16.4,94,15.4,95,15,20,93,0.0,0.0,0.0,0.0,13.0,27.4,0.0,1000.0
2025-09-02 21:00:00+00:00,16.4,93,15.2,100,15,100,100,0.0,0.0,0.0,0.0,15.7,29.9,0.0,1000.5
2025-09-02 22:00:00+00:00,16.3,87,14.1,100,0,100,100,0.0,0.0,0.0,0.0,16.2,36.4,0.0,1000.9
2025-09-02 23:00:00+00:00,16.0,88,14.1,100,0,100,100,0.0,0.0,0.0,0.0,15.3,32.8,0.2,1000.7
2025-09-03 00:00:00+00:00,15.4,95,14.6,100,32,94,100,0.0,0.0,0.0,0.0,12.2,30.6,1.0,1000.2
2025-09-03 01:00:00+00:00,15.6,96,14.9,100,86,100,100,0.0,0.0,0.0,0.0,15.8,28.4,2.3,999.2
2025-09-03 02:00:00+00:00,15.6,97,15.1,100,100,100,100,0.0,0.0,0.0,0.0,19.9,46.8,2.5,997.3
2025-09-03 03:00:00+00:00,17.4,95,16.6,100,100,100,100,0.0,0.0,0.0,0.0,33.9,65.5,1.4,996.1
2025-09-03 04:00:00+00:00,17.7,95,16.9,100,79,100,44,0.0,0.0,0.0,0.0,34.1,69.8,0.4,995.8
2025-09-03 05:00:00+00:00,17.8,94,16.7,100,100,44,100,0.0,0.0,0.0,0.0,37.2,73.1,1.0,995.0
2025-09-03 06:00:00+00:00,17.8,92,16.5,100,100,98,100,3.0,0.0,0.0,3.0,37.3,79.2,0.8,994.5
2025-09-03 07:00:00+00:00,18.0,94,16.9,100,100,100,96,28.0,0.0,0.0,28.0,32.4,73.8,0.3,995.1
2025-09-03 08:00:00+00:00,17.5,96,16.9,100,100,100,100,46.0,2.0,6.1,44.0,29.5,63.4,1.5,995.6
2025-09-03 09:00:00+00:00,17.4,96,16.7,100,47,100,100,39.0,0.0,0.0,39.0,24.5,56.9,5.2,995.1
2025-09-03 10:00:00+00:00,17.8,94,16.8,100,96,33,100,45.0,0.0,0.0,45.0,33.6,61.6,1.8,995.0
2025-09-03 11:00:00+00:00,18.4,88,16.4,69,34,14,50,199.0,27.0,40.3,172.0,32.4,71.6,0.2,994.1
2025-09-03 12:00:00+00:00,17.2,85,14.7,96,78,52,76,480.0,320.0,447.4,160.0,38.3,78.1,4.0,994.0
2025-09-03 13:00:00+00:00,18.5,80,15.1,87,39,15,77,400.0,142.0,197.6,258.0,27.0,65.2,0.2,994.5
2025-09-03 14:00:00+00:00,19.4,80,15.9,30,22,14,0,565.0,384.0,564.9,181.0,28.8,64.4,0.6,994.9
2025-09-03 15:00:00+00:00,19.8,74,14.9,7,5,4,0,515.0,384.0,638.5,131.0,22.6,60.5,0.3,996.1
2025-09-03 16:00:00+00:00,19.9,69,14.0,24,8,19,0,422.0,331.0,677.4,91.0,24.3,52.2,0.0,997.3
2025-09-03 17:00:00+00:00,17.9,76,13.7,63,43,43,0,225.0,147.0,420.8,78.0,23.7,56.5,0.6,998.6
2025-09-03 18:00:00+00:00,17.3,81,14.1,28,8,23,0,97.0,47.0,243.7,50.0,19.4,47.9,0.0,999.6
2025-09-03 19:00:00+00:00,16.6,83,13.8,23,2,21,0,17.0,6.0,83.5,11.0,17.8,40.0,0.0,1000.7
2025-09-03 20:00:00+00:00,16.2,84,13.5,31,4,31,0,0.0,0.0,0.0,0.0,16.7,36.0,0.0,1001.5
2025-09-03 21:00:00+00:00,15.9,82,12.9,44,18,42,0,0.0,0.0,0.0,0.0,15.6,33.8,0.0,1002.6
2025-09-03 22:00:00+00:00,15.4,83,12.6,41,31,18,0,0.0,0.0,0.0,0.0,15.2,31.3,0.0,1003.4
2025-09-03 23:00:00+00:00,15.1,86,12.8,15,7,10,0,0.0,0.0,0.0,0.0,13.1,30.6,0.0,1004.0
2025-09-04 00:00:00+00:00,14.6,88,12.6,22,7,17,0,0.0,0.0,0.0,0.0,11.6,26.3,0.0,1004.5
2025-09-04 01:00:00+00:00,14.4,87,12.3,54,17,39,11,0.0,0.0,0.0,0.0,11.7,26.6,0.0,1004.6
2025-09-04 02:00:00+00:00,14.6,84,12.0,100,35,42,99,0.0,0.0,0.0,0.0,11.9,23.8,0.0,1004.4
2025-09-04 03:00:00+00:00,14.4,82,11.4,100,42,100,85,0.0,0.0,0.0,0.0,12.4,24.8,0.0,1003.9
2025-09-04 04:00:00+00:00,14.4,84,11.7,100,100,100,83,0.0,0.0,0.0,0.0,12.8,24.1,0.8,1003.8
2025-09-04 05:00:00+00:00,14.4,94,13.5,98,75,79,86,0.0,0.0,0.0,0.0,18.9,33.8,1.8,1003.1
2025-09-04 06:00:00+00:00,14.5,92,13.1,59,9,43,24,3.0,0.0,0.0,3.0,22.4,45.7,0.1,1003.1
2025-09-04 07:00:00+00:00,14.1,85,11.8,44,26,29,0,86.0,41.0,250.4,45.0,16.1,44.6,0.0,1003.4
2025-09-04 08:00:00+00:00,14.7,80,11.4,51,26,41,3,209.0,127.0,394.8,82.0,20.1,40.7,0.7,1003.7
2025-09-04 09:00:00+00:00,16.0,73,11.3,30,12,22,1,323.0,212.0,456.7,111.0,19.8,42.8,0.2,1003.8
2025-09-04 10:00:00+00:00,17.5,64,10.6,37,30,17,0,481.0,366.0,629.3,115.0,20.2,47.5,0.3,1003.8
2025-09-04 11:00:00+00:00,18.5,60,10.6,20,19,3,0,502.0,346.0,519.7,156.0,18.8,44.3,0.0,1004.0
2025-09-04 12:00:00+00:00,19.0,57,10.4,17,13,12,0,652.0,519.0,730.0,133.0,21.1,46.8,0.0,1005.0
2025-09-04 13:00:00+00:00,18.5,54,9.1,7,1,4,2,543.0,350.0,490.1,193.0,22.9,51.1,0.0,1006.9
2025-09-04 14:00:00+00:00,18.9,52,8.9,16,11,14,0,596.0,481.0,712.5,115.0,22.2,52.9,0.0,1007.7
2025-09-04 15:00:00+00:00,18.9,52,8.9,27,9,25,0,513.0,413.0,692.5,100.0,21.4,48.6,0.1,1008.2
2025-09-04 16:00:00+00:00,18.5,55,9.2,24,16,15,0,362.0,256.0,529.6,106.0,18.3,46.4,0.0,1008.9
2025-09-04 17:00:00+00:00,17.7,64,10.7,15,3,12,1,240.0,154.0,447.9,86.0,15.3,39.2,0.0,1009.7
2025-09-04 18:00:00+00:00,16.5,72,11.5,29,7,24,0,126.0,77.0,411.4,49.0,13.1,32.0,0.0,1010.5
2025-09-04 19:00:00+00:00,15.2,77,11.1,9,0,9,0,15.0,5.0,72.4,10.0,11.0,26.6,0.0,1011.5
2025-09-04 20:00:00+00:00,14.1,82,11.1,14,0,14,0,0.0,0.0,0.0,0.0,10.2,21.6,0.0,1012.7
2025-09-04 21:00:00+00:00,13.5,85,11.1,1,0,1,0,0.0,0.0,0.0,0.0,10.6,20.2,0.0,1013.5
2025-09-04 22:00:00+00:00,12.9,88,11.0,0,0,0,0,0.0,0.0,0.0,0.0,10.9,20.5,0.0,1014.2
2025-09-04 23:00:00+00:00,12.4,91,10.9,4,0,4,0,0.0,0.0,0.0,0.0,10.7,20.5,0.0,1014.8
2025-09-05 00:00:00+00:00,12.1,92,10.9,2,0,2,0,0.0,0.0,0.0,0.0,10.6,20.2,0.0,1015.4
2025-09-05 01:00:00+00:00,11.6,93,10.6,2,2,2,0,0.0,0.0,0.0,0.0,10.6,19.8,0.0,1015.9
2025-09-05 02:00:00+00:00,11.4,94,10.4,0,0,0,0,0.0,0.0,0.0,0.0,10.4,19.8,0.0,1016.2
2025-09-05 03:00:00+00:00,11.2,94,10.3,6,3,2,2,0.0,0.0,0.0,0.0,10.1,19.4,0.0,1016.7
2025-09-05 04:00:00+00:00,11.1,94,10.2,11,4,8,0,0.0,0.0,0.0,0.0,10.2,19.1,0.0,1017.2
2025-09-05 05:00:00+00:00,11.1,94,10.2,4,1,3,0,0.0,0.0,0.0,0.0,10.0,19.1,0.0,1018.1
2025-09-05 06:00:00+00:00,11.2,94,10.4,4,3,1,0,8.0,3.0,54.1,5.0,9.6,18.7,0.0,1019.0
2025-09-05 07:00:00+00:00,12.7,91,11.4,1,1,0,0,104.0,62.0,388.1,42.0,8.1,17.6,0.0,1019.4
2025-09-05 08:00:00+00:00,14.9,84,12.2,0,0,0,0,257.0,189.0,594.8,68.0,5.1,15.1,0.0,1020.1
2025-09-05 09:00:00+00:00,16.9,76,12.6,5,4,1,0,412.0,330.0,716.9,82.0,6.6,18.0,0.0,1020.6
2025-09-05 10:00:00+00:00,18.1,67,11.8,16,15,8,0,532.0,438.0,758.3,94.0,8.9,23.4,0.0,1021.0
2025-09-05 11:00:00+00:00,18.9,62,11.4,40,16,32,0,595.0,471.0,711.9,124.0,10.0,25.2,0.1,1021.0
2025-09-05 12:00:00+00:00,19.2,60,11.2,97,95,43,0,525.0,360.0,509.4,165.0,11.8,28.1,0.0,1021.3
2025-09-05 13:00:00+00:00,20.1,55,10.8,95,73,30,77,522.0,308.0,434.0,214.0,11.5,27.7,0.1,1021.5
2025-09-05 14:00:00+00:00,19.4,63,12.1,100,6,43,100,428.0,197.0,293.9,231.0,13.6,31.3,0.2,1021.5
2025-09-05 15:00:00+00:00,19.5,63,12.1,100,47,21,100,457.0,318.0,537.8,139.0,13.2,31.7,0.1,1021.4
2025-09-05 16:00:00+00:00,19.0,64,12.1,100,40,8,100,342.0,174.0,364.0,168.0,13.6,31.3,0.0,1021.6
2025-09-05 17:00:00+00:00,18.3,68,12.2,100,11,0,100,215.0,89.0,263.1,126.0,11.7,30.6,0.0,1021.7
2025-09-05 18:00:00+00:00,17.1,75,12.6,100,2,0,100,109.0,40.0,220.5,69.0,10.4,25.6,0.0,1021.7
2025-09-05 19:00:00+00:00,15.6,82,12.5,100,0,0,100,14.0,2.0,30.2,12.0,8.8,20.9,0.0,1022.2
2025-09-05 20:00:00+00:00,14.8,86,12.4,100,0,0,100,0.0,0.0,0.0,0.0,6.8,16.2,0.0,1022.3
2025-09-05 21:00:00+00:00,14.2,89,12.5,100,0,0,100,0.0,0.0,0.0,0.0,4.6,12.2,0.0,1022.5
2025-09-05 22:00:00+00:00,13.7,92,12.4,100,0,0,100,0.0,0.0,0.0,0.0,3.5,8.3,0.0,1022.3
2025-09-05 23:00:00+00:00,13.3,94,12.4,100,0,0,100,0.0,0.0,0.0,0.0,3.5,6.1,0.0,1022.3
2025-09-06 00:00:00+00:00,13.6,95,12.8,98,6,0,98,0.0,0.0,0.0,0.0,5.8,10.1,0.0,1022.4
2025-09-06 01:00:00+00:00,13.5,94,12.5,75,1,0,75,0.0,0.0,0.0,0.0,6.9,12.2,0.0,1021.9
2025-09-06 02:00:00+00:00,13.5,93,12.4,100,1,0,100,0.0,0.0,0.0,0.0,7.8,13.7,0.0,1021.5
2025-09-06 03:00:00+00:00,13.8,93,12.6,96,3,3,96,0.0,0.0,0.0,0.0,8.4,15.1,0.0,1021.0
2025-09-06 04:00:00+00:00,13.8,92,12.6,100,6,0,100,0.0,0.0,0.0,0.0,9.4,16.2,0.0,1020.4
2025-09-06 05:00:00+00:00,14.1,93,13.0,99,11,0,99,0.0,0.0,0.0,0.0,10.4,19.1,0.0,1020.1
2025-09-06 06:00:00+00:00,14.6,93,13.6,100,8,1,100,6.0,0.0,0.0,6.0,10.7,19.4,0.0,1020.0
2025-09-06 07:00:00+00:00,15.9,89,14.1,100,3,0,100,80.0,19.0,122.0,61.0,11.6,22.0,0.0,1019.8
2025-09-06 08:00:00+00:00,17.5,85,14.9,98,0,17,98,205.0,80.0,254.9,125.0,12.1,24.8,0.0,1019.2
2025-09-06 09:00:00+00:00,18.6,78,14.6,70,0,0,70,372.0,232.0,508.4,140.0,15.5,34.9,0.0,1018.7
2025-09-06 10:00:00+00:00,19.5,72,14.2,22,0,0,22,541.0,445.0,775.9,96.0,17.2,38.9,0.0,1018.6
2025-09-06 11:00:00+00:00,20.0,66,13.4,97,0,0,97,637.0,536.0,815.3,101.0,19.2,43.6,0.0,1017.9
2025-09-06 12:00:00+00:00,20.0,60,12.1,84,0,0,84,671.0,530.0,754.7,141.0,20.8,46.8,0.0,1017.6
2025-09-06 13:00:00+00:00,20.9,54,11.2,99,0,0,99,691.0,569.0,807.1,122.0,21.4,48.2,0.0,1016.3
2025-09-06 14:00:00+00:00,20.8,54,11.2,98,0,0,98,636.0,500.0,751.4,136.0,22.5,49.7,0.0,1015.3
2025-09-06 15:00:00+00:00,20.4,58,11.8,66,0,0,66,526.0,368.0,627.8,158.0,22.5,50.8,0.0,1014.3
2025-09-06 16:00:00+00:00,20.2,62,12.8,62,0,0,62,434.0,349.0,738.4,85.0,20.5,49.0,0.0,1013.7
2025-09-06 17:00:00+00:00,19.8,68,13.6,48,0,0,48,284.0,219.0,658.4,65.0,19.2,43.9,0.0,1013.2
2025-09-06 18:00:00+00:00,19.1,70,13.5,1,0,0,1,123.0,77.0,438.5,46.0,20.4,43.2,0.0,1012.5
2025-09-06 19:00:00+00:00,18.8,72,13.6,2,0,0,2,14.0,6.0,94.8,8.0,19.7,41.4,0.0,1012.5
2025-09-06 20:00:00+00:00,19.0,72,13.8,1,0,0,1,0.0,0.0,0.0,0.0,21.5,43.6,0.0,1011.7
2025-09-06 21:00:00+00:00,19.1,71,13.8,34,0,0,34,0.0,0.0,0.0,0.0,21.2,43.9,0.0,1011.3
2025-09-06 22:00:00+00:00,19.0,72,13.8,29,0,0,29,0.0,0.0,0.0,0.0,19.7,42.8,0.0,1011.1
2025-09-06 23:00:00+00:00,18.6,74,13.9,85,0,0,85,0.0,0.0,0.0,0.0,19.2,40.0,0.0,1010.8
2025-09-07 00:00:00+00:00,18.5,75,13.9,65,0,0,65,0.0,0.0,0.0,0.0,17.8,38.5,0.0,1010.3
2025-09-07 01:00:00+00:00,18.1,75,13.6,47,0,0,47,0.0,0.0,0.0,0.0,15.3,34.6,0.0,1009.7
2025-09-07 02:00:00+00:00,17.7,78,13.9,98,0,0,98,0.0,0.0,0.0,0.0,14.1,29.9,0.0,1009.4
2025-09-07 03:00:00+00:00,17.4,81,14.1,100,0,0,100,0.0,0.0,0.0,0.0,14.0,28.4,0.0,1008.9
2025-09-07 04:00:00+00:00,17.2,83,14.2,98,0,0,98,0.0,0.0,0.0,0.0,14.6,27.7,0.0,1008.3
2025-09-07 05:00:00+00:00,17.2,83,14.4,100,0,0,100,0.0,0.0,0.0,0.0,14.3,29.5,0.0,1008.0
2025-09-07 06:00:00+00:00,17.2,85,14.6,100,0,100,100,6.0,0.0,0.0,6.0,13.9,27.0,0.0,1008.0
2025-09-07 07:00:00+00:00,18.1,83,15.2,84,0,19,80,44.0,6.0,39.6,38.0,12.1,27.4,0.0,1008.0
2025-09-07 08:00:00+00:00,19.6,80,16.0,79,0,15,76,222.0,130.0,419.6,92.0,14.8,30.2,0.0,1006.8
2025-09-07 09:00:00+00:00,20.6,76,16.1,97,0,45,95,382.0,284.0,627.9,98.0,15.8,35.6,0.0,1006.6
2025-09-07 10:00:00+00:00,21.0,75,16.4,94,0,29,92,373.0,219.0,384.6,154.0,12.6,35.6,0.0,1006.7
2025-09-07 11:00:00+00:00,22.0,71,16.5,100,4,11,100,560.0,389.0,595.6,171.0,11.4,31.3,0.0,1006.4
2025-09-07 12:00:00+00:00,22.3,70,16.5,100,0,10,100,477.0,194.0,278.0,283.0,15.2,35.3,0.0,1005.5
2025-09-07 13:00:00+00:00,22.6,64,15.6,100,3,100,100,441.0,152.0,217.1,289.0,19.1,42.5,0.0,1006.6
2025-09-07 14:00:00+00:00,21.3,73,16.3,100,49,100,100,248.0,25.0,37.9,223.0,21.4,46.1,0.0,1006.8
2025-09-07 15:00:00+00:00,20.5,79,16.6,100,100,100,100,226.0,22.0,37.9,204.0,21.7,46.1,0.0,1007.4
2025-09-07 16:00:00+00:00,19.4,84,16.6,100,28,2,100,87.0,0.0,0.0,87.0,18.0,46.1,0.0,1008.0
2025-09-07 17:00:00+00:00,19.1,83,16.0,14,11,3,0,212.0,118.0,361.0,94.0,17.9,41.0,0.0,1008.7
2025-09-07 18:00:00+00:00,17.8,83,14.9,4,4,0,0,110.0,63.0,371.2,47.0,17.6,41.0,0.0,1009.3
2025-09-07 19:00:00+00:00,16.5,88,14.6,10,9,1,0,11.0,4.0,66.3,7.0,15.5,36.7,0.0,1010.8
2025-09-07 20:00:00+00:00,16.0,90,14.3,9,2,3,4,0.0,0.0,0.0,0.0,14.5,31.7,0.0,1011.5
2025-09-07 21:00:00+00:00,15.5,91,14.1,15,6,9,0,0.0,0.0,0.0,0.0,13.3,29.5,0.0,1012.0
2025-09-07 22:00:00+00:00,15.2,92,13.9,9,3,6,0,0.0,0.0,0.0,0.0,11.5,26.3,0.0,1012.5
2025-09-07 23:00:00+00:00,14.8,92,13.4,20,7,14,0,0.0,0.0,0.0,0.0,9.7,22.7,0.0,1013.0
2025-09-08 00:00:00+00:00,14.4,93,13.3,21,15,8,0,0.0,0.0,0.0,0.0,8.9,19.1,0.0,1013.3
2025-09-08 01:00:00+00:00,14.4,90,12.7,15,12,9,0,0.0,0.0,0.0,0.0,9.5,18.4,0.0,1013.6
2025-09-08 02:00:00+00:00,14.1,91,12.6,6,3,3,0,0.0,0.0,0.0,0.0,10.0,19.4,0.0,1013.8
2025-09-08 03:00:00+00:00,13.5,91,12.0,3,2,3,0,0.0,0.0,0.0,0.0,10.0,19.4,0.0,1014.0
2025-09-08 04:00:00+00:00,12.9,92,11.5,2,2,0,0,0.0,0.0,0.0,0.0,9.3,19.1,0.0,1014.3
2025-09-08 05:00:00+00:00,12.4,92,11.2,3,3,0,0,0.0,0.0,0.0,0.0,9.1,17.3,0.0,1014.9
2025-09-08 06:00:00+00:00,12.2,92,11.0,6,5,2,0,6.0,2.0,40.5,4.0,8.9,16.9,0.0,1015.3
2025-09-08 07:00:00+00:00,13.6,88,11.6,5,5,1,0,97.0,57.0,386.2,40.0,8.0,16.9,0.0,1016.0
2025-09-08 08:00:00+00:00,15.8,75,11.4,14,8,9,0,245.0,178.0,582.2,67.0,8.8,19.4,0.0,1016.3
2025-09-08 09:00:00+00:00,16.9,65,10.3,12,10,5,0,381.0,293.0,653.7,88.0,14.5,33.1,0.0,1016.6
2025-09-08 10:00:00+00:00,17.6,61,10.1,16,11,7,0,499.0,399.0,705.9,100.0,15.4,35.3,0.0,1016.9
2025-09-08 11:00:00+00:00,18.0,60,10.0,19,9,13,0,591.0,472.0,727.5,119.0,17.0,39.2,0.1,1016.8
2025-09-08 12:00:00+00:00,18.2,58,9.9,17,10,9,0,613.0,482.0,695.3,131.0,16.6,39.6,0.0,1016.9
2025-09-08 13:00:00+00:00,18.9,54,9.4,16,5,13,0,637.0,528.0,759.2,109.0,14.5,37.4,0.0,1017.2
2025-09-08 14:00:00+00:00,18.5,55,9.4,28,8,14,11,585.0,466.0,711.0,119.0,17.1,38.9,0.0,1017.1
2025-09-08 15:00:00+00:00,18.5,56,9.6,11,2,10,0,509.0,401.0,696.7,108.0,17.6,40.3,0.1,1017.1
2025-09-08 16:00:00+00:00,18.0,57,9.2,10,5,8,0,393.0,305.0,660.7,88.0,16.6,40.0,0.0,1017.1
2025-09-08 17:00:00+00:00,17.2,61,9.6,11,5,9,0,251.0,182.0,566.8,69.0,13.7,36.7,0.0,1017.0
2025-09-08 18:00:00+00:00,16.1,70,10.6,1,1,0,0,108.0,65.0,396.9,43.0,8.5,29.5,0.0,1017.0
2025-09-08 19:00:00+00:00,14.4,79,10.9,0,0,0,0,10.0,3.0,52.3,7.0,9.6,17.6,0.0,1017.6
2025-09-08 20:00:00+00:00,13.8,83,10.9,0,0,0,0,0.0,0.0,0.0,0.0,10.2,19.8,0.0,1018.1
2025-09-08 21:00:00+00:00,13.3,86,10.9,1,1,0,0,0.0,0.0,0.0,0.0,8.8,19.1,0.0,1017.9
2025-09-08 22:00:00+00:00,13.0,88,11.0,3,3,1,0,0.0,0.0,0.0,0.0,8.3,15.8,0.0,1017.8
2025-09-08 23:00:00+00:00,12.8,89,10.9,8,8,1,0,0.0,0.0,0.0,0.0,7.3,15.1,0.0,1017.5
2025-09-09 00:00:00+00:00,12.6,88,10.8,12,11,0,0,0.0,0.0,0.0,0.0,6.6,13.0,0.0,1017.2
2025-09-09 01:00:00+00:00,11.6,89,9.8,18,15,6,0,0.0,0.0,0.0,0.0,4.8,8.6,0.0,1017.2
2025-09-09 02:00:00+00:00,12.2,87,10.1,28,20,13,0,0.0,0.0,0.0,0.0,5.7,10.1,0.0,1016.8
2025-09-09 03:00:00+00:00,12.3,87,10.2,33,30,10,0,0.0,0.0,0.0,0.0,5.9,10.8,0.0,1016.6
2025-09-09 04:00:00+00:00,12.4,86,10.1,50,14,21,30,0.0,0.0,0.0,0.0,5.8,10.4,0.0,1016.3
2025-09-09 05:00:00+00:00,12.4,87,10.2,41,33,13,4,0.0,0.0,0.0,0.0,5.4,11.5,0.0,1016.1
2025-09-09 06:00:00+00:00,12.7,86,10.4,29,24,9,0,4.0,1.0,21.1,3.0,5.4,9.7,0.0,1016.1
2025-09-09 07:00:00+00:00,14.0,82,11.1,42,20,30,0,81.0,43.0,299.7,38.0,8.3,15.1,0.1,1016.3
2025-09-09 08:00:00+00:00,15.9,76,11.8,27,18,15,0,195.0,118.0,391.1,77.0,8.4,17.6,0.1,1016.2
2025-09-09 09:00:00+00:00,16.7,70,11.1,26,19,13,0,337.0,234.0,526.9,103.0,14.3,33.8,0.0,1015.9
2025-09-09 10:00:00+00:00,17.0,65,10.4,45,20,33,5,467.0,344.0,613.1,123.0,16.5,38.5,0.1,1015.7
2025-09-09 11:00:00+00:00,17.4,63,10.2,100,19,19,100,463.0,304.0,471.7,159.0,16.7,37.8,0.1,1015.3
2025-09-09 12:00:00+00:00,18.0,61,10.4,100,10,10,100,514.0,264.0,383.3,250.0,18.0,41.0,0.1,1014.8
2025-09-09 13:00:00+00:00,18.5,52,8.5,100,14,75,100,499.0,251.0,363.4,248.0,18.3,41.0,0.2,1014.8
2025-09-09 14:00:00+00:00,18.0,57,9.4,100,19,100,99,393.0,136.0,209.1,257.0,16.4,41.4,0.0,1014.5
2025-09-09 15:00:00+00:00,17.5,64,10.6,100,1,100,10,224.0,22.0,38.6,202.0,12.1,36.4,0.4,1014.0
2025-09-09 16:00:00+00:00,17.3,65,10.6,100,0,100,0,125.0,11.0,24.1,114.0,9.9,26.6,0.0,1013.4
2025-09-09 17:00:00+00:00,16.7,68,10.8,100,0,100,0,51.0,3.0,9.5,48.0,9.4,20.9,0.0,1012.7
2025-09-09 18:00:00+00:00,16.5,71,11.2,9,1,9,0,48.0,0.0,0.0,48.0,10.7,21.6,0.0,1012.2
2025-09-09 19:00:00+00:00,15.1,78,11.3,97,2,67,94,7.0,2.0,36.8,5.0,11.4,22.0,0.0,1011.8
2025-09-09 20:00:00+00:00,15.2,75,10.8,100,0,95,94,0.0,0.0,0.0,0.0,11.7,23.0,0.0,1011.5
2025-09-09 21:00:00+00:00,15.4,73,10.7,100,8,94,94,0.0,0.0,0.0,0.0,11.5,23.4,0.0,1011.3
2025-09-09 22:00:00+00:00,15.4,75,10.9,100,11,97,86,0.0,0.0,0.0,0.0,11.1,23.0,0.3,1010.5
2025-09-09 23:00:00+00:00,15.4,74,10.7,92,24,53,78,0.0,0.0,0.0,0.0,13.8,25.6,0.1,1009.5
2025-09-10 00:00:00+00:00,15.1,75,10.8,84,15,64,58,0.0,0.0,0.0,0.0,14.2,28.1,0.1,1008.7
2025-09-10 01:00:00+00:00,14.9,84,12.4,28,4,10,19,0.0,0.0,0.0,0.0,13.8,31.3,0.2,1007.4
2025-09-10 02:00:00+00:00,14.2,89,12.5,98,31,83,86,0.0,0.0,0.0,0.0,14.3,27.0,1.8,1006.5
2025-09-10 03:00:00+00:00,13.9,92,12.6,100,100,100,85,0.0,0.0,0.0,0.0,16.9,35.6,3.3,1005.6
2025-09-10 04:00:00+00:00,13.9,95,13.1,100,97,100,93,0.0,0.0,0.0,0.0,20.6,40.0,1.8,1004.9
2025-09-10 05:00:00+00:00,13.9,94,12.9,79,27,71,3,0.0,0.0,0.0,0.0,14.4,38.2,0.5,1004.1
2025-09-10 06:00:00+00:00,13.5,96,12.9,51,14,24,25,3.0,0.0,0.0,3.0,9.2,25.6,0.1,1003.6
2025-09-10 07:00:00+00:00,14.2,94,13.2,100,16,13,100,78.0,37.0,265.5,41.0,10.0,18.7,0.0,1003.0
2025-09-10 08:00:00+00:00,15.4,92,14.0,100,36,23,100,148.0,33.0,110.9,115.0,8.5,18.0,0.0,1002.9
2025-09-10 09:00:00+00:00,15.1,85,12.6,88,63,74,0,207.0,30.0,68.2,177.0,15.7,31.7,0.4,1002.7
2025-09-10 10:00:00+00:00,15.6,88,13.8,99,55,99,0,309.0,139.0,249.6,170.0,11.3,32.8,1.0,1002.5
2025-09-10 11:00:00+00:00,15.8,85,13.4,100,100,97,0,235.0,19.0,29.7,216.0,13.5,33.8,0.4,1002.2
2025-09-10 12:00:00+00:00,15.5,86,13.2,100,69,100,39,210.0,8.0,11.7,202.0,18.2,37.4,2.1,1001.4
2025-09-10 13:00:00+00:00,15.8,89,14.0,100,22,100,12,150.0,15.0,21.9,135.0,14.0,30.2,0.5,1000.9
2025-09-10 14:00:00+00:00,16.3,84,13.6,100,22,100,0,187.0,10.0,15.5,177.0,12.6,30.6,0.1,1000.6
2025-09-10 15:00:00+00:00,16.0,85,13.4,89,37,84,0,160.0,1.0,1.8,159.0,16.3,34.6,0.1,999.9
2025-09-10 16:00:00+00:00,15.8,86,13.6,92,85,76,2,177.0,50.0,111.0,127.0,19.4,44.6,0.8,999.4
2025-09-10 17:00:00+00:00,16.3,88,14.4,50,30,41,0,106.0,25.0,80.8,81.0,16.9,37.8,0.0,998.7
2025-09-10 18:00:00+00:00,15.9,90,14.3,24,20,11,0,76.0,35.0,230.7,41.0,15.9,35.3,0.1,998.5
2025-09-10 19:00:00+00:00,15.2,90,13.6,30,17,19,0,6.0,2.0,39.0,4.0,17.0,33.5,0.0,999.5
2025-09-10 20:00:00+00:00,14.6,89,12.8,5,4,2,0,0.0,0.0,0.0,0.0,18.1,36.0,0.0,1000.3
2025-09-10 21:00:00+00:00,13.8,90,12.2,4,4,0,0,0.0,0.0,0.0,0.0,18.0,36.7,0.0,1001.1
2025-09-10 22:00:00+00:00,13.2,90,11.6,6,1,5,0,0.0,0.0,0.0,0.0,16.7,36.0,0.0,1001.8
2025-09-10 23:00:00+00:00,12.7,89,11.0,7,4,5,0,0.0,0.0,0.0,0.0,16.4,33.5,0.0,1002.2
2025-09-11 00:00:00+00:00,12.4,89,10.7,1,1,0,0,0.0,0.0,0.0,0.0,15.7,32.4,0.0,1002.8
2025-09-11 01:00:00+00:00,12.3,88,10.4,6,2,5,0,0.0,0.0,0.0,0.0,15.2,31.3,0.0,1002.8
2025-09-11 02:00:00+00:00,12.1,88,10.2,2,1,1,0,0.0,0.0,0.0,0.0,14.0,30.2,0.0,1002.8
2025-09-11 03:00:00+00:00,12.0,89,10.2,18,3,18,0,0.0,0.0,0.0,0.0,14.3,27.7,0.0,1002.8
2025-09-11 04:00:00+00:00,12.1,87,10.1,67,0,66,13,0.0,0.0,0.0,0.0,13.9,28.1,0.0,1002.8
2025-09-11 05:00:00+00:00,12.4,84,9.8,67,1,67,0,0.0,0.0,0.0,0.0,12.6,27.0,0.0,1002.6
2025-09-11 06:00:00+00:00,12.6,83,9.9,12,3,10,0,3.0,1.0,23.2,2.0,14.5,28.4,0.0,1003.0
2025-09-11 07:00:00+00:00,13.9,79,10.4,8,2,7,0,85.0,48.0,355.0,37.0,15.4,31.0,0.0,1003.4
2025-09-11 08:00:00+00:00,14.3,76,10.1,18,5,15,0,232.0,168.0,572.5,64.0,15.6,34.6,0.1,1003.6
2025-09-11 09:00:00+00:00,15.8,66,9.4,10,6,7,0,344.0,248.0,569.1,96.0,18.4,40.0,0.0,1003.7
2025-09-11 10:00:00+00:00,16.6,60,8.9,9,7,4,0,496.0,402.0,727.6,94.0,20.5,45.0,0.0,1003.7
2025-09-11 11:00:00+00:00,17.2,58,8.9,21,14,16,0,602.0,504.0,793.0,98.0,23.2,56.9,0.0,1003.7
2025-09-11 12:00:00+00:00,17.0,62,9.6,67,11,48,51,600.0,479.0,705.1,121.0,25.9,55.8,1.4,1004.0
2025-09-11 13:00:00+00:00,16.9,58,8.6,24,8,21,0,575.0,449.0,659.5,126.0,25.1,58.3,0.0,1004.2
2025-09-11 14:00:00+00:00,16.8,55,7.8,15,8,13,0,521.0,387.0,604.8,134.0,22.5,55.8,0.1,1004.4
2025-09-11 15:00:00+00:00,17.0,49,6.3,43,29,37,0,497.0,391.0,699.1,106.0,26.1,56.2,0.0,1004.7
2025-09-11 16:00:00+00:00,16.0,58,7.8,42,21,37,0,301.0,206.0,463.4,95.0,21.5,56.2,0.0,1005.1
2025-09-11 17:00:00+00:00,15.2,63,8.1,37,21,22,0,215.0,141.0,464.7,74.0,18.3,50.0,0.0,1005.6
2025-09-11 18:00:00+00:00,14.3,67,8.4,18,3,16,0,84.0,43.0,295.4,41.0,17.2,38.2,0.0,1005.8
2025-09-11 19:00:00+00:00,13.1,73,8.4,10,1,9,1,5.0,1.0,20.7,4.0,14.9,35.6,0.0,1006.3
2025-09-11 20:00:00+00:00,12.6,76,8.4,16,5,13,0,0.0,0.0,0.0,0.0,15.2,30.6,0.0,1006.5
2025-09-11 21:00:00+00:00,12.4,77,8.5,15,6,12,5,0.0,0.0,0.0,0.0,16.3,32.8,0.0,1006.7
2025-09-11 22:00:00+00:00,11.9,79,8.4,4,1,2,2,0.0,0.0,0.0,0.0,16.5,33.5,0.0,1006.9
2025-09-11 23:00:00+00:00,11.6,79,8.1,27,9,5,18,0.0,0.0,0.0,0.0,17.3,34.9,0.0,1007.0
2025-09-12 00:00:00+00:00,11.6,80,8.4,18,3,9,11,0.0,0.0,0.0,0.0,17.9,36.4,0.0,1007.3
2025-09-12 01:00:00+00:00,11.7,82,8.8,9,1,8,1,0.0,0.0,0.0,0.0,15.6,35.3,0.0,1007.8
2025-09-12 02:00:00+00:00,11.2,82,8.4,12,3,7,3,0.0,0.0,0.0,0.0,16.7,33.5,0.0,1008.1
2025-09-12 03:00:00+00:00,11.0,84,8.4,9,3,9,0,0.0,0.0,0.0,0.0,15.8,33.5,0.0,1008.7
2025-09-12 04:00:00+00:00,10.9,85,8.5,4,1,3,0,0.0,0.0,0.0,0.0,15.1,31.3,0.0,1009.2
2025-09-12 05:00:00+00:00,10.8,87,8.7,7,3,6,0,0.0,0.0,0.0,0.0,14.4,29.9,0.0,1009.7
2025-09-12 06:00:00+00:00,11.0,87,8.9,3,0,3,1,3.0,1.0,24.3,2.0,13.5,28.1,0.0,1010.0
2025-09-12 07:00:00+00:00,12.2,81,9.0,3,1,2,0,83.0,47.0,358.7,36.0,13.6,28.1,0.0,1010.5
2025-09-12 08:00:00+00:00,14.0,73,9.3,7,0,5,3,232.0,167.0,577.2,65.0,13.7,30.2,0.0,1010.9
2025-09-12 09:00:00+00:00,15.3,67,9.3,11,10,4,0,380.0,298.0,690.5,82.0,17.5,38.5,0.0,1011.1
2025-09-12 10:00:00+00:00,16.5,62,9.1,12,11,5,0,486.0,389.0,709.6,97.0,19.4,50.0,0.0,1011.5
2025-09-12 11:00:00+00:00,17.2,61,9.5,22,17,11,1,585.0,475.0,752.7,110.0,20.9,50.8,0.0,1011.3
2025-09-12 12:00:00+00:00,17.2,63,10.0,46,21,30,4,614.0,498.0,738.2,116.0,22.5,54.7,0.0,1011.5
2025-09-12 13:00:00+00:00,17.2,56,8.4,29,5,27,0,540.0,383.0,566.7,157.0,22.7,51.8,0.1,1011.8
2025-09-12 14:00:00+00:00,16.2,65,9.7,35,12,29,4,531.0,406.0,639.8,125.0,21.9,53.3,0.8,1012.0
2025-09-12 15:00:00+00:00,16.7,57,8.1,30,8,24,9,423.0,301.0,543.6,122.0,22.2,51.1,0.0,1011.8
2025-09-12 16:00:00+00:00,16.3,59,8.2,49,7,47,0,378.0,289.0,658.7,89.0,23.0,50.4,0.0,1011.7
2025-09-12 17:00:00+00:00,15.6,64,8.7,13,1,13,0,171.0,96.0,322.8,75.0,17.6,49.0,0.0,1011.7
2025-09-12 18:00:00+00:00,14.6,67,8.6,100,2,94,100,86.0,48.0,344.2,38.0,15.9,37.1,0.0,1011.9
2025-09-12 19:00:00+00:00,13.9,69,8.4,100,10,65,100,3.0,0.0,0.0,3.0,15.8,35.3,0.0,1011.9
2025-09-12 20:00:00+00:00,13.2,76,9.1,92,18,90,1,0.0,0.0,0.0,0.0,14.5,31.7,0.0,1011.9
2025-09-12 21:00:00+00:00,12.8,81,9.6,80,7,59,72,0.0,0.0,0.0,0.0,14.8,33.1,0.2,1012.0
2025-09-12 22:00:00+00:00,12.3,84,9.6,73,2,55,43,0.0,0.0,0.0,0.0,13.6,29.5,0.1,1011.3
2025-09-12 23:00:00+00:00,11.8,88,9.9,57,17,41,22,0.0,0.0,0.0,0.0,12.9,26.6,0.2,1010.9
2025-09-13 00:00:00+00:00,11.9,90,10.2,63,37,32,21,0.0,0.0,0.0,0.0,13.8,28.4,0.0,1010.2
2025-09-13 01:00:00+00:00,12.3,89,10.6,67,26,49,24,0.0,0.0,0.0,0.0,18.2,34.6,0.1,1009.8
2025-09-13 02:00:00+00:00,11.7,90,10.1,73,27,41,49,0.0,0.0,0.0,0.0,17.1,38.9,0.3,1009.3
2025-09-13 03:00:00+00:00,11.9,92,10.6,82,44,39,61,0.0,0.0,0.0,0.0,15.9,32.8,0.4,1009.2
2025-09-13 04:00:00+00:00,11.6,95,10.9,85,37,74,23,0.0,0.0,0.0,0.0,16.8,36.0,0.1,1009.0
2025-09-13 05:00:00+00:00,11.6,95,10.7,55,12,18,42,0.0,0.0,0.0,0.0,15.6,32.8,0.0,1008.6
2025-09-13 06:00:00+00:00,11.4,95,10.6,87,27,37,79,2.0,0.0,0.0,2.0,13.9,29.9,0.0,1008.6
2025-09-13 07:00:00+00:00,12.2,92,10.9,27,6,9,18,48.0,7.0,55.2,41.0,13.3,27.4,0.1,1008.4
2025-09-13 08:00:00+00:00,13.4,85,11.0,39,33,11,4,199.0,117.0,410.3,82.0,13.4,33.1,0.1,1008.5
2025-09-13 09:00:00+00:00,14.4,84,11.8,14,13,1,1,302.0,197.0,461.0,105.0,12.7,32.0,0.1,1008.4
2025-09-13 10:00:00+00:00,16.0,73,11.2,29,15,17,0,482.0,371.0,682.3,111.0,14.8,41.0,0.1,1008.1
2025-09-13 11:00:00+00:00,16.7,64,9.9,14,4,12,0,556.0,428.0,683.2,128.0,18.5,45.0,0.1,1008.2
2025-09-13 12:00:00+00:00,17.1,59,9.1,21,5,17,0,607.0,488.0,728.6,119.0,20.2,49.3,0.2,1008.5
2025-09-13 13:00:00+00:00,16.7,59,8.8,40,15,30,0,543.0,403.0,600.8,140.0,19.7,47.5,0.1,1008.4
2025-09-13 14:00:00+00:00,16.9,57,8.4,26,8,23,0,495.0,336.0,534.0,159.0,17.5,47.2,0.1,1008.5
2025-09-13 15:00:00+00:00,16.9,56,7.9,19,9,14,0,448.0,338.0,616.6,110.0,16.6,39.2,0.0,1008.4
2025-09-13 16:00:00+00:00,16.5,57,7.9,15,8,11,0,350.0,265.0,612.1,85.0,17.7,38.2,0.1,1008.6
2025-09-13 17:00:00+00:00,15.8,61,8.3,10,5,7,0,221.0,153.0,525.0,68.0,14.0,39.6,0.1,1009.1
2025-09-13 18:00:00+00:00,14.6,65,8.1,10,8,7,0,83.0,47.0,352.7,36.0,11.8,29.2,0.0,1009.8
2025-09-13 19:00:00+00:00,13.1,72,8.1,3,0,2,1,3.0,1.0,23.8,2.0,9.8,23.4,0.0,1010.6
2025-09-13 20:00:00+00:00,12.3,76,8.1,0,0,0,0,0.0,0.0,0.0,0.0,9.9,19.1,0.0,1011.4
2025-09-13 21:00:00+00:00,11.5,80,8.1,0,0,0,0,0.0,0.0,0.0,0.0,10.1,18.7,0.0,1011.6
2025-09-13 22:00:00+00:00,11.1,81,7.9,0,0,0,0,0.0,0.0,0.0,0.0,10.4,20.2,0.0,1012.1
2025-09-13 23:00:00+00:00,10.6,83,7.8,0,0,0,0,0.0,0.0,0.0,0.0,9.8,19.4,0.0,1012.3
2025-09-14 00:00:00+00:00,10.1,86,7.8,46,0,0,46,0.0,0.0,0.0,0.0,9.1,18.0,0.0,1012.6
2025-09-14 01:00:00+00:00,9.1,91,7.7,40,0,0,40,0.0,0.0,0.0,0.0,8.8,18.4,0.0,1012.7
2025-09-14 02:00:00+00:00,8.9,92,7.6,100,0,0,100,0.0,0.0,0.0,0.0,7.8,15.8,0.0,1012.9
2025-09-14 03:00:00+00:00,8.6,92,7.5,100,0,0,100,0.0,0.0,0.0,0.0,7.9,14.8,0.0,1012.7
2025-09-14 04:00:00+00:00,8.8,92,7.5,79,0,0,79,0.0,0.0,0.0,0.0,7.0,14.0,0.0,1012.5
2025-09-14 05:00:00+00:00,8.4,93,7.4,100,0,0,100,0.0,0.0,0.0,0.0,5.0,11.9,0.0,1012.7
2025-09-14 06:00:00+00:00,8.2,95,7.4,100,4,1,100,2.0,0.0,0.0,2.0,1.9,8.6,0.0,1012.6
2025-09-14 07:00:00+00:00,9.7,93,8.7,100,3,30,100,49.0,4.0,32.6,45.0,5.2,9.7,0.0,1012.5
2025-09-14 08:00:00+00:00,12.1,84,9.5,100,31,99,100,116.0,9.0,32.0,107.0,6.7,15.5,0.0,1012.2
2025-09-14 09:00:00+00:00,13.6,84,10.9,100,18,100,100,95.0,6.0,14.2,89.0,7.9,16.2,0.0,1011.8
2025-09-14 10:00:00+00:00,15.1,80,11.6,100,50,100,100,138.0,1.0,1.9,137.0,11.0,20.2,0.0,1011.3
2025-09-14 11:00:00+00:00,15.1,78,11.4,100,88,100,100,98.0,0.0,0.0,98.0,15.1,32.0,0.0,1009.9
2025-09-14 12:00:00+00:00,16.6,75,12.1,100,100,100,79,214.0,6.0,9.0,208.0,23.2,48.2,0.0,1008.9
2025-09-14 13:00:00+00:00,16.5,81,13.2,100,100,100,81,157.0,8.0,12.0,149.0,21.3,43.2,0.0,1007.8
2025-09-14 14:00:00+00:00,16.6,86,14.2,100,100,99,100,142.0,1.0,1.6,141.0,22.8,47.5,0.4,1006.5
2025-09-14 15:00:00+00:00,16.5,91,15.0,100,100,71,99,66.0,0.0,0.0,66.0,23.2,46.4,2.5,1005.2
2025-09-14 16:00:00+00:00,17.1,96,16.5,100,100,56,63,52.0,0.0,0.0,52.0,27.0,52.2,0.4,1003.7
2025-09-14 17:00:00+00:00,17.6,95,16.9,100,100,69,0,34.0,0.0,0.0,34.0,28.1,54.7,0.0,1003.0
2025-09-14 18:00:00+00:00,17.2,97,16.7,100,100,95,0,10.0,0.0,0.0,10.0,31.2,63.0,0.5,1002.6
2025-09-14 19:00:00+00:00,17.1,95,16.3,100,100,17,0,0.0,0.0,0.0,0.0,31.3,63.0,0.3,1002.9
2025-09-14 20:00:00+00:00,16.5,91,15.1,12,12,0,0,0.0,0.0,0.0,0.0,28.7,60.5,0.0,1003.1
2025-09-14 21:00:00+00:00,15.7,91,14.3,29,28,1,0,0.0,0.0,0.0,0.0,25.6,56.9,0.0,1003.1
2025-09-14 22:00:00+00:00,15.2,90,13.6,27,26,10,0,0.0,0.0,0.0,0.0,27.1,56.5,0.0,1003.3
2025-09-14 23:00:00+00:00,14.8,88,12.9,34,21,20,0,0.0,0.0,0.0,0.0,26.6,56.9,0.0,1003.5
2025-09-15 00:00:00+00:00,14.8,83,12.0,51,32,32,0,0.0,0.0,0.0,0.0,25.9,54.7,0.0,1004.0
2025-09-15 01:00:00+00:00,14.9,79,11.4,33,18,20,0,0.0,0.0,0.0,0.0,24.8,51.8,0.0,1003.7
2025-09-15 02:00:00+00:00,14.6,78,10.8,36,20,19,0,0.0,0.0,0.0,0.0,24.4,51.5,0.0,1004.0
2025-09-15 03:00:00+00:00,14.4,78,10.6,24,14,12,0,0.0,0.0,0.0,0.0,25.3,51.8,0.0,1004.3
2025-09-15 04:00:00+00:00,14.2,76,10.0,26,16,14,0,0.0,0.0,0.0,0.0,26.6,55.4,0.0,1004.2
2025-09-15 05:00:00+00:00,14.1,75,9.8,27,24,7,0,0.0,0.0,0.0,0.0,26.7,56.2,0.0,1004.3
2025-09-15 06:00:00+00:00,13.9,76,9.6,27,20,9,0,2.0,0.0,0.0,2.0,26.3,55.8,0.0,1004.8
2025-09-15 07:00:00+00:00,14.4,73,9.8,20,19,2,0,68.0,34.0,287.1,34.0,26.3,54.4,0.0,1005.2
2025-09-15 08:00:00+00:00,15.2,72,10.2,33,13,25,0,196.0,128.0,462.6,68.0,23.2,55.4,0.0,1005.7
2025-09-15 09:00:00+00:00,16.0,70,10.6,17,16,6,0,300.0,189.0,451.3,111.0,28.0,58.3,0.0,1006.3
2025-09-15 10:00:00+00:00,16.9,64,10.1,29,19,12,0,471.0,359.0,671.1,112.0,30.5,65.9,0.0,1006.7
2025-09-15 11:00:00+00:00,17.2,60,9.4,42,20,29,0,511.0,395.0,640.0,116.0,33.3,70.6,0.1,1006.9
2025-09-15 12:00:00+00:00,17.1,61,9.4,34,19,20,2,464.0,286.0,433.3,178.0,32.7,72.7,0.1,1007.6
2025-09-15 13:00:00+00:00,16.7,62,9.4,39,14,32,0,488.0,348.0,526.9,140.0,28.9,70.6,0.0,1008.0
2025-09-15 14:00:00+00:00,17.0,60,9.1,33,15,23,0,459.0,340.0,549.8,119.0,30.6,67.0,0.0,1008.1
2025-09-15 15:00:00+00:00,15.9,67,9.8,41,21,32,0,424.0,313.0,583.1,111.0,27.7,67.0,0.1,1008.7
2025-09-15 16:00:00+00:00,16.4,66,9.9,35,21,18,0,318.0,216.0,512.9,102.0,26.6,61.6,0.1,1008.8
2025-09-15 17:00:00+00:00,15.9,68,10.0,13,11,3,0,197.0,129.0,462.0,68.0,25.4,57.6,0.0,1009.4
2025-09-15 18:00:00+00:00,15.2,70,9.7,11,6,8,0,71.0,38.0,314.4,33.0,25.9,53.6,0.0,1009.9
2025-09-15 19:00:00+00:00,14.5,72,9.6,22,17,5,0,2.0,0.0,0.0,2.0,24.9,54.0,0.0,1011.1
2025-09-15 20:00:00+00:00,14.1,74,9.4,34,27,12,0,0.0,0.0,0.0,0.0,23.4,51.5,0.0,1012.1
2025-09-15 21:00:00+00:00,13.8,75,9.5,30,18,16,0,0.0,0.0,0.0,0.0,22.5,47.9,0.0,1013.2
2025-09-15 22:00:00+00:00,13.5,78,9.8,43,30,25,0,0.0,0.0,0.0,0.0,22.2,46.8,0.0,1014.0
2025-09-15 23:00:00+00:00,13.4,81,10.2,16,14,6,0,0.0,0.0,0.0,0.0,20.4,45.7,0.0,1014.6
2025-09-16 00:00:00+00:00,13.0,83,10.2,22,16,7,0,0.0,0.0,0.0,0.0,19.9,41.8,0.0,1014.9
2025-09-16 01:00:00+00:00,12.8,82,9.8,9,8,4,0,0.0,0.0,0.0,0.0,19.4,40.3,0.0,1015.1
2025-09-16 02:00:00+00:00,12.4,82,9.5,13,8,3,2,0.0,0.0,0.0,0.0,18.7,39.6,0.0,1015.7
2025-09-16 03:00:00+00:00,12.1,82,9.1,25,21,10,0,0.0,0.0,0.0,0.0,18.3,38.2,0.0,1015.9
2025-09-16 04:00:00+00:00,12.1,81,8.9,11,6,5,0,0.0,0.0,0.0,0.0,18.0,37.1,0.0,1016.1
2025-09-16 05:00:00+00:00,11.9,82,9.0,26,12,21,0,0.0,0.0,0.0,0.0,17.2,36.4,0.0,1016.6
2025-09-16 06:00:00+00:00,12.1,82,9.1,10,4,6,0,1.0,0.0,0.0,1.0,17.8,36.0,0.0,1017.2
2025-09-16 07:00:00+00:00,12.8,81,9.5,15,3,3,10,69.0,36.0,314.2,33.0,17.8,36.7,0.0,1017.8
2025-09-16 08:00:00+00:00,13.9,78,10.1,78,2,1,78,211.0,146.0,535.9,65.0,15.7,38.9,0.0,1018.2
2025-09-16 09:00:00+00:00,15.1,71,9.8,95,47,2,91,353.0,263.0,634.6,90.0,23.5,50.8,0.0,1018.8
2025-09-16 10:00:00+00:00,15.8,67,9.6,100,43,5,99,362.0,171.0,322.4,191.0,22.6,50.4,0.0,1019.4
2025-09-16 11:00:00+00:00,16.5,63,9.3,100,37,5,100,445.0,257.0,419.6,188.0,21.5,49.0,0.0,1019.9
2025-09-16 12:00:00+00:00,17.1,60,9.2,100,53,15,100,499.0,292.0,445.7,207.0,21.1,47.5,0.1,1020.0
2025-09-16 13:00:00+00:00,17.2,60,9.5,99,52,34,99,467.0,242.0,369.3,225.0,18.4,45.0,0.0,1019.9
2025-09-16 14:00:00+00:00,18.0,57,9.4,100,22,35,100,469.0,277.0,451.9,192.0,18.2,42.1,0.1,1019.8
2025-09-16 15:00:00+00:00,17.5,58,9.1,100,24,82,100,363.0,169.0,318.2,194.0,19.1,43.9,0.1,1019.8
2025-09-16 16:00:00+00:00,17.0,61,9.4,100,32,65,100,199.0,34.0,81.9,165.0,16.7,41.4,0.0,1020.1
2025-09-16 17:00:00+00:00,16.4,64,9.6,100,34,10,100,149.0,34.0,124.5,115.0,12.3,34.6,0.0,1020.0
2025-09-16 18:00:00+00:00,15.4,71,10.1,87,10,13,83,45.0,2.0,17.4,43.0,8.5,25.6,0.0,1019.8
2025-09-16 19:00:00+00:00,13.8,80,10.4,86,24,2,82,1.0,0.0,0.0,1.0,9.7,18.0,0.0,1020.2
2025-09-16 20:00:00+00:00,13.1,86,10.8,93,1,4,93,0.0,0.0,0.0,0.0,10.8,20.5,0.0,1020.6
2025-09-16 21:00:00+00:00,12.6,90,10.9,100,4,34,99,0.0,0.0,0.0,0.0,10.7,20.9,0.0,1020.8
2025-09-16 22:00:00+00:00,12.6,90,10.9,100,0,62,100,0.0,0.0,0.0,0.0,9.2,20.2,0.0,1020.4
2025-09-16 23:00:00+00:00,12.6,90,11.1,100,2,100,100,0.0,0.0,0.0,0.0,8.8,17.3,0.3,1020.6
2025-09-17 00:00:00+00:00,12.9,92,11.6,100,4,100,100,0.0,0.0,0.0,0.0,8.0,16.9,0.6,1020.3
2025-09-17 01:00:00+00:00,13.6,88,11.6,100,26,100,100,0.0,0.0,0.0,0.0,9.5,18.4,0.1,1019.7
2025-09-17 02:00:00+00:00,13.9,88,11.9,100,42,100,79,0.0,0.0,0.0,0.0,11.2,21.6,0.1,1019.1
2025-09-17 03:00:00+00:00,14.1,90,12.4,100,58,100,59,0.0,0.0,0.0,0.0,14.1,28.1,0.1,1018.2
2025-09-17 04:00:00+00:00,14.4,91,13.1,100,84,100,10,0.0,0.0,0.0,0.0,18.5,34.9,0.8,1017.7
2025-09-17 05:00:00+00:00,14.7,92,13.4,100,87,100,0,0.0,0.0,0.0,0.0,22.2,42.8,0.3,1016.9
2025-09-17 06:00:00+00:00,14.9,91,13.5,100,100,100,0,0.0,0.0,0.0,0.0,24.7,47.5,0.6,1016.8
2025-09-17 07:00:00+00:00,15.1,93,13.9,100,100,13,0,6.0,0.0,0.0,6.0,26.4,51.8,0.3,1016.5
2025-09-17 08:00:00+00:00,15.9,89,14.1,100,100,0,0,53.0,4.0,14.9,49.0,26.3,52.9,0.0,1016.3
2025-09-17 09:00:00+00:00,16.6,86,14.4,100,100,1,0,106.0,15.0,36.6,91.0,26.2,54.0,0.0,1016.4
2025-09-17 10:00:00+00:00,17.2,83,14.3,100,100,0,0,151.0,9.0,17.1,142.0,32.5,65.2,0.0,1016.6
2025-09-17 11:00:00+00:00,17.9,81,14.6,100,100,8,0,254.0,64.0,105.3,190.0,34.4,73.1,0.0,1016.6
2025-09-17 12:00:00+00:00,17.9,82,14.9,100,100,96,0,206.0,16.0,24.6,190.0,32.9,72.0,0.0,1017.0
2025-09-17 13:00:00+00:00,17.8,85,15.2,100,100,1,0,182.0,21.0,32.3,161.0,29.8,64.1,0.0,1017.2
2025-09-17 14:00:00+00:00,17.8,85,15.3,100,100,8,0,164.0,21.0,34.6,143.0,30.3,64.8,0.1,1017.2
2025-09-17 15:00:00+00:00,17.5,88,15.5,100,100,22,0,88.0,2.0,3.8,86.0,25.0,62.3,0.0,1017.2
2025-09-17 16:00:00+00:00,17.5,89,15.6,100,100,13,0,75.0,0.0,0.0,75.0,23.6,52.2,0.0,1017.3
2025-09-17 17:00:00+00:00,17.5,89,15.6,100,100,1,0,37.0,5.0,18.7,32.0,24.2,51.1,0.0,1017.3
2025-09-17 18:00:00+00:00,17.4,89,15.6,100,100,0,0,14.0,0.0,0.0,14.0,23.2,50.4,0.0,1017.1
2025-09-17 19:00:00+00:00,17.4,90,15.8,100,100,15,0,0.0,0.0,0.0,0.0,22.3,47.9,0.0,1017.6
2025-09-17 20:00:00+00:00,17.3,91,15.8,100,100,44,0,0.0,0.0,0.0,0.0,22.0,46.1,0.0,1017.7
2025-09-17 21:00:00+00:00,17.3,91,15.8,100,100,0,0,0.0,0.0,0.0,0.0,21.7,45.7,0.0,1017.8
2025-09-17 22:00:00+00:00,17.3,91,15.9,100,100,43,0,0.0,0.0,0.0,0.0,21.8,45.4,0.0,1017.9
2025-09-17 23:00:00+00:00,17.2,92,15.9,100,100,89,0,0.0,0.0,0.0,0.0,21.6,45.4,0.0,1017.9
2025-09-18 00:00:00+00:00,17.3,92,16.0,100,100,100,0,0.0,0.0,0.0,0.0,20.5,44.6,0.0,1018.1
2025-09-18 01:00:00+00:00,17.4,94,16.4,100,100,2,0,0.0,0.0,0.0,0.0,20.6,43.2,0.0,1018.1
2025-09-18 02:00:00+00:00,17.4,94,16.4,100,100,83,0,0.0,0.0,0.0,0.0,20.5,42.8,0.1,1018.0
2025-09-18 03:00:00+00:00,17.3,94,16.4,100,100,2,0,0.0,0.0,0.0,0.0,20.1,42.1,0.1,1017.9
2025-09-18 04:00:00+00:00,17.1,95,16.3,100,100,3,0,0.0,0.0,0.0,0.0,19.7,41.8,0.0,1017.8
2025-09-18 05:00:00+00:00,17.0,95,16.2,100,100,1,0,0.0,0.0,0.0,0.0,19.6,41.0,0.0,1017.7
2025-09-18 06:00:00+00:00,17.0,95,16.1,100,100,3,0,0.0,0.0,0.0,0.0,19.1,41.0,0.0,1018.0
2025-09-18 07:00:00+00:00,17.2,94,16.2,100,100,0,0,16.0,0.0,0.0,16.0,19.4,40.3,0.0,1018.5
2025-09-18 08:00:00+00:00,17.7,91,16.2,100,100,0,0,71.0,7.0,26.5,64.0,21.5,47.5,0.0,1019.0
2025-09-18 09:00:00+00:00,18.1,87,15.9,100,100,0,0,140.0,14.0,34.5,126.0,21.3,48.6,0.1,1019.5
2025-09-18 10:00:00+00:00,18.4,85,15.8,100,100,0,0,189.0,6.0,11.5,183.0,22.5,48.6,0.0,1020.0
2025-09-18 11:00:00+00:00,18.2,84,15.6,100,100,0,0,208.0,16.0,26.5,192.0,22.0,48.2,0.0,1020.2
2025-09-18 12:00:00+00:00,18.5,82,15.4,100,100,0,0,292.0,60.0,93.0,232.0,22.9,49.7,0.0,1020.5
2025-09-18 13:00:00+00:00,18.9,87,16.7,100,100,2,2,208.0,22.0,34.1,186.0,21.3,51.1,0.0,1020.7
2025-09-18 14:00:00+00:00,19.0,85,16.5,99,99,1,1,158.0,16.0,26.6,142.0,22.3,49.3,0.0,1020.8
2025-09-18 15:00:00+00:00,19.0,85,16.5,100,100,1,0,180.0,29.0,55.8,151.0,21.5,49.7,0.1,1020.8
2025-09-18 16:00:00+00:00,18.5,88,16.5,82,78,1,18,126.0,33.0,81.8,93.0,19.1,49.0,0.1,1020.8
2025-09-18 17:00:00+00:00,18.1,89,16.2,100,31,0,100,115.0,41.0,157.2,74.0,17.1,44.6,0.1,1020.7
2025-09-18 18:00:00+00:00,17.3,91,15.9,100,9,0,100,52.0,19.0,175.1,33.0,15.2,36.0,0.0,1020.6
2025-09-18 19:00:00+00:00,16.4,92,15.1,59,3,0,58,1.0,0.0,0.0,1.0,14.1,31.0,0.0,1021.0
2025-09-18 20:00:00+00:00,15.8,94,14.9,30,4,0,27,0.0,0.0,0.0,0.0,13.0,28.1,0.0,1021.3
2025-09-18 21:00:00+00:00,15.5,96,14.8,49,17,0,39,0.0,0.0,0.0,0.0,12.3,25.6,0.0,1021.5
2025-09-18 22:00:00+00:00,15.4,96,14.8,38,12,10,22,0.0,0.0,0.0,0.0,11.5,23.8,0.0,1021.4
2025-09-18 23:00:00+00:00,15.2,96,14.6,53,15,9,39,0.0,0.0,0.0,0.0,11.0,22.0,0.0,1021.4
2025-09-19 00:00:00+00:00,15.0,97,14.5,48,8,5,41,0.0,0.0,0.0,0.0,9.7,21.2,0.0,1021.5
2025-09-19 01:00:00+00:00,15.1,97,14.6,100,100,18,95,0.0,0.0,0.0,0.0,9.4,18.7,0.0,1021.5
2025-09-19 02:00:00+00:00,15.5,96,14.9,100,100,85,99,0.0,0.0,0.0,0.0,7.4,18.0,0.0,1021.0
2025-09-19 03:00:00+00:00,15.1,97,14.7,86,58,58,29,0.0,0.0,0.0,0.0,5.7,13.7,0.0,1020.2
2025-09-19 04:00:00+00:00,14.3,98,14.1,71,15,64,37,0.0,0.0,0.0,0.0,7.1,13.0,0.0,1019.5
2025-09-19 05:00:00+00:00,14.4,98,14.1,76,4,60,71,0.0,0.0,0.0,0.0,9.0,16.2,0.0,1018.9
2025-09-19 06:00:00+00:00,14.6,98,14.4,78,0,66,74,0.0,0.0,0.0,0.0,9.4,17.3,0.0,1018.8
2025-09-19 07:00:00+00:00,15.6,97,15.1,13,0,13,3,53.0,17.0,157.2,36.0,9.8,18.0,0.0,1018.7
2025-09-19 08:00:00+00:00,17.2,94,16.2,2,0,2,0,203.0,143.0,550.9,60.0,8.1,18.0,0.0,1018.4
2025-09-19 09:00:00+00:00,18.9,88,16.8,0,0,0,0,352.0,278.0,692.8,74.0,10.0,23.8,0.0,1018.2
2025-09-19 10:00:00+00:00,20.2,79,16.5,0,0,0,0,483.0,404.0,781.7,79.0,10.3,25.9,0.0,1018.0
2025-09-19 11:00:00+00:00,21.1,72,15.9,0,0,0,0,575.0,488.0,815.7,87.0,11.1,27.7,0.0,1017.7
2025-09-19 12:00:00+00:00,21.4,70,15.6,0,0,0,0,623.0,534.0,834.2,89.0,11.4,28.8,0.0,1017.2
2025-09-19 13:00:00+00:00,23.3,64,16.1,0,0,0,0,623.0,535.0,836.6,88.0,11.4,28.1,0.0,1016.3
2025-09-19 14:00:00+00:00,22.5,64,15.4,0,0,0,0,575.0,490.0,821.5,85.0,13.0,30.6,0.0,1015.9
2025-09-19 15:00:00+00:00,21.5,68,15.4,28,0,0,28,482.0,402.0,782.4,80.0,12.1,30.6,0.0,1015.5
2025-09-19 16:00:00+00:00,20.4,73,15.5,0,0,0,0,347.0,267.0,672.1,80.0,12.3,28.4,0.0,1015.4
2025-09-19 17:00:00+00:00,19.1,77,15.1,0,0,0,0,202.0,147.0,577.0,55.0,11.4,27.7,0.0,1015.4
2025-09-19 18:00:00+00:00,17.0,85,14.4,0,0,0,0,59.0,34.0,322.5,25.0,10.5,23.8,0.0,1015.2
2025-09-19 19:00:00+00:00,15.2,93,14.1,6,0,6,0,0.0,0.0,0.0,0.0,10.9,21.2,0.0,1015.4
2025-09-19 20:00:00+00:00,14.5,96,13.9,10,4,6,0,0.0,0.0,0.0,0.0,9.9,21.2,0.0,1015.7
2025-09-19 21:00:00+00:00,14.1,97,13.6,29,9,0,22,0.0,0.0,0.0,0.0,6.4,19.1,0.0,1015.3
2025-09-19 22:00:00+00:00,13.9,97,13.4,10,10,0,0,0.0,0.0,0.0,0.0,8.7,15.8,0.0,1015.3
2025-09-19 23:00:00+00:00,13.8,96,13.2,3,2,1,0,0.0,0.0,0.0,0.0,8.1,17.3,0.0,1015.1
2025-09-20 00:00:00+00:00,13.6,96,13.1,5,0,0,5,0.0,0.0,0.0,0.0,7.0,14.8,0.0,1014.6
2025-09-20 01:00:00+00:00,13.4,98,13.1,96,7,2,95,0.0,0.0,0.0,0.0,6.1,15.8,0.0,1014.2
2025-09-20 02:00:00+00:00,13.4,98,13.1,92,3,3,92,0.0,0.0,0.0,0.0,5.5,12.2,0.0,1013.6
2025-09-20 03:00:00+00:00,13.4,99,13.1,92,0,29,89,0.0,0.0,0.0,0.0,5.3,10.1,0.0,1012.9
2025-09-20 04:00:00+00:00,13.2,98,13.0,100,0,0,100,0.0,0.0,0.0,0.0,5.4,11.2,0.0,1012.4
2025-09-20 05:00:00+00:00,13.6,98,13.3,100,0,0,100,0.0,0.0,0.0,0.0,8.1,14.8,0.0,1011.9
2025-09-20 06:00:00+00:00,13.2,98,12.9,100,0,1,100,0.0,0.0,0.0,0.0,4.9,14.8,0.0,1010.5
2025-09-20 07:00:00+00:00,14.2,98,13.9,100,1,0,100,37.0,2.0,18.9,35.0,7.4,12.6,0.0,1010.4
2025-09-20 08:00:00+00:00,15.7,95,14.9,100,11,0,100,108.0,5.0,19.6,103.0,10.9,22.0,0.0,1010.6
2025-09-20 09:00:00+00:00,17.2,86,14.9,100,53,0,100,204.0,26.0,65.5,178.0,15.3,31.0,0.1,1009.9
2025-09-20 10:00:00+00:00,18.1,80,14.6,99,18,1,99,270.0,59.0,115.2,211.0,19.3,41.8,0.0,1009.9
2025-09-20 11:00:00+00:00,18.8,75,14.2,100,27,55,100,536.0,391.0,658.8,145.0,22.2,49.7,0.0,1009.9
2025-09-20 12:00:00+00:00,17.5,82,14.3,100,8,64,100,384.0,134.0,211.0,250.0,19.2,50.4,1.6,1009.1
2025-09-20 13:00:00+00:00,19.4,73,14.3,100,16,71,99,451.0,208.0,328.0,243.0,23.9,53.3,0.0,1007.9
2025-09-20 14:00:00+00:00,18.0,81,14.6,100,77,76,100,269.0,57.0,96.5,212.0,20.4,56.5,0.4,1007.0
2025-09-20 15:00:00+00:00,17.5,90,15.9,100,100,19,41,151.0,27.0,53.1,124.0,28.3,57.2,1.4,1006.2
2025-09-20 16:00:00+00:00,17.1,88,15.1,18,15,1,3,67.0,0.0,0.0,67.0,30.6,64.4,0.1,1005.4
2025-09-20 17:00:00+00:00,16.3,87,14.2,34,34,0,0,186.0,121.0,486.7,65.0,26.8,62.6,0.0,1005.1
2025-09-20 18:00:00+00:00,15.6,86,13.4,24,24,1,0,48.0,22.0,215.0,26.0,25.4,58.3,0.0,1005.9
2025-09-20 19:00:00+00:00,14.9,82,11.8,23,23,1,0,0.0,0.0,0.0,0.0,24.2,52.9,0.0,1006.9
2025-09-20 20:00:00+00:00,13.9,81,10.8,100,100,4,0,0.0,0.0,0.0,0.0,24.1,52.6,0.0,1008.3
2025-09-20 21:00:00+00:00,13.4,73,8.8,2,1,1,0,0.0,0.0,0.0,0.0,22.5,50.0,0.0,1009.3
2025-09-20 22:00:00+00:00,12.3,72,7.4,0,0,0,0,0.0,0.0,0.0,0.0,20.6,46.8,0.0,1010.4
2025-09-20 23:00:00+00:00,11.8,74,7.3,2,0,2,0,0.0,0.0,0.0,0.0,18.5,42.1,0.0,1011.5
2025-09-21 00:00:00+00:00,11.3,79,7.8,2,0,2,0,0.0,0.0,0.0,0.0,15.2,37.4,0.0,1012.3
2025-09-21 01:00:00+00:00,10.6,80,7.3,0,0,0,0,0.0,0.0,0.0,0.0,13.7,34.6,0.0,1012.8
2025-09-21 02:00:00+00:00,9.9,85,7.5,0,0,0,0,0.0,0.0,0.0,0.0,11.1,27.0,0.0,1013.3
2025-09-21 03:00:00+00:00,9.3,89,7.6,0,0,0,0,0.0,0.0,0.0,0.0,10.7,20.9,0.0,1013.8
2025-09-21 04:00:00+00:00,8.9,90,7.3,1,0,1,0,0.0,0.0,0.0,0.0,9.7,20.2,0.0,1014.4
2025-09-21 05:00:00+00:00,8.5,91,7.1,6,0,6,0,0.0,0.0,0.0,0.0,9.5,18.4,0.0,1015.0
2025-09-21 06:00:00+00:00,8.2,91,6.8,1,0,1,0,0.0,0.0,0.0,0.0,10.8,20.5,0.0,1015.6
2025-09-21 07:00:00+00:00,8.9,88,6.9,0,0,0,0,56.0,30.0,288.9,26.0,10.0,22.0,0.0,1016.3
2025-09-21 08:00:00+00:00,10.3,79,6.8,8,0,2,7,197.0,138.0,550.0,59.0,10.3,24.1,0.0,1017.0
2025-09-21 09:00:00+00:00,11.8,72,6.9,23,1,14,10,347.0,270.0,688.1,77.0,12.0,28.8,0.0,1017.8
2025-09-21 10:00:00+00:00,13.3,63,6.3,60,50,18,1,463.0,361.0,711.2,102.0,14.4,33.1,0.0,1018.2
2025-09-21 11:00:00+00:00,14.2,59,6.4,59,57,5,0,481.0,297.0,504.6,184.0,13.8,33.8,0.0,1018.3
2025-09-21 12:00:00+00:00,14.9,57,6.4,60,58,4,0,508.0,306.0,485.7,202.0,14.4,34.2,0.0,1018.7
2025-09-21 13:00:00+00:00,14.9,57,6.3,64,54,40,0,454.0,248.0,394.4,206.0,13.4,33.5,0.0,1019.4
2025-09-21 14:00:00+00:00,14.8,57,6.2,45,19,41,4,370.0,245.0,418.6,125.0,12.9,31.3,0.0,1019.5
2025-09-21 15:00:00+00:00,14.9,54,5.7,44,6,39,8,368.0,257.0,511.7,111.0,13.3,30.2,0.0,1019.6
2025-09-21 16:00:00+00:00,14.6,54,5.3,47,10,46,0,241.0,161.0,417.8,80.0,13.5,31.7,0.0,1019.8
2025-09-21 17:00:00+00:00,13.9,58,5.7,82,0,82,0,161.0,95.0,391.7,66.0,13.1,31.0,0.0,1020.4
2025-09-21 18:00:00+00:00,12.6,62,5.4,100,0,100,6,41.0,14.0,141.1,27.0,11.7,27.7,0.0,1021.2
2025-09-21 19:00:00+00:00,11.6,65,5.2,53,0,53,0,0.0,0.0,0.0,0.0,11.1,23.4,0.0,1022.2
2025-09-21 20:00:00+00:00,10.5,68,4.8,6,0,6,0,0.0,0.0,0.0,0.0,13.0,24.1,0.0,1022.7
2025-09-21 21:00:00+00:00,10.2,65,4.0,2,0,2,0,0.0,0.0,0.0,0.0,17.9,34.9,0.0,1023.3
2025-09-21 22:00:00+00:00,10.0,68,4.3,0,0,0,0,0.0,0.0,0.0,0.0,16.0,35.6,0.0,1023.8
2025-09-21 23:00:00+00:00,9.2,73,4.7,0,0,0,0,0.0,0.0,0.0,0.0,13.5,31.7,0.0,1024.1
2025-09-22 00:00:00+00:00,8.6,78,4.9,0,0,0,0,0.0,0.0,0.0,0.0,12.9,26.3,0.0,1024.4
2025-09-22 01:00:00+00:00,8.1,80,4.8,2,0,2,0,0.0,0.0,0.0,0.0,14.6,28.8,0.0,1024.6
2025-09-22 02:00:00+00:00,7.7,80,4.5,0,0,0,0,0.0,0.0,0.0,0.0,16.0,31.7,0.0,1024.9
2025-09-22 03:00:00+00:00,7.5,79,4.1,0,0,0,0,0.0,0.0,0.0,0.0,17.1,34.2,0.0,1025.0
2025-09-22 04:00:00+00:00,7.2,80,3.9,0,0,0,0,0.0,0.0,0.0,0.0,15.9,33.8,0.0,1025.3
2025-09-22 05:00:00+00:00,6.9,81,3.9,0,0,0,0,0.0,0.0,0.0,0.0,14.7,31.3,0.0,1025.5
2025-09-22 06:00:00+00:00,6.5,84,4.0,0,0,0,0,0.0,0.0,0.0,0.0,14.9,28.8,0.0,1026.1
2025-09-22 07:00:00+00:00,7.2,83,4.5,0,0,0,0,56.0,33.0,324.6,23.0,14.7,30.6,0.0,1026.7
2025-09-22 08:00:00+00:00,8.9,78,5.3,0,0,0,0,202.0,147.0,596.2,55.0,12.3,27.0,0.0,1027.2
2025-09-22 09:00:00+00:00,10.7,73,6.1,0,0,0,0,356.0,285.0,734.7,71.0,13.2,31.0,0.0,1027.2
2025-09-22 10:00:00+00:00,12.4,67,6.4,0,0,0,0,488.0,407.0,809.3,81.0,14.8,34.6,0.0,1027.0
2025-09-22 11:00:00+00:00,13.8,61,6.3,0,0,0,0,582.0,496.0,849.7,86.0,16.1,37.4,0.0,1026.8
2025-09-22 12:00:00+00:00,14.7,55,5.7,29,29,0,0,629.0,539.0,862.5,90.0,18.4,41.8,0.0,1026.6
2025-09-22 13:00:00+00:00,15.4,49,4.8,29,28,16,0,573.0,448.0,718.5,125.0,17.3,41.0,0.0,1027.2
2025-09-22 14:00:00+00:00,15.4,48,4.3,24,20,22,0,522.0,397.0,684.8,125.0,16.4,39.6,0.0,1027.1
2025-09-22 15:00:00+00:00,15.4,47,4.0,24,23,13,0,434.0,325.0,654.6,109.0,16.0,37.8,0.0,1027.0
2025-09-22 16:00:00+00:00,14.8,46,3.3,16,12,15,0,316.0,225.0,593.1,91.0,14.8,39.6,0.0,1027.0
2025-09-22 17:00:00+00:00,13.9,53,4.5,26,9,25,0,175.0,114.0,482.1,61.0,11.4,33.1,0.0,1027.1
2025-09-22 18:00:00+00:00,12.2,59,4.4,5,4,5,0,45.0,23.0,239.3,22.0,11.2,23.4,0.0,1027.5
2025-09-22 19:00:00+00:00,10.9,63,4.2,0,0,0,0,0.0,0.0,0.0,0.0,12.3,23.4,0.0,1027.8
2025-09-22 20:00:00+00:00,10.1,64,3.7,0,0,0,0,0.0,0.0,0.0,0.0,12.9,24.8,0.0,1028.2
2025-09-22 21:00:00+00:00,9.4,67,3.5,0,0,0,0,0.0,0.0,0.0,0.0,11.1,24.5,0.0,1028.4
2025-09-22 22:00:00+00:00,8.6,71,3.8,0,0,0,0,0.0,0.0,0.0,0.0,9.5,20.5,0.0,1028.4
2025-09-22 23:00:00+00:00,7.8,77,3.9,0,0,0,0,0.0,0.0,0.0,0.0,9.9,18.4,0.0,1028.7
2025-09-23 00:00:00+00:00,7.2,79,3.8,0,0,0,0,0.0,0.0,0.0,0.0,9.5,18.4,0.0,1028.8
2025-09-23 01:00:00+00:00,6.2,80,3.1,0,0,0,0,0.0,0.0,0.0,0.0,9.8,17.6,0.0,1028.7
2025-09-23 02:00:00+00:00,5.9,82,3.0,0,0,0,0,0.0,0.0,0.0,0.0,9.6,18.0,0.0,1028.5
2025-09-23 03:00:00+00:00,5.6,84,3.0,3,0,0,3,0.0,0.0,0.0,0.0,9.2,18.0,0.0,1028.4
2025-09-23 04:00:00+00:00,5.2,86,3.0,7,0,1,6,0.0,0.0,0.0,0.0,9.4,16.9,0.0,1028.2
2025-09-23 05:00:00+00:00,5.1,86,3.0,12,0,5,7,0.0,0.0,0.0,0.0,10.8,19.8,0.0,1028.4
2025-09-23 06:00:00+00:00,5.2,85,3.0,6,0,4,2,0.0,0.0,0.0,0.0,11.3,21.2,0.0,1028.6
2025-09-23 07:00:00+00:00,6.4,82,3.6,1,0,1,0,50.0,27.0,271.4,23.0,11.9,22.7,0.0,1028.5
2025-09-23 08:00:00+00:00,8.6,76,4.7,3,0,3,0,189.0,132.0,545.0,57.0,9.4,22.0,0.0,1028.6
2025-09-23 09:00:00+00:00,11.0,68,5.4,1,0,1,0,334.0,259.0,675.5,75.0,9.6,23.0,0.0,1028.9
2025-09-23 10:00:00+00:00,12.9,62,5.9,1,0,1,0,464.0,379.0,760.6,85.0,13.0,30.2,0.0,1028.9
2025-09-23 11:00:00+00:00,14.2,58,6.2,8,0,8,0,556.0,464.0,801.5,92.0,13.7,33.1,0.0,1028.7
2025-09-23 12:00:00+00:00,15.1,55,6.2,3,0,3,0,601.0,500.0,806.7,101.0,13.0,32.8,0.0,1028.2
2025-09-23 13:00:00+00:00,15.9,50,5.4,100,100,1,0,506.0,351.0,567.8,155.0,15.2,35.6,0.0,1028.0
2025-09-23 14:00:00+00:00,15.5,51,5.4,47,46,2,0,237.0,11.0,19.2,226.0,14.1,35.3,0.0,1027.8
2025-09-23 15:00:00+00:00,16.0,50,5.6,100,100,10,0,346.0,191.0,389.3,155.0,14.8,35.3,0.0,1027.4
2025-09-23 16:00:00+00:00,15.8,53,6.2,75,24,67,0,210.0,50.0,133.9,160.0,13.8,36.4,0.0,1027.2
2025-09-23 17:00:00+00:00,14.9,60,7.3,32,27,9,0,122.0,44.0,191.0,78.0,9.6,29.9,0.0,1027.1
2025-09-23 18:00:00+00:00,13.5,67,7.6,21,9,17,0,38.0,17.0,182.7,21.0,12.9,24.5,0.0,1027.5
2025-09-23 19:00:00+00:00,12.4,76,8.3,7,4,7,0,0.0,0.0,0.0,0.0,12.2,25.6,0.0,1028.0
2025-09-23 20:00:00+00:00,11.4,81,8.3,14,11,12,0,0.0,0.0,0.0,0.0,11.2,23.8,0.0,1028.4
2025-09-23 21:00:00+00:00,10.9,82,7.9,20,10,16,1,0.0,0.0,0.0,0.0,12.3,23.4,0.0,1028.5
2025-09-23 22:00:00+00:00,10.6,81,7.3,32,2,31,0,0.0,0.0,0.0,0.0,12.5,24.1,0.0,1028.7
2025-09-23 23:00:00+00:00,10.1,83,7.3,15,0,15,0,0.0,0.0,0.0,0.0,13.0,24.8,0.0,1028.4
2025-09-24 00:00:00+00:00,9.6,88,7.8,16,0,16,0,0.0,0.0,0.0,0.0,12.4,24.8,0.0,1028.1
2025-09-24 01:00:00+00:00,9.4,91,7.9,10,0,10,0,0.0,0.0,0.0,0.0,13.1,24.8,0.0,1027.9
2025-09-24 02:00:00+00:00,9.0,93,8.0,8,0,8,0,0.0,0.0,0.0,0.0,12.2,24.5,0.0,1027.8
2025-09-24 03:00:00+00:00,8.8,95,8.0,12,0,12,0,0.0,0.0,0.0,0.0,11.4,23.0,0.0,1027.6
2025-09-24 04:00:00+00:00,8.6,95,7.9,10,0,10,0,0.0,0.0,0.0,0.0,11.5,21.6,0.0,1027.5
2025-09-24 05:00:00+00:00,8.4,96,7.8,6,1,5,0,0.0,0.0,0.0,0.0,11.7,22.3,0.0,1027.4
2025-09-24 06:00:00+00:00,8.2,96,7.6,6,3,6,0,0.0,0.0,0.0,0.0,12.4,23.4,0.0,1027.3
2025-09-24 07:00:00+00:00,9.0,93,7.9,6,0,6,0,46.0,24.0,246.6,22.0,12.7,24.1,0.0,1027.7
2025-09-24 08:00:00+00:00,10.9,86,8.6,0,0,0,0,183.0,124.0,521.4,59.0,11.8,24.5,0.0,1027.8
2025-09-24 09:00:00+00:00,12.6,77,8.6,7,0,7,0,334.0,259.0,683.5,75.0,14.7,32.8,0.0,1027.7
2025-09-24 10:00:00+00:00,14.2,70,8.8,18,12,13,0,452.0,361.0,731.4,91.0,15.5,35.6,0.0,1027.5
2025-09-24 11:00:00+00:00,15.3,64,8.5,49,23,34,0,511.0,392.0,682.9,119.0,16.7,37.8,0.0,1027.2
2025-09-24 12:00:00+00:00,16.2,57,7.7,40,36,6,4,486.0,338.0,549.9,148.0,17.7,40.0,0.0,1026.6
2025-09-24 13:00:00+00:00,16.5,55,7.3,43,23,23,4,462.0,304.0,496.1,158.0,15.6,36.7,0.0,1026.1
2025-09-24 14:00:00+00:00,17.0,51,6.7,31,31,9,0,495.0,369.0,649.0,126.0,15.8,36.7,0.0,1025.8
2025-09-24 15:00:00+00:00,16.9,49,5.9,29,27,17,1,398.0,283.0,583.6,115.0,15.0,36.0,0.0,1025.3
2025-09-24 16:00:00+00:00,16.5,49,5.8,12,12,4,0,282.0,186.0,506.2,96.0,13.4,36.7,0.0,1025.2
2025-09-24 17:00:00+00:00,15.6,55,6.4,22,22,7,0,172.0,116.0,517.1,56.0,10.1,27.4,0.0,1025.4
2025-09-24 18:00:00+00:00,13.6,61,6.3,35,28,5,10,37.0,18.0,200.1,19.0,9.8,20.2,0.0,1025.8
2025-09-24 19:00:00+00:00,12.4,64,5.8,74,18,2,68,0.0,0.0,0.0,0.0,11.6,21.2,0.0,1026.2
2025-09-24 20:00:00+00:00,11.2,68,5.6,100,4,0,100,0.0,0.0,0.0,0.0,11.2,21.6,0.0,1026.5
2025-09-24 21:00:00+00:00,10.4,69,4.9,100,0,0,100,0.0,0.0,0.0,0.0,12.0,22.0,0.0,1026.9
2025-09-24 22:00:00+00:00,10.0,71,5.1,100,2,0,100,0.0,0.0,0.0,0.0,11.4,22.0,0.0,1026.9
2025-09-24 23:00:00+00:00,9.8,75,5.5,100,6,0,100,0.0,0.0,0.0,0.0,12.7,23.8,0.0,1026.6
2025-09-25 00:00:00+00:00,9.4,78,5.8,91,3,1,91,0.0,0.0,0.0,0.0,13.4,25.2,0.0,1026.4
2025-09-25 01:00:00+00:00,8.6,77,4.9,59,0,0,59,0.0,0.0,0.0,0.0,14.1,26.6,0.0,1026.2
2025-09-25 02:00:00+00:00,8.4,79,5.0,68,17,0,61,0.0,0.0,0.0,0.0,14.1,26.6,0.0,1026.0
2025-09-25 03:00:00+00:00,8.2,81,5.2,35,21,0,17,0.0,0.0,0.0,0.0,14.3,27.4,0.0,1025.7
2025-09-25 04:00:00+00:00,8.0,83,5.2,8,6,1,1,0.0,0.0,0.0,0.0,14.3,27.4,0.0,1025.6
2025-09-25 05:00:00+00:00,7.8,85,5.4,0,0,0,0,0.0,0.0,0.0,0.0,14.3,27.4,0.0,1025.6
2025-09-25 06:00:00+00:00,7.7,87,5.6,4,3,1,0,0.0,0.0,0.0,0.0,14.7,28.4,0.0,1025.7
2025-09-25 07:00:00+00:00,8.6,84,6.0,13,12,9,0,45.0,24.0,252.3,21.0,14.5,28.1,0.0,1025.9
2025-09-25 08:00:00+00:00,10.6,79,7.1,5,4,4,0,177.0,117.0,501.2,60.0,12.7,28.4,0.0,1025.8
2025-09-25 09:00:00+00:00,12.8,72,7.9,1,1,0,0,332.0,258.0,689.2,74.0,13.5,30.6,0.0,1025.6
2025-09-25 10:00:00+00:00,14.6,66,8.4,2,2,0,0,464.0,382.0,781.4,82.0,14.9,34.6,0.0,1025.2
2025-09-25 11:00:00+00:00,15.9,58,7.8,15,15,0,0,559.0,473.0,831.2,86.0,17.4,40.7,0.0,1024.8
2025-09-25 12:00:00+00:00,16.5,53,7.1,7,7,0,0,573.0,457.0,749.8,116.0,16.3,40.3,0.0,1024.4
2025-09-25 13:00:00+00:00,17.4,48,6.2,13,6,0,7,593.0,493.0,811.6,100.0,15.6,37.1,0.0,1024.0
2025-09-25 14:00:00+00:00,17.5,48,6.4,2,1,0,1,544.0,452.0,802.9,92.0,15.9,36.7,0.0,1023.5
2025-09-25 15:00:00+00:00,17.5,47,6.1,4,4,0,0,454.0,376.0,784.9,78.0,15.8,36.7,0.0,1023.0
2025-09-25 16:00:00+00:00,17.2,47,5.7,2,2,0,0,321.0,252.0,697.1,69.0,14.9,35.6,0.0,1023.0
2025-09-25 17:00:00+00:00,16.1,51,5.9,0,0,0,0,169.0,117.0,536.1,52.0,12.3,31.0,0.0,1023.2
2025-09-25 18:00:00+00:00,14.1,56,5.5,0,0,0,0,36.0,19.0,218.7,17.0,12.3,25.2,0.0,1023.7
2025-09-25 19:00:00+00:00,13.1,56,4.4,0,0,0,0,0.0,0.0,0.0,0.0,14.4,27.7,0.0,1023.7
2025-09-25 20:00:00+00:00,12.2,56,3.7,0,0,0,0,0.0,0.0,0.0,0.0,14.6,28.4,0.0,1024.0
2025-09-25 21:00:00+00:00,11.2,60,3.8,0,0,0,0,0.0,0.0,0.0,0.0,13.1,27.7,0.0,1024.1
2025-09-25 22:00:00+00:00,10.4,66,4.3,0,0,0,0,0.0,0.0,0.0,0.0,13.2,24.8,0.0,1024.2
2025-09-25 23:00:00+00:00,9.8,71,4.8,0,0,0,0,0.0,0.0,0.0,0.0,13.0,25.2,0.0,1023.7
2025-09-26 00:00:00+00:00,9.2,76,5.2,2,2,0,0,0.0,0.0,0.0,0.0,11.8,24.5,0.0,1023.6
2025-09-26 01:00:00+00:00,8.0,80,4.7,2,2,0,0,0.0,0.0,0.0,0.0,11.4,23.8,0.0,1023.6
2025-09-26 02:00:00+00:00,7.6,83,4.9,0,0,0,0,0.0,0.0,0.0,0.0,10.8,21.2,0.0,1023.2
2025-09-26 03:00:00+00:00,7.2,86,5.0,9,9,0,0,0.0,0.0,0.0,0.0,11.5,21.2,0.0,1022.9
2025-09-26 04:00:00+00:00,7.2,86,5.1,1,1,1,0,0.0,0.0,0.0,0.0,12.0,22.7,0.0,1022.5
2025-09-26 05:00:00+00:00,7.2,87,5.2,6,5,1,0,0.0,0.0,0.0,0.0,12.3,23.0,0.0,1022.5
2025-09-26 06:00:00+00:00,7.1,88,5.2,9,9,1,0,0.0,0.0,0.0,0.0,11.6,23.4,0.0,1022.5
2025-09-26 07:00:00+00:00,8.1,85,5.7,68,68,0,0,39.0,18.0,193.8,21.0,11.0,21.6,0.0,1022.6
2025-09-26 08:00:00+00:00,9.9,80,6.6,100,100,2,0,136.0,65.0,283.9,71.0,8.9,20.2,0.0,1022.3
2025-09-26 09:00:00+00:00,11.9,73,7.2,100,100,8,0,200.0,56.0,151.4,144.0,8.7,20.9,0.0,1022.1
2025-09-26 10:00:00+00:00,13.3,70,7.9,84,84,6,0,276.0,104.0,214.8,172.0,8.8,22.3,0.0,1022.0
2025-09-26 11:00:00+00:00,14.4,66,8.1,80,80,0,0,370.0,138.0,244.6,232.0,12.3,29.9,0.0,1021.9
2025-09-26 12:00:00+00:00,14.6,66,8.4,100,100,0,0,352.0,132.0,218.4,220.0,10.7,29.2,0.0,1021.5
2025-09-26 13:00:00+00:00,13.5,76,9.3,100,100,7,0,174.0,2.0,3.3,172.0,9.0,25.2,0.1,1021.6
2025-09-26 14:00:00+00:00,13.8,74,9.2,100,100,23,0,223.0,53.0,95.1,170.0,7.3,21.6,0.0,1021.4
2025-09-26 15:00:00+00:00,13.5,75,9.1,100,100,72,0,121.0,9.0,19.0,112.0,5.1,18.7,0.0,1021.2
2025-09-26 16:00:00+00:00,13.5,74,9.1,100,100,99,0,107.0,6.0,16.9,101.0,3.1,13.0,0.0,1021.2
2025-09-26 17:00:00+00:00,13.2,77,9.2,100,100,74,0,45.0,1.0,4.7,44.0,2.9,9.0,0.0,1021.2
2025-09-26 18:00:00+00:00,12.6,83,9.8,91,91,8,0,13.0,0.0,0.0,13.0,4.8,9.0,0.0,1021.0
2025-09-26 19:00:00+00:00,11.7,87,9.6,26,25,1,0,0.0,0.0,0.0,0.0,6.0,10.8,0.0,1020.9
2025-09-26 20:00:00+00:00,10.8,88,8.9,27,27,0,0,0.0,0.0,0.0,0.0,7.4,12.6,0.0,1021.0
2025-09-26 21:00:00+00:00,10.4,88,8.5,25,20,0,6,0.0,0.0,0.0,0.0,6.5,13.7,0.0,1020.9
2025-09-26 22:00:00+00:00,9.8,90,8.1,26,12,0,15,0.0,0.0,0.0,0.0,7.6,13.0,0.0,1020.8
2025-09-26 23:00:00+00:00,9.3,91,7.9,15,15,0,0,0.0,0.0,0.0,0.0,8.7,15.8,0.0,1020.3
2025-09-27 00:00:00+00:00,9.2,91,7.8,53,53,0,0,0.0,0.0,0.0,0.0,8.1,15.8,0.0,1020.0
2025-09-27 01:00:00+00:00,9.6,91,8.2,98,42,9,96,0.0,0.0,0.0,0.0,8.8,15.8,0.0,1019.9
2025-09-27 02:00:00+00:00,9.9,91,8.5,100,25,5,99,0.0,0.0,0.0,0.0,9.4,18.7,0.0,1019.5
2025-09-27 03:00:00+00:00,10.1,91,8.8,100,69,22,100,0.0,0.0,0.0,0.0,8.0,16.9,0.0,1019.3
2025-09-27 04:00:00+00:00,10.3,91,8.9,100,8,26,100,0.0,0.0,0.0,0.0,6.8,14.8,0.0,1018.8
2025-09-27 05:00:00+00:00,10.8,91,9.4,100,42,55,100,0.0,0.0,0.0,0.0,7.2,13.3,0.0,1018.8
2025-09-27 06:00:00+00:00,10.9,92,9.6,96,26,25,93,0.0,0.0,0.0,0.0,7.6,13.7,0.0,1018.8
2025-09-27 07:00:00+00:00,11.6,89,9.9,100,66,4,100,32.0,10.0,110.3,22.0,9.4,17.3,0.0,1018.8
2025-09-27 08:00:00+00:00,13.1,84,10.4,99,55,3,97,124.0,46.0,204.9,78.0,9.0,17.6,0.0,1018.7
2025-09-27 09:00:00+00:00,14.8,66,8.5,100,98,10,91,225.0,81.0,221.8,144.0,14.0,29.2,0.0,1018.8
2025-09-27 10:00:00+00:00,14.7,70,9.4,100,84,80,100,185.0,22.0,45.9,163.0,17.0,35.6,0.0,1019.3
2025-09-27 11:00:00+00:00,14.6,73,9.9,100,49,100,100,250.0,63.0,112.7,187.0,15.4,37.8,0.1,1019.2
2025-09-27 12:00:00+00:00,14.8,72,9.7,100,48,100,100,206.0,15.0,25.0,191.0,15.9,34.6,0.0,1019.1
2025-09-27 13:00:00+00:00,15.9,58,7.6,100,25,94,100,245.0,12.0,20.1,233.0,16.3,36.0,0.0,1019.0
2025-09-27 14:00:00+00:00,15.9,58,7.6,88,44,78,10,281.0,63.0,114.2,218.0,16.7,38.9,0.0,1018.7
2025-09-27 15:00:00+00:00,15.9,59,7.8,98,60,95,16,279.0,114.0,244.0,165.0,16.6,37.1,0.0,1018.4
2025-09-27 16:00:00+00:00,15.2,62,7.9,93,82,48,27,144.0,26.0,74.4,118.0,13.6,38.5,0.0,1018.5
2025-09-27 17:00:00+00:00,14.9,65,8.4,80,36,67,4,100.0,25.0,121.4,75.0,10.0,32.0,0.0,1018.7
2025-09-27 18:00:00+00:00,13.6,72,8.6,100,49,100,2,21.0,5.0,62.0,16.0,8.7,20.9,0.0,1018.9
2025-09-27 19:00:00+00:00,13.6,73,8.9,93,6,93,0,0.0,0.0,0.0,0.0,8.4,17.3,0.0,1018.9
2025-09-27 20:00:00+00:00,13.4,75,9.0,14,4,0,10,0.0,0.0,0.0,0.0,9.5,17.6,0.0,1018.8
2025-09-27 21:00:00+00:00,12.6,78,8.9,7,0,7,0,0.0,0.0,0.0,0.0,10.1,19.1,0.0,1018.8
2025-09-27 22:00:00+00:00,12.4,81,9.2,1,0,1,0,0.0,0.0,0.0,0.0,10.1,18.7,0.0,1018.9
2025-09-27 23:00:00+00:00,12.1,82,9.2,14,1,14,0,0.0,0.0,0.0,0.0,10.5,19.4,0.0,1019.0
2025-09-28 00:00:00+00:00,12.2,83,9.4,94,0,94,0,0.0,0.0,0.0,0.0,10.8,20.5,0.0,1018.9
2025-09-28 01:00:00+00:00,12.4,85,9.9,43,29,26,0,0.0,0.0,0.0,0.0,10.9,21.6,0.0,1018.9
2025-09-28 02:00:00+00:00,12.8,84,10.1,100,99,69,21,0.0,0.0,0.0,0.0,10.6,20.2,0.0,1018.6
2025-09-28 03:00:00+00:00,13.4,82,10.2,100,100,86,9,0.0,0.0,0.0,0.0,10.4,20.2,0.0,1018.4
2025-09-28 04:00:00+00:00,13.7,80,10.4,100,100,53,68,0.0,0.0,0.0,0.0,10.8,21.2,0.0,1018.3
2025-09-28 05:00:00+00:00,13.6,81,10.5,100,100,96,93,0.0,0.0,0.0,0.0,9.6,20.5,0.0,1018.5
2025-09-28 06:00:00+00:00,13.8,83,10.9,100,100,100,99,0.0,0.0,0.0,0.0,8.2,18.0,0.0,1018.8
2025-09-28 07:00:00+00:00,14.1,84,11.4,100,100,30,100,6.0,0.0,0.0,6.0,9.6,18.0,0.1,1019.0
2025-09-28 08:00:00+00:00,14.4,87,12.4,100,100,19,100,32.0,0.0,0.0,32.0,12.0,23.0,0.3,1019.2
2025-09-28 09:00:00+00:00,14.9,90,13.4,100,49,14,100,110.0,0.0,0.0,110.0,10.5,24.1,0.5,1019.5
2025-09-28 10:00:00+00:00,15.9,84,13.2,100,23,1,100,306.0,122.0,257.1,184.0,9.9,23.4,0.3,1019.7
2025-09-28 11:00:00+00:00,16.6,78,12.7,99,17,0,99,390.0,211.0,380.9,179.0,12.2,28.8,0.0,1020.0
2025-09-28 12:00:00+00:00,17.5,70,12.1,72,2,0,72,536.0,379.0,638.3,157.0,11.0,29.5,0.0,1020.1
2025-09-28 13:00:00+00:00,17.0,71,11.6,17,17,0,0,479.0,330.0,558.5,149.0,10.6,27.0,0.0,1020.5
2025-09-28 14:00:00+00:00,17.5,65,10.8,21,15,1,5,475.0,367.0,672.5,108.0,9.6,26.6,0.0,1020.6
2025-09-28 15:00:00+00:00,17.6,60,9.9,12,12,0,0,389.0,288.0,624.3,101.0,9.2,24.1,0.0,1020.7
2025-09-28 16:00:00+00:00,17.2,57,8.8,18,18,0,0,279.0,201.0,585.5,78.0,9.6,24.5,0.0,1021.0
2025-09-28 17:00:00+00:00,16.1,63,9.1,4,4,0,0,148.0,95.0,475.5,53.0,7.7,22.0,0.0,1021.6
2025-09-28 18:00:00+00:00,14.2,70,8.8,1,1,0,0,26.0,13.0,167.7,13.0,10.3,18.7,0.0,1022.2
2025-09-28 19:00:00+00:00,13.0,72,8.1,0,0,0,0,0.0,0.0,0.0,0.0,10.4,19.8,0.0,1022.8
2025-09-28 20:00:00+00:00,12.0,77,8.1,0,0,0,0,0.0,0.0,0.0,0.0,8.3,19.1,0.0,1023.4
2025-09-28 21:00:00+00:00,10.9,83,8.1,0,0,0,0,0.0,0.0,0.0,0.0,7.3,15.1,0.0,1023.8
2025-09-28 22:00:00+00:00,9.9,88,8.1,0,0,0,0,0.0,0.0,0.0,0.0,7.1,13.0,0.0,1024.1
2025-09-28 23:00:00+00:00,9.2,91,7.8,0,0,0,0,0.0,0.0,0.0,0.0,8.4,15.1,0.0,1024.2
2025-09-29 00:00:00+00:00,8.7,92,7.4,0,0,0,0,0.0,0.0,0.0,0.0,9.3,16.6,0.0,1024.5
2025-09-29 01:00:00+00:00,7.8,90,6.2,0,0,0,0,0.0,0.0,0.0,0.0,9.5,17.6,0.0,1025.0
2025-09-29 02:00:00+00:00,7.5,89,5.8,0,0,0,0,0.0,0.0,0.0,0.0,8.9,17.3,0.0,1025.1
2025-09-29 03:00:00+00:00,7.2,90,5.7,0,0,0,0,0.0,0.0,0.0,0.0,8.5,16.2,0.0,1025.0
2025-09-29 04:00:00+00:00,7.0,91,5.6,0,0,0,0,0.0,0.0,0.0,0.0,8.3,15.5,0.0,1024.9
2025-09-29 05:00:00+00:00,6.8,92,5.6,0,0,0,0,0.0,0.0,0.0,0.0,8.7,15.8,0.0,1025.0
2025-09-29 06:00:00+00:00,6.6,93,5.5,0,0,0,0,0.0,0.0,0.0,0.0,8.6,15.8,0.0,1025.3
2025-09-29 07:00:00+00:00,7.1,92,5.8,0,0,0,0,35.0,19.0,220.4,16.0,9.2,16.9,0.0,1025.6
2025-09-29 08:00:00+00:00,9.3,86,7.1,1,0,0,1,169.0,118.0,547.4,51.0,7.3,16.9,0.0,1025.6
2025-09-29 09:00:00+00:00,12.1,79,8.6,24,0,0,24,318.0,251.0,705.3,67.0,4.7,15.8,0.0,1025.8
2025-09-29 10:00:00+00:00,14.9,70,9.4,97,0,0,97,445.0,367.0,781.5,78.0,4.2,14.8,0.0,1025.8
2025-09-29 11:00:00+00:00,16.5,59,8.5,99,0,0,99,534.0,448.0,816.2,86.0,3.3,14.8,0.0,1025.6
2025-09-29 12:00:00+00:00,17.2,53,7.6,100,0,0,100,558.0,430.0,730.8,128.0,3.6,14.4,0.0,1025.4
2025-09-29 13:00:00+00:00,17.7,51,7.6,62,5,3,58,570.0,479.0,818.4,91.0,5.8,18.0,0.0,1025.4
2025-09-29 14:00:00+00:00,17.9,51,7.6,99,7,0,99,503.0,400.0,740.8,103.0,6.7,19.1,0.0,1025.1
2025-09-29 15:00:00+00:00,17.6,49,6.8,95,5,0,95,364.0,212.0,465.6,152.0,5.9,19.1,0.0,1025.0
2025-09-29 16:00:00+00:00,17.3,50,6.7,100,0,0,100,240.0,115.0,341.1,125.0,3.9,15.8,0.0,1025.0
2025-09-29 17:00:00+00:00,16.1,67,10.1,100,0,100,100,93.0,10.0,51.7,83.0,1.5,9.4,0.0,1024.9
2025-09-29 18:00:00+00:00,14.8,69,9.2,100,2,91,100,13.0,0.0,0.0,13.0,4.0,6.8,0.0,1025.0
2025-09-29 19:00:00+00:00,13.9,75,9.6,100,6,24,100,0.0,0.0,0.0,0.0,6.4,11.9,0.0,1025.2
2025-09-29 20:00:00+00:00,13.1,81,9.9,100,0,100,100,0.0,0.0,0.0,0.0,5.6,12.2,0.0,1025.5
2025-09-29 21:00:00+00:00,12.4,84,9.8,93,0,3,93,0.0,0.0,0.0,0.0,5.7,10.4,0.0,1025.6
2025-09-29 22:00:00+00:00,11.2,87,9.1,10,0,0,10,0.0,0.0,0.0,0.0,5.5,10.4,0.0,1025.5
2025-09-29 23:00:00+00:00,10.2,89,8.5,99,0,0,99,0.0,0.0,0.0,0.0,4.9,10.1,0.0,1025.6
2025-09-30 00:00:00+00:00,9.5,91,8.1,29,0,0,29,0.0,0.0,0.0,0.0,4.6,9.4,0.0,1025.5
2025-09-30 01:00:00+00:00,8.4,95,7.7,81,0,10,79,0.0,0.0,0.0,0.0,5.5,10.1,0.0,1025.4
2025-09-30 02:00:00+00:00,7.8,96,7.2,15,0,13,2,0.0,0.0,0.0,0.0,8.2,14.8,0.0,1025.5
2025-09-30 03:00:00+00:00,7.7,95,6.9,0,0,0,0,0.0,0.0,0.0,0.0,7.4,14.8,0.0,1025.3
2025-09-30 04:00:00+00:00,7.4,95,6.7,0,0,0,0,0.0,0.0,0.0,0.0,5.9,13.3,0.0,1025.3
2025-09-30 05:00:00+00:00,7.1,96,6.4,0,0,0,0,0.0,0.0,0.0,0.0,4.0,10.4,0.0,1025.7
2025-09-30 06:00:00+00:00,6.4,97,6.1,1,0,1,0,0.0,0.0,0.0,0.0,3.3,7.2,0.0,1025.7
2025-09-30 07:00:00+00:00,7.3,96,6.7,0,0,0,0,31.0,16.0,190.6,15.0,4.3,8.6,0.0,1026.2
2025-09-30 08:00:00+00:00,10.2,85,7.8,0,0,0,0,159.0,109.0,516.5,50.0,1.8,9.0,0.0,1026.5
2025-09-30 09:00:00+00:00,13.6,75,9.3,0,0,0,0,305.0,238.0,677.7,67.0,0.0,7.9,0.0,1026.8
2025-09-30 10:00:00+00:00,15.9,63,8.8,0,0,0,0,432.0,355.0,763.9,77.0,1.5,10.1,0.0,1026.8
2025-09-30 11:00:00+00:00,17.1,55,8.1,0,0,0,0,523.0,440.0,809.2,83.0,3.4,13.3,0.0,1026.7
2025-09-30 12:00:00+00:00,17.9,53,8.1,0,0,0,0,569.0,484.0,830.2,85.0,4.8,16.2,0.0,1026.7
2025-09-30 13:00:00+00:00,18.2,52,8.1,0,0,0,0,565.0,481.0,829.7,84.0,6.4,19.1,0.0,1026.4
2025-09-30 14:00:00+00:00,18.1,52,8.2,1,1,0,0,512.0,430.0,805.1,82.0,7.9,21.2,0.0,1026.4
2025-09-30 15:00:00+00:00,17.8,54,8.4,0,0,0,0,416.0,341.0,759.0,75.0,8.3,21.6,0.0,1026.4
2025-09-30 16:00:00+00:00,17.0,58,8.6,5,0,5,0,288.0,225.0,679.7,63.0,8.7,20.9,0.0,1026.4
2025-09-30 17:00:00+00:00,15.6,67,9.6,45,0,45,0,140.0,94.0,501.7,46.0,7.4,20.5,0.0,1026.5
2025-09-30 18:00:00+00:00,14.0,76,9.9,83,0,83,0,17.0,6.0,84.3,11.0,7.5,14.8,0.0,1026.7
2025-09-30 19:00:00+00:00,13.4,79,9.8,100,0,99,93,0.0,0.0,0.0,0.0,8.2,15.1,0.0,1027.2
2025-09-30 20:00:00+00:00,13.3,80,9.9,100,0,85,100,0.0,0.0,0.0,0.0,6.5,15.5,0.0,1027.5
2025-09-30 21:00:00+00:00,12.5,84,9.9,100,0,95,97,0.0,0.0,0.0,0.0,6.1,11.9,0.0,1027.6
2025-09-30 22:00:00+00:00,11.9,89,10.1,99,0,28,98,0.0,0.0,0.0,0.0,5.1,10.8,0.0,1027.6
2025-09-30 23:00:00+00:00,10.6,94,9.8,100,0,18,100,0.0,0.0,0.0,0.0,3.8,9.4,0.0,1027.5
2025-10-01 00:00:00+00:00,8.4,97,8.0,86,0,5,85,0.0,0.0,0.0,0.0,3.1,7.2,0.0,1027.2
2025-10-01 01:00:00+00:00,7.8,99,7.7,44,0,8,38,0.0,0.0,0.0,0.0,2.3,5.0,0.0,1027.3
2025-10-01 02:00:00+00:00,7.4,100,7.4,100,97,2,100,0.0,0.0,0.0,0.0,1.5,4.7,0.0,1027.2
2025-10-01 03:00:00+00:00,7.3,100,7.3,99,97,1,87,0.0,0.0,0.0,0.0,0.4,3.6,0.0,1027.0
2025-10-01 04:00:00+00:00,7.2,100,7.2,100,99,18,100,0.0,0.0,0.0,0.0,1.1,4.3,0.0,1027.2
2025-10-01 05:00:00+00:00,7.5,100,7.4,100,99,67,98,0.0,0.0,0.0,0.0,2.4,7.2,0.0,1027.3
2025-10-01 06:00:00+00:00,7.4,100,7.4,100,100,94,100,0.0,0.0,0.0,0.0,3.1,7.6,0.0,1027.5
2025-10-01 07:00:00+00:00,8.2,98,7.9,100,99,100,100,12.0,0.0,0.0,12.0,2.6,7.6,0.0,1027.8
2025-10-01 08:00:00+00:00,9.6,98,9.2,100,95,100,100,28.0,0.0,0.0,28.0,3.4,7.9,0.1,1027.9
2025-10-01 09:00:00+00:00,11.4,95,10.6,100,75,100,100,75.0,0.0,0.0,75.0,4.7,11.5,0.0,1027.8
2025-10-01 10:00:00+00:00,14.1,89,12.2,100,36,100,100,174.0,5.0,10.9,169.0,3.1,11.5,0.0,1028.0
2025-10-01 11:00:00+00:00,15.9,80,12.5,100,34,71,98,208.0,4.0,7.4,204.0,7.2,16.2,0.0,1027.9
2025-10-01 12:00:00+00:00,17.8,66,11.4,98,30,7,97,360.0,130.0,225.1,230.0,10.3,25.9,0.0,1027.6
2025-10-01 13:00:00+00:00,18.4,62,10.9,97,11,0,97,495.0,337.0,587.1,158.0,9.7,25.6,0.0,1027.4
2025-10-01 14:00:00+00:00,18.5,60,10.4,88,2,48,88,475.0,347.0,656.9,128.0,9.8,24.8,0.0,1027.2
2025-10-01 15:00:00+00:00,18.1,60,10.2,56,0,23,46,375.0,254.0,573.0,121.0,10.0,24.5,0.0,1026.7
2025-10-01 16:00:00+00:00,17.5,63,10.4,88,0,23,84,273.0,201.0,618.7,72.0,10.1,24.5,0.0,1026.5
2025-10-01 17:00:00+00:00,16.1,73,11.4,17,0,7,11,129.0,80.0,441.6,49.0,7.9,23.0,0.0,1026.7
2025-10-01 18:00:00+00:00,14.1,84,11.4,55,0,4,53,18.0,8.0,117.5,10.0,7.8,15.1,0.0,1026.8
2025-10-01 19:00:00+00:00,13.2,90,11.6,9,0,2,7,0.0,0.0,0.0,0.0,7.4,14.8,0.0,1027.0
2025-10-01 20:00:00+00:00,12.6,93,11.5,75,0,0,75,0.0,0.0,0.0,0.0,6.8,13.3,0.0,1027.0
2025-10-01 21:00:00+00:00,12.2,95,11.4,83,0,6,82,0.0,0.0,0.0,0.0,7.2,12.6,0.0,1026.8
2025-10-01 22:00:00+00:00,12.0,96,11.4,95,0,2,95,0.0,0.0,0.0,0.0,7.6,13.0,0.0,1026.6
2025-10-01 23:00:00+00:00,11.9,97,11.5,91,9,0,90,0.0,0.0,0.0,0.0,7.9,14.0,0.0,1026.2
2025-10-02 00:00:00+00:00,11.2,98,10.9,99,22,91,90,0.0,0.0,0.0,0.0,6.0,13.7,0.0,1026.0
2025-10-02 01:00:00+00:00,11.9,98,11.5,98,13,57,94,0.0,0.0,0.0,0.0,6.4,11.2,0.0,1025.9
2025-10-02 02:00:00+00:00,11.1,98,10.9,99,6,82,95,0.0,0.0,0.0,0.0,5.5,11.2,0.0,1025.4
2025-10-02 03:00:00+00:00,12.0,97,11.6,100,1,76,100,0.0,0.0,0.0,0.0,6.2,11.5,0.0,1025.0
2025-10-02 04:00:00+00:00,11.2,98,11.0,100,0,25,100,0.0,0.0,0.0,0.0,5.1,10.4,0.0,1024.8
2025-10-02 05:00:00+00:00,10.4,100,10.4,100,2,24,100,0.0,0.0,0.0,0.0,3.8,8.6,0.0,1024.6
2025-10-02 06:00:00+00:00,10.0,100,10.0,100,100,16,100,0.0,0.0,0.0,0.0,1.1,6.5,0.0,1024.9
2025-10-02 07:00:00+00:00,9.9,100,9.9,100,100,47,100,15.0,0.0,0.0,15.0,2.0,6.5,0.0,1024.9
2025-10-02 08:00:00+00:00,10.8,99,10.7,100,100,94,100,47.0,0.0,0.0,47.0,5.2,11.5,0.0,1024.5
2025-10-02 09:00:00+00:00,13.1,97,12.7,100,97,100,100,134.0,3.0,8.8,131.0,6.2,14.4,0.0,1024.2
2025-10-02 10:00:00+00:00,16.1,88,14.1,100,7,100,100,274.0,50.0,109.9,224.0,7.9,19.1,0.0,1024.0
2025-10-02 11:00:00+00:00,16.4,84,13.6,100,18,96,100,186.0,30.0,56.2,156.0,10.5,22.7,0.0,1023.8
2025-10-02 12:00:00+00:00,16.8,82,13.7,100,12,97,100,242.0,49.0,85.6,193.0,12.5,30.6,0.0,1023.1
2025-10-02 13:00:00+00:00,17.1,80,13.7,100,8,51,100,159.0,8.0,14.1,151.0,13.9,31.0,0.0,1022.3
2025-10-02 14:00:00+00:00,18.3,63,11.2,100,0,93,100,375.0,161.0,308.2,214.0,16.2,36.0,0.0,1021.9
2025-10-02 15:00:00+00:00,17.7,67,11.4,100,0,92,100,275.0,84.0,192.1,191.0,17.0,37.1,0.0,1020.6
2025-10-02 16:00:00+00:00,16.7,71,11.4,100,0,100,100,84.0,0.0,0.0,84.0,15.6,37.1,0.0,1020.3
2025-10-02 17:00:00+00:00,16.2,70,10.8,100,0,24,100,39.0,0.0,0.0,39.0,14.8,32.4,0.0,1019.8
2025-10-02 18:00:00+00:00,15.7,75,11.2,100,0,100,100,9.0,0.0,0.0,9.0,16.6,32.8,0.0,1019.5
2025-10-02 19:00:00+00:00,15.9,75,11.5,100,0,100,100,0.0,0.0,0.0,0.0,16.1,33.5,0.0,1018.9
2025-10-02 20:00:00+00:00,16.1,74,11.4,100,0,96,100,0.0,0.0,0.0,0.0,16.2,33.5,0.0,1018.5
2025-10-02 21:00:00+00:00,16.4,72,11.2,100,0,100,100,0.0,0.0,0.0,0.0,18.9,38.2,0.0,1017.4
2025-10-02 22:00:00+00:00,16.6,70,11.1,100,0,100,100,0.0,0.0,0.0,0.0,22.9,46.8,0.0,1016.1
2025-10-02 23:00:00+00:00,16.4,73,11.6,100,0,100,100,0.0,0.0,0.0,0.0,19.9,47.9,0.2,1015.8
2025-10-03 00:00:00+00:00,16.3,77,12.2,100,0,100,100,0.0,0.0,0.0,0.0,19.3,40.0,0.5,1015.8
2025-10-03 01:00:00+00:00,15.4,82,12.4,100,9,100,100,0.0,0.0,0.0,0.0,14.6,39.6,0.7,1015.8
2025-10-03 02:00:00+00:00,15.2,81,11.9,100,21,100,100,0.0,0.0,0.0,0.0,19.7,38.5,0.1,1014.8
2025-10-03 03:00:00+00:00,14.8,88,12.8,100,100,100,100,0.0,0.0,0.0,0.0,19.9,39.2,1.1,1013.6
2025-10-03 04:00:00+00:00,14.3,93,13.1,100,100,99,100,0.0,0.0,0.0,0.0,22.2,46.8,1.8,1013.0
2025-10-03 05:00:00+00:00,14.8,94,13.8,100,100,100,100,0.0,0.0,0.0,0.0,22.4,43.2,0.3,1012.4
2025-10-03 06:00:00+00:00,15.1,97,14.8,100,100,45,100,0.0,0.0,0.0,0.0,20.3,45.4,0.7,1011.6
2025-10-03 07:00:00+00:00,15.6,97,15.2,100,100,91,100,3.0,0.0,0.0,3.0,19.7,38.9,0.4,1011.3
2025-10-03 08:00:00+00:00,15.9,98,15.6,100,100,95,100,16.0,0.0,0.0,16.0,18.9,37.8,0.4,1011.0
2025-10-03 09:00:00+00:00,16.4,97,16.0,100,100,100,100,37.0,0.0,0.0,37.0,19.9,38.2,0.1,1010.7
2025-10-03 10:00:00+00:00,16.6,97,16.2,100,100,100,100,60.0,0.0,0.0,60.0,20.6,40.3,0.1,1010.2
2025-10-03 11:00:00+00:00,16.8,96,16.2,100,79,100,100,47.0,0.0,0.0,47.0,21.8,43.2,0.0,1009.7
2025-10-03 12:00:00+00:00,17.0,95,16.2,100,96,100,100,85.0,0.0,0.0,85.0,19.7,46.1,0.1,1009.3
2025-10-03 13:00:00+00:00,16.8,97,16.3,100,2,100,100,87.0,0.0,0.0,87.0,24.7,47.9,0.9,1008.7
2025-10-03 14:00:00+00:00,16.1,93,15.0,100,9,100,100,84.0,0.0,0.0,84.0,22.2,47.9,0.8,1007.8
2025-10-03 15:00:00+00:00,16.1,97,15.6,100,100,98,100,60.0,0.0,0.0,60.0,26.4,49.7,1.0,1006.7
2025-10-03 16:00:00+00:00,16.4,96,15.8,100,100,15,100,41.0,0.0,0.0,41.0,29.6,55.8,0.7,1005.1
2025-10-03 17:00:00+00:00,16.7,97,16.1,100,100,0,99,20.0,0.0,0.0,20.0,32.6,64.1,0.1,1003.7
2025-10-03 18:00:00+00:00,16.9,97,16.5,100,100,32,86,3.0,0.0,0.0,3.0,29.4,64.1,0.3,1003.1
2025-10-03 19:00:00+00:00,16.8,98,16.5,100,100,70,47,0.0,0.0,0.0,0.0,29.4,59.8,0.4,1002.1
2025-10-03 20:00:00+00:00,16.8,98,16.4,100,100,100,8,0.0,0.0,0.0,0.0,30.4,60.1,0.3,1001.1
2025-10-03 21:00:00+00:00,16.7,97,16.3,100,100,100,16,0.0,0.0,0.0,0.0,31.0,59.8,1.2,1000.1
2025-10-03 22:00:00+00:00,16.8,97,16.2,100,100,100,16,0.0,0.0,0.0,0.0,32.6,64.4,1.5,999.1
2025-10-03 23:00:00+00:00,16.7,97,16.2,100,100,100,45,0.0,0.0,0.0,0.0,32.0,62.6,1.3,998.6
2025-10-04 00:00:00+00:00,16.1,97,15.6,100,68,100,94,0.0,0.0,0.0,0.0,23.9,62.6,1.4,998.8
2025-10-04 01:00:00+00:00,15.1,92,13.9,100,1,100,91,0.0,0.0,0.0,0.0,23.6,53.6,0.7,999.1
2025-10-04 02:00:00+00:00,13.8,89,11.9,100,23,100,100,0.0,0.0,0.0,0.0,24.8,49.3,0.2,999.1
2025-10-04 03:00:00+00:00,13.4,87,11.1,83,15,8,78,0.0,0.0,0.0,0.0,24.2,49.0,0.0,999.0
2025-10-04 04:00:00+00:00,12.6,81,9.4,31,6,28,0,0.0,0.0,0.0,0.0,25.4,53.6,0.0,999.2
2025-10-04 05:00:00+00:00,11.9,77,8.0,22,13,10,0,0.0,0.0,0.0,0.0,26.1,54.4,0.0,999.9
2025-10-04 06:00:00+00:00,11.4,72,6.4,10,9,4,0,0.0,0.0,0.0,0.0,25.9,54.7,0.0,1000.5
2025-10-04 07:00:00+00:00,10.9,72,5.9,24,22,4,0,23.0,11.0,147.1,12.0,23.8,53.3,0.0,1001.3
2025-10-04 08:00:00+00:00,11.3,70,5.9,34,20,26,0,131.0,78.0,404.6,53.0,21.2,49.0,0.0,1002.1
2025-10-04 09:00:00+00:00,11.5,61,4.3,55,41,23,0,256.0,182.0,547.8,74.0,31.1,70.2,0.0,1002.8
2025-10-04 10:00:00+00:00,12.0,62,4.8,10,2,7,5,348.0,230.0,517.1,118.0,28.4,66.6,0.0,1002.8
2025-10-04 11:00:00+00:00,12.9,55,4.2,48,35,24,2,506.0,417.0,797.4,89.0,34.4,75.2,0.1,1003.1
2025-10-04 12:00:00+00:00,13.0,62,5.9,50,37,28,12,420.0,282.0,502.5,138.0,31.9,77.8,0.0,1003.5
2025-10-04 13:00:00+00:00,13.8,54,4.7,23,0,23,0,469.0,358.0,642.8,111.0,33.2,76.7,0.0,1003.8
2025-10-04 14:00:00+00:00,14.4,47,3.3,45,18,41,0,463.0,363.0,711.0,100.0,33.1,75.2,0.0,1004.7
2025-10-04 15:00:00+00:00,13.8,55,4.8,53,15,46,0,315.0,193.0,454.0,122.0,32.0,74.2,0.0,1005.5
2025-10-04 16:00:00+00:00,13.4,60,5.7,13,4,9,0,188.0,104.0,339.4,84.0,29.4,68.4,0.0,1006.1
2025-10-04 17:00:00+00:00,12.9,62,5.7,12,5,3,3,111.0,67.0,412.1,44.0,27.0,63.7,0.0,1006.9
2025-10-04 18:00:00+00:00,12.4,63,5.5,7,2,4,1,11.0,4.0,68.2,7.0,25.7,55.8,0.0,1007.7
2025-10-04 19:00:00+00:00,12.0,67,6.1,2,2,2,0,0.0,0.0,0.0,0.0,23.9,52.6,0.0,1008.6
2025-10-04 20:00:00+00:00,11.9,69,6.4,45,1,2,43,0.0,0.0,0.0,0.0,22.8,49.0,0.0,1009.5
2025-10-04 21:00:00+00:00,11.8,73,7.2,36,2,2,33,0.0,0.0,0.0,0.0,22.5,46.4,0.0,1010.4
2025-10-04 22:00:00+00:00,11.9,74,7.4,9,2,2,6,0.0,0.0,0.0,0.0,21.8,46.4,0.0,1011.2
2025-10-04 23:00:00+00:00,11.5,76,7.5,7,3,4,0,0.0,0.0,0.0,0.0,20.9,44.6,0.0,1011.9
2025-10-05 00:00:00+00:00,11.8,75,7.4,11,1,10,0,0.0,0.0,0.0,0.0,22.0,44.3,0.0,1012.5
2025-10-05 01:00:00+00:00,11.6,71,6.4,1,1,1,0,0.0,0.0,0.0,0.0,22.1,45.4,0.0,1012.8
2025-10-05 02:00:00+00:00,11.2,72,6.3,10,1,10,0,0.0,0.0,0.0,0.0,21.9,45.4,0.0,1012.9
2025-10-05 03:00:00+00:00,11.0,74,6.6,2,1,2,0,0.0,0.0,0.0,0.0,22.2,45.0,0.0,1013.2
2025-10-05 04:00:00+00:00,10.9,75,6.7,1,1,0,0,0.0,0.0,0.0,0.0,22.5,46.1,0.0,1013.7
2025-10-05 05:00:00+00:00,10.7,76,6.6,2,2,0,0,0.0,0.0,0.0,0.0,21.7,46.1,0.0,1014.0
2025-10-05 06:00:00+00:00,10.8,76,6.7,5,2,3,0,0.0,0.0,0.0,0.0,21.7,45.0,0.0,1014.8
2025-10-05 07:00:00+00:00,10.9,75,6.6,2,1,1,0,22.0,10.0,137.9,12.0,19.8,43.6,0.0,1016.0
2025-10-05 08:00:00+00:00,12.1,72,7.1,0,0,0,0,142.0,96.0,510.1,46.0,18.0,40.3,0.0,1017.0
2025-10-05 09:00:00+00:00,13.4,70,7.9,0,0,0,0,288.0,224.0,684.1,64.0,17.5,37.4,0.0,1017.7
2025-10-05 10:00:00+00:00,14.4,64,7.7,48,26,1,30,414.0,339.0,770.8,75.0,21.4,46.4,0.0,1018.2
2025-10-05 11:00:00+00:00,15.1,59,7.1,76,71,1,14,455.0,344.0,664.5,111.0,23.1,49.0,0.0,1018.5
2025-10-05 12:00:00+00:00,15.1,59,7.1,88,60,44,67,328.0,146.0,262.7,182.0,23.4,51.1,0.0,1019.0
2025-10-05 13:00:00+00:00,15.2,59,7.3,100,37,35,100,368.0,179.0,324.7,189.0,22.3,49.7,0.1,1019.0
2025-10-05 14:00:00+00:00,15.6,58,7.2,88,57,53,52,417.0,267.0,529.1,150.0,22.8,50.8,0.0,1019.3
2025-10-05 15:00:00+00:00,15.2,60,7.6,98,45,8,96,251.0,110.0,262.5,141.0,20.3,49.3,0.0,1019.5
2025-10-05 16:00:00+00:00,15.0,60,7.4,98,22,0,98,211.0,123.0,409.6,88.0,17.1,43.2,0.0,1020.2
2025-10-05 17:00:00+00:00,13.6,67,7.6,84,24,0,79,93.0,45.0,287.7,48.0,18.3,38.9,0.0,1020.9
2025-10-05 18:00:00+00:00,12.6,72,7.7,52,0,2,52,9.0,3.0,54.0,6.0,16.7,37.8,0.0,1021.9
2025-10-05 19:00:00+00:00,11.8,75,7.4,29,0,1,29,0.0,0.0,0.0,0.0,14.2,33.8,0.0,1022.5
2025-10-05 20:00:00+00:00,11.0,78,7.2,9,0,0,9,0.0,0.0,0.0,0.0,10.9,27.7,0.0,1023.4
2025-10-05 21:00:00+00:00,10.2,81,7.2,96,0,0,96,0.0,0.0,0.0,0.0,8.6,20.9,0.0,1023.6
2025-10-05 22:00:00+00:00,9.8,84,7.3,72,0,1,72,0.0,0.0,0.0,0.0,9.0,16.6,0.0,1024.0
2025-10-05 23:00:00+00:00,9.6,87,7.5,79,0,5,77,0.0,0.0,0.0,0.0,9.7,18.0,0.0,1024.4
2025-10-06 00:00:00+00:00,9.1,90,7.6,66,0,15,60,0.0,0.0,0.0,0.0,10.6,18.7,0.0,1024.6
2025-10-06 01:00:00+00:00,9.0,93,7.9,49,23,16,22,0.0,0.0,0.0,0.0,10.7,20.5,0.0,1024.8
2025-10-06 02:00:00+00:00,9.3,93,8.1,80,79,5,2,0.0,0.0,0.0,0.0,10.6,20.2,0.0,1024.7
2025-10-06 03:00:00+00:00,10.1,90,8.5,95,95,2,0,0.0,0.0,0.0,0.0,10.7,20.2,0.0,1024.7
2025-10-06 04:00:00+00:00,10.8,88,8.9,90,89,2,5,0.0,0.0,0.0,0.0,11.3,21.6,0.0,1024.6
2025-10-06 05:00:00+00:00,11.1,89,9.2,73,69,13,0,0.0,0.0,0.0,0.0,11.1,22.0,0.0,1024.7
2025-10-06 06:00:00+00:00,10.7,93,9.6,23,2,21,0,0.0,0.0,0.0,0.0,11.4,21.6,0.0,1024.8
2025-10-06 07:00:00+00:00,10.9,92,9.6,14,9,13,0,16.0,5.0,71.2,11.0,10.6,21.6,0.0,1025.2
2025-10-06 08:00:00+00:00,12.4,87,10.3,8,7,4,0,126.0,75.0,408.5,51.0,9.5,20.5,0.0,1025.4
2025-10-06 09:00:00+00:00,14.2,80,10.8,3,3,0,0,263.0,190.0,588.9,73.0,9.1,21.6,0.0,1025.5
2025-10-06 10:00:00+00:00,15.7,74,11.1,2,2,0,0,387.0,308.0,708.4,79.0,10.3,24.8,0.0,1025.6
2025-10-06 11:00:00+00:00,17.5,66,10.9,92,92,0,0,469.0,378.0,737.7,91.0,13.1,31.3,0.0,1025.9
2025-10-06 12:00:00+00:00,17.8,67,11.6,88,88,0,0,371.0,159.0,289.0,212.0,12.6,30.6,0.0,1025.8
2025-10-06 13:00:00+00:00,18.4,67,12.1,91,91,0,2,428.0,230.0,421.6,198.0,13.7,31.7,0.0,1025.8
2025-10-06 14:00:00+00:00,18.1,69,12.3,97,97,0,1,324.0,120.0,240.6,204.0,13.0,31.7,0.0,1025.4
2025-10-06 15:00:00+00:00,17.9,69,12.1,96,95,0,9,204.0,45.0,109.0,159.0,12.1,30.2,0.0,1024.9
2025-10-06 16:00:00+00:00,17.5,73,12.5,100,100,0,10,144.0,35.0,119.0,109.0,10.9,28.8,0.0,1024.9
2025-10-06 17:00:00+00:00,16.5,79,12.8,100,100,0,12,50.0,5.0,33.3,45.0,8.0,23.4,0.0,1025.0
2025-10-06 18:00:00+00:00,15.4,84,12.8,99,8,0,99,4.0,0.0,0.0,4.0,10.2,16.2,0.0,1025.2
2025-10-06 19:00:00+00:00,14.4,88,12.4,99,6,0,99,0.0,0.0,0.0,0.0,11.1,21.2,0.0,1025.5
2025-10-06 20:00:00+00:00,13.6,90,12.1,100,0,0,100,0.0,0.0,0.0,0.0,10.2,21.2,0.0,1025.6
2025-10-06 21:00:00+00:00,13.2,92,11.9,100,5,0,100,0.0,0.0,0.0,0.0,9.5,19.4,0.0,1025.7
2025-10-06 22:00:00+00:00,12.8,94,11.8,100,4,0,100,0.0,0.0,0.0,0.0,7.2,18.0,0.0,1025.4
2025-10-06 23:00:00+00:00,12.4,95,11.6,83,16,0,80,0.0,0.0,0.0,0.0,6.9,13.3,0.0,1025.3
2025-10-07 00:00:00+00:00,11.9,96,11.2,80,0,0,80,0.0,0.0,0.0,0.0,6.7,12.6,0.0,1025.4
2025-10-07 01:00:00+00:00,11.6,96,11.0,100,4,0,100,0.0,0.0,0.0,0.0,7.4,13.7,0.0,1025.2
2025-10-07 02:00:00+00:00,11.6,96,10.9,92,9,0,91,0.0,0.0,0.0,0.0,8.2,15.1,0.0,1025.0
2025-10-07 03:00:00+00:00,11.4,96,10.8,30,2,0,28,0.0,0.0,0.0,0.0,8.4,15.5,0.0,1024.9
2025-10-07 04:00:00+00:00,11.0,96,10.4,15,2,0,13,0.0,0.0,0.0,0.0,8.8,16.2,0.0,1024.8
2025-10-07 05:00:00+00:00,10.6,95,9.9,86,5,0,85,0.0,0.0,0.0,0.0,8.6,16.2,0.0,1025.0
2025-10-07 06:00:00+00:00,10.8,96,10.2,93,82,0,63,0.0,0.0,0.0,0.0,8.0,15.8,0.0,1025.3
2025-10-07 07:00:00+00:00,11.3,95,10.6,100,63,14,99,12.0,2.0,29.5,10.0,7.3,14.8,0.0,1025.5
2025-10-07 08:00:00+00:00,12.7,92,11.4,73,9,11,66,110.0,53.0,296.1,57.0,5.2,13.0,0.0,1025.7
2025-10-07 09:00:00+00:00,14.6,82,11.4,72,5,4,70,258.0,184.0,579.0,74.0,5.4,14.4,0.0,1025.7
2025-10-07 10:00:00+00:00,15.8,70,10.2,98,48,0,95,385.0,300.0,698.1,85.0,11.3,26.6,0.0,1025.4
2025-10-07 11:00:00+00:00,16.4,65,9.8,89,67,0,66,373.0,222.0,437.8,151.0,11.9,28.1,0.0,1025.2
2025-10-07 12:00:00+00:00,16.9,61,9.4,100,84,0,100,398.0,191.0,350.7,207.0,12.4,29.2,0.0,1025.1
2025-10-07 13:00:00+00:00,17.2,59,9.1,100,49,0,100,368.0,139.0,257.5,229.0,12.2,29.5,0.0,1024.6
2025-10-07 14:00:00+00:00,17.5,57,9.0,100,14,0,100,392.0,217.0,440.3,175.0,12.0,28.8,0.0,1024.3
2025-10-07 15:00:00+00:00,17.2,59,9.1,100,10,0,100,345.0,243.0,597.0,102.0,11.2,27.7,0.0,1023.6
2025-10-07 16:00:00+00:00,16.6,63,9.4,100,19,0,100,221.0,136.0,472.1,85.0,10.0,25.6,0.0,1023.5
2025-10-07 17:00:00+00:00,15.1,72,9.9,100,13,0,100,89.0,35.0,242.7,54.0,6.4,21.2,0.0,1023.8
2025-10-07 18:00:00+00:00,13.6,80,10.2,100,0,0,100,5.0,0.0,0.0,5.0,7.5,13.0,0.0,1024.2
2025-10-07 19:00:00+00:00,12.9,83,10.1,100,0,0,100,0.0,0.0,0.0,0.0,8.7,16.2,0.0,1024.3
2025-10-07 20:00:00+00:00,12.2,86,10.0,100,2,0,100,0.0,0.0,0.0,0.0,7.8,15.8,0.0,1024.3
2025-10-07 21:00:00+00:00,11.5,91,10.0,100,2,0,100,0.0,0.0,0.0,0.0,8.0,14.4,0.0,1024.3
2025-10-07 22:00:00+00:00,11.0,93,9.9,100,3,0,100,0.0,0.0,0.0,0.0,8.0,14.4,0.0,1024.4
2025-10-07 23:00:00+00:00,10.6,94,9.8,95,6,0,94,0.0,0.0,0.0,0.0,7.8,14.4,0.0,1024.5
2025-10-08 00:00:00+00:00,10.5,94,9.6,94,8,0,93,0.0,0.0,0.0,0.0,6.6,14.0,0.0,1024.4
2025-10-08 01:00:00+00:00,10.0,96,9.4,98,0,0,98,0.0,0.0,0.0,0.0,5.9,11.9,0.0,1024.2
2025-10-08 02:00:00+00:00,9.6,97,9.1,87,0,0,87,0.0,0.0,0.0,0.0,5.5,10.4,0.0,1023.9
2025-10-08 03:00:00+00:00,9.2,98,8.9,84,52,0,66,0.0,0.0,0.0,0.0,5.3,9.7,0.0,1023.5
2025-10-08 04:00:00+00:00,9.7,98,9.4,100,100,0,6,0.0,0.0,0.0,0.0,5.6,10.8,0.0,1023.3
2025-10-08 05:00:00+00:00,10.6,96,10.0,100,100,0,0,0.0,0.0,0.0,0.0,6.1,10.8,0.0,1023.6
2025-10-08 06:00:00+00:00,11.3,94,10.4,100,100,0,0,0.0,0.0,0.0,0.0,6.3,11.5,0.0,1023.5
2025-10-08 07:00:00+00:00,11.9,92,10.6,100,100,2,0,5.0,0.0,0.0,5.0,6.3,11.5,0.0,1023.6
2025-10-08 08:00:00+00:00,12.4,91,10.9,100,100,0,0,28.0,2.0,11.5,26.0,6.7,12.2,0.0,1024.0
2025-10-08 09:00:00+00:00,13.9,86,11.6,100,100,0,83,119.0,14.0,44.7,105.0,4.9,13.7,0.0,1024.0
2025-10-08 10:00:00+00:00,14.6,84,11.9,100,100,9,68,129.0,5.0,11.8,124.0,4.1,12.6,0.0,1024.1
2025-10-08 11:00:00+00:00,14.8,85,12.2,100,100,18,0,95.0,0.0,0.0,95.0,5.3,12.2,0.0,1024.0
2025-10-08 12:00:00+00:00,15.3,86,13.1,100,100,40,18,210.0,37.0,68.6,173.0,7.1,15.5,0.0,1024.4
2025-10-08 13:00:00+00:00,16.2,83,13.4,76,75,0,1,146.0,4.0,7.5,142.0,4.5,16.6,0.0,1024.1
2025-10-08 14:00:00+00:00,17.5,75,12.9,79,79,0,0,287.0,120.0,246.4,167.0,6.1,15.1,0.0,1023.7
2025-10-08 15:00:00+00:00,17.2,77,13.1,55,55,1,0,241.0,116.0,289.3,125.0,8.3,19.8,0.1,1023.5
2025-10-08 16:00:00+00:00,17.2,77,13.1,48,48,0,0,181.0,93.0,329.7,88.0,7.4,19.8,0.0,1023.7
2025-10-08 17:00:00+00:00,15.9,85,13.5,59,59,0,0,71.0,35.0,253.3,36.0,3.7,14.8,0.1,1024.2
2025-10-08 18:00:00+00:00,14.6,91,13.1,34,34,0,0,4.0,1.0,21.6,3.0,2.6,6.5,0.1,1024.5
2025-10-08 19:00:00+00:00,13.6,94,12.6,26,26,0,0,0.0,0.0,0.0,0.0,4.9,8.3,0.0,1024.8
2025-10-08 20:00:00+00:00,13.1,95,12.2,60,59,0,4,0.0,0.0,0.0,0.0,11.5,20.5,0.0,1025.5
2025-10-08 21:00:00+00:00,12.3,95,11.4,100,100,0,0,0.0,0.0,0.0,0.0,11.3,21.2,0.0,1025.9
2025-10-08 22:00:00+00:00,11.9,95,11.1,100,100,0,0,0.0,0.0,0.0,0.0,9.9,21.2,0.0,1026.0
2025-10-08 23:00:00+00:00,12.1,95,11.2,72,72,0,0,0.0,0.0,0.0,0.0,9.4,18.4,0.0,1025.9
2025-10-09 00:00:00+00:00,12.1,90,10.6,48,48,0,0,0.0,0.0,0.0,0.0,9.8,18.4,0.0,1026.0
2025-10-09 01:00:00+00:00,10.9,91,9.6,0,0,0,0,0.0,0.0,0.0,0.0,9.6,18.0,0.0,1026.3
2025-10-09 02:00:00+00:00,10.1,92,8.8,2,2,0,0,0.0,0.0,0.0,0.0,9.0,18.0,0.0,1026.5
2025-10-09 03:00:00+00:00,9.4,93,8.2,18,18,0,0,0.0,0.0,0.0,0.0,9.8,18.4,0.0,1026.5
2025-10-09 04:00:00+00:00,9.0,93,7.9,7,7,0,0,0.0,0.0,0.0,0.0,8.3,18.0,0.0,1026.6
2025-10-09 05:00:00+00:00,8.4,94,7.6,9,9,0,0,0.0,0.0,0.0,0.0,8.3,15.5,0.0,1027.0
2025-10-09 06:00:00+00:00,9.1,93,7.9,100,100,0,12,0.0,0.0,0.0,0.0,8.8,16.2,0.0,1027.6
2025-10-09 07:00:00+00:00,8.9,93,7.8,95,67,0,86,7.0,1.0,15.8,6.0,7.4,16.9,0.0,1027.9
2025-10-09 08:00:00+00:00,9.6,90,8.0,12,10,0,2,88.0,23.0,135.5,65.0,5.2,14.4,0.0,1028.2
2025-10-09 09:00:00+00:00,11.4,83,8.6,9,0,0,9,251.0,181.0,587.4,70.0,4.4,14.0,0.0,1028.5
2025-10-09 10:00:00+00:00,13.3,73,8.6,0,0,0,0,378.0,303.0,722.1,75.0,5.8,17.6,0.0,1028.9
2025-10-09 11:00:00+00:00,14.6,67,8.6,0,0,0,0,465.0,385.0,775.3,80.0,4.7,17.3,0.0,1028.5
2025-10-09 12:00:00+00:00,15.9,63,8.9,93,93,0,0,511.0,433.0,811.4,78.0,8.7,20.9,0.0,1028.4
2025-10-09 13:00:00+00:00,15.9,63,8.9,100,100,0,0,405.0,209.0,395.5,196.0,9.9,24.8,0.0,1028.4
2025-10-09 14:00:00+00:00,15.9,66,9.4,82,82,0,0,335.0,132.0,274.3,203.0,9.7,25.6,0.0,1028.4
2025-10-09 15:00:00+00:00,15.7,67,9.6,80,80,0,0,242.0,102.0,258.2,140.0,9.2,24.1,0.0,1028.5
2025-10-09 16:00:00+00:00,15.2,69,9.7,22,22,0,0,197.0,103.0,373.1,94.0,10.1,24.8,0.0,1028.8
2025-10-09 17:00:00+00:00,14.1,77,10.1,46,33,0,20,84.0,46.0,348.0,38.0,8.0,22.7,0.0,1029.3
2025-10-09 18:00:00+00:00,13.5,81,10.2,88,88,0,0,4.0,1.0,23.1,3.0,7.7,15.8,0.0,1029.9
2025-10-09 19:00:00+00:00,13.1,84,10.4,66,65,0,3,0.0,0.0,0.0,0.0,6.0,14.4,0.0,1030.4
2025-10-09 20:00:00+00:00,12.6,87,10.4,100,100,0,13,0.0,0.0,0.0,0.0,4.7,11.2,0.0,1031.0
2025-10-09 21:00:00+00:00,12.4,88,10.6,100,100,0,0,0.0,0.0,0.0,0.0,5.3,10.1,0.0,1031.4
2025-10-09 22:00:00+00:00,12.4,88,10.6,100,100,0,0,0.0,0.0,0.0,0.0,5.4,10.4,0.0,1031.6
2025-10-09 23:00:00+00:00,12.4,89,10.7,100,100,0,0,0.0,0.0,0.0,0.0,5.8,10.8,0.0,1031.6
2025-10-10 00:00:00+00:00,12.6,89,10.8,100,100,0,3,0.0,0.0,0.0,0.0,4.8,10.8,0.0,1031.8
2025-10-10 01:00:00+00:00,12.5,90,10.9,100,100,0,14,0.0,0.0,0.0,0.0,4.7,9.0,0.0,1032.2
2025-10-10 02:00:00+00:00,12.5,90,10.9,100,100,0,7,0.0,0.0,0.0,0.0,5.3,9.7,0.0,1032.3
2025-10-10 03:00:00+00:00,12.5,90,10.9,100,100,0,0,0.0,0.0,0.0,0.0,5.8,11.2,0.0,1032.4
2025-10-10 04:00:00+00:00,12.6,89,10.9,100,100,0,0,0.0,0.0,0.0,0.0,6.4,12.2,0.0,1032.6
2025-10-10 05:00:00+00:00,12.6,89,10.9,100,100,0,0,0.0,0.0,0.0,0.0,6.7,12.6,0.0,1032.7
2025-10-10 06:00:00+00:00,12.6,89,10.8,100,100,0,0,0.0,0.0,0.0,0.0,6.4,13.0,0.0,1033.1
2025-10-10 07:00:00+00:00,12.6,89,10.8,100,100,0,0,4.0,0.0,0.0,4.0,5.6,11.9,0.0,1033.6
2025-10-10 08:00:00+00:00,13.2,87,11.1,100,100,0,0,43.0,2.0,12.1,41.0,4.2,10.8,0.0,1034.0
2025-10-10 09:00:00+00:00,14.0,82,11.1,100,100,0,0,100.0,11.0,36.3,89.0,5.1,13.0,0.0,1034.5
2025-10-10 10:00:00+00:00,14.6,78,10.9,100,100,0,0,134.0,8.0,19.3,126.0,7.5,18.0,0.0,1035.0
2025-10-10 11:00:00+00:00,14.9,76,10.9,100,100,0,0,168.0,8.0,16.3,160.0,6.8,18.4,0.0,1035.0
2025-10-10 12:00:00+00:00,14.9,76,10.7,100,100,0,0,210.0,34.0,64.4,176.0,6.3,17.6,0.1,1034.9
2025-10-10 13:00:00+00:00,15.1,75,10.8,100,100,0,0,191.0,13.0,24.9,178.0,5.5,16.6,0.0,1034.6
2025-10-10 14:00:00+00:00,15.3,75,10.8,100,100,0,0,182.0,16.0,33.7,166.0,5.2,14.8,0.0,1034.5
2025-10-10 15:00:00+00:00,15.1,75,10.6,100,100,0,0,127.0,18.0,46.3,109.0,5.2,14.0,0.0,1034.4
2025-10-10 16:00:00+00:00,15.1,75,10.7,100,100,0,0,82.0,7.0,25.9,75.0,4.6,14.0,0.0,1034.3
2025-10-10 17:00:00+00:00,14.6,84,11.9,100,100,0,0,35.0,4.0,31.7,31.0,1.7,10.4,0.0,1034.4
2025-10-10 18:00:00+00:00,14.2,86,11.9,98,98,0,0,2.0,0.0,0.0,2.0,1.5,2.9,0.0,1034.5
2025-10-10 19:00:00+00:00,13.4,87,11.2,100,100,0,0,0.0,0.0,0.0,0.0,0.6,2.2,0.0,1034.6
2025-10-10 20:00:00+00:00,13.0,90,11.4,100,99,0,100,0.0,0.0,0.0,0.0,2.6,4.0,0.0,1034.7
2025-10-10 21:00:00+00:00,12.6,91,11.2,99,13,0,99,0.0,0.0,0.0,0.0,2.6,4.7,0.0,1034.7
2025-10-10 22:00:00+00:00,11.6,90,10.1,89,23,0,85,0.0,0.0,0.0,0.0,1.0,4.0,0.0,1034.6
2025-10-10 23:00:00+00:00,11.1,91,9.6,34,0,0,34,0.0,0.0,0.0,0.0,1.4,2.5,0.0,1034.5
2025-10-11 00:00:00+00:00,11.1,95,10.4,99,98,0,65,0.0,0.0,0.0,0.0,4.9,6.1,0.0,1034.8
2025-10-11 01:00:00+00:00,10.9,96,10.2,100,95,0,99,0.0,0.0,0.0,0.0,4.7,9.7,0.0,1034.8
2025-10-11 02:00:00+00:00,10.8,96,10.1,100,98,0,100,0.0,0.0,0.0,0.0,5.5,10.4,0.0,1034.7
2025-10-11 03:00:00+00:00,11.2,93,10.1,100,98,0,96,0.0,0.0,0.0,0.0,4.8,10.8,0.0,1034.6
2025-10-11 04:00:00+00:00,11.2,92,10.0,97,91,0,63,0.0,0.0,0.0,0.0,4.4,9.0,0.0,1034.6
2025-10-11 05:00:00+00:00,11.2,91,9.9,99,89,0,95,0.0,0.0,0.0,0.0,4.6,9.0,0.0,1034.7
2025-10-11 06:00:00+00:00,11.2,89,9.4,100,69,0,100,0.0,0.0,0.0,0.0,3.3,9.0,0.0,1034.6
2025-10-11 07:00:00+00:00,11.8,87,9.7,100,41,0,100,7.0,0.0,0.0,7.0,6.0,10.8,0.0,1034.7
2025-10-11 08:00:00+00:00,12.3,85,9.9,100,42,0,100,76.0,11.0,68.5,65.0,7.6,14.4,0.0,1034.9
2025-10-11 09:00:00+00:00,13.6,74,8.9,100,34,0,100,159.0,33.0,110.6,126.0,7.9,18.4,0.0,1035.1
2025-10-11 10:00:00+00:00,14.1,68,8.2,100,39,0,100,253.0,65.0,158.7,188.0,7.5,19.8,0.0,1035.0
2025-10-11 11:00:00+00:00,14.6,65,8.1,99,40,0,98,333.0,113.0,232.5,220.0,6.8,19.4,0.0,1034.8
2025-10-11 12:00:00+00:00,14.8,65,8.2,100,86,0,100,397.0,172.0,329.1,225.0,5.2,18.7,0.0,1034.7
2025-10-11 13:00:00+00:00,15.1,65,8.7,100,73,0,100,348.0,104.0,201.1,244.0,4.8,15.8,0.0,1034.1
2025-10-11 14:00:00+00:00,15.4,65,8.9,100,86,0,100,339.0,137.0,291.8,202.0,5.8,16.6,0.0,1034.0
2025-10-11 15:00:00+00:00,15.2,66,8.9,100,81,0,100,263.0,85.0,221.8,178.0,5.6,16.6,0.0,1033.7
2025-10-11 16:00:00+00:00,14.9,68,9.1,94,63,1,84,147.0,29.0,109.8,118.0,5.7,14.8,0.0,1033.4
2025-10-11 17:00:00+00:00,13.9,78,10.1,84,57,0,62,60.0,13.0,108.0,47.0,4.1,13.0,0.0,1033.2
2025-10-11 18:00:00+00:00,12.3,83,9.5,95,16,0,94,2.0,0.0,0.0,2.0,6.2,10.4,0.0,1033.4
2025-10-11 19:00:00+00:00,11.1,87,9.0,31,11,0,23,0.0,0.0,0.0,0.0,9.4,16.9,0.0,1033.5
2025-10-11 20:00:00+00:00,10.1,88,8.3,7,7,0,0,0.0,0.0,0.0,0.0,10.2,18.7,0.0,1033.6
2025-10-11 21:00:00+00:00,9.6,89,7.9,0,0,0,0,0.0,0.0,0.0,0.0,10.4,19.1,0.0,1033.7
2025-10-11 22:00:00+00:00,9.1,90,7.7,0,0,0,0,0.0,0.0,0.0,0.0,10.4,19.8,0.0,1033.6
2025-10-11 23:00:00+00:00,8.9,92,7.6,10,10,0,0,0.0,0.0,0.0,0.0,9.9,19.4,0.0,1033.6
2025-10-12 00:00:00+00:00,8.6,92,7.4,41,41,0,0,0.0,0.0,0.0,0.0,9.7,18.0,0.0,1033.6
2025-10-12 01:00:00+00:00,8.4,93,7.3,27,27,0,0,0.0,0.0,0.0,0.0,9.1,17.6,0.0,1033.4
2025-10-12 02:00:00+00:00,8.1,94,7.3,15,15,0,0,0.0,0.0,0.0,0.0,8.6,16.6,0.0,1032.8
2025-10-12 03:00:00+00:00,7.9,96,7.3,16,16,0,0,0.0,0.0,0.0,0.0,9.0,16.6,0.0,1032.3
2025-10-12 04:00:00+00:00,7.9,96,7.3,72,72,0,0,0.0,0.0,0.0,0.0,8.7,16.6,0.0,1032.2
2025-10-12 05:00:00+00:00,7.9,97,7.4,96,96,0,0,0.0,0.0,0.0,0.0,8.6,15.8,0.0,1032.1
2025-10-12 06:00:00+00:00,9.3,96,8.7,98,98,0,0,0.0,0.0,0.0,0.0,8.5,16.6,0.0,1032.2
2025-10-12 07:00:00+00:00,9.3,96,8.6,55,55,0,0,7.0,1.0,17.8,6.0,8.7,17.3,0.0,1032.3
2025-10-12 08:00:00+00:00,10.2,92,8.9,64,64,0,0,86.0,36.0,231.0,50.0,8.1,17.6,0.0,1032.5
2025-10-12 09:00:00+00:00,12.1,86,9.9,94,94,0,0,206.0,112.0,381.4,94.0,7.2,17.6,0.0,1032.3
2025-10-12 10:00:00+00:00,13.9,78,10.2,29,29,0,0,313.0,177.0,437.6,136.0,9.3,22.7,0.0,1032.1
2025-10-12 11:00:00+00:00,14.8,74,10.1,24,24,0,0,417.0,299.0,622.0,118.0,8.8,24.1,0.0,1031.8
2025-10-12 12:00:00+00:00,14.3,71,9.2,100,100,0,0,459.0,348.0,672.8,111.0,10.6,23.0,0.0,1031.9
2025-10-12 13:00:00+00:00,15.0,69,9.4,34,34,0,0,399.0,194.0,379.3,205.0,8.9,25.9,0.0,1031.4
2025-10-12 14:00:00+00:00,15.4,69,9.8,14,14,0,0,431.0,331.0,713.7,100.0,8.1,22.7,0.0,1030.9
2025-10-12 15:00:00+00:00,15.2,71,9.9,21,21,0,0,344.0,269.0,712.6,75.0,9.3,22.3,0.0,1030.6
2025-10-12 16:00:00+00:00,14.7,73,9.9,20,20,0,0,209.0,145.0,561.2,64.0,9.5,22.7,0.0,1030.6
2025-10-12 17:00:00+00:00,13.3,79,9.8,10,10,0,0,75.0,42.0,366.4,33.0,9.0,20.2,0.0,1030.5
2025-10-12 18:00:00+00:00,11.6,84,8.9,1,1,0,0,2.0,0.0,0.0,2.0,11.0,18.7,0.0,1030.6
2025-10-12 19:00:00+00:00,10.7,86,8.4,0,0,0,0,0.0,0.0,0.0,0.0,11.2,21.2,0.0,1030.7
2025-10-12 20:00:00+00:00,10.4,87,8.3,0,0,0,0,0.0,0.0,0.0,0.0,11.8,22.0,0.0,1030.7
2025-10-12 21:00:00+00:00,10.1,89,8.4,1,1,0,0,0.0,0.0,0.0,0.0,11.7,22.3,0.0,1030.6
2025-10-12 22:00:00+00:00,10.2,92,8.9,100,100,0,0,0.0,0.0,0.0,0.0,11.0,22.3,0.0,1030.4
2025-10-12 23:00:00+00:00,11.4,90,9.8,100,100,0,0,0.0,0.0,0.0,0.0,9.7,21.6,0.0,1030.3
2025-10-13 00:00:00+00:00,11.7,91,10.2,100,100,0,0,0.0,0.0,0.0,0.0,10.6,18.7,0.0,1030.3
2025-10-13 01:00:00+00:00,11.9,92,10.6,100,100,0,0,0.0,0.0,0.0,0.0,10.7,21.2,0.0,1030.1
2025-10-13 02:00:00+00:00,12.1,93,11.1,100,100,0,0,0.0,0.0,0.0,0.0,11.1,22.3,0.0,1029.8
2025-10-13 03:00:00+00:00,12.4,93,11.4,95,95,0,0,0.0,0.0,0.0,0.0,11.6,23.0,0.0,1029.4
2025-10-13 04:00:00+00:00,12.4,94,11.4,100,100,0,0,0.0,0.0,0.0,0.0,11.5,23.4,0.0,1029.4
2025-10-13 05:00:00+00:00,12.5,94,11.6,100,100,0,0,0.0,0.0,0.0,0.0,10.4,23.0,0.0,1029.2
2025-10-13 06:00:00+00:00,12.4,95,11.5,100,100,0,0,0.0,0.0,0.0,0.0,10.6,20.5,0.0,1029.2
2025-10-13 07:00:00+00:00,12.6,94,11.6,100,100,0,0,3.0,0.0,0.0,3.0,10.6,20.9,0.0,1029.2
2025-10-13 08:00:00+00:00,13.3,92,12.0,100,100,0,0,40.0,1.0,6.6,39.0,10.3,24.8,0.0,1029.4
2025-10-13 09:00:00+00:00,14.0,89,12.1,100,100,0,0,95.0,2.0,6.9,93.0,11.5,26.6,0.0,1029.5
2025-10-13 10:00:00+00:00,14.8,85,12.2,100,100,0,0,142.0,8.0,20.0,134.0,11.3,25.2,0.0,1029.6
2025-10-13 11:00:00+00:00,15.6,80,12.1,100,100,0,0,186.0,26.0,54.7,160.0,13.1,29.2,0.0,1029.5
2025-10-13 12:00:00+00:00,15.5,78,11.7,100,100,0,0,208.0,19.0,37.1,189.0,14.2,31.7,0.0,1029.3
2025-10-13 13:00:00+00:00,15.4,78,11.6,100,100,0,0,159.0,12.0,23.7,147.0,13.1,31.0,0.0,1028.9
2025-10-13 14:00:00+00:00,15.5,78,11.6,100,100,0,0,179.0,23.0,50.2,156.0,14.4,31.7,0.0,1028.7
2025-10-13 15:00:00+00:00,15.6,77,11.6,100,100,0,0,143.0,22.0,59.2,121.0,14.8,34.2,0.0,1028.3
2025-10-13 16:00:00+00:00,15.3,79,11.6,100,100,0,0,82.0,7.0,27.7,75.0,12.4,34.2,0.0,1028.3
2025-10-13 17:00:00+00:00,14.9,80,11.4,100,100,0,0,28.0,2.0,18.3,26.0,10.3,25.9,0.0,1028.4
2025-10-13 18:00:00+00:00,14.3,82,11.4,100,100,0,0,1.0,0.0,0.0,1.0,12.1,23.0,0.0,1028.5
2025-10-13 19:00:00+00:00,14.0,84,11.3,100,100,0,0,0.0,0.0,0.0,0.0,12.5,25.6,0.0,1028.6
2025-10-13 20:00:00+00:00,13.9,85,11.4,100,100,0,0,0.0,0.0,0.0,0.0,12.7,25.6,0.0,1028.7
2025-10-13 21:00:00+00:00,13.7,88,11.7,91,91,0,0,0.0,0.0,0.0,0.0,13.6,27.4,0.0,1028.8
2025-10-13 22:00:00+00:00,13.6,90,11.9,88,88,0,0,0.0,0.0,0.0,0.0,12.8,27.4,0.0,1028.9
2025-10-13 23:00:00+00:00,13.3,92,12.1,100,100,0,0,0.0,0.0,0.0,0.0,9.0,25.9,0.0,1029.0
2025-10-14 00:00:00+00:00,13.6,91,12.2,100,100,0,0,0.0,0.0,0.0,0.0,8.7,17.6,0.0,1029.1
2025-10-14 01:00:00+00:00,13.4,92,12.1,100,100,0,0,0.0,0.0,0.0,0.0,8.4,17.6,0.0,1029.1
2025-10-14 02:00:00+00:00,13.4,92,12.0,100,100,0,0,0.0,0.0,0.0,0.0,9.4,19.1,0.0,1029.0
2025-10-14 03:00:00+00:00,13.1,92,11.8,100,100,0,0,0.0,0.0,0.0,0.0,10.0,20.5,0.0,1028.7
2025-10-14 04:00:00+00:00,12.9,92,11.6,100,100,0,0,0.0,0.0,0.0,0.0,9.8,20.5,0.0,1028.8
2025-10-14 05:00:00+00:00,12.8,91,11.4,100,100,0,0,0.0,0.0,0.0,0.0,11.5,22.7,0.0,1028.9
2025-10-14 06:00:00+00:00,12.4,91,10.9,100,100,0,0,0.0,0.0,0.0,0.0,12.5,24.8,0.0,1029.3
2025-10-14 07:00:00+00:00,12.1,90,10.6,100,100,0,0,3.0,0.0,0.0,3.0,12.2,25.2,0.0,1029.6
2025-10-14 08:00:00+00:00,12.4,88,10.4,100,100,0,0,45.0,2.0,13.6,43.0,11.8,25.2,0.0,1030.1
2025-10-14 09:00:00+00:00,12.9,84,10.3,100,100,0,0,111.0,6.0,21.1,105.0,13.1,28.4,0.0,1030.3
2025-10-14 10:00:00+00:00,13.8,79,10.2,100,100,0,0,175.0,27.0,68.5,148.0,13.5,31.0,0.0,1030.3
2025-10-14 11:00:00+00:00,14.5,76,10.4,100,100,0,0,260.0,88.0,187.1,172.0,13.2,31.0,0.0,1030.2
2025-10-14 12:00:00+00:00,13.7,79,10.1,100,100,0,0,247.0,40.0,79.0,207.0,12.2,30.2,0.0,1030.3
2025-10-14 13:00:00+00:00,13.9,78,10.1,100,100,0,0,236.0,35.0,70.0,201.0,12.2,28.4,0.0,1030.2
2025-10-14 14:00:00+00:00,14.0,76,9.9,100,100,0,33,230.0,61.0,134.8,169.0,12.2,28.4,0.0,1030.0
2025-10-14 15:00:00+00:00,13.9,75,9.5,96,96,0,0,195.0,34.0,92.9,161.0,12.6,28.4,0.0,1029.6
2025-10-14 16:00:00+00:00,13.6,75,9.2,63,63,0,2,146.0,44.0,178.2,102.0,12.0,29.9,0.0,1029.3
2025-10-14 17:00:00+00:00,12.6,80,9.4,100,100,0,27,57.0,26.0,244.6,31.0,9.2,25.6,0.0,1029.4
2025-10-14 18:00:00+00:00,12.4,84,9.6,100,100,0,47,1.0,0.0,0.0,1.0,9.7,19.1,0.0,1030.0
2025-10-14 19:00:00+00:00,12.0,85,9.6,100,100,0,84,0.0,0.0,0.0,0.0,8.7,19.8,0.0,1030.1
2025-10-14 20:00:00+00:00,11.9,86,9.6,100,100,0,17,0.0,0.0,0.0,0.0,9.1,18.7,0.0,1030.1
2025-10-14 21:00:00+00:00,11.7,88,9.8,100,100,0,33,0.0,0.0,0.0,0.0,9.7,19.8,0.0,1030.3
2025-10-14 22:00:00+00:00,11.7,87,9.6,98,97,0,43,0.0,0.0,0.0,0.0,11.6,23.4,0.0,1030.3
2025-10-14 23:00:00+00:00,11.4,84,8.7,100,99,0,42,0.0,0.0,0.0,0.0,11.2,25.2,0.0,1030.5
2025-10-15 00:00:00+00:00,11.4,80,8.1,95,92,0,32,0.0,0.0,0.0,0.0,12.1,22.7,0.0,1030.8
2025-10-15 01:00:00+00:00,10.6,80,7.3,61,52,0,18,0.0,0.0,0.0,0.0,11.5,25.2,0.0,1030.8
2025-10-15 02:00:00+00:00,9.8,83,7.1,100,100,0,0,0.0,0.0,0.0,0.0,9.6,24.1,0.0,1030.5
2025-10-15 03:00:00+00:00,10.2,84,7.7,98,98,0,0,0.0,0.0,0.0,0.0,9.8,19.8,0.0,1030.2
2025-10-15 04:00:00+00:00,10.4,85,7.9,100,100,0,0,0.0,0.0,0.0,0.0,9.9,20.9,0.0,1030.0
2025-10-15 05:00:00+00:00,10.4,86,8.1,100,100,0,0,0.0,0.0,0.0,0.0,10.1,20.2,0.0,1029.8
2025-10-15 06:00:00+00:00,10.3,87,8.2,100,100,0,0,0.0,0.0,0.0,0.0,10.0,22.3,0.0,1029.9
2025-10-15 07:00:00+00:00,10.4,88,8.6,100,100,0,0,3.0,0.0,0.0,3.0,10.2,20.5,0.0,1030.0
2025-10-15 08:00:00+00:00,10.8,87,8.6,100,100,0,0,30.0,0.0,0.0,30.0,11.4,24.1,0.0,1030.2
2025-10-15 09:00:00+00:00,11.3,84,8.8,100,100,0,0,76.0,2.0,7.2,74.0,12.2,27.0,0.0,1030.3
2025-10-15 10:00:00+00:00,11.9,81,8.9,100,100,0,0,129.0,6.0,15.4,123.0,12.7,28.8,0.0,1030.3
2025-10-15 11:00:00+00:00,12.6,80,9.1,100,100,0,0,153.0,6.0,12.9,147.0,12.6,28.4,0.0,1030.1
2025-10-15 12:00:00+00:00,12.4,80,9.0,100,100,0,0,183.0,10.0,20.0,173.0,12.7,28.4,0.0,1030.0
2025-10-15 13:00:00+00:00,12.9,78,9.1,100,100,0,0,225.0,25.0,50.5,200.0,12.7,29.5,0.0,1029.4
2025-10-15 14:00:00+00:00,13.1,77,9.2,100,100,0,0,171.0,32.0,71.6,139.0,13.4,30.2,0.0,1029.1
2025-10-15 15:00:00+00:00,12.9,78,9.2,100,100,0,0,113.0,4.0,11.1,109.0,13.9,30.6,0.0,1028.8
2025-10-15 16:00:00+00:00,12.8,79,9.2,100,100,0,0,78.0,9.0,37.3,69.0,13.2,31.3,0.0,1028.6
2025-10-15 17:00:00+00:00,12.2,83,9.4,95,95,0,0,24.0,1.0,9.7,23.0,11.2,28.4,0.0,1028.6
2025-10-15 18:00:00+00:00,11.8,86,9.4,100,100,0,0,0.0,0.0,0.0,0.0,10.0,23.8,0.0,1028.9
2025-10-15 19:00:00+00:00,11.4,87,9.4,100,100,0,0,0.0,0.0,0.0,0.0,10.9,21.6,0.0,1028.8
2025-10-15 20:00:00+00:00,11.4,85,8.9,95,95,0,0,0.0,0.0,0.0,0.0,13.2,26.3,0.0,1028.8
2025-10-15 21:00:00+00:00,11.3,82,8.4,37,37,0,0,0.0,0.0,0.0,0.0,13.3,27.4,0.0,1028.9
2025-10-15 22:00:00+00:00,10.3,86,8.1,9,9,0,0,0.0,0.0,0.0,0.0,12.0,26.6,0.0,1028.9
2025-10-15 23:00:00+00:00,9.6,91,8.2,33,33,0,0,0.0,0.0,0.0,0.0,10.9,23.0,0.0,1028.8
2025-10-16 00:00:00+00:00,10.4,88,8.4,100,100,0,0,0.0,0.0,0.0,0.0,10.2,20.5,0.0,1028.6
2025-10-16 01:00:00+00:00,10.6,87,8.5,100,100,0,0,0.0,0.0,0.0,0.0,10.1,19.8,0.0,1028.4
2025-10-16 02:00:00+00:00,10.6,87,8.5,100,100,0,0,0.0,0.0,0.0,0.0,10.2,20.2,0.0,1028.2
2025-10-16 03:00:00+00:00,10.2,90,8.6,100,100,0,0,0.0,0.0,0.0,0.0,10.5,20.5,0.0,1027.8
2025-10-16 04:00:00+00:00,10.2,92,8.9,100,100,0,0,0.0,0.0,0.0,0.0,10.2,20.9,0.0,1027.6
2025-10-16 05:00:00+00:00,10.1,93,9.0,100,100,0,0,0.0,0.0,0.0,0.0,10.0,20.2,0.0,1027.4
2025-10-16 06:00:00+00:00,10.5,92,9.2,100,100,0,0,0.0,0.0,0.0,0.0,9.1,20.9,0.0,1027.6
2025-10-16 07:00:00+00:00,10.7,91,9.4,100,100,0,0,2.0,0.0,0.0,2.0,9.1,19.1,0.0,1027.9
2025-10-16 08:00:00+00:00,10.9,90,9.4,100,100,0,0,28.0,0.0,0.0,28.0,8.3,19.4,0.0,1028.1
2025-10-16 09:00:00+00:00,11.8,87,9.6,100,100,0,0,91.0,14.0,51.0,77.0,8.3,19.1,0.0,1028.1
2025-10-16 10:00:00+00:00,12.9,81,9.8,55,55,0,0,206.0,82.0,213.4,124.0,8.9,21.6,0.0,1027.9
2025-10-16 11:00:00+00:00,14.2,74,9.6,23,23,0,0,338.0,196.0,426.3,142.0,9.3,22.7,0.0,1027.7
2025-10-16 12:00:00+00:00,15.4,66,9.1,100,100,0,0,455.0,353.0,712.4,102.0,11.8,27.4,0.1,1027.2
2025-10-16 13:00:00+00:00,15.8,63,8.8,100,100,0,0,303.0,129.0,263.7,174.0,10.0,26.3,0.0,1026.8
2025-10-16 14:00:00+00:00,15.5,67,9.4,100,100,0,0,220.0,35.0,79.3,185.0,10.6,24.5,0.0,1026.4
2025-10-16 15:00:00+00:00,15.1,72,10.1,100,100,0,0,163.0,21.0,59.2,142.0,9.5,24.5,0.0,1026.3
2025-10-16 16:00:00+00:00,14.8,74,10.2,100,100,0,0,111.0,37.0,157.1,74.0,7.4,21.2,0.0,1026.3
2025-10-16 17:00:00+00:00,13.9,80,10.4,96,96,0,0,31.0,9.0,89.7,22.0,7.1,15.5,0.0,1026.4
2025-10-16 18:00:00+00:00,13.6,83,10.8,100,100,0,0,0.0,0.0,0.0,0.0,8.1,14.0,0.0,1026.5
2025-10-16 19:00:00+00:00,13.3,84,10.6,77,77,0,0,0.0,0.0,0.0,0.0,8.9,16.9,0.0,1026.7
2025-10-16 20:00:00+00:00,12.4,86,10.1,77,77,0,0,0.0,0.0,0.0,0.0,10.1,18.7,0.0,1026.7
2025-10-16 21:00:00+00:00,11.8,87,9.7,86,86,0,0,0.0,0.0,0.0,0.0,10.5,19.8,0.0,1026.6
2025-10-16 22:00:00+00:00,11.6,88,9.6,41,41,0,0,0.0,0.0,0.0,0.0,9.0,19.4,0.0,1026.5
2025-10-16 23:00:00+00:00,10.8,92,9.4,4,4,0,0,0.0,0.0,0.0,0.0,8.6,16.6,0.0,1026.4
2025-10-17 00:00:00+00:00,11.9,90,10.2,100,100,0,0,0.0,0.0,0.0,0.0,8.5,15.1,0.0,1026.2
2025-10-17 01:00:00+00:00,11.8,92,10.5,100,100,0,0,0.0,0.0,0.0,0.0,9.6,18.0,0.0,1026.1
2025-10-17 02:00:00+00:00,11.5,94,10.6,91,91,0,0,0.0,0.0,0.0,0.0,9.3,18.4,0.0,1025.9
2025-10-17 03:00:00+00:00,11.4,95,10.6,58,58,0,0,0.0,0.0,0.0,0.0,9.3,17.6,0.0,1025.6
2025-10-17 04:00:00+00:00,10.8,96,10.2,62,62,0,0,0.0,0.0,0.0,0.0,8.1,17.6,0.0,1025.6
2025-10-17 05:00:00+00:00,10.4,97,9.9,86,86,0,0,0.0,0.0,0.0,0.0,7.1,15.1,0.0,1025.7
2025-10-17 06:00:00+00:00,11.6,94,10.6,100,100,0,70,0.0,0.0,0.0,0.0,7.7,13.0,0.0,1025.6
2025-10-17 07:00:00+00:00,11.8,93,10.6,100,97,0,92,2.0,0.0,0.0,2.0,7.7,14.8,0.0,1025.7
2025-10-17 08:00:00+00:00,12.5,90,10.9,100,99,0,86,55.0,12.0,90.4,43.0,6.5,15.1,0.0,1025.9
2025-10-17 09:00:00+00:00,13.4,86,11.1,56,52,0,9,161.0,49.0,181.8,112.0,6.9,16.6,0.0,1026.1
2025-10-17 10:00:00+00:00,14.8,78,10.9,28,23,0,7,314.0,207.0,545.8,107.0,9.6,22.3,0.0,1026.0
2025-10-17 11:00:00+00:00,15.5,72,10.4,52,51,0,2,391.0,287.0,631.5,104.0,11.2,27.0,0.1,1025.8
2025-10-17 12:00:00+00:00,14.9,73,10.1,100,100,0,0,370.0,225.0,459.1,145.0,9.2,27.0,0.0,1025.8
2025-10-17 13:00:00+00:00,15.2,71,10.1,47,47,0,0,208.0,23.0,47.6,185.0,9.4,22.7,0.0,1025.5
2025-10-17 14:00:00+00:00,15.3,72,10.2,70,70,0,0,306.0,174.0,399.6,132.0,10.3,24.5,0.1,1025.0
2025-10-17 15:00:00+00:00,15.1,72,9.9,97,97,0,0,208.0,91.0,260.8,117.0,9.4,24.1,0.1,1024.9
2025-10-17 16:00:00+00:00,14.7,75,10.3,98,98,0,0,115.0,38.0,165.3,77.0,7.0,22.7,0.0,1024.6
2025-10-17 17:00:00+00:00,13.8,80,10.4,96,96,0,0,41.0,13.0,133.4,28.0,6.5,14.4,0.0,1024.8
2025-10-17 18:00:00+00:00,13.1,83,10.2,100,100,0,0,0.0,0.0,0.0,0.0,8.8,14.4,0.0,1025.1
2025-10-17 19:00:00+00:00,12.4,84,9.9,47,47,0,0,0.0,0.0,0.0,0.0,9.2,16.9,0.0,1025.4
2025-10-17 20:00:00+00:00,11.5,86,9.3,76,76,0,0,0.0,0.0,0.0,0.0,10.8,20.2,0.0,1025.5
2025-10-17 21:00:00+00:00,11.2,85,8.8,39,39,0,0,0.0,0.0,0.0,0.0,11.3,22.0,0.0,1025.2
2025-10-17 22:00:00+00:00,10.5,86,8.3,25,15,0,12,0.0,0.0,0.0,0.0,10.6,22.0,0.0,1025.2
2025-10-17 23:00:00+00:00,9.9,89,8.1,100,23,0,100,0.0,0.0,0.0,0.0,10.1,20.2,0.0,1025.4
2025-10-18 00:00:00+00:00,10.4,85,7.9,100,83,0,100,0.0,0.0,0.0,0.0,10.5,20.5,0.0,1025.3
2025-10-18 01:00:00+00:00,10.5,85,8.1,100,100,0,100,0.0,0.0,0.0,0.0,10.3,20.2,0.0,1025.1
2025-10-18 02:00:00+00:00,10.9,84,8.4,100,99,0,100,0.0,0.0,0.0,0.0,10.3,20.2,0.0,1024.8
2025-10-18 03:00:00+00:00,10.9,87,8.8,100,99,0,100,0.0,0.0,0.0,0.0,11.7,22.7,0.0,1024.3
2025-10-18 04:00:00+00:00,10.9,89,9.1,100,73,0,100,0.0,0.0,0.0,0.0,12.1,23.8,0.0,1024.0
2025-10-18 05:00:00+00:00,10.9,90,9.4,98,67,0,96,0.0,0.0,0.0,0.0,11.8,23.4,0.0,1024.1
2025-10-18 06:00:00+00:00,10.9,90,9.4,100,27,0,100,0.0,0.0,0.0,0.0,11.5,22.7,0.0,1023.8
2025-10-18 07:00:00+00:00,11.2,90,9.6,100,15,0,100,3.0,0.0,0.0,3.0,11.2,21.6,0.0,1023.8
2025-10-18 08:00:00+00:00,12.5,83,9.7,100,3,0,100,63.0,12.0,93.7,51.0,13.3,25.9,0.0,1023.7
2025-10-18 09:00:00+00:00,14.1,75,9.6,100,0,0,100,171.0,58.0,219.2,113.0,15.3,31.7,0.0,1023.2
2025-10-18 10:00:00+00:00,14.7,66,8.4,100,12,0,100,274.0,120.0,320.7,154.0,20.8,45.7,0.0,1023.1
2025-10-18 11:00:00+00:00,14.8,64,7.9,100,19,3,100,282.0,63.0,140.3,219.0,21.5,49.7,0.0,1022.9
2025-10-18 12:00:00+00:00,14.6,62,7.3,100,39,86,100,237.0,29.0,59.8,208.0,20.2,51.5,0.0,1022.5
2025-10-18 13:00:00+00:00,14.4,62,7.2,100,19,100,100,164.0,1.0,2.1,163.0,19.0,43.9,0.0,1021.7
2025-10-18 14:00:00+00:00,14.3,63,7.2,100,5,100,100,161.0,4.0,9.3,157.0,17.4,41.4,0.0,1020.9
2025-10-18 15:00:00+00:00,13.9,66,7.5,100,5,100,100,90.0,0.0,0.0,90.0,14.9,37.1,0.0,1020.3
2025-10-18 16:00:00+00:00,13.6,68,7.8,100,1,100,100,51.0,0.0,0.0,51.0,15.3,31.3,0.0,1019.6
2025-10-18 17:00:00+00:00,13.4,71,8.2,100,0,100,100,13.0,0.0,0.0,13.0,16.5,33.8,0.0,1018.9
2025-10-18 18:00:00+00:00,12.9,74,8.4,100,2,100,100,0.0,0.0,0.0,0.0,15.7,33.8,0.0,1018.4
2025-10-18 19:00:00+00:00,13.1,74,8.6,100,6,100,100,0.0,0.0,0.0,0.0,14.9,31.7,0.0,1018.3
2025-10-18 20:00:00+00:00,13.4,75,9.0,100,2,100,100,0.0,0.0,0.0,0.0,14.0,30.6,0.1,1017.6
2025-10-18 21:00:00+00:00,13.1,77,9.2,100,0,100,100,0.0,0.0,0.0,0.0,14.8,28.8,0.2,1016.7
2025-10-18 22:00:00+00:00,13.3,76,9.2,100,0,100,100,0.0,0.0,0.0,0.0,16.7,32.8,0.1,1015.3
2025-10-18 23:00:00+00:00,13.5,75,9.1,100,0,100,99,0.0,0.0,0.0,0.0,16.9,34.6,0.0,1014.3
2025-10-19 00:00:00+00:00,13.4,78,9.6,100,0,99,100,0.0,0.0,0.0,0.0,16.8,34.2,0.0,1013.7
2025-10-19 01:00:00+00:00,13.2,80,9.9,100,0,98,92,0.0,0.0,0.0,0.0,15.5,33.1,0.0,1012.7
2025-10-19 02:00:00+00:00,12.9,83,10.1,99,0,99,16,0.0,0.0,0.0,0.0,13.8,30.6,0.0,1011.7
2025-10-19 03:00:00+00:00,13.1,83,10.4,67,0,52,32,0.0,0.0,0.0,0.0,14.3,28.4,0.0,1010.5
2025-10-19 04:00:00+00:00,12.6,87,10.6,100,0,100,94,0.0,0.0,0.0,0.0,15.0,29.2,0.0,1009.6
2025-10-19 05:00:00+00:00,13.3,86,11.1,100,0,100,95,0.0,0.0,0.0,0.0,15.3,30.6,0.0,1008.4
2025-10-19 06:00:00+00:00,13.7,86,11.4,81,6,77,14,0.0,0.0,0.0,0.0,15.0,30.2,0.0,1007.8
2025-10-19 07:00:00+00:00,13.9,87,11.6,98,1,97,77,2.0,0.0,0.0,2.0,15.0,29.9,0.0,1007.0
2025-10-19 08:00:00+00:00,14.4,86,12.1,100,5,100,100,31.0,5.0,40.5,26.0,15.5,31.0,0.0,1006.6
2025-10-19 09:00:00+00:00,14.9,86,12.6,100,52,100,99,89.0,1.0,3.9,88.0,16.2,33.5,0.3,1005.7
2025-10-19 10:00:00+00:00,14.4,92,13.1,100,26,100,95,65.0,0.0,0.0,65.0,17.4,33.1,0.8,1004.8
2025-10-19 11:00:00+00:00,14.2,95,13.5,100,65,100,84,46.0,0.0,0.0,46.0,19.6,36.7,1.1,1004.1
2025-10-19 12:00:00+00:00,14.6,94,13.6,100,100,100,100,54.0,0.0,0.0,54.0,22.7,45.4,1.5,1002.5
2025-10-19 13:00:00+00:00,14.4,96,13.8,100,99,100,100,44.0,0.0,0.0,44.0,21.7,50.0,1.7,1001.4
2025-10-19 14:00:00+00:00,14.6,96,13.9,100,100,100,100,51.0,0.0,0.0,51.0,20.4,41.8,2.1,999.9
2025-10-19 15:00:00+00:00,14.4,96,13.7,100,100,100,100,31.0,0.0,0.0,31.0,21.9,43.6,1.3,998.5
2025-10-19 16:00:00+00:00,14.4,96,13.7,100,100,17,96,16.0,0.0,0.0,16.0,23.4,45.0,2.1,997.0
2025-10-19 17:00:00+00:00,14.6,97,14.1,100,100,4,47,11.0,0.0,0.0,11.0,20.6,45.0,0.4,996.3
2025-10-19 18:00:00+00:00,14.9,97,14.4,100,100,74,10,0.0,0.0,0.0,0.0,20.6,41.0,2.6,996.0
2025-10-19 19:00:00+00:00,15.0,97,14.6,98,98,63,2,0.0,0.0,0.0,0.0,16.1,39.6,0.5,995.5
2025-10-19 20:00:00+00:00,14.3,95,13.4,36,35,12,0,0.0,0.0,0.0,0.0,14.6,29.9,0.3,995.4
2025-10-19 21:00:00+00:00,13.4,98,13.1,80,80,2,0,0.0,0.0,0.0,0.0,17.6,32.8,0.0,995.9
2025-10-19 22:00:00+00:00,13.2,96,12.6,25,15,17,0,0.0,0.0,0.0,0.0,16.8,35.6,0.0,995.9
2025-10-19 23:00:00+00:00,12.6,96,11.9,35,30,10,0,0.0,0.0,0.0,0.0,12.6,31.7,0.0,995.6
2025-10-20 00:00:00+00:00,12.5,96,11.9,45,38,10,0,0.0,0.0,0.0,0.0,12.1,25.2,0.0,995.1
2025-10-20 01:00:00+00:00,12.5,95,11.8,95,91,36,0,0.0,0.0,0.0,0.0,15.3,28.8,0.1,994.6
2025-10-20 02:00:00+00:00,12.9,95,12.1,100,100,54,0,0.0,0.0,0.0,0.0,15.9,31.7,0.3,994.0
2025-10-20 03:00:00+00:00,12.8,95,12.0,100,98,97,100,0.0,0.0,0.0,0.0,16.6,32.8,0.3,992.8
2025-10-20 04:00:00+00:00,12.8,95,12.0,100,100,100,11,0.0,0.0,0.0,0.0,18.2,33.8,0.4,992.0
2025-10-20 05:00:00+00:00,12.8,96,12.1,100,22,100,100,0.0,0.0,0.0,0.0,16.2,34.6,1.0,991.3
2025-10-20 06:00:00+00:00,12.7,92,11.5,100,100,100,42,0.0,0.0,0.0,0.0,18.8,30.2,0.9,990.9
2025-10-20 07:00:00+00:00,12.6,95,11.9,100,100,97,98,0.0,0.0,0.0,0.0,20.4,39.6,1.1,990.0
2025-10-20 08:00:00+00:00,12.9,93,11.7,100,96,92,100,17.0,0.0,0.0,17.0,23.6,45.7,0.7,989.7
2025-10-20 09:00:00+00:00,12.5,94,11.5,100,50,70,98,43.0,0.0,0.0,43.0,23.9,49.3,0.4,988.9
2025-10-20 10:00:00+00:00,13.3,90,11.7,100,65,77,100,180.0,26.0,71.4,154.0,26.6,51.1,0.5,987.9
2025-10-20 11:00:00+00:00,13.3,90,11.6,100,39,48,99,92.0,11.0,25.1,81.0,23.4,50.4,0.2,986.7
2025-10-20 12:00:00+00:00,13.4,88,11.4,100,77,32,100,249.0,52.0,109.8,197.0,18.6,46.1,0.2,986.5
2025-10-20 13:00:00+00:00,13.9,86,11.6,100,73,32,100,210.0,47.0,100.7,163.0,17.6,46.8,0.3,985.4
2025-10-20 14:00:00+00:00,14.1,87,12.0,98,27,15,97,200.0,28.0,66.9,172.0,18.9,41.8,0.3,984.9
2025-10-20 15:00:00+00:00,14.1,83,11.1,92,25,71,66,192.0,76.0,229.0,116.0,19.5,41.8,0.1,984.4
2025-10-20 16:00:00+00:00,13.1,90,11.6,87,12,35,79,80.0,27.0,126.8,53.0,14.9,39.6,4.0,984.2
2025-10-20 17:00:00+00:00,12.6,93,11.5,73,55,63,0,26.0,6.0,67.6,20.0,9.9,27.0,1.8,984.6
2025-10-20 18:00:00+00:00,13.4,93,12.2,90,10,19,88,0.0,0.0,0.0,0.0,17.0,26.3,0.0,985.4
2025-10-20 19:00:00+00:00,13.2,92,12.0,16,1,2,13,0.0,0.0,0.0,0.0,18.8,37.1,0.0,986.4
2025-10-20 20:00:00+00:00,12.7,92,11.4,14,11,5,0,0.0,0.0,0.0,0.0,18.8,38.9,0.0,987.7
2025-10-20 21:00:00+00:00,12.4,92,11.1,2,2,1,0,0.0,0.0,0.0,0.0,18.3,37.1,0.0,988.9
2025-10-20 22:00:00+00:00,12.1,91,10.6,0,0,0,0,0.0,0.0,0.0,0.0,18.7,36.7,0.0,990.1
2025-10-20 23:00:00+00:00,11.8,91,10.2,0,0,0,0,0.0,0.0,0.0,0.0,18.2,37.4,0.0,990.9
2025-10-21 00:00:00+00:00,12.0,95,11.1,13,6,12,0,0.0,0.0,0.0,0.0,16.6,35.6,0.0,991.5
2025-10-21 01:00:00+00:00,11.7,95,10.9,91,6,90,0,0.0,0.0,0.0,0.0,16.2,32.4,0.0,991.7
2025-10-21 02:00:00+00:00,11.9,95,11.1,23,2,22,0,0.0,0.0,0.0,0.0,15.4,32.4,0.0,991.9
2025-10-21 03:00:00+00:00,11.6,95,10.9,51,20,42,0,0.0,0.0,0.0,0.0,14.4,30.6,0.0,992.3
2025-10-21 04:00:00+00:00,11.2,96,10.6,80,5,5,79,0.0,0.0,0.0,0.0,14.4,28.4,0.0,992.7
2025-10-21 05:00:00+00:00,10.8,96,10.1,91,88,2,24,0.0,0.0,0.0,0.0,12.8,28.1,0.0,993.1
2025-10-21 06:00:00+00:00,11.1,96,10.4,10,2,9,0,0.0,0.0,0.0,0.0,12.0,25.6,0.0,993.3
2025-10-21 07:00:00+00:00,10.6,96,10.1,30,13,16,11,2.0,0.0,0.0,2.0,10.9,22.7,0.0,993.4
2025-10-21 08:00:00+00:00,11.8,94,10.8,13,5,2,7,69.0,37.0,324.4,32.0,12.5,23.8,0.0,993.6
2025-10-21 09:00:00+00:00,13.2,88,11.3,98,19,1,98,197.0,138.0,552.2,59.0,13.5,30.2,0.0,993.7
2025-10-21 10:00:00+00:00,14.4,78,10.6,87,21,12,81,268.0,146.0,406.9,122.0,17.6,37.4,0.0,993.7
2025-10-21 11:00:00+00:00,15.2,77,11.1,96,22,74,82,320.0,188.0,433.9,132.0,14.9,40.3,0.0,993.7
2025-10-21 12:00:00+00:00,15.0,73,10.2,97,20,16,95,334.0,142.0,303.3,192.0,16.4,41.4,0.0,993.9
2025-10-21 13:00:00+00:00,15.4,70,9.9,93,27,63,76,325.0,167.0,362.1,158.0,20.2,42.5,0.2,993.5
2025-10-21 14:00:00+00:00,14.8,75,10.4,100,16,100,41,209.0,123.0,298.0,86.0,18.8,43.6,0.4,993.5
2025-10-21 15:00:00+00:00,13.9,79,10.3,100,38,100,7,66.0,5.0,15.3,61.0,15.6,39.6,0.1,993.7
2025-10-21 16:00:00+00:00,13.6,80,10.2,73,0,73,0,41.0,0.0,0.0,41.0,13.3,32.0,0.0,993.9
2025-10-21 17:00:00+00:00,13.0,84,10.3,95,0,95,0,25.0,7.0,81.5,18.0,12.8,27.4,0.0,994.2
2025-10-21 18:00:00+00:00,12.8,87,10.7,69,13,41,46,0.0,0.0,0.0,0.0,11.8,25.9,0.0,994.7
2025-10-21 19:00:00+00:00,11.9,90,10.3,71,1,55,36,0.0,0.0,0.0,0.0,10.5,23.4,0.0,995.1
2025-10-21 20:00:00+00:00,11.1,93,10.0,19,1,18,0,0.0,0.0,0.0,0.0,10.7,20.2,0.0,995.5
2025-10-21 21:00:00+00:00,10.4,94,9.5,39,0,28,16,0.0,0.0,0.0,0.0,11.4,21.2,0.0,996.0
2025-10-21 22:00:00+00:00,9.9,95,9.1,91,2,27,88,0.0,0.0,0.0,0.0,10.3,21.2,0.0,996.3
2025-10-21 23:00:00+00:00,9.6,95,8.9,38,1,9,35,0.0,0.0,0.0,0.0,10.3,19.4,0.0,996.5
2025-10-22 00:00:00+00:00,9.4,95,8.7,13,1,8,9,0.0,0.0,0.0,0.0,10.4,19.8,0.0,996.9
2025-10-22 01:00:00+00:00,9.1,96,8.4,79,5,15,74,0.0,0.0,0.0,0.0,9.4,19.1,0.0,997.2
2025-10-22 02:00:00+00:00,8.8,96,8.2,98,5,19,98,0.0,0.0,0.0,0.0,8.9,17.3,0.0,997.2
2025-10-22 03:00:00+00:00,8.6,96,8.1,100,7,22,100,0.0,0.0,0.0,0.0,8.6,16.2,0.0,997.3
2025-10-22 04:00:00+00:00,8.7,97,8.2,95,14,23,94,0.0,0.0,0.0,0.0,8.1,15.8,0.0,997.6
2025-10-22 05:00:00+00:00,8.3,97,7.8,96,6,9,95,0.0,0.0,0.0,0.0,6.7,14.8,0.0,997.8
2025-10-22 06:00:00+00:00,8.2,97,7.8,75,13,13,70,0.0,0.0,0.0,0.0,7.5,12.2,0.0,998.1
2025-10-22 07:00:00+00:00,7.8,98,7.4,89,88,5,9,2.0,0.0,0.0,2.0,6.2,13.3,0.0,998.3
2025-10-22 08:00:00+00:00,9.1,96,8.5,73,60,4,27,54.0,13.0,118.8,41.0,6.3,12.6,0.0,998.6
2025-10-22 09:00:00+00:00,10.9,92,9.6,77,1,9,74,177.0,100.0,408.1,77.0,3.7,11.5,0.0,998.9
2025-10-22 10:00:00+00:00,12.7,85,10.2,99,1,8,99,295.0,209.0,590.9,86.0,4.6,14.0,0.0,999.0
2025-10-22 11:00:00+00:00,14.1,71,8.9,100,20,56,100,390.0,295.0,689.3,95.0,6.9,18.4,0.0,998.4
2025-10-22 12:00:00+00:00,14.8,63,7.8,28,20,18,6,373.0,233.0,503.5,140.0,7.4,20.9,0.0,997.8
2025-10-22 13:00:00+00:00,14.9,60,7.1,100,30,20,100,375.0,282.0,618.9,93.0,9.1,22.7,0.0,997.2
2025-10-22 14:00:00+00:00,14.5,60,6.8,100,9,19,100,305.0,175.0,429.7,130.0,9.4,22.7,0.0,996.2
2025-10-22 15:00:00+00:00,13.6,66,7.4,100,1,99,100,116.0,2.0,6.2,114.0,8.5,22.7,0.0,995.4
2025-10-22 16:00:00+00:00,13.0,72,8.1,100,20,100,100,70.0,1.0,5.0,69.0,6.4,18.0,0.0,994.5
2025-10-22 17:00:00+00:00,11.9,79,8.4,100,16,100,100,7.0,0.0,0.0,7.0,8.1,14.4,0.3,992.7
2025-10-22 18:00:00+00:00,10.9,90,9.4,100,100,100,100,0.0,0.0,0.0,0.0,9.9,19.4,1.9,992.0
2025-10-22 19:00:00+00:00,10.6,95,9.9,100,100,100,100,0.0,0.0,0.0,0.0,13.7,25.2,3.6,989.6
2025-10-22 20:00:00+00:00,10.4,95,9.6,100,45,100,100,0.0,0.0,0.0,0.0,16.2,30.2,1.9,987.1
2025-10-22 21:00:00+00:00,10.2,96,9.6,100,100,100,97,0.0,0.0,0.0,0.0,18.4,34.9,1.1,984.8
2025-10-22 22:00:00+00:00,10.3,96,9.8,100,100,100,0,0.0,0.0,0.0,0.0,19.7,37.4,0.9,982.9
2025-10-22 23:00:00+00:00,9.8,96,9.1,100,100,100,0,0.0,0.0,0.0,0.0,20.0,38.2,0.8,981.2
2025-10-23 00:00:00+00:00,9.7,94,8.9,100,100,100,8,0.0,0.0,0.0,0.0,24.1,40.3,0.3,980.0
2025-10-23 01:00:00+00:00,9.5,93,8.4,100,100,93,33,0.0,0.0,0.0,0.0,27.2,51.8,0.8,978.8
2025-10-23 02:00:00+00:00,9.2,93,8.1,100,100,99,99,0.0,0.0,0.0,0.0,25.9,52.2,8.2,977.9
2025-10-23 03:00:00+00:00,9.2,93,8.1,100,100,100,100,0.0,0.0,0.0,0.0,24.1,49.3,0.8,977.8
2025-10-23 04:00:00+00:00,9.1,94,8.2,100,100,100,100,0.0,0.0,0.0,0.0,26.0,50.0,0.5,978.5
2025-10-23 05:00:00+00:00,8.9,93,7.8,100,25,100,100,0.0,0.0,0.0,0.0,26.2,52.6,0.8,979.5
2025-10-23 06:00:00+00:00,8.9,93,7.8,100,78,100,100,0.0,0.0,0.0,0.0,26.7,51.8,0.1,980.9
2025-10-23 07:00:00+00:00,9.1,89,7.3,100,91,80,100,0.0,0.0,0.0,0.0,27.9,56.5,0.0,982.7
2025-10-23 08:00:00+00:00,9.4,84,6.7,94,60,21,79,31.0,3.0,28.5,28.0,28.2,58.7,0.0,984.7
2025-10-23 09:00:00+00:00,10.0,79,6.4,98,75,98,1,144.0,54.0,224.9,90.0,24.8,58.3,0.0,986.8
2025-10-23 10:00:00+00:00,10.4,75,6.2,84,21,81,0,153.0,27.0,77.5,126.0,25.6,56.5,0.0,988.6
2025-10-23 11:00:00+00:00,11.6,68,5.9,19,11,2,7,334.0,184.0,435.3,150.0,25.2,63.0,0.0,990.5
2025-10-23 12:00:00+00:00,11.9,62,4.9,100,96,11,95,416.0,325.0,710.7,91.0,26.6,60.8,0.0,992.2
2025-10-23 13:00:00+00:00,11.9,63,5.1,100,41,98,80,249.0,87.0,193.3,162.0,25.2,55.8,0.1,993.0
2025-10-23 14:00:00+00:00,10.5,78,6.9,99,1,99,35,227.0,74.0,184.2,153.0,24.4,55.8,0.2,993.6
2025-10-23 15:00:00+00:00,9.2,83,6.5,100,62,100,100,125.0,10.0,31.7,115.0,25.1,56.9,0.3,994.5
2025-10-23 16:00:00+00:00,8.1,79,4.7,100,90,100,100,81.0,6.0,30.5,75.0,30.0,70.2,0.1,996.0
2025-10-23 17:00:00+00:00,7.2,85,4.9,95,4,83,70,12.0,0.0,0.0,12.0,26.8,65.9,0.5,997.3
2025-10-23 18:00:00+00:00,6.7,88,4.8,99,2,88,94,0.0,0.0,0.0,0.0,21.3,53.6,0.3,999.1
2025-10-23 19:00:00+00:00,6.9,86,4.8,94,0,88,52,0.0,0.0,0.0,0.0,18.3,42.1,0.0,999.7
2025-10-23 20:00:00+00:00,6.8,83,4.2,100,2,100,2,0.0,0.0,0.0,0.0,18.8,38.2,0.0,1000.3
2025-10-23 21:00:00+00:00,6.4,82,3.6,2,1,2,0,0.0,0.0,0.0,0.0,18.2,37.4,0.0,1000.8
2025-10-23 22:00:00+00:00,6.1,84,3.6,0,0,0,0,0.0,0.0,0.0,0.0,17.3,36.7,0.0,1001.0
2025-10-23 23:00:00+00:00,5.9,83,3.3,1,1,0,0,0.0,0.0,0.0,0.0,16.9,34.6,0.0,1001.2
2025-10-24 00:00:00+00:00,6.3,81,3.4,2,0,2,0,0.0,0.0,0.0,0.0,17.9,34.6,0.0,1001.8
2025-10-24 01:00:00+00:00,6.1,82,3.2,4,2,2,0,0.0,0.0,0.0,0.0,17.9,36.4,0.0,1001.8
2025-10-24 02:00:00+00:00,5.9,84,3.5,77,14,74,0,0.0,0.0,0.0,0.0,16.6,36.0,0.0,1001.9
2025-10-24 03:00:00+00:00,6.2,84,3.8,5,3,4,0,0.0,0.0,0.0,0.0,16.6,33.1,0.0,1001.9
2025-10-24 04:00:00+00:00,5.9,86,3.7,3,2,1,0,0.0,0.0,0.0,0.0,15.8,33.1,0.0,1001.9
2025-10-24 05:00:00+00:00,5.7,85,3.3,3,1,2,0,0.0,0.0,0.0,0.0,15.0,30.6,0.0,1002.0
2025-10-24 06:00:00+00:00,5.5,85,3.1,1,0,1,0,0.0,0.0,0.0,0.0,14.5,30.2,0.0,1002.1
2025-10-24 07:00:00+00:00,5.0,87,3.0,1,1,0,0,1.0,0.0,0.0,1.0,13.1,27.7,0.0,1002.2
2025-10-24 08:00:00+00:00,6.4,84,3.9,15,0,15,0,66.0,38.0,370.2,28.0,13.4,26.3,0.0,1002.4
2025-10-24 09:00:00+00:00,8.6,77,4.9,9,8,2,0,185.0,126.0,535.6,59.0,14.1,31.7,0.0,1002.3
2025-10-24 10:00:00+00:00,10.1,72,5.4,8,1,7,0,301.0,232.0,675.4,69.0,16.9,36.7,0.0,1002.1
2025-10-24 11:00:00+00:00,11.3,68,5.7,17,17,0,0,391.0,317.0,759.5,74.0,20.8,43.9,0.0,1001.8
2025-10-24 12:00:00+00:00,11.9,63,5.1,38,20,30,0,422.0,336.0,743.5,86.0,20.7,53.3,0.0,1001.7
2025-10-24 13:00:00+00:00,12.1,64,5.4,24,13,20,0,333.0,249.0,560.0,84.0,21.2,50.0,0.0,1001.3
2025-10-24 14:00:00+00:00,12.2,60,4.7,24,19,13,0,309.0,222.0,560.4,87.0,20.7,46.8,0.0,1000.8
2025-10-24 15:00:00+00:00,11.9,62,4.9,9,6,6,0,227.0,164.0,529.6,63.0,19.1,45.7,0.0,1000.4
2025-10-24 16:00:00+00:00,11.1,67,5.2,5,1,4,1,143.0,95.0,497.1,48.0,16.8,40.0,0.0,1000.1
2025-10-24 17:00:00+00:00,10.1,70,4.9,2,0,2,2,30.0,15.0,193.7,15.0,17.3,34.6,0.0,999.9
2025-10-24 18:00:00+00:00,9.8,72,4.9,16,3,9,5,0.0,0.0,0.0,0.0,17.7,35.3,0.0,999.5
2025-10-24 19:00:00+00:00,9.8,72,4.9,80,29,45,61,0.0,0.0,0.0,0.0,19.6,39.6,0.1,999.4
2025-10-24 20:00:00+00:00,9.5,79,6.1,59,21,6,47,0.0,0.0,0.0,0.0,18.6,39.2,0.0,998.3
2025-10-24 21:00:00+00:00,9.6,81,6.6,41,23,9,20,0.0,0.0,0.0,0.0,15.9,37.4,0.0,997.8
2025-10-24 22:00:00+00:00,9.2,85,6.8,100,100,2,0,0.0,0.0,0.0,0.0,14.1,31.7,0.0,997.7
2025-10-24 23:00:00+00:00,9.5,84,7.0,22,22,3,0,0.0,0.0,0.0,0.0,15.6,31.7,0.0,997.7
2025-10-25 00:00:00+00:00,8.9,94,8.0,1,1,0,0,0.0,0.0,0.0,0.0,18.5,35.6,0.0,998.8
2025-10-25 01:00:00+00:00,8.4,93,7.2,3,0,0,2,0.0,0.0,0.0,0.0,18.2,36.7,0.0,999.7
2025-10-25 02:00:00+00:00,7.6,92,6.3,88,0,0,88,0.0,0.0,0.0,0.0,16.3,36.0,0.0,1000.4
2025-10-25 03:00:00+00:00,7.3,91,6.0,28,4,9,19,0.0,0.0,0.0,0.0,15.4,31.7,0.0,1000.8
2025-10-25 04:00:00+00:00,7.2,91,5.8,27,8,8,16,0.0,0.0,0.0,0.0,15.0,29.5,0.0,1001.3
2025-10-25 05:00:00+00:00,7.1,92,5.8,36,0,18,22,0.0,0.0,0.0,0.0,13.0,28.8,0.0,1002.1
2025-10-25 06:00:00+00:00,6.9,94,6.1,80,0,27,72,0.0,0.0,0.0,0.0,12.0,24.8,0.0,1002.8
2025-10-25 07:00:00+00:00,6.8,95,6.2,17,0,3,14,1.0,0.0,0.0,1.0,11.8,22.0,0.0,1003.4
2025-10-25 08:00:00+00:00,8.1,94,7.1,13,1,11,5,60.0,33.0,329.6,27.0,12.2,22.7,0.0,1004.4
2025-10-25 09:00:00+00:00,10.1,87,8.0,4,4,0,0,183.0,126.0,546.9,57.0,12.6,25.6,0.0,1004.9
2025-10-25 10:00:00+00:00,11.1,80,7.8,26,23,13,0,300.0,232.0,685.6,68.0,17.9,38.5,0.1,1005.4
2025-10-25 11:00:00+00:00,11.6,73,6.9,11,9,7,0,336.0,246.0,596.9,90.0,17.6,39.2,0.1,1005.9
2025-10-25 12:00:00+00:00,11.3,71,6.2,22,9,13,0,398.0,319.0,714.4,79.0,18.0,42.5,0.1,1006.2
2025-10-25 13:00:00+00:00,11.9,64,5.3,27,13,25,0,372.0,280.0,637.5,92.0,19.5,42.5,0.0,1006.3
2025-10-25 14:00:00+00:00,11.4,66,5.2,19,9,15,0,315.0,232.0,593.9,83.0,20.6,44.3,0.0,1006.5
2025-10-25 15:00:00+00:00,10.6,66,4.4,23,13,14,0,239.0,170.0,558.8,69.0,21.7,46.1,0.1,1006.9
2025-10-25 16:00:00+00:00,9.8,70,4.4,3,2,2,0,125.0,76.0,409.1,49.0,17.5,46.4,0.0,1007.4
2025-10-25 17:00:00+00:00,8.7,70,3.6,1,1,1,0,28.0,15.0,200.8,13.0,17.8,36.7,0.0,1007.8
2025-10-25 18:00:00+00:00,8.2,71,3.2,2,2,1,0,0.0,0.0,0.0,0.0,17.8,36.0,0.0,1008.7
2025-10-25 19:00:00+00:00,7.5,74,3.2,1,1,0,0,0.0,0.0,0.0,0.0,17.7,35.6,0.0,1009.2
2025-10-25 20:00:00+00:00,7.1,77,3.3,100,1,100,0,0.0,0.0,0.0,0.0,16.8,35.3,0.0,1009.4
2025-10-25 21:00:00+00:00,7.3,76,3.5,94,27,93,0,0.0,0.0,0.0,0.0,14.1,33.8,1.3,1009.2
2025-10-25 22:00:00+00:00,6.5,91,5.2,100,100,100,0,0.0,0.0,0.0,0.0,11.4,32.8,1.8,1009.4
2025-10-25 23:00:00+00:00,6.8,90,5.2,76,7,75,0,0.0,0.0,0.0,0.0,13.7,25.2,2.9,1009.0
2025-10-26 00:00:00+00:00,6.6,95,5.8,2,0,2,0,0.0,0.0,0.0,0.0,13.1,25.6,0.1,1009.0
2025-10-26 01:00:00+00:00,6.1,95,5.3,2,0,2,0,0.0,0.0,0.0,0.0,14.6,27.4,0.0,1009.3
2025-10-26 02:00:00+00:00,5.6,95,4.9,0,0,0,0,0.0,0.0,0.0,0.0,15.2,28.4,0.0,1009.8
2025-10-26 03:00:00+00:00,5.2,94,4.4,0,0,0,0,0.0,0.0,0.0,0.0,15.3,28.4,0.0,1010.1
2025-10-26 04:00:00+00:00,4.8,94,3.9,0,0,0,0,0.0,0.0,0.0,0.0,14.8,28.4,0.0,1010.5
2025-10-26 05:00:00+00:00,4.6,93,3.5,0,0,0,0,0.0,0.0,0.0,0.0,14.9,28.1,0.0,1011.0
2025-10-26 06:00:00+00:00,4.2,93,3.1,0,0,0,0,0.0,0.0,0.0,0.0,13.9,27.7,0.0,1011.3
2025-10-26 07:00:00+00:00,3.9,94,3.0,0,0,0,0,0.0,0.0,0.0,0.0,14.1,26.6,0.0,1012.1
2025-10-26 08:00:00+00:00,4.9,91,3.7,0,0,0,0,61.0,36.0,368.8,25.0,13.7,25.9,0.0,1013.1
2025-10-26 09:00:00+00:00,6.8,87,4.9,11,0,0,11,188.0,137.0,607.5,51.0,11.2,25.9,0.0,1013.4
2025-10-26 10:00:00+00:00,8.6,81,5.4,49,1,2,48,304.0,240.0,720.0,64.0,14.4,31.7,0.0,1013.5
2025-10-26 11:00:00+00:00,9.9,67,4.2,80,41,1,66,369.0,273.0,670.9,96.0,19.8,43.2,0.0,1013.5
2025-10-26 12:00:00+00:00,10.2,68,4.4,97,56,4,93,329.0,194.0,439.7,135.0,20.2,45.0,0.0,1013.0
2025-10-26 13:00:00+00:00,10.6,63,3.8,100,53,36,100,310.0,151.0,348.1,159.0,22.8,50.0,0.1,1012.8
2025-10-26 14:00:00+00:00,10.6,57,2.5,100,89,100,100,229.0,90.0,233.6,139.0,23.1,51.1,0.0,1012.3
2025-10-26 15:00:00+00:00,9.9,65,3.5,100,5,94,100,35.0,0.0,0.0,35.0,17.5,51.1,0.0,1011.6
2025-10-26 16:00:00+00:00,9.3,74,4.9,100,100,98,98,57.0,1.0,5.5,56.0,14.5,36.0,0.2,1010.8
2025-10-26 17:00:00+00:00,8.7,82,5.8,100,100,100,95,8.0,0.0,0.0,8.0,16.4,31.7,0.3,1010.2
2025-10-26 18:00:00+00:00,9.4,88,7.4,100,100,100,91,0.0,0.0,0.0,0.0,19.2,38.2,0.1,1009.2
2025-10-26 19:00:00+00:00,9.9,88,8.1,100,100,100,38,0.0,0.0,0.0,0.0,21.1,41.8,0.0,1008.2
2025-10-26 20:00:00+00:00,10.6,89,8.8,100,100,100,88,0.0,0.0,0.0,0.0,21.4,43.6,0.0,1007.3
2025-10-26 21:00:00+00:00,11.2,89,9.4,100,100,100,49,0.0,0.0,0.0,0.0,21.7,44.3,0.0,1006.7
2025-10-26 22:00:00+00:00,11.9,88,9.9,98,21,66,95,0.0,0.0,0.0,0.0,21.2,44.6,0.0,1006.2
2025-10-26 23:00:00+00:00,11.3,88,9.4,81,5,64,46,0.0,0.0,0.0,0.0,20.2,43.2,0.0,1005.9
2025-10-27 00:00:00+00:00,10.9,87,8.8,48,5,42,4,0.0,0.0,0.0,0.0,19.7,41.4,0.0,1005.9
2025-10-27 01:00:00+00:00,10.6,86,8.4,95,8,16,93,0.0,0.0,0.0,0.0,21.0,42.8,0.0,1005.8
2025-10-27 02:00:00+00:00,10.6,86,8.3,100,9,20,100,0.0,0.0,0.0,0.0,21.0,43.2,0.0,1005.5
2025-10-27 03:00:00+00:00,10.9,83,8.1,72,9,69,3,0.0,0.0,0.0,0.0,24.1,49.3,0.0,1005.6
2025-10-27 04:00:00+00:00,10.6,80,7.4,21,6,16,0,0.0,0.0,0.0,0.0,23.0,49.3,0.0,1005.2
2025-10-27 05:00:00+00:00,10.4,81,7.3,7,6,1,0,0.0,0.0,0.0,0.0,23.5,47.9,0.0,1005.5
2025-10-27 06:00:00+00:00,10.8,74,6.4,13,7,9,0,0.0,0.0,0.0,0.0,23.2,48.6,0.0,1005.7
2025-10-27 07:00:00+00:00,10.4,72,5.6,58,2,6,55,0.0,0.0,0.0,0.0,22.2,47.9,0.0,1006.2
2025-10-27 08:00:00+00:00,10.6,70,5.3,48,2,2,45,53.0,30.0,315.4,23.0,20.7,45.0,0.0,1007.0
2025-10-27 09:00:00+00:00,11.4,68,5.8,68,3,20,59,175.0,119.0,539.2,56.0,19.7,43.2,0.0,1007.9
2025-10-27 10:00:00+00:00,12.2,67,6.2,55,7,8,48,275.0,194.0,590.9,81.0,21.2,44.6,0.0,1008.5
2025-10-27 11:00:00+00:00,12.8,59,5.1,38,35,5,0,360.0,278.0,692.0,82.0,27.5,59.0,0.0,1009.2
2025-10-27 12:00:00+00:00,12.9,61,5.6,80,70,17,30,354.0,227.0,520.8,127.0,25.3,59.0,0.0,1010.2
2025-10-27 13:00:00+00:00,13.1,62,6.1,99,54,70,92,233.0,102.0,238.1,131.0,20.5,53.6,0.0,1010.4
2025-10-27 14:00:00+00:00,13.1,60,5.6,38,5,33,13,213.0,76.0,200.1,137.0,18.8,47.9,0.0,1010.8
2025-10-27 15:00:00+00:00,13.0,61,5.6,55,2,41,21,220.0,130.0,442.8,90.0,17.3,43.9,0.0,1011.0
2025-10-27 16:00:00+00:00,12.1,66,6.0,93,0,91,32,115.0,62.0,353.6,53.0,14.8,36.4,0.0,1011.3
2025-10-27 17:00:00+00:00,11.6,69,6.2,100,7,100,13,15.0,5.0,72.1,10.0,14.2,31.0,0.0,1011.4
2025-10-27 18:00:00+00:00,11.7,75,7.3,72,29,65,0,0.0,0.0,0.0,0.0,12.9,28.8,0.0,1011.8
2025-10-27 19:00:00+00:00,10.5,83,7.7,100,100,100,9,0.0,0.0,0.0,0.0,9.0,25.6,0.0,1011.9
2025-10-27 20:00:00+00:00,11.3,84,8.8,100,100,16,16,0.0,0.0,0.0,0.0,10.6,20.5,0.0,1011.5
2025-10-27 21:00:00+00:00,12.2,87,10.1,50,39,17,2,0.0,0.0,0.0,0.0,13.9,27.7,0.0,1011.0
2025-10-27 22:00:00+00:00,11.9,90,10.4,29,5,0,25,0.0,0.0,0.0,0.0,18.1,36.0,0.0,1010.8
2025-10-27 23:00:00+00:00,11.7,89,10.0,99,97,1,84,0.0,0.0,0.0,0.0,18.6,38.9,0.0,1010.6
2025-10-28 00:00:00+00:00,12.2,86,9.9,84,20,5,80,0.0,0.0,0.0,0.0,19.5,38.2,0.0,1009.9
2025-10-28 01:00:00+00:00,11.9,85,9.4,100,100,0,87,0.0,0.0,0.0,0.0,18.6,40.0,0.0,1009.6
2025-10-28 02:00:00+00:00,12.3,87,10.1,100,100,1,100,0.0,0.0,0.0,0.0,19.9,41.0,0.0,1009.3
2025-10-28 03:00:00+00:00,12.2,84,9.7,98,79,2,92,0.0,0.0,0.0,0.0,19.8,41.0,0.0,1008.9
2025-10-28 04:00:00+00:00,11.9,84,9.4,100,100,53,100,0.0,0.0,0.0,0.0,20.7,42.5,0.0,1008.8
2025-10-28 05:00:00+00:00,12.4,81,9.3,100,100,100,98,0.0,0.0,0.0,0.0,20.8,43.9,0.0,1008.5
2025-10-28 06:00:00+00:00,12.4,84,9.6,96,77,16,82,0.0,0.0,0.0,0.0,21.3,45.4,0.1,1008.2
2025-10-28 07:00:00+00:00,12.0,87,9.9,100,100,5,4,0.0,0.0,0.0,0.0,19.9,44.3,0.0,1008.4
2025-10-28 08:00:00+00:00,12.4,85,10.0,39,20,19,9,26.0,0.0,0.0,26.0,18.3,40.7,0.0,1008.8
2025-10-28 09:00:00+00:00,13.0,81,9.9,56,15,48,16,148.0,78.0,361.3,70.0,16.6,37.8,0.0,1009.1
2025-10-28 10:00:00+00:00,13.6,72,8.6,63,41,36,23,268.0,185.0,572.2,83.0,19.8,45.0,0.0,1009.0
2025-10-28 11:00:00+00:00,13.8,69,8.2,33,27,2,6,303.0,184.0,464.0,119.0,22.7,49.3,0.1,1009.1
2025-10-28 12:00:00+00:00,14.4,64,7.6,26,7,13,11,323.0,215.0,499.3,108.0,20.3,49.0,0.0,1009.1
2025-10-28 13:00:00+00:00,14.8,60,7.0,26,12,13,6,366.0,273.0,645.2,93.0,22.2,53.6,0.0,1008.7
2025-10-28 14:00:00+00:00,14.6,62,7.5,62,20,2,52,306.0,219.0,584.6,87.0,21.5,50.4,0.0,1008.1
2025-10-28 15:00:00+00:00,14.4,64,7.7,52,35,1,26,223.0,142.0,492.5,81.0,17.5,46.4,0.0,1008.2
2025-10-28 16:00:00+00:00,13.6,68,7.9,96,5,3,96,111.0,61.0,358.3,50.0,13.9,36.7,0.0,1008.2
2025-10-28 17:00:00+00:00,12.1,74,7.6,99,2,27,99,19.0,6.0,89.9,13.0,12.2,28.4,0.0,1008.1
2025-10-28 18:00:00+00:00,11.6,75,7.2,98,5,48,98,0.0,0.0,0.0,0.0,13.2,24.5,0.0,1008.4
2025-10-28 19:00:00+00:00,11.1,75,6.8,95,0,55,91,0.0,0.0,0.0,0.0,12.1,26.6,0.0,1008.4
2025-10-28 20:00:00+00:00,10.9,78,7.2,100,16,58,99,0.0,0.0,0.0,0.0,11.6,23.8,0.0,1008.2
2025-10-28 21:00:00+00:00,11.9,86,9.5,100,15,54,100,0.0,0.0,0.0,0.0,14.7,29.2,0.0,1007.9
2025-10-28 22:00:00+00:00,11.9,89,10.1,99,9,18,99,0.0,0.0,0.0,0.0,14.6,29.5,0.0,1007.5
2025-10-28 23:00:00+00:00,11.6,91,10.2,100,18,13,100,0.0,0.0,0.0,0.0,14.8,31.0,0.0,1007.0
2025-10-29 00:00:00+00:00,12.1,91,10.6,100,44,27,100,0.0,0.0,0.0,0.0,15.8,29.9,0.0,1006.3
2025-10-29 01:00:00+00:00,12.4,89,10.6,100,45,20,100,0.0,0.0,0.0,0.0,16.5,34.6,0.0,1005.8
2025-10-29 02:00:00+00:00,12.1,90,10.4,100,30,0,100,0.0,0.0,0.0,0.0,14.7,33.1,0.0,1005.0
2025-10-29 03:00:00+00:00,11.6,91,10.2,100,31,3,100,0.0,0.0,0.0,0.0,13.2,29.5,0.0,1004.2
2025-10-29 04:00:00+00:00,11.6,91,10.3,100,48,5,100,0.0,0.0,0.0,0.0,12.1,26.3,0.0,1003.5
2025-10-29 05:00:00+00:00,11.5,92,10.2,100,30,9,100,0.0,0.0,0.0,0.0,11.1,24.1,0.0,1002.8
2025-10-29 06:00:00+00:00,11.3,91,9.9,100,100,30,100,0.0,0.0,0.0,0.0,8.9,22.0,0.0,1002.2
2025-10-29 07:00:00+00:00,11.4,90,9.9,100,85,47,100,0.0,0.0,0.0,0.0,9.2,18.4,0.0,1001.9
2025-10-29 08:00:00+00:00,11.8,89,10.1,100,12,76,100,20.0,0.0,0.0,20.0,7.6,18.0,0.0,1001.6
2025-10-29 09:00:00+00:00,12.4,87,10.3,100,11,98,100,75.0,1.0,4.7,74.0,7.4,15.1,0.1,1001.2
2025-10-29 10:00:00+00:00,12.8,86,10.5,100,30,99,100,94.0,0.0,0.0,94.0,6.9,15.8,0.2,1000.8
2025-10-29 11:00:00+00:00,12.9,86,10.6,100,100,100,100,115.0,0.0,0.0,115.0,8.1,18.7,0.3,1000.3
2025-10-29 12:00:00+00:00,11.9,93,10.8,100,80,100,100,98.0,0.0,0.0,98.0,7.0,17.3,0.3,999.6
2025-10-29 13:00:00+00:00,12.2,91,10.7,100,22,92,100,91.0,0.0,0.0,91.0,7.7,15.5,0.3,998.8
2025-10-29 14:00:00+00:00,12.1,91,10.7,100,59,83,100,108.0,4.0,10.8,104.0,9.0,19.4,0.1,998.3
2025-10-29 15:00:00+00:00,11.8,91,10.4,100,15,100,100,63.0,0.0,0.0,63.0,8.7,18.0,0.2,998.2
2025-10-29 16:00:00+00:00,11.1,92,9.9,100,48,100,100,33.0,0.0,0.0,33.0,11.1,19.1,0.2,998.4
2025-10-29 17:00:00+00:00,10.4,93,9.3,100,98,100,100,5.0,0.0,0.0,5.0,11.4,24.5,0.0,998.9
2025-10-29 18:00:00+00:00,9.9,92,8.6,100,42,100,0,0.0,0.0,0.0,0.0,12.5,23.4,0.1,999.5
2025-10-29 19:00:00+00:00,9.6,91,8.1,1,0,0,0,0.0,0.0,0.0,0.0,14.1,27.4,0.0,1000.1
2025-10-29 20:00:00+00:00,8.0,92,6.8,0,0,0,0,0.0,0.0,0.0,0.0,12.9,27.0,0.0,1000.7
2025-10-29 21:00:00+00:00,7.2,93,6.1,2,0,2,0,0.0,0.0,0.0,0.0,13.4,24.8,0.0,1001.4
2025-10-29 22:00:00+00:00,6.9,93,5.8,13,0,13,0,0.0,0.0,0.0,0.0,13.6,25.2,0.0,1001.9
2025-10-29 23:00:00+00:00,7.0,91,5.6,2,0,2,0,0.0,0.0,0.0,0.0,15.5,29.5,0.0,1002.9
2025-10-30 00:00:00+00:00,6.8,90,5.2,1,1,0,0,0.0,0.0,0.0,0.0,14.4,29.2,0.0,1003.4
2025-10-30 01:00:00+00:00,6.3,91,5.0,2,0,0,2,0.0,0.0,0.0,0.0,14.0,27.0,0.0,1004.3
2025-10-30 02:00:00+00:00,6.3,91,5.0,68,0,0,68,0.0,0.0,0.0,0.0,13.2,26.3,0.0,1004.8
2025-10-30 03:00:00+00:00,6.2,93,5.1,26,0,0,25,0.0,0.0,0.0,0.0,11.7,24.5,0.0,1005.3
2025-10-30 04:00:00+00:00,5.9,94,5.0,15,0,15,0,0.0,0.0,0.0,0.0,11.8,21.6,0.0,1006.0
2025-10-30 05:00:00+00:00,6.0,94,5.1,28,0,11,21,0.0,0.0,0.0,0.0,10.5,21.6,0.0,1006.6
2025-10-30 06:00:00+00:00,5.7,93,4.6,96,0,95,22,0.0,0.0,0.0,0.0,8.5,18.7,0.0,1007.1
2025-10-30 07:00:00+00:00,5.7,91,4.3,91,5,38,84,0.0,0.0,0.0,0.0,6.9,15.1,0.0,1007.4
2025-10-30 08:00:00+00:00,7.1,90,5.6,100,34,94,100,40.0,15.0,171.0,25.0,6.9,12.2,0.0,1008.2
2025-10-30 09:00:00+00:00,8.8,88,7.0,100,58,99,100,84.0,17.0,82.4,67.0,5.7,11.2,0.0,1008.4
2025-10-30 10:00:00+00:00,10.6,86,8.4,100,25,19,100,120.0,1.0,3.2,119.0,7.9,14.4,0.0,1008.1
2025-10-30 11:00:00+00:00,13.2,62,6.1,100,100,100,100,244.0,87.0,225.2,157.0,17.6,34.6,0.0,1008.0
2025-10-30 12:00:00+00:00,12.8,67,6.9,100,21,100,100,130.0,0.0,0.0,130.0,19.1,43.6,0.0,1007.8
2025-10-30 13:00:00+00:00,12.8,66,6.7,100,97,100,100,152.0,14.0,33.9,138.0,19.4,42.8,0.0,1007.5
2025-10-30 14:00:00+00:00,12.2,75,8.0,100,85,97,100,99.0,3.0,8.2,96.0,20.0,43.2,0.0,1007.2
2025-10-30 15:00:00+00:00,12.5,74,8.1,100,100,30,100,115.0,10.0,36.0,105.0,17.8,41.8,0.0,1006.6
2025-10-30 16:00:00+00:00,12.4,75,8.1,100,55,0,100,39.0,1.0,6.2,38.0,17.9,37.1,0.0,1006.4
2025-10-30 17:00:00+00:00,12.2,76,8.2,100,28,0,100,7.0,0.0,0.0,7.0,18.9,40.0,0.0,1005.7
2025-10-30 18:00:00+00:00,12.4,80,9.0,100,100,7,100,0.0,0.0,0.0,0.0,21.5,45.7,0.0,1005.2
2025-10-30 19:00:00+00:00,12.6,80,9.2,99,26,1,99,0.0,0.0,0.0,0.0,24.4,50.8,0.0,1004.7
2025-10-30 20:00:00+00:00,12.8,81,9.6,100,63,6,100,0.0,0.0,0.0,0.0,27.6,57.2,0.0,1003.8
2025-10-30 21:00:00+00:00,13.4,82,10.4,100,100,100,100,0.0,0.0,0.0,0.0,27.4,58.0,0.0,1003.3
2025-10-30 22:00:00+00:00,13.9,82,10.9,100,59,86,100,0.0,0.0,0.0,0.0,29.4,61.2,0.0,1002.7
2025-10-30 23:00:00+00:00,14.1,83,11.1,100,100,100,100,0.0,0.0,0.0,0.0,31.0,63.7,0.3,1002.2
2025-10-31 00:00:00+00:00,13.6,89,11.9,100,100,92,100,0.0,0.0,0.0,0.0,29.5,63.4,0.9,1002.2
2025-10-31 01:00:00+00:00,13.9,90,12.2,100,100,36,0,0.0,0.0,0.0,0.0,26.3,58.7,0.1,1002.3
2025-10-31 02:00:00+00:00,14.1,91,12.6,100,100,9,0,0.0,0.0,0.0,0.0,23.6,52.9,0.0,1002.5
2025-10-31 03:00:00+00:00,14.1,92,12.9,100,100,23,0,0.0,0.0,0.0,0.0,22.7,47.9,0.1,1002.2
2025-10-31 04:00:00+00:00,14.1,92,12.8,100,73,13,100,0.0,0.0,0.0,0.0,22.0,46.4,0.0,1002.1
2025-10-31 05:00:00+00:00,13.9,94,12.9,100,34,1,100,0.0,0.0,0.0,0.0,18.8,44.3,0.0,1002.1
2025-10-31 06:00:00+00:00,13.6,95,12.8,99,26,11,99,0.0,0.0,0.0,0.0,15.0,37.4,0.1,1002.2
2025-10-31 07:00:00+00:00,13.5,95,12.6,100,11,20,100,0.0,0.0,0.0,0.0,16.1,32.0,0.1,1002.0
2025-10-31 08:00:00+00:00,13.9,93,12.9,100,27,12,100,29.0,5.0,58.6,24.0,19.1,36.0,0.1,1001.9
2025-10-31 09:00:00+00:00,14.5,91,13.1,100,23,7,100,85.0,13.0,64.5,72.0,25.9,51.1,0.2,1001.7
2025-10-31 10:00:00+00:00,15.1,88,13.1,100,26,91,100,155.0,21.0,68.1,134.0,24.2,51.1,0.0,1001.3
2025-10-31 11:00:00+00:00,15.1,84,12.4,100,23,92,100,161.0,8.0,21.0,153.0,29.5,63.7,0.7,1001.1
2025-10-31 12:00:00+00:00,14.4,93,13.2,99,98,71,59,154.0,22.0,53.0,132.0,31.0,64.4,1.7,1000.5
2025-10-31 13:00:00+00:00,14.5,92,13.1,100,100,14,38,124.0,13.0,31.9,111.0,30.0,65.5,2.1,1000.0
2025-10-31 14:00:00+00:00,15.1,87,13.0,83,65,52,1,150.0,18.0,50.1,132.0,26.7,65.2,0.4,999.6
2025-10-31 15:00:00+00:00,15.2,86,12.9,87,59,64,16,105.0,27.0,98.8,78.0,24.9,58.7,0.1,999.6
2025-10-31 16:00:00+00:00,14.8,88,12.9,48,41,13,0,43.0,15.0,96.4,28.0,25.4,61.2,0.3,999.9
2025-10-31 17:00:00+00:00,14.5,88,12.4,72,49,44,2,11.0,3.0,50.7,8.0,23.7,54.7,0.2,1000.0
2025-10-31 18:00:00+00:00,13.9,95,13.1,90,83,40,2,0.0,0.0,0.0,0.0,20.7,52.9,0.1,1000.1
2025-10-31 19:00:00+00:00,14.1,94,13.1,59,51,19,0,0.0,0.0,0.0,0.0,25.1,55.8,0.2,1000.1
2025-10-31 20:00:00+00:00,14.7,90,13.1,41,7,37,1,0.0,0.0,0.0,0.0,25.6,52.2,0.1,999.6
2025-10-31 21:00:00+00:00,14.6,89,12.8,62,3,35,39,0.0,0.0,0.0,0.0,27.6,54.0,0.4,999.0
2025-10-31 22:00:00+00:00,14.4,86,12.1,45,16,33,4,0.0,0.0,0.0,0.0,29.8,65.5,0.2,998.9
2025-10-31 23:00:00+00:00,13.9,90,12.4,84,45,58,34,0.0,0.0,0.0,0.0,29.9,65.5,0.8,998.2
2025-11-01 00:00:00+00:00,14.9,79,11.3,99,13,99,22,0.0,0.0,0.0,0.0,27.9,68.8,1.9,997.7
2025-11-01 01:00:00+00:00,13.3,95,12.5,100,63,100,98,0.0,0.0,0.0,0.0,31.4,63.0,2.3,998.2
2025-11-01 02:00:00+00:00,13.5,92,12.3,84,11,72,41,0.0,0.0,0.0,0.0,27.8,61.2,0.9,997.9
2025-11-01 03:00:00+00:00,12.8,85,10.4,100,27,100,96,0.0,0.0,0.0,0.0,27.8,58.0,0.2,998.4
2025-11-01 04:00:00+00:00,11.9,88,10.0,100,30,100,100,0.0,0.0,0.0,0.0,26.0,54.7,0.7,998.5
2025-11-01 05:00:00+00:00,11.1,93,9.9,17,2,8,9,0.0,0.0,0.0,0.0,19.7,51.5,0.6,998.3
2025-11-01 06:00:00+00:00,10.9,90,9.2,88,45,44,63,0.0,0.0,0.0,0.0,21.0,46.4,0.0,998.9
2025-11-01 07:00:00+00:00,11.1,88,9.2,34,26,19,5,0.0,0.0,0.0,0.0,19.5,44.6,0.0,999.2
2025-11-01 08:00:00+00:00,11.5,81,8.4,20,2,7,16,31.0,15.0,181.0,16.0,20.2,41.4,0.0,1000.4
2025-11-01 09:00:00+00:00,12.4,75,8.1,9,3,2,5,155.0,109.0,553.3,46.0,22.4,46.8,0.0,1001.3
2025-11-01 10:00:00+00:00,13.1,72,8.3,13,8,1,5,264.0,202.0,665.1,62.0,24.3,51.1,0.0,1002.1
2025-11-01 11:00:00+00:00,13.9,66,7.7,27,12,16,5,330.0,256.0,680.0,74.0,24.4,53.6,0.0,1002.7
2025-11-01 12:00:00+00:00,14.1,70,8.7,15,13,4,1,346.0,259.0,631.5,87.0,18.4,54.4,0.0,1003.3
2025-11-01 13:00:00+00:00,14.2,68,8.3,45,9,15,34,350.0,276.0,685.6,74.0,20.0,43.6,0.0,1003.2
2025-11-01 14:00:00+00:00,13.3,70,7.8,95,45,41,86,294.0,215.0,607.0,79.0,22.9,50.4,0.1,1003.5
2025-11-01 15:00:00+00:00,11.1,88,9.2,95,47,93,68,100.0,30.0,111.8,70.0,17.5,52.6,2.6,1004.5
2025-11-01 16:00:00+00:00,10.9,90,9.4,57,27,41,15,51.0,11.0,72.9,40.0,13.6,33.5,0.5,1004.6
2025-11-01 17:00:00+00:00,10.2,91,8.9,66,8,63,1,9.0,2.0,35.2,7.0,14.0,29.2,0.0,1005.1
2025-11-01 18:00:00+00:00,10.1,90,8.6,77,4,15,73,0.0,0.0,0.0,0.0,13.4,30.2,0.0,1005.8
2025-11-01 19:00:00+00:00,9.8,87,7.8,89,5,21,85,0.0,0.0,0.0,0.0,13.7,26.6,0.0,1006.2
2025-11-01 20:00:00+00:00,9.6,86,7.4,8,5,4,1,0.0,0.0,0.0,0.0,13.7,26.6,0.0,1006.6
2025-11-01 21:00:00+00:00,9.3,85,6.8,3,2,2,0,0.0,0.0,0.0,0.0,13.4,27.4,0.0,1007.0
2025-11-01 22:00:00+00:00,8.6,87,6.5,1,0,1,0,0.0,0.0,0.0,0.0,11.7,26.3,0.0,1007.5
2025-11-01 23:00:00+00:00,8.1,87,6.1,13,5,9,1,0.0,0.0,0.0,0.0,11.1,22.3,0.0,1007.4
2025-11-02 00:00:00+00:00,7.6,86,5.4,95,10,15,94,0.0,0.0,0.0,0.0,9.2,20.9,0.0,1007.1
2025-11-02 01:00:00+00:00,8.4,81,5.4,100,9,24,100,0.0,0.0,0.0,0.0,10.2,18.4,0.0,1006.8
2025-11-02 02:00:00+00:00,9.6,75,5.3,50,3,10,44,0.0,0.0,0.0,0.0,13.7,25.9,0.0,1006.3
2025-11-02 03:00:00+00:00,9.9,72,5.1,82,12,68,45,0.0,0.0,0.0,0.0,16.3,31.3,0.1,1005.3
2025-11-02 04:00:00+00:00,9.2,80,5.9,98,93,79,16,0.0,0.0,0.0,0.0,14.3,32.8,0.3,1005.2
2025-11-02 05:00:00+00:00,8.9,88,7.0,100,95,100,94,0.0,0.0,0.0,0.0,12.4,28.1,1.5,1004.9
2025-11-02 06:00:00+00:00,8.9,95,8.1,100,18,93,98,0.0,0.0,0.0,0.0,12.7,29.9,1.1,1004.6
2025-11-02 07:00:00+00:00,8.6,95,7.9,49,14,42,8,0.0,0.0,0.0,0.0,9.8,23.4,0.1,1004.8
2025-11-02 08:00:00+00:00,8.6,94,7.7,1,0,1,1,29.0,12.0,149.1,17.0,13.5,23.8,0.0,1005.8
2025-11-02 09:00:00+00:00,9.2,92,7.9,4,4,0,0,147.0,99.0,514.6,48.0,14.0,28.4,0.0,1006.8
2025-11-02 10:00:00+00:00,10.1,85,7.7,11,9,7,0,260.0,198.0,662.3,62.0,13.2,29.5,0.0,1007.4
2025-11-02 11:00:00+00:00,11.2,75,6.9,5,5,0,0,332.0,257.0,691.7,75.0,14.9,33.1,0.0,1008.2
2025-11-02 12:00:00+00:00,12.1,65,5.8,13,6,9,0,371.0,299.0,737.9,72.0,16.2,39.6,0.0,1008.8
2025-11-02 13:00:00+00:00,12.2,63,5.4,13,7,6,0,359.0,283.0,711.7,76.0,16.9,38.5,0.1,1009.3
2025-11-02 14:00:00+00:00,12.1,63,5.2,35,15,29,0,299.0,230.0,658.3,69.0,16.1,37.1,0.0,1009.9
2025-11-02 15:00:00+00:00,11.6,66,5.4,33,7,20,11,181.0,115.0,436.2,66.0,14.6,34.9,0.0,1010.3
2025-11-02 16:00:00+00:00,10.7,71,5.8,21,8,14,4,92.0,54.0,369.2,38.0,11.2,30.6,0.0,1011.1
2025-11-02 17:00:00+00:00,9.4,78,5.8,8,6,3,0,11.0,4.0,73.4,7.0,10.1,22.7,0.0,1011.7
2025-11-02 18:00:00+00:00,8.4,83,5.7,0,0,0,0,0.0,0.0,0.0,0.0,10.6,20.9,0.0,1012.7
2025-11-02 19:00:00+00:00,7.7,86,5.4,6,0,0,6,0.0,0.0,0.0,0.0,10.6,19.4,0.0,1013.2
2025-11-02 20:00:00+00:00,7.5,84,4.9,98,0,0,98,0.0,0.0,0.0,0.0,11.9,21.6,0.0,1013.7
2025-11-02 21:00:00+00:00,7.8,81,4.8,95,1,1,95,0.0,0.0,0.0,0.0,12.8,23.4,0.0,1014.2
2025-11-02 22:00:00+00:00,8.1,84,5.6,6,1,2,5,0.0,0.0,0.0,0.0,13.4,25.6,0.0,1014.5
2025-11-02 23:00:00+00:00,8.8,89,7.1,48,3,9,43,0.0,0.0,0.0,0.0,13.5,25.6,0.0,1014.0
2025-11-03 00:00:00+00:00,10.0,89,8.2,5,5,2,0,0.0,0.0,0.0,0.0,14.9,28.8,0.0,1014.1
2025-11-03 01:00:00+00:00,10.6,88,8.6,100,8,4,100,0.0,0.0,0.0,0.0,14.4,28.8,0.0,1014.3
2025-11-03 02:00:00+00:00,11.1,89,9.2,99,24,15,98,0.0,0.0,0.0,0.0,15.4,29.9,0.0,1013.6
2025-11-03 03:00:00+00:00,12.0,89,10.3,98,59,8,96,0.0,0.0,0.0,0.0,19.0,37.4,0.0,1013.0
2025-11-03 04:00:00+00:00,12.8,89,11.1,100,95,72,100,0.0,0.0,0.0,0.0,20.9,42.8,0.0,1012.8
2025-11-03 05:00:00+00:00,13.2,88,11.2,100,27,91,100,0.0,0.0,0.0,0.0,21.5,43.9,0.0,1012.6
2025-11-03 06:00:00+00:00,13.2,92,11.9,65,15,30,49,0.0,0.0,0.0,0.0,22.7,48.6,0.0,1012.5
2025-11-03 07:00:00+00:00,13.1,91,11.6,96,18,22,95,0.0,0.0,0.0,0.0,22.9,45.0,0.1,1012.4
2025-11-03 08:00:00+00:00,13.2,92,11.9,100,30,27,100,26.0,10.0,128.0,16.0,22.9,48.6,0.0,1012.8
2025-11-03 09:00:00+00:00,14.0,88,12.1,100,44,66,98,97.0,22.0,117.1,75.0,22.5,46.1,0.0,1013.1
2025-11-03 10:00:00+00:00,14.6,85,12.1,100,41,48,100,140.0,26.0,88.4,114.0,24.4,52.2,0.0,1013.2
2025-11-03 11:00:00+00:00,15.1,83,12.1,98,32,32,97,201.0,55.0,150.0,146.0,25.5,53.6,0.0,1013.3
2025-11-03 12:00:00+00:00,15.0,84,12.4,99,34,30,98,257.0,123.0,307.2,134.0,27.8,68.0,0.0,1013.4
2025-11-03 13:00:00+00:00,15.1,81,11.9,92,55,8,80,262.0,124.0,315.7,138.0,28.5,62.6,0.1,1013.2
2025-11-03 14:00:00+00:00,15.2,79,11.6,98,71,12,94,212.0,89.0,258.3,123.0,29.7,60.5,0.0,1013.0
2025-11-03 15:00:00+00:00,14.9,84,12.2,70,51,30,19,121.0,44.0,169.9,77.0,24.7,59.8,0.0,1012.9
2025-11-03 16:00:00+00:00,14.6,86,12.3,81,80,8,2,70.0,23.0,162.2,47.0,23.8,51.8,0.0,1013.2
2025-11-03 17:00:00+00:00,14.1,88,12.2,63,63,6,0,6.0,1.0,19.1,5.0,23.2,49.7,0.0,1013.6
2025-11-03 18:00:00+00:00,14.2,90,12.6,50,46,16,0,0.0,0.0,0.0,0.0,21.8,48.2,0.0,1013.8
2025-11-03 19:00:00+00:00,14.2,89,12.5,33,27,7,2,0.0,0.0,0.0,0.0,23.1,47.2,0.0,1013.8
2025-11-03 20:00:00+00:00,13.9,91,12.6,100,49,48,98,0.0,0.0,0.0,0.0,26.0,51.5,0.2,1013.9
2025-11-03 21:00:00+00:00,13.8,91,12.2,100,85,29,100,0.0,0.0,0.0,0.0,27.2,54.4,0.3,1014.0
2025-11-03 22:00:00+00:00,13.6,92,12.4,99,60,27,98,0.0,0.0,0.0,0.0,24.5,52.9,0.1,1013.9
2025-11-03 23:00:00+00:00,13.6,93,12.5,83,49,1,66,0.0,0.0,0.0,0.0,23.6,48.2,0.1,1013.6
2025-11-04 00:00:00+00:00,13.9,92,12.6,98,49,0,96,0.0,0.0,0.0,0.0,24.1,49.7,0.1,1013.4
2025-11-04 01:00:00+00:00,13.9,92,12.6,98,67,0,95,0.0,0.0,0.0,0.0,24.7,50.8,0.1,1013.3
2025-11-04 02:00:00+00:00,13.7,92,12.4,88,60,1,68,0.0,0.0,0.0,0.0,24.5,50.0,0.1,1013.2
2025-11-04 03:00:00+00:00,13.7,90,12.1,96,64,0,90,0.0,0.0,0.0,0.0,24.3,50.0,0.1,1013.0
2025-11-04 04:00:00+00:00,13.6,89,11.8,100,34,0,100,0.0,0.0,0.0,0.0,23.4,50.4,0.0,1012.7
2025-11-04 05:00:00+00:00,13.6,90,11.9,100,52,0,100,0.0,0.0,0.0,0.0,20.5,47.5,0.0,1012.7
2025-11-04 06:00:00+00:00,14.1,86,11.8,100,34,0,100,0.0,0.0,0.0,0.0,20.1,44.3,0.1,1012.4
2025-11-04 07:00:00+00:00,13.8,90,12.2,100,65,0,100,0.0,0.0,0.0,0.0,21.1,43.2,0.1,1012.0
2025-11-04 08:00:00+00:00,13.9,90,12.2,92,24,0,90,15.0,1.0,13.2,14.0,20.5,43.6,0.0,1012.1
2025-11-04 09:00:00+00:00,14.3,89,12.4,99,23,2,99,106.0,37.0,201.9,69.0,19.8,41.8,0.0,1011.9
2025-11-04 10:00:00+00:00,14.8,84,12.1,23,3,2,18,175.0,69.0,238.3,106.0,20.4,46.4,0.0,1011.8
2025-11-04 11:00:00+00:00,15.1,78,11.3,96,0,46,93,318.0,236.0,652.0,82.0,19.2,46.4,0.0,1011.5
2025-11-04 12:00:00+00:00,15.6,76,11.2,93,0,13,92,309.0,203.0,513.2,106.0,17.9,41.8,0.0,1010.9
2025-11-04 13:00:00+00:00,15.6,75,11.1,9,0,4,5,353.0,277.0,713.9,76.0,18.5,40.3,0.0,1009.9
2025-11-04 14:00:00+00:00,15.3,75,10.9,91,5,28,88,285.0,209.0,614.9,76.0,17.1,41.4,0.0,1009.3
2025-11-04 15:00:00+00:00,14.6,79,11.1,67,45,36,8,161.0,83.0,326.3,78.0,18.2,40.0,0.0,1008.9
2025-11-04 16:00:00+00:00,14.4,81,11.3,100,100,64,17,59.0,15.0,109.2,44.0,19.1,40.0,0.0,1008.5
2025-11-04 17:00:00+00:00,14.4,85,11.9,100,100,100,8,2.0,0.0,0.0,2.0,21.3,43.6,0.1,1008.3
2025-11-04 18:00:00+00:00,14.6,91,13.1,100,77,38,100,0.0,0.0,0.0,0.0,23.4,43.9,0.5,1008.6
2025-11-04 19:00:00+00:00,15.1,88,13.1,100,20,100,96,0.0,0.0,0.0,0.0,21.9,47.2,0.0,1008.5
2025-11-04 20:00:00+00:00,15.8,81,12.4,100,100,98,93,0.0,0.0,0.0,0.0,24.5,50.0,0.0,1008.1
2025-11-04 21:00:00+00:00,16.1,77,12.2,100,100,100,41,0.0,0.0,0.0,0.0,27.3,56.5,0.0,1007.6
2025-11-04 22:00:00+00:00,16.1,77,12.1,100,100,10,2,0.0,0.0,0.0,0.0,26.6,57.6,0.0,1007.6
2025-11-04 23:00:00+00:00,16.3,78,12.4,100,100,2,12,0.0,0.0,0.0,0.0,25.3,55.4,0.0,1007.9
2025-11-05 00:00:00+00:00,16.2,79,12.6,100,100,45,4,0.0,0.0,0.0,0.0,22.0,52.6,0.0,1008.4
2025-11-05 01:00:00+00:00,15.9,81,12.5,51,20,39,1,0.0,0.0,0.0,0.0,20.4,45.7,0.0,1008.5
2025-11-05 02:00:00+00:00,15.4,80,11.9,100,2,100,28,0.0,0.0,0.0,0.0,17.2,41.4,0.0,1008.4
2025-11-05 03:00:00+00:00,15.6,79,11.9,100,2,100,41,0.0,0.0,0.0,0.0,15.8,34.6,0.0,1008.2
2025-11-05 04:00:00+00:00,15.2,80,11.7,100,10,100,9,0.0,0.0,0.0,0.0,16.6,33.8,0.1,1008.0
2025-11-05 05:00:00+00:00,15.1,78,11.2,100,0,100,45,0.0,0.0,0.0,0.0,18.6,36.7,0.1,1007.7
2025-11-05 06:00:00+00:00,14.9,81,11.7,100,0,100,93,0.0,0.0,0.0,0.0,15.2,38.2,0.0,1007.7
2025-11-05 07:00:00+00:00,14.6,83,11.7,100,1,100,36,0.0,0.0,0.0,0.0,14.8,31.7,0.1,1007.9
2025-11-05 08:00:00+00:00,14.6,82,11.6,100,0,100,30,10.0,0.0,0.0,10.0,14.2,28.8,0.0,1007.6
2025-11-05 09:00:00+00:00,15.4,78,11.6,100,0,100,35,36.0,0.0,0.0,36.0,15.2,31.0,0.0,1007.7
2025-11-05 10:00:00+00:00,15.9,75,11.5,100,0,100,62,65.0,0.0,0.0,65.0,15.3,32.0,0.0,1007.3
2025-11-05 11:00:00+00:00,16.0,75,11.6,97,0,95,38,61.0,0.0,0.0,61.0,15.1,32.4,0.0,1007.2
2025-11-05 12:00:00+00:00,16.7,74,12.1,100,0,100,26,171.0,21.0,53.7,150.0,12.2,30.6,0.0,1006.7
2025-11-05 13:00:00+00:00,16.4,74,11.8,100,0,100,82,102.0,0.0,0.0,102.0,13.0,28.1,0.0,1006.7
2025-11-05 14:00:00+00:00,16.0,76,11.8,98,0,91,73,74.0,0.0,0.0,74.0,12.8,27.0,0.0,1006.2
2025-11-05 15:00:00+00:00,16.0,77,11.9,100,0,100,26,90.0,8.0,32.0,82.0,12.3,26.3,0.0,1005.6
2025-11-05 16:00:00+00:00,15.6,78,11.8,87,0,80,30,30.0,0.0,0.0,30.0,11.5,25.6,0.0,1005.8
2025-11-05 17:00:00+00:00,14.9,80,11.5,100,0,97,94,5.0,1.0,20.9,4.0,10.4,23.4,0.0,1005.7
2025-11-05 18:00:00+00:00,14.2,87,12.0,99,0,83,95,0.0,0.0,0.0,0.0,13.8,21.6,0.0,1005.9
2025-11-05 19:00:00+00:00,14.4,85,12.0,100,0,100,65,0.0,0.0,0.0,0.0,12.7,27.7,0.0,1005.4
2025-11-05 20:00:00+00:00,14.6,84,12.0,98,0,90,82,0.0,0.0,0.0,0.0,13.9,27.4,0.0,1005.2
2025-11-05 21:00:00+00:00,14.9,83,11.9,90,0,32,85,0.0,0.0,0.0,0.0,13.4,27.7,0.0,1004.9
2025-11-05 22:00:00+00:00,14.1,86,11.8,95,0,29,93,0.0,0.0,0.0,0.0,11.3,25.9,0.0,1004.8
2025-11-05 23:00:00+00:00,14.2,85,11.7,88,0,10,86,0.0,0.0,0.0,0.0,9.9,21.2,0.0,1004.4
2025-11-06 00:00:00+00:00,15.1,83,12.1,69,0,9,66,0.0,0.0,0.0,0.0,10.7,18.7,0.0,1004.3
2025-11-06 01:00:00+00:00,14.2,86,11.9,97,0,92,58,0.0,0.0,0.0,0.0,8.5,20.5,0.0,1004.3
2025-11-06 02:00:00+00:00,14.1,87,12.1,79,0,13,76,0.0,0.0,0.0,0.0,7.8,15.8,0.0,1004.1
2025-11-06 03:00:00+00:00,13.9,89,12.1,98,1,82,88,0.0,0.0,0.0,0.0,8.3,16.6,0.0,1004.1
2025-11-06 04:00:00+00:00,13.5,90,11.9,60,0,14,53,0.0,0.0,0.0,0.0,7.7,15.1,0.0,1003.8
2025-11-06 05:00:00+00:00,13.2,92,11.9,83,15,29,74,0.0,0.0,0.0,0.0,9.7,17.6,0.0,1004.2
2025-11-06 06:00:00+00:00,14.0,91,12.6,82,41,1,70,0.0,0.0,0.0,0.0,9.8,22.0,0.0,1004.3
2025-11-06 07:00:00+00:00,13.9,92,12.6,100,37,16,100,0.0,0.0,0.0,0.0,10.9,20.5,0.0,1004.4
2025-11-06 08:00:00+00:00,14.2,92,13.0,82,30,20,72,15.0,1.0,14.1,14.0,13.6,25.9,0.0,1004.9
2025-11-06 09:00:00+00:00,15.2,90,13.7,69,30,30,41,110.0,48.0,275.7,62.0,13.6,28.4,0.0,1005.1
2025-11-06 10:00:00+00:00,16.2,87,14.0,80,48,56,12,207.0,126.0,449.8,81.0,15.0,31.0,0.0,1005.3
2025-11-06 11:00:00+00:00,16.6,84,13.9,95,21,22,91,198.0,59.0,167.4,139.0,16.4,36.0,0.1,1005.2
2025-11-06 12:00:00+00:00,16.1,87,13.9,69,37,47,15,277.0,128.0,331.7,149.0,14.7,36.0,0.2,1005.5
2025-11-06 13:00:00+00:00,16.1,83,13.4,53,46,16,2,251.0,149.0,393.7,102.0,12.5,31.7,0.3,1005.0
2025-11-06 14:00:00+00:00,16.3,81,13.1,55,52,5,0,220.0,141.0,426.5,79.0,13.4,29.2,0.1,1004.8
2025-11-06 15:00:00+00:00,15.9,84,13.3,39,34,8,0,151.0,86.0,350.5,65.0,10.6,28.8,0.0,1004.9
2025-11-06 16:00:00+00:00,15.1,89,13.3,66,19,5,56,72.0,36.0,279.5,36.0,8.0,22.7,0.0,1005.2
2025-11-06 17:00:00+00:00,13.8,94,12.8,83,32,3,73,6.0,1.0,21.9,5.0,9.1,16.9,0.0,1005.5
2025-11-06 18:00:00+00:00,13.8,96,13.1,68,16,10,59,0.0,0.0,0.0,0.0,9.4,17.3,0.0,1006.3
2025-11-06 19:00:00+00:00,13.4,98,13.1,11,3,7,2,0.0,0.0,0.0,0.0,7.9,16.9,0.0,1006.4
2025-11-06 20:00:00+00:00,12.9,98,12.5,66,0,3,64,0.0,0.0,0.0,0.0,6.2,14.0,0.0,1006.4
2025-11-06 21:00:00+00:00,11.8,98,11.6,34,0,8,27,0.0,0.0,0.0,0.0,5.3,10.4,0.0,1006.3
2025-11-06 22:00:00+00:00,11.0,99,10.8,12,0,12,0,0.0,0.0,0.0,0.0,4.0,9.4,0.0,1006.0
2025-11-06 23:00:00+00:00,11.2,98,10.9,95,2,95,14,0.0,0.0,0.0,0.0,6.1,10.1,0.0,1006.1
2025-11-07 00:00:00+00:00,10.9,100,10.9,100,100,25,0,0.0,0.0,0.0,0.0,7.5,13.0,0.0,1006.1
2025-11-07 01:00:00+00:00,11.4,100,11.4,98,96,28,0,0.0,0.0,0.0,0.0,7.3,14.0,0.0,1006.1
2025-11-07 02:00:00+00:00,11.4,99,11.2,100,92,98,0,0.0,0.0,0.0,0.0,5.7,13.0,0.2,1006.0
2025-11-07 03:00:00+00:00,11.7,98,11.4,100,41,100,0,0.0,0.0,0.0,0.0,6.8,11.9,0.1,1005.4
2025-11-07 04:00:00+00:00,12.6,97,12.1,100,2,100,0,0.0,0.0,0.0,0.0,6.9,13.0,0.0,1004.9
2025-11-07 05:00:00+00:00,12.8,98,12.4,98,23,98,0,0.0,0.0,0.0,0.0,8.4,15.1,0.0,1004.8
2025-11-07 06:00:00+00:00,12.6,98,12.4,100,40,100,0,0.0,0.0,0.0,0.0,8.0,20.9,0.1,1004.6
2025-11-07 07:00:00+00:00,12.9,98,12.6,45,29,23,0,0.0,0.0,0.0,0.0,9.8,22.0,0.1,1004.6
2025-11-07 08:00:00+00:00,12.9,97,12.4,52,51,6,0,17.0,5.0,72.8,12.0,10.6,18.0,0.0,1004.6
2025-11-07 09:00:00+00:00,13.6,95,12.9,26,14,20,0,98.0,46.0,271.2,52.0,13.1,24.8,0.0,1004.5
2025-11-07 10:00:00+00:00,14.5,90,12.9,32,23,28,0,190.0,119.0,432.0,71.0,14.0,31.0,0.0,1004.6
2025-11-07 11:00:00+00:00,14.6,85,12.1,40,35,13,0,231.0,156.0,448.7,75.0,17.2,39.2,0.2,1004.4
2025-11-07 12:00:00+00:00,14.7,82,11.8,19,19,0,0,295.0,187.0,490.5,108.0,16.9,39.2,0.0,1004.2
2025-11-07 13:00:00+00:00,14.2,82,11.3,100,100,0,0,299.0,215.0,575.1,84.0,18.5,42.1,0.1,1004.1
2025-11-07 14:00:00+00:00,13.5,87,11.3,99,99,7,0,80.0,3.0,9.2,77.0,15.4,40.7,0.1,1004.1
2025-11-07 15:00:00+00:00,13.8,86,11.4,45,45,1,1,86.0,23.0,95.4,63.0,15.0,36.0,0.1,1004.0
2025-11-07 16:00:00+00:00,13.4,88,11.5,100,4,100,27,67.0,30.0,240.8,37.0,11.4,31.0,0.1,1003.9
2025-11-07 17:00:00+00:00,12.9,90,11.4,100,79,100,87,1.0,0.0,0.0,1.0,13.1,25.2,0.3,1004.0
2025-11-07 18:00:00+00:00,13.1,90,11.5,100,100,100,100,0.0,0.0,0.0,0.0,14.8,32.8,0.3,1004.4
2025-11-07 19:00:00+00:00,13.1,94,12.2,100,100,91,100,0.0,0.0,0.0,0.0,17.6,33.5,0.4,1004.5
2025-11-07 20:00:00+00:00,13.3,95,12.5,100,100,94,100,0.0,0.0,0.0,0.0,16.6,33.8,0.1,1004.5
2025-11-07 21:00:00+00:00,13.3,96,12.8,100,26,99,100,0.0,0.0,0.0,0.0,10.4,31.7,0.0,1004.8
2025-11-07 22:00:00+00:00,13.0,97,12.6,100,89,25,100,0.0,0.0,0.0,0.0,10.5,19.1,0.0,1005.3
2025-11-07 23:00:00+00:00,12.9,97,12.4,100,100,0,99,0.0,0.0,0.0,0.0,11.7,22.7,0.0,1006.0
2025-11-08 00:00:00+00:00,11.8,98,11.4,100,1,0,100,0.0,0.0,0.0,0.0,11.5,22.7,0.0,1007.0
2025-11-08 01:00:00+00:00,10.9,98,10.6,100,0,7,100,0.0,0.0,0.0,0.0,9.8,20.9,0.0,1007.7
2025-11-08 02:00:00+00:00,10.1,99,10.0,100,50,0,100,0.0,0.0,0.0,0.0,8.7,18.0,0.0,1008.3
2025-11-08 03:00:00+00:00,10.1,99,10.0,100,100,0,46,0.0,0.0,0.0,0.0,8.2,16.6,0.0,1008.7
2025-11-08 04:00:00+00:00,10.3,98,10.0,100,100,0,0,0.0,0.0,0.0,0.0,11.3,21.6,0.0,1009.4
2025-11-08 05:00:00+00:00,10.2,98,9.9,98,80,0,91,0.0,0.0,0.0,0.0,8.3,21.6,0.0,1010.1
2025-11-08 06:00:00+00:00,8.8,99,8.6,1,1,0,0,0.0,0.0,0.0,0.0,3.5,15.1,0.0,1010.9
2025-11-08 07:00:00+00:00,7.4,100,7.4,96,96,0,0,0.0,0.0,0.0,0.0,3.8,5.8,0.0,1011.6
2025-11-08 08:00:00+00:00,8.1,100,8.1,100,100,0,0,19.0,6.0,90.4,13.0,6.9,11.9,0.0,1012.8
2025-11-08 09:00:00+00:00,9.6,98,9.2,99,99,0,0,90.0,27.0,163.6,63.0,6.0,13.3,0.0,1013.4
2025-11-08 10:00:00+00:00,11.3,90,9.8,99,99,0,0,154.0,41.0,151.4,113.0,7.0,16.9,0.0,1013.9
2025-11-08 11:00:00+00:00,12.4,83,9.6,100,100,0,0,197.0,46.0,134.1,151.0,8.3,18.7,0.0,1014.1
2025-11-08 12:00:00+00:00,13.3,83,10.4,5,5,1,0,183.0,17.0,45.2,166.0,8.2,24.5,0.0,1014.6
2025-11-08 13:00:00+00:00,14.2,75,9.8,9,9,0,0,318.0,237.0,642.0,81.0,9.1,21.6,0.1,1014.7
2025-11-08 14:00:00+00:00,14.5,70,9.1,14,5,12,0,278.0,214.0,665.7,64.0,10.4,23.0,0.0,1014.8
2025-11-08 15:00:00+00:00,14.1,70,8.8,7,2,6,0,187.0,130.0,549.3,57.0,9.0,24.8,0.0,1015.1
2025-11-08 16:00:00+00:00,12.6,77,8.8,13,8,7,0,80.0,46.0,381.8,34.0,10.3,19.8,0.0,1015.7
2025-11-08 17:00:00+00:00,11.1,85,8.6,9,3,6,0,5.0,1.0,24.1,4.0,10.3,20.2,0.0,1016.1
2025-11-08 18:00:00+00:00,10.3,87,8.3,5,0,5,0,0.0,0.0,0.0,0.0,9.7,19.1,0.0,1016.8
2025-11-08 19:00:00+00:00,9.7,91,8.3,22,4,5,17,0.0,0.0,0.0,0.0,9.2,17.6,0.0,1017.1
2025-11-08 20:00:00+00:00,9.4,92,8.1,15,0,3,13,0.0,0.0,0.0,0.0,8.1,16.6,0.0,1017.3
2025-11-08 21:00:00+00:00,9.0,93,7.9,39,0,2,38,0.0,0.0,0.0,0.0,7.5,14.4,0.0,1017.6
2025-11-08 22:00:00+00:00,8.6,94,7.8,73,0,0,73,0.0,0.0,0.0,0.0,7.8,14.0,0.0,1017.6
2025-11-08 23:00:00+00:00,8.5,95,7.8,10,0,0,10,0.0,0.0,0.0,0.0,8.0,14.4,0.0,1017.5
2025-11-09 00:00:00+00:00,7.3,95,6.6,0,0,0,0,0.0,0.0,0.0,0.0,7.8,15.1,0.0,1017.9
2025-11-09 01:00:00+00:00,7.1,95,6.2,0,0,0,0,0.0,0.0,0.0,0.0,7.0,13.7,0.0,1017.6
2025-11-09 02:00:00+00:00,7.5,94,6.6,2,2,0,0,0.0,0.0,0.0,0.0,7.5,13.3,0.0,1017.4
2025-11-09 03:00:00+00:00,7.9,93,6.8,5,5,0,0,0.0,0.0,0.0,0.0,6.8,13.3,0.0,1016.9
2025-11-09 04:00:00+00:00,8.8,92,7.5,14,14,0,0,0.0,0.0,0.0,0.0,8.6,15.5,0.0,1016.8
2025-11-09 05:00:00+00:00,9.2,91,7.8,41,39,2,0,0.0,0.0,0.0,0.0,8.8,15.1,0.0,1016.5
2025-11-09 06:00:00+00:00,8.8,89,7.2,42,19,0,29,0.0,0.0,0.0,0.0,7.9,15.8,0.0,1016.5
2025-11-09 07:00:00+00:00,8.9,91,7.5,92,42,0,87,0.0,0.0,0.0,0.0,9.0,15.5,0.0,1016.3
2025-11-09 08:00:00+00:00,9.6,93,8.4,95,48,0,91,17.0,5.0,78.0,12.0,10.4,18.0,0.0,1016.2
2025-11-09 09:00:00+00:00,11.6,89,9.9,100,39,0,100,98.0,41.0,255.3,57.0,12.1,21.6,0.0,1016.2
2025-11-09 10:00:00+00:00,13.4,83,10.6,99,35,0,99,181.0,80.0,300.5,101.0,16.2,31.7,0.0,1016.1
2025-11-09 11:00:00+00:00,13.4,82,10.4,100,47,9,100,198.0,49.0,144.8,149.0,21.1,43.9,0.0,1015.9
2025-11-09 12:00:00+00:00,13.1,89,11.4,100,34,100,59,169.0,17.0,45.7,152.0,16.7,47.9,0.1,1015.3
2025-11-09 13:00:00+00:00,13.1,88,11.2,100,52,83,100,114.0,13.0,35.7,101.0,18.9,39.2,0.0,1014.5
2025-11-09 14:00:00+00:00,13.4,87,11.2,91,34,82,41,137.0,27.0,85.2,110.0,21.2,45.7,0.1,1013.9
2025-11-09 15:00:00+00:00,13.1,89,11.4,80,25,30,63,118.0,49.0,210.9,69.0,21.0,45.7,0.3,1013.3
2025-11-09 16:00:00+00:00,12.8,89,11.1,99,40,98,27,64.0,25.0,214.7,39.0,17.1,42.1,0.0,1012.8
2025-11-09 17:00:00+00:00,12.8,89,11.1,100,47,95,99,1.0,0.0,0.0,1.0,17.0,34.6,0.0,1012.4
2025-11-09 18:00:00+00:00,12.6,95,11.7,100,43,29,100,0.0,0.0,0.0,0.0,19.0,35.6,0.7,1011.9
2025-11-09 19:00:00+00:00,12.8,93,11.6,100,47,100,100,0.0,0.0,0.0,0.0,21.0,41.4,0.0,1011.5
2025-11-09 20:00:00+00:00,13.1,92,11.7,100,37,42,100,0.0,0.0,0.0,0.0,21.7,43.9,0.0,1010.7
2025-11-09 21:00:00+00:00,12.9,91,11.5,100,55,95,100,0.0,0.0,0.0,0.0,21.9,45.0,0.1,1010.6
2025-11-09 22:00:00+00:00,12.5,95,11.6,100,100,100,29,0.0,0.0,0.0,0.0,23.9,45.4,1.7,1009.9
2025-11-09 23:00:00+00:00,12.4,95,11.6,100,100,100,100,0.0,0.0,0.0,0.0,25.8,50.4,2.6,1009.1
2025-11-10 00:00:00+00:00,12.7,96,12.1,100,70,100,94,0.0,0.0,0.0,0.0,24.9,53.6,3.8,1008.6
2025-11-10 01:00:00+00:00,12.8,96,12.1,100,27,100,87,0.0,0.0,0.0,0.0,23.2,48.2,1.4,1008.1
2025-11-10 02:00:00+00:00,12.9,94,11.9,100,100,100,8,0.0,0.0,0.0,0.0,26.8,50.8,0.9,1007.3
2025-11-10 03:00:00+00:00,12.8,94,11.9,100,100,90,0,0.0,0.0,0.0,0.0,27.7,55.4,0.3,1006.9
2025-11-10 04:00:00+00:00,12.9,93,11.8,91,59,82,0,0.0,0.0,0.0,0.0,22.0,52.9,0.1,1006.5
2025-11-10 05:00:00+00:00,12.6,89,10.9,69,47,55,1,0.0,0.0,0.0,0.0,16.9,42.1,0.2,1006.3
2025-11-10 06:00:00+00:00,12.4,92,11.1,83,75,58,0,0.0,0.0,0.0,0.0,11.6,32.0,0.1,1006.1
2025-11-10 07:00:00+00:00,12.1,94,11.1,100,98,68,34,0.0,0.0,0.0,0.0,10.8,21.2,0.1,1005.7
2025-11-10 08:00:00+00:00,12.2,94,11.3,97,80,66,58,7.0,0.0,0.0,7.0,14.4,25.9,0.1,1005.3
2025-11-10 09:00:00+00:00,12.7,92,11.5,100,88,95,96,59.0,6.0,38.4,53.0,16.6,31.7,0.2,1004.9
2025-11-10 10:00:00+00:00,12.9,92,11.7,100,83,100,99,65.0,1.0,3.8,64.0,17.0,32.8,0.2,1004.5
2025-11-10 11:00:00+00:00,12.1,95,11.2,100,80,100,100,88.0,2.0,6.0,86.0,19.8,41.8,1.6,1004.2
2025-11-10 12:00:00+00:00,12.0,94,11.0,100,7,100,100,47.0,0.0,0.0,47.0,11.4,39.6,1.5,1003.4
2025-11-10 13:00:00+00:00,11.9,93,10.8,100,100,65,100,112.0,1.0,2.8,111.0,16.7,37.4,1.5,1003.2
2025-11-10 14:00:00+00:00,11.6,91,10.2,98,42,12,95,99.0,1.0,3.2,98.0,17.1,45.0,0.4,1003.0
2025-11-10 15:00:00+00:00,11.5,89,9.8,30,9,9,19,147.0,72.0,315.5,75.0,16.8,38.2,0.1,1002.9
2025-11-10 16:00:00+00:00,11.1,89,9.4,13,9,5,2,65.0,34.0,302.3,31.0,16.0,33.5,0.0,1003.4
2025-11-10 17:00:00+00:00,10.4,87,8.4,35,13,5,24,3.0,1.0,26.7,2.0,14.9,32.0,0.0,1004.2
2025-11-10 18:00:00+00:00,10.2,88,8.4,38,11,13,23,0.0,0.0,0.0,0.0,16.3,30.2,0.0,1005.2
2025-11-10 19:00:00+00:00,9.8,89,7.9,20,2,15,8,0.0,0.0,0.0,0.0,14.5,32.4,0.0,1005.6
2025-11-10 20:00:00+00:00,9.4,86,7.2,15,5,5,7,0.0,0.0,0.0,0.0,13.2,28.4,0.0,1005.9
2025-11-10 21:00:00+00:00,8.9,89,7.2,85,2,0,84,0.0,0.0,0.0,0.0,10.8,25.6,0.0,1006.4
2025-11-10 22:00:00+00:00,9.1,88,7.2,100,2,0,100,0.0,0.0,0.0,0.0,10.7,20.5,0.0,1006.7
2025-11-10 23:00:00+00:00,9.3,87,7.2,45,9,3,38,0.0,0.0,0.0,0.0,11.7,22.7,0.0,1006.9
2025-11-11 00:00:00+00:00,9.1,89,7.3,77,15,48,48,0.0,0.0,0.0,0.0,10.8,22.3,0.0,1007.4
2025-11-11 01:00:00+00:00,9.1,88,7.2,100,22,25,100,0.0,0.0,0.0,0.0,9.0,19.8,0.0,1007.2
2025-11-11 02:00:00+00:00,9.9,85,7.4,95,52,69,71,0.0,0.0,0.0,0.0,9.5,16.6,0.0,1006.8
2025-11-11 03:00:00+00:00,10.8,82,7.9,100,29,98,94,0.0,0.0,0.0,0.0,12.1,22.0,0.0,1006.5
2025-11-11 04:00:00+00:00,11.7,81,8.5,100,63,100,61,0.0,0.0,0.0,0.0,14.4,27.7,0.0,1006.2
2025-11-11 05:00:00+00:00,12.2,82,9.2,95,51,68,73,0.0,0.0,0.0,0.0,17.4,34.2,0.0,1006.0
2025-11-11 06:00:00+00:00,12.3,85,9.8,100,35,96,92,0.0,0.0,0.0,0.0,17.1,36.0,0.0,1006.1
2025-11-11 07:00:00+00:00,12.8,86,10.4,96,23,29,94,0.0,0.0,0.0,0.0,20.5,40.7,0.0,1005.9
2025-11-11 08:00:00+00:00,12.9,87,10.9,99,62,49,97,13.0,4.0,67.3,9.0,20.3,42.1,0.0,1005.9
2025-11-11 09:00:00+00:00,13.4,89,11.6,99,42,7,98,77.0,26.0,171.4,51.0,21.4,45.0,0.1,1005.9
2025-11-11 10:00:00+00:00,13.8,87,11.7,99,41,29,98,152.0,62.0,241.1,90.0,23.8,52.2,0.0,1005.9
2025-11-11 11:00:00+00:00,14.1,87,11.9,100,59,27,100,212.0,96.0,291.7,116.0,27.0,55.8,0.0,1006.0
2025-11-11 12:00:00+00:00,14.2,85,11.8,94,44,53,80,243.0,122.0,336.3,121.0,22.7,61.2,0.1,1005.3
2025-11-11 13:00:00+00:00,14.9,84,12.1,100,17,11,100,239.0,141.0,396.5,98.0,25.1,54.0,0.4,1004.5
2025-11-11 14:00:00+00:00,15.0,83,12.1,100,6,6,100,198.0,85.0,275.6,113.0,24.3,55.8,0.3,1004.0
2025-11-11 15:00:00+00:00,15.1,81,11.8,100,21,98,100,148.0,63.0,281.1,85.0,23.9,51.8,0.0,1003.8
2025-11-11 16:00:00+00:00,15.0,80,11.5,100,100,100,100,35.0,1.0,9.2,34.0,23.5,50.0,0.0,1003.4
2025-11-11 17:00:00+00:00,15.2,79,11.5,100,64,100,100,1.0,0.0,0.0,1.0,24.1,50.0,0.0,1003.0
2025-11-11 18:00:00+00:00,15.2,78,11.4,100,57,100,100,0.0,0.0,0.0,0.0,25.6,59.0,0.3,1002.9
2025-11-11 19:00:00+00:00,14.8,81,11.6,100,28,100,100,0.0,0.0,0.0,0.0,29.7,61.6,0.3,1002.9
2025-11-11 20:00:00+00:00,14.2,85,11.9,100,23,100,100,0.0,0.0,0.0,0.0,29.5,61.9,0.9,1002.4
2025-11-11 21:00:00+00:00,14.6,83,11.8,100,100,100,100,0.0,0.0,0.0,0.0,31.6,63.0,0.4,1002.3
2025-11-11 22:00:00+00:00,13.9,92,12.7,100,96,100,100,0.0,0.0,0.0,0.0,30.0,64.4,1.2,1002.7
2025-11-11 23:00:00+00:00,14.1,90,12.6,100,100,100,100,0.0,0.0,0.0,0.0,27.1,58.0,0.6,1002.7
2025-11-12 00:00:00+00:00,14.7,87,12.6,100,32,100,100,0.0,0.0,0.0,0.0,29.1,63.4,0.3,1002.9
2025-11-12 01:00:00+00:00,14.3,89,12.4,100,55,100,100,0.0,0.0,0.0,0.0,23.7,57.6,0.2,1003.3
2025-11-12 02:00:00+00:00,14.2,90,12.6,100,66,100,100,0.0,0.0,0.0,0.0,19.7,51.8,0.2,1003.0
2025-11-12 03:00:00+00:00,14.4,90,12.8,100,96,100,100,0.0,0.0,0.0,0.0,21.7,43.9,0.2,1003.0
2025-11-12 04:00:00+00:00,13.9,93,12.9,100,74,99,100,0.0,0.0,0.0,0.0,18.7,43.2,0.6,1002.9
2025-11-12 05:00:00+00:00,14.1,92,12.7,100,13,100,100,0.0,0.0,0.0,0.0,19.9,37.8,0.1,1002.8
2025-11-12 06:00:00+00:00,13.8,92,12.5,100,1,100,100,0.0,0.0,0.0,0.0,16.2,40.3,0.4,1003.0
2025-11-12 07:00:00+00:00,13.6,91,12.1,100,1,57,100,0.0,0.0,0.0,0.0,16.4,30.6,0.1,1003.0
2025-11-12 08:00:00+00:00,13.5,87,11.4,100,16,99,99,9.0,0.0,0.0,9.0,17.4,33.1,0.0,1003.6
2025-11-12 09:00:00+00:00,14.1,84,11.6,100,0,100,99,29.0,0.0,0.0,29.0,19.4,38.2,0.2,1003.7
2025-11-12 10:00:00+00:00,13.9,91,12.4,100,1,100,100,49.0,0.0,0.0,49.0,19.9,38.5,0.6,1003.4
2025-11-12 11:00:00+00:00,13.9,90,12.4,100,0,99,98,38.0,0.0,0.0,38.0,17.8,38.2,0.0,1003.7
2025-11-12 12:00:00+00:00,15.8,83,12.9,98,27,26,97,137.0,21.0,58.6,116.0,16.2,36.0,0.0,1003.5
2025-11-12 13:00:00+00:00,16.1,77,12.2,100,19,30,100,254.0,152.0,432.7,102.0,14.6,34.9,0.0,1003.2
2025-11-12 14:00:00+00:00,15.7,79,12.1,100,28,100,100,175.0,65.0,213.7,110.0,13.5,31.7,0.0,1003.1
2025-11-12 15:00:00+00:00,15.1,81,11.9,100,35,39,99,94.0,10.0,45.4,84.0,12.0,29.2,0.0,1002.8
2025-11-12 16:00:00+00:00,14.3,84,11.6,100,5,5,100,57.0,26.0,248.0,31.0,9.7,24.8,0.0,1002.6
2025-11-12 17:00:00+00:00,13.1,88,11.1,93,0,0,93,2.0,0.0,0.0,2.0,11.0,20.2,0.0,1002.8
2025-11-12 18:00:00+00:00,12.6,91,11.2,23,0,0,23,0.0,0.0,0.0,0.0,12.5,21.2,0.0,1003.0
2025-11-12 19:00:00+00:00,12.5,89,10.8,66,0,9,66,0.0,0.0,0.0,0.0,13.2,25.2,0.0,1002.3
2025-11-12 20:00:00+00:00,12.7,87,10.6,100,0,56,99,0.0,0.0,0.0,0.0,11.7,24.8,0.0,1002.2
2025-11-12 21:00:00+00:00,13.2,84,10.6,100,0,91,100,0.0,0.0,0.0,0.0,12.4,23.8,0.0,1002.5
2025-11-12 22:00:00+00:00,13.9,83,11.1,100,0,100,100,0.0,0.0,0.0,0.0,13.8,27.7,0.0,1002.5
2025-11-12 23:00:00+00:00,14.4,84,11.8,100,0,87,100,0.0,0.0,0.0,0.0,15.6,30.6,0.0,1002.4
2025-11-13 00:00:00+00:00,14.4,89,12.5,100,0,100,98,0.0,0.0,0.0,0.0,17.7,33.5,0.0,1002.4
2025-11-13 01:00:00+00:00,14.4,88,12.4,95,13,77,74,0.0,0.0,0.0,0.0,18.2,37.1,0.0,1002.6
2025-11-13 02:00:00+00:00,14.2,88,12.3,95,43,13,92,0.0,0.0,0.0,0.0,19.4,38.5,0.0,1003.4
2025-11-13 03:00:00+00:00,13.9,89,12.2,100,28,1,100,0.0,0.0,0.0,0.0,18.7,39.2,0.1,1003.6
2025-11-13 04:00:00+00:00,13.8,91,12.2,100,34,1,100,0.0,0.0,0.0,0.0,17.6,37.4,0.0,1004.1
2025-11-13 05:00:00+00:00,13.5,93,12.4,100,18,88,100,0.0,0.0,0.0,0.0,16.2,34.9,0.0,1004.6
2025-11-13 06:00:00+00:00,13.4,96,12.9,100,16,93,100,0.0,0.0,0.0,0.0,17.4,32.0,0.0,1005.1
2025-11-13 07:00:00+00:00,13.2,97,12.8,99,16,86,92,0.0,0.0,0.0,0.0,15.4,32.4,0.0,1005.7
2025-11-13 08:00:00+00:00,13.1,97,12.6,77,20,0,72,11.0,3.0,54.6,8.0,14.2,28.8,0.0,1006.5
2025-11-13 09:00:00+00:00,13.9,96,13.1,21,19,0,4,93.0,52.0,363.7,41.0,14.9,28.4,0.0,1007.1
2025-11-13 10:00:00+00:00,14.7,92,13.4,37,37,0,0,197.0,132.0,531.7,65.0,18.1,33.1,0.0,1007.6
2025-11-13 11:00:00+00:00,15.4,87,13.2,95,17,0,94,230.0,148.0,462.3,82.0,15.0,36.7,0.0,1007.9
2025-11-13 12:00:00+00:00,16.1,79,12.6,21,14,0,9,276.0,181.0,511.5,95.0,11.0,31.7,0.0,1007.7
2025-11-13 13:00:00+00:00,16.4,76,12.1,45,4,0,43,306.0,236.0,680.2,70.0,7.7,24.5,0.0,1007.7
2025-11-13 14:00:00+00:00,16.2,78,12.3,98,6,88,90,245.0,167.0,556.6,78.0,7.2,18.7,0.0,1007.4
2025-11-13 15:00:00+00:00,15.6,82,12.6,100,1,99,98,149.0,75.0,346.9,74.0,4.4,16.9,0.0,1006.9
2025-11-13 16:00:00+00:00,14.7,88,12.6,100,0,99,100,34.0,2.0,19.8,32.0,7.3,13.0,0.0,1006.8
2025-11-13 17:00:00+00:00,13.9,93,12.9,100,11,97,100,0.0,0.0,0.0,0.0,12.0,23.0,0.0,1006.4
2025-11-13 18:00:00+00:00,13.6,94,12.8,100,10,100,71,0.0,0.0,0.0,0.0,9.8,24.8,0.1,1006.2
2025-11-13 19:00:00+00:00,13.4,96,12.8,100,100,100,88,0.0,0.0,0.0,0.0,14.2,26.6,1.8,1006.3
2025-11-13 20:00:00+00:00,13.2,96,12.7,100,31,100,100,0.0,0.0,0.0,0.0,14.1,27.0,1.1,1005.5
2025-11-13 21:00:00+00:00,13.4,97,12.9,100,5,100,100,0.0,0.0,0.0,0.0,13.6,25.9,0.1,1004.8
2025-11-13 22:00:00+00:00,13.4,98,13.0,100,38,100,100,0.0,0.0,0.0,0.0,12.9,25.2,0.1,1004.1
2025-11-13 23:00:00+00:00,13.6,96,13.1,100,24,99,100,0.0,0.0,0.0,0.0,13.2,24.1,1.2,1003.5
2025-11-14 00:00:00+00:00,13.1,98,12.8,92,9,34,87,0.0,0.0,0.0,0.0,10.8,30.2,1.6,1003.1
2025-11-14 01:00:00+00:00,12.8,97,12.3,100,43,48,100,0.0,0.0,0.0,0.0,11.4,20.9,0.0,1002.5
2025-11-14 02:00:00+00:00,12.9,96,12.2,100,26,100,55,0.0,0.0,0.0,0.0,13.2,23.8,0.0,1002.0
2025-11-14 03:00:00+00:00,13.2,96,12.6,100,41,100,100,0.0,0.0,0.0,0.0,11.9,24.5,0.0,1001.4
2025-11-14 04:00:00+00:00,13.4,97,12.9,100,55,100,88,0.0,0.0,0.0,0.0,11.5,21.2,0.1,1000.8
2025-11-14 05:00:00+00:00,13.5,97,13.1,100,36,100,99,0.0,0.0,0.0,0.0,12.1,22.0,0.3,1000.5
2025-11-14 06:00:00+00:00,13.6,97,13.1,100,9,100,100,0.0,0.0,0.0,0.0,12.9,22.3,2.9,1000.3
2025-11-14 07:00:00+00:00,13.6,97,13.2,100,79,70,100,0.0,0.0,0.0,0.0,11.2,23.0,0.5,1000.1
2025-11-14 08:00:00+00:00,13.8,97,13.2,100,15,98,100,4.0,0.0,0.0,4.0,13.9,27.4,0.4,999.9
2025-11-14 09:00:00+00:00,13.8,96,13.2,100,99,100,100,20.0,0.0,0.0,20.0,15.8,29.5,0.4,999.9
2025-11-14 10:00:00+00:00,14.0,96,13.4,100,41,100,100,25.0,0.0,0.0,25.0,12.2,30.6,1.4,999.5
2025-11-14 11:00:00+00:00,14.2,96,13.6,100,100,100,100,37.0,0.0,0.0,37.0,15.6,29.5,0.8,999.0
2025-11-14 12:00:00+00:00,14.4,96,13.7,100,95,100,100,42.0,0.0,0.0,42.0,13.8,29.9,0.8,998.6
2025-11-14 13:00:00+00:00,14.4,96,13.8,100,100,100,100,45.0,0.0,0.0,45.0,15.7,30.2,0.7,997.7
2025-11-14 14:00:00+00:00,14.4,96,13.8,98,31,70,96,31.0,0.0,0.0,31.0,14.4,30.2,0.5,997.0
2025-11-14 15:00:00+00:00,14.9,91,13.5,99,28,45,98,114.0,29.0,136.6,85.0,15.4,29.5,0.2,996.9
2025-11-14 16:00:00+00:00,14.7,92,13.4,96,30,34,91,38.0,4.0,41.0,34.0,14.4,30.6,0.2,997.0
2025-11-14 17:00:00+00:00,14.1,94,13.2,38,19,27,0,1.0,0.0,0.0,1.0,11.0,26.3,1.0,997.5
2025-11-14 18:00:00+00:00,13.6,92,12.4,86,24,45,71,0.0,0.0,0.0,0.0,15.9,31.0,0.0,998.8
2025-11-14 19:00:00+00:00,13.1,94,12.1,34,29,20,1,0.0,0.0,0.0,0.0,15.7,30.2,0.1,999.3
2025-11-14 20:00:00+00:00,13.2,95,12.4,13,13,2,0,0.0,0.0,0.0,0.0,13.3,29.2,0.0,999.8
2025-11-14 21:00:00+00:00,12.6,96,12.1,28,27,4,0,0.0,0.0,0.0,0.0,12.0,24.5,0.0,1001.1
2025-11-14 22:00:00+00:00,12.7,96,12.0,26,26,1,0,0.0,0.0,0.0,0.0,11.8,23.0,0.0,1002.0
2025-11-14 23:00:00+00:00,12.4,96,11.7,27,26,9,0,0.0,0.0,0.0,0.0,7.8,21.6,0.0,1002.7
2025-11-15 00:00:00+00:00,12.9,95,12.1,41,34,13,0,0.0,0.0,0.0,0.0,8.7,13.3,0.0,1003.6
2025-11-15 01:00:00+00:00,12.4,96,11.7,18,13,7,2,0.0,0.0,0.0,0.0,9.2,17.3,0.1,1004.3
2025-11-15 02:00:00+00:00,11.1,96,10.6,15,14,0,1,0.0,0.0,0.0,0.0,4.3,16.2,0.0,1004.4
2025-11-15 03:00:00+00:00,10.5,98,10.2,100,6,0,100,0.0,0.0,0.0,0.0,4.0,6.8,0.0,1004.6
2025-11-15 04:00:00+00:00,10.1,99,9.9,100,5,0,100,0.0,0.0,0.0,0.0,4.3,6.8,0.0,1004.9
2025-11-15 05:00:00+00:00,10.5,98,10.2,100,7,0,100,0.0,0.0,0.0,0.0,6.5,11.2,0.0,1005.5
2025-11-15 06:00:00+00:00,10.7,100,10.6,100,100,13,2,0.0,0.0,0.0,0.0,5.1,11.9,0.0,1006.3
2025-11-15 07:00:00+00:00,10.1,100,10.1,100,100,1,0,0.0,0.0,0.0,0.0,6.2,11.2,0.0,1006.9
2025-11-15 08:00:00+00:00,10.4,100,10.4,100,100,3,0,6.0,0.0,0.0,6.0,7.9,15.5,0.0,1007.3
2025-11-15 09:00:00+00:00,11.1,99,10.9,100,100,2,5,54.0,5.0,37.2,49.0,6.1,15.5,0.0,1007.7
2025-11-15 10:00:00+00:00,12.1,98,11.9,100,100,11,23,128.0,39.0,162.8,89.0,7.4,16.9,0.0,1008.2
2025-11-15 11:00:00+00:00,13.2,94,12.3,100,100,1,4,150.0,21.0,67.4,129.0,10.4,21.2,0.0,1008.3
2025-11-15 12:00:00+00:00,13.9,91,12.4,100,75,7,99,186.0,43.0,124.5,143.0,10.9,23.8,0.1,1008.1
2025-11-15 13:00:00+00:00,14.4,86,12.1,100,25,0,100,230.0,115.0,339.6,115.0,10.3,24.5,0.1,1007.9
2025-11-15 14:00:00+00:00,14.2,86,11.9,60,11,0,55,178.0,70.0,239.7,108.0,9.0,23.0,0.1,1007.6
2025-11-15 15:00:00+00:00,13.9,87,11.9,24,20,0,5,156.0,97.0,464.9,59.0,9.0,21.6,0.1,1007.7
2025-11-15 16:00:00+00:00,12.8,90,11.2,27,27,0,0,54.0,27.0,286.9,27.0,10.8,20.9,0.0,1007.9
2025-11-15 17:00:00+00:00,11.9,93,10.8,23,22,2,1,1.0,0.0,0.0,1.0,11.5,22.7,0.0,1008.2
2025-11-15 18:00:00+00:00,11.9,95,11.1,47,41,9,1,0.0,0.0,0.0,0.0,12.3,22.0,0.0,1008.7
2025-11-15 19:00:00+00:00,11.2,96,10.6,98,61,2,94,0.0,0.0,0.0,0.0,14.4,28.4,0.0,1008.8
2025-11-15 20:00:00+00:00,10.9,96,10.3,100,100,1,78,0.0,0.0,0.0,0.0,13.4,28.4,0.0,1008.9
2025-11-15 21:00:00+00:00,11.2,94,10.3,100,100,0,70,0.0,0.0,0.0,0.0,10.9,25.9,0.0,1009.1
2025-11-15 22:00:00+00:00,11.1,94,10.1,98,41,1,96,0.0,0.0,0.0,0.0,11.7,23.4,0.0,1008.9
2025-11-15 23:00:00+00:00,10.2,95,9.6,98,74,7,95,0.0,0.0,0.0,0.0,9.8,23.4,0.0,1008.9
2025-11-16 00:00:00+00:00,11.0,93,9.9,100,100,1,0,0.0,0.0,0.0,0.0,11.2,18.7,0.0,1009.1
2025-11-16 01:00:00+00:00,10.9,92,9.6,100,100,0,1,0.0,0.0,0.0,0.0,12.3,24.8,0.0,1009.2
2025-11-16 02:00:00+00:00,10.8,90,9.2,100,100,0,0,0.0,0.0,0.0,0.0,13.9,28.4,0.0,1008.9
2025-11-16 03:00:00+00:00,10.4,90,8.9,65,65,0,0,0.0,0.0,0.0,0.0,13.2,28.4,0.0,1008.8
2025-11-16 04:00:00+00:00,9.6,93,8.4,25,25,0,0,0.0,0.0,0.0,0.0,13.9,27.7,0.0,1008.8
2025-11-16 05:00:00+00:00,9.1,94,8.1,100,100,0,0,0.0,0.0,0.0,0.0,12.8,27.7,0.0,1009.2
2025-11-16 06:00:00+00:00,10.1,90,8.6,100,100,3,0,0.0,0.0,0.0,0.0,13.1,25.9,0.0,1009.6
2025-11-16 07:00:00+00:00,10.1,89,8.4,100,100,78,0,0.0,0.0,0.0,0.0,12.1,26.6,0.0,1009.9
2025-11-16 08:00:00+00:00,10.1,87,8.1,100,100,100,0,2.0,0.0,0.0,2.0,14.3,29.5,0.0,1010.4
2025-11-16 09:00:00+00:00,9.9,86,7.8,96,53,92,0,18.0,0.0,0.0,18.0,13.6,31.0,0.0,1010.8
2025-11-16 10:00:00+00:00,10.4,82,7.5,100,100,99,10,80.0,11.0,46.7,69.0,16.7,36.0,0.0,1011.0
2025-11-16 11:00:00+00:00,10.6,79,7.2,100,100,100,1,95.0,1.0,3.3,94.0,16.3,37.4,0.0,1011.2
2025-11-16 12:00:00+00:00,10.6,78,6.9,100,100,94,0,61.0,1.0,2.9,60.0,16.6,35.6,0.0,1011.4
2025-11-16 13:00:00+00:00,10.6,75,6.3,100,100,59,0,81.0,0.0,0.0,81.0,16.6,39.2,0.0,1011.4
2025-11-16 14:00:00+00:00,10.5,74,6.0,100,100,39,0,95.0,4.0,13.9,91.0,17.4,41.0,0.0,1011.6
2025-11-16 15:00:00+00:00,10.1,73,5.6,100,100,10,0,62.0,7.0,34.1,55.0,16.0,40.7,0.0,1012.0
2025-11-16 16:00:00+00:00,9.6,74,5.2,100,100,13,0,22.0,0.0,0.0,22.0,14.1,35.3,0.0,1012.7
2025-11-16 17:00:00+00:00,9.1,74,4.7,100,100,20,0,0.0,0.0,0.0,0.0,15.0,31.7,0.0,1013.7
2025-11-16 18:00:00+00:00,8.6,72,3.8,85,83,13,0,0.0,0.0,0.0,0.0,15.3,32.0,0.0,1014.4
2025-11-16 19:00:00+00:00,7.8,73,3.2,47,45,5,0,0.0,0.0,0.0,0.0,13.0,32.0,0.0,1015.2
2025-11-16 20:00:00+00:00,7.1,75,3.0,42,42,1,0,0.0,0.0,0.0,0.0,13.0,27.0,0.0,1015.5
2025-11-16 21:00:00+00:00,6.7,76,2.8,53,53,0,0,0.0,0.0,0.0,0.0,14.2,28.4,0.0,1016.1
2025-11-16 22:00:00+00:00,6.4,77,2.7,71,71,0,0,0.0,0.0,0.0,0.0,14.7,30.6,0.0,1016.4
2025-11-16 23:00:00+00:00,6.2,77,2.6,52,52,0,0,0.0,0.0,0.0,0.0,12.3,29.9,0.0,1016.7
2025-11-17 00:00:00+00:00,6.0,73,1.5,55,55,0,0,0.0,0.0,0.0,0.0,12.4,24.5,0.0,1017.0
2025-11-17 01:00:00+00:00,5.2,76,1.4,50,50,0,0,0.0,0.0,0.0,0.0,12.1,24.5,0.0,1017.4
2025-11-17 02:00:00+00:00,5.2,80,2.0,49,49,0,0,0.0,0.0,0.0,0.0,13.2,26.3,0.0,1017.9
2025-11-17 03:00:00+00:00,5.2,81,2.2,4,4,0,0,0.0,0.0,0.0,0.0,13.0,27.0,0.0,1018.1
2025-11-17 04:00:00+00:00,4.6,84,2.0,89,89,1,0,0.0,0.0,0.0,0.0,13.5,26.3,0.0,1018.6
2025-11-17 05:00:00+00:00,5.6,80,2.3,59,59,1,0,0.0,0.0,0.0,0.0,15.2,30.6,0.0,1019.2
2025-11-17 06:00:00+00:00,4.8,84,2.3,5,5,0,0,0.0,0.0,0.0,0.0,16.4,31.7,0.0,1019.8
2025-11-17 07:00:00+00:00,4.3,85,2.0,11,11,0,0,0.0,0.0,0.0,0.0,16.0,32.8,0.0,1020.7
2025-11-17 08:00:00+00:00,4.2,84,1.8,13,13,0,0,8.0,3.0,64.8,5.0,15.7,32.4,0.0,1021.7
2025-11-17 09:00:00+00:00,5.0,79,1.6,11,11,0,0,89.0,52.0,412.0,37.0,16.6,37.4,0.0,1022.6
2025-11-17 10:00:00+00:00,5.7,74,1.4,1,1,0,0,198.0,142.0,614.2,56.0,16.7,36.4,0.0,1023.3
2025-11-17 11:00:00+00:00,6.3,70,1.3,0,0,0,0,281.0,220.0,725.9,61.0,17.6,39.6,0.0,1024.0
2025-11-17 12:00:00+00:00,7.2,66,1.4,31,31,0,0,320.0,257.0,762.6,63.0,19.8,39.2,0.0,1024.1
2025-11-17 13:00:00+00:00,7.2,66,1.2,33,33,0,0,276.0,187.0,565.5,89.0,17.0,43.9,0.0,1024.4
2025-11-17 14:00:00+00:00,7.3,63,0.7,50,50,0,0,238.0,165.0,580.0,73.0,14.7,37.4,0.0,1024.7
2025-11-17 15:00:00+00:00,7.2,60,0.1,66,66,0,0,142.0,79.0,392.0,63.0,11.5,32.8,0.0,1025.1
2025-11-17 16:00:00+00:00,6.4,67,0.8,54,54,0,0,45.0,18.0,199.4,27.0,8.0,24.1,0.0,1025.6
2025-11-17 17:00:00+00:00,5.1,76,1.1,0,0,0,0,1.0,0.0,0.0,1.0,9.1,16.9,0.0,1025.8
2025-11-17 18:00:00+00:00,4.2,79,0.9,0,0,0,0,0.0,0.0,0.0,0.0,10.1,18.7,0.0,1026.5
2025-11-17 19:00:00+00:00,3.3,83,0.8,0,0,0,0,0.0,0.0,0.0,0.0,9.9,18.7,0.0,1026.9
2025-11-17 20:00:00+00:00,2.7,87,0.7,0,0,0,0,0.0,0.0,0.0,0.0,9.9,18.7,0.0,1027.0
2025-11-17 21:00:00+00:00,2.0,90,0.6,0,0,0,0,0.0,0.0,0.0,0.0,8.6,18.4,0.0,1026.9
2025-11-17 22:00:00+00:00,1.5,93,0.6,0,0,0,0,0.0,0.0,0.0,0.0,7.7,15.8,0.0,1026.7
2025-11-17 23:00:00+00:00,1.0,95,0.3,0,0,0,0,0.0,0.0,0.0,0.0,6.0,15.1,0.0,1026.7
2025-11-18 00:00:00+00:00,0.2,97,-0.2,0,0,0,0,0.0,0.0,0.0,0.0,6.0,11.5,0.0,1026.7
2025-11-18 01:00:00+00:00,-0.4,99,-0.5,0,0,0,0,0.0,0.0,0.0,0.0,5.3,11.2,0.0,1025.9
2025-11-18 02:00:00+00:00,-0.7,100,-0.7,9,0,0,9,0.0,0.0,0.0,0.0,6.2,11.5,0.0,1025.5
2025-11-18 03:00:00+00:00,-0.9,100,-0.9,64,16,0,57,0.0,0.0,0.0,0.0,7.6,13.7,0.0,1025.0
2025-11-18 04:00:00+00:00,-0.7,98,-1.0,99,19,2,99,0.0,0.0,0.0,0.0,8.0,14.4,0.0,1024.3
2025-11-18 05:00:00+00:00,-0.2,96,-0.8,76,14,16,70,0.0,0.0,0.0,0.0,8.6,15.8,0.0,1023.7
2025-11-18 06:00:00+00:00,-0.3,97,-0.8,87,77,55,36,0.0,0.0,0.0,0.0,8.4,15.8,0.0,1023.2
2025-11-18 07:00:00+00:00,0.1,94,-0.8,32,27,30,0,0.0,0.0,0.0,0.0,7.7,14.8,0.0,1022.5
2025-11-18 08:00:00+00:00,0.4,94,-0.5,93,84,92,0,6.0,1.0,22.6,5.0,7.8,13.7,0.0,1022.0
2025-11-18 09:00:00+00:00,2.4,87,0.5,100,100,100,38,32.0,6.0,49.1,26.0,9.7,17.6,0.0,1021.5
2025-11-18 10:00:00+00:00,4.1,85,1.8,100,100,97,100,47.0,3.0,13.2,44.0,10.3,19.1,0.0,1020.6
2025-11-18 11:00:00+00:00,5.3,85,3.1,100,100,84,27,54.0,3.0,10.0,51.0,12.4,19.1,0.0,1019.4
2025-11-18 12:00:00+00:00,6.7,81,3.5,100,100,21,0,111.0,4.0,12.0,107.0,10.1,31.7,0.0,1018.4
2025-11-18 13:00:00+00:00,7.6,80,4.3,17,5,13,0,122.0,6.0,18.4,116.0,11.0,27.0,0.0,1016.9
2025-11-18 14:00:00+00:00,8.2,77,4.4,91,89,15,0,233.0,163.0,580.4,70.0,14.8,32.0,0.0,1015.8
2025-11-18 15:00:00+00:00,8.1,80,4.8,96,26,95,0,100.0,35.0,176.6,65.0,10.0,31.3,0.0,1014.7
2025-11-18 16:00:00+00:00,7.3,85,4.9,99,62,99,0,22.0,4.0,45.2,18.0,12.8,24.8,0.0,1013.8
2025-11-18 17:00:00+00:00,6.9,87,4.9,100,0,100,0,0.0,0.0,0.0,0.0,13.5,26.3,0.0,1013.1
2025-11-18 18:00:00+00:00,6.5,91,5.2,33,2,31,0,0.0,0.0,0.0,0.0,13.2,27.4,0.0,1012.8
2025-11-18 19:00:00+00:00,5.2,96,4.7,5,0,5,0,0.0,0.0,0.0,0.0,13.0,24.8,0.0,1012.4
2025-11-18 20:00:00+00:00,4.8,96,4.2,0,0,0,0,0.0,0.0,0.0,0.0,14.1,25.9,0.0,1011.9
2025-11-18 21:00:00+00:00,4.6,96,3.9,0,0,0,0,0.0,0.0,0.0,0.0,14.9,27.4,0.0,1011.3
2025-11-18 22:00:00+00:00,4.6,95,3.8,2,2,1,0,0.0,0.0,0.0,0.0,16.1,29.9,0.0,1010.6
2025-11-18 23:00:00+00:00,4.3,96,3.7,16,3,14,0,0.0,0.0,0.0,0.0,15.2,29.9,0.0,1009.7
2025-11-19 00:00:00+00:00,4.3,95,3.6,53,6,53,0,0.0,0.0,0.0,0.0,14.9,28.4,0.0,1009.2
2025-11-19 01:00:00+00:00,4.4,96,3.8,20,5,17,0,0.0,0.0,0.0,0.0,15.3,28.4,0.0,1008.2
2025-11-19 02:00:00+00:00,4.4,96,3.8,1,1,0,0,0.0,0.0,0.0,0.0,15.5,29.5,0.0,1007.4
2025-11-19 03:00:00+00:00,4.2,96,3.7,4,4,0,0,0.0,0.0,0.0,0.0,16.6,31.0,0.0,1006.4
2025-11-19 04:00:00+00:00,4.4,95,3.7,2,2,0,0,0.0,0.0,0.0,0.0,18.1,34.6,0.0,1005.9
2025-11-19 05:00:00+00:00,4.3,94,3.5,49,49,1,0,0.0,0.0,0.0,0.0,19.8,38.2,0.0,1006.0
2025-11-19 06:00:00+00:00,4.1,93,3.0,35,7,30,0,0.0,0.0,0.0,0.0,20.7,44.6,0.0,1006.1
2025-11-19 07:00:00+00:00,3.7,91,2.3,80,75,20,0,0.0,0.0,0.0,0.0,22.8,45.0,0.0,1006.6
2025-11-19 08:00:00+00:00,3.2,88,1.5,100,73,98,43,4.0,1.0,23.7,3.0,24.0,50.4,0.0,1007.4
2025-11-19 09:00:00+00:00,3.0,85,0.9,96,29,91,88,44.0,5.0,42.3,39.0,22.6,51.1,1.1,1008.2
2025-11-19 10:00:00+00:00,3.0,92,1.9,99,29,97,91,87.0,6.0,26.9,81.0,25.0,51.8,1.6,1008.8
2025-11-19 11:00:00+00:00,4.2,87,2.2,80,12,63,45,198.0,71.0,240.6,127.0,25.4,59.0,0.1,1009.5
2025-11-19 12:00:00+00:00,4.7,75,0.6,100,41,100,12,230.0,91.0,276.4,139.0,31.4,58.0,0.0,1010.1
2025-11-19 13:00:00+00:00,4.9,73,0.4,90,90,0,0,201.0,66.0,204.2,135.0,30.4,70.6,0.0,1010.7
2025-11-19 14:00:00+00:00,5.1,69,-0.1,52,52,1,0,146.0,50.0,180.3,96.0,26.6,69.5,0.0,1011.2
2025-11-19 15:00:00+00:00,4.7,69,-0.5,32,32,0,0,133.0,70.0,359.1,63.0,26.0,63.4,0.0,1011.9
2025-11-19 16:00:00+00:00,3.7,73,-0.8,3,3,0,0,44.0,20.0,230.4,24.0,22.5,52.6,0.0,1012.4
2025-11-19 17:00:00+00:00,2.8,73,-1.6,0,0,0,0,0.0,0.0,0.0,0.0,20.9,46.8,0.0,1013.0
2025-11-19 18:00:00+00:00,2.6,71,-2.0,34,0,34,0,0.0,0.0,0.0,0.0,19.2,43.2,0.0,1013.8
2025-11-19 19:00:00+00:00,2.1,71,-2.7,1,1,0,0,0.0,0.0,0.0,0.0,18.6,40.3,0.0,1014.4
2025-11-19 20:00:00+00:00,1.4,73,-3.0,0,0,0,0,0.0,0.0,0.0,0.0,18.3,38.5,0.0,1014.7
2025-11-19 21:00:00+00:00,0.6,76,-3.2,0,0,0,0,0.0,0.0,0.0,0.0,16.9,37.1,0.0,1014.9
2025-11-19 22:00:00+00:00,-0.1,79,-3.2,0,0,0,0,0.0,0.0,0.0,0.0,16.2,33.8,0.0,1014.9
2025-11-19 23:00:00+00:00,-0.4,81,-3.3,0,0,0,0,0.0,0.0,0.0,0.0,16.3,33.5,0.0,1014.9
2025-11-20 00:00:00+00:00,-0.3,81,-3.2,0,0,0,0,0.0,0.0,0.0,0.0,15.7,32.4,0.0,1015.4
2025-11-20 01:00:00+00:00,-0.6,82,-3.3,0,0,0,0,0.0,0.0,0.0,0.0,15.1,31.0,0.0,1015.4
2025-11-20 02:00:00+00:00,-0.8,83,-3.4,0,0,0,0,0.0,0.0,0.0,0.0,15.4,30.6,0.0,1015.4
2025-11-20 03:00:00+00:00,-0.9,83,-3.5,0,0,0,0,0.0,0.0,0.0,0.0,15.3,31.0,0.0,1015.2
2025-11-20 04:00:00+00:00,-1.1,84,-3.5,0,0,0,0,0.0,0.0,0.0,0.0,15.0,30.6,0.0,1015.2
2025-11-20 05:00:00+00:00,-1.3,85,-3.5,0,0,0,0,0.0,0.0,0.0,0.0,14.1,29.5,0.0,1014.9
2025-11-20 06:00:00+00:00,-1.5,86,-3.5,0,0,0,0,0.0,0.0,0.0,0.0,13.9,27.4,0.0,1015.3
2025-11-20 07:00:00+00:00,-1.7,87,-3.7,0,0,0,0,0.0,0.0,0.0,0.0,13.1,26.3,0.0,1015.5
2025-11-20 08:00:00+00:00,-1.5,87,-3.5,0,0,0,0,6.0,2.0,49.8,4.0,13.1,25.6,0.0,1015.9
2025-11-20 09:00:00+00:00,-0.1,84,-2.5,11,0,11,0,85.0,54.0,472.2,31.0,13.5,25.2,0.0,1016.0
2025-11-20 10:00:00+00:00,1.5,77,-2.2,99,0,99,40,191.0,141.0,643.2,50.0,11.4,24.8,0.0,1016.1
2025-11-20 11:00:00+00:00,2.2,71,-2.5,100,0,100,0,170.0,40.0,137.4,130.0,13.1,28.1,0.4,1015.9
2025-11-20 12:00:00+00:00,2.3,73,-2.0,28,22,10,0,242.0,107.0,328.8,135.0,8.1,31.3,0.0,1016.1
2025-11-20 13:00:00+00:00,3.8,69,-1.4,14,0,13,2,281.0,195.0,610.2,86.0,13.9,28.8,0.0,1015.7
2025-11-20 14:00:00+00:00,4.3,66,-1.4,12,6,5,3,251.0,190.0,693.5,61.0,17.1,37.1,0.0,1015.7
2025-11-20 15:00:00+00:00,4.1,68,-1.3,30,29,2,0,153.0,100.0,521.4,53.0,16.3,36.4,0.0,1016.1
2025-11-20 16:00:00+00:00,3.5,69,-1.6,11,11,0,0,47.0,22.0,258.3,25.0,17.1,34.2,0.0,1016.6
2025-11-20 17:00:00+00:00,2.6,72,-1.9,2,2,0,0,0.0,0.0,0.0,0.0,14.2,34.9,0.0,1017.1
2025-11-20 18:00:00+00:00,1.5,78,-1.9,0,0,0,0,0.0,0.0,0.0,0.0,10.3,27.7,0.0,1017.9
2025-11-20 19:00:00+00:00,0.9,82,-1.9,0,0,0,0,0.0,0.0,0.0,0.0,13.0,23.8,0.0,1018.6
2025-11-20 20:00:00+00:00,0.9,81,-2.0,0,0,0,0,0.0,0.0,0.0,0.0,14.9,28.8,0.0,1019.0
2025-11-20 21:00:00+00:00,0.6,81,-2.3,2,2,0,0,0.0,0.0,0.0,0.0,14.4,29.2,0.0,1019.7
2025-11-20 22:00:00+00:00,0.3,81,-2.7,6,6,0,0,0.0,0.0,0.0,0.0,14.8,29.5,0.0,1020.4
2025-11-20 23:00:00+00:00,-0.1,83,-2.7,2,2,0,0,0.0,0.0,0.0,0.0,14.4,28.4,0.0,1020.5
2025-11-21 00:00:00+00:00,0.0,84,-2.4,0,0,0,0,0.0,0.0,0.0,0.0,14.7,29.9,0.0,1021.3
2025-11-21 01:00:00+00:00,-0.2,85,-2.4,1,0,1,0,0.0,0.0,0.0,0.0,14.2,28.1,0.0,1021.9
2025-11-21 02:00:00+00:00,-0.3,87,-2.2,0,0,0,0,0.0,0.0,0.0,0.0,13.3,27.4,0.0,1022.4
2025-11-21 03:00:00+00:00,-0.5,89,-2.2,0,0,0,0,0.0,0.0,0.0,0.0,12.9,25.6,0.0,1022.7
2025-11-21 04:00:00+00:00,-0.6,91,-2.0,0,0,0,0,0.0,0.0,0.0,0.0,14.2,27.0,0.0,1023.3
2025-11-21 05:00:00+00:00,-0.6,91,-1.9,0,0,0,0,0.0,0.0,0.0,0.0,15.3,29.5,0.0,1024.0
2025-11-21 06:00:00+00:00,-0.9,90,-2.2,0,0,0,0,0.0,0.0,0.0,0.0,14.2,29.9,0.0,1024.9
2025-11-21 07:00:00+00:00,-1.0,91,-2.3,0,0,0,0,0.0,0.0,0.0,0.0,13.9,28.1,0.0,1025.8
2025-11-21 08:00:00+00:00,-1.0,91,-2.3,0,0,0,0,5.0,2.0,52.3,3.0,12.4,26.3,0.0,1026.7
2025-11-21 09:00:00+00:00,0.1,89,-1.5,2,0,0,2,81.0,50.0,452.2,31.0,12.0,23.4,0.0,1027.3
2025-11-21 10:00:00+00:00,1.5,85,-0.8,1,0,0,1,188.0,138.0,640.6,50.0,9.8,22.0,0.0,1027.8
2025-11-21 11:00:00+00:00,3.0,80,-0.2,0,0,0,0,270.0,211.0,734.1,59.0,9.6,22.7,0.0,1028.1
2025-11-21 12:00:00+00:00,4.6,78,1.1,0,0,0,0,310.0,249.0,773.8,61.0,7.0,22.3,0.0,1028.0
2025-11-21 13:00:00+00:00,5.4,75,1.4,0,0,0,0,302.0,241.0,762.5,61.0,5.8,17.3,0.0,1028.0
2025-11-21 14:00:00+00:00,5.7,73,1.1,0,0,0,0,250.0,194.0,716.6,56.0,5.6,15.5,0.0,1028.1
2025-11-21 15:00:00+00:00,5.0,81,2.0,0,0,0,0,159.0,114.0,603.9,45.0,1.4,13.3,0.0,1028.2
2025-11-21 16:00:00+00:00,2.5,86,0.5,4,0,0,4,52.0,31.0,370.7,21.0,3.6,5.4,0.0,1028.5
2025-11-21 17:00:00+00:00,1.4,92,0.2,2,0,0,2,0.0,0.0,0.0,0.0,5.0,9.0,0.0,1028.4
2025-11-21 18:00:00+00:00,0.8,92,-0.3,0,0,0,0,0.0,0.0,0.0,0.0,7.6,12.2,0.0,1028.7
2025-11-21 19:00:00+00:00,0.2,93,-0.7,91,0,0,91,0.0,0.0,0.0,0.0,7.7,14.4,0.0,1029.1
2025-11-21 20:00:00+00:00,-0.9,97,-1.4,100,0,23,100,0.0,0.0,0.0,0.0,4.9,13.3,0.0,1029.0
2025-11-21 21:00:00+00:00,-1.0,97,-1.5,100,0,1,100,0.0,0.0,0.0,0.0,5.2,9.0,0.0,1028.9
2025-11-21 22:00:00+00:00,-0.2,93,-1.1,100,1,7,100,0.0,0.0,0.0,0.0,8.1,13.0,0.0,1028.2
2025-11-21 23:00:00+00:00,0.2,95,-0.5,100,16,52,100,0.0,0.0,0.0,0.0,8.6,15.8,0.0,1027.4
2025-11-22 00:00:00+00:00,1.0,94,0.2,100,1,21,100,0.0,0.0,0.0,0.0,5.8,15.1,0.0,1027.2
2025-11-22 01:00:00+00:00,2.5,84,0.1,100,11,99,100,0.0,0.0,0.0,0.0,10.1,16.6,0.0,1026.5
2025-11-22 02:00:00+00:00,3.8,75,-0.2,100,68,100,100,0.0,0.0,0.0,0.0,11.6,19.8,0.0,1025.6
2025-11-22 03:00:00+00:00,5.1,67,-0.5,100,100,99,100,0.0,0.0,0.0,0.0,13.8,24.5,0.0,1024.6
2025-11-22 04:00:00+00:00,6.2,62,-0.5,100,100,100,100,0.0,0.0,0.0,0.0,13.7,26.3,0.0,1023.6
2025-11-22 05:00:00+00:00,6.5,70,1.4,100,100,100,100,0.0,0.0,0.0,0.0,14.6,27.7,0.0,1022.9
2025-11-22 06:00:00+00:00,6.0,86,3.9,100,59,100,100,0.0,0.0,0.0,0.0,16.4,31.3,0.1,1022.4
2025-11-22 07:00:00+00:00,6.2,86,4.1,100,100,100,100,0.0,0.0,0.0,0.0,17.3,34.2,0.2,1021.5
2025-11-22 08:00:00+00:00,6.4,89,4.7,100,100,100,100,1.0,0.0,0.0,1.0,19.3,35.6,0.1,1020.9
2025-11-22 09:00:00+00:00,6.7,90,5.2,100,100,100,100,7.0,0.0,0.0,7.0,22.4,41.4,0.3,1020.1
2025-11-22 10:00:00+00:00,7.2,89,5.6,100,98,100,100,31.0,0.0,0.0,31.0,24.0,45.0,0.3,1019.3
2025-11-22 11:00:00+00:00,7.4,88,5.6,100,100,100,100,54.0,0.0,0.0,54.0,23.6,45.0,0.3,1018.5
2025-11-22 12:00:00+00:00,8.3,89,6.6,100,100,100,100,56.0,0.0,0.0,56.0,24.7,45.0,1.4,1017.4
2025-11-22 13:00:00+00:00,7.8,94,7.0,100,100,100,100,21.0,0.0,0.0,21.0,23.4,49.0,1.3,1016.2
2025-11-22 14:00:00+00:00,8.2,95,7.4,100,100,99,95,31.0,0.0,0.0,31.0,21.5,44.3,2.4,1014.9
2025-11-22 15:00:00+00:00,8.4,95,7.6,100,100,100,96,17.0,0.0,0.0,17.0,23.9,45.7,2.3,1013.7
2025-11-22 16:00:00+00:00,8.1,95,7.4,100,100,100,36,4.0,0.0,0.0,4.0,22.9,45.4,1.9,1013.1
2025-11-22 17:00:00+00:00,7.9,96,7.3,100,100,100,22,0.0,0.0,0.0,0.0,22.7,44.6,1.9,1012.2
2025-11-22 18:00:00+00:00,8.2,95,7.4,100,100,100,89,0.0,0.0,0.0,0.0,19.4,43.6,1.2,1011.2
2025-11-22 19:00:00+00:00,8.6,96,7.9,100,100,63,9,0.0,0.0,0.0,0.0,15.2,36.0,2.2,1009.6
2025-11-22 20:00:00+00:00,8.1,97,7.7,66,34,48,0,0.0,0.0,0.0,0.0,5.1,27.7,0.2,1008.8
2025-11-22 21:00:00+00:00,7.6,98,7.2,84,0,80,34,0.0,0.0,0.0,0.0,16.7,30.6,0.0,1009.2
2025-11-22 22:00:00+00:00,7.8,97,7.3,67,0,67,0,0.0,0.0,0.0,0.0,16.2,31.0,0.0,1009.0
2025-11-22 23:00:00+00:00,6.8,97,6.3,2,1,2,0,0.0,0.0,0.0,0.0,12.5,29.9,0.0,1009.0
2025-11-23 00:00:00+00:00,5.6,99,5.3,65,7,65,0,0.0,0.0,0.0,0.0,6.7,22.7,0.0,1009.3
2025-11-23 01:00:00+00:00,4.8,99,4.7,4,4,0,0,0.0,0.0,0.0,0.0,6.0,11.9,0.0,1008.9
2025-11-23 02:00:00+00:00,4.1,99,4.0,77,2,2,77,0.0,0.0,0.0,0.0,8.6,14.4,0.0,1008.1
2025-11-23 03:00:00+00:00,4.7,98,4.4,100,91,100,85,0.0,0.0,0.0,0.0,8.5,16.6,0.0,1007.3
2025-11-23 04:00:00+00:00,7.0,96,6.4,99,86,54,92,0.0,0.0,0.0,0.0,12.9,20.5,0.0,1005.0
2025-11-23 05:00:00+00:00,8.6,94,7.8,100,100,88,34,0.0,0.0,0.0,0.0,21.4,40.0,1.2,1003.4
2025-11-23 06:00:00+00:00,9.6,93,8.5,100,100,95,81,0.0,0.0,0.0,0.0,21.1,43.9,0.2,1001.8
2025-11-23 07:00:00+00:00,10.3,94,9.4,95,88,34,37,0.0,0.0,0.0,0.0,20.9,43.2,1.2,1000.3
2025-11-23 08:00:00+00:00,10.1,94,9.1,87,21,23,80,2.0,0.0,0.0,2.0,18.7,38.5,0.0,1000.3
2025-11-23 09:00:00+00:00,9.5,92,8.3,77,7,24,66,50.0,19.0,183.9,31.0,18.2,35.6,0.0,1000.4
2025-11-23 10:00:00+00:00,9.6,86,7.4,88,1,2,88,145.0,88.0,422.9,57.0,19.8,40.0,0.0,1001.0
2025-11-23 11:00:00+00:00,10.1,74,5.7,79,6,2,77,220.0,122.0,435.3,98.0,18.6,41.0,0.0,1001.1
2025-11-23 12:00:00+00:00,9.9,73,5.3,48,5,4,44,272.0,196.0,622.5,76.0,18.6,43.6,0.0,1000.5
2025-11-23 13:00:00+00:00,10.0,66,4.0,5,2,2,1,268.0,203.0,655.8,65.0,18.4,42.1,0.0,1000.2
2025-11-23 14:00:00+00:00,9.9,67,4.0,11,6,7,0,226.0,168.0,634.9,58.0,17.4,40.0,0.0,999.9
2025-11-23 15:00:00+00:00,9.3,69,3.8,13,13,2,0,142.0,96.0,524.0,46.0,16.3,36.7,0.0,999.6
2025-11-23 16:00:00+00:00,8.2,71,3.3,11,5,6,0,44.0,24.0,297.2,20.0,15.6,33.8,0.0,999.5
2025-11-23 17:00:00+00:00,7.3,75,3.2,5,3,2,0,0.0,0.0,0.0,0.0,14.2,31.7,0.0,999.3
2025-11-23 18:00:00+00:00,6.4,81,3.4,5,5,0,0,0.0,0.0,0.0,0.0,16.7,28.4,0.0,999.5
2025-11-23 19:00:00+00:00,5.8,83,3.2,7,0,7,0,0.0,0.0,0.0,0.0,14.3,32.8,0.0,999.1
2025-11-23 20:00:00+00:00,5.1,86,3.0,16,0,5,11,0.0,0.0,0.0,0.0,12.2,27.7,0.0,998.6
2025-11-23 21:00:00+00:00,4.8,88,2.9,70,2,7,67,0.0,0.0,0.0,0.0,12.2,23.4,0.0,998.1
2025-11-23 22:00:00+00:00,5.2,85,2.8,60,2,2,59,0.0,0.0,0.0,0.0,13.3,25.2,0.0,997.5
2025-11-23 23:00:00+00:00,5.3,82,2.4,23,21,11,0,0.0,0.0,0.0,0.0,13.9,27.4,0.0,996.9
2025-11-24 00:00:00+00:00,5.1,85,2.8,20,8,17,0,0.0,0.0,0.0,0.0,12.2,27.0,0.0,996.4
2025-11-24 01:00:00+00:00,5.1,87,3.0,41,7,38,0,0.0,0.0,0.0,0.0,11.8,22.7,0.0,995.7
2025-11-24 02:00:00+00:00,5.2,88,3.4,12,11,2,0,0.0,0.0,0.0,0.0,11.0,22.3,0.0,994.8
2025-11-24 03:00:00+00:00,5.3,88,3.5,6,5,4,0,0.0,0.0,0.0,0.0,13.3,24.5,0.0,993.8
2025-11-24 04:00:00+00:00,5.5,86,3.4,27,2,7,21,0.0,0.0,0.0,0.0,14.2,26.6,0.0,992.6
2025-11-24 05:00:00+00:00,5.8,83,3.2,100,1,71,99,0.0,0.0,0.0,0.0,17.3,32.8,0.1,991.7
2025-11-24 06:00:00+00:00,6.2,89,4.4,100,30,100,98,0.0,0.0,0.0,0.0,16.0,33.1,1.2,991.1
2025-11-24 07:00:00+00:00,5.8,88,4.0,99,5,63,99,0.0,0.0,0.0,0.0,16.7,33.5,0.1,990.2
2025-11-24 08:00:00+00:00,4.9,93,3.8,35,2,13,30,2.0,0.0,0.0,2.0,12.8,32.0,0.0,990.0
2025-11-24 09:00:00+00:00,5.6,93,4.5,43,42,5,0,64.0,33.0,330.8,31.0,9.6,23.8,0.0,990.0
2025-11-24 10:00:00+00:00,7.1,88,5.2,66,66,1,0,142.0,85.0,415.5,57.0,10.8,24.8,0.0,990.2
2025-11-24 11:00:00+00:00,7.7,85,5.2,93,93,1,0,176.0,87.0,314.3,89.0,16.3,34.2,0.1,990.8
2025-11-24 12:00:00+00:00,8.0,87,5.9,52,48,29,0,138.0,28.0,89.9,110.0,16.9,34.6,0.2,991.2
2025-11-24 13:00:00+00:00,8.1,82,5.2,36,36,2,0,202.0,128.0,417.8,74.0,19.0,42.1,0.1,992.2
2025-11-24 14:00:00+00:00,7.9,76,3.9,99,99,0,0,175.0,104.0,397.3,71.0,18.0,43.2,0.0,993.3
2025-11-24 15:00:00+00:00,7.8,78,4.1,54,54,0,0,80.0,22.0,121.8,58.0,18.3,41.0,0.0,994.4
2025-11-24 16:00:00+00:00,6.8,82,4.0,73,73,0,0,37.0,16.0,201.5,21.0,17.7,38.2,0.0,995.8
2025-11-24 17:00:00+00:00,6.8,84,4.3,80,80,2,0,0.0,0.0,0.0,0.0,18.9,38.9,0.0,997.0
2025-11-24 18:00:00+00:00,7.0,86,4.8,23,18,6,0,0.0,0.0,0.0,0.0,19.6,41.0,0.0,998.6
2025-11-24 19:00:00+00:00,6.8,83,4.2,11,11,2,0,0.0,0.0,0.0,0.0,22.1,45.7,0.0,1000.1
2025-11-24 20:00:00+00:00,6.4,82,3.5,24,24,0,0,0.0,0.0,0.0,0.0,21.9,45.0,0.0,1001.5
2025-11-24 21:00:00+00:00,5.9,81,3.0,15,15,0,0,0.0,0.0,0.0,0.0,21.3,44.6,0.0,1002.7
2025-11-24 22:00:00+00:00,5.7,81,2.7,5,5,0,0,0.0,0.0,0.0,0.0,20.3,43.2,0.0,1003.7
2025-11-24 23:00:00+00:00,5.4,81,2.5,17,17,0,0,0.0,0.0,0.0,0.0,20.4,41.8,0.0,1004.8
2025-11-25 00:00:00+00:00,5.7,80,2.4,36,36,0,0,0.0,0.0,0.0,0.0,19.7,41.4,0.0,1006.1
2025-11-25 01:00:00+00:00,5.4,81,2.4,33,33,0,0,0.0,0.0,0.0,0.0,19.3,40.3,0.0,1006.8
2025-11-25 02:00:00+00:00,5.1,82,2.2,38,38,0,0,0.0,0.0,0.0,0.0,19.9,40.3,0.0,1007.5
2025-11-25 03:00:00+00:00,4.7,82,2.0,5,5,1,0,0.0,0.0,0.0,0.0,19.6,41.0,0.0,1008.4
2025-11-25 04:00:00+00:00,4.3,83,1.6,0,0,0,0,0.0,0.0,0.0,0.0,18.9,40.0,0.0,1009.3
2025-11-25 05:00:00+00:00,4.1,84,1.5,2,0,2,0,0.0,0.0,0.0,0.0,18.1,37.8,0.0,1010.3
2025-11-25 06:00:00+00:00,4.0,83,1.4,5,0,5,0,0.0,0.0,0.0,0.0,17.0,36.0,0.0,1011.1
2025-11-25 07:00:00+00:00,3.5,87,1.5,2,0,2,0,0.0,0.0,0.0,0.0,16.1,33.8,0.0,1012.0
2025-11-25 08:00:00+00:00,3.2,91,1.9,12,1,11,0,2.0,1.0,32.4,1.0,15.6,31.7,0.0,1013.0
2025-11-25 09:00:00+00:00,3.8,90,2.3,46,2,45,0,64.0,36.0,374.0,28.0,14.8,31.0,0.0,1014.1
2025-11-25 10:00:00+00:00,4.9,85,2.7,10,10,0,0,156.0,99.0,492.3,57.0,15.6,33.8,0.0,1014.8
2025-11-25 11:00:00+00:00,5.9,78,2.3,22,22,0,0,236.0,172.0,629.1,64.0,18.3,39.2,0.0,1015.3
2025-11-25 12:00:00+00:00,6.9,75,2.7,21,21,0,0,275.0,204.0,661.7,71.0,16.6,41.8,0.0,1015.5
2025-11-25 13:00:00+00:00,7.4,70,2.2,27,27,0,0,272.0,205.0,675.8,67.0,18.7,41.0,0.0,1015.8
2025-11-25 14:00:00+00:00,7.3,69,2.0,16,16,0,0,213.0,143.0,552.2,70.0,17.1,40.7,0.0,1016.2
2025-11-25 15:00:00+00:00,6.7,74,2.3,4,4,0,0,139.0,92.0,516.6,47.0,14.6,36.7,0.0,1016.8
2025-11-25 16:00:00+00:00,5.4,80,2.2,5,5,0,0,41.0,22.0,281.6,19.0,12.7,29.9,0.0,1017.7
2025-11-25 17:00:00+00:00,4.4,84,2.0,0,0,0,0,0.0,0.0,0.0,0.0,13.0,25.6,0.0,1018.4
2025-11-25 18:00:00+00:00,3.8,86,1.8,0,0,0,0,0.0,0.0,0.0,0.0,13.0,25.6,0.0,1019.3
2025-11-25 19:00:00+00:00,3.3,87,1.4,0,0,0,0,0.0,0.0,0.0,0.0,13.3,24.8,0.0,1020.1
2025-11-25 20:00:00+00:00,2.8,88,1.0,0,0,0,0,0.0,0.0,0.0,0.0,13.5,26.6,0.0,1020.8
2025-11-25 21:00:00+00:00,2.5,89,0.8,0,0,0,0,0.0,0.0,0.0,0.0,12.8,25.6,0.0,1021.3
2025-11-25 22:00:00+00:00,2.1,90,0.6,0,0,0,0,0.0,0.0,0.0,0.0,12.2,24.5,0.0,1021.4
2025-11-25 23:00:00+00:00,1.8,91,0.5,0,0,0,0,0.0,0.0,0.0,0.0,10.8,22.7,0.0,1021.6
2025-11-26 00:00:00+00:00,1.4,92,0.2,0,0,0,0,0.0,0.0,0.0,0.0,11.2,20.2,0.0,1022.0
2025-11-26 01:00:00+00:00,0.9,93,-0.2,0,0,0,0,0.0,0.0,0.0,0.0,10.7,20.5,0.0,1022.2
2025-11-26 02:00:00+00:00,0.4,94,-0.4,0,0,0,0,0.0,0.0,0.0,0.0,9.8,19.4,0.0,1022.5
2025-11-26 03:00:00+00:00,0.1,94,-0.8,29,0,0,29,0.0,0.0,0.0,0.0,9.4,18.0,0.0,1022.9
2025-11-26 04:00:00+00:00,-0.3,95,-1.0,54,0,1,54,0.0,0.0,0.0,0.0,8.2,17.3,0.0,1022.9
2025-11-26 05:00:00+00:00,-0.7,96,-1.3,4,0,4,1,0.0,0.0,0.0,0.0,8.3,15.1,0.0,1023.2
2025-11-26 06:00:00+00:00,-1.2,97,-1.7,12,0,12,0,0.0,0.0,0.0,0.0,8.0,14.8,0.0,1023.3
2025-11-26 07:00:00+00:00,-1.7,97,-2.2,4,0,4,0,0.0,0.0,0.0,0.0,6.8,14.0,0.0,1023.7
2025-11-26 08:00:00+00:00,-2.0,98,-2.3,0,0,0,0,2.0,0.0,0.0,2.0,4.6,12.2,0.0,1023.9
2025-11-26 09:00:00+00:00,-1.1,99,-1.3,0,0,0,0,65.0,39.0,420.2,26.0,5.1,11.5,0.0,1024.5
2025-11-26 10:00:00+00:00,1.1,94,0.2,85,0,0,85,167.0,121.0,612.2,46.0,0.8,11.5,0.0,1024.4
2025-11-26 11:00:00+00:00,3.2,89,1.6,24,0,0,24,237.0,169.0,625.8,68.0,2.5,9.7,0.0,1024.1
2025-11-26 12:00:00+00:00,5.1,87,3.0,94,0,3,94,283.0,220.0,721.0,63.0,4.3,13.0,0.0,1023.5
2025-11-26 13:00:00+00:00,6.6,81,3.5,98,0,0,98,273.0,207.0,689.1,66.0,5.8,14.8,0.0,1023.2
2025-11-26 14:00:00+00:00,7.2,81,4.1,34,0,0,34,215.0,146.0,569.7,69.0,8.7,19.1,0.0,1022.5
2025-11-26 15:00:00+00:00,7.1,81,4.1,100,2,67,99,135.0,91.0,518.0,44.0,8.1,19.4,0.0,1021.8
2025-11-26 16:00:00+00:00,7.0,77,3.2,100,11,100,100,29.0,4.0,52.0,25.0,9.5,17.3,0.0,1021.3
2025-11-26 17:00:00+00:00,7.2,75,3.0,100,63,100,48,0.0,0.0,0.0,0.0,9.5,19.1,0.0,1020.7
2025-11-26 18:00:00+00:00,8.4,76,4.3,100,100,100,29,0.0,0.0,0.0,0.0,11.2,23.0,0.0,1020.6
2025-11-26 19:00:00+00:00,9.4,79,5.9,100,100,100,100,0.0,0.0,0.0,0.0,13.9,27.4,0.0,1020.3
2025-11-26 20:00:00+00:00,9.7,86,7.5,100,100,100,97,0.0,0.0,0.0,0.0,17.1,32.8,0.3,1019.6
2025-11-26 21:00:00+00:00,9.6,93,8.5,100,100,100,98,0.0,0.0,0.0,0.0,18.1,34.9,0.4,1019.3
2025-11-26 22:00:00+00:00,10.1,96,9.6,100,100,100,100,0.0,0.0,0.0,0.0,18.3,34.6,0.4,1018.6
2025-11-26 23:00:00+00:00,10.5,97,10.1,100,100,100,99,0.0,0.0,0.0,0.0,18.9,36.7,0.3,1018.1
2025-11-27 00:00:00+00:00,10.9,97,10.6,100,100,100,86,0.0,0.0,0.0,0.0,19.4,36.0,0.6,1017.6
2025-11-27 01:00:00+00:00,11.2,97,10.9,100,100,100,91,0.0,0.0,0.0,0.0,17.2,37.1,0.1,1017.1
2025-11-27 02:00:00+00:00,11.3,98,10.9,100,100,63,100,0.0,0.0,0.0,0.0,15.2,32.4,0.0,1016.8
2025-11-27 03:00:00+00:00,11.1,98,10.9,100,100,88,100,0.0,0.0,0.0,0.0,14.6,28.4,0.0,1016.5
2025-11-27 04:00:00+00:00,10.9,98,10.6,100,100,49,100,0.0,0.0,0.0,0.0,14.1,27.7,0.0,1016.1
2025-11-27 05:00:00+00:00,10.6,98,10.3,100,100,82,100,0.0,0.0,0.0,0.0,13.8,26.3,0.0,1015.7
2025-11-27 06:00:00+00:00,10.6,98,10.3,100,100,32,99,0.0,0.0,0.0,0.0,14.0,29.2,0.0,1015.9
2025-11-27 07:00:00+00:00,10.9,97,10.4,100,100,71,100,0.0,0.0,0.0,0.0,15.5,29.2,0.0,1015.9
2025-11-27 08:00:00+00:00,10.9,96,10.4,100,100,44,100,1.0,0.0,0.0,1.0,16.7,31.0,0.0,1015.9
2025-11-27 09:00:00+00:00,11.4,95,10.6,100,100,100,100,20.0,0.0,0.0,20.0,16.9,32.4,0.0,1015.9
2025-11-27 10:00:00+00:00,12.0,94,11.0,100,100,100,40,36.0,0.0,0.0,36.0,17.7,34.2,0.0,1015.7
2025-11-27 11:00:00+00:00,12.6,92,11.4,100,100,100,81,54.0,0.0,0.0,54.0,19.1,38.2,0.0,1015.3
2025-11-27 12:00:00+00:00,12.8,92,11.5,100,100,57,98,57.0,0.0,0.0,57.0,19.1,40.3,0.0,1014.9
2025-11-27 13:00:00+00:00,13.1,91,11.6,100,100,3,98,75.0,1.0,3.4,74.0,20.2,41.8,0.0,1014.5
2025-11-27 14:00:00+00:00,13.1,91,11.6,100,100,0,84,52.0,0.0,0.0,52.0,21.4,44.6,0.0,1014.1
2025-11-27 15:00:00+00:00,12.9,92,11.6,100,100,88,24,27.0,0.0,0.0,27.0,21.1,44.3,0.0,1013.6
2025-11-27 16:00:00+00:00,12.9,93,11.8,100,100,100,12,6.0,0.0,0.0,6.0,21.4,44.3,0.0,1013.5
2025-11-27 17:00:00+00:00,12.9,94,11.9,100,100,91,33,0.0,0.0,0.0,0.0,21.2,44.3,0.2,1013.3
2025-11-27 18:00:00+00:00,12.9,95,12.1,100,100,0,91,0.0,0.0,0.0,0.0,20.1,42.8,0.1,1013.4
2025-11-27 19:00:00+00:00,13.0,96,12.3,100,100,20,24,0.0,0.0,0.0,0.0,21.5,43.6,0.1,1013.5
2025-11-27 20:00:00+00:00,13.1,96,12.4,100,100,20,10,0.0,0.0,0.0,0.0,20.6,43.9,0.0,1013.5
2025-11-27 21:00:00+00:00,13.1,96,12.6,100,100,100,0,0.0,0.0,0.0,0.0,18.0,41.8,0.0,1013.5
2025-11-27 22:00:00+00:00,13.0,97,12.6,100,100,100,0,0.0,0.0,0.0,0.0,16.4,36.7,0.3,1013.7
2025-11-27 23:00:00+00:00,12.8,96,12.2,75,36,70,11,0.0,0.0,0.0,0.0,14.5,31.7,0.1,1013.8
2025-11-28 00:00:00+00:00,11.1,95,10.4,80,0,13,80,0.0,0.0,0.0,0.0,13.0,28.1,0.0,1014.3
2025-11-28 01:00:00+00:00,9.6,96,9.0,84,0,0,84,0.0,0.0,0.0,0.0,11.9,23.8,0.0,1014.1
2025-11-28 02:00:00+00:00,8.6,97,8.1,82,0,39,73,0.0,0.0,0.0,0.0,11.9,22.0,0.0,1014.1
2025-11-28 03:00:00+00:00,8.2,97,7.8,97,0,63,93,0.0,0.0,0.0,0.0,12.4,22.7,0.0,1014.1
2025-11-28 04:00:00+00:00,8.1,97,7.7,87,0,5,86,0.0,0.0,0.0,0.0,12.7,22.7,0.0,1013.7
2025-11-28 05:00:00+00:00,8.1,98,7.8,98,0,1,98,0.0,0.0,0.0,0.0,13.4,24.1,0.0,1013.5
2025-11-28 06:00:00+00:00,8.6,96,8.1,100,0,72,100,0.0,0.0,0.0,0.0,15.1,25.9,0.0,1013.5
2025-11-28 07:00:00+00:00,8.9,97,8.4,100,4,13,100,0.0,0.0,0.0,0.0,14.1,27.0,0.0,1013.3
2025-11-28 08:00:00+00:00,9.2,96,8.6,100,5,13,100,1.0,0.0,0.0,1.0,14.5,26.6,0.0,1013.1
2025-11-28 09:00:00+00:00,10.1,94,9.2,100,13,13,100,40.0,5.0,57.4,35.0,16.0,29.5,0.0,1012.9
2025-11-28 10:00:00+00:00,10.9,91,9.4,11,10,2,0,86.0,8.0,41.9,78.0,17.6,33.5,0.0,1012.4
2025-11-28 11:00:00+00:00,11.9,85,9.4,23,21,15,0,211.0,147.0,557.6,64.0,20.6,42.1,0.0,1012.1
2025-11-28 12:00:00+00:00,12.8,72,7.8,16,16,4,0,239.0,171.0,571.8,68.0,22.0,49.3,0.2,1011.5
2025-11-28 13:00:00+00:00,12.9,69,7.3,37,36,6,0,252.0,186.0,630.9,66.0,25.1,54.4,0.0,1010.9
2025-11-28 14:00:00+00:00,12.6,72,7.7,22,5,4,16,176.0,110.0,437.9,66.0,22.2,52.2,0.0,1010.5
2025-11-28 15:00:00+00:00,12.1,76,7.9,99,5,2,99,129.0,85.0,496.5,44.0,21.1,46.8,0.0,1010.2
2025-11-28 16:00:00+00:00,11.4,81,8.2,42,20,2,28,27.0,5.0,67.0,22.0,17.7,43.9,0.0,1010.4
2025-11-28 17:00:00+00:00,10.8,84,8.2,54,2,9,52,0.0,0.0,0.0,0.0,15.0,36.7,0.0,1010.6
2025-11-28 18:00:00+00:00,10.6,86,8.4,100,0,86,100,0.0,0.0,0.0,0.0,14.1,30.2,0.0,1011.0
2025-11-28 19:00:00+00:00,9.8,91,8.4,61,0,9,57,0.0,0.0,0.0,0.0,12.6,28.1,0.0,1011.2
2025-11-28 20:00:00+00:00,9.6,91,8.1,44,1,25,32,0.0,0.0,0.0,0.0,13.9,26.6,0.0,1011.3
2025-11-28 21:00:00+00:00,9.6,92,8.3,91,4,85,48,0.0,0.0,0.0,0.0,14.0,27.4,0.0,1010.9
2025-11-28 22:00:00+00:00,10.6,86,8.4,100,2,100,98,0.0,0.0,0.0,0.0,16.7,32.4,0.0,1009.7
2025-11-28 23:00:00+00:00,10.5,87,8.4,91,18,80,51,0.0,0.0,0.0,0.0,18.9,38.2,0.0,1008.9
2025-11-29 00:00:00+00:00,10.9,90,9.2,100,81,98,100,0.0,0.0,0.0,0.0,20.0,42.1,0.1,1008.4
2025-11-29 01:00:00+00:00,10.7,90,9.1,100,41,98,100,0.0,0.0,0.0,0.0,23.1,46.8,0.1,1007.6
2025-11-29 02:00:00+00:00,10.2,91,8.9,100,24,95,100,0.0,0.0,0.0,0.0,22.0,48.2,0.1,1006.5
2025-11-29 03:00:00+00:00,10.8,88,8.9,100,23,98,100,0.0,0.0,0.0,0.0,21.8,43.6,0.0,1005.4
2025-11-29 04:00:00+00:00,10.6,88,8.7,100,90,100,77,0.0,0.0,0.0,0.0,24.6,49.0,0.2,1004.5
2025-11-29 05:00:00+00:00,10.6,92,9.4,100,100,100,77,0.0,0.0,0.0,0.0,29.6,55.8,0.8,1003.5
2025-11-29 06:00:00+00:00,10.4,94,9.5,100,99,100,40,0.0,0.0,0.0,0.0,26.0,58.7,1.0,1002.8
2025-11-29 07:00:00+00:00,10.6,93,9.5,100,100,100,100,0.0,0.0,0.0,0.0,26.4,50.0,0.8,1001.8
2025-11-29 08:00:00+00:00,10.7,90,9.2,100,100,100,77,0.0,0.0,0.0,0.0,28.3,52.6,0.9,1001.1
2025-11-29 09:00:00+00:00,10.6,95,9.8,100,95,100,65,5.0,0.0,0.0,5.0,27.8,54.7,1.0,1000.0
2025-11-29 10:00:00+00:00,11.1,92,9.8,100,70,100,100,18.0,0.0,0.0,18.0,32.1,60.8,1.2,999.1
2025-11-29 11:00:00+00:00,10.6,96,10.0,100,50,98,100,23.0,0.0,0.0,23.0,18.9,59.8,1.0,999.4
2025-11-29 12:00:00+00:00,8.7,89,7.0,100,2,10,100,49.0,0.0,0.0,49.0,17.8,42.8,0.3,1000.6
2025-11-29 13:00:00+00:00,9.0,81,6.0,98,12,7,98,120.0,1.0,3.4,119.0,15.7,35.3,0.0,1001.2
2025-11-29 14:00:00+00:00,9.1,75,4.9,87,6,1,86,146.0,43.0,172.8,103.0,16.4,34.9,0.0,1001.5
2025-11-29 15:00:00+00:00,8.5,74,4.2,87,27,11,80,118.0,61.0,360.7,57.0,15.5,35.6,0.0,1002.1
2025-11-29 16:00:00+00:00,7.3,80,4.1,15,13,3,0,28.0,7.0,95.1,21.0,13.0,32.0,0.0,1002.8
2025-11-29 17:00:00+00:00,6.2,85,3.8,0,0,0,0,0.0,0.0,0.0,0.0,11.8,25.9,0.0,1003.5
2025-11-29 18:00:00+00:00,5.6,86,3.3,0,0,0,0,0.0,0.0,0.0,0.0,13.0,23.4,0.0,1003.9
2025-11-29 19:00:00+00:00,5.1,89,3.4,1,1,0,0,0.0,0.0,0.0,0.0,13.9,26.6,0.0,1004.5
2025-11-29 20:00:00+00:00,5.0,89,3.3,1,0,1,0,0.0,0.0,0.0,0.0,14.8,28.8,0.0,1005.0
2025-11-29 21:00:00+00:00,4.8,90,3.2,0,0,0,0,0.0,0.0,0.0,0.0,15.0,29.2,0.0,1005.3
2025-11-29 22:00:00+00:00,4.7,91,3.2,1,1,0,0,0.0,0.0,0.0,0.0,15.5,30.6,0.0,1005.8
2025-11-29 23:00:00+00:00,4.6,89,3.0,10,10,0,0,0.0,0.0,0.0,0.0,16.1,31.7,0.0,1006.9
2025-11-30 00:00:00+00:00,4.4,87,2.4,100,100,0,0,0.0,0.0,0.0,0.0,15.7,32.4,0.0,1007.9
2025-11-30 01:00:00+00:00,5.4,81,2.5,45,45,0,0,0.0,0.0,0.0,0.0,14.5,31.0,0.0,1008.5
2025-11-30 02:00:00+00:00,4.4,85,2.2,6,6,0,0,0.0,0.0,0.0,0.0,13.5,29.5,0.0,1009.2
2025-11-30 03:00:00+00:00,3.8,87,1.9,0,0,0,0,0.0,0.0,0.0,0.0,13.9,27.7,0.0,1010.2
2025-11-30 04:00:00+00:00,3.4,87,1.4,0,0,0,0,0.0,0.0,0.0,0.0,14.5,28.1,0.0,1011.0
2025-11-30 05:00:00+00:00,2.8,85,0.6,0,0,0,0,0.0,0.0,0.0,0.0,11.8,28.4,0.0,1011.8
2025-11-30 06:00:00+00:00,2.3,85,0.2,0,0,0,0,0.0,0.0,0.0,0.0,11.1,22.3,0.0,1012.8
2025-11-30 07:00:00+00:00,1.9,88,0.1,0,0,0,0,0.0,0.0,0.0,0.0,9.4,20.5,0.0,1013.6
2025-11-30 08:00:00+00:00,1.8,88,0.1,0,0,0,0,1.0,0.0,0.0,1.0,8.9,17.3,0.0,1014.4
2025-11-30 09:00:00+00:00,2.8,87,0.9,0,0,0,0,52.0,30.0,359.3,22.0,9.0,16.6,0.0,1015.1
2025-11-30 10:00:00+00:00,4.6,84,2.1,0,0,0,0,149.0,105.0,568.8,44.0,8.6,17.3,0.0,1015.5
2025-11-30 11:00:00+00:00,6.5,78,3.0,0,0,0,0,227.0,173.0,671.8,54.0,9.5,21.2,0.0,1015.9
2025-11-30 12:00:00+00:00,8.1,73,3.6,0,0,0,0,266.0,208.0,709.1,58.0,12.8,26.3,0.0,1015.9
2025-11-30 13:00:00+00:00,8.5,68,3.0,32,31,2,0,262.0,204.0,704.4,58.0,14.5,32.0,0.0,1015.9
2025-11-30 14:00:00+00:00,8.5,67,2.7,38,38,2,0,187.0,117.0,474.5,70.0,13.0,34.2,0.0,1015.9
2025-11-30 15:00:00+00:00,8.0,70,3.0,13,13,8,0,119.0,71.0,424.7,48.0,9.0,27.0,0.0,1015.8
2025-11-30 16:00:00+00:00,6.5,78,3.0,63,14,9,56,32.0,17.0,234.2,15.0,7.5,18.4,0.0,1015.9
2025-11-30 17:00:00+00:00,5.7,82,2.8,90,9,0,89,0.0,0.0,0.0,0.0,7.5,14.8,0.0,1015.3
2025-11-30 18:00:00+00:00,5.5,79,2.2,98,56,15,95,0.0,0.0,0.0,0.0,9.0,15.5,0.0,1015.2
2025-11-30 19:00:00+00:00,6.8,76,2.9,100,57,68,100,0.0,0.0,0.0,0.0,14.6,28.4,0.0,1015.3
2025-11-30 20:00:00+00:00,7.0,82,4.1,100,58,59,100,0.0,0.0,0.0,0.0,11.0,29.2,0.0,1014.9
2025-11-30 21:00:00+00:00,6.9,82,4.1,100,32,54,100,0.0,0.0,0.0,0.0,8.7,21.2,0.0,1014.4
2025-11-30 22:00:00+00:00,8.9,70,3.7,100,22,96,100,0.0,0.0,0.0,0.0,15.8,30.6,0.0,1013.3
2025-11-30 23:00:00+00:00,9.3,73,4.8,100,22,100,100,0.0,0.0,0.0,0.0,20.8,42.1,0.0,1012.3
2025-12-01 00:00:00+00:00,9.5,77,5.8,100,16,100,100,0.0,0.0,0.0,0.0,20.9,45.0,0.0,1012.0
2025-12-01 01:00:00+00:00,9.4,80,6.2,100,20,100,100,0.0,0.0,0.0,0.0,20.3,42.5,0.4,1011.1
2025-12-01 02:00:00+00:00,9.2,86,6.9,100,100,100,100,0.0,0.0,0.0,0.0,22.4,43.9,0.4,1010.1
2025-12-01 03:00:00+00:00,9.1,91,7.8,100,100,100,100,0.0,0.0,0.0,0.0,26.5,50.4,0.6,1009.1
2025-12-01 04:00:00+00:00,9.2,94,8.4,100,100,100,100,0.0,0.0,0.0,0.0,29.8,57.2,0.8,1007.7
2025-12-01 05:00:00+00:00,9.5,94,8.6,100,100,100,83,0.0,0.0,0.0,0.0,29.9,60.5,0.6,1006.7
2025-12-01 06:00:00+00:00,9.9,94,8.9,100,100,100,100,0.0,0.0,0.0,0.0,30.0,59.4,1.2,1006.0
2025-12-01 07:00:00+00:00,10.3,95,9.6,100,100,100,100,0.0,0.0,0.0,0.0,29.1,58.0,1.2,1005.1
2025-12-01 08:00:00+00:00,10.5,95,9.8,100,100,100,100,0.0,0.0,0.0,0.0,31.4,60.5,1.3,1004.2
2025-12-01 09:00:00+00:00,10.9,95,10.2,100,100,100,100,6.0,0.0,0.0,6.0,34.2,65.5,1.0,1003.6
2025-12-01 10:00:00+00:00,11.6,93,10.4,100,100,99,100,19.0,0.0,0.0,19.0,37.3,70.9,0.7,1002.9
2025-12-01 11:00:00+00:00,11.9,91,10.4,100,100,100,100,30.0,0.0,0.0,30.0,35.4,73.4,0.2,1002.2
2025-12-01 12:00:00+00:00,11.6,94,10.6,100,100,99,100,21.0,0.0,0.0,21.0,33.4,71.6,0.6,1001.8
2025-12-01 13:00:00+00:00,11.9,92,10.6,100,100,100,100,33.0,0.0,0.0,33.0,31.9,66.2,0.3,1001.0
2025-12-01 14:00:00+00:00,12.0,92,10.8,100,100,100,100,14.0,0.0,0.0,14.0,33.2,65.9,0.3,999.8
2025-12-01 15:00:00+00:00,12.1,89,10.4,100,100,97,100,16.0,0.0,0.0,16.0,34.8,69.8,0.2,998.9
2025-12-01 16:00:00+00:00,12.1,88,10.2,100,100,100,100,4.0,0.0,0.0,4.0,36.5,74.5,0.2,998.1
2025-12-01 17:00:00+00:00,12.1,87,10.0,100,100,39,100,0.0,0.0,0.0,0.0,37.4,77.0,0.1,997.5
2025-12-01 18:00:00+00:00,11.9,89,10.2,100,100,100,100,0.0,0.0,0.0,0.0,37.3,77.8,0.0,996.6
2025-12-01 19:00:00+00:00,11.6,91,10.2,100,100,100,99,0.0,0.0,0.0,0.0,37.4,74.5,0.7,996.0
2025-12-01 20:00:00+00:00,11.1,95,10.4,100,100,100,94,0.0,0.0,0.0,0.0,41.1,79.6,1.3,996.0
2025-12-01 21:00:00+00:00,10.4,95,9.6,100,13,100,44,0.0,0.0,0.0,0.0,19.3,78.5,1.9,996.5
2025-12-01 22:00:00+00:00,10.0,95,9.3,100,100,100,30,0.0,0.0,0.0,0.0,17.4,36.4,0.9,997.0
2025-12-01 23:00:00+00:00,9.8,93,8.6,100,13,100,100,0.0,0.0,0.0,0.0,18.0,33.8,0.2,997.7
2025-12-02 00:00:00+00:00,9.4,95,8.6,99,0,98,85,0.0,0.0,0.0,0.0,13.0,33.8,0.3,998.2
2025-12-02 01:00:00+00:00,8.9,96,8.3,100,9,100,0,0.0,0.0,0.0,0.0,12.9,23.4,0.0,998.8
2025-12-02 02:00:00+00:00,8.9,94,8.0,100,0,100,0,0.0,0.0,0.0,0.0,14.0,26.3,0.1,999.1
2025-12-02 03:00:00+00:00,8.3,94,7.4,100,1,100,30,0.0,0.0,0.0,0.0,15.4,28.1,0.2,999.4
2025-12-02 04:00:00+00:00,8.2,94,7.3,96,0,95,16,0.0,0.0,0.0,0.0,14.9,28.4,0.2,999.7
2025-12-02 05:00:00+00:00,7.9,93,6.8,33,15,26,2,0.0,0.0,0.0,0.0,14.9,28.8,0.1,1000.0
2025-12-02 06:00:00+00:00,7.3,93,6.3,12,5,10,0,0.0,0.0,0.0,0.0,12.8,27.0,0.0,1000.9
2025-12-02 07:00:00+00:00,6.8,93,5.7,7,3,6,0,0.0,0.0,0.0,0.0,11.5,22.3,0.0,1001.4
2025-12-02 08:00:00+00:00,6.7,92,5.5,34,20,22,0,0.0,0.0,0.0,0.0,12.1,20.9,0.0,1002.0
2025-12-02 09:00:00+00:00,7.9,88,6.2,39,27,17,0,39.0,19.0,237.1,20.0,12.7,22.7,0.0,1002.6
2025-12-02 10:00:00+00:00,9.1,85,6.7,28,25,13,1,115.0,66.0,369.7,49.0,15.2,29.9,0.0,1003.0
2025-12-02 11:00:00+00:00,9.9,78,6.3,56,41,36,11,187.0,120.0,476.6,67.0,16.3,33.1,0.0,1003.1
2025-12-02 12:00:00+00:00,9.9,84,7.3,55,10,52,0,197.0,116.0,402.8,81.0,10.8,34.6,0.0,1003.0
2025-12-02 13:00:00+00:00,10.2,78,6.4,41,15,31,0,207.0,128.0,449.4,79.0,13.7,30.2,0.1,1003.0
2025-12-02 14:00:00+00:00,10.2,77,6.3,40,23,26,0,183.0,120.0,495.1,63.0,13.9,32.8,0.2,1002.8
2025-12-02 15:00:00+00:00,9.5,79,6.1,62,26,50,8,111.0,63.0,385.1,48.0,12.5,31.0,0.2,1003.0
2025-12-02 16:00:00+00:00,8.1,85,5.8,43,29,16,14,22.0,8.0,113.0,14.0,11.4,28.4,0.1,1003.4
2025-12-02 17:00:00+00:00,7.2,91,5.7,93,80,75,27,0.0,0.0,0.0,0.0,13.2,21.6,0.9,1003.9
2025-12-02 18:00:00+00:00,7.3,92,6.2,76,20,73,23,0.0,0.0,0.0,0.0,11.5,29.5,0.9,1004.3
2025-12-02 19:00:00+00:00,5.4,95,4.6,80,30,73,27,0.0,0.0,0.0,0.0,9.0,21.2,1.2,1004.6
2025-12-02 20:00:00+00:00,5.9,92,4.7,77,30,63,36,0.0,0.0,0.0,0.0,5.7,16.6,0.2,1004.8
2025-12-02 21:00:00+00:00,6.5,94,5.7,16,8,9,0,0.0,0.0,0.0,0.0,12.0,21.2,0.1,1005.1
2025-12-02 22:00:00+00:00,6.0,95,5.3,35,20,20,1,0.0,0.0,0.0,0.0,10.7,21.6,0.0,1005.2
2025-12-02 23:00:00+00:00,6.1,94,5.2,3,2,1,0,0.0,0.0,0.0,0.0,10.8,18.7,0.0,1005.6
2025-12-03 00:00:00+00:00,5.4,94,4.6,36,21,19,13,0.0,0.0,0.0,0.0,7.7,18.7,0.0,1006.0
2025-12-03 01:00:00+00:00,5.1,94,4.2,36,16,22,16,0.0,0.0,0.0,0.0,6.4,13.3,0.0,1006.2
2025-12-03 02:00:00+00:00,4.8,94,3.9,34,19,17,15,0.0,0.0,0.0,0.0,5.6,11.2,0.0,1006.4
2025-12-03 03:00:00+00:00,4.7,94,3.8,54,22,35,34,0.0,0.0,0.0,0.0,5.7,8.3,0.0,1006.5
2025-12-03 04:00:00+00:00,5.0,95,4.2,44,20,27,14,0.0,0.0,0.0,0.0,7.5,13.3,0.0,1006.8
2025-12-03 05:00:00+00:00,5.2,95,4.3,57,21,23,38,0.0,0.0,0.0,0.0,10.2,17.3,0.0,1007.1
2025-12-03 06:00:00+00:00,3.7,95,2.9,29,18,13,12,0.0,0.0,0.0,0.0,3.8,17.6,0.0,1007.6
2025-12-03 07:00:00+00:00,3.7,93,2.7,48,12,13,38,0.0,0.0,0.0,0.0,3.6,5.4,0.0,1008.0
2025-12-03 08:00:00+00:00,3.5,95,2.7,8,2,2,4,0.0,0.0,0.0,0.0,6.4,9.0,0.0,1008.3
2025-12-03 09:00:00+00:00,5.2,93,4.2,22,19,2,3,43.0,23.0,292.9,20.0,8.7,13.7,0.0,1008.6
2025-12-03 10:00:00+00:00,6.9,92,5.8,27,24,11,0,128.0,81.0,461.1,47.0,8.8,15.8,0.0,1008.9
2025-12-03 11:00:00+00:00,8.5,90,7.0,23,20,5,0,183.0,127.0,510.0,56.0,7.6,15.8,0.0,1008.7
2025-12-03 12:00:00+00:00,9.4,83,6.6,12,10,4,0,226.0,159.0,556.9,67.0,10.0,22.7,0.0,1008.6
2025-12-03 13:00:00+00:00,9.9,73,5.4,21,18,12,1,231.0,164.0,580.4,67.0,12.9,27.0,0.0,1008.1
2025-12-03 14:00:00+00:00,9.9,73,5.2,14,9,7,0,182.0,127.0,528.2,55.0,12.7,28.1,0.0,1007.7
2025-12-03 15:00:00+00:00,9.2,76,5.2,27,13,18,0,117.0,74.0,456.8,43.0,9.9,25.9,0.0,1007.4
2025-12-03 16:00:00+00:00,7.9,81,4.9,33,22,20,0,28.0,13.0,185.7,15.0,9.3,19.4,0.0,1007.3
2025-12-03 17:00:00+00:00,7.2,84,4.7,42,19,26,12,0.0,0.0,0.0,0.0,9.6,19.4,0.0,1007.3
2025-12-03 18:00:00+00:00,7.2,89,5.6,100,27,18,100,0.0,0.0,0.0,0.0,10.0,17.3,0.0,1006.9
2025-12-03 19:00:00+00:00,6.8,90,5.2,100,38,17,100,0.0,0.0,0.0,0.0,12.6,23.0,0.0,1006.5
2025-12-03 20:00:00+00:00,7.1,89,5.4,100,36,32,100,0.0,0.0,0.0,0.0,14.6,27.4,0.0,1006.0
2025-12-03 21:00:00+00:00,7.4,91,6.0,100,85,11,100,0.0,0.0,0.0,0.0,13.3,27.7,0.0,1005.2
2025-12-03 22:00:00+00:00,7.8,90,6.2,100,14,66,100,0.0,0.0,0.0,0.0,15.7,30.2,0.0,1004.4
2025-12-03 23:00:00+00:00,7.5,90,6.0,100,24,98,100,0.0,0.0,0.0,0.0,13.9,31.3,0.0,1003.5
2025-12-04 00:00:00+00:00,7.7,91,6.2,100,59,67,100,0.0,0.0,0.0,0.0,13.9,27.0,0.9,1002.9
2025-12-04 01:00:00+00:00,7.6,88,5.8,100,31,68,100,0.0,0.0,0.0,0.0,13.1,25.6,0.7,1001.5
2025-12-04 02:00:00+00:00,7.7,87,5.7,100,30,99,100,0.0,0.0,0.0,0.0,16.0,30.2,0.2,1000.3
2025-12-04 03:00:00+00:00,8.4,90,6.9,98,13,76,95,0.0,0.0,0.0,0.0,20.3,38.9,0.0,999.2
2025-12-04 04:00:00+00:00,8.4,89,6.6,100,20,100,25,0.0,0.0,0.0,0.0,19.6,39.2,0.0,997.9
2025-12-04 05:00:00+00:00,8.7,87,6.7,100,41,100,6,0.0,0.0,0.0,0.0,21.9,43.2,0.2,996.8
2025-12-04 06:00:00+00:00,8.1,93,7.1,100,100,100,92,0.0,0.0,0.0,0.0,18.5,43.2,0.6,996.3
2025-12-04 07:00:00+00:00,7.9,93,6.8,100,100,100,100,0.0,0.0,0.0,0.0,19.0,35.3,2.1,995.6
2025-12-04 08:00:00+00:00,7.7,95,7.0,100,100,100,100,0.0,0.0,0.0,0.0,14.6,37.1,3.0,995.1
2025-12-04 09:00:00+00:00,7.7,97,7.2,100,82,100,100,4.0,0.0,0.0,4.0,11.7,27.4,2.4,995.0
2025-12-04 10:00:00+00:00,6.6,87,4.6,100,0,100,100,13.0,0.0,0.0,13.0,23.2,50.0,1.1,995.7
2025-12-04 11:00:00+00:00,6.8,89,5.0,100,1,100,100,37.0,0.0,0.0,37.0,18.8,43.2,0.2,996.4
2025-12-04 12:00:00+00:00,7.1,92,5.8,100,13,100,93,79.0,1.0,3.5,78.0,14.6,36.0,0.0,997.0
2025-12-04 13:00:00+00:00,7.8,86,5.6,100,9,98,100,143.0,24.0,85.6,119.0,13.4,36.4,0.1,997.4
2025-12-04 14:00:00+00:00,7.9,83,5.2,23,16,18,4,116.0,22.0,92.2,94.0,12.9,29.9,0.0,997.9
2025-12-04 15:00:00+00:00,7.6,82,4.8,20,14,13,0,109.0,63.0,392.5,46.0,11.8,27.0,0.0,998.2
2025-12-04 16:00:00+00:00,6.4,85,4.1,11,3,7,2,27.0,14.0,202.1,13.0,10.4,23.4,0.0,999.0
2025-12-04 17:00:00+00:00,5.2,89,3.7,11,2,9,1,0.0,0.0,0.0,0.0,9.9,19.4,0.0,999.8
2025-12-04 18:00:00+00:00,4.3,91,2.9,44,7,23,37,0.0,0.0,0.0,0.0,10.9,18.0,0.0,1000.7
2025-12-04 19:00:00+00:00,4.0,92,2.8,59,2,14,56,0.0,0.0,0.0,0.0,9.2,19.8,0.0,1001.6
2025-12-04 20:00:00+00:00,3.6,92,2.3,2,0,1,2,0.0,0.0,0.0,0.0,9.4,17.3,0.0,1002.2
2025-12-04 21:00:00+00:00,3.2,92,2.0,0,0,0,0,0.0,0.0,0.0,0.0,8.8,16.9,0.0,1002.9
2025-12-04 22:00:00+00:00,2.8,93,1.8,0,0,0,0,0.0,0.0,0.0,0.0,9.2,16.6,0.0,1003.7
2025-12-04 23:00:00+00:00,2.5,93,1.5,0,0,0,0,0.0,0.0,0.0,0.0,9.4,17.3,0.0,1004.2
2025-12-05 00:00:00+00:00,1.8,93,0.7,0,0,0,0,0.0,0.0,0.0,0.0,7.0,16.9,0.0,1004.9
2025-12-05 01:00:00+00:00,1.2,93,0.2,0,0,0,0,0.0,0.0,0.0,0.0,7.3,13.0,0.0,1005.4
2025-12-05 02:00:00+00:00,1.1,92,0.0,0,0,0,0,0.0,0.0,0.0,0.0,7.1,13.3,0.0,1005.9
2025-12-05 03:00:00+00:00,1.1,92,-0.1,0,0,0,0,0.0,0.0,0.0,0.0,7.1,12.2,0.0,1006.1
2025-12-05 04:00:00+00:00,1.4,90,-0.1,100,1,100,0,0.0,0.0,0.0,0.0,6.0,13.0,0.0,1006.4
2025-12-05 05:00:00+00:00,2.8,90,1.2,100,12,88,100,0.0,0.0,0.0,0.0,6.9,12.2,0.0,1006.4
2025-12-05 06:00:00+00:00,1.5,89,0.0,100,16,5,100,0.0,0.0,0.0,0.0,8.8,12.2,0.0,1006.8
2025-12-05 07:00:00+00:00,2.4,93,1.4,100,44,7,100,0.0,0.0,0.0,0.0,10.3,17.6,0.0,1006.8
2025-12-05 08:00:00+00:00,3.6,91,2.2,99,85,57,96,0.0,0.0,0.0,0.0,10.6,19.1,0.0,1006.7
2025-12-05 09:00:00+00:00,5.8,83,3.1,100,37,100,99,27.0,5.0,66.2,22.0,13.2,22.7,0.0,1006.4
2025-12-05 10:00:00+00:00,7.5,77,3.7,100,98,100,7,76.0,6.0,35.3,70.0,15.2,27.7,0.0,1006.0
2025-12-05 11:00:00+00:00,8.6,75,4.5,100,29,100,41,102.0,4.0,16.4,98.0,21.2,43.2,0.0,1005.4
2025-12-05 12:00:00+00:00,9.1,73,4.5,100,8,98,98,92.0,14.0,49.9,78.0,21.8,45.4,0.0,1004.4
2025-12-05 13:00:00+00:00,9.2,70,4.1,100,9,100,100,122.0,11.0,39.5,111.0,25.3,52.9,0.0,1003.4
2025-12-05 14:00:00+00:00,8.5,78,4.9,96,16,93,79,70.0,1.0,4.2,69.0,27.1,55.8,0.1,1002.1
2025-12-05 15:00:00+00:00,8.0,82,5.1,100,61,100,95,43.0,3.0,18.9,40.0,28.3,57.6,1.6,1000.7
2025-12-05 16:00:00+00:00,7.8,86,5.5,100,100,100,98,6.0,0.0,0.0,6.0,32.5,63.7,1.0,998.9
2025-12-05 17:00:00+00:00,7.4,93,6.4,100,100,100,99,0.0,0.0,0.0,0.0,34.7,68.0,2.3,996.7
2025-12-05 18:00:00+00:00,8.1,92,6.9,100,100,100,0,0.0,0.0,0.0,0.0,39.9,81.7,3.8,995.0
2025-12-05 19:00:00+00:00,9.2,92,7.9,100,100,73,0,0.0,0.0,0.0,0.0,39.5,79.2,0.4,993.7
2025-12-05 20:00:00+00:00,9.8,93,8.8,100,100,100,23,0.0,0.0,0.0,0.0,31.3,77.8,0.9,993.7
2025-12-05 21:00:00+00:00,10.6,95,9.8,82,80,21,0,0.0,0.0,0.0,0.0,21.5,59.8,0.2,993.6
2025-12-05 22:00:00+00:00,10.1,93,8.9,84,30,35,73,0.0,0.0,0.0,0.0,18.7,43.9,0.7,993.3
2025-12-05 23:00:00+00:00,9.6,94,8.8,80,17,16,73,0.0,0.0,0.0,0.0,23.6,48.2,0.9,993.4
2025-12-06 00:00:00+00:00,10.0,92,8.8,27,8,13,9,0.0,0.0,0.0,0.0,20.9,46.8,0.2,993.0
2025-12-06 01:00:00+00:00,9.4,93,8.2,99,28,61,98,0.0,0.0,0.0,0.0,18.9,43.2,0.0,992.9
2025-12-06 02:00:00+00:00,9.3,90,7.8,100,5,100,98,0.0,0.0,0.0,0.0,22.2,44.3,0.1,992.9
2025-12-06 03:00:00+00:00,9.4,89,7.8,99,8,98,91,0.0,0.0,0.0,0.0,21.5,43.9,0.1,993.1
2025-12-06 04:00:00+00:00,9.6,89,7.9,100,23,99,97,0.0,0.0,0.0,0.0,20.4,42.5,0.0,993.2
2025-12-06 05:00:00+00:00,9.8,86,7.6,100,18,73,99,0.0,0.0,0.0,0.0,26.7,51.5,0.8,993.3
2025-12-06 06:00:00+00:00,10.4,84,7.8,98,7,49,98,0.0,0.0,0.0,0.0,22.2,53.6,0.9,993.5
2025-12-06 07:00:00+00:00,10.4,82,7.6,47,22,9,30,0.0,0.0,0.0,0.0,21.4,45.4,0.0,994.0
2025-12-06 08:00:00+00:00,9.9,84,7.3,58,8,2,54,0.0,0.0,0.0,0.0,20.6,45.4,0.0,994.9
2025-12-06 09:00:00+00:00,10.4,83,7.7,90,41,5,83,34.0,14.0,189.1,20.0,20.5,42.1,0.0,995.4
2025-12-06 10:00:00+00:00,11.2,77,7.4,95,43,6,91,106.0,50.0,298.4,56.0,23.0,48.6,0.0,996.1
2025-12-06 11:00:00+00:00,11.8,76,7.8,79,66,30,28,152.0,59.0,244.3,93.0,19.7,49.0,0.0,996.7
2025-12-06 12:00:00+00:00,12.1,80,8.8,55,13,13,45,181.0,93.0,333.7,88.0,21.7,47.9,0.0,997.3
2025-12-06 13:00:00+00:00,12.4,74,7.9,52,29,38,0,205.0,118.0,426.6,87.0,20.8,49.0,0.1,997.8
2025-12-06 14:00:00+00:00,12.2,76,8.1,32,16,23,0,135.0,80.0,339.8,55.0,22.8,51.8,0.0,998.1
2025-12-06 15:00:00+00:00,11.5,78,7.8,58,25,22,29,91.0,41.0,259.6,50.0,21.6,51.8,0.1,999.1
2025-12-06 16:00:00+00:00,10.9,80,7.6,95,20,53,89,25.0,9.0,132.3,16.0,20.9,44.6,0.0,1000.0
2025-12-06 17:00:00+00:00,10.6,81,7.3,100,27,38,100,0.0,0.0,0.0,0.0,19.3,42.8,0.0,1000.9
2025-12-06 18:00:00+00:00,10.6,81,7.4,93,3,12,91,0.0,0.0,0.0,0.0,19.0,39.6,0.0,1001.7
2025-12-06 19:00:00+00:00,10.1,78,6.3,91,9,10,90,0.0,0.0,0.0,0.0,17.3,39.2,0.0,1002.2
2025-12-06 20:00:00+00:00,9.8,78,6.1,3,2,2,1,0.0,0.0,0.0,0.0,16.0,34.9,0.0,1002.6
2025-12-06 21:00:00+00:00,9.4,81,6.3,9,1,2,5,0.0,0.0,0.0,0.0,16.0,32.8,0.0,1003.1
2025-12-06 22:00:00+00:00,9.1,86,6.8,100,1,1,100,0.0,0.0,0.0,0.0,14.5,31.7,0.0,1003.7
2025-12-06 23:00:00+00:00,9.2,89,7.6,73,2,16,68,0.0,0.0,0.0,0.0,13.8,28.4,0.0,1003.9
2025-12-07 00:00:00+00:00,8.8,91,7.3,99,7,9,99,0.0,0.0,0.0,0.0,10.8,26.6,0.0,1004.2
2025-12-07 01:00:00+00:00,8.9,92,7.7,100,6,9,100,0.0,0.0,0.0,0.0,10.0,19.8,0.0,1004.0
2025-12-07 02:00:00+00:00,9.1,93,8.1,100,64,16,100,0.0,0.0,0.0,0.0,9.3,18.4,0.0,1003.6
2025-12-07 03:00:00+00:00,9.7,93,8.6,100,98,99,100,0.0,0.0,0.0,0.0,10.3,18.4,0.0,1003.3
2025-12-07 04:00:00+00:00,10.3,96,9.6,100,63,100,100,0.0,0.0,0.0,0.0,10.7,19.8,0.3,1002.6
2025-12-07 05:00:00+00:00,10.6,98,10.2,100,100,100,100,0.0,0.0,0.0,0.0,13.9,25.2,0.6,1002.0
2025-12-07 06:00:00+00:00,10.9,97,10.5,100,100,100,95,0.0,0.0,0.0,0.0,15.7,32.0,0.4,1001.6
2025-12-07 07:00:00+00:00,10.9,98,10.6,100,80,100,100,0.0,0.0,0.0,0.0,16.4,31.0,0.8,1000.9
2025-12-07 08:00:00+00:00,11.1,97,10.7,100,100,100,100,0.0,0.0,0.0,0.0,17.3,32.4,0.4,1000.3
2025-12-07 09:00:00+00:00,12.4,98,12.0,100,100,98,100,3.0,0.0,0.0,3.0,16.6,33.1,0.3,999.8
2025-12-07 10:00:00+00:00,13.3,97,12.8,100,100,100,100,14.0,0.0,0.0,14.0,21.9,41.4,1.1,999.6
2025-12-07 11:00:00+00:00,13.5,96,12.9,100,100,98,100,17.0,0.0,0.0,17.0,24.9,48.2,1.6,999.4
2025-12-07 12:00:00+00:00,13.6,96,13.1,100,100,100,100,36.0,0.0,0.0,36.0,25.3,51.5,1.6,998.7
2025-12-07 13:00:00+00:00,13.6,96,13.1,100,100,100,100,16.0,0.0,0.0,16.0,27.6,53.3,1.3,997.9
2025-12-07 14:00:00+00:00,13.8,95,13.0,100,100,96,100,23.0,0.0,0.0,23.0,30.7,59.4,0.3,997.6
2025-12-07 15:00:00+00:00,13.9,92,12.6,100,100,5,100,42.0,0.0,0.0,42.0,33.0,65.9,0.0,997.8
2025-12-07 16:00:00+00:00,13.8,83,10.9,96,3,4,96,14.0,1.0,14.8,13.0,30.6,67.7,0.0,998.6
2025-12-07 17:00:00+00:00,13.0,80,9.6,81,25,0,75,0.0,0.0,0.0,0.0,27.9,63.4,0.0,1000.3
2025-12-07 18:00:00+00:00,12.9,75,8.6,88,4,2,87,0.0,0.0,0.0,0.0,25.6,57.2,0.0,1002.0
2025-12-07 19:00:00+00:00,11.9,77,8.0,75,8,0,73,0.0,0.0,0.0,0.0,22.1,52.2,0.0,1003.4
2025-12-07 20:00:00+00:00,11.3,80,8.0,39,8,0,34,0.0,0.0,0.0,0.0,18.6,45.4,0.0,1004.3
2025-12-07 21:00:00+00:00,10.8,84,8.2,100,2,0,100,0.0,0.0,0.0,0.0,15.3,37.4,0.0,1005.1
2025-12-07 22:00:00+00:00,10.6,91,9.2,99,3,0,99,0.0,0.0,0.0,0.0,14.9,30.6,0.0,1005.6
2025-12-07 23:00:00+00:00,10.9,94,9.9,100,10,0,100,0.0,0.0,0.0,0.0,16.2,31.7,0.0,1006.0
2025-12-08 00:00:00+00:00,11.1,93,10.0,100,7,39,100,0.0,0.0,0.0,0.0,15.3,37.4,0.0,1006.4
2025-12-08 01:00:00+00:00,11.4,94,10.5,100,17,17,100,0.0,0.0,0.0,0.0,17.9,35.3,0.0,1006.8
2025-12-08 02:00:00+00:00,11.6,92,10.4,100,6,66,100,0.0,0.0,0.0,0.0,17.2,35.6,0.0,1006.3
2025-12-08 03:00:00+00:00,11.7,91,10.3,97,4,47,95,0.0,0.0,0.0,0.0,18.0,35.6,0.0,1006.6
2025-12-08 04:00:00+00:00,11.9,91,10.4,100,30,75,100,0.0,0.0,0.0,0.0,18.7,37.8,0.0,1006.5
2025-12-08 05:00:00+00:00,12.1,93,11.0,100,20,100,100,0.0,0.0,0.0,0.0,19.6,40.0,0.0,1006.3
2025-12-08 06:00:00+00:00,12.4,91,10.9,100,21,47,100,0.0,0.0,0.0,0.0,19.0,41.0,0.0,1006.8
2025-12-08 07:00:00+00:00,12.4,90,10.8,100,3,100,100,0.0,0.0,0.0,0.0,19.0,40.0,0.1,1007.1
2025-12-08 08:00:00+00:00,12.1,88,10.2,100,2,99,100,0.0,0.0,0.0,0.0,15.9,37.8,0.0,1007.7
2025-12-08 09:00:00+00:00,12.4,90,10.8,100,34,82,100,10.0,0.0,0.0,10.0,16.1,34.9,0.0,1008.0
2025-12-08 10:00:00+00:00,12.1,93,11.0,100,100,98,100,61.0,5.0,30.7,56.0,17.3,41.4,0.7,1008.8
2025-12-08 11:00:00+00:00,11.6,97,11.1,100,100,100,100,29.0,0.0,0.0,29.0,18.0,38.9,0.8,1009.1
2025-12-08 12:00:00+00:00,11.8,94,10.9,100,13,62,100,27.0,0.0,0.0,27.0,18.5,40.0,0.7,1009.1
2025-12-08 13:00:00+00:00,12.6,89,10.9,100,33,53,100,149.0,34.0,124.4,115.0,21.0,43.6,0.0,1008.9
2025-12-08 14:00:00+00:00,12.5,90,10.9,100,100,16,100,98.0,10.0,43.0,88.0,19.3,43.2,0.0,1008.8
2025-12-08 15:00:00+00:00,12.2,89,10.5,100,85,27,100,36.0,0.0,0.0,36.0,22.3,46.1,0.0,1009.0
2025-12-08 16:00:00+00:00,12.2,89,10.6,100,31,6,100,12.0,2.0,29.8,10.0,20.2,45.7,0.0,1009.4
2025-12-08 17:00:00+00:00,12.1,91,10.6,100,15,70,100,0.0,0.0,0.0,0.0,17.1,41.0,0.1,1009.7
2025-12-08 18:00:00+00:00,12.1,94,11.1,100,5,98,100,0.0,0.0,0.0,0.0,17.1,33.8,0.1,1010.1
2025-12-08 19:00:00+00:00,11.9,95,11.2,100,22,100,100,0.0,0.0,0.0,0.0,16.4,33.1,0.1,1010.1
2025-12-08 20:00:00+00:00,11.9,96,11.2,100,39,99,64,0.0,0.0,0.0,0.0,15.3,31.7,0.1,1009.5
2025-12-08 21:00:00+00:00,12.1,97,11.6,100,98,100,100,0.0,0.0,0.0,0.0,18.1,33.5,0.6,1008.9
2025-12-08 22:00:00+00:00,12.8,94,11.9,100,92,100,100,0.0,0.0,0.0,0.0,23.3,45.0,0.3,1008.7
2025-12-08 23:00:00+00:00,12.9,92,11.6,100,100,100,100,0.0,0.0,0.0,0.0,24.9,48.6,0.1,1008.2
2025-12-09 00:00:00+00:00,12.8,91,11.4,100,100,100,91,0.0,0.0,0.0,0.0,25.5,50.8,0.3,1007.8
2025-12-09 01:00:00+00:00,12.4,94,11.4,100,100,100,100,0.0,0.0,0.0,0.0,24.8,49.3,1.2,1007.4
2025-12-09 02:00:00+00:00,12.1,93,11.1,100,100,100,100,0.0,0.0,0.0,0.0,25.3,49.7,1.8,1006.5
2025-12-09 03:00:00+00:00,12.0,92,10.8,100,100,100,100,0.0,0.0,0.0,0.0,24.7,56.2,2.6,1006.4
2025-12-09 04:00:00+00:00,11.9,92,10.6,100,100,100,100,0.0,0.0,0.0,0.0,27.4,51.8,3.1,1005.7
2025-12-09 05:00:00+00:00,11.5,93,10.4,100,100,100,99,0.0,0.0,0.0,0.0,31.7,60.8,1.8,1004.9
2025-12-09 06:00:00+00:00,11.9,91,10.4,100,100,66,100,0.0,0.0,0.0,0.0,29.5,68.4,1.4,1004.0
2025-12-09 07:00:00+00:00,12.6,87,10.5,100,100,63,100,0.0,0.0,0.0,0.0,28.5,57.6,0.2,1003.4
2025-12-09 08:00:00+00:00,13.4,82,10.4,100,100,31,99,0.0,0.0,0.0,0.0,29.1,59.4,0.1,1003.1
2025-12-09 09:00:00+00:00,14.2,75,9.8,100,100,96,100,7.0,0.0,0.0,7.0,28.6,61.6,0.0,1003.0
2025-12-09 10:00:00+00:00,14.4,73,9.6,100,100,99,100,24.0,0.0,0.0,24.0,29.2,60.8,0.0,1002.9
2025-12-09 11:00:00+00:00,14.4,74,9.9,100,100,100,100,35.0,0.0,0.0,35.0,29.0,61.6,0.0,1002.8
2025-12-09 12:00:00+00:00,14.4,77,10.4,100,18,96,100,51.0,0.0,0.0,51.0,31.1,61.2,0.0,1002.1
2025-12-09 13:00:00+00:00,14.1,82,11.1,100,100,100,79,65.0,10.0,36.8,55.0,34.8,68.4,0.4,1001.4
2025-12-09 14:00:00+00:00,14.7,78,10.9,100,80,100,98,40.0,0.0,0.0,40.0,36.7,77.0,0.1,1000.9
2025-12-09 15:00:00+00:00,13.8,89,11.9,100,100,100,23,12.0,0.0,0.0,12.0,38.4,76.7,0.8,1000.8
2025-12-09 16:00:00+00:00,13.9,89,12.1,100,97,92,70,2.0,0.0,0.0,2.0,34.6,76.3,0.1,1001.8
2025-12-09 17:00:00+00:00,13.6,86,11.4,100,30,80,100,0.0,0.0,0.0,0.0,28.9,70.2,0.1,1002.9
2025-12-09 18:00:00+00:00,13.2,82,10.2,56,19,2,45,0.0,0.0,0.0,0.0,24.2,58.7,0.0,1003.7
2025-12-09 19:00:00+00:00,12.8,81,9.6,91,6,1,91,0.0,0.0,0.0,0.0,22.4,49.3,0.0,1004.7
2025-12-09 20:00:00+00:00,12.1,83,9.4,30,3,5,27,0.0,0.0,0.0,0.0,20.0,46.1,0.0,1005.6
2025-12-09 21:00:00+00:00,11.8,84,9.1,52,2,2,51,0.0,0.0,0.0,0.0,19.4,40.7,0.0,1006.7
2025-12-09 22:00:00+00:00,11.6,82,8.6,95,9,8,95,0.0,0.0,0.0,0.0,20.0,41.0,0.0,1007.7
2025-12-09 23:00:00+00:00,11.6,81,8.5,54,16,23,32,0.0,0.0,0.0,0.0,19.7,41.0,0.0,1008.5
2025-12-10 00:00:00+00:00,11.3,85,8.9,18,16,9,0,0.0,0.0,0.0,0.0,16.7,40.3,0.0,1009.2
2025-12-10 01:00:00+00:00,11.2,85,8.9,25,13,13,2,0.0,0.0,0.0,0.0,18.1,37.8,0.1,1009.6
2025-12-10 02:00:00+00:00,11.1,87,9.0,19,13,2,5,0.0,0.0,0.0,0.0,16.5,36.0,0.0,1010.0
2025-12-10 03:00:00+00:00,10.9,88,8.9,4,3,1,0,0.0,0.0,0.0,0.0,16.2,33.1,0.0,1010.5
2025-12-10 04:00:00+00:00,10.6,89,8.9,14,14,0,0,0.0,0.0,0.0,0.0,16.3,32.8,0.0,1010.8
2025-12-10 05:00:00+00:00,10.6,89,8.9,13,13,2,0,0.0,0.0,0.0,0.0,17.2,34.6,0.0,1011.4
2025-12-10 06:00:00+00:00,10.4,92,9.2,12,11,2,0,0.0,0.0,0.0,0.0,16.7,35.3,0.0,1011.8
2025-12-10 07:00:00+00:00,10.4,92,9.1,35,23,17,0,0.0,0.0,0.0,0.0,17.2,34.2,0.0,1012.6
2025-12-10 08:00:00+00:00,10.6,89,8.9,55,23,45,0,0.0,0.0,0.0,0.0,18.2,36.4,0.0,1013.4
2025-12-10 09:00:00+00:00,10.4,89,8.6,24,2,9,21,23.0,9.0,130.6,14.0,19.7,40.7,0.0,1014.2
2025-12-10 10:00:00+00:00,11.4,84,8.8,20,13,8,1,115.0,71.0,448.3,44.0,18.6,40.3,0.0,1015.2
2025-12-10 11:00:00+00:00,12.3,79,8.9,11,11,0,0,182.0,124.0,532.0,58.0,15.8,38.9,0.0,1015.5
2025-12-10 12:00:00+00:00,12.4,78,8.8,1,1,1,0,225.0,165.0,608.2,60.0,15.9,39.6,0.0,1016.1
2025-12-10 13:00:00+00:00,12.9,74,8.2,14,13,1,0,237.0,181.0,669.4,56.0,17.5,36.7,0.0,1016.8
2025-12-10 14:00:00+00:00,12.6,72,7.6,9,9,1,0,181.0,129.0,559.8,52.0,16.1,37.8,0.0,1017.5
2025-12-10 15:00:00+00:00,11.8,76,7.7,12,9,2,0,114.0,73.0,473.5,41.0,13.7,33.8,0.0,1018.3
2025-12-10 16:00:00+00:00,10.6,81,7.4,0,0,0,0,27.0,14.0,211.2,13.0,13.1,28.4,0.0,1019.6
2025-12-10 17:00:00+00:00,9.5,87,7.4,4,0,0,4,0.0,0.0,0.0,0.0,10.7,26.3,0.0,1020.1
2025-12-10 18:00:00+00:00,8.9,89,7.2,27,0,0,27,0.0,0.0,0.0,0.0,11.2,20.9,0.0,1020.8
2025-12-10 19:00:00+00:00,8.4,89,6.7,63,0,0,63,0.0,0.0,0.0,0.0,11.7,21.6,0.0,1021.6
2025-12-10 20:00:00+00:00,7.9,90,6.3,31,1,7,29,0.0,0.0,0.0,0.0,10.7,22.0,0.0,1022.0
2025-12-10 21:00:00+00:00,7.7,92,6.4,64,0,62,7,0.0,0.0,0.0,0.0,11.2,20.9,0.0,1022.4
2025-12-10 22:00:00+00:00,7.8,91,6.4,30,2,0,28,0.0,0.0,0.0,0.0,10.4,21.2,0.0,1022.8
2025-12-10 23:00:00+00:00,8.0,91,6.6,62,3,0,60,0.0,0.0,0.0,0.0,10.9,19.8,0.0,1022.5
2025-12-11 00:00:00+00:00,8.5,91,7.1,60,0,0,60,0.0,0.0,0.0,0.0,11.0,21.6,0.0,1022.2
2025-12-11 01:00:00+00:00,8.1,91,6.8,8,0,0,8,0.0,0.0,0.0,0.0,10.5,19.8,0.0,1021.9
2025-12-11 02:00:00+00:00,8.2,92,7.0,0,0,0,0,0.0,0.0,0.0,0.0,12.7,22.3,0.0,1021.4
2025-12-11 03:00:00+00:00,8.6,92,7.4,2,2,0,0,0.0,0.0,0.0,0.0,15.1,27.7,0.0,1020.7
2025-12-11 04:00:00+00:00,8.8,92,7.7,2,2,0,0,0.0,0.0,0.0,0.0,15.0,28.8,0.0,1020.2
2025-12-11 05:00:00+00:00,8.9,94,7.9,36,7,0,31,0.0,0.0,0.0,0.0,15.3,28.8,0.0,1020.2
2025-12-11 06:00:00+00:00,8.9,96,8.4,54,9,0,49,0.0,0.0,0.0,0.0,15.4,29.9,0.0,1020.1
2025-12-11 07:00:00+00:00,8.9,97,8.4,65,27,0,52,0.0,0.0,0.0,0.0,15.6,29.2,0.0,1020.0
2025-12-11 08:00:00+00:00,9.0,96,8.4,8,3,0,5,0.0,0.0,0.0,0.0,16.2,30.2,0.0,1019.7
2025-12-11 09:00:00+00:00,9.3,96,8.7,2,2,0,0,30.0,16.0,236.0,14.0,16.9,31.7,0.0,1019.4
2025-12-11 10:00:00+00:00,10.1,93,9.1,1,1,0,0,119.0,78.0,498.7,41.0,16.7,32.4,0.0,1019.1
2025-12-11 11:00:00+00:00,10.8,89,9.0,35,35,0,0,197.0,146.0,631.2,51.0,18.2,37.4,0.0,1018.5
2025-12-11 12:00:00+00:00,11.0,87,8.9,48,48,0,0,208.0,126.0,467.1,82.0,16.6,39.6,0.0,1017.8
2025-12-11 13:00:00+00:00,11.1,85,8.6,38,38,0,0,204.0,121.0,449.5,83.0,16.6,36.7,0.0,1017.0
2025-12-11 14:00:00+00:00,10.7,84,8.1,100,100,0,13,169.0,101.0,440.0,68.0,18.6,39.6,0.0,1016.6
2025-12-11 15:00:00+00:00,10.5,86,8.2,100,99,0,100,68.0,10.0,65.1,58.0,15.1,43.9,0.0,1016.5
2025-12-11 16:00:00+00:00,10.2,88,8.3,100,100,0,100,13.0,0.0,0.0,13.0,13.9,31.7,0.0,1016.4
2025-12-11 17:00:00+00:00,10.2,87,8.2,98,27,49,98,0.0,0.0,0.0,0.0,13.5,28.8,0.0,1016.1
2025-12-11 18:00:00+00:00,10.1,91,8.7,100,100,4,2,0.0,0.0,0.0,0.0,12.1,27.7,0.0,1016.1
2025-12-11 19:00:00+00:00,10.6,91,9.2,100,100,40,10,0.0,0.0,0.0,0.0,14.0,27.7,0.1,1015.9
2025-12-11 20:00:00+00:00,10.6,92,9.3,77,64,20,21,0.0,0.0,0.0,0.0,14.3,28.4,0.0,1015.4
2025-12-11 21:00:00+00:00,10.1,94,9.1,91,33,1,87,0.0,0.0,0.0,0.0,14.7,28.8,0.0,1015.1
2025-12-11 22:00:00+00:00,9.8,94,8.9,86,21,2,82,0.0,0.0,0.0,0.0,15.4,30.2,0.0,1014.9
2025-12-11 23:00:00+00:00,9.8,94,8.9,55,29,1,37,0.0,0.0,0.0,0.0,15.8,30.6,0.0,1014.5
2025-12-12 00:00:00+00:00,10.1,94,9.2,94,38,23,87,0.0,0.0,0.0,0.0,13.8,31.0,0.0,1014.2
2025-12-12 01:00:00+00:00,10.0,95,9.2,100,100,5,100,0.0,0.0,0.0,0.0,14.1,27.7,0.0,1013.8
2025-12-12 02:00:00+00:00,10.3,95,9.5,100,100,1,100,0.0,0.0,0.0,0.0,14.8,29.5,0.0,1013.6
2025-12-12 03:00:00+00:00,10.6,94,9.6,100,100,0,100,0.0,0.0,0.0,0.0,14.3,29.9,0.0,1013.4
2025-12-12 04:00:00+00:00,10.6,94,9.6,100,100,37,85,0.0,0.0,0.0,0.0,14.6,29.9,0.0,1013.4
2025-12-12 05:00:00+00:00,10.6,92,9.4,100,42,89,100,0.0,0.0,0.0,0.0,13.4,29.2,0.0,1013.2
2025-12-12 06:00:00+00:00,10.4,94,9.6,100,21,100,99,0.0,0.0,0.0,0.0,12.5,27.0,0.0,1013.3
2025-12-12 07:00:00+00:00,10.6,96,10.0,100,83,100,100,0.0,0.0,0.0,0.0,15.1,29.9,0.1,1013.7
2025-12-12 08:00:00+00:00,11.0,94,10.1,100,100,86,98,0.0,0.0,0.0,0.0,16.9,33.1,0.1,1013.8
2025-12-12 09:00:00+00:00,11.4,92,10.1,100,66,19,100,9.0,0.0,0.0,9.0,18.7,37.4,0.1,1014.1
2025-12-12 10:00:00+00:00,11.6,91,10.2,79,68,30,7,64.0,10.0,64.7,54.0,16.8,36.7,0.1,1014.8
2025-12-12 11:00:00+00:00,12.1,85,9.6,66,54,22,6,154.0,78.0,339.6,76.0,15.3,34.2,0.0,1014.8
2025-12-12 12:00:00+00:00,12.0,89,10.2,100,80,20,98,185.0,114.0,424.7,71.0,11.5,34.9,0.0,1015.4
2025-12-12 13:00:00+00:00,11.2,89,9.4,92,43,35,78,118.0,33.0,123.1,85.0,15.1,32.8,0.0,1016.3
2025-12-12 14:00:00+00:00,10.5,84,7.9,97,47,48,88,140.0,53.0,231.7,87.0,15.6,36.4,0.0,1017.4
2025-12-12 15:00:00+00:00,9.9,79,6.4,94,0,34,91,95.0,36.0,235.1,59.0,13.5,34.9,0.0,1018.3
2025-12-12 16:00:00+00:00,8.4,81,5.3,100,0,55,100,25.0,7.0,106.3,18.0,12.0,27.7,0.0,1019.1
2025-12-12 17:00:00+00:00,7.7,85,5.3,100,0,30,100,0.0,0.0,0.0,0.0,8.9,23.0,0.0,1020.3
2025-12-12 18:00:00+00:00,7.3,88,5.5,100,0,80,98,0.0,0.0,0.0,0.0,7.4,16.6,0.0,1021.3
2025-12-12 19:00:00+00:00,7.2,90,5.6,100,0,75,100,0.0,0.0,0.0,0.0,7.6,15.1,0.0,1022.6
2025-12-12 20:00:00+00:00,6.8,92,5.6,100,0,93,96,0.0,0.0,0.0,0.0,6.7,13.7,0.0,1023.3
2025-12-12 21:00:00+00:00,6.4,94,5.5,100,0,63,100,0.0,0.0,0.0,0.0,6.7,12.2,0.0,1024.1
2025-12-12 22:00:00+00:00,5.9,95,5.2,100,0,100,100,0.0,0.0,0.0,0.0,6.9,12.2,0.0,1024.6
2025-12-12 23:00:00+00:00,6.4,94,5.6,100,0,100,98,0.0,0.0,0.0,0.0,7.0,13.3,0.0,1025.0
2025-12-13 00:00:00+00:00,6.9,92,5.7,99,0,85,97,0.0,0.0,0.0,0.0,6.3,12.6,0.0,1025.7
2025-12-13 01:00:00+00:00,6.2,93,5.2,12,0,9,2,0.0,0.0,0.0,0.0,6.2,11.2,0.0,1025.9
2025-12-13 02:00:00+00:00,4.7,96,4.1,1,0,1,0,0.0,0.0,0.0,0.0,4.7,11.5,0.0,1026.1
2025-12-13 03:00:00+00:00,4.1,97,3.7,0,0,0,0,0.0,0.0,0.0,0.0,5.7,9.7,0.0,1026.7
2025-12-13 04:00:00+00:00,3.8,96,3.2,0,0,0,0,0.0,0.0,0.0,0.0,5.1,12.6,0.0,1026.8
2025-12-13 05:00:00+00:00,2.8,99,2.5,6,0,0,6,0.0,0.0,0.0,0.0,3.6,8.6,0.0,1026.6
2025-12-13 06:00:00+00:00,2.3,99,2.1,0,0,0,0,0.0,0.0,0.0,0.0,2.1,5.8,0.0,1027.2
2025-12-13 07:00:00+00:00,1.4,100,1.5,97,97,0,0,0.0,0.0,0.0,0.0,1.7,3.2,0.0,1027.9
2025-12-13 08:00:00+00:00,0.8,100,0.8,100,100,0,0,0.0,0.0,0.0,0.0,0.9,3.2,0.0,1028.4
2025-12-13 09:00:00+00:00,0.2,100,0.2,100,100,0,0,21.0,4.0,60.8,17.0,4.1,9.7,0.0,1028.9
2025-12-13 10:00:00+00:00,2.7,99,2.5,100,100,0,0,99.0,45.0,294.4,54.0,5.5,12.2,0.0,1029.1
2025-12-13 11:00:00+00:00,5.3,94,4.4,80,30,0,73,178.0,108.0,473.3,70.0,4.8,12.2,0.0,1029.0
2025-12-13 12:00:00+00:00,6.5,97,6.1,98,95,0,72,233.0,171.0,640.0,62.0,4.0,11.9,0.0,1028.7
2025-12-13 13:00:00+00:00,8.2,93,7.2,96,59,0,91,198.0,100.0,374.3,98.0,4.5,13.3,0.0,1028.1
2025-12-13 14:00:00+00:00,9.2,91,7.8,84,5,0,83,186.0,125.0,547.9,61.0,6.8,14.0,0.0,1027.5
2025-12-13 15:00:00+00:00,8.9,91,7.5,70,7,0,67,109.0,61.0,399.3,48.0,9.3,18.0,0.0,1027.0
2025-12-13 16:00:00+00:00,8.1,90,6.5,91,9,0,89,27.0,11.0,167.4,16.0,9.9,18.0,0.0,1026.8
2025-12-13 17:00:00+00:00,7.6,89,5.9,56,9,0,52,0.0,0.0,0.0,0.0,10.3,18.7,0.0,1026.9
2025-12-13 18:00:00+00:00,7.5,87,5.4,60,10,0,55,0.0,0.0,0.0,0.0,11.4,20.2,0.0,1026.8
2025-12-13 19:00:00+00:00,7.4,86,5.2,28,9,0,22,0.0,0.0,0.0,0.0,11.9,21.2,0.0,1026.8
2025-12-13 20:00:00+00:00,7.4,86,5.2,20,1,0,19,0.0,0.0,0.0,0.0,13.0,23.8,0.0,1026.4
2025-12-13 21:00:00+00:00,7.6,86,5.4,38,7,0,33,0.0,0.0,0.0,0.0,13.6,24.8,0.0,1026.0
2025-12-13 22:00:00+00:00,7.8,87,5.7,21,12,0,10,0.0,0.0,0.0,0.0,13.5,25.2,0.0,1025.8
2025-12-13 23:00:00+00:00,7.9,87,5.9,19,19,0,0,0.0,0.0,0.0,0.0,14.1,26.6,0.0,1025.4
2025-12-14 00:00:00+00:00,7.8,87,5.8,15,15,0,0,0.0,0.0,0.0,0.0,13.5,26.6,0.0,1025.2
2025-12-14 01:00:00+00:00,7.5,88,5.7,27,27,0,0,0.0,0.0,0.0,0.0,12.8,25.2,0.0,1024.6
2025-12-14 02:00:00+00:00,7.8,88,5.9,52,52,0,0,0.0,0.0,0.0,0.0,12.6,23.8,0.0,1024.0
2025-12-14 03:00:00+00:00,8.2,86,6.1,59,58,0,0,0.0,0.0,0.0,0.0,14.5,27.4,0.0,1023.2
2025-12-14 04:00:00+00:00,8.6,83,5.8,53,52,1,2,0.0,0.0,0.0,0.0,14.9,28.8,0.0,1022.6
2025-12-14 05:00:00+00:00,8.4,82,5.6,91,8,0,90,0.0,0.0,0.0,0.0,14.5,29.2,0.0,1021.8
2025-12-14 06:00:00+00:00,8.1,90,6.5,72,3,0,70,0.0,0.0,0.0,0.0,15.1,29.5,0.0,1021.6
2025-12-14 07:00:00+00:00,7.9,90,6.4,16,14,0,3,0.0,0.0,0.0,0.0,14.7,29.2,0.0,1021.5
2025-12-14 08:00:00+00:00,8.1,88,6.2,38,37,0,2,0.0,0.0,0.0,0.0,15.3,29.5,0.0,1021.2
2025-12-14 09:00:00+00:00,8.8,85,6.3,92,62,0,80,25.0,12.0,185.0,13.0,16.8,33.1,0.0,1020.8
2025-12-14 10:00:00+00:00,9.8,80,6.5,99,55,0,98,108.0,64.0,423.2,44.0,18.2,36.7,0.0,1020.5
2025-12-14 11:00:00+00:00,10.4,75,6.2,100,98,0,86,169.0,100.0,440.9,69.0,21.0,45.4,0.0,1019.9
2025-12-14 12:00:00+00:00,10.8,79,7.2,100,92,0,98,125.0,15.0,56.4,110.0,21.8,48.6,0.0,1019.2
2025-12-14 13:00:00+00:00,11.1,76,6.9,94,59,0,84,136.0,33.0,123.9,103.0,24.7,54.0,0.0,1018.2
2025-12-14 14:00:00+00:00,11.0,77,7.1,71,68,0,10,126.0,41.0,180.1,85.0,20.8,51.1,0.0,1017.1
2025-12-14 15:00:00+00:00,11.0,77,7.2,84,84,0,0,83.0,31.0,203.2,52.0,20.0,43.6,0.0,1016.3
2025-12-14 16:00:00+00:00,10.7,85,8.3,94,89,0,41,16.0,5.0,76.1,11.0,20.9,43.2,0.0,1015.8
2025-12-14 17:00:00+00:00,10.6,89,8.9,93,53,0,85,0.0,0.0,0.0,0.0,21.0,43.9,0.0,1015.1
2025-12-14 18:00:00+00:00,10.6,90,9.1,77,34,2,65,0.0,0.0,0.0,0.0,20.2,43.6,0.1,1014.5
2025-12-14 19:00:00+00:00,10.8,89,8.9,73,69,4,8,0.0,0.0,0.0,0.0,20.2,41.0,0.0,1014.0
2025-12-14 20:00:00+00:00,10.8,90,9.1,81,64,48,0,0.0,0.0,0.0,0.0,21.6,44.3,0.1,1013.6
2025-12-14 21:00:00+00:00,10.6,90,9.1,91,91,2,0,0.0,0.0,0.0,0.0,22.8,46.4,0.1,1013.1
2025-12-14 22:00:00+00:00,10.4,92,9.2,78,78,0,0,0.0,0.0,0.0,0.0,23.1,46.8,0.0,1012.4
2025-12-14 23:00:00+00:00,10.3,92,9.0,53,53,0,0,0.0,0.0,0.0,0.0,22.6,47.2,0.1,1011.7
2025-12-15 00:00:00+00:00,10.6,92,9.2,79,77,0,9,0.0,0.0,0.0,0.0,21.5,45.7,0.0,1011.1
2025-12-15 01:00:00+00:00,10.7,90,9.1,100,100,0,1,0.0,0.0,0.0,0.0,21.3,44.3,0.1,1010.4
2025-12-15 02:00:00+00:00,10.6,90,9.0,100,100,0,0,0.0,0.0,0.0,0.0,20.2,43.9,0.1,1009.6
2025-12-15 03:00:00+00:00,10.6,91,9.2,88,88,0,0,0.0,0.0,0.0,0.0,21.0,42.5,0.1,1008.8
2025-12-15 04:00:00+00:00,10.2,93,9.2,95,95,2,0,0.0,0.0,0.0,0.0,21.5,42.8,0.1,1008.0
2025-12-15 05:00:00+00:00,10.3,92,9.1,69,54,7,27,0.0,0.0,0.0,0.0,21.8,44.3,0.1,1007.1
2025-12-15 06:00:00+00:00,10.1,94,9.2,48,48,0,0,0.0,0.0,0.0,0.0,19.1,44.3,0.1,1006.9
2025-12-15 07:00:00+00:00,10.0,95,9.3,50,50,0,0,0.0,0.0,0.0,0.0,18.6,37.4,0.1,1006.6
2025-12-15 08:00:00+00:00,10.0,96,9.4,65,63,11,0,0.0,0.0,0.0,0.0,19.8,37.8,0.2,1006.4
2025-12-15 09:00:00+00:00,10.4,95,9.7,98,98,4,0,15.0,5.0,78.1,10.0,20.9,40.0,0.1,1006.4
2025-12-15 10:00:00+00:00,10.9,94,10.1,96,96,0,0,58.0,5.0,33.4,53.0,20.9,41.0,0.1,1006.1
2025-12-15 11:00:00+00:00,11.3,92,10.1,100,100,1,0,111.0,41.0,181.8,70.0,20.2,40.7,0.1,1005.8
2025-12-15 12:00:00+00:00,11.5,88,9.6,100,100,2,0,114.0,11.0,41.5,103.0,19.6,41.8,0.1,1005.4
2025-12-15 13:00:00+00:00,11.1,89,9.4,100,100,20,0,59.0,0.0,0.0,59.0,20.4,40.7,0.0,1004.8
2025-12-15 14:00:00+00:00,11.0,91,9.6,100,100,19,0,52.0,0.0,0.0,52.0,19.6,41.0,0.1,1004.3
2025-12-15 15:00:00+00:00,11.1,90,9.5,100,100,8,0,25.0,0.0,0.0,25.0,20.4,41.0,0.0,1004.0
2025-12-15 16:00:00+00:00,11.1,90,9.6,98,96,36,0,10.0,0.0,0.0,10.0,21.2,42.8,0.2,1004.1
2025-12-15 17:00:00+00:00,10.7,92,9.4,58,47,23,0,0.0,0.0,0.0,0.0,19.5,42.8,0.1,1004.1
2025-12-15 18:00:00+00:00,10.6,92,9.3,91,63,71,20,0.0,0.0,0.0,0.0,15.5,38.9,0.0,1004.2
2025-12-15 19:00:00+00:00,10.6,96,10.0,100,100,100,95,0.0,0.0,0.0,0.0,16.4,30.2,0.3,1004.5
2025-12-15 20:00:00+00:00,10.2,95,9.4,100,72,100,100,0.0,0.0,0.0,0.0,17.9,34.6,0.5,1004.7
2025-12-15 21:00:00+00:00,9.9,95,9.2,100,48,100,100,0.0,0.0,0.0,0.0,13.9,34.2,0.8,1004.6
2025-12-15 22:00:00+00:00,9.9,96,9.3,100,44,100,97,0.0,0.0,0.0,0.0,10.2,27.7,0.8,1004.6
2025-12-15 23:00:00+00:00,10.2,95,9.6,100,52,100,100,0.0,0.0,0.0,0.0,13.9,25.6,0.4,1004.3
2025-12-16 00:00:00+00:00,10.0,96,9.4,100,100,100,100,0.0,0.0,0.0,0.0,10.5,28.1,0.3,1004.0
2025-12-16 01:00:00+00:00,10.4,95,9.6,100,29,97,99,0.0,0.0,0.0,0.0,13.6,24.5,0.1,1003.7
2025-12-16 02:00:00+00:00,10.5,94,9.6,100,16,100,100,0.0,0.0,0.0,0.0,14.6,27.4,0.0,1003.4
2025-12-16 03:00:00+00:00,10.7,92,9.4,100,65,100,74,0.0,0.0,0.0,0.0,16.5,31.0,0.0,1003.5
2025-12-16 04:00:00+00:00,10.9,90,9.4,100,100,100,98,0.0,0.0,0.0,0.0,16.1,32.8,0.2,1003.4
2025-12-16 05:00:00+00:00,10.7,93,9.6,100,100,99,100,0.0,0.0,0.0,0.0,17.5,30.6,1.2,1003.3
2025-12-16 06:00:00+00:00,10.8,94,9.8,100,33,46,99,0.0,0.0,0.0,0.0,25.0,41.8,0.0,1004.0
2025-12-16 07:00:00+00:00,10.4,96,9.8,100,100,100,100,0.0,0.0,0.0,0.0,11.5,46.8,0.1,1005.0
2025-12-16 08:00:00+00:00,10.1,98,9.8,100,95,100,100,0.0,0.0,0.0,0.0,7.0,20.2,0.1,1006.0
2025-12-16 09:00:00+00:00,9.2,95,8.5,100,8,100,86,5.0,0.0,0.0,5.0,15.7,28.8,0.1,1007.2
2025-12-16 10:00:00+00:00,8.6,96,7.9,100,46,100,63,24.0,0.0,0.0,24.0,14.6,29.9,0.1,1008.2
2025-12-16 11:00:00+00:00,9.1,92,7.8,100,100,46,95,112.0,16.0,71.3,96.0,16.1,34.2,0.0,1009.1
2025-12-16 12:00:00+00:00,8.8,90,7.2,100,100,48,95,95.0,10.0,37.8,85.0,14.5,35.3,0.0,1009.5
2025-12-16 13:00:00+00:00,8.9,85,6.4,100,100,83,51,82.0,1.0,3.8,81.0,15.4,33.8,0.0,1010.2
2025-12-16 14:00:00+00:00,8.4,83,5.8,100,100,91,9,40.0,0.0,0.0,40.0,14.6,33.5,0.0,1010.7
2025-12-16 15:00:00+00:00,8.4,79,5.0,90,60,79,7,32.0,0.0,0.0,32.0,16.1,33.8,0.0,1011.6
2025-12-16 16:00:00+00:00,7.9,79,4.6,96,16,95,0,18.0,3.0,45.6,15.0,14.2,34.2,0.0,1012.3
2025-12-16 17:00:00+00:00,7.2,85,4.8,95,1,95,10,0.0,0.0,0.0,0.0,13.7,28.8,0.0,1013.0
2025-12-16 18:00:00+00:00,6.8,87,4.8,94,0,94,0,0.0,0.0,0.0,0.0,13.5,28.1,0.0,1014.2
2025-12-16 19:00:00+00:00,6.4,90,4.8,100,0,100,0,0.0,0.0,0.0,0.0,12.8,26.3,0.0,1014.7
2025-12-16 20:00:00+00:00,5.8,91,4.6,0,0,0,0,0.0,0.0,0.0,0.0,12.6,25.2,0.0,1015.3
2025-12-16 21:00:00+00:00,4.9,94,4.0,0,0,0,0,0.0,0.0,0.0,0.0,11.1,24.1,0.0,1015.7
2025-12-16 22:00:00+00:00,4.2,95,3.5,84,0,0,84,0.0,0.0,0.0,0.0,9.5,20.9,0.0,1016.0
2025-12-16 23:00:00+00:00,3.6,96,3.0,58,0,0,58,0.0,0.0,0.0,0.0,7.8,17.6,0.0,1016.2
2025-12-17 00:00:00+00:00,3.1,97,2.7,99,0,0,99,0.0,0.0,0.0,0.0,7.9,14.4,0.0,1016.8
2025-12-17 01:00:00+00:00,2.5,99,2.3,46,0,0,46,0.0,0.0,0.0,0.0,6.2,14.4,0.0,1016.8
2025-12-17 02:00:00+00:00,1.5,100,1.6,100,100,0,41,0.0,0.0,0.0,0.0,3.2,11.2,0.0,1016.7
2025-12-17 03:00:00+00:00,1.0,100,1.0,100,100,0,23,0.0,0.0,0.0,0.0,3.3,7.6,0.0,1016.9
2025-12-17 04:00:00+00:00,0.2,100,0.2,100,100,2,95,0.0,0.0,0.0,0.0,2.4,8.3,0.0,1017.1
2025-12-17 05:00:00+00:00,0.3,100,0.3,100,100,4,100,0.0,0.0,0.0,0.0,5.2,9.7,0.0,1017.0
2025-12-17 06:00:00+00:00,-0.2,100,-0.2,100,100,87,100,0.0,0.0,0.0,0.0,5.9,12.6,0.0,1017.2
2025-12-17 07:00:00+00:00,0.7,100,0.7,100,100,5,98,0.0,0.0,0.0,0.0,6.7,11.9,0.0,1017.3
2025-12-17 08:00:00+00:00,2.2,99,2.1,100,100,80,100,0.0,0.0,0.0,0.0,7.9,13.7,0.0,1017.3
2025-12-17 09:00:00+00:00,5.3,90,3.8,100,56,88,100,17.0,1.0,16.0,16.0,9.1,14.0,0.0,1017.3
2025-12-17 10:00:00+00:00,8.2,78,4.6,100,98,100,100,40.0,0.0,0.0,40.0,13.9,24.8,0.0,1017.0
2025-12-17 11:00:00+00:00,9.4,74,5.0,100,27,86,100,48.0,0.0,0.0,48.0,16.6,32.8,0.0,1016.6
2025-12-17 12:00:00+00:00,10.1,76,6.1,100,5,100,100,76.0,1.0,3.8,75.0,20.0,40.7,0.0,1015.9
2025-12-17 13:00:00+00:00,9.8,80,6.5,100,13,100,100,37.0,0.0,0.0,37.0,20.6,41.4,0.2,1014.9
2025-12-17 14:00:00+00:00,10.1,83,7.3,100,27,100,100,53.0,0.0,0.0,53.0,23.2,48.2,0.0,1014.2
2025-12-17 15:00:00+00:00,10.2,82,7.3,100,16,100,98,30.0,0.0,0.0,30.0,22.7,48.2,0.0,1013.4
2025-12-17 16:00:00+00:00,10.2,83,7.4,100,100,100,91,7.0,0.0,0.0,7.0,23.0,47.9,0.0,1013.2
2025-12-17 17:00:00+00:00,10.4,81,7.3,100,100,100,0,0.0,0.0,0.0,0.0,23.8,49.3,0.0,1012.7
2025-12-17 18:00:00+00:00,10.6,82,7.6,100,24,100,0,0.0,0.0,0.0,0.0,24.0,50.8,0.1,1012.0
2025-12-17 19:00:00+00:00,10.7,81,7.6,100,75,100,0,0.0,0.0,0.0,0.0,25.6,52.9,0.0,1011.4
2025-12-17 20:00:00+00:00,10.9,80,7.6,100,32,100,1,0.0,0.0,0.0,0.0,26.7,55.8,0.0,1010.8
2025-12-17 21:00:00+00:00,10.9,82,7.9,100,100,100,1,0.0,0.0,0.0,0.0,26.6,56.5,0.0,1010.4
2025-12-17 22:00:00+00:00,11.0,83,8.2,100,100,100,98,0.0,0.0,0.0,0.0,28.5,59.0,0.1,1010.2
2025-12-17 23:00:00+00:00,10.8,88,8.9,100,100,100,100,0.0,0.0,0.0,0.0,26.7,58.7,0.7,1009.5
2025-12-18 00:00:00+00:00,10.5,95,9.8,100,100,100,100,0.0,0.0,0.0,0.0,27.7,58.0,2.0,1009.1
2025-12-18 01:00:00+00:00,10.6,95,9.9,100,100,100,100,0.0,0.0,0.0,0.0,27.7,57.2,2.6,1008.5
2025-12-18 02:00:00+00:00,10.8,95,10.1,100,100,100,100,0.0,0.0,0.0,0.0,28.6,56.5,1.8,1008.4
2025-12-18 03:00:00+00:00,11.1,96,10.4,100,100,100,100,0.0,0.0,0.0,0.0,26.4,55.4,2.2,1007.8
2025-12-18 04:00:00+00:00,11.1,96,10.6,100,100,100,100,0.0,0.0,0.0,0.0,23.7,51.1,1.9,1007.8
2025-12-18 05:00:00+00:00,11.1,96,10.5,100,100,51,100,0.0,0.0,0.0,0.0,23.9,46.4,0.8,1008.0
2025-12-18 06:00:00+00:00,11.3,96,10.7,100,100,66,100,0.0,0.0,0.0,0.0,19.5,45.7,0.0,1008.1
2025-12-18 07:00:00+00:00,11.4,95,10.6,100,100,48,100,0.0,0.0,0.0,0.0,16.8,37.4,0.0,1007.5
2025-12-18 08:00:00+00:00,11.1,96,10.5,100,100,95,100,0.0,0.0,0.0,0.0,17.5,33.5,0.0,1007.2
2025-12-18 09:00:00+00:00,11.4,94,10.5,100,100,100,100,5.0,0.0,0.0,5.0,19.3,37.4,0.2,1006.5
2025-12-18 10:00:00+00:00,11.1,96,10.5,100,100,100,100,12.0,0.0,0.0,12.0,22.5,42.8,0.9,1005.5
2025-12-18 11:00:00+00:00,10.9,96,10.4,100,100,100,100,9.0,0.0,0.0,9.0,25.0,48.6,3.5,1004.4
2025-12-18 12:00:00+00:00,11.2,95,10.4,100,100,100,100,11.0,0.0,0.0,11.0,27.9,59.8,4.5,1002.2
2025-12-18 13:00:00+00:00,11.4,95,10.6,100,100,100,100,14.0,0.0,0.0,14.0,34.7,67.3,4.2,1000.8
2025-12-18 14:00:00+00:00,11.1,94,10.1,100,100,100,100,9.0,0.0,0.0,9.0,35.1,67.7,2.8,1000.0
2025-12-18 15:00:00+00:00,10.8,93,9.6,100,100,100,100,6.0,0.0,0.0,6.0,37.1,72.4,2.8,999.1
2025-12-18 16:00:00+00:00,11.2,91,9.9,100,100,87,100,1.0,0.0,0.0,1.0,40.1,76.7,2.3,998.2
2025-12-18 17:00:00+00:00,12.2,87,10.2,100,41,71,100,0.0,0.0,0.0,0.0,37.8,83.9,0.2,998.3
2025-12-18 18:00:00+00:00,12.2,82,9.2,100,30,24,100,0.0,0.0,0.0,0.0,27.2,75.6,0.0,1000.0
2025-12-18 19:00:00+00:00,11.1,86,8.8,100,36,57,100,0.0,0.0,0.0,0.0,20.6,55.4,0.0,1001.9
2025-12-18 20:00:00+00:00,10.8,87,8.8,100,37,98,100,0.0,0.0,0.0,0.0,19.9,42.5,0.0,1003.5
2025-12-18 21:00:00+00:00,11.1,87,9.0,100,67,100,100,0.0,0.0,0.0,0.0,20.7,43.6,0.1,1004.2
2025-12-18 22:00:00+00:00,11.1,90,9.4,100,15,100,100,0.0,0.0,0.0,0.0,18.2,41.8,0.1,1005.2
2025-12-18 23:00:00+00:00,10.6,89,8.8,100,11,100,100,0.0,0.0,0.0,0.0,14.8,38.2,0.1,1006.3
2025-12-19 00:00:00+00:00,9.6,89,7.9,100,3,100,83,0.0,0.0,0.0,0.0,12.9,29.2,0.0,1007.6
2025-12-19 01:00:00+00:00,9.1,87,7.0,100,0,76,100,0.0,0.0,0.0,0.0,12.8,25.2,0.0,1008.7
2025-12-19 02:00:00+00:00,8.3,87,6.2,100,0,12,100,0.0,0.0,0.0,0.0,12.0,24.8,0.0,1010.2
2025-12-19 03:00:00+00:00,7.2,89,5.5,100,0,0,100,0.0,0.0,0.0,0.0,11.7,23.0,0.0,1011.0
2025-12-19 04:00:00+00:00,6.8,87,4.8,98,0,0,98,0.0,0.0,0.0,0.0,12.4,23.4,0.0,1011.7
2025-12-19 05:00:00+00:00,6.8,84,4.3,100,0,0,100,0.0,0.0,0.0,0.0,12.9,24.1,0.0,1012.8
2025-12-19 06:00:00+00:00,7.5,80,4.3,97,0,1,97,0.0,0.0,0.0,0.0,14.6,26.6,0.0,1013.5
2025-12-19 07:00:00+00:00,7.4,80,4.2,100,0,0,100,0.0,0.0,0.0,0.0,14.4,28.4,0.0,1014.1
2025-12-19 08:00:00+00:00,7.7,79,4.2,18,1,1,17,0.0,0.0,0.0,0.0,14.3,28.4,0.0,1015.0
2025-12-19 09:00:00+00:00,8.1,77,4.3,66,0,0,66,22.0,10.0,163.7,12.0,13.8,28.1,0.0,1015.7
2025-12-19 10:00:00+00:00,9.2,74,4.8,10,0,0,10,105.0,65.0,449.2,40.0,13.9,28.1,0.0,1016.4
2025-12-19 11:00:00+00:00,10.4,69,5.1,2,2,0,0,186.0,137.0,618.3,49.0,14.5,29.9,0.0,1016.9
2025-12-19 12:00:00+00:00,10.9,70,5.7,13,9,5,0,229.0,176.0,670.8,53.0,14.6,31.0,0.0,1017.2
2025-12-19 13:00:00+00:00,11.1,67,5.3,20,12,15,0,218.0,160.0,605.5,58.0,15.1,33.1,0.0,1017.1
2025-12-19 14:00:00+00:00,10.9,67,5.0,5,5,1,0,170.0,117.0,515.0,53.0,13.0,32.0,0.0,1017.3
2025-12-19 15:00:00+00:00,10.1,71,5.1,1,1,0,0,114.0,75.0,488.3,39.0,12.5,27.4,0.0,1017.5
2025-12-19 16:00:00+00:00,8.8,78,5.1,5,5,1,0,29.0,16.0,240.4,13.0,12.0,25.6,0.0,1017.7
2025-12-19 17:00:00+00:00,8.0,82,5.1,1,1,0,0,0.0,0.0,0.0,0.0,10.9,23.4,0.0,1017.6
2025-12-19 18:00:00+00:00,7.5,84,5.1,4,4,0,0,0.0,0.0,0.0,0.0,10.6,20.5,0.0,1018.1
2025-12-19 19:00:00+00:00,7.2,87,5.1,8,6,5,0,0.0,0.0,0.0,0.0,10.1,19.4,0.0,1018.4
2025-12-19 20:00:00+00:00,7.1,89,5.3,5,4,2,0,0.0,0.0,0.0,0.0,10.1,18.7,0.0,1018.4
2025-12-19 21:00:00+00:00,6.9,89,5.2,5,5,2,0,0.0,0.0,0.0,0.0,8.3,18.4,0.0,1018.3
2025-12-19 22:00:00+00:00,6.9,89,5.2,21,16,9,0,0.0,0.0,0.0,0.0,8.7,15.8,0.0,1018.1
2025-12-19 23:00:00+00:00,7.1,88,5.3,17,5,14,0,0.0,0.0,0.0,0.0,9.2,16.6,0.0,1017.3
2025-12-20 00:00:00+00:00,6.2,88,4.4,9,5,5,0,0.0,0.0,0.0,0.0,7.6,17.3,0.0,1017.4
2025-12-20 01:00:00+00:00,6.2,89,4.4,13,11,2,0,0.0,0.0,0.0,0.0,8.6,14.8,0.0,1017.0
2025-12-20 02:00:00+00:00,6.4,88,4.5,9,9,2,0,0.0,0.0,0.0,0.0,9.1,15.1,0.0,1016.3
2025-12-20 03:00:00+00:00,6.4,90,4.8,23,20,7,0,0.0,0.0,0.0,0.0,10.6,18.7,0.0,1015.7
2025-12-20 04:00:00+00:00,6.5,91,5.1,41,17,29,0,0.0,0.0,0.0,0.0,10.8,19.8,0.0,1015.0
2025-12-20 05:00:00+00:00,6.6,91,5.2,20,18,3,0,0.0,0.0,0.0,0.0,9.9,19.4,0.0,1014.3
2025-12-20 06:00:00+00:00,6.1,93,5.1,4,4,0,0,0.0,0.0,0.0,0.0,12.6,22.0,0.0,1014.2
2025-12-20 07:00:00+00:00,5.8,93,4.8,3,2,2,0,0.0,0.0,0.0,0.0,12.0,23.0,0.0,1013.7
2025-12-20 08:00:00+00:00,5.8,93,4.7,0,0,0,0,0.0,0.0,0.0,0.0,12.8,23.0,0.0,1013.3
2025-12-20 09:00:00+00:00,6.3,94,5.3,0,0,0,0,23.0,12.0,198.3,11.0,14.4,25.9,0.0,1013.1
2025-12-20 10:00:00+00:00,7.8,88,5.8,0,0,0,0,109.0,72.0,501.0,37.0,14.7,28.1,0.0,1012.4
2025-12-20 11:00:00+00:00,8.9,78,5.2,0,0,0,0,192.0,143.0,647.4,49.0,14.6,29.9,0.0,1011.7
2025-12-20 12:00:00+00:00,9.6,71,4.6,2,2,0,0,239.0,186.0,710.0,53.0,15.4,33.8,0.0,1011.0
2025-12-20 13:00:00+00:00,9.8,67,3.8,8,8,0,0,236.0,180.0,681.2,56.0,15.6,34.6,0.0,1010.0
2025-12-20 14:00:00+00:00,9.5,70,4.3,25,25,1,0,187.0,134.0,589.1,53.0,14.4,33.8,0.0,1009.2
2025-12-20 15:00:00+00:00,9.0,73,4.3,58,58,0,0,104.0,63.0,408.6,41.0,13.4,29.9,0.0,1008.6
2025-12-20 16:00:00+00:00,8.4,76,4.5,93,9,0,92,23.0,8.0,119.5,15.0,14.2,28.8,0.0,1007.8
2025-12-20 17:00:00+00:00,7.7,88,5.8,99,21,5,99,0.0,0.0,0.0,0.0,14.2,28.8,0.0,1007.3
2025-12-20 18:00:00+00:00,7.9,89,6.2,100,45,34,99,0.0,0.0,0.0,0.0,14.2,28.8,0.0,1007.2
2025-12-20 19:00:00+00:00,8.4,89,6.7,100,95,9,95,0.0,0.0,0.0,0.0,16.2,32.4,0.0,1006.8
2025-12-20 20:00:00+00:00,9.1,86,6.9,100,98,56,99,0.0,0.0,0.0,0.0,15.5,33.1,0.0,1006.3
2025-12-20 21:00:00+00:00,8.8,91,7.4,98,66,36,95,0.0,0.0,0.0,0.0,14.8,32.8,0.0,1006.0
2025-12-20 22:00:00+00:00,8.6,94,7.8,100,52,12,100,0.0,0.0,0.0,0.0,16.8,30.6,1.0,1005.6
2025-12-20 23:00:00+00:00,8.9,94,8.0,90,59,21,74,0.0,0.0,0.0,0.0,14.3,32.0,0.0,1005.5
2025-12-21 00:00:00+00:00,8.4,96,7.8,44,41,16,1,0.0,0.0,0.0,0.0,8.7,26.6,0.0,1005.6
2025-12-21 01:00:00+00:00,8.2,97,7.8,99,9,2,98,0.0,0.0,0.0,0.0,10.1,18.0,0.0,1005.2
2025-12-21 02:00:00+00:00,7.8,97,7.2,100,100,79,100,0.0,0.0,0.0,0.0,8.6,18.4,0.0,1005.5
2025-12-21 03:00:00+00:00,8.0,94,7.1,100,83,100,100,0.0,0.0,0.0,0.0,7.9,15.5,2.7,1005.6
2025-12-21 04:00:00+00:00,8.4,95,7.7,100,30,32,100,0.0,0.0,0.0,0.0,9.5,18.4,0.3,1005.7
2025-12-21 05:00:00+00:00,7.8,97,7.3,100,34,43,100,0.0,0.0,0.0,0.0,6.8,16.6,0.0,1005.9
2025-12-21 06:00:00+00:00,7.9,96,7.4,100,22,53,100,0.0,0.0,0.0,0.0,8.0,11.9,0.0,1006.0
2025-12-21 07:00:00+00:00,7.6,98,7.2,100,35,92,100,0.0,0.0,0.0,0.0,7.3,13.7,0.0,1006.1
2025-12-21 08:00:00+00:00,7.4,98,7.2,100,18,27,100,0.0,0.0,0.0,0.0,9.4,16.2,0.0,1006.2
2025-12-21 09:00:00+00:00,7.6,98,7.2,100,38,5,100,19.0,4.0,66.7,15.0,10.8,18.7,0.0,1006.4
2025-12-21 10:00:00+00:00,8.9,96,8.2,98,52,15,94,83.0,29.0,203.0,54.0,12.5,23.0,0.0,1006.9
2025-12-21 11:00:00+00:00,10.1,93,9.0,100,51,98,100,131.0,49.0,222.4,82.0,13.0,24.8,0.1,1006.7
2025-12-21 12:00:00+00:00,10.4,92,9.1,98,17,21,98,129.0,14.0,53.5,115.0,13.5,26.3,0.0,1006.2
2025-12-21 13:00:00+00:00,10.7,88,8.8,100,25,92,99,184.0,99.0,374.6,85.0,14.1,30.6,1.2,1005.7
2025-12-21 14:00:00+00:00,10.4,90,8.9,100,94,100,99,83.0,19.0,83.4,64.0,12.8,27.7,1.3,1005.3
2025-12-21 15:00:00+00:00,10.4,90,8.7,100,81,100,100,36.0,0.0,0.0,36.0,12.1,24.8,0.1,1004.8
2025-12-21 16:00:00+00:00,9.8,92,8.4,100,95,100,100,9.0,0.0,0.0,9.0,14.5,25.9,0.5,1004.6
2025-12-21 17:00:00+00:00,9.2,96,8.6,100,100,100,100,0.0,0.0,0.0,0.0,15.8,29.9,0.9,1004.1
2025-12-21 18:00:00+00:00,9.6,95,8.9,100,100,100,100,0.0,0.0,0.0,0.0,17.6,33.8,0.1,1003.6
2025-12-21 19:00:00+00:00,9.6,95,8.9,100,100,67,100,0.0,0.0,0.0,0.0,18.0,35.3,0.1,1003.0
2025-12-21 20:00:00+00:00,9.8,95,8.9,100,100,100,100,0.0,0.0,0.0,0.0,16.6,34.6,0.2,1003.0
2025-12-21 21:00:00+00:00,10.4,94,9.4,100,87,99,100,0.0,0.0,0.0,0.0,21.3,40.3,0.2,1002.8
2025-12-21 22:00:00+00:00,10.4,94,9.5,100,100,100,100,0.0,0.0,0.0,0.0,22.1,42.5,0.1,1002.6
2025-12-21 23:00:00+00:00,10.4,94,9.4,100,96,100,100,0.0,0.0,0.0,0.0,21.4,42.8,0.5,1002.3
2025-12-22 00:00:00+00:00,10.9,91,9.5,100,100,100,99,0.0,0.0,0.0,0.0,21.4,40.7,0.2,1001.7
2025-12-22 01:00:00+00:00,11.1,90,9.6,100,100,100,100,0.0,0.0,0.0,0.0,24.1,47.2,0.2,1001.5
2025-12-22 02:00:00+00:00,11.4,89,9.6,100,100,20,100,0.0,0.0,0.0,0.0,23.5,47.9,0.2,1001.8
2025-12-22 03:00:00+00:00,11.3,90,9.6,100,100,20,100,0.0,0.0,0.0,0.0,21.9,46.4,0.3,1002.3
2025-12-22 04:00:00+00:00,11.1,90,9.6,100,41,5,100,0.0,0.0,0.0,0.0,16.9,42.8,0.1,1002.8
2025-12-22 05:00:00+00:00,10.1,94,9.1,99,1,0,99,0.0,0.0,0.0,0.0,11.7,33.1,0.0,1003.3
2025-12-22 06:00:00+00:00,9.6,94,8.8,100,5,0,100,0.0,0.0,0.0,0.0,10.3,22.0,0.0,1004.1
2025-12-22 07:00:00+00:00,8.8,94,7.9,100,2,2,100,0.0,0.0,0.0,0.0,7.5,18.4,0.0,1004.6
2025-12-22 08:00:00+00:00,8.1,96,7.4,100,6,5,100,0.0,0.0,0.0,0.0,8.7,14.8,0.0,1005.2
2025-12-22 09:00:00+00:00,8.1,97,7.6,100,31,0,100,17.0,4.0,67.2,13.0,9.0,15.8,0.0,1006.4
2025-12-22 10:00:00+00:00,9.2,94,8.2,100,44,5,100,84.0,33.0,232.3,51.0,9.9,18.0,0.0,1007.4
2025-12-22 11:00:00+00:00,10.1,88,8.2,100,11,0,100,135.0,43.0,195.6,92.0,9.6,20.2,0.0,1007.5
2025-12-22 12:00:00+00:00,10.6,82,7.6,98,10,0,97,184.0,86.0,328.8,98.0,10.1,23.0,0.0,1007.4
2025-12-22 13:00:00+00:00,10.4,79,7.1,99,23,13,99,139.0,26.0,98.3,113.0,9.5,23.0,0.0,1007.1
2025-12-22 14:00:00+00:00,10.6,79,7.0,99,16,10,99,178.0,113.0,494.7,65.0,10.8,27.0,0.0,1007.2
2025-12-22 15:00:00+00:00,9.7,85,7.2,100,12,17,100,91.0,31.0,199.0,60.0,8.6,25.2,0.2,1007.6
2025-12-22 16:00:00+00:00,8.7,91,7.3,100,66,88,99,19.0,0.0,0.0,19.0,7.9,16.6,0.0,1008.2
2025-12-22 17:00:00+00:00,8.8,92,7.6,100,3,8,100,0.0,0.0,0.0,0.0,9.2,16.9,0.0,1008.5
2025-12-22 18:00:00+00:00,8.2,94,7.4,100,22,100,100,0.0,0.0,0.0,0.0,9.0,17.6,0.0,1008.8
2025-12-22 19:00:00+00:00,8.9,94,8.1,99,36,44,98,0.0,0.0,0.0,0.0,9.9,18.7,0.0,1009.4
2025-12-22 20:00:00+00:00,8.8,96,8.1,98,86,33,81,0.0,0.0,0.0,0.0,11.0,21.6,0.0,1009.9
2025-12-22 21:00:00+00:00,8.9,96,8.2,100,65,38,99,0.0,0.0,0.0,0.0,11.3,22.0,0.0,1010.1
2025-12-22 22:00:00+00:00,8.4,97,7.9,100,81,42,100,0.0,0.0,0.0,0.0,10.5,21.6,0.0,1010.5
2025-12-22 23:00:00+00:00,8.2,96,7.7,100,54,100,100,0.0,0.0,0.0,0.0,10.4,20.2,0.0,1011.0
2025-12-23 00:00:00+00:00,9.1,93,8.1,100,5,98,98,0.0,0.0,0.0,0.0,11.4,22.3,0.0,1011.0
2025-12-23 01:00:00+00:00,8.8,94,7.9,100,98,100,98,0.0,0.0,0.0,0.0,10.7,22.7,0.0,1011.3
2025-12-23 02:00:00+00:00,8.7,93,7.7,78,16,19,71,0.0,0.0,0.0,0.0,9.9,20.9,0.0,1011.4
2025-12-23 03:00:00+00:00,7.8,95,7.1,93,0,63,84,0.0,0.0,0.0,0.0,11.1,20.9,0.0,1011.9
2025-12-23 04:00:00+00:00,7.3,95,6.7,100,3,91,100,0.0,0.0,0.0,0.0,11.6,22.3,0.0,1012.3
2025-12-23 05:00:00+00:00,7.5,95,6.8,100,20,84,98,0.0,0.0,0.0,0.0,11.4,22.7,0.0,1012.6
2025-12-23 06:00:00+00:00,7.6,96,6.9,100,27,94,98,0.0,0.0,0.0,0.0,14.1,26.6,0.0,1013.1
2025-12-23 07:00:00+00:00,7.3,93,6.3,97,27,66,89,0.0,0.0,0.0,0.0,15.1,30.2,0.0,1013.7
2025-12-23 08:00:00+00:00,6.8,95,6.1,100,93,92,90,0.0,0.0,0.0,0.0,13.9,29.9,0.0,1014.6
2025-12-23 09:00:00+00:00,7.1,93,6.0,100,100,5,97,11.0,0.0,0.0,11.0,13.5,28.1,0.0,1015.3
2025-12-23 10:00:00+00:00,7.4,87,5.3,100,100,2,98,48.0,1.0,7.1,47.0,13.6,31.7,0.0,1016.3
2025-12-23 11:00:00+00:00,7.8,82,4.9,100,100,1,98,72.0,3.0,13.7,69.0,15.9,34.9,0.0,1017.0
2025-12-23 12:00:00+00:00,7.3,83,4.6,100,100,0,99,74.0,3.0,11.5,71.0,16.2,36.0,0.0,1017.3
2025-12-23 13:00:00+00:00,7.3,81,4.3,100,100,4,96,79.0,3.0,11.3,76.0,18.1,38.2,0.0,1017.4
2025-12-23 14:00:00+00:00,7.3,79,4.0,100,100,21,53,65.0,8.0,34.9,57.0,18.3,43.6,0.0,1017.5
2025-12-23 15:00:00+00:00,7.2,80,4.0,100,100,7,45,40.0,0.0,0.0,40.0,17.4,42.8,0.0,1018.0
2025-12-23 16:00:00+00:00,7.2,79,3.8,96,95,16,25,11.0,0.0,0.0,11.0,14.9,35.6,0.0,1018.8
2025-12-23 17:00:00+00:00,7.1,81,4.0,100,100,9,0,0.0,0.0,0.0,0.0,16.2,33.5,0.0,1019.8
2025-12-23 18:00:00+00:00,7.0,82,4.2,100,100,0,16,0.0,0.0,0.0,0.0,16.1,33.8,0.0,1020.6
2025-12-23 19:00:00+00:00,6.7,83,4.0,100,100,0,2,0.0,0.0,0.0,0.0,17.3,36.0,0.0,1021.4
2025-12-23 20:00:00+00:00,6.4,82,3.6,100,100,0,0,0.0,0.0,0.0,0.0,17.7,37.4,0.0,1022.0
2025-12-23 21:00:00+00:00,6.2,83,3.6,100,100,0,2,0.0,0.0,0.0,0.0,17.2,37.4,0.0,1022.7
2025-12-23 22:00:00+00:00,6.1,84,3.6,100,100,0,0,0.0,0.0,0.0,0.0,16.2,36.4,0.0,1023.5
2025-12-23 23:00:00+00:00,5.9,85,3.5,100,100,0,0,0.0,0.0,0.0,0.0,15.5,33.5,0.0,1024.0
2025-12-24 00:00:00+00:00,5.9,85,3.5,100,100,0,0,0.0,0.0,0.0,0.0,15.5,32.4,0.0,1024.5
2025-12-24 01:00:00+00:00,5.8,85,3.5,100,100,0,0,0.0,0.0,0.0,0.0,15.6,34.2,0.0,1025.0
2025-12-24 02:00:00+00:00,5.7,85,3.5,100,100,0,0,0.0,0.0,0.0,0.0,15.3,33.5,0.0,1025.5
2025-12-24 03:00:00+00:00,5.5,85,3.2,100,100,0,0,0.0,0.0,0.0,0.0,15.8,32.4,0.0,1026.1
2025-12-24 04:00:00+00:00,5.4,85,3.0,100,100,0,0,0.0,0.0,0.0,0.0,16.0,33.8,0.0,1026.4
2025-12-24 05:00:00+00:00,5.6,84,3.1,100,100,0,0,0.0,0.0,0.0,0.0,14.9,32.8,0.0,1027.1
2025-12-24 06:00:00+00:00,5.7,82,2.8,95,95,0,0,0.0,0.0,0.0,0.0,16.2,30.2,0.0,1027.4
2025-12-24 07:00:00+00:00,5.6,82,2.8,99,99,0,0,0.0,0.0,0.0,0.0,16.2,33.5,0.0,1028.2
2025-12-24 08:00:00+00:00,5.3,83,2.7,97,96,0,5,0.0,0.0,0.0,0.0,16.4,33.8,0.0,1029.1
2025-12-24 09:00:00+00:00,5.2,83,2.5,90,89,0,10,12.0,2.0,34.0,10.0,16.9,36.4,0.0,1030.1
2025-12-24 10:00:00+00:00,4.9,76,1.0,72,72,0,0,59.0,10.0,71.0,49.0,22.8,52.2,0.0,1031.1
2025-12-24 11:00:00+00:00,5.1,69,-0.1,10,10,0,0,129.0,51.0,232.6,78.0,22.1,49.7,0.0,1031.4
2025-12-24 12:00:00+00:00,5.6,65,-0.5,20,20,0,0,230.0,164.0,626.7,66.0,23.8,47.9,0.0,1031.3
2025-12-24 13:00:00+00:00,5.8,62,-0.8,5,5,0,0,223.0,153.0,576.7,70.0,23.0,54.7,0.0,1031.3
2025-12-24 14:00:00+00:00,5.7,63,-0.8,1,1,0,0,199.0,146.0,635.2,53.0,22.2,49.3,0.0,1031.2
2025-12-24 15:00:00+00:00,5.2,66,-0.7,2,2,0,0,125.0,85.0,538.7,40.0,20.8,47.2,0.0,1031.3
2025-12-24 16:00:00+00:00,4.2,70,-0.8,1,1,0,0,34.0,19.0,274.8,15.0,20.9,43.6,0.0,1031.7
2025-12-24 17:00:00+00:00,3.7,71,-1.1,0,0,0,0,0.0,0.0,0.0,0.0,21.5,44.3,0.0,1032.0
2025-12-24 18:00:00+00:00,3.0,73,-1.4,0,0,0,0,0.0,0.0,0.0,0.0,23.4,45.7,0.0,1032.2
2025-12-24 19:00:00+00:00,2.8,75,-1.2,2,2,0,0,0.0,0.0,0.0,0.0,23.7,48.2,0.0,1032.2
2025-12-24 20:00:00+00:00,2.8,77,-0.7,2,2,0,0,0.0,0.0,0.0,0.0,24.1,49.3,0.0,1032.0
2025-12-24 21:00:00+00:00,3.0,78,-0.5,3,3,0,0,0.0,0.0,0.0,0.0,24.0,49.3,0.0,1031.7
2025-12-24 22:00:00+00:00,3.2,76,-0.6,3,3,0,0,0.0,0.0,0.0,0.0,23.3,49.3,0.0,1031.4
2025-12-24 23:00:00+00:00,3.5,75,-0.6,0,0,0,0,0.0,0.0,0.0,0.0,24.0,49.0,0.0,1030.6
2025-12-25 00:00:00+00:00,3.0,77,-0.7,2,2,0,0,0.0,0.0,0.0,0.0,26.9,51.8,0.0,1029.8
2025-12-25 01:00:00+00:00,2.7,78,-0.8,5,5,0,0,0.0,0.0,0.0,0.0,26.4,55.1,0.0,1029.3
2025-12-25 02:00:00+00:00,2.7,76,-1.0,5,5,0,0,0.0,0.0,0.0,0.0,27.9,57.2,0.0,1028.6
2025-12-25 03:00:00+00:00,2.9,72,-1.7,1,1,0,0,0.0,0.0,0.0,0.0,29.0,60.1,0.0,1027.6
2025-12-25 04:00:00+00:00,3.0,68,-2.4,7,7,0,0,0.0,0.0,0.0,0.0,28.0,59.8,0.0,1027.6
2025-12-25 05:00:00+00:00,3.2,63,-3.1,0,0,0,0,0.0,0.0,0.0,0.0,27.9,57.6,0.0,1027.3
2025-12-25 06:00:00+00:00,3.2,64,-2.8,5,3,2,0,0.0,0.0,0.0,0.0,28.7,57.2,0.0,1027.0
2025-12-25 07:00:00+00:00,3.0,66,-2.7,1,1,0,0,0.0,0.0,0.0,0.0,26.8,58.3,0.0,1027.1
2025-12-25 08:00:00+00:00,2.8,68,-2.6,0,0,0,0,0.0,0.0,0.0,0.0,25.3,54.4,0.0,1027.3
2025-12-25 09:00:00+00:00,2.8,69,-2.2,1,1,0,0,20.0,10.0,171.0,10.0,25.1,51.5,0.0,1027.1
2025-12-25 10:00:00+00:00,3.5,69,-1.6,0,0,0,0,106.0,69.0,491.1,37.0,22.7,52.6,0.0,1027.1
2025-12-25 11:00:00+00:00,4.5,68,-0.9,0,0,0,0,187.0,138.0,629.7,49.0,17.7,46.4,0.0,1026.9
2025-12-25 12:00:00+00:00,5.2,61,-1.7,0,0,0,0,232.0,175.0,668.2,57.0,21.7,57.2,0.0,1026.2
2025-12-25 13:00:00+00:00,5.3,62,-1.5,1,1,0,0,239.0,185.0,695.8,54.0,21.1,47.2,0.0,1025.8
2025-12-25 14:00:00+00:00,5.2,65,-0.9,4,4,0,0,199.0,149.0,645.7,50.0,19.5,45.4,0.0,1025.6
2025-12-25 15:00:00+00:00,4.7,68,-0.6,5,5,0,0,122.0,81.0,509.6,41.0,19.9,43.6,0.0,1025.6
2025-12-25 16:00:00+00:00,3.7,71,-1.1,9,9,0,0,32.0,17.0,243.4,15.0,20.1,41.4,0.0,1025.5
2025-12-25 17:00:00+00:00,3.1,73,-1.2,2,2,0,0,0.0,0.0,0.0,0.0,20.7,42.8,0.0,1025.4
2025-12-25 18:00:00+00:00,3.0,75,-1.0,13,13,0,0,0.0,0.0,0.0,0.0,18.1,42.1,0.0,1025.8
2025-12-25 19:00:00+00:00,2.6,81,-0.3,100,100,0,0,0.0,0.0,0.0,0.0,15.3,36.4,0.0,1026.1
2025-12-25 20:00:00+00:00,3.3,80,0.2,100,100,0,0,0.0,0.0,0.0,0.0,13.8,31.7,0.0,1026.3
2025-12-25 21:00:00+00:00,3.3,78,-0.1,100,100,0,0,0.0,0.0,0.0,0.0,15.3,31.7,0.0,1026.6
2025-12-25 22:00:00+00:00,2.8,78,-0.6,100,100,0,0,0.0,0.0,0.0,0.0,16.7,34.9,0.0,1027.0
2025-12-25 23:00:00+00:00,2.3,78,-1.0,84,84,0,0,0.0,0.0,0.0,0.0,15.7,34.6,0.0,1027.2
2025-12-26 00:00:00+00:00,1.8,78,-1.6,39,39,0,0,0.0,0.0,0.0,0.0,13.9,33.1,0.0,1027.6
2025-12-26 01:00:00+00:00,1.4,79,-2.0,9,9,0,0,0.0,0.0,0.0,0.0,12.5,28.1,0.0,1027.7
2025-12-26 02:00:00+00:00,0.6,83,-2.0,0,0,0,0,0.0,0.0,0.0,0.0,11.3,25.6,0.0,1027.8
2025-12-26 03:00:00+00:00,0.2,85,-2.0,0,0,0,0,0.0,0.0,0.0,0.0,11.6,23.0,0.0,1027.7
2025-12-26 04:00:00+00:00,0.1,88,-1.7,1,1,0,0,0.0,0.0,0.0,0.0,11.1,22.7,0.0,1027.5
2025-12-26 05:00:00+00:00,0.2,90,-1.2,73,73,0,0,0.0,0.0,0.0,0.0,10.1,21.2,0.0,1027.3
2025-12-26 06:00:00+00:00,1.4,91,0.1,49,49,0,0,0.0,0.0,0.0,0.0,11.9,21.2,0.0,1027.1
2025-12-26 07:00:00+00:00,2.3,89,0.8,41,41,0,0,0.0,0.0,0.0,0.0,13.2,25.6,0.0,1027.5
2025-12-26 08:00:00+00:00,2.4,90,0.9,95,95,0,6,0.0,0.0,0.0,0.0,13.2,25.6,0.0,1027.9
2025-12-26 09:00:00+00:00,3.2,87,1.2,66,66,0,0,13.0,1.0,17.2,12.0,13.9,27.7,0.0,1027.9
2025-12-26 10:00:00+00:00,4.1,84,1.6,97,97,0,0,76.0,24.0,171.2,52.0,12.9,32.4,0.0,1028.3
2025-12-26 11:00:00+00:00,4.6,81,1.6,93,93,0,0,96.0,8.0,36.5,88.0,19.8,42.5,0.0,1028.3
2025-12-26 12:00:00+00:00,5.3,80,2.2,100,100,0,0,131.0,35.0,133.5,96.0,19.1,42.1,0.0,1027.8
2025-12-26 13:00:00+00:00,5.8,78,2.2,100,100,0,0,116.0,14.0,52.5,102.0,18.3,40.7,0.0,1027.7
2025-12-26 14:00:00+00:00,6.0,76,2.1,90,90,0,0,91.0,6.0,25.9,85.0,18.3,42.5,0.0,1028.0
2025-12-26 15:00:00+00:00,5.9,78,2.4,66,66,0,0,65.0,8.0,49.9,57.0,14.2,39.2,0.0,1028.2
2025-12-26 16:00:00+00:00,5.2,82,2.2,48,48,0,0,24.0,8.0,113.3,16.0,12.6,29.9,0.0,1028.6
2025-12-26 17:00:00+00:00,4.6,85,2.2,22,22,0,0,0.0,0.0,0.0,0.0,12.4,25.6,0.0,1029.4
2025-12-26 18:00:00+00:00,4.2,86,2.1,9,9,0,0,0.0,0.0,0.0,0.0,13.9,25.2,0.0,1029.7
2025-12-26 19:00:00+00:00,3.8,89,2.2,3,3,0,0,0.0,0.0,0.0,0.0,12.9,27.0,0.0,1030.3
2025-12-26 20:00:00+00:00,3.3,92,2.1,2,2,0,0,0.0,0.0,0.0,0.0,12.5,24.8,0.0,1030.9
2025-12-26 21:00:00+00:00,3.0,93,2.0,25,7,0,19,0.0,0.0,0.0,0.0,12.3,23.8,0.0,1031.3
2025-12-26 22:00:00+00:00,2.7,94,1.8,37,7,0,32,0.0,0.0,0.0,0.0,12.2,23.8,0.0,1031.5
2025-12-26 23:00:00+00:00,2.3,95,1.6,5,5,0,1,0.0,0.0,0.0,0.0,12.0,23.4,0.0,1031.8
2025-12-27 00:00:00+00:00,2.7,94,1.8,1,1,0,0,0.0,0.0,0.0,0.0,12.4,22.7,0.0,1031.8
2025-12-27 01:00:00+00:00,2.5,95,1.8,3,3,0,0,0.0,0.0,0.0,0.0,12.8,23.8,0.0,1031.8
2025-12-27 02:00:00+00:00,2.4,96,1.8,14,9,0,6,0.0,0.0,0.0,0.0,13.7,25.9,0.0,1032.1
2025-12-27 03:00:00+00:00,2.3,96,1.8,7,7,0,0,0.0,0.0,0.0,0.0,14.5,27.4,0.0,1032.4
2025-12-27 04:00:00+00:00,2.2,96,1.6,4,4,0,0,0.0,0.0,0.0,0.0,14.3,27.4,0.0,1032.4
2025-12-27 05:00:00+00:00,2.0,96,1.4,2,2,0,0,0.0,0.0,0.0,0.0,14.4,27.0,0.0,1032.2
2025-12-27 06:00:00+00:00,2.3,96,1.7,1,1,0,0,0.0,0.0,0.0,0.0,16.1,28.8,0.0,1032.1
2025-12-27 07:00:00+00:00,2.0,95,1.4,0,0,0,0,0.0,0.0,0.0,0.0,16.3,31.0,0.0,1032.2
2025-12-27 08:00:00+00:00,1.9,94,1.1,0,0,0,0,0.0,0.0,0.0,0.0,16.9,31.7,0.0,1032.5
2025-12-27 09:00:00+00:00,2.2,90,0.9,0,0,0,0,20.0,10.0,172.1,10.0,18.8,35.3,0.0,1033.0
2025-12-27 10:00:00+00:00,3.5,81,0.6,0,0,0,0,106.0,70.0,499.9,36.0,20.4,41.0,0.0,1033.3
2025-12-27 11:00:00+00:00,5.1,75,1.0,0,0,0,0,189.0,140.0,638.3,49.0,14.5,42.1,0.0,1033.1
2025-12-27 12:00:00+00:00,6.8,72,2.2,0,0,0,0,236.0,183.0,696.5,53.0,18.4,41.8,0.0,1032.5
2025-12-27 13:00:00+00:00,7.2,77,3.4,9,9,0,0,238.0,184.0,688.1,54.0,21.0,44.3,0.0,1031.7
2025-12-27 14:00:00+00:00,7.2,79,3.8,12,12,0,0,193.0,140.0,601.1,53.0,18.9,44.3,0.0,1031.7
2025-12-27 15:00:00+00:00,6.9,80,3.7,8,8,0,0,116.0,74.0,457.8,42.0,19.3,41.8,0.0,1032.2
2025-12-27 16:00:00+00:00,6.2,84,3.7,22,22,0,0,34.0,18.0,252.0,16.0,19.9,41.4,0.0,1032.4
2025-12-27 17:00:00+00:00,5.9,86,3.8,49,49,0,0,0.0,0.0,0.0,0.0,18.7,41.0,0.0,1032.9
2025-12-27 18:00:00+00:00,6.1,83,3.5,15,15,0,0,0.0,0.0,0.0,0.0,18.9,37.8,0.0,1033.0
2025-12-27 19:00:00+00:00,6.0,85,3.7,4,4,0,0,0.0,0.0,0.0,0.0,19.0,39.2,0.0,1033.1
2025-12-27 20:00:00+00:00,5.8,86,3.7,6,6,0,0,0.0,0.0,0.0,0.0,17.4,38.9,0.0,1033.4
2025-12-27 21:00:00+00:00,5.7,88,3.9,14,14,0,0,0.0,0.0,0.0,0.0,15.6,34.9,0.0,1033.6
2025-12-27 22:00:00+00:00,5.7,90,4.2,100,100,0,0,0.0,0.0,0.0,0.0,14.4,31.3,0.0,1033.7
2025-12-27 23:00:00+00:00,6.6,90,4.9,100,100,0,0,0.0,0.0,0.0,0.0,13.7,29.2,0.0,1033.6
2025-12-28 00:00:00+00:00,6.9,90,5.3,100,100,0,9,0.0,0.0,0.0,0.0,14.5,27.7,0.0,1033.4
2025-12-28 01:00:00+00:00,6.7,89,4.9,100,100,0,1,0.0,0.0,0.0,0.0,15.1,31.0,0.0,1033.4
2025-12-28 02:00:00+00:00,6.6,86,4.5,93,88,0,41,0.0,0.0,0.0,0.0,15.0,31.0,0.0,1033.2
2025-12-28 03:00:00+00:00,6.4,87,4.3,98,98,0,1,0.0,0.0,0.0,0.0,14.9,31.0,0.0,1033.0
2025-12-28 04:00:00+00:00,6.3,88,4.6,100,100,0,0,0.0,0.0,0.0,0.0,14.7,30.6,0.0,1033.0
2025-12-28 05:00:00+00:00,6.4,86,4.2,98,98,0,0,0.0,0.0,0.0,0.0,15.0,30.6,0.0,1032.7
2025-12-28 06:00:00+00:00,6.3,84,3.8,65,65,0,0,0.0,0.0,0.0,0.0,15.3,31.0,0.0,1032.6
2025-12-28 07:00:00+00:00,5.9,82,3.1,41,41,0,0,0.0,0.0,0.0,0.0,14.8,31.3,0.0,1032.8
2025-12-28 08:00:00+00:00,5.4,82,2.5,39,39,0,0,0.0,0.0,0.0,0.0,13.9,30.2,0.0,1032.9
2025-12-28 09:00:00+00:00,5.5,82,2.6,36,36,0,0,16.0,6.0,103.4,10.0,13.4,27.7,0.0,1033.0
2025-12-28 10:00:00+00:00,6.2,79,3.0,48,48,0,0,86.0,46.0,328.6,40.0,15.4,30.2,0.0,1032.8
2025-12-28 11:00:00+00:00,7.1,77,3.3,41,41,0,0,148.0,78.0,355.2,70.0,13.0,32.8,0.0,1032.3
2025-12-28 12:00:00+00:00,7.1,75,3.0,55,55,0,0,199.0,117.0,444.3,82.0,19.6,38.9,0.0,1031.9
2025-12-28 13:00:00+00:00,7.1,75,3.0,99,99,0,0,169.0,91.0,339.1,78.0,19.2,42.1,0.0,1031.1
2025-12-28 14:00:00+00:00,6.9,75,2.8,100,100,0,0,108.0,20.0,85.4,88.0,16.7,44.3,0.0,1030.5
2025-12-28 15:00:00+00:00,6.8,76,3.0,96,96,0,0,59.0,7.0,42.9,52.0,13.5,34.9,0.0,1030.4
2025-12-28 16:00:00+00:00,6.3,77,2.7,99,99,0,0,16.0,3.0,41.5,13.0,12.0,28.1,0.0,1030.3
2025-12-28 17:00:00+00:00,6.2,78,2.7,90,90,0,0,0.0,0.0,0.0,0.0,12.5,25.6,0.0,1030.1
2025-12-28 18:00:00+00:00,5.9,79,2.6,100,100,0,0,0.0,0.0,0.0,0.0,12.8,25.6,0.0,1030.1
2025-12-28 19:00:00+00:00,5.7,80,2.5,70,70,0,0,0.0,0.0,0.0,0.0,12.9,25.9,0.0,1030.0
2025-12-28 20:00:00+00:00,5.6,80,2.5,26,26,0,0,0.0,0.0,0.0,0.0,12.8,26.3,0.0,1029.7
2025-12-28 21:00:00+00:00,4.6,85,2.2,7,7,0,0,0.0,0.0,0.0,0.0,10.9,25.9,0.0,1029.5
2025-12-28 22:00:00+00:00,3.6,90,2.1,38,38,0,0,0.0,0.0,0.0,0.0,10.5,21.2,0.0,1029.1
2025-12-28 23:00:00+00:00,3.4,92,2.2,67,67,0,0,0.0,0.0,0.0,0.0,10.4,20.2,0.0,1029.1
2025-12-29 00:00:00+00:00,4.4,89,2.7,35,35,0,0,0.0,0.0,0.0,0.0,10.9,21.2,0.0,1028.7
2025-12-29 01:00:00+00:00,4.1,92,2.8,32,32,0,0,0.0,0.0,0.0,0.0,12.2,23.8,0.0,1028.4
2025-12-29 02:00:00+00:00,3.6,93,2.6,77,15,0,73,0.0,0.0,0.0,0.0,13.5,25.9,0.0,1028.3
2025-12-29 03:00:00+00:00,3.5,93,2.4,52,5,0,50,0.0,0.0,0.0,0.0,13.9,27.0,0.0,1028.4
2025-12-29 04:00:00+00:00,3.0,93,2.1,3,3,0,0,0.0,0.0,0.0,0.0,13.9,27.0,0.0,1028.2
2025-12-29 05:00:00+00:00,2.7,93,1.8,4,4,0,0,0.0,0.0,0.0,0.0,14.4,27.7,0.0,1028.1
2025-12-29 06:00:00+00:00,2.8,91,1.5,0,0,0,0,0.0,0.0,0.0,0.0,15.2,27.7,0.0,1028.0
2025-12-29 07:00:00+00:00,2.8,91,1.4,2,2,0,0,0.0,0.0,0.0,0.0,14.5,29.2,0.0,1028.4
2025-12-29 08:00:00+00:00,2.6,91,1.3,2,2,0,0,0.0,0.0,0.0,0.0,14.3,28.1,0.0,1028.7
2025-12-29 09:00:00+00:00,3.0,90,1.4,3,3,0,0,20.0,10.0,172.4,10.0,14.3,27.7,0.0,1029.0
2025-12-29 10:00:00+00:00,4.2,84,1.8,5,5,0,0,106.0,68.0,485.4,38.0,13.0,28.4,0.0,1029.0
2025-12-29 11:00:00+00:00,5.6,78,2.0,16,16,0,0,187.0,134.0,609.1,53.0,12.4,28.8,0.0,1028.7
2025-12-29 12:00:00+00:00,5.4,78,2.0,67,67,0,0,222.0,154.0,583.1,68.0,15.4,31.3,0.0,1028.7
2025-12-29 13:00:00+00:00,5.8,74,1.6,84,84,0,0,180.0,84.0,311.8,96.0,14.8,35.6,0.0,1028.3
2025-12-29 14:00:00+00:00,5.9,71,1.0,87,87,0,0,128.0,40.0,169.8,88.0,15.1,36.4,0.0,1028.0
2025-12-29 15:00:00+00:00,5.6,72,0.9,84,84,0,0,67.0,16.0,97.1,51.0,12.6,34.9,0.0,1028.0
2025-12-29 16:00:00+00:00,5.0,75,0.9,98,98,0,0,21.0,6.0,81.9,15.0,10.4,26.6,0.0,1028.2
2025-12-29 17:00:00+00:00,5.0,76,1.2,88,88,0,0,0.0,0.0,0.0,0.0,12.1,24.5,0.0,1028.5
2025-12-29 18:00:00+00:00,4.7,77,1.0,93,93,0,0,0.0,0.0,0.0,0.0,12.4,25.9,0.0,1028.9
2025-12-29 19:00:00+00:00,4.8,78,1.2,100,100,0,0,0.0,0.0,0.0,0.0,12.3,25.2,0.0,1029.3
2025-12-29 20:00:00+00:00,5.0,77,1.4,78,78,0,0,0.0,0.0,0.0,0.0,13.1,27.0,0.0,1029.5
2025-12-29 21:00:00+00:00,5.0,77,1.3,100,100,0,0,0.0,0.0,0.0,0.0,10.5,27.0,0.0,1029.8
2025-12-29 22:00:00+00:00,4.9,80,1.7,98,98,0,0,0.0,0.0,0.0,0.0,8.2,20.9,0.0,1030.0
2025-12-29 23:00:00+00:00,4.8,84,2.2,91,91,0,0,0.0,0.0,0.0,0.0,9.0,17.3,0.0,1030.2
2025-12-30 00:00:00+00:00,5.2,88,3.5,100,100,0,0,0.0,0.0,0.0,0.0,10.6,20.9,0.0,1030.6
2025-12-30 01:00:00+00:00,5.4,89,3.8,100,100,0,0,0.0,0.0,0.0,0.0,12.1,24.1,0.0,1030.7
2025-12-30 02:00:00+00:00,5.5,89,3.8,94,94,0,0,0.0,0.0,0.0,0.0,12.9,26.3,0.0,1031.0
2025-12-30 03:00:00+00:00,5.3,88,3.5,56,56,0,0,0.0,0.0,0.0,0.0,13.9,28.4,0.0,1031.1
2025-12-30 04:00:00+00:00,4.9,86,2.8,65,65,0,0,0.0,0.0,0.0,0.0,14.4,29.2,0.0,1031.3
2025-12-30 05:00:00+00:00,4.9,84,2.5,58,58,0,0,0.0,0.0,0.0,0.0,15.5,31.3,0.0,1031.4
2025-12-30 06:00:00+00:00,3.9,88,2.1,84,84,0,0,0.0,0.0,0.0,0.0,16.3,31.3,0.0,1031.9
2025-12-30 07:00:00+00:00,3.8,86,1.5,99,99,0,0,0.0,0.0,0.0,0.0,15.0,32.8,0.0,1032.4
2025-12-30 08:00:00+00:00,4.0,83,1.2,91,91,0,0,0.0,0.0,0.0,0.0,15.8,32.0,0.0,1033.2
2025-12-30 09:00:00+00:00,3.9,83,1.2,100,100,0,0,11.0,2.0,34.4,9.0,16.1,32.8,0.0,1033.7
2025-12-30 10:00:00+00:00,4.7,76,0.9,100,100,0,0,45.0,2.0,14.3,43.0,17.7,37.4,0.0,1034.3
2025-12-30 11:00:00+00:00,4.9,77,1.2,100,100,0,0,87.0,6.0,27.2,81.0,13.5,36.0,0.0,1034.5
2025-12-30 12:00:00+00:00,6.0,70,0.9,5,5,0,0,115.0,30.0,113.2,85.0,15.7,29.9,0.0,1034.0
2025-12-30 13:00:00+00:00,6.3,64,0.0,14,12,2,3,239.0,177.0,654.2,62.0,14.6,34.6,0.0,1033.6
2025-12-30 14:00:00+00:00,6.2,65,0.2,31,12,3,22,201.0,144.0,607.6,57.0,14.7,32.0,0.0,1033.5
2025-12-30 15:00:00+00:00,5.7,69,0.4,57,5,2,55,128.0,85.0,510.5,43.0,12.8,31.7,0.0,1033.7
2025-12-30 16:00:00+00:00,4.3,74,0.2,61,6,2,59,40.0,21.0,282.9,19.0,12.6,26.6,0.0,1033.9
2025-12-30 17:00:00+00:00,3.5,78,0.1,10,2,0,8,0.0,0.0,0.0,0.0,12.8,25.2,0.0,1034.0
2025-12-30 18:00:00+00:00,2.5,81,-0.4,34,8,1,29,0.0,0.0,0.0,0.0,12.6,24.8,0.0,1034.1
2025-12-30 19:00:00+00:00,2.3,85,0.1,54,8,1,50,0.0,0.0,0.0,0.0,13.8,25.9,0.0,1034.1
2025-12-30 20:00:00+00:00,2.0,89,0.3,7,1,0,5,0.0,0.0,0.0,0.0,14.9,28.8,0.0,1034.2
2025-12-30 21:00:00+00:00,1.6,91,0.4,98,0,0,98,0.0,0.0,0.0,0.0,14.1,28.8,0.0,1034.3
2025-12-30 22:00:00+00:00,1.2,93,0.2,8,0,0,8,0.0,0.0,0.0,0.0,13.2,27.0,0.0,1034.3
2025-12-30 23:00:00+00:00,0.9,94,0.1,0,0,0,0,0.0,0.0,0.0,0.0,12.6,24.8,0.0,1034.3
2025-12-31 00:00:00+00:00,0.4,93,-0.6,0,0,0,0,0.0,0.0,0.0,0.0,12.9,23.8,0.0,1034.2
2025-12-31 01:00:00+00:00,0.0,94,-0.9,3,1,3,0,0.0,0.0,0.0,0.0,12.1,24.1,0.0,1034.0
2025-12-31 02:00:00+00:00,-0.2,94,-1.0,5,4,5,0,0.0,0.0,0.0,0.0,11.4,22.7,0.0,1033.6
2025-12-31 03:00:00+00:00,-0.3,95,-1.1,0,0,0,0,0.0,0.0,0.0,0.0,10.7,21.2,0.0,1033.1
2025-12-31 04:00:00+00:00,-0.6,95,-1.3,0,0,0,0,0.0,0.0,0.0,0.0,9.7,19.8,0.0,1032.8
2025-12-31 05:00:00+00:00,-0.9,95,-1.5,0,0,0,0,0.0,0.0,0.0,0.0,9.0,18.0,0.0,1032.3
2025-12-31 06:00:00+00:00,-1.2,96,-1.7,0,0,0,0,0.0,0.0,0.0,0.0,8.7,16.6,0.0,1032.4
2025-12-31 07:00:00+00:00,-1.7,97,-2.2,0,0,0,0,0.0,0.0,0.0,0.0,7.3,15.8,0.0,1032.3
2025-12-31 08:00:00+00:00,-1.9,97,-2.3,0,0,0,0,0.0,0.0,0.0,0.0,7.4,14.0,0.0,1032.5
2025-12-31 09:00:00+00:00,-1.5,97,-1.8,0,0,0,0,20.0,9.0,154.6,11.0,7.7,14.4,0.0,1032.2
2025-12-31 10:00:00+00:00,-0.2,95,-0.9,2,2,0,0,105.0,68.0,483.4,37.0,6.8,15.8,0.0,1031.8
2025-12-31 11:00:00+00:00,1.1,92,0.0,5,5,0,0,186.0,133.0,601.3,53.0,5.3,15.1,0.0,1031.4
2025-12-31 12:00:00+00:00,2.0,89,0.3,0,0,0,0,238.0,181.0,680.6,57.0,4.6,14.0,0.0,1030.6
2025-12-31 13:00:00+00:00,2.7,88,0.8,0,0,0,0,245.0,188.0,691.5,57.0,3.6,12.6,0.0,1029.5
2025-12-31 14:00:00+00:00,2.8,87,0.8,7,7,0,0,208.0,156.0,653.9,52.0,4.7,11.5,0.0,1028.8
2025-12-31 15:00:00+00:00,2.0,91,0.7,30,30,0,0,131.0,86.0,510.9,45.0,4.8,11.5,0.0,1028.4
2025-12-31 16:00:00+00:00,0.6,94,-0.2,48,48,0,0,39.0,18.0,239.2,21.0,7.2,12.6,0.0,1028.1
2025-12-31 17:00:00+00:00,-0.4,97,-0.9,75,75,0,0,0.0,0.0,0.0,0.0,8.3,15.1,0.0,1027.4
2025-12-31 18:00:00+00:00,-1.1,98,-1.4,68,68,0,0,0.0,0.0,0.0,0.0,9.3,16.9,0.0,1026.8
2025-12-31 19:00:00+00:00,-1.5,99,-1.6,100,100,0,0,0.0,0.0,0.0,0.0,8.8,17.3,0.0,1026.3
2025-12-31 20:00:00+00:00,-1.9,100,-2.0,100,100,0,0,0.0,0.0,0.0,0.0,8.4,17.6,0.0,1025.7
2025-12-31 21:00:00+00:00,-2.0,99,-2.2,99,99,0,0,0.0,0.0,0.0,0.0,8.7,17.3,0.0,1024.9
2025-12-31 22:00:00+00:00,-2.0,99,-2.2,57,57,0,0,0.0,0.0,0.0,0.0,9.7,16.9,0.0,1023.6
2025-12-31 23:00:00+00:00,-1.8,97,-2.1,0,0,0,0,0.0,0.0,0.0,0.0,11.2,21.2,0.0,1022.4
2026-01-01 00:00:00+00:00,-1.9,97,-2.2,91,91,0,0,0.0,0.0,0.0,0.0,12.2,22.0,0.0,1021.5
2026-01-01 01:00:00+00:00,-2.0,95,-2.7,21,21,0,0,0.0,0.0,0.0,0.0,11.4,23.0,0.0,1020.7
2026-01-01 02:00:00+00:00,-1.6,92,-2.7,100,100,0,55,0.0,0.0,0.0,0.0,11.8,22.3,0.0,1019.9
2026-01-01 03:00:00+00:00,0.1,87,-1.9,97,82,0,84,0.0,0.0,0.0,0.0,11.6,23.0,0.0,1019.0
2026-01-01 04:00:00+00:00,0.6,87,-1.2,98,92,0,69,0.0,0.0,0.0,0.0,12.0,22.7,0.0,1017.6
2026-01-01 05:00:00+00:00,1.0,88,-0.7,100,100,0,65,0.0,0.0,0.0,0.0,13.4,25.6,0.0,1016.4
2026-01-01 06:00:00+00:00,1.5,88,-0.2,100,100,0,88,0.0,0.0,0.0,0.0,15.0,27.4,0.0,1015.2
2026-01-01 07:00:00+00:00,1.9,88,0.0,90,5,0,89,0.0,0.0,0.0,0.0,14.7,29.9,0.0,1014.8
2026-01-01 08:00:00+00:00,0.6,93,-0.3,93,1,0,93,0.0,0.0,0.0,0.0,13.4,28.8,0.0,1014.2
2026-01-01 09:00:00+00:00,0.7,93,-0.3,95,3,0,94,20.0,9.0,154.1,11.0,14.5,27.4,0.0,1014.0
2026-01-01 10:00:00+00:00,2.5,86,0.3,87,8,6,85,98.0,51.0,361.2,47.0,14.9,29.9,0.0,1013.4
2026-01-01 11:00:00+00:00,4.6,79,1.3,52,12,0,45,181.0,119.0,536.1,62.0,17.9,37.4,0.0,1012.8
2026-01-01 12:00:00+00:00,5.6,82,2.7,97,24,0,95,228.0,161.0,602.9,67.0,13.2,38.9,0.0,1011.4
2026-01-01 13:00:00+00:00,6.2,81,3.2,100,12,2,100,219.0,128.0,468.4,91.0,13.7,29.9,0.0,1010.5
2026-01-01 14:00:00+00:00,6.3,81,3.3,100,30,3,100,173.0,86.0,358.0,87.0,16.5,34.6,0.0,1009.9
2026-01-01 15:00:00+00:00,5.8,83,3.2,100,6,0,100,100.0,29.0,170.3,71.0,15.0,34.2,0.0,1009.5
2026-01-01 16:00:00+00:00,4.2,90,2.8,100,2,1,100,32.0,5.0,65.5,27.0,14.2,30.6,0.0,1009.4
2026-01-01 17:00:00+00:00,3.0,93,2.0,69,0,1,69,0.0,0.0,0.0,0.0,14.4,27.7,0.0,1009.3
2026-01-01 18:00:00+00:00,2.7,90,1.2,50,0,1,50,0.0,0.0,0.0,0.0,14.9,28.4,0.0,1009.0
2026-01-01 19:00:00+00:00,2.3,91,1.1,51,0,0,50,0.0,0.0,0.0,0.0,16.0,30.2,0.0,1009.0
2026-01-01 20:00:00+00:00,2.2,92,1.0,0,0,0,0,0.0,0.0,0.0,0.0,16.6,31.7,0.0,1008.9
2026-01-01 21:00:00+00:00,2.4,91,1.0,15,6,1,9,0.0,0.0,0.0,0.0,17.8,34.2,0.0,1009.0
2026-01-01 22:00:00+00:00,2.4,90,0.9,32,6,0,27,0.0,0.0,0.0,0.0,17.5,34.2,0.0,1008.9
2026-01-01 23:00:00+00:00,2.2,90,0.8,24,1,2,22,0.0,0.0,0.0,0.0,17.0,33.8,0.0,1009.0
2026-01-02 00:00:00+00:00,2.5,87,0.5,0,0,0,0,0.0,0.0,0.0,0.0,16.9,32.8,0.0,1008.9
2026-01-02 01:00:00+00:00,1.8,89,0.2,0,0,0,0,0.0,0.0,0.0,0.0,15.0,32.4,0.0,1008.5
2026-01-02 02:00:00+00:00,1.3,91,0.1,0,0,0,0,0.0,0.0,0.0,0.0,15.2,28.8,0.0,1008.0
2026-01-02 03:00:00+00:00,1.3,91,0.1,27,0,27,0,0.0,0.0,0.0,0.0,15.8,29.9,0.0,1007.7
2026-01-02 04:00:00+00:00,1.6,92,0.4,10,7,7,0,0.0,0.0,0.0,0.0,16.9,32.4,0.0,1007.0
2026-01-02 05:00:00+00:00,2.1,92,0.9,40,2,39,0,0.0,0.0,0.0,0.0,18.4,36.0,0.0,1006.4
2026-01-02 06:00:00+00:00,3.0,89,1.4,100,32,100,0,0.0,0.0,0.0,0.0,19.2,40.3,0.2,1006.2
2026-01-02 07:00:00+00:00,3.4,89,1.8,79,16,74,0,0.0,0.0,0.0,0.0,19.1,38.5,0.0,1006.1
2026-01-02 08:00:00+00:00,2.8,91,1.5,100,70,100,0,0.0,0.0,0.0,0.0,16.1,37.4,0.1,1006.9
2026-01-02 09:00:00+00:00,2.8,91,1.5,92,9,91,0,5.0,0.0,0.0,5.0,13.5,31.0,0.1,1007.4
2026-01-02 10:00:00+00:00,3.0,89,1.4,7,2,5,0,44.0,8.0,56.4,36.0,13.7,27.7,0.0,1007.8
2026-01-02 11:00:00+00:00,3.7,79,0.4,11,11,0,0,192.0,140.0,628.0,52.0,15.3,34.9,0.0,1008.1
2026-01-02 12:00:00+00:00,3.8,74,-0.4,28,16,24,0,235.0,176.0,656.0,59.0,15.6,35.6,0.0,1008.4
2026-01-02 13:00:00+00:00,3.9,71,-0.9,13,8,12,0,222.0,160.0,582.2,62.0,17.4,41.8,0.1,1008.5
2026-01-02 14:00:00+00:00,3.8,63,-2.5,1,1,0,0,203.0,144.0,594.9,59.0,16.6,40.3,0.0,1008.5
2026-01-02 15:00:00+00:00,3.2,64,-3.0,0,0,0,0,143.0,100.0,580.5,43.0,15.5,35.6,0.0,1008.9
2026-01-02 16:00:00+00:00,2.0,67,-3.5,0,0,0,0,48.0,28.0,361.3,20.0,14.5,32.0,0.0,1009.3
2026-01-02 17:00:00+00:00,1.0,72,-3.5,0,0,0,0,0.0,0.0,0.0,0.0,14.1,28.8,0.0,1009.8
2026-01-02 18:00:00+00:00,0.9,73,-3.4,0,0,0,0,0.0,0.0,0.0,0.0,13.9,27.4,0.0,1010.1
2026-01-02 19:00:00+00:00,0.1,76,-3.6,0,0,0,0,0.0,0.0,0.0,0.0,12.0,26.3,0.0,1010.4
2026-01-02 20:00:00+00:00,-0.3,79,-3.6,0,0,0,0,0.0,0.0,0.0,0.0,12.6,23.4,0.0,1010.2
2026-01-02 21:00:00+00:00,-0.4,80,-3.5,0,0,0,0,0.0,0.0,0.0,0.0,14.1,26.6,0.0,1010.3
2026-01-02 22:00:00+00:00,-0.3,82,-3.0,0,0,0,0,0.0,0.0,0.0,0.0,14.9,28.1,0.0,1010.3
2026-01-02 23:00:00+00:00,0.0,83,-2.6,0,0,0,0,0.0,0.0,0.0,0.0,15.9,30.2,0.0,1010.4
2026-01-03 00:00:00+00:00,0.6,81,-2.3,2,2,0,0,0.0,0.0,0.0,0.0,17.3,34.2,0.0,1010.3
2026-01-03 01:00:00+00:00,0.6,84,-1.8,1,1,0,0,0.0,0.0,0.0,0.0,16.7,33.8,0.0,1010.2
2026-01-03 02:00:00+00:00,0.4,87,-1.5,0,0,0,0,0.0,0.0,0.0,0.0,15.4,32.8,0.0,1009.9
2026-01-03 03:00:00+00:00,0.2,89,-1.5,1,0,1,0,0.0,0.0,0.0,0.0,16.0,31.0,0.0,1010.1
2026-01-03 04:00:00+00:00,0.1,87,-1.8,3,0,3,0,0.0,0.0,0.0,0.0,16.3,31.7,0.0,1009.9
2026-01-03 05:00:00+00:00,-0.1,87,-2.0,1,1,0,0,0.0,0.0,0.0,0.0,15.8,31.7,0.0,1009.7
2026-01-03 06:00:00+00:00,-0.2,89,-1.8,3,2,2,0,0.0,0.0,0.0,0.0,15.2,31.3,0.0,1009.9
2026-01-03 07:00:00+00:00,-0.2,88,-2.0,0,0,0,0,0.0,0.0,0.0,0.0,15.0,29.9,0.0,1010.4
2026-01-03 08:00:00+00:00,-0.5,88,-2.2,0,0,0,0,0.0,0.0,0.0,0.0,15.1,29.5,0.0,1011.1
2026-01-03 09:00:00+00:00,-0.4,86,-2.5,0,0,0,0,21.0,11.0,186.3,10.0,14.7,29.5,0.0,1011.7
2026-01-03 10:00:00+00:00,0.6,82,-2.2,0,0,0,0,113.0,76.0,533.0,37.0,11.3,29.9,0.0,1011.9
2026-01-03 11:00:00+00:00,1.6,75,-2.3,0,0,0,0,201.0,152.0,678.6,49.0,13.8,29.5,0.0,1012.2
2026-01-03 12:00:00+00:00,2.9,68,-2.4,0,0,0,0,252.0,198.0,734.2,54.0,15.7,36.4,0.0,1012.1
2026-01-03 13:00:00+00:00,3.4,61,-3.4,0,0,0,0,260.0,205.0,741.4,55.0,17.8,38.5,0.0,1011.9
2026-01-03 14:00:00+00:00,3.4,61,-3.5,0,0,0,0,224.0,173.0,709.0,51.0,16.7,39.2,0.0,1012.1
2026-01-03 15:00:00+00:00,2.8,64,-3.2,0,0,0,0,146.0,104.0,596.3,42.0,15.3,36.0,0.0,1012.5
2026-01-03 16:00:00+00:00,1.5,71,-3.2,0,0,0,0,49.0,29.0,368.3,20.0,14.4,31.7,0.0,1013.0
2026-01-03 17:00:00+00:00,0.4,76,-3.3,0,0,0,0,0.0,0.0,0.0,0.0,13.6,28.8,0.0,1013.6
2026-01-03 18:00:00+00:00,-0.2,78,-3.7,0,0,0,0,0.0,0.0,0.0,0.0,13.1,26.3,0.0,1014.0
2026-01-03 19:00:00+00:00,-0.8,80,-3.7,0,0,0,0,0.0,0.0,0.0,0.0,12.3,24.5,0.0,1014.5
2026-01-03 20:00:00+00:00,-1.3,84,-3.7,0,0,0,0,0.0,0.0,0.0,0.0,12.5,23.4,0.0,1014.9
2026-01-03 21:00:00+00:00,-1.6,86,-3.8,0,0,0,0,0.0,0.0,0.0,0.0,12.5,24.1,0.0,1015.2
2026-01-03 22:00:00+00:00,-1.9,87,-3.8,0,0,0,0,0.0,0.0,0.0,0.0,12.8,24.1,0.0,1015.5
2026-01-03 23:00:00+00:00,-1.9,86,-4.0,0,0,0,0,0.0,0.0,0.0,0.0,13.4,25.6,0.0,1015.5
2026-01-04 00:00:00+00:00,-1.8,82,-4.4,0,0,0,0,0.0,0.0,0.0,0.0,12.8,25.6,0.0,1015.9
2026-01-04 01:00:00+00:00,-2.2,83,-4.7,0,0,0,0,0.0,0.0,0.0,0.0,11.3,24.1,0.0,1015.7
2026-01-04 02:00:00+00:00,-2.3,84,-4.8,0,0,0,0,0.0,0.0,0.0,0.0,10.8,21.2,0.0,1015.7
2026-01-04 03:00:00+00:00,-2.5,85,-4.8,0,0,0,0,0.0,0.0,0.0,0.0,10.5,20.2,0.0,1015.7
2026-01-04 04:00:00+00:00,-2.5,84,-4.8,0,0,0,0,0.0,0.0,0.0,0.0,9.7,19.4,0.0,1015.7
2026-01-04 05:00:00+00:00,-2.5,85,-4.8,0,0,0,0,0.0,0.0,0.0,0.0,9.9,18.4,0.0,1015.2
2026-01-04 06:00:00+00:00,-3.0,83,-5.6,0,0,0,0,0.0,0.0,0.0,0.0,9.5,18.4,0.0,1015.3
2026-01-04 07:00:00+00:00,-3.2,82,-5.8,0,0,0,0,0.0,0.0,0.0,0.0,9.3,17.3,0.0,1015.4
2026-01-04 08:00:00+00:00,-3.4,83,-5.9,0,0,0,0,0.0,0.0,0.0,0.0,8.6,16.6,0.0,1015.7
2026-01-04 09:00:00+00:00,-3.0,80,-5.9,0,0,0,0,21.0,11.0,185.0,10.0,9.3,16.6,0.0,1015.9
2026-01-04 10:00:00+00:00,-1.1,71,-5.8,2,0,2,0,112.0,75.0,522.7,37.0,9.1,17.3,0.0,1016.0
2026-01-04 11:00:00+00:00,0.8,63,-5.4,0,0,0,0,200.0,150.0,666.1,50.0,6.2,16.6,0.0,1015.7
2026-01-04 12:00:00+00:00,2.7,68,-2.8,0,0,0,0,252.0,197.0,726.4,55.0,6.8,16.2,0.0,1015.1
2026-01-04 13:00:00+00:00,3.5,66,-2.3,0,0,0,0,259.0,204.0,733.0,55.0,7.6,18.4,0.0,1014.6
2026-01-04 14:00:00+00:00,3.6,64,-2.7,0,0,0,0,223.0,171.0,694.9,52.0,8.2,19.4,0.0,1014.1
2026-01-04 15:00:00+00:00,2.6,71,-2.2,2,2,0,0,145.0,102.0,577.2,43.0,6.0,18.0,0.0,1013.9
2026-01-04 16:00:00+00:00,0.9,84,-1.5,0,0,0,0,49.0,27.0,337.4,22.0,9.0,15.5,0.0,1013.8
2026-01-04 17:00:00+00:00,-0.2,90,-1.6,16,0,16,0,0.0,0.0,0.0,0.0,10.8,19.8,0.0,1013.7
2026-01-04 18:00:00+00:00,-0.2,90,-1.8,16,1,15,0,0.0,0.0,0.0,0.0,11.3,19.8,0.0,1013.7
2026-01-04 19:00:00+00:00,-0.7,91,-2.0,63,2,20,61,0.0,0.0,0.0,0.0,11.2,20.5,0.0,1013.7
2026-01-04 20:00:00+00:00,-0.9,93,-2.0,95,0,42,95,0.0,0.0,0.0,0.0,10.4,20.5,0.0,1013.6
2026-01-04 21:00:00+00:00,-1.0,93,-2.0,26,0,24,12,0.0,0.0,0.0,0.0,10.5,19.1,0.0,1013.3
2026-01-04 22:00:00+00:00,-1.1,93,-2.1,5,0,5,0,0.0,0.0,0.0,0.0,10.0,19.1,0.0,1013.1
2026-01-04 23:00:00+00:00,-1.2,93,-2.2,5,0,1,4,0.0,0.0,0.0,0.0,9.4,18.4,0.0,1012.5
2026-01-05 00:00:00+00:00,-1.1,90,-2.5,14,0,10,5,0.0,0.0,0.0,0.0,10.3,17.3,0.0,1012.4
2026-01-05 01:00:00+00:00,-1.5,92,-2.8,8,0,5,2,0.0,0.0,0.0,0.0,10.3,18.7,0.0,1012.1
2026-01-05 02:00:00+00:00,-1.8,93,-2.8,9,0,1,9,0.0,0.0,0.0,0.0,10.4,19.1,0.0,1011.7
2026-01-05 03:00:00+00:00,-1.9,93,-2.8,64,14,14,56,0.0,0.0,0.0,0.0,10.0,19.4,0.0,1011.6
2026-01-05 04:00:00+00:00,-2.0,94,-2.9,99,99,23,36,0.0,0.0,0.0,0.0,8.5,18.4,0.0,1011.6
2026-01-05 05:00:00+00:00,-0.9,93,-1.9,88,64,73,2,0.0,0.0,0.0,0.0,9.9,18.0,0.0,1011.8
2026-01-05 06:00:00+00:00,-0.9,92,-2.0,5,2,3,0,0.0,0.0,0.0,0.0,11.5,18.7,0.0,1012.1
2026-01-05 07:00:00+00:00,-1.5,93,-2.5,0,0,0,0,0.0,0.0,0.0,0.0,11.4,21.2,0.0,1012.5
2026-01-05 08:00:00+00:00,-2.0,93,-3.1,0,0,0,0,0.0,0.0,0.0,0.0,11.5,21.6,0.0,1013.3
2026-01-05 09:00:00+00:00,-2.2,92,-3.2,0,0,0,0,22.0,12.0,200.2,10.0,11.1,21.6,0.0,1013.8
2026-01-05 10:00:00+00:00,-0.9,86,-2.8,0,0,0,0,117.0,80.0,553.6,37.0,10.8,21.6,0.0,1014.2
2026-01-05 11:00:00+00:00,0.4,76,-3.3,0,0,0,0,205.0,157.0,693.0,48.0,10.1,23.0,0.0,1014.5
2026-01-05 12:00:00+00:00,1.8,74,-2.3,0,0,0,0,257.0,203.0,744.0,54.0,11.4,27.0,0.0,1014.5
2026-01-05 13:00:00+00:00,2.2,71,-2.5,0,0,0,0,267.0,213.0,760.0,54.0,12.9,28.8,0.0,1014.4
2026-01-05 14:00:00+00:00,2.1,71,-2.7,0,0,0,0,229.0,178.0,716.8,51.0,13.3,29.5,0.0,1014.5
2026-01-05 15:00:00+00:00,1.4,73,-3.0,0,0,0,0,152.0,110.0,614.1,42.0,14.7,30.2,0.0,1015.3
2026-01-05 16:00:00+00:00,0.0,76,-3.8,0,0,0,0,53.0,32.0,393.1,21.0,14.6,30.2,0.0,1015.8
2026-01-05 17:00:00+00:00,-1.0,79,-4.2,0,0,0,0,1.0,0.0,0.0,1.0,14.4,28.8,0.0,1016.4
2026-01-05 18:00:00+00:00,-1.2,80,-4.3,0,0,0,0,0.0,0.0,0.0,0.0,13.8,28.1,0.0,1016.9
2026-01-05 19:00:00+00:00,-1.6,82,-4.3,0,0,0,0,0.0,0.0,0.0,0.0,12.8,25.9,0.0,1017.7
2026-01-05 20:00:00+00:00,-1.9,84,-4.2,0,0,0,0,0.0,0.0,0.0,0.0,11.3,24.5,0.0,1018.3
2026-01-05 21:00:00+00:00,-2.2,86,-4.2,0,0,0,0,0.0,0.0,0.0,0.0,10.2,21.2,0.0,1018.8
2026-01-05 22:00:00+00:00,-2.5,88,-4.2,0,0,0,0,0.0,0.0,0.0,0.0,10.1,19.1,0.0,1019.2
2026-01-05 23:00:00+00:00,-2.6,87,-4.4,5,0,0,5,0.0,0.0,0.0,0.0,9.6,19.1,0.0,1019.6
2026-01-06 00:00:00+00:00,-3.3,87,-5.1,0,0,0,0,0.0,0.0,0.0,0.0,9.7,18.0,0.0,1019.8
2026-01-06 01:00:00+00:00,-3.7,88,-5.3,8,0,0,8,0.0,0.0,0.0,0.0,10.3,19.1,0.0,1019.8
2026-01-06 02:00:00+00:00,-3.8,89,-5.4,27,0,0,27,0.0,0.0,0.0,0.0,9.4,19.4,0.0,1019.6
2026-01-06 03:00:00+00:00,-3.9,89,-5.5,20,0,0,20,0.0,0.0,0.0,0.0,9.0,17.6,0.0,1019.5
2026-01-06 04:00:00+00:00,-3.8,87,-5.7,19,0,0,19,0.0,0.0,0.0,0.0,9.1,17.6,0.0,1019.6
2026-01-06 05:00:00+00:00,-3.6,85,-5.8,17,0,0,17,0.0,0.0,0.0,0.0,8.0,16.6,0.0,1019.2
2026-01-06 06:00:00+00:00,-4.0,81,-6.7,0,0,0,0,0.0,0.0,0.0,0.0,7.6,14.8,0.0,1019.5
2026-01-06 07:00:00+00:00,-4.2,85,-6.4,0,0,0,0,0.0,0.0,0.0,0.0,7.5,13.7,0.0,1019.4
2026-01-06 08:00:00+00:00,-4.1,90,-5.5,97,23,94,48,0.0,0.0,0.0,0.0,7.8,14.0,0.0,1019.4
2026-01-06 09:00:00+00:00,-2.5,91,-3.7,100,99,100,79,10.0,2.0,33.1,8.0,7.6,15.5,0.0,1019.4
2026-01-06 10:00:00+00:00,-0.9,88,-2.7,100,100,100,70,29.0,0.0,0.0,29.0,8.5,15.1,0.0,1019.3
2026-01-06 11:00:00+00:00,0.9,81,-2.0,99,93,98,70,66.0,1.0,4.4,65.0,10.0,16.9,0.0,1018.8
2026-01-06 12:00:00+00:00,2.2,84,-0.1,99,25,98,27,64.0,1.0,3.6,63.0,9.3,19.4,0.0,1018.0
2026-01-06 13:00:00+00:00,3.3,81,0.4,84,3,18,80,141.0,46.0,162.9,95.0,10.0,22.0,0.0,1017.2
2026-01-06 14:00:00+00:00,4.6,74,0.3,94,0,2,94,205.0,136.0,542.6,69.0,10.1,25.2,0.0,1016.1
2026-01-06 15:00:00+00:00,4.3,75,0.3,83,0,17,81,141.0,88.0,484.4,53.0,11.9,23.4,0.0,1015.4
2026-01-06 16:00:00+00:00,2.8,79,-0.4,98,0,44,98,50.0,24.0,289.7,26.0,12.0,23.4,0.0,1014.9
2026-01-06 17:00:00+00:00,2.2,81,-0.7,79,0,33,69,1.0,0.0,0.0,1.0,13.2,24.1,0.0,1014.5
2026-01-06 18:00:00+00:00,3.6,77,0.0,100,2,100,96,0.0,0.0,0.0,0.0,15.4,27.0,0.0,1014.1
2026-01-06 19:00:00+00:00,4.8,68,-0.6,100,4,100,0,0.0,0.0,0.0,0.0,17.4,34.6,0.0,1013.2
2026-01-06 20:00:00+00:00,5.0,72,0.3,100,0,100,0,0.0,0.0,0.0,0.0,19.9,39.2,0.1,1012.1
2026-01-06 21:00:00+00:00,3.3,91,2.0,100,97,100,0,0.0,0.0,0.0,0.0,19.7,40.7,2.0,1011.4
2026-01-06 22:00:00+00:00,3.9,90,2.5,100,98,100,0,0.0,0.0,0.0,0.0,23.6,42.8,0.7,1010.1
2026-01-06 23:00:00+00:00,4.0,92,2.8,100,99,100,0,0.0,0.0,0.0,0.0,23.3,49.0,0.1,1009.2
2026-01-07 00:00:00+00:00,4.8,92,3.7,100,61,100,61,0.0,0.0,0.0,0.0,25.8,44.3,5.2,1007.3
2026-01-07 01:00:00+00:00,5.4,92,4.2,85,52,68,45,0.0,0.0,0.0,0.0,23.7,49.0,1.3,1005.7
2026-01-07 02:00:00+00:00,4.0,97,3.5,100,100,100,0,0.0,0.0,0.0,0.0,16.4,44.3,0.9,1005.2
2026-01-07 03:00:00+00:00,2.8,98,2.5,99,95,99,0,0.0,0.0,0.0,0.0,14.5,30.2,0.3,1005.1
2026-01-07 04:00:00+00:00,2.8,97,2.4,0,0,0,0,0.0,0.0,0.0,0.0,16.0,30.2,0.0,1005.7
2026-01-07 05:00:00+00:00,1.6,95,1.0,1,1,0,0,0.0,0.0,0.0,0.0,15.1,30.2,0.0,1006.2
2026-01-07 06:00:00+00:00,1.5,94,0.7,1,1,0,0,0.0,0.0,0.0,0.0,15.8,27.7,0.0,1006.1
2026-01-07 07:00:00+00:00,1.6,92,0.4,1,0,0,1,0.0,0.0,0.0,0.0,18.7,34.2,0.0,1006.5
2026-01-07 08:00:00+00:00,1.5,90,0.1,0,0,0,0,0.0,0.0,0.0,0.0,19.3,36.0,0.0,1007.0
2026-01-07 09:00:00+00:00,1.8,89,0.2,58,0,31,44,22.0,12.0,196.4,10.0,18.6,36.0,0.0,1007.7
2026-01-07 10:00:00+00:00,3.2,84,0.8,56,0,55,3,103.0,53.0,360.6,50.0,18.6,36.7,0.0,1007.9
2026-01-07 11:00:00+00:00,4.6,79,1.2,57,0,57,0,181.0,110.0,479.0,71.0,18.0,36.4,0.0,1007.9
2026-01-07 12:00:00+00:00,5.8,73,1.4,14,0,1,13,238.0,166.0,600.2,72.0,18.4,38.9,0.0,1007.7
2026-01-07 13:00:00+00:00,6.4,70,1.4,68,0,0,68,262.0,205.0,720.3,57.0,18.2,38.2,0.0,1007.4
2026-01-07 14:00:00+00:00,6.4,69,1.2,10,2,0,9,224.0,166.0,655.8,58.0,19.4,42.1,0.0,1007.2
2026-01-07 15:00:00+00:00,5.9,71,1.0,79,12,0,77,150.0,104.0,564.1,46.0,16.6,40.7,0.0,1007.3
2026-01-07 16:00:00+00:00,4.9,76,1.0,20,7,0,14,51.0,27.0,320.1,24.0,13.6,34.2,0.0,1007.7
2026-01-07 17:00:00+00:00,3.4,84,1.0,82,3,0,82,1.0,0.0,0.0,1.0,10.8,27.0,0.0,1007.8
2026-01-07 18:00:00+00:00,3.0,87,1.1,98,0,2,98,0.0,0.0,0.0,0.0,12.2,20.2,0.0,1007.8
2026-01-07 19:00:00+00:00,3.0,88,1.1,100,41,15,100,0.0,0.0,0.0,0.0,11.6,23.4,0.0,1008.0
2026-01-07 20:00:00+00:00,3.2,88,1.4,100,100,100,100,0.0,0.0,0.0,0.0,9.1,21.2,0.0,1007.8
2026-01-07 21:00:00+00:00,3.8,87,1.9,100,100,100,100,0.0,0.0,0.0,0.0,6.6,16.6,0.1,1007.4
2026-01-07 22:00:00+00:00,3.7,90,2.2,100,100,100,100,0.0,0.0,0.0,0.0,0.5,11.5,0.2,1006.6
2026-01-07 23:00:00+00:00,3.4,92,2.2,100,100,99,100,0.0,0.0,0.0,0.0,1.8,2.2,0.0,1006.4
2026-01-08 00:00:00+00:00,3.1,93,2.2,100,100,100,100,0.0,0.0,0.0,0.0,5.0,9.0,0.0,1006.3
2026-01-08 01:00:00+00:00,3.3,94,2.5,100,100,100,100,0.0,0.0,0.0,0.0,5.8,10.8,0.3,1005.7
2026-01-08 02:00:00+00:00,3.2,97,2.8,100,100,67,100,0.0,0.0,0.0,0.0,6.4,11.9,0.2,1005.3
2026-01-08 03:00:00+00:00,3.5,96,2.8,100,100,49,100,0.0,0.0,0.0,0.0,1.3,10.4,0.1,1005.3
2026-01-08 04:00:00+00:00,3.5,96,3.0,100,73,78,100,0.0,0.0,0.0,0.0,5.0,8.3,0.0,1005.4
2026-01-08 05:00:00+00:00,3.6,97,3.2,100,13,87,100,0.0,0.0,0.0,0.0,11.0,17.6,0.0,1005.4
2026-01-08 06:00:00+00:00,4.3,96,3.8,100,5,95,100,0.0,0.0,0.0,0.0,13.8,25.2,0.0,1005.4
2026-01-08 07:00:00+00:00,4.3,95,3.7,100,1,99,100,0.0,0.0,0.0,0.0,13.9,25.9,0.0,1005.3
2026-01-08 08:00:00+00:00,4.1,97,3.7,100,0,100,100,0.0,0.0,0.0,0.0,10.7,24.5,0.0,1005.3
2026-01-08 09:00:00+00:00,4.1,98,3.7,100,0,100,100,9.0,0.0,0.0,9.0,7.2,19.1,0.0,1005.0
2026-01-08 10:00:00+00:00,4.4,98,4.2,100,0,100,100,35.0,0.0,0.0,35.0,5.9,12.6,0.1,1004.3
2026-01-08 11:00:00+00:00,5.2,98,4.8,100,0,100,100,52.0,0.0,0.0,52.0,7.3,14.4,0.4,1003.0
2026-01-08 12:00:00+00:00,5.8,96,5.2,100,99,100,100,51.0,0.0,0.0,51.0,7.6,15.1,0.6,1001.8
2026-01-08 13:00:00+00:00,5.9,97,5.4,100,100,100,100,36.0,0.0,0.0,36.0,7.7,14.0,0.7,1000.2
2026-01-08 14:00:00+00:00,5.8,97,5.3,100,100,100,100,22.0,0.0,0.0,22.0,11.5,21.2,1.4,997.7
2026-01-08 15:00:00+00:00,5.3,95,4.6,100,100,100,100,15.0,0.0,0.0,15.0,14.3,27.4,1.7,995.3
2026-01-08 16:00:00+00:00,5.4,96,4.8,100,100,100,100,5.0,0.0,0.0,5.0,19.8,36.7,2.3,991.9
2026-01-08 17:00:00+00:00,6.4,97,6.0,100,100,100,100,0.0,0.0,0.0,0.0,25.2,51.8,6.8,987.4
2026-01-08 18:00:00+00:00,9.4,96,8.7,100,100,26,0,0.0,0.0,0.0,0.0,26.7,50.8,2.6,984.3
2026-01-08 19:00:00+00:00,9.6,92,8.4,100,100,0,0,0.0,0.0,0.0,0.0,26.4,60.8,0.2,982.0
2026-01-08 20:00:00+00:00,8.6,87,6.6,100,100,1,0,0.0,0.0,0.0,0.0,28.6,58.3,0.1,979.5
2026-01-08 21:00:00+00:00,7.8,86,5.7,99,99,38,0,0.0,0.0,0.0,0.0,24.8,57.2,0.1,975.9
2026-01-08 22:00:00+00:00,6.7,86,4.4,100,100,61,1,0.0,0.0,0.0,0.0,19.2,51.1,0.2,971.9
2026-01-08 23:00:00+00:00,6.0,89,4.3,100,100,14,0,0.0,0.0,0.0,0.0,21.9,45.0,0.1,971.9
2026-01-09 00:00:00+00:00,6.4,90,4.8,14,5,9,0,0.0,0.0,0.0,0.0,27.4,48.6,0.0,975.6
2026-01-09 01:00:00+00:00,4.9,95,4.2,100,100,32,22,0.0,0.0,0.0,0.0,28.7,56.9,0.0,979.1
2026-01-09 02:00:00+00:00,3.0,90,1.6,100,100,100,21,0.0,0.0,0.0,0.0,30.0,61.2,0.1,981.9
2026-01-09 03:00:00+00:00,2.5,91,1.1,100,100,98,13,0.0,0.0,0.0,0.0,33.7,68.8,0.4,984.7
2026-01-09 04:00:00+00:00,2.5,91,1.1,100,100,100,2,0.0,0.0,0.0,0.0,36.1,72.4,0.5,987.1
2026-01-09 05:00:00+00:00,2.6,91,1.4,100,100,100,88,0.0,0.0,0.0,0.0,35.0,72.4,0.4,989.0
2026-01-09 06:00:00+00:00,2.8,91,1.5,100,100,100,100,0.0,0.0,0.0,0.0,33.1,69.5,0.2,990.9
2026-01-09 07:00:00+00:00,3.0,90,1.5,100,96,100,100,0.0,0.0,0.0,0.0,33.4,68.0,0.2,992.0
2026-01-09 08:00:00+00:00,3.3,90,1.8,100,71,100,98,0.0,0.0,0.0,0.0,31.7,67.7,0.3,993.3
2026-01-09 09:00:00+00:00,3.5,88,1.8,100,43,100,99,6.0,0.0,0.0,6.0,28.8,63.7,0.1,994.6
2026-01-09 10:00:00+00:00,3.8,87,1.8,100,35,100,100,30.0,0.0,0.0,30.0,26.9,58.3,0.1,995.7
2026-01-09 11:00:00+00:00,4.1,84,1.7,100,4,100,100,78.0,0.0,0.0,78.0,25.6,54.7,0.1,996.7
2026-01-09 12:00:00+00:00,4.2,86,2.1,100,32,97,100,122.0,7.0,24.9,115.0,25.4,53.3,0.0,997.7
2026-01-09 13:00:00+00:00,5.1,80,2.0,100,63,98,100,162.0,28.0,96.7,134.0,27.9,58.3,0.0,998.3
2026-01-09 14:00:00+00:00,5.3,77,1.6,99,48,98,98,136.0,25.0,96.7,111.0,29.3,62.3,0.0,998.9
2026-01-09 15:00:00+00:00,5.2,78,1.7,98,18,97,0,94.0,24.0,126.3,70.0,24.5,61.6,0.0,999.7
2026-01-09 16:00:00+00:00,4.4,81,1.4,100,100,97,2,49.0,17.0,191.4,32.0,22.9,51.5,0.0,1000.7
2026-01-09 17:00:00+00:00,4.5,78,1.0,100,100,92,63,1.0,0.0,0.0,1.0,23.6,49.0,0.0,1001.7
2026-01-09 18:00:00+00:00,3.8,85,1.5,98,16,71,95,0.0,0.0,0.0,0.0,21.6,49.0,0.0,1002.8
2026-01-09 19:00:00+00:00,3.8,85,1.5,94,1,15,93,0.0,0.0,0.0,0.0,21.3,43.9,0.0,1003.6
2026-01-09 20:00:00+00:00,3.4,86,1.2,38,0,5,35,0.0,0.0,0.0,0.0,20.4,43.6,0.0,1004.4
2026-01-09 21:00:00+00:00,2.9,86,0.9,24,0,11,20,0.0,0.0,0.0,0.0,19.9,41.4,0.0,1005.3
2026-01-09 22:00:00+00:00,2.4,88,0.6,12,0,11,7,0.0,0.0,0.0,0.0,19.0,40.3,0.0,1006.2
2026-01-09 23:00:00+00:00,2.0,89,0.4,2,2,0,0,0.0,0.0,0.0,0.0,18.1,38.2,0.0,1007.1
2026-01-10 00:00:00+00:00,2.5,89,0.9,1,0,1,0,0.0,0.0,0.0,0.0,16.7,35.6,0.0,1008.0
2026-01-10 01:00:00+00:00,2.0,90,0.6,0,0,0,0,0.0,0.0,0.0,0.0,15.4,32.8,0.0,1008.6
2026-01-10 02:00:00+00:00,1.5,93,0.4,0,0,0,0,0.0,0.0,0.0,0.0,14.0,30.2,0.0,1009.5
2026-01-10 03:00:00+00:00,0.9,94,0.0,1,1,1,0,0.0,0.0,0.0,0.0,12.9,27.0,0.0,1010.3
2026-01-10 04:00:00+00:00,0.3,94,-0.5,0,0,0,0,0.0,0.0,0.0,0.0,12.8,24.5,0.0,1011.0
2026-01-10 05:00:00+00:00,-0.1,93,-1.0,0,0,0,0,0.0,0.0,0.0,0.0,13.0,24.5,0.0,1011.6
2026-01-10 06:00:00+00:00,0.1,93,-1.0,0,0,0,0,0.0,0.0,0.0,0.0,13.5,25.2,0.0,1012.8
2026-01-10 07:00:00+00:00,-0.2,92,-1.3,0,0,0,0,0.0,0.0,0.0,0.0,13.4,25.2,0.0,1013.5
2026-01-10 08:00:00+00:00,-0.3,92,-1.5,0,0,0,0,0.0,0.0,0.0,0.0,13.1,25.2,0.0,1014.8
2026-01-10 09:00:00+00:00,-0.2,92,-1.3,0,0,0,0,24.0,13.0,205.2,11.0,12.4,24.5,0.0,1015.9
2026-01-10 10:00:00+00:00,1.0,90,-0.4,0,0,0,0,119.0,80.0,527.8,39.0,10.6,23.0,0.0,1017.0
2026-01-10 11:00:00+00:00,2.4,84,-0.1,0,0,0,0,208.0,157.0,667.5,51.0,9.5,22.0,0.0,1018.0
2026-01-10 12:00:00+00:00,3.7,76,-0.1,0,0,0,0,262.0,206.0,727.7,56.0,9.7,22.7,0.0,1018.3
2026-01-10 13:00:00+00:00,4.3,71,-0.4,1,0,0,1,273.0,216.0,739.7,57.0,9.5,22.7,0.0,1018.5
2026-01-10 14:00:00+00:00,4.5,70,-0.6,13,0,0,13,238.0,184.0,704.2,54.0,9.3,22.7,0.0,1019.0
2026-01-10 15:00:00+00:00,4.1,74,-0.2,0,0,0,0,162.0,117.0,606.1,45.0,6.8,21.2,0.0,1019.6
2026-01-10 16:00:00+00:00,2.8,81,-0.2,65,0,0,65,64.0,38.0,413.3,26.0,5.8,13.7,0.0,1020.2
2026-01-10 17:00:00+00:00,1.4,84,-1.0,95,0,0,95,2.0,0.0,0.0,2.0,5.4,10.4,0.0,1020.8
2026-01-10 18:00:00+00:00,-0.2,88,-1.9,100,0,0,100,0.0,0.0,0.0,0.0,3.9,11.5,0.0,1021.4
2026-01-10 19:00:00+00:00,-0.7,91,-2.0,100,0,2,100,0.0,0.0,0.0,0.0,1.5,6.5,0.0,1021.9
2026-01-10 20:00:00+00:00,-1.5,94,-2.2,92,0,0,92,0.0,0.0,0.0,0.0,3.4,6.1,0.0,1022.0
2026-01-10 21:00:00+00:00,-1.2,94,-2.1,100,0,1,100,0.0,0.0,0.0,0.0,4.5,7.6,0.0,1022.1
2026-01-10 22:00:00+00:00,-0.3,91,-1.7,100,4,49,100,0.0,0.0,0.0,0.0,7.6,13.0,0.0,1022.2
2026-01-10 23:00:00+00:00,0.3,89,-1.3,100,16,98,100,0.0,0.0,0.0,0.0,8.4,15.1,0.0,1022.3
2026-01-11 00:00:00+00:00,-0.1,93,-1.1,100,12,100,100,0.0,0.0,0.0,0.0,10.1,18.7,0.0,1022.2
2026-01-11 01:00:00+00:00,0.2,93,-0.9,100,10,100,100,0.0,0.0,0.0,0.0,11.0,19.8,0.0,1022.1
2026-01-11 02:00:00+00:00,1.0,92,-0.2,100,4,100,35,0.0,0.0,0.0,0.0,12.3,22.7,0.0,1021.6
2026-01-11 03:00:00+00:00,2.2,90,0.6,100,72,100,100,0.0,0.0,0.0,0.0,13.0,24.5,0.0,1021.0
2026-01-11 04:00:00+00:00,3.5,86,1.4,100,30,100,100,0.0,0.0,0.0,0.0,13.0,25.2,0.0,1019.8
2026-01-11 05:00:00+00:00,4.1,87,2.1,100,7,100,90,0.0,0.0,0.0,0.0,15.9,30.6,0.0,1018.6
2026-01-11 06:00:00+00:00,4.3,87,2.3,100,3,99,98,0.0,0.0,0.0,0.0,17.5,34.6,0.0,1018.0
2026-01-11 07:00:00+00:00,4.9,86,2.7,100,0,100,100,0.0,0.0,0.0,0.0,19.7,38.9,0.0,1017.3
2026-01-11 08:00:00+00:00,5.3,86,3.2,100,0,100,100,0.0,0.0,0.0,0.0,20.8,41.4,0.0,1016.5
2026-01-11 09:00:00+00:00,5.5,86,3.3,100,1,100,100,3.0,0.0,0.0,3.0,21.9,43.9,0.0,1016.1
2026-01-11 10:00:00+00:00,5.8,84,3.3,100,5,100,100,17.0,0.0,0.0,17.0,22.2,45.0,0.0,1015.3
2026-01-11 11:00:00+00:00,6.4,81,3.5,100,67,100,100,73.0,0.0,0.0,73.0,24.6,50.0,0.0,1014.4
2026-01-11 12:00:00+00:00,7.1,85,4.8,100,100,100,100,52.0,0.0,0.0,52.0,24.8,51.8,0.3,1013.0
2026-01-11 13:00:00+00:00,7.1,90,5.7,100,100,100,100,36.0,0.0,0.0,36.0,28.0,53.3,0.8,1011.6
2026-01-11 14:00:00+00:00,7.4,91,6.1,100,100,100,95,28.0,0.0,0.0,28.0,29.4,56.5,0.3,1010.2
2026-01-11 15:00:00+00:00,7.4,94,6.6,100,100,100,100,14.0,0.0,0.0,14.0,29.5,57.2,0.7,1008.7
2026-01-11 16:00:00+00:00,8.2,92,7.0,100,100,98,100,9.0,0.0,0.0,9.0,29.9,58.3,0.3,1007.8
2026-01-11 17:00:00+00:00,8.6,94,7.7,100,100,100,100,0.0,0.0,0.0,0.0,32.3,61.9,0.6,1006.6
2026-01-11 18:00:00+00:00,8.6,94,7.7,100,100,100,100,0.0,0.0,0.0,0.0,28.9,63.0,0.9,1006.0
2026-01-11 19:00:00+00:00,9.1,95,8.4,100,100,100,100,0.0,0.0,0.0,0.0,31.0,60.1,0.8,1004.6
2026-01-11 20:00:00+00:00,9.9,93,8.8,100,100,60,96,0.0,0.0,0.0,0.0,32.1,65.9,0.1,1003.4
2026-01-11 21:00:00+00:00,9.9,95,9.2,100,100,100,0,0.0,0.0,0.0,0.0,34.0,68.0,1.2,1002.9
2026-01-11 22:00:00+00:00,10.1,96,9.6,100,100,59,2,0.0,0.0,0.0,0.0,31.6,68.4,1.6,1002.4
2026-01-11 23:00:00+00:00,10.8,96,10.1,100,100,11,93,0.0,0.0,0.0,0.0,31.7,61.6,1.5,1001.9
2026-01-12 00:00:00+00:00,10.7,96,10.1,100,100,2,100,0.0,0.0,0.0,0.0,22.0,63.0,0.0,1002.5
2026-01-12 01:00:00+00:00,10.4,96,9.9,100,100,51,100,0.0,0.0,0.0,0.0,19.5,42.5,0.0,1002.5
2026-01-12 02:00:00+00:00,10.3,95,9.5,99,26,16,98,0.0,0.0,0.0,0.0,20.6,40.3,0.0,1002.7
2026-01-12 03:00:00+00:00,9.7,94,8.8,98,16,2,98,0.0,0.0,0.0,0.0,20.8,40.3,0.0,1002.6
2026-01-12 04:00:00+00:00,9.6,94,8.6,100,23,29,100,0.0,0.0,0.0,0.0,22.1,42.8,0.0,1002.7
2026-01-12 05:00:00+00:00,9.6,93,8.6,100,20,31,100,0.0,0.0,0.0,0.0,21.6,43.2,0.0,1002.9
2026-01-12 06:00:00+00:00,10.2,89,8.6,92,23,48,80,0.0,0.0,0.0,0.0,21.0,42.1,0.0,1002.5
2026-01-12 07:00:00+00:00,10.2,91,8.8,95,27,80,76,0.0,0.0,0.0,0.0,20.0,42.8,0.0,1002.3
2026-01-12 08:00:00+00:00,9.8,93,8.7,73,26,31,47,0.0,0.0,0.0,0.0,19.5,39.6,0.0,1002.4
2026-01-12 09:00:00+00:00,9.9,93,8.7,100,89,77,100,20.0,8.0,122.7,12.0,20.2,40.7,0.0,1002.9
2026-01-12 10:00:00+00:00,9.9,91,8.5,100,51,100,100,41.0,0.0,0.0,41.0,19.8,43.2,0.2,1003.0
2026-01-12 11:00:00+00:00,9.9,93,8.9,100,53,72,100,52.0,0.0,0.0,52.0,21.5,41.0,0.8,1002.9
2026-01-12 12:00:00+00:00,10.4,92,9.1,88,30,7,83,99.0,2.0,6.9,97.0,19.3,41.8,0.0,1002.6
2026-01-12 13:00:00+00:00,11.4,84,8.9,100,22,39,100,206.0,116.0,389.9,90.0,19.6,42.1,0.0,1002.3
2026-01-12 14:00:00+00:00,11.2,82,8.3,88,36,11,79,107.0,11.0,41.2,96.0,21.8,45.0,0.0,1002.3
2026-01-12 15:00:00+00:00,11.2,83,8.4,34,32,5,0,113.0,56.0,280.9,57.0,20.8,45.4,0.0,1002.2
2026-01-12 16:00:00+00:00,10.6,86,8.4,75,36,22,58,53.0,25.0,254.0,28.0,20.3,43.6,0.0,1002.6
2026-01-12 17:00:00+00:00,10.1,89,8.4,98,23,0,97,2.0,0.0,0.0,2.0,19.0,41.8,0.0,1003.1
2026-01-12 18:00:00+00:00,10.2,91,8.8,52,8,8,44,0.0,0.0,0.0,0.0,18.1,38.5,0.0,1003.4
2026-01-12 19:00:00+00:00,10.0,92,8.8,24,24,1,0,0.0,0.0,0.0,0.0,17.6,36.7,0.0,1003.8
2026-01-12 20:00:00+00:00,9.8,94,8.8,77,77,1,0,0.0,0.0,0.0,0.0,16.4,35.3,0.0,1004.3
2026-01-12 21:00:00+00:00,9.8,94,8.9,80,80,3,0,0.0,0.0,0.0,0.0,15.5,32.8,0.0,1004.8
2026-01-12 22:00:00+00:00,9.6,95,8.9,100,100,0,0,0.0,0.0,0.0,0.0,14.4,31.0,0.0,1004.9
2026-01-12 23:00:00+00:00,9.8,96,9.1,100,100,1,54,0.0,0.0,0.0,0.0,13.1,28.1,0.0,1005.1
2026-01-13 00:00:00+00:00,9.1,97,8.6,100,87,5,100,0.0,0.0,0.0,0.0,11.5,25.9,0.0,1005.4
2026-01-13 01:00:00+00:00,9.2,97,8.8,100,100,3,100,0.0,0.0,0.0,0.0,12.0,22.7,0.0,1005.4
2026-01-13 02:00:00+00:00,9.4,97,9.1,100,95,6,100,0.0,0.0,0.0,0.0,13.6,25.9,0.1,1005.3
2026-01-13 03:00:00+00:00,9.4,97,9.1,100,76,22,100,0.0,0.0,0.0,0.0,12.9,25.9,0.0,1005.1
2026-01-13 04:00:00+00:00,9.2,98,8.9,100,100,75,100,0.0,0.0,0.0,0.0,11.8,24.1,0.0,1004.8
2026-01-13 05:00:00+00:00,9.4,98,9.1,100,100,95,100,0.0,0.0,0.0,0.0,13.0,25.2,0.0,1004.9
2026-01-13 06:00:00+00:00,9.2,99,9.0,100,100,100,100,0.0,0.0,0.0,0.0,11.2,24.5,0.0,1004.2
2026-01-13 07:00:00+00:00,9.6,99,9.4,100,100,100,100,0.0,0.0,0.0,0.0,12.4,23.0,0.1,1004.4
2026-01-13 08:00:00+00:00,9.4,98,9.1,100,98,100,100,0.0,0.0,0.0,0.0,11.2,23.8,1.6,1004.3
2026-01-13 09:00:00+00:00,9.5,97,9.1,100,100,100,100,2.0,0.0,0.0,2.0,14.6,25.6,3.8,1003.9
2026-01-13 10:00:00+00:00,9.8,97,9.3,100,100,100,100,7.0,0.0,0.0,7.0,21.7,40.7,3.1,1003.9
2026-01-13 11:00:00+00:00,9.9,97,9.5,100,100,100,100,29.0,0.0,0.0,29.0,18.1,44.6,1.2,1004.0
2026-01-13 12:00:00+00:00,10.4,95,9.7,100,98,100,100,22.0,0.0,0.0,22.0,19.0,43.6,1.2,1003.4
2026-01-13 13:00:00+00:00,10.1,97,9.6,100,100,100,100,30.0,0.0,0.0,30.0,18.4,36.4,0.8,1003.1
2026-01-13 14:00:00+00:00,10.1,97,9.7,100,100,100,100,26.0,0.0,0.0,26.0,18.5,37.1,1.0,1003.1
2026-01-13 15:00:00+00:00,10.3,95,9.6,100,100,100,100,38.0,0.0,0.0,38.0,19.9,38.2,0.3,1003.4
2026-01-13 16:00:00+00:00,9.8,96,9.2,100,100,100,100,18.0,0.0,0.0,18.0,16.3,38.2,1.5,1003.7
2026-01-13 17:00:00+00:00,9.6,98,9.4,100,90,100,99,1.0,0.0,0.0,1.0,7.9,31.0,0.3,1004.1
2026-01-13 18:00:00+00:00,9.3,98,8.9,100,100,100,100,0.0,0.0,0.0,0.0,8.6,13.7,0.1,1004.8
2026-01-13 19:00:00+00:00,9.4,97,8.9,100,100,100,91,0.0,0.0,0.0,0.0,12.1,21.2,0.0,1005.8
2026-01-13 20:00:00+00:00,8.8,94,7.8,100,100,100,88,0.0,0.0,0.0,0.0,13.1,24.5,0.0,1006.9
2026-01-13 21:00:00+00:00,8.1,94,7.2,100,98,100,38,0.0,0.0,0.0,0.0,13.4,24.8,0.2,1007.9
2026-01-13 22:00:00+00:00,7.3,90,5.8,100,54,98,77,0.0,0.0,0.0,0.0,13.0,25.6,0.1,1008.9
2026-01-13 23:00:00+00:00,6.2,88,4.3,100,48,100,0,0.0,0.0,0.0,0.0,11.2,24.1,0.0,1009.8
2026-01-14 00:00:00+00:00,5.9,86,3.7,100,0,100,0,0.0,0.0,0.0,0.0,11.6,22.3,0.0,1010.4
2026-01-14 01:00:00+00:00,5.0,89,3.3,83,0,83,0,0.0,0.0,0.0,0.0,9.0,22.7,0.0,1010.7
2026-01-14 02:00:00+00:00,4.0,93,2.9,2,0,2,0,0.0,0.0,0.0,0.0,8.5,16.9,0.0,1011.3
2026-01-14 03:00:00+00:00,3.0,95,2.2,0,0,0,0,0.0,0.0,0.0,0.0,7.8,15.8,0.0,1012.0
2026-01-14 04:00:00+00:00,2.2,96,1.8,0,0,0,0,0.0,0.0,0.0,0.0,7.4,14.0,0.0,1012.3
2026-01-14 05:00:00+00:00,1.5,98,1.1,0,0,0,0,0.0,0.0,0.0,0.0,7.1,13.7,0.0,1012.5
2026-01-14 06:00:00+00:00,0.6,98,0.4,0,0,0,0,0.0,0.0,0.0,0.0,4.0,12.6,0.0,1013.1
2026-01-14 07:00:00+00:00,-0.4,100,-0.4,96,96,0,0,0.0,0.0,0.0,0.0,3.3,6.8,0.0,1013.6
2026-01-14 08:00:00+00:00,-1.4,99,-1.5,94,94,0,0,0.0,0.0,0.0,0.0,3.7,8.3,0.0,1014.0
2026-01-14 09:00:00+00:00,-0.6,100,-0.6,99,99,0,0,25.0,8.0,118.9,17.0,5.3,9.4,0.0,1014.3
2026-01-14 10:00:00+00:00,1.0,99,0.9,97,97,0,0,106.0,43.0,269.8,63.0,5.4,12.2,0.0,1014.3
2026-01-14 11:00:00+00:00,3.4,92,2.2,31,0,31,0,182.0,91.0,372.5,91.0,5.8,15.1,0.0,1013.9
2026-01-14 12:00:00+00:00,5.4,83,2.8,96,1,96,0,245.0,164.0,558.9,81.0,7.5,16.9,0.0,1013.2
2026-01-14 13:00:00+00:00,5.7,84,3.2,100,7,100,13,107.0,11.0,36.3,96.0,7.9,18.0,0.0,1012.2
2026-01-14 14:00:00+00:00,6.3,86,4.1,100,100,98,76,77.0,3.0,11.0,74.0,11.3,24.5,0.0,1011.2
2026-01-14 15:00:00+00:00,7.1,90,5.5,100,100,75,84,51.0,0.0,0.0,51.0,9.5,25.2,0.0,1010.4
2026-01-14 16:00:00+00:00,7.2,94,6.3,100,100,80,100,19.0,0.0,0.0,19.0,10.8,20.5,0.3,1009.6
2026-01-14 17:00:00+00:00,7.8,99,7.7,100,100,59,100,1.0,0.0,0.0,1.0,13.4,24.8,0.1,1008.9
2026-01-14 18:00:00+00:00,8.8,98,8.4,100,100,70,100,0.0,0.0,0.0,0.0,15.3,33.5,0.0,1008.4
2026-01-14 19:00:00+00:00,8.9,98,8.6,100,100,100,100,0.0,0.0,0.0,0.0,16.3,30.6,0.1,1007.9
2026-01-14 20:00:00+00:00,9.1,97,8.7,100,100,100,95,0.0,0.0,0.0,0.0,18.8,34.9,0.2,1007.1
2026-01-14 21:00:00+00:00,9.4,95,8.6,97,67,92,0,0.0,0.0,0.0,0.0,23.2,42.8,0.3,1006.3
2026-01-14 22:00:00+00:00,8.9,96,8.4,100,100,96,23,0.0,0.0,0.0,0.0,20.4,44.6,1.6,1005.8
2026-01-14 23:00:00+00:00,8.6,93,7.5,40,7,35,0,0.0,0.0,0.0,0.0,18.1,38.2,0.0,1006.0
2026-01-15 00:00:00+00:00,7.2,92,5.9,63,31,8,41,0.0,0.0,0.0,0.0,16.7,36.0,0.0,1006.3
2026-01-15 01:00:00+00:00,7.7,93,6.7,100,100,5,92,0.0,0.0,0.0,0.0,16.9,32.8,0.0,1006.0
2026-01-15 02:00:00+00:00,8.8,90,7.2,81,73,13,23,0.0,0.0,0.0,0.0,17.2,33.1,0.0,1005.4
2026-01-15 03:00:00+00:00,8.7,92,7.6,100,100,28,100,0.0,0.0,0.0,0.0,20.1,40.0,0.0,1005.4
2026-01-15 04:00:00+00:00,9.1,93,7.9,100,100,76,100,0.0,0.0,0.0,0.0,16.9,40.3,0.1,1004.7
2026-01-15 05:00:00+00:00,9.1,94,8.1,100,100,98,100,0.0,0.0,0.0,0.0,16.4,33.1,0.0,1004.2
2026-01-15 06:00:00+00:00,8.8,94,7.8,100,65,100,100,0.0,0.0,0.0,0.0,12.9,32.8,0.2,1004.0
2026-01-15 07:00:00+00:00,8.4,98,8.1,100,100,100,100,0.0,0.0,0.0,0.0,16.1,29.2,0.5,1003.6
2026-01-15 08:00:00+00:00,8.5,97,8.0,100,67,100,100,0.0,0.0,0.0,0.0,15.9,33.5,0.6,1002.7
2026-01-15 09:00:00+00:00,8.4,96,7.9,100,100,100,100,8.0,0.0,0.0,8.0,17.2,32.0,0.5,1002.7
2026-01-15 10:00:00+00:00,8.6,96,7.9,100,23,100,100,15.0,0.0,0.0,15.0,17.6,34.2,0.4,1002.6
2026-01-15 11:00:00+00:00,8.4,96,7.8,100,44,100,100,40.0,0.0,0.0,40.0,14.9,33.1,0.3,1001.6
2026-01-15 12:00:00+00:00,8.5,95,7.7,100,100,100,100,45.0,0.0,0.0,45.0,15.2,32.0,2.1,1000.4
2026-01-15 13:00:00+00:00,8.4,96,7.7,100,100,100,100,14.0,0.0,0.0,14.0,16.6,31.3,4.1,998.4
2026-01-15 14:00:00+00:00,9.1,94,8.1,100,100,100,100,11.0,0.0,0.0,11.0,30.8,56.9,3.2,996.6
2026-01-15 15:00:00+00:00,9.1,95,8.3,100,100,100,100,8.0,0.0,0.0,8.0,24.8,61.6,3.1,995.8
2026-01-15 16:00:00+00:00,8.9,96,8.2,100,100,100,100,7.0,0.0,0.0,7.0,23.1,52.9,2.6,995.4
2026-01-15 17:00:00+00:00,8.5,98,8.1,100,100,100,100,0.0,0.0,0.0,0.0,11.6,42.5,0.6,995.3
2026-01-15 18:00:00+00:00,8.1,99,7.9,100,100,100,100,0.0,0.0,0.0,0.0,13.0,24.8,0.4,996.1
2026-01-15 19:00:00+00:00,7.0,94,6.1,100,100,100,98,0.0,0.0,0.0,0.0,16.8,32.4,0.1,997.1
2026-01-15 20:00:00+00:00,6.6,93,5.6,100,4,100,0,0.0,0.0,0.0,0.0,12.1,32.0,0.0,998.2
2026-01-15 21:00:00+00:00,6.0,96,5.3,100,0,100,0,0.0,0.0,0.0,0.0,10.3,22.7,0.0,999.1
2026-01-15 22:00:00+00:00,5.4,96,4.8,100,0,100,0,0.0,0.0,0.0,0.0,8.3,19.1,0.0,999.9
2026-01-15 23:00:00+00:00,4.8,97,4.3,9,9,0,0,0.0,0.0,0.0,0.0,9.0,16.6,0.0,1000.9
2026-01-16 00:00:00+00:00,3.5,99,3.3,2,2,0,0,0.0,0.0,0.0,0.0,7.9,16.9,0.0,1001.7
2026-01-16 01:00:00+00:00,3.0,99,2.8,16,16,0,0,0.0,0.0,0.0,0.0,6.6,13.7,0.0,1002.3
2026-01-16 02:00:00+00:00,3.6,99,3.4,30,17,3,14,0.0,0.0,0.0,0.0,8.3,14.4,0.0,1002.8
2026-01-16 03:00:00+00:00,4.1,98,3.8,89,49,62,53,0.0,0.0,0.0,0.0,10.5,18.0,0.0,1003.0
2026-01-16 04:00:00+00:00,5.4,97,5.0,100,89,43,100,0.0,0.0,0.0,0.0,10.8,19.8,0.1,1003.3
2026-01-16 05:00:00+00:00,5.7,98,5.3,100,57,30,100,0.0,0.0,0.0,0.0,8.3,19.4,0.1,1003.6
2026-01-16 06:00:00+00:00,4.9,97,4.6,100,45,66,99,0.0,0.0,0.0,0.0,9.9,15.8,0.0,1004.4
2026-01-16 07:00:00+00:00,5.4,97,5.0,40,8,8,32,0.0,0.0,0.0,0.0,9.6,16.9,0.0,1004.8
2026-01-16 08:00:00+00:00,4.8,97,4.3,15,4,5,7,0.0,0.0,0.0,0.0,9.1,16.9,0.0,1005.3
2026-01-16 09:00:00+00:00,5.2,96,4.6,34,22,20,0,28.0,14.0,201.2,14.0,10.3,17.6,0.0,1006.2
2026-01-16 10:00:00+00:00,7.1,92,5.8,51,42,20,0,112.0,64.0,390.4,48.0,15.3,28.1,0.0,1007.1
2026-01-16 11:00:00+00:00,8.1,88,6.1,30,25,12,0,159.0,92.0,368.7,67.0,14.4,30.6,0.0,1007.5
2026-01-16 12:00:00+00:00,8.9,84,6.4,16,14,11,0,227.0,150.0,501.3,77.0,12.4,31.3,0.0,1007.3
2026-01-16 13:00:00+00:00,9.6,77,5.8,17,9,13,0,254.0,186.0,600.5,68.0,15.1,32.0,0.0,1007.3
2026-01-16 14:00:00+00:00,9.6,72,4.8,31,13,22,2,224.0,165.0,588.6,59.0,17.1,35.6,0.0,1007.3
2026-01-16 15:00:00+00:00,9.2,73,4.8,42,23,26,0,159.0,103.0,483.6,56.0,15.3,36.0,0.0,1007.4
2026-01-16 16:00:00+00:00,8.1,82,5.3,29,17,13,4,58.0,26.0,231.5,32.0,14.1,31.7,0.1,1007.5
2026-01-16 17:00:00+00:00,7.2,88,5.3,75,48,50,19,4.0,1.0,25.1,3.0,12.9,28.1,0.1,1007.9
2026-01-16 18:00:00+00:00,7.0,93,5.9,100,48,51,100,0.0,0.0,0.0,0.0,13.2,24.5,0.2,1008.2
2026-01-16 19:00:00+00:00,7.1,95,6.3,100,39,56,99,0.0,0.0,0.0,0.0,14.7,29.5,0.9,1008.5
2026-01-16 20:00:00+00:00,7.2,93,6.2,100,72,77,100,0.0,0.0,0.0,0.0,14.3,28.1,0.6,1008.7
2026-01-16 21:00:00+00:00,7.4,95,6.7,100,49,70,100,0.0,0.0,0.0,0.0,14.7,27.4,1.1,1008.8
2026-01-16 22:00:00+00:00,7.3,96,6.8,100,100,100,99,0.0,0.0,0.0,0.0,14.8,28.4,0.6,1009.0
2026-01-16 23:00:00+00:00,7.4,95,6.6,97,21,95,28,0.0,0.0,0.0,0.0,14.8,27.7,1.0,1008.8
2026-01-17 00:00:00+00:00,7.2,95,6.5,100,100,62,97,0.0,0.0,0.0,0.0,12.8,27.4,0.4,1009.0
2026-01-17 01:00:00+00:00,7.2,95,6.4,100,87,93,95,0.0,0.0,0.0,0.0,12.1,23.0,0.1,1009.2
2026-01-17 02:00:00+00:00,7.1,96,6.4,100,17,7,100,0.0,0.0,0.0,0.0,12.1,24.5,0.1,1009.3
2026-01-17 03:00:00+00:00,6.3,97,5.9,88,51,30,70,0.0,0.0,0.0,0.0,10.9,22.0,0.0,1009.6
2026-01-17 04:00:00+00:00,6.4,96,5.8,100,90,41,98,0.0,0.0,0.0,0.0,12.5,22.7,0.8,1010.0
2026-01-17 05:00:00+00:00,6.7,97,6.2,100,27,91,100,0.0,0.0,0.0,0.0,9.5,23.4,0.3,1010.3
2026-01-17 06:00:00+00:00,6.1,97,5.7,100,22,98,100,0.0,0.0,0.0,0.0,7.2,17.3,0.1,1010.7
2026-01-17 07:00:00+00:00,6.2,98,5.8,99,5,9,99,0.0,0.0,0.0,0.0,8.2,14.0,0.1,1011.2
2026-01-17 08:00:00+00:00,6.0,97,5.6,99,3,34,98,0.0,0.0,0.0,0.0,9.6,16.9,0.3,1011.8
2026-01-17 09:00:00+00:00,6.5,97,6.0,80,5,79,43,18.0,0.0,0.0,18.0,9.5,17.3,0.2,1012.7
2026-01-17 10:00:00+00:00,7.7,92,6.4,58,44,27,0,113.0,58.0,348.6,55.0,9.8,17.6,0.1,1013.5
2026-01-17 11:00:00+00:00,8.7,90,7.2,100,100,13,0,142.0,65.0,257.7,77.0,10.7,23.0,0.0,1014.0
2026-01-17 12:00:00+00:00,9.1,90,7.5,47,23,35,0,195.0,83.0,274.6,112.0,11.4,27.4,0.1,1014.4
2026-01-17 13:00:00+00:00,9.6,84,6.9,27,16,5,11,209.0,121.0,386.6,88.0,10.9,24.8,0.0,1014.6
2026-01-17 14:00:00+00:00,9.6,80,6.4,70,23,1,61,227.0,161.0,567.3,66.0,10.5,25.2,0.1,1014.8
2026-01-17 15:00:00+00:00,9.4,81,6.3,99,30,0,99,169.0,111.0,512.5,58.0,8.0,23.0,0.0,1015.2
2026-01-17 16:00:00+00:00,8.2,88,6.4,100,33,0,100,63.0,17.0,146.6,46.0,6.6,17.3,0.0,1015.9
2026-01-17 17:00:00+00:00,7.5,94,6.6,100,95,0,100,4.0,0.0,0.0,4.0,9.3,17.3,0.0,1016.7
2026-01-17 18:00:00+00:00,6.8,98,6.4,100,100,3,99,0.0,0.0,0.0,0.0,10.8,19.8,0.0,1017.3
2026-01-17 19:00:00+00:00,7.4,97,7.1,100,100,6,100,0.0,0.0,0.0,0.0,11.1,22.3,0.0,1017.7
2026-01-17 20:00:00+00:00,7.6,97,7.1,100,100,5,100,0.0,0.0,0.0,0.0,9.9,21.6,0.0,1017.9
2026-01-17 21:00:00+00:00,7.4,96,6.8,100,100,100,84,0.0,0.0,0.0,0.0,9.4,19.1,0.0,1018.4
2026-01-17 22:00:00+00:00,7.4,95,6.7,100,66,100,12,0.0,0.0,0.0,0.0,8.8,18.0,0.0,1018.5
2026-01-17 23:00:00+00:00,6.7,97,6.2,100,20,100,50,0.0,0.0,0.0,0.0,8.5,16.2,0.0,1018.5
2026-01-18 00:00:00+00:00,5.8,98,5.5,100,40,100,0,0.0,0.0,0.0,0.0,10.0,16.9,0.0,1018.7
2026-01-18 01:00:00+00:00,6.3,97,5.9,99,96,75,47,0.0,0.0,0.0,0.0,9.8,19.4,0.0,1018.4
2026-01-18 02:00:00+00:00,6.8,97,6.3,100,100,55,52,0.0,0.0,0.0,0.0,10.1,19.8,0.0,1018.5
2026-01-18 03:00:00+00:00,6.8,98,6.5,100,100,97,98,0.0,0.0,0.0,0.0,9.8,19.8,0.0,1018.3
2026-01-18 04:00:00+00:00,6.9,97,6.6,100,84,77,99,0.0,0.0,0.0,0.0,9.0,19.1,0.0,1017.8
2026-01-18 05:00:00+00:00,7.1,97,6.6,94,45,75,60,0.0,0.0,0.0,0.0,9.0,17.6,0.0,1017.5
2026-01-18 06:00:00+00:00,6.9,97,6.5,100,100,34,73,0.0,0.0,0.0,0.0,8.5,17.3,0.0,1017.2
2026-01-18 07:00:00+00:00,6.9,98,6.6,100,100,60,23,0.0,0.0,0.0,0.0,8.6,16.6,0.0,1017.4
2026-01-18 08:00:00+00:00,6.9,98,6.6,100,98,84,27,0.0,0.0,0.0,0.0,8.6,18.0,0.0,1017.6
2026-01-18 09:00:00+00:00,7.2,97,6.7,100,100,95,5,16.0,2.0,27.7,14.0,8.1,16.2,0.0,1017.5
2026-01-18 10:00:00+00:00,8.1,92,7.0,100,95,100,5,54.0,3.0,17.8,51.0,7.0,17.3,0.0,1017.0
2026-01-18 11:00:00+00:00,8.7,91,7.3,100,100,30,2,74.0,15.0,58.8,59.0,9.4,19.4,0.0,1017.3
2026-01-18 12:00:00+00:00,9.9,88,8.1,84,77,31,0,80.0,0.0,0.0,80.0,13.4,27.0,0.0,1016.6
2026-01-18 13:00:00+00:00,10.6,85,8.2,89,82,38,0,189.0,61.0,192.8,128.0,13.6,29.9,0.0,1016.2
2026-01-18 14:00:00+00:00,10.8,85,8.4,100,63,100,0,148.0,44.0,153.1,104.0,7.0,29.9,0.0,1015.7
2026-01-18 15:00:00+00:00,10.4,89,8.6,100,100,100,0,55.0,1.0,4.5,54.0,6.1,14.8,0.0,1015.4
2026-01-18 16:00:00+00:00,9.6,92,8.4,100,100,100,0,16.0,0.0,0.0,16.0,6.6,13.3,0.2,1015.4
2026-01-18 17:00:00+00:00,8.9,96,8.2,100,100,95,0,1.0,0.0,0.0,1.0,10.9,19.8,0.3,1015.6
2026-01-18 18:00:00+00:00,8.6,97,8.1,100,8,100,0,0.0,0.0,0.0,0.0,10.0,21.2,0.0,1015.4
2026-01-18 19:00:00+00:00,8.5,97,8.1,100,2,100,0,0.0,0.0,0.0,0.0,7.4,18.4,0.1,1015.0
2026-01-18 20:00:00+00:00,8.4,96,7.8,100,0,100,0,0.0,0.0,0.0,0.0,8.1,13.3,0.0,1014.6
2026-01-18 21:00:00+00:00,8.0,94,7.2,100,0,100,0,0.0,0.0,0.0,0.0,10.3,18.0,0.0,1014.5
2026-01-18 22:00:00+00:00,7.8,93,6.8,100,18,100,0,0.0,0.0,0.0,0.0,9.7,18.7,0.0,1014.3
2026-01-18 23:00:00+00:00,7.8,94,6.8,100,1,100,0,0.0,0.0,0.0,0.0,7.3,16.9,0.0,1014.1
2026-01-19 00:00:00+00:00,8.1,93,7.1,100,2,100,0,0.0,0.0,0.0,0.0,5.1,13.0,0.0,1013.8
2026-01-19 01:00:00+00:00,8.1,95,7.3,100,100,100,0,0.0,0.0,0.0,0.0,5.7,9.7,0.0,1013.5
2026-01-19 02:00:00+00:00,8.4,96,7.8,100,100,100,0,0.0,0.0,0.0,0.0,6.8,11.9,0.0,1013.5
2026-01-19 03:00:00+00:00,8.5,97,8.1,100,100,100,0,0.0,0.0,0.0,0.0,7.3,13.0,0.0,1013.3
2026-01-19 04:00:00+00:00,8.4,98,8.2,100,14,100,0,0.0,0.0,0.0,0.0,8.1,15.1,0.0,1013.1
2026-01-19 05:00:00+00:00,8.4,98,8.1,100,59,100,22,0.0,0.0,0.0,0.0,7.5,14.8,0.0,1013.1
2026-01-19 06:00:00+00:00,8.3,95,7.6,100,64,100,82,0.0,0.0,0.0,0.0,9.3,14.4,0.1,1012.9
2026-01-19 07:00:00+00:00,8.4,96,7.8,92,30,85,31,0.0,0.0,0.0,0.0,10.2,18.4,0.5,1013.1
2026-01-19 08:00:00+00:00,8.2,98,7.9,96,32,95,0,0.0,0.0,0.0,0.0,8.4,17.6,0.0,1013.4
2026-01-19 09:00:00+00:00,8.5,98,8.2,100,40,100,0,15.0,1.0,13.6,14.0,9.5,16.2,0.0,1013.6
2026-01-19 10:00:00+00:00,9.1,96,8.5,97,30,95,0,46.0,1.0,5.8,45.0,10.4,19.1,0.0,1013.7
2026-01-19 11:00:00+00:00,9.6,95,8.9,100,91,100,0,69.0,3.0,11.6,66.0,10.9,20.2,0.1,1013.8
2026-01-19 12:00:00+00:00,9.5,97,9.1,100,91,100,0,84.0,1.0,3.2,83.0,9.8,25.2,0.0,1013.4
2026-01-19 13:00:00+00:00,9.9,97,9.4,100,56,99,0,78.0,4.0,12.5,74.0,11.2,22.3,0.1,1013.2
2026-01-19 14:00:00+00:00,9.6,95,8.8,100,84,99,10,67.0,2.0,6.9,65.0,14.1,26.6,0.2,1012.8
2026-01-19 15:00:00+00:00,9.2,98,8.9,100,85,100,91,38.0,0.0,0.0,38.0,12.4,27.0,0.3,1012.9
2026-01-19 16:00:00+00:00,9.0,97,8.5,100,100,100,1,26.0,0.0,0.0,26.0,13.5,25.6,0.1,1013.0
2026-01-19 17:00:00+00:00,8.9,98,8.5,100,91,100,48,2.0,0.0,0.0,2.0,11.7,24.5,0.1,1013.0
2026-01-19 18:00:00+00:00,8.6,98,8.3,99,42,57,98,0.0,0.0,0.0,0.0,10.0,21.6,0.1,1012.8
2026-01-19 19:00:00+00:00,8.2,99,8.1,100,77,95,99,0.0,0.0,0.0,0.0,11.7,22.3,0.1,1013.1
2026-01-19 20:00:00+00:00,8.1,98,7.8,80,44,44,36,0.0,0.0,0.0,0.0,10.8,21.6,0.4,1012.9
2026-01-19 21:00:00+00:00,7.9,98,7.6,45,29,5,19,0.0,0.0,0.0,0.0,11.5,20.5,0.2,1012.9
2026-01-19 22:00:00+00:00,7.7,98,7.4,67,49,30,7,0.0,0.0,0.0,0.0,11.7,21.2,0.0,1012.8
2026-01-19 23:00:00+00:00,7.9,98,7.6,100,14,100,0,0.0,0.0,0.0,0.0,12.5,24.5,0.3,1012.7
2026-01-20 00:00:00+00:00,7.6,97,7.1,33,23,4,9,0.0,0.0,0.0,0.0,15.0,27.0,0.0,1012.3
2026-01-20 01:00:00+00:00,7.5,96,6.8,47,41,6,5,0.0,0.0,0.0,0.0,15.8,28.8,0.0,1011.8
2026-01-20 02:00:00+00:00,7.8,95,7.1,59,53,23,0,0.0,0.0,0.0,0.0,17.0,32.0,0.0,1011.5
2026-01-20 03:00:00+00:00,7.7,96,7.1,98,97,17,0,0.0,0.0,0.0,0.0,16.8,32.4,0.0,1011.2
2026-01-20 04:00:00+00:00,7.8,96,7.2,100,100,7,0,0.0,0.0,0.0,0.0,16.7,32.8,0.0,1010.9
2026-01-20 05:00:00+00:00,7.9,95,7.2,48,48,0,0,0.0,0.0,0.0,0.0,17.5,33.5,0.0,1010.6
2026-01-20 06:00:00+00:00,7.5,95,6.7,41,37,11,0,0.0,0.0,0.0,0.0,17.0,36.7,0.0,1010.3
2026-01-20 07:00:00+00:00,7.2,95,6.6,43,41,15,0,0.0,0.0,0.0,0.0,18.7,36.7,0.0,1009.8
2026-01-20 08:00:00+00:00,7.1,96,6.4,43,43,0,0,0.0,0.0,0.0,0.0,20.4,39.6,0.0,1009.5
2026-01-20 09:00:00+00:00,7.4,94,6.4,67,43,3,41,30.0,12.0,160.2,18.0,22.3,43.9,0.0,1009.3
2026-01-20 10:00:00+00:00,8.1,88,6.3,88,62,3,67,122.0,65.0,372.7,57.0,24.7,51.1,0.0,1008.7
2026-01-20 11:00:00+00:00,8.9,81,5.8,98,42,3,96,175.0,84.0,321.7,91.0,29.9,60.8,0.1,1008.1
2026-01-20 12:00:00+00:00,9.4,77,5.6,99,60,16,98,205.0,106.0,339.8,99.0,29.1,71.3,0.0,1007.4
2026-01-20 13:00:00+00:00,9.4,73,4.9,88,15,1,85,225.0,132.0,408.2,93.0,31.8,70.6,0.0,1006.3
2026-01-20 14:00:00+00:00,9.4,73,4.9,92,5,0,91,249.0,175.0,593.9,74.0,29.6,66.6,0.0,1005.1
2026-01-20 15:00:00+00:00,9.1,78,5.5,96,7,4,95,180.0,111.0,487.4,69.0,26.0,64.4,0.0,1004.4
2026-01-20 16:00:00+00:00,8.9,78,5.3,99,32,28,98,75.0,26.0,204.4,49.0,27.1,58.3,0.0,1003.7
2026-01-20 17:00:00+00:00,8.9,78,5.3,100,31,66,100,6.0,0.0,0.0,6.0,29.1,60.5,0.0,1002.6
2026-01-20 18:00:00+00:00,8.5,84,5.9,100,100,100,100,0.0,0.0,0.0,0.0,28.7,61.2,0.5,1001.8
2026-01-20 19:00:00+00:00,8.1,87,6.1,100,100,100,100,0.0,0.0,0.0,0.0,30.4,59.8,0.9,1000.5
2026-01-20 20:00:00+00:00,7.4,93,6.3,100,100,100,99,0.0,0.0,0.0,0.0,34.0,67.3,2.7,999.6
2026-01-20 21:00:00+00:00,7.0,94,6.2,100,100,100,83,0.0,0.0,0.0,0.0,25.0,64.4,2.2,998.5
2026-01-20 22:00:00+00:00,7.0,94,6.1,100,100,100,1,0.0,0.0,0.0,0.0,22.2,47.2,0.9,998.5
2026-01-20 23:00:00+00:00,6.9,90,5.3,62,33,48,1,0.0,0.0,0.0,0.0,22.5,43.2,0.4,998.4
2026-01-21 00:00:00+00:00,5.9,94,5.1,13,3,10,0,0.0,0.0,0.0,0.0,14.7,43.6,0.0,998.2
2026-01-21 01:00:00+00:00,5.3,95,4.6,38,35,9,0,0.0,0.0,0.0,0.0,13.9,27.7,0.0,997.9
2026-01-21 02:00:00+00:00,5.8,93,4.8,45,16,10,30,0.0,0.0,0.0,0.0,15.0,28.8,0.0,997.2
2026-01-21 03:00:00+00:00,5.8,93,4.7,36,33,10,0,0.0,0.0,0.0,0.0,14.4,28.1,0.0,996.6
2026-01-21 04:00:00+00:00,5.8,93,4.8,54,37,29,0,0.0,0.0,0.0,0.0,16.5,31.0,0.0,995.9
2026-01-21 05:00:00+00:00,6.1,92,4.8,99,38,98,33,0.0,0.0,0.0,0.0,15.9,32.4,0.0,994.4
2026-01-21 06:00:00+00:00,6.7,93,5.6,99,34,81,96,0.0,0.0,0.0,0.0,18.1,37.1,0.0,993.2
2026-01-21 07:00:00+00:00,6.7,95,5.9,100,100,100,71,0.0,0.0,0.0,0.0,21.7,42.8,3.0,991.7
2026-01-21 08:00:00+00:00,7.5,96,6.9,100,100,100,51,0.0,0.0,0.0,0.0,26.5,51.5,1.8,989.6
2026-01-21 09:00:00+00:00,9.4,94,8.5,100,100,100,99,7.0,0.0,0.0,7.0,31.1,58.7,1.7,988.5
2026-01-21 10:00:00+00:00,9.8,89,8.1,100,99,55,79,18.0,0.0,0.0,18.0,29.8,68.4,0.7,987.8
2026-01-21 11:00:00+00:00,10.6,83,7.8,100,100,38,57,61.0,1.0,3.8,60.0,32.0,67.0,0.0,987.3
2026-01-21 12:00:00+00:00,9.2,94,8.2,100,100,100,100,77.0,2.0,6.3,75.0,29.4,65.9,0.0,986.8
2026-01-21 13:00:00+00:00,9.1,94,8.2,100,100,100,100,21.0,0.0,0.0,21.0,28.0,58.0,2.6,986.2
2026-01-21 14:00:00+00:00,9.1,95,8.2,100,53,90,100,18.0,0.0,0.0,18.0,27.1,54.4,1.6,985.6
2026-01-21 15:00:00+00:00,9.1,92,7.8,100,100,91,100,43.0,0.0,0.0,43.0,28.4,56.2,0.1,985.5
2026-01-21 16:00:00+00:00,9.4,86,7.3,100,100,95,100,13.0,0.0,0.0,13.0,26.3,56.2,0.0,985.4
2026-01-21 17:00:00+00:00,9.4,87,7.4,100,100,99,100,1.0,0.0,0.0,1.0,26.4,53.3,0.9,985.3
2026-01-21 18:00:00+00:00,9.5,86,7.3,100,100,73,95,0.0,0.0,0.0,0.0,25.0,54.4,0.0,985.4
2026-01-21 19:00:00+00:00,9.6,89,7.9,99,95,46,85,0.0,0.0,0.0,0.0,25.7,50.0,0.9,985.1
2026-01-21 20:00:00+00:00,9.9,87,7.8,95,84,41,55,0.0,0.0,0.0,0.0,24.5,54.0,0.1,985.1
2026-01-21 21:00:00+00:00,10.0,84,7.5,100,42,92,100,0.0,0.0,0.0,0.0,24.2,49.7,0.1,985.3
2026-01-21 22:00:00+00:00,9.7,85,7.3,100,100,84,100,0.0,0.0,0.0,0.0,22.0,49.3,0.0,985.6
2026-01-21 23:00:00+00:00,9.4,89,7.7,100,46,100,100,0.0,0.0,0.0,0.0,21.7,46.8,0.2,986.0
2026-01-22 00:00:00+00:00,9.1,93,8.1,100,34,90,100,0.0,0.0,0.0,0.0,20.1,43.6,0.1,986.2
2026-01-22 01:00:00+00:00,9.3,91,7.9,100,31,82,100,0.0,0.0,0.0,0.0,18.2,38.9,0.0,986.2
2026-01-22 02:00:00+00:00,9.1,91,7.8,100,6,100,100,0.0,0.0,0.0,0.0,15.8,35.6,0.0,986.2
2026-01-22 03:00:00+00:00,9.4,90,7.8,100,14,100,100,0.0,0.0,0.0,0.0,14.7,31.3,0.0,986.3
2026-01-22 04:00:00+00:00,9.0,90,7.5,100,42,100,98,0.0,0.0,0.0,0.0,14.4,29.5,0.2,986.4
2026-01-22 05:00:00+00:00,8.9,92,7.6,100,8,96,100,0.0,0.0,0.0,0.0,14.0,27.7,0.0,986.3
2026-01-22 06:00:00+00:00,8.8,95,8.0,100,63,100,90,0.0,0.0,0.0,0.0,14.7,30.6,0.1,986.5
2026-01-22 07:00:00+00:00,8.5,97,8.1,100,100,100,0,0.0,0.0,0.0,0.0,16.5,31.3,0.5,986.5
2026-01-22 08:00:00+00:00,8.4,96,7.9,100,100,100,37,0.0,0.0,0.0,0.0,16.9,32.0,0.4,986.6
2026-01-22 09:00:00+00:00,8.5,95,7.8,100,98,70,77,7.0,0.0,0.0,7.0,16.5,32.4,0.2,986.7
2026-01-22 10:00:00+00:00,8.8,94,7.8,89,54,77,3,47.0,3.0,16.6,44.0,15.1,31.0,0.0,986.3
2026-01-22 11:00:00+00:00,9.2,90,7.7,100,100,87,2,138.0,42.0,157.0,96.0,17.0,33.8,0.3,986.1
2026-01-22 12:00:00+00:00,8.8,92,7.6,85,59,69,5,78.0,2.0,6.3,76.0,20.3,35.3,0.2,986.1
2026-01-22 13:00:00+00:00,9.1,88,7.2,88,54,62,48,159.0,56.0,169.4,103.0,17.0,38.9,1.0,985.4
2026-01-22 14:00:00+00:00,9.1,89,7.3,70,15,50,33,130.0,41.0,135.7,89.0,11.9,34.2,0.4,984.9
2026-01-22 15:00:00+00:00,8.8,89,7.1,94,67,82,11,146.0,65.0,276.0,81.0,12.6,29.5,0.3,984.7
2026-01-22 16:00:00+00:00,8.4,93,7.4,70,31,9,55,40.0,5.0,37.1,35.0,9.1,24.5,0.1,984.4
2026-01-22 17:00:00+00:00,7.2,96,6.6,30,28,13,0,9.0,2.0,38.8,7.0,7.5,16.9,0.0,984.4
2026-01-22 18:00:00+00:00,7.6,94,6.7,94,14,28,91,0.0,0.0,0.0,0.0,10.3,13.3,0.0,984.0
2026-01-22 19:00:00+00:00,7.2,95,6.6,57,50,5,13,0.0,0.0,0.0,0.0,13.8,25.9,0.0,984.3
2026-01-22 20:00:00+00:00,7.0,95,6.3,1,1,0,0,0.0,0.0,0.0,0.0,16.0,30.6,0.0,984.9
2026-01-22 21:00:00+00:00,6.5,95,5.7,7,6,1,0,0.0,0.0,0.0,0.0,14.8,31.7,0.0,985.7
2026-01-22 22:00:00+00:00,6.4,94,5.6,71,30,30,44,0.0,0.0,0.0,0.0,15.6,29.2,0.0,986.0
2026-01-22 23:00:00+00:00,6.8,90,5.2,13,13,0,0,0.0,0.0,0.0,0.0,14.2,31.0,0.0,985.8
2026-01-23 00:00:00+00:00,5.8,95,5.1,48,20,11,26,0.0,0.0,0.0,0.0,11.8,28.8,0.0,985.8
2026-01-23 01:00:00+00:00,5.8,94,5.0,89,23,16,84,0.0,0.0,0.0,0.0,14.3,25.6,0.0,985.7
2026-01-23 02:00:00+00:00,6.6,95,5.8,98,2,1,98,0.0,0.0,0.0,0.0,16.0,30.2,0.0,985.2
2026-01-23 03:00:00+00:00,6.3,95,5.6,94,9,78,74,0.0,0.0,0.0,0.0,17.2,32.0,0.0,984.4
2026-01-23 04:00:00+00:00,6.7,94,5.8,100,23,100,99,0.0,0.0,0.0,0.0,20.3,38.5,0.0,983.3
2026-01-23 05:00:00+00:00,6.6,95,5.8,100,77,100,100,0.0,0.0,0.0,0.0,23.3,45.0,1.3,982.4
2026-01-23 06:00:00+00:00,6.8,92,5.6,100,100,100,100,0.0,0.0,0.0,0.0,28.8,52.9,0.8,982.1
2026-01-23 07:00:00+00:00,6.8,94,5.9,100,100,100,100,0.0,0.0,0.0,0.0,27.3,54.7,1.4,981.5
2026-01-23 08:00:00+00:00,7.2,93,6.2,100,100,97,93,0.0,0.0,0.0,0.0,27.0,55.1,0.5,981.2
2026-01-23 09:00:00+00:00,7.6,88,5.8,99,85,94,23,12.0,0.0,0.0,12.0,26.2,55.1,0.1,981.5
2026-01-23 10:00:00+00:00,7.8,84,5.2,55,36,30,10,83.0,15.0,81.8,68.0,24.5,50.8,0.3,981.8
2026-01-23 11:00:00+00:00,8.5,82,5.7,66,20,5,55,173.0,104.0,383.9,69.0,25.1,49.7,0.2,981.6
2026-01-23 12:00:00+00:00,8.9,75,4.7,77,13,9,73,272.0,194.0,601.6,78.0,25.5,58.7,0.2,982.1
2026-01-23 13:00:00+00:00,9.1,68,3.5,72,22,64,2,274.0,203.0,606.9,71.0,24.2,60.5,0.0,982.1
2026-01-23 14:00:00+00:00,9.2,67,3.3,8,7,2,0,233.0,147.0,480.1,86.0,27.6,58.7,0.1,982.0
2026-01-23 15:00:00+00:00,8.8,70,3.7,22,19,8,0,198.0,148.0,618.1,50.0,27.9,59.0,0.0,982.1
2026-01-23 16:00:00+00:00,8.1,75,4.0,100,27,99,100,90.0,52.0,374.4,38.0,26.1,58.0,0.0,982.3
2026-01-23 17:00:00+00:00,6.9,82,4.0,100,52,86,100,8.0,0.0,0.0,8.0,24.4,56.5,0.0,982.7
2026-01-23 18:00:00+00:00,7.8,79,4.3,75,2,9,73,0.0,0.0,0.0,0.0,25.4,53.3,0.0,983.0
2026-01-23 19:00:00+00:00,7.6,81,4.5,15,13,1,1,0.0,0.0,0.0,0.0,26.1,54.4,0.0,983.5
2026-01-23 20:00:00+00:00,7.5,78,3.9,27,26,0,0,0.0,0.0,0.0,0.0,26.4,54.4,0.0,984.1
2026-01-23 21:00:00+00:00,7.2,81,4.2,24,23,1,0,0.0,0.0,0.0,0.0,25.1,54.7,0.0,984.8
2026-01-23 22:00:00+00:00,7.1,82,4.2,95,48,23,90,0.0,0.0,0.0,0.0,26.3,54.4,0.0,985.6
2026-01-23 23:00:00+00:00,7.2,81,4.1,100,100,98,99,0.0,0.0,0.0,0.0,27.7,58.0,0.0,986.1
2026-01-24 00:00:00+00:00,6.5,84,4.0,79,48,56,41,0.0,0.0,0.0,0.0,26.8,57.6,0.0,986.7
2026-01-24 01:00:00+00:00,6.9,83,4.2,81,13,73,59,0.0,0.0,0.0,0.0,26.9,56.2,0.1,987.2
2026-01-24 02:00:00+00:00,6.6,86,4.4,100,34,100,91,0.0,0.0,0.0,0.0,25.5,54.7,0.0,987.5
2026-01-24 03:00:00+00:00,7.1,82,4.2,73,34,2,58,0.0,0.0,0.0,0.0,25.4,53.3,0.0,987.9
2026-01-24 04:00:00+00:00,6.9,82,4.0,92,27,23,88,0.0,0.0,0.0,0.0,25.0,52.9,0.0,988.4
2026-01-24 05:00:00+00:00,6.9,82,4.1,100,32,4,100,0.0,0.0,0.0,0.0,25.3,52.2,0.0,988.7
2026-01-24 06:00:00+00:00,7.4,80,4.1,95,45,0,90,0.0,0.0,0.0,0.0,25.8,52.9,0.0,989.0
2026-01-24 07:00:00+00:00,7.2,82,4.3,77,34,2,65,0.0,0.0,0.0,0.0,26.9,57.2,0.0,989.5
2026-01-24 08:00:00+00:00,7.0,84,4.4,98,12,2,98,0.0,0.0,0.0,0.0,27.1,55.8,0.0,990.0
2026-01-24 09:00:00+00:00,7.2,82,4.3,99,3,25,99,34.0,9.0,110.9,25.0,27.7,58.0,0.0,990.6
2026-01-24 10:00:00+00:00,7.8,80,4.6,44,1,2,41,123.0,46.0,246.5,77.0,25.7,58.0,0.0,990.9
2026-01-24 11:00:00+00:00,8.4,78,4.7,100,23,67,100,228.0,153.0,557.5,75.0,31.4,65.2,0.0,991.3
2026-01-24 12:00:00+00:00,8.9,74,4.5,100,29,49,99,240.0,104.0,318.8,136.0,29.5,68.4,0.0,991.6
2026-01-24 13:00:00+00:00,8.7,75,4.5,98,41,75,92,229.0,74.0,218.7,155.0,29.4,65.5,0.2,991.2
2026-01-24 14:00:00+00:00,8.3,74,4.0,97,76,61,80,206.0,86.0,277.2,120.0,29.1,64.1,0.2,991.0
2026-01-24 15:00:00+00:00,7.9,81,4.9,100,77,98,98,121.0,49.0,201.2,72.0,25.9,59.0,0.5,991.1
2026-01-24 16:00:00+00:00,7.2,87,5.2,100,100,100,80,20.0,1.0,7.0,19.0,25.8,56.2,0.7,991.1
2026-01-24 17:00:00+00:00,6.7,90,5.2,100,100,100,100,2.0,0.0,0.0,2.0,24.9,50.8,0.7,991.0
2026-01-24 18:00:00+00:00,6.9,95,6.2,100,100,100,97,0.0,0.0,0.0,0.0,20.9,47.5,0.4,991.1
2026-01-24 19:00:00+00:00,6.8,95,6.0,100,100,95,77,0.0,0.0,0.0,0.0,20.6,39.6,1.8,991.0
2026-01-24 20:00:00+00:00,7.0,92,5.8,100,100,95,98,0.0,0.0,0.0,0.0,21.5,45.0,1.4,991.2
2026-01-24 21:00:00+00:00,7.1,92,5.9,100,99,73,95,0.0,0.0,0.0,0.0,22.8,48.2,0.6,991.1
2026-01-24 22:00:00+00:00,6.8,95,6.0,99,78,55,93,0.0,0.0,0.0,0.0,14.9,42.8,0.6,991.3
2026-01-24 23:00:00+00:00,6.8,95,6.0,98,61,30,96,0.0,0.0,0.0,0.0,13.3,27.7,0.0,991.2
2026-01-25 00:00:00+00:00,6.7,94,5.8,95,55,5,90,0.0,0.0,0.0,0.0,12.9,24.8,0.4,991.5
2026-01-25 01:00:00+00:00,6.5,96,5.8,84,34,25,71,0.0,0.0,0.0,0.0,12.7,23.8,0.1,991.4
2026-01-25 02:00:00+00:00,6.2,96,5.6,46,38,1,12,0.0,0.0,0.0,0.0,10.5,23.4,0.0,991.2
2026-01-25 03:00:00+00:00,5.8,96,5.2,20,17,5,0,0.0,0.0,0.0,0.0,11.2,19.8,0.0,991.0
2026-01-25 04:00:00+00:00,5.6,95,4.8,55,41,23,5,0.0,0.0,0.0,0.0,11.8,21.2,0.0,990.8
2026-01-25 05:00:00+00:00,5.9,95,5.2,35,29,5,4,0.0,0.0,0.0,0.0,12.9,25.2,0.7,990.7
2026-01-25 06:00:00+00:00,6.2,94,5.2,14,8,12,1,0.0,0.0,0.0,0.0,14.6,24.5,0.0,990.2
2026-01-25 07:00:00+00:00,5.9,94,5.1,9,5,6,2,0.0,0.0,0.0,0.0,14.6,27.4,0.0,990.0
2026-01-25 08:00:00+00:00,5.8,97,5.3,20,9,2,11,0.0,0.0,0.0,0.0,14.4,26.6,0.0,990.0
2026-01-25 09:00:00+00:00,6.6,96,6.0,97,26,9,95,43.0,23.0,277.4,20.0,16.6,29.9,0.0,990.1
2026-01-25 10:00:00+00:00,7.1,91,5.8,99,28,46,98,115.0,57.0,300.0,58.0,19.1,37.1,0.1,990.3
2026-01-25 11:00:00+00:00,7.2,91,5.7,100,47,74,98,142.0,49.0,176.2,93.0,20.5,37.4,1.0,990.5
2026-01-25 12:00:00+00:00,6.7,90,5.2,100,81,100,80,133.0,29.0,87.9,104.0,19.5,38.5,0.3,991.0
2026-01-25 13:00:00+00:00,7.1,88,5.2,100,52,100,73,67.0,0.0,0.0,67.0,15.7,36.7,0.1,991.3
2026-01-25 14:00:00+00:00,7.3,87,5.3,100,15,99,98,94.0,5.0,15.9,89.0,12.9,31.3,0.1,991.4
2026-01-25 15:00:00+00:00,7.2,87,5.2,100,100,100,100,78.0,1.0,4.0,77.0,13.7,27.7,0.1,992.0
2026-01-25 16:00:00+00:00,6.7,90,5.1,100,88,100,88,20.0,0.0,0.0,20.0,11.5,27.7,0.2,992.8
2026-01-25 17:00:00+00:00,6.4,91,5.1,100,100,98,63,3.0,0.0,0.0,3.0,11.7,23.0,0.1,993.4
2026-01-25 18:00:00+00:00,6.2,94,5.3,100,100,36,38,0.0,0.0,0.0,0.0,14.0,27.4,0.1,994.4
2026-01-25 19:00:00+00:00,5.8,94,5.0,87,65,23,53,0.0,0.0,0.0,0.0,13.9,27.0,0.2,995.5
2026-01-25 20:00:00+00:00,5.4,93,4.3,38,30,5,12,0.0,0.0,0.0,0.0,13.6,26.3,0.0,996.2
2026-01-25 21:00:00+00:00,4.4,95,3.6,27,27,0,0,0.0,0.0,0.0,0.0,10.3,25.9,0.0,997.3
2026-01-25 22:00:00+00:00,4.3,95,3.7,91,91,0,0,0.0,0.0,0.0,0.0,9.4,19.4,0.0,998.0
2026-01-25 23:00:00+00:00,4.6,96,4.0,45,45,0,0,0.0,0.0,0.0,0.0,10.1,19.8,0.0,998.3
2026-01-26 00:00:00+00:00,5.5,93,4.4,100,100,0,0,0.0,0.0,0.0,0.0,9.7,19.1,0.0,999.0
2026-01-26 01:00:00+00:00,4.6,95,3.9,100,100,0,0,0.0,0.0,0.0,0.0,8.8,19.1,0.0,999.5
2026-01-26 02:00:00+00:00,4.8,93,3.8,100,100,0,0,0.0,0.0,0.0,0.0,8.1,17.6,0.0,999.9
2026-01-26 03:00:00+00:00,5.1,88,3.3,100,100,0,1,0.0,0.0,0.0,0.0,7.5,15.5,0.0,1000.1
2026-01-26 04:00:00+00:00,4.4,90,2.9,99,99,0,5,0.0,0.0,0.0,0.0,6.8,14.4,0.0,1000.4
2026-01-26 05:00:00+00:00,4.2,91,2.9,98,91,0,73,0.0,0.0,0.0,0.0,7.0,12.2,0.0,1001.0
2026-01-26 06:00:00+00:00,4.8,91,3.5,100,100,0,98,0.0,0.0,0.0,0.0,6.7,16.2,0.0,1001.4
2026-01-26 07:00:00+00:00,4.6,92,3.3,100,100,0,100,0.0,0.0,0.0,0.0,7.8,13.7,0.0,1001.5
2026-01-26 08:00:00+00:00,3.8,93,2.8,99,0,2,99,0.0,0.0,0.0,0.0,8.4,14.8,0.0,1001.5
2026-01-26 09:00:00+00:00,4.3,91,3.0,100,5,94,100,33.0,2.0,23.6,31.0,9.7,18.7,0.0,1001.3
2026-01-26 10:00:00+00:00,5.6,87,3.5,100,84,97,100,112.0,20.0,103.4,92.0,8.2,18.4,0.0,1001.0
2026-01-26 11:00:00+00:00,6.4,81,3.4,100,5,82,100,138.0,26.0,92.3,112.0,12.9,28.1,0.0,1001.0
2026-01-26 12:00:00+00:00,7.2,83,4.5,100,100,72,99,251.0,116.0,347.3,135.0,16.9,40.7,0.0,1001.2
2026-01-26 13:00:00+00:00,7.2,84,4.7,100,100,27,100,98.0,12.0,34.6,86.0,19.1,40.0,0.0,1000.6
2026-01-26 14:00:00+00:00,7.6,84,5.1,100,91,95,100,107.0,6.0,18.8,101.0,20.1,42.5,0.1,999.4
2026-01-26 15:00:00+00:00,7.7,83,5.1,100,45,98,100,84.0,10.0,39.7,74.0,18.2,41.8,0.0,999.3
2026-01-26 16:00:00+00:00,7.2,87,5.1,100,60,87,100,34.0,1.0,6.6,33.0,16.1,37.8,0.0,998.7
2026-01-26 17:00:00+00:00,7.0,87,5.1,100,34,98,100,8.0,0.0,0.0,8.0,16.2,33.5,0.0,998.4
2026-01-26 18:00:00+00:00,6.8,89,5.2,100,98,100,100,0.0,0.0,0.0,0.0,15.9,33.5,0.0,998.2
2026-01-26 19:00:00+00:00,7.2,88,5.3,100,97,99,100,0.0,0.0,0.0,0.0,16.8,34.2,0.0,997.6
2026-01-26 20:00:00+00:00,7.3,91,6.0,100,95,99,100,0.0,0.0,0.0,0.0,19.2,39.2,0.1,996.6
2026-01-26 21:00:00+00:00,7.5,93,6.4,100,31,70,100,0.0,0.0,0.0,0.0,21.6,42.8,0.2,995.3
2026-01-26 22:00:00+00:00,7.0,96,6.4,100,100,88,100,0.0,0.0,0.0,0.0,26.3,50.8,2.5,994.0
2026-01-26 23:00:00+00:00,7.1,95,6.3,100,68,100,100,0.0,0.0,0.0,0.0,26.8,51.5,1.0,992.5
2026-01-27 00:00:00+00:00,7.2,95,6.4,100,100,100,100,0.0,0.0,0.0,0.0,29.3,58.7,0.9,990.7
2026-01-27 01:00:00+00:00,6.9,95,6.2,100,100,100,100,0.0,0.0,0.0,0.0,30.0,60.5,1.2,989.2
2026-01-27 02:00:00+00:00,7.0,96,6.3,100,100,100,100,0.0,0.0,0.0,0.0,31.6,63.7,2.8,987.9
2026-01-27 03:00:00+00:00,6.9,95,6.2,100,100,100,100,0.0,0.0,0.0,0.0,34.7,67.7,3.0,985.9
2026-01-27 04:00:00+00:00,6.9,96,6.3,100,100,100,100,0.0,0.0,0.0,0.0,32.7,67.7,1.7,984.4
2026-01-27 05:00:00+00:00,7.3,96,6.8,100,100,100,100,0.0,0.0,0.0,0.0,31.5,63.7,4.0,983.0
2026-01-27 06:00:00+00:00,7.8,96,7.2,100,100,100,100,0.0,0.0,0.0,0.0,28.6,61.2,2.7,982.0
2026-01-27 07:00:00+00:00,8.9,96,8.2,100,100,100,100,0.0,0.0,0.0,0.0,25.0,57.2,2.1,981.5
2026-01-27 08:00:00+00:00,9.4,96,8.7,100,100,100,100,0.0,0.0,0.0,0.0,22.8,48.2,0.7,981.1
2026-01-27 09:00:00+00:00,10.1,94,9.1,100,63,98,100,5.0,0.0,0.0,5.0,23.6,45.0,0.3,981.4
2026-01-27 10:00:00+00:00,10.2,92,9.0,100,20,100,100,39.0,0.0,0.0,39.0,22.6,46.1,0.1,981.7
2026-01-27 11:00:00+00:00,10.1,89,8.4,100,7,100,100,37.0,0.0,0.0,37.0,21.4,43.9,0.0,981.9
2026-01-27 12:00:00+00:00,9.6,87,7.6,100,15,93,100,143.0,17.0,50.3,126.0,20.2,50.4,0.0,982.2
2026-01-27 13:00:00+00:00,10.4,78,6.8,100,8,98,100,165.0,17.0,48.5,148.0,23.8,49.7,0.1,981.9
2026-01-27 14:00:00+00:00,10.3,65,4.0,100,5,84,98,143.0,11.0,34.1,132.0,24.3,53.6,0.0,982.2
2026-01-27 15:00:00+00:00,9.6,66,3.5,100,29,100,41,172.0,67.0,261.3,105.0,27.8,59.0,0.0,982.8
2026-01-27 16:00:00+00:00,8.5,75,4.2,27,14,21,0,76.0,25.0,160.6,51.0,22.6,58.3,0.0,983.3
2026-01-27 17:00:00+00:00,7.7,79,4.3,61,38,39,1,17.0,8.0,128.2,9.0,24.0,51.8,0.0,984.3
2026-01-27 18:00:00+00:00,7.7,84,5.2,100,18,82,100,0.0,0.0,0.0,0.0,19.3,49.3,0.0,985.4
2026-01-27 19:00:00+00:00,6.9,88,5.1,99,50,41,99,0.0,0.0,0.0,0.0,19.1,42.8,0.9,986.2
2026-01-27 20:00:00+00:00,6.4,92,5.2,98,65,38,91,0.0,0.0,0.0,0.0,21.8,41.0,0.9,987.2
2026-01-27 21:00:00+00:00,5.7,91,4.3,99,28,29,98,0.0,0.0,0.0,0.0,17.7,44.3,0.1,988.0
2026-01-27 22:00:00+00:00,5.8,91,4.4,90,1,4,90,0.0,0.0,0.0,0.0,13.6,33.8,0.0,988.4
2026-01-27 23:00:00+00:00,5.7,91,4.3,92,21,5,91,0.0,0.0,0.0,0.0,12.0,26.3,0.0,988.9
2026-01-28 00:00:00+00:00,5.2,91,3.8,29,12,2,18,0.0,0.0,0.0,0.0,11.9,22.7,0.0,989.7
2026-01-28 01:00:00+00:00,4.3,92,3.2,12,11,1,1,0.0,0.0,0.0,0.0,9.3,22.0,0.0,989.9
2026-01-28 02:00:00+00:00,3.8,92,2.5,16,13,12,0,0.0,0.0,0.0,0.0,7.4,17.3,0.0,990.6
2026-01-28 03:00:00+00:00,2.9,93,2.0,36,13,23,13,0.0,0.0,0.0,0.0,2.8,13.0,0.0,991.2
2026-01-28 04:00:00+00:00,3.0,95,2.3,71,41,29,45,0.0,0.0,0.0,0.0,4.5,9.0,0.0,991.7
2026-01-28 05:00:00+00:00,3.0,96,2.5,84,45,60,48,0.0,0.0,0.0,0.0,5.0,11.5,0.5,992.1
2026-01-28 06:00:00+00:00,3.3,92,2.1,87,7,81,48,0.0,0.0,0.0,0.0,4.6,7.9,1.4,992.6
2026-01-28 07:00:00+00:00,3.0,93,2.0,91,13,62,77,0.0,0.0,0.0,0.0,5.3,9.4,2.6,992.3
2026-01-28 08:00:00+00:00,2.5,95,1.9,99,48,63,97,0.0,0.0,0.0,0.0,4.7,14.4,1.9,992.9
2026-01-28 09:00:00+00:00,2.7,98,2.5,100,16,29,100,27.0,6.0,67.8,21.0,5.7,10.8,0.0,993.0
2026-01-28 10:00:00+00:00,4.6,96,4.0,23,21,0,2,120.0,41.0,204.1,79.0,7.1,14.4,0.0,993.6
2026-01-28 11:00:00+00:00,6.6,90,5.0,8,8,0,0,238.0,169.0,583.4,69.0,7.2,17.6,0.0,994.4
2026-01-28 12:00:00+00:00,8.1,82,5.2,22,13,2,9,299.0,221.0,645.6,78.0,6.9,18.7,0.0,994.3
2026-01-28 13:00:00+00:00,9.2,71,4.2,27,13,5,15,315.0,238.0,670.1,77.0,6.8,17.6,0.0,994.1
2026-01-28 14:00:00+00:00,9.4,68,3.8,14,12,5,2,274.0,208.0,635.4,66.0,6.0,17.6,0.0,994.1
2026-01-28 15:00:00+00:00,9.4,67,3.5,20,20,2,0,216.0,156.0,598.1,60.0,5.8,14.8,0.0,994.2
2026-01-28 16:00:00+00:00,8.3,75,4.1,44,44,1,0,113.0,71.0,443.6,42.0,5.9,13.3,0.0,994.8
2026-01-28 17:00:00+00:00,6.7,84,4.2,16,13,9,0,18.0,7.0,108.2,11.0,10.4,19.4,0.0,995.5
2026-01-28 18:00:00+00:00,6.2,91,4.8,27,4,21,5,0.0,0.0,0.0,0.0,9.4,20.2,0.0,996.0
2026-01-28 19:00:00+00:00,6.1,91,4.8,46,6,45,2,0.0,0.0,0.0,0.0,11.0,20.9,0.0,996.2
2026-01-28 20:00:00+00:00,6.1,90,4.5,9,1,8,2,0.0,0.0,0.0,0.0,9.2,20.2,0.0,996.4
2026-01-28 21:00:00+00:00,4.6,91,3.2,2,0,2,1,0.0,0.0,0.0,0.0,5.4,16.6,0.0,996.3
2026-01-28 22:00:00+00:00,4.8,90,3.3,0,0,0,0,0.0,0.0,0.0,0.0,8.1,14.0,0.0,996.5
2026-01-28 23:00:00+00:00,4.5,91,3.1,0,0,0,0,0.0,0.0,0.0,0.0,10.5,18.7,0.0,996.6
2026-01-29 00:00:00+00:00,4.6,92,3.4,0,0,0,0,0.0,0.0,0.0,0.0,11.2,20.9,0.0,996.8
2026-01-29 01:00:00+00:00,4.1,93,3.0,4,0,0,4,0.0,0.0,0.0,0.0,11.1,20.2,0.0,996.7
2026-01-29 02:00:00+00:00,3.8,94,2.8,34,0,0,34,0.0,0.0,0.0,0.0,11.4,20.5,0.0,996.6
2026-01-29 03:00:00+00:00,3.7,93,2.7,41,0,0,41,0.0,0.0,0.0,0.0,11.7,20.9,0.0,996.5
2026-01-29 04:00:00+00:00,3.7,94,2.8,23,21,0,2,0.0,0.0,0.0,0.0,12.0,21.6,0.0,996.3
2026-01-29 05:00:00+00:00,3.6,95,2.9,51,23,0,35,0.0,0.0,0.0,0.0,12.4,22.0,0.0,996.4
2026-01-29 06:00:00+00:00,3.5,95,2.8,62,58,5,4,0.0,0.0,0.0,0.0,14.4,25.6,0.0,996.6
2026-01-29 07:00:00+00:00,3.6,95,2.9,48,47,1,0,0.0,0.0,0.0,0.0,14.9,27.4,0.0,996.5
2026-01-29 08:00:00+00:00,4.0,95,3.3,47,45,3,0,0.0,0.0,0.0,0.0,14.4,27.4,0.0,996.5
2026-01-29 09:00:00+00:00,5.2,94,4.3,39,39,0,0,49.0,21.0,231.9,28.0,14.7,27.4,0.0,996.5
2026-01-29 10:00:00+00:00,7.1,89,5.3,50,48,5,0,144.0,83.0,405.4,61.0,16.7,33.1,0.0,996.1
2026-01-29 11:00:00+00:00,7.9,80,4.7,41,38,1,5,213.0,132.0,449.3,81.0,20.5,46.4,0.0,995.9
2026-01-29 12:00:00+00:00,7.9,76,3.8,88,88,0,0,273.0,187.0,539.5,86.0,22.5,50.8,0.0,995.5
2026-01-29 13:00:00+00:00,7.7,80,4.4,96,96,0,0,226.0,105.0,292.0,121.0,23.7,51.1,0.1,994.9
2026-01-29 14:00:00+00:00,7.3,83,4.7,53,53,0,0,135.0,30.0,90.4,105.0,21.3,50.0,0.0,994.3
2026-01-29 15:00:00+00:00,7.2,82,4.3,84,84,1,0,139.0,61.0,229.9,78.0,20.6,46.1,0.0,994.0
2026-01-29 16:00:00+00:00,6.8,87,4.8,100,100,1,0,60.0,9.0,54.7,51.0,17.4,45.0,0.0,993.7
2026-01-29 17:00:00+00:00,6.5,89,4.8,100,100,99,0,8.0,1.0,14.9,7.0,18.6,38.5,0.0,993.2
2026-01-29 18:00:00+00:00,6.5,89,4.8,100,100,98,0,0.0,0.0,0.0,0.0,19.2,39.2,0.0,992.7
2026-01-29 19:00:00+00:00,6.7,90,5.1,100,100,75,5,0.0,0.0,0.0,0.0,20.8,42.5,0.1,991.9
2026-01-29 20:00:00+00:00,6.8,90,5.3,100,100,100,20,0.0,0.0,0.0,0.0,21.2,43.2,0.1,991.5
2026-01-29 21:00:00+00:00,6.7,91,5.4,100,100,100,99,0.0,0.0,0.0,0.0,21.8,43.9,0.3,990.5
2026-01-29 22:00:00+00:00,6.5,96,5.9,100,100,100,100,0.0,0.0,0.0,0.0,22.0,44.3,1.3,990.3
2026-01-29 23:00:00+00:00,6.8,96,6.2,100,100,100,84,0.0,0.0,0.0,0.0,20.2,42.1,2.3,989.9
2026-01-30 00:00:00+00:00,6.3,96,5.8,100,100,85,56,0.0,0.0,0.0,0.0,23.5,38.9,3.9,989.3
2026-01-30 01:00:00+00:00,6.7,97,6.2,100,100,97,9,0.0,0.0,0.0,0.0,22.0,46.1,0.3,989.0
2026-01-30 02:00:00+00:00,7.3,97,6.8,100,100,100,96,0.0,0.0,0.0,0.0,19.0,41.8,0.8,988.5
2026-01-30 03:00:00+00:00,7.6,97,7.2,100,100,100,48,0.0,0.0,0.0,0.0,13.7,36.4,0.9,988.1
2026-01-30 04:00:00+00:00,8.1,97,7.6,83,71,3,38,0.0,0.0,0.0,0.0,13.5,25.2,0.4,987.9
2026-01-30 05:00:00+00:00,7.5,96,6.9,93,10,5,91,0.0,0.0,0.0,0.0,12.4,24.8,0.0,988.0
2026-01-30 06:00:00+00:00,6.8,96,6.2,58,20,23,41,0.0,0.0,0.0,0.0,13.4,24.5,0.0,988.4
2026-01-30 07:00:00+00:00,6.4,96,5.8,43,5,1,41,0.0,0.0,0.0,0.0,9.8,23.4,0.0,988.3
2026-01-30 08:00:00+00:00,6.0,97,5.6,11,10,1,0,1.0,0.0,0.0,1.0,10.1,18.0,0.0,988.6
2026-01-30 09:00:00+00:00,7.2,95,6.5,13,5,10,3,55.0,30.0,323.9,25.0,11.4,20.5,0.0,988.8
2026-01-30 10:00:00+00:00,8.9,92,7.7,99,0,2,99,160.0,106.0,508.0,54.0,11.7,22.7,0.0,988.3
2026-01-30 11:00:00+00:00,9.9,80,6.6,100,6,18,100,259.0,186.0,624.2,73.0,16.7,33.5,0.2,988.4
2026-01-30 12:00:00+00:00,10.2,75,6.1,100,21,4,100,249.0,122.0,347.6,127.0,18.3,41.0,0.0,987.8
2026-01-30 13:00:00+00:00,10.1,77,6.2,100,23,66,100,257.0,112.0,307.6,145.0,19.1,41.8,0.0,986.9
2026-01-30 14:00:00+00:00,9.6,80,6.2,100,27,89,99,202.0,61.0,181.3,141.0,23.0,46.1,0.3,985.7
2026-01-30 15:00:00+00:00,9.2,86,7.1,100,100,100,100,108.0,10.0,37.1,98.0,24.3,47.5,0.3,984.9
2026-01-30 16:00:00+00:00,8.4,95,7.6,100,100,100,100,11.0,0.0,0.0,11.0,24.6,50.4,1.9,984.3
2026-01-30 17:00:00+00:00,7.9,95,7.1,100,100,100,59,2.0,0.0,0.0,2.0,23.1,49.3,1.5,983.8
2026-01-30 18:00:00+00:00,8.0,94,7.1,59,38,1,34,0.0,0.0,0.0,0.0,19.4,43.9,1.0,983.2
2026-01-30 19:00:00+00:00,7.8,86,5.7,41,40,1,1,0.0,0.0,0.0,0.0,23.5,51.1,0.0,984.1
2026-01-30 20:00:00+00:00,7.9,82,5.1,36,36,0,0,0.0,0.0,0.0,0.0,22.6,46.4,0.0,984.4
2026-01-30 21:00:00+00:00,8.2,80,5.0,13,13,0,0,0.0,0.0,0.0,0.0,20.6,45.7,0.0,985.2
2026-01-30 22:00:00+00:00,7.8,83,5.2,13,9,9,0,0.0,0.0,0.0,0.0,15.9,41.4,0.0,986.3
2026-01-30 23:00:00+00:00,7.4,84,4.9,16,4,6,9,0.0,0.0,0.0,0.0,14.0,31.3,0.0,987.2
2026-01-31 00:00:00+00:00,7.3,87,5.4,29,9,13,18,0.0,0.0,0.0,0.0,15.6,28.4,0.0,988.1
2026-01-31 01:00:00+00:00,7.3,86,5.2,97,2,13,97,0.0,0.0,0.0,0.0,14.3,31.0,0.0,989.3
2026-01-31 02:00:00+00:00,7.3,83,4.7,84,12,55,77,0.0,0.0,0.0,0.0,14.2,28.1,0.0,990.0
2026-01-31 03:00:00+00:00,7.4,83,4.8,64,21,10,51,0.0,0.0,0.0,0.0,15.0,29.9,0.0,990.7
2026-01-31 04:00:00+00:00,7.1,83,4.4,12,7,4,2,0.0,0.0,0.0,0.0,13.1,29.9,0.0,991.3
2026-01-31 05:00:00+00:00,6.3,88,4.6,22,19,3,3,0.0,0.0,0.0,0.0,11.2,25.6,0.0,992.2
2026-01-31 06:00:00+00:00,6.2,92,5.1,80,16,19,73,0.0,0.0,0.0,0.0,15.7,21.6,0.0,993.2
2026-01-31 07:00:00+00:00,6.2,92,5.0,33,6,8,24,0.0,0.0,0.0,0.0,11.9,29.5,0.0,993.8
2026-01-31 08:00:00+00:00,5.5,93,4.4,51,6,0,48,1.0,0.0,0.0,1.0,8.3,22.0,0.0,994.8
2026-01-31 09:00:00+00:00,6.4,91,5.2,44,3,0,42,55.0,27.0,285.0,28.0,9.3,16.2,0.0,995.7
2026-01-31 10:00:00+00:00,8.2,84,5.7,70,24,22,50,171.0,118.0,554.7,53.0,14.2,33.8,0.0,996.5
2026-01-31 11:00:00+00:00,8.3,79,4.8,100,14,56,100,223.0,141.0,466.5,82.0,16.2,36.7,0.5,997.1
2026-01-31 12:00:00+00:00,9.8,73,5.1,98,11,91,90,266.0,143.0,402.3,123.0,17.5,40.0,0.0,997.5
2026-01-31 13:00:00+00:00,10.1,70,4.9,91,14,23,87,289.0,158.0,428.6,131.0,18.1,39.2,0.0,997.6
2026-01-31 14:00:00+00:00,9.9,70,4.7,97,20,27,95,268.0,166.0,486.7,102.0,19.1,40.7,0.0,998.0
2026-01-31 15:00:00+00:00,9.4,74,5.0,70,33,10,50,135.0,53.0,193.0,82.0,15.8,41.0,0.0,998.6
2026-01-31 16:00:00+00:00,8.8,79,5.3,85,42,23,69,109.0,55.0,316.8,54.0,15.7,34.2,0.1,999.3
2026-01-31 17:00:00+00:00,7.3,91,6.1,97,95,38,0,20.0,6.0,83.6,14.0,13.9,31.7,0.5,1000.1
2026-01-31 18:00:00+00:00,7.6,94,6.7,66,30,15,49,0.0,0.0,0.0,0.0,11.6,28.4,0.1,1000.4
2026-01-31 19:00:00+00:00,7.2,96,6.6,48,11,29,38,0.0,0.0,0.0,0.0,10.3,21.6,0.0,1000.4
2026-01-31 20:00:00+00:00,6.7,95,6.0,11,9,4,0,0.0,0.0,0.0,0.0,8.3,18.7,0.0,1000.7
2026-01-31 21:00:00+00:00,6.3,96,5.7,13,9,6,0,0.0,0.0,0.0,0.0,7.5,15.1,0.0,1001.0
2026-01-31 22:00:00+00:00,6.0,96,5.4,7,5,2,0,0.0,0.0,0.0,0.0,8.4,14.4,0.0,1001.1
2026-01-31 23:00:00+00:00,5.4,97,4.9,90,4,2,90,0.0,0.0,0.0,0.0,8.9,15.5,0.0,1001.4
2026-02-01 00:00:00+00:00,6.2,96,5.6,98,2,98,71,0.0,0.0,0.0,0.0,8.6,15.5,0.0,1001.8
2026-02-01 01:00:00+00:00,5.9,97,5.5,100,8,41,100,0.0,0.0,0.0,0.0,9.4,16.6,0.0,1001.7
2026-02-01 02:00:00+00:00,5.9,97,5.4,100,7,100,100,0.0,0.0,0.0,0.0,8.3,16.6,0.0,1001.5
2026-02-01 03:00:00+00:00,6.4,97,6.1,100,12,100,100,0.0,0.0,0.0,0.0,8.4,14.8,0.0,1001.2
2026-02-01 04:00:00+00:00,6.5,97,6.1,100,8,100,100,0.0,0.0,0.0,0.0,8.5,15.1,0.0,1001.0
2026-02-01 05:00:00+00:00,6.3,93,5.3,100,52,100,51,0.0,0.0,0.0,0.0,7.7,14.8,0.5,1000.9
2026-02-01 06:00:00+00:00,6.5,95,5.8,100,68,100,100,0.0,0.0,0.0,0.0,6.0,13.3,0.1,1000.9
2026-02-01 07:00:00+00:00,7.2,97,6.7,100,32,100,100,0.0,0.0,0.0,0.0,9.9,17.6,0.6,1000.9
2026-02-01 08:00:00+00:00,7.5,97,7.0,100,96,100,93,0.0,0.0,0.0,0.0,11.9,21.2,0.4,1000.9
2026-02-01 09:00:00+00:00,7.6,96,7.0,100,100,100,0,14.0,0.0,0.0,14.0,10.8,23.8,0.1,1001.1
2026-02-01 10:00:00+00:00,7.3,96,6.8,100,88,100,0,18.0,0.0,0.0,18.0,4.9,19.4,0.3,1001.1
2026-02-01 11:00:00+00:00,7.8,94,6.9,77,13,12,71,41.0,0.0,0.0,41.0,4.8,9.0,0.1,1000.9
2026-02-01 12:00:00+00:00,9.2,84,6.7,84,75,41,14,311.0,207.0,575.0,104.0,8.3,19.4,0.0,1000.4
2026-02-01 13:00:00+00:00,9.2,83,6.5,100,73,99,31,162.0,63.0,168.7,99.0,6.4,19.4,0.1,1000.0
2026-02-01 14:00:00+00:00,8.8,88,6.8,100,99,53,0,60.0,1.0,2.9,59.0,6.8,15.5,0.4,999.2
2026-02-01 15:00:00+00:00,8.8,89,7.1,100,100,72,0,125.0,15.0,53.7,110.0,7.0,17.6,0.4,998.5
2026-02-01 16:00:00+00:00,8.1,96,7.4,100,100,100,86,43.0,0.0,0.0,43.0,6.0,14.8,0.6,998.3
2026-02-01 17:00:00+00:00,7.6,94,6.7,100,100,100,98,2.0,0.0,0.0,2.0,5.6,11.9,1.3,998.4
2026-02-01 18:00:00+00:00,7.0,95,6.2,100,100,100,100,0.0,0.0,0.0,0.0,15.9,11.2,2.2,998.5
2026-02-01 19:00:00+00:00,6.7,96,6.1,100,100,100,100,0.0,0.0,0.0,0.0,15.4,30.2,1.9,998.4
2026-02-01 20:00:00+00:00,6.6,96,5.9,100,100,100,0,0.0,0.0,0.0,0.0,13.2,29.2,1.6,998.5
2026-02-01 21:00:00+00:00,6.5,97,6.0,100,27,100,0,0.0,0.0,0.0,0.0,12.4,24.5,0.5,998.6
2026-02-01 22:00:00+00:00,6.2,97,5.8,7,0,7,0,0.0,0.0,0.0,0.0,12.3,23.8,0.1,998.7
2026-02-01 23:00:00+00:00,5.3,97,4.9,9,9,0,0,0.0,0.0,0.0,0.0,10.4,22.3,0.0,998.8
2026-02-02 00:00:00+00:00,6.1,95,5.3,18,7,13,0,0.0,0.0,0.0,0.0,11.3,19.8,0.0,998.7
2026-02-02 01:00:00+00:00,5.6,97,5.1,7,7,0,0,0.0,0.0,0.0,0.0,12.9,22.7,0.0,998.7
2026-02-02 02:00:00+00:00,5.3,97,4.8,1,1,1,0,0.0,0.0,0.0,0.0,13.4,24.5,0.0,997.8
2026-02-02 03:00:00+00:00,5.0,98,4.7,2,2,1,0,0.0,0.0,0.0,0.0,13.0,24.1,0.0,997.2
2026-02-02 04:00:00+00:00,4.8,98,4.5,10,10,0,0,0.0,0.0,0.0,0.0,11.2,23.4,0.0,996.9
2026-02-02 05:00:00+00:00,4.7,99,4.5,16,16,0,0,0.0,0.0,0.0,0.0,12.3,22.0,0.0,996.4
2026-02-02 06:00:00+00:00,6.2,97,5.7,67,58,5,20,0.0,0.0,0.0,0.0,11.1,24.8,0.0,996.5
2026-02-02 07:00:00+00:00,6.2,98,5.8,91,38,15,84,0.0,0.0,0.0,0.0,11.9,22.0,0.0,996.3
2026-02-02 08:00:00+00:00,6.1,98,5.8,94,91,6,18,1.0,0.0,0.0,1.0,12.4,22.3,0.0,996.4
2026-02-02 09:00:00+00:00,7.1,96,6.4,100,100,0,38,40.0,7.0,69.4,33.0,13.4,25.9,0.0,996.0
2026-02-02 10:00:00+00:00,7.7,95,6.8,98,88,0,88,97.0,11.0,49.7,86.0,16.4,31.7,0.1,995.8
2026-02-02 11:00:00+00:00,8.1,88,6.2,99,86,0,97,142.0,40.0,128.6,102.0,18.7,40.0,0.1,995.5
2026-02-02 12:00:00+00:00,8.9,76,5.0,100,100,0,100,200.0,62.0,170.1,138.0,21.1,44.6,0.0,994.9
2026-02-02 13:00:00+00:00,8.9,72,4.2,100,100,0,100,175.0,15.0,39.7,160.0,21.0,45.7,0.0,994.5
2026-02-02 14:00:00+00:00,8.7,71,3.8,98,70,0,96,148.0,27.0,77.0,121.0,21.6,47.5,0.0,993.6
2026-02-02 15:00:00+00:00,8.3,75,4.1,100,100,0,98,136.0,28.0,98.6,108.0,21.5,48.6,0.0,993.3
2026-02-02 16:00:00+00:00,7.8,77,4.0,84,63,0,58,78.0,20.0,109.4,58.0,19.6,50.4,0.0,993.0
2026-02-02 17:00:00+00:00,6.9,81,4.0,98,13,0,97,25.0,9.0,117.5,16.0,19.4,42.1,0.0,992.7
2026-02-02 18:00:00+00:00,6.4,85,4.1,100,64,0,100,0.0,0.0,0.0,0.0,19.3,40.3,0.0,992.5
2026-02-02 19:00:00+00:00,6.5,86,4.3,100,37,2,100,0.0,0.0,0.0,0.0,19.6,40.7,0.0,992.4
2026-02-02 20:00:00+00:00,6.3,84,3.9,100,40,13,100,0.0,0.0,0.0,0.0,19.4,41.0,0.0,992.3
2026-02-02 21:00:00+00:00,6.4,81,3.5,100,28,100,100,0.0,0.0,0.0,0.0,19.6,40.7,0.0,991.7
2026-02-02 22:00:00+00:00,6.7,80,3.5,100,100,100,100,0.0,0.0,0.0,0.0,20.2,41.4,0.0,991.6
2026-02-02 23:00:00+00:00,6.7,83,4.1,100,100,100,100,0.0,0.0,0.0,0.0,20.3,41.8,0.2,991.1
2026-02-03 00:00:00+00:00,7.1,84,4.5,100,48,100,100,0.0,0.0,0.0,0.0,19.4,41.4,0.5,990.8
2026-02-03 01:00:00+00:00,7.0,86,4.8,100,95,100,100,0.0,0.0,0.0,0.0,18.6,39.6,0.1,990.4
2026-02-03 02:00:00+00:00,6.8,87,4.8,100,100,100,99,0.0,0.0,0.0,0.0,18.7,38.2,0.1,990.1
2026-02-03 03:00:00+00:00,6.8,88,4.9,100,100,100,100,0.0,0.0,0.0,0.0,18.7,37.8,0.1,989.8
2026-02-03 04:00:00+00:00,6.7,90,5.1,100,100,100,95,0.0,0.0,0.0,0.0,18.9,38.2,0.1,989.7
2026-02-03 05:00:00+00:00,6.2,95,5.4,100,100,100,100,0.0,0.0,0.0,0.0,19.3,38.2,1.0,989.9
2026-02-03 06:00:00+00:00,5.9,95,5.2,100,100,100,100,0.0,0.0,0.0,0.0,17.1,36.7,0.9,990.1
2026-02-03 07:00:00+00:00,5.6,97,5.1,100,100,100,100,0.0,0.0,0.0,0.0,16.6,32.8,0.9,990.2
2026-02-03 08:00:00+00:00,5.3,97,4.8,100,100,100,99,0.0,0.0,0.0,0.0,16.0,31.7,0.9,990.6
2026-02-03 09:00:00+00:00,5.1,96,4.6,100,100,100,100,7.0,0.0,0.0,7.0,15.4,30.6,0.7,991.0
2026-02-03 10:00:00+00:00,5.1,96,4.5,100,100,100,100,22.0,0.0,0.0,22.0,14.2,29.2,1.1,991.5
2026-02-03 11:00:00+00:00,5.1,96,4.6,100,100,100,87,30.0,0.0,0.0,30.0,13.7,27.4,1.6,991.8
2026-02-03 12:00:00+00:00,5.3,96,4.7,100,100,100,100,37.0,0.0,0.0,37.0,13.6,26.3,1.6,992.0
2026-02-03 13:00:00+00:00,5.5,95,4.8,100,100,100,100,57.0,0.0,0.0,57.0,12.7,26.3,1.0,991.9
2026-02-03 14:00:00+00:00,5.4,96,4.8,100,100,100,100,40.0,0.0,0.0,40.0,10.1,24.8,0.9,991.8
2026-02-03 15:00:00+00:00,5.4,96,4.8,100,100,100,100,31.0,0.0,0.0,31.0,7.3,19.1,0.7,991.9
2026-02-03 16:00:00+00:00,5.3,96,4.7,100,100,100,100,17.0,0.0,0.0,17.0,7.5,14.4,0.7,992.1
2026-02-03 17:00:00+00:00,5.1,96,4.6,100,100,100,100,6.0,0.0,0.0,6.0,7.6,14.4,0.5,992.3
2026-02-03 18:00:00+00:00,5.2,97,4.7,100,100,100,100,0.0,0.0,0.0,0.0,9.6,17.3,0.4,992.7
2026-02-03 19:00:00+00:00,4.8,98,4.6,100,100,100,100,0.0,0.0,0.0,0.0,10.5,19.4,0.4,992.7
2026-02-03 20:00:00+00:00,4.7,98,4.4,100,100,100,98,0.0,0.0,0.0,0.0,9.8,19.8,0.2,992.8
2026-02-03 21:00:00+00:00,5.0,98,4.7,100,50,100,71,0.0,0.0,0.0,0.0,8.2,18.0,0.2,992.7
2026-02-03 22:00:00+00:00,5.1,98,4.8,100,30,100,90,0.0,0.0,0.0,0.0,8.6,15.5,0.1,992.8
2026-02-03 23:00:00+00:00,5.1,98,4.8,100,22,100,100,0.0,0.0,0.0,0.0,8.4,16.2,0.1,992.6
2026-02-04 00:00:00+00:00,5.8,96,5.2,100,13,100,100,0.0,0.0,0.0,0.0,8.2,15.1,0.0,992.3
2026-02-04 01:00:00+00:00,5.8,96,5.2,100,2,66,100,0.0,0.0,0.0,0.0,8.7,14.8,0.1,992.1
2026-02-04 02:00:00+00:00,5.7,97,5.2,91,12,10,91,0.0,0.0,0.0,0.0,9.7,17.3,0.0,991.9
2026-02-04 03:00:00+00:00,5.6,97,5.2,19,16,1,3,0.0,0.0,0.0,0.0,11.0,19.8,0.0,991.6
2026-02-04 04:00:00+00:00,5.3,98,5.0,10,9,4,0,0.0,0.0,0.0,0.0,10.4,19.8,0.0,991.3
2026-02-04 05:00:00+00:00,5.1,98,4.8,45,7,13,36,0.0,0.0,0.0,0.0,9.8,18.4,0.0,991.1
2026-02-04 06:00:00+00:00,5.8,90,4.2,63,25,27,34,0.0,0.0,0.0,0.0,9.7,17.3,0.0,991.0
2026-02-04 07:00:00+00:00,5.6,97,5.2,44,15,16,24,0.0,0.0,0.0,0.0,11.7,20.2,0.2,990.8
2026-02-04 08:00:00+00:00,6.1,98,5.8,2,2,2,0,2.0,0.0,0.0,2.0,14.0,25.2,0.0,990.9
2026-02-04 09:00:00+00:00,7.1,95,6.3,0,0,0,0,72.0,43.0,394.0,29.0,16.6,29.9,0.0,990.8
2026-02-04 10:00:00+00:00,8.4,92,7.2,0,0,0,0,191.0,141.0,613.5,50.0,14.6,34.6,0.0,990.6
2026-02-04 11:00:00+00:00,9.2,87,7.2,1,1,0,0,291.0,231.0,721.4,60.0,16.2,37.4,0.0,990.4
2026-02-04 12:00:00+00:00,9.9,82,7.1,13,7,12,0,353.0,288.0,770.0,65.0,16.7,41.0,0.1,990.1
2026-02-04 13:00:00+00:00,10.4,78,6.7,45,2,30,38,357.0,284.0,732.5,73.0,17.1,38.2,0.0,989.5
2026-02-04 14:00:00+00:00,10.1,75,6.0,100,1,82,100,311.0,228.0,632.9,83.0,16.2,38.5,0.0,988.5
2026-02-04 15:00:00+00:00,9.9,76,5.9,98,0,23,98,222.0,118.0,401.9,104.0,16.3,35.6,0.0,987.8
2026-02-04 16:00:00+00:00,9.2,79,5.8,49,0,27,47,145.0,88.0,457.7,57.0,18.7,39.2,0.0,987.4
2026-02-04 17:00:00+00:00,8.0,83,5.3,94,0,3,94,38.0,21.0,257.7,17.0,18.6,39.2,0.0,987.2
2026-02-04 18:00:00+00:00,7.7,85,5.2,100,25,15,99,0.0,0.0,0.0,0.0,19.1,39.6,0.0,986.7
2026-02-04 19:00:00+00:00,7.4,86,5.3,100,30,92,100,0.0,0.0,0.0,0.0,19.3,38.9,0.1,986.2
2026-02-04 20:00:00+00:00,7.3,85,5.0,95,24,84,90,0.0,0.0,0.0,0.0,22.0,44.6,0.0,985.6
2026-02-04 21:00:00+00:00,7.2,81,4.2,85,34,65,65,0.0,0.0,0.0,0.0,19.1,45.0,0.0,985.1
2026-02-04 22:00:00+00:00,7.2,89,5.4,100,15,98,91,0.0,0.0,0.0,0.0,21.9,41.8,1.2,984.4
2026-02-04 23:00:00+00:00,7.2,87,5.2,100,24,100,100,0.0,0.0,0.0,0.0,23.6,46.8,0.0,983.7
2026-02-05 00:00:00+00:00,7.2,88,5.3,100,64,100,95,0.0,0.0,0.0,0.0,23.5,47.2,0.2,983.5
2026-02-05 01:00:00+00:00,7.3,90,5.8,100,17,16,100,0.0,0.0,0.0,0.0,22.9,49.3,0.1,982.2
2026-02-05 02:00:00+00:00,6.8,90,5.3,100,100,99,27,0.0,0.0,0.0,0.0,20.0,46.4,0.2,981.9
2026-02-05 03:00:00+00:00,7.5,91,6.2,99,75,91,82,0.0,0.0,0.0,0.0,21.1,42.1,0.3,980.9
2026-02-05 04:00:00+00:00,7.4,92,6.2,100,100,99,62,0.0,0.0,0.0,0.0,22.5,43.6,0.3,980.4
2026-02-05 05:00:00+00:00,7.6,96,6.9,100,100,100,53,0.0,0.0,0.0,0.0,22.2,45.0,0.7,979.9
2026-02-05 06:00:00+00:00,7.8,98,7.4,100,98,88,76,0.0,0.0,0.0,0.0,19.0,42.5,0.6,979.7
2026-02-05 07:00:00+00:00,7.7,98,7.3,100,100,31,61,0.0,0.0,0.0,0.0,19.2,37.1,0.5,979.6
2026-02-05 08:00:00+00:00,7.9,97,7.5,95,65,32,80,1.0,0.0,0.0,1.0,13.8,36.4,0.2,979.5
2026-02-05 09:00:00+00:00,8.6,95,7.8,81,66,45,28,47.0,10.0,88.2,37.0,14.0,26.3,0.0,979.9
2026-02-05 10:00:00+00:00,9.4,91,8.1,74,43,40,30,105.0,31.0,132.3,74.0,16.3,31.7,0.0,980.2
2026-02-05 11:00:00+00:00,10.1,84,7.6,100,99,77,3,197.0,76.0,233.9,121.0,16.8,37.1,1.5,980.4
2026-02-05 12:00:00+00:00,10.6,85,8.1,100,100,45,93,86.0,4.0,10.6,82.0,14.1,34.6,0.1,980.4
2026-02-05 13:00:00+00:00,9.8,90,8.2,100,95,98,100,89.0,4.0,10.2,85.0,16.3,31.3,1.1,980.2
2026-02-05 14:00:00+00:00,9.8,90,8.2,100,52,95,100,104.0,2.0,5.5,102.0,19.4,36.0,0.5,979.8
2026-02-05 15:00:00+00:00,9.4,90,7.9,100,100,100,100,76.0,0.0,0.0,76.0,16.7,35.6,0.4,979.7
2026-02-05 16:00:00+00:00,9.0,96,8.4,100,100,100,100,17.0,0.0,0.0,17.0,17.3,33.1,1.7,979.7
2026-02-05 17:00:00+00:00,8.5,95,7.8,100,100,100,100,5.0,0.0,0.0,5.0,14.7,32.4,1.3,979.7
2026-02-05 18:00:00+00:00,8.1,97,7.6,100,70,100,100,0.0,0.0,0.0,0.0,15.1,32.0,0.8,980.1
2026-02-05 19:00:00+00:00,8.1,97,7.7,100,100,100,99,0.0,0.0,0.0,0.0,13.9,28.4,0.8,980.3
2026-02-05 20:00:00+00:00,8.4,97,7.9,100,100,100,99,0.0,0.0,0.0,0.0,17.4,32.4,1.3,980.3
2026-02-05 21:00:00+00:00,8.6,96,7.9,100,100,100,100,0.0,0.0,0.0,0.0,17.2,34.2,0.8,980.4
2026-02-05 22:00:00+00:00,8.6,96,7.9,100,100,100,99,0.0,0.0,0.0,0.0,15.1,32.4,0.4,980.6
2026-02-05 23:00:00+00:00,8.4,96,7.9,100,100,100,100,0.0,0.0,0.0,0.0,17.2,31.7,0.8,980.5
2026-02-06 00:00:00+00:00,8.5,95,7.8,100,100,100,64,0.0,0.0,0.0,0.0,17.3,34.6,1.1,980.7
2026-02-06 01:00:00+00:00,8.4,97,7.9,100,100,100,33,0.0,0.0,0.0,0.0,13.9,32.0,1.3,980.4
2026-02-06 02:00:00+00:00,8.5,97,8.1,100,100,100,99,0.0,0.0,0.0,0.0,16.5,31.3,1.6,980.4
2026-02-06 03:00:00+00:00,8.5,97,8.1,100,100,100,100,0.0,0.0,0.0,0.0,15.6,31.7,1.3,980.2
2026-02-06 04:00:00+00:00,8.4,97,8.0,100,100,97,96,0.0,0.0,0.0,0.0,11.8,29.5,0.4,980.4
2026-02-06 05:00:00+00:00,8.2,98,8.0,100,100,68,99,0.0,0.0,0.0,0.0,9.4,22.7,0.2,980.8
2026-02-06 06:00:00+00:00,8.4,98,8.1,90,40,31,80,0.0,0.0,0.0,0.0,8.6,17.3,0.0,981.0
2026-02-06 07:00:00+00:00,7.4,97,7.1,100,65,98,97,0.0,0.0,0.0,0.0,7.5,15.5,1.4,981.4
2026-02-06 08:00:00+00:00,7.6,98,7.3,100,33,89,98,1.0,0.0,0.0,1.0,8.7,15.1,0.2,982.0
2026-02-06 09:00:00+00:00,8.0,95,7.2,97,43,23,95,49.0,11.0,93.5,38.0,9.3,16.9,0.2,982.7
2026-02-06 10:00:00+00:00,9.6,91,8.1,96,35,7,95,145.0,65.0,272.1,80.0,6.9,16.9,0.0,983.3
2026-02-06 11:00:00+00:00,11.1,88,9.2,93,45,6,88,262.0,177.0,537.0,85.0,10.4,23.8,0.1,984.0
2026-02-06 12:00:00+00:00,10.0,94,9.1,100,16,100,100,321.0,204.0,531.7,117.0,7.4,32.8,1.5,984.2
2026-02-06 13:00:00+00:00,10.6,89,8.8,97,29,83,80,175.0,9.0,22.6,166.0,12.8,27.0,1.1,984.6
2026-02-06 14:00:00+00:00,10.8,92,9.5,67,8,34,48,169.0,28.0,75.6,141.0,12.8,28.8,1.1,985.2
2026-02-06 15:00:00+00:00,10.8,88,8.9,54,21,18,32,180.0,76.0,250.5,104.0,19.0,38.2,0.1,986.1
2026-02-06 16:00:00+00:00,9.9,90,8.3,95,27,23,91,141.0,88.0,436.0,53.0,19.1,41.8,0.4,987.0
2026-02-06 17:00:00+00:00,9.1,89,7.5,47,1,1,46,36.0,14.0,161.9,22.0,16.7,37.4,0.0,987.9
2026-02-06 18:00:00+00:00,9.6,84,7.1,80,7,12,77,0.0,0.0,0.0,0.0,16.3,33.1,0.0,988.8
2026-02-06 19:00:00+00:00,9.2,84,6.7,23,12,15,5,0.0,0.0,0.0,0.0,16.9,34.6,0.0,989.4
2026-02-06 20:00:00+00:00,8.9,85,6.6,5,1,4,1,0.0,0.0,0.0,0.0,15.0,33.5,0.0,990.1
2026-02-06 21:00:00+00:00,8.6,84,6.2,13,11,8,0,0.0,0.0,0.0,0.0,15.7,32.4,0.0,990.8
2026-02-06 22:00:00+00:00,7.8,86,5.7,59,48,25,1,0.0,0.0,0.0,0.0,13.5,30.2,0.2,991.4
2026-02-06 23:00:00+00:00,7.8,91,6.4,73,62,29,2,0.0,0.0,0.0,0.0,16.1,30.2,0.1,991.8
2026-02-07 00:00:00+00:00,8.1,88,6.2,48,23,15,24,0.0,0.0,0.0,0.0,16.2,31.7,0.0,991.8
2026-02-07 01:00:00+00:00,8.1,90,6.5,13,4,2,8,0.0,0.0,0.0,0.0,16.5,31.7,0.2,991.7
2026-02-07 02:00:00+00:00,7.8,89,6.2,20,16,6,0,0.0,0.0,0.0,0.0,18.3,36.0,0.0,991.7
2026-02-07 03:00:00+00:00,8.0,87,6.1,46,46,1,0,0.0,0.0,0.0,0.0,19.1,37.4,0.0,991.3
2026-02-07 04:00:00+00:00,7.9,89,6.3,100,100,99,100,0.0,0.0,0.0,0.0,21.6,43.2,0.1,991.4
2026-02-07 05:00:00+00:00,8.1,89,6.3,100,100,98,93,0.0,0.0,0.0,0.0,22.1,44.6,0.2,991.3
2026-02-07 06:00:00+00:00,8.0,93,7.0,100,100,100,95,0.0,0.0,0.0,0.0,19.0,43.9,2.2,991.2
2026-02-07 07:00:00+00:00,8.1,93,7.1,100,100,99,93,0.0,0.0,0.0,0.0,19.7,40.7,0.5,991.2
2026-02-07 08:00:00+00:00,8.4,93,7.4,85,72,36,28,1.0,0.0,0.0,1.0,20.4,41.4,0.1,991.5
2026-02-07 09:00:00+00:00,8.8,92,7.6,45,42,1,5,42.0,11.0,90.1,31.0,15.0,38.9,0.0,991.7
2026-02-07 10:00:00+00:00,10.3,85,7.9,34,21,9,13,161.0,95.0,390.2,66.0,16.6,37.4,0.0,992.2
2026-02-07 11:00:00+00:00,10.8,82,7.8,95,23,27,92,265.0,179.0,535.3,86.0,22.3,43.6,1.2,993.0
2026-02-07 12:00:00+00:00,11.1,76,7.0,99,39,30,98,222.0,97.0,249.6,125.0,21.4,50.8,1.3,993.4
2026-02-07 13:00:00+00:00,10.2,83,7.6,98,34,20,97,245.0,107.0,265.8,138.0,23.1,47.2,0.3,993.8
2026-02-07 14:00:00+00:00,10.1,87,8.1,100,100,2,65,175.0,29.0,77.3,146.0,17.9,52.9,0.1,994.1
2026-02-07 15:00:00+00:00,10.4,86,8.2,69,54,33,0,136.0,12.0,38.9,124.0,24.0,48.2,0.4,994.3
2026-02-07 16:00:00+00:00,9.9,88,8.1,70,52,38,0,115.0,55.0,266.2,60.0,24.2,47.5,0.5,995.0
2026-02-07 17:00:00+00:00,9.8,87,7.7,38,13,7,25,37.0,14.0,157.3,23.0,19.8,46.4,0.0,995.7
2026-02-07 18:00:00+00:00,9.9,80,6.7,88,16,21,82,0.0,0.0,0.0,0.0,16.8,39.2,0.0,996.3
2026-02-07 19:00:00+00:00,9.6,83,6.8,74,23,36,56,0.0,0.0,0.0,0.0,16.9,34.6,0.0,997.1
2026-02-07 20:00:00+00:00,9.3,85,6.9,28,13,15,10,0.0,0.0,0.0,0.0,15.3,33.8,0.0,997.8
2026-02-07 21:00:00+00:00,8.9,88,7.1,22,12,12,2,0.0,0.0,0.0,0.0,14.5,30.6,0.0,998.4
2026-02-07 22:00:00+00:00,8.6,91,7.2,15,13,7,0,0.0,0.0,0.0,0.0,13.0,28.1,0.0,999.0
2026-02-07 23:00:00+00:00,8.4,92,7.2,4,2,2,0,0.0,0.0,0.0,0.0,13.0,25.2,0.0,999.3
2026-02-08 00:00:00+00:00,8.5,93,7.4,58,9,53,6,0.0,0.0,0.0,0.0,11.1,24.8,0.0,999.9
2026-02-08 01:00:00+00:00,8.2,93,7.2,91,9,23,89,0.0,0.0,0.0,0.0,10.4,20.5,0.0,1000.2
2026-02-08 02:00:00+00:00,7.8,94,6.8,100,16,29,100,0.0,0.0,0.0,0.0,10.8,19.4,0.1,1000.8
2026-02-08 03:00:00+00:00,7.7,94,6.8,100,18,26,100,0.0,0.0,0.0,0.0,10.7,20.2,0.0,1001.2
2026-02-08 04:00:00+00:00,7.7,94,6.8,100,12,22,100,0.0,0.0,0.0,0.0,9.9,19.8,0.0,1001.5
2026-02-08 05:00:00+00:00,7.3,95,6.6,87,11,20,82,0.0,0.0,0.0,0.0,9.2,17.6,0.0,1001.7
2026-02-08 06:00:00+00:00,7.2,97,6.8,100,7,55,100,0.0,0.0,0.0,0.0,8.0,16.2,0.0,1002.1
2026-02-08 07:00:00+00:00,6.9,97,6.5,100,4,95,100,0.0,0.0,0.0,0.0,8.8,15.8,0.0,1002.5
2026-02-08 08:00:00+00:00,6.9,98,6.6,100,8,98,100,4.0,0.0,0.0,4.0,8.9,15.8,0.0,1003.0
2026-02-08 09:00:00+00:00,7.9,96,7.3,100,16,98,100,46.0,0.0,0.0,46.0,10.3,18.0,0.0,1003.4
2026-02-08 10:00:00+00:00,9.1,92,7.9,100,30,92,100,96.0,4.0,16.1,92.0,10.8,19.8,0.0,1003.9
2026-02-08 11:00:00+00:00,9.6,87,7.7,100,55,99,100,144.0,9.0,26.5,135.0,13.6,26.6,0.2,1004.4
2026-02-08 12:00:00+00:00,10.2,85,7.8,100,95,97,100,144.0,10.0,25.4,134.0,11.2,30.2,0.1,1004.1
2026-02-08 13:00:00+00:00,9.5,85,7.1,100,66,99,100,166.0,6.0,14.7,160.0,14.5,28.8,2.7,1003.9
2026-02-08 14:00:00+00:00,9.3,89,7.6,100,30,99,100,130.0,8.0,21.0,122.0,13.3,27.7,0.9,1003.7
2026-02-08 15:00:00+00:00,9.1,89,7.5,100,82,100,100,124.0,8.0,25.5,116.0,11.9,28.1,1.3,1003.7
2026-02-08 16:00:00+00:00,8.5,96,7.9,100,100,100,100,33.0,0.0,0.0,33.0,10.3,25.6,0.3,1003.8
2026-02-08 17:00:00+00:00,8.4,94,7.6,100,100,100,100,15.0,0.0,0.0,15.0,12.6,24.8,0.2,1004.0
2026-02-08 18:00:00+00:00,7.9,98,7.6,100,17,99,100,0.0,0.0,0.0,0.0,10.8,23.0,0.1,1004.2
2026-02-08 19:00:00+00:00,7.8,96,7.2,100,36,98,100,0.0,0.0,0.0,0.0,11.9,21.6,0.1,1004.1
2026-02-08 20:00:00+00:00,7.5,95,6.8,98,36,63,96,0.0,0.0,0.0,0.0,13.7,25.2,0.1,1004.0
2026-02-08 21:00:00+00:00,7.2,96,6.6,79,27,9,70,0.0,0.0,0.0,0.0,11.4,25.2,0.0,1003.8
2026-02-08 22:00:00+00:00,7.2,97,6.7,97,44,38,93,0.0,0.0,0.0,0.0,11.8,20.9,0.0,1003.7
2026-02-08 23:00:00+00:00,7.1,97,6.6,43,35,11,5,0.0,0.0,0.0,0.0,11.3,22.0,0.0,1003.3
2026-02-09 00:00:00+00:00,7.3,95,6.7,100,10,28,100,0.0,0.0,0.0,0.0,11.4,20.9,0.0,1003.0
2026-02-09 01:00:00+00:00,7.2,94,6.3,99,38,51,99,0.0,0.0,0.0,0.0,10.7,20.9,0.2,1002.5
2026-02-09 02:00:00+00:00,7.3,95,6.5,100,17,52,100,0.0,0.0,0.0,0.0,10.6,20.5,0.1,1002.0
2026-02-09 03:00:00+00:00,7.2,96,6.7,96,41,91,38,0.0,0.0,0.0,0.0,12.3,22.3,0.0,1001.7
2026-02-09 04:00:00+00:00,6.9,97,6.4,98,40,92,48,0.0,0.0,0.0,0.0,10.0,22.3,0.1,1001.3
2026-02-09 05:00:00+00:00,6.9,94,6.1,100,100,98,99,0.0,0.0,0.0,0.0,12.1,22.0,0.0,1001.1
2026-02-09 06:00:00+00:00,7.4,95,6.7,100,38,20,100,0.0,0.0,0.0,0.0,11.7,24.1,3.0,1000.6
2026-02-09 07:00:00+00:00,7.0,97,6.6,100,20,83,100,0.0,0.0,0.0,0.0,12.7,23.4,0.1,1000.1
2026-02-09 08:00:00+00:00,7.6,95,6.8,45,20,29,9,3.0,0.0,0.0,3.0,13.6,25.2,0.0,999.9
2026-02-09 09:00:00+00:00,8.2,94,7.3,78,23,24,65,80.0,37.0,282.2,43.0,15.0,28.1,0.0,999.6
2026-02-09 10:00:00+00:00,9.1,89,7.4,89,28,9,84,175.0,107.0,423.1,68.0,16.3,36.7,0.0,999.2
2026-02-09 11:00:00+00:00,9.9,84,7.3,91,25,18,85,277.0,167.0,485.3,110.0,18.5,40.0,0.0,998.8
2026-02-09 12:00:00+00:00,9.9,86,7.7,99,46,93,73,353.0,254.0,637.3,99.0,17.7,43.6,0.0,998.0
2026-02-09 13:00:00+00:00,9.9,80,6.6,99,50,31,98,207.0,38.0,92.1,169.0,20.7,45.0,0.3,997.0
2026-02-09 14:00:00+00:00,9.8,82,6.9,98,54,7,97,238.0,118.0,306.4,120.0,21.8,46.8,0.3,995.9
2026-02-09 15:00:00+00:00,9.7,82,6.8,100,25,98,91,203.0,81.0,254.6,122.0,23.4,50.4,0.1,995.1
2026-02-09 16:00:00+00:00,9.2,85,6.8,100,100,100,100,97.0,18.0,83.2,79.0,21.0,49.3,0.1,994.4
2026-02-09 17:00:00+00:00,8.6,90,7.0,100,100,100,100,9.0,0.0,0.0,9.0,24.2,46.4,0.9,993.9
2026-02-09 18:00:00+00:00,8.1,95,7.3,100,100,100,99,0.0,0.0,0.0,0.0,24.3,46.4,1.1,993.3
2026-02-09 19:00:00+00:00,8.1,96,7.4,100,100,100,5,0.0,0.0,0.0,0.0,21.6,46.8,1.6,993.0
2026-02-09 20:00:00+00:00,8.2,96,7.6,100,100,100,0,0.0,0.0,0.0,0.0,20.7,41.4,2.0,992.7
2026-02-09 21:00:00+00:00,8.2,95,7.6,100,100,100,17,0.0,0.0,0.0,0.0,21.7,41.8,1.3,992.0
2026-02-09 22:00:00+00:00,8.2,96,7.6,100,100,62,0,0.0,0.0,0.0,0.0,19.3,41.8,0.5,991.8
2026-02-09 23:00:00+00:00,8.2,97,7.8,100,100,0,0,0.0,0.0,0.0,0.0,16.3,36.7,0.3,991.4
2026-02-10 00:00:00+00:00,8.2,97,7.8,95,95,13,0,0.0,0.0,0.0,0.0,12.2,30.6,0.1,991.4
2026-02-10 01:00:00+00:00,7.9,98,7.6,96,96,1,0,0.0,0.0,0.0,0.0,9.5,22.3,0.0,991.1
2026-02-10 02:00:00+00:00,8.1,99,7.8,100,100,3,0,0.0,0.0,0.0,0.0,8.0,17.3,0.0,990.9
2026-02-10 03:00:00+00:00,8.2,99,8.1,90,89,5,4,0.0,0.0,0.0,0.0,7.5,14.4,0.0,990.5
2026-02-10 04:00:00+00:00,7.9,99,7.8,100,100,1,0,0.0,0.0,0.0,0.0,8.6,15.1,0.0,990.0
2026-02-10 05:00:00+00:00,8.3,99,8.1,100,100,35,88,0.0,0.0,0.0,0.0,9.2,17.3,0.0,989.7
2026-02-10 06:00:00+00:00,8.8,96,8.1,100,100,98,100,0.0,0.0,0.0,0.0,7.7,16.9,0.3,989.5
2026-02-10 07:00:00+00:00,8.9,97,8.4,100,92,13,99,0.0,0.0,0.0,0.0,7.9,13.7,0.1,989.1
2026-02-10 08:00:00+00:00,8.4,99,8.3,100,100,0,91,4.0,0.0,0.0,4.0,10.8,19.1,0.0,988.8
2026-02-10 09:00:00+00:00,9.2,96,8.6,89,84,0,28,40.0,1.0,7.4,39.0,13.2,26.3,0.0,988.9
2026-02-10 10:00:00+00:00,10.1,90,8.5,90,89,0,5,164.0,82.0,318.3,82.0,13.3,30.2,0.0,988.4
2026-02-10 11:00:00+00:00,10.8,87,8.8,100,91,20,100,184.0,66.0,189.1,118.0,15.3,31.3,0.1,988.1
2026-02-10 12:00:00+00:00,10.9,84,8.2,100,100,2,95,128.0,17.0,42.1,111.0,14.6,36.4,0.2,987.4
2026-02-10 13:00:00+00:00,10.4,94,9.5,100,100,54,44,97.0,4.0,9.6,93.0,19.1,37.8,0.3,986.5
2026-02-10 14:00:00+00:00,10.2,97,9.8,100,100,100,98,82.0,2.0,5.1,80.0,12.1,39.6,2.0,985.3
2026-02-10 15:00:00+00:00,9.8,99,9.6,100,100,95,80,34.0,0.0,0.0,34.0,11.0,23.4,1.9,983.9
2026-02-10 16:00:00+00:00,9.8,99,9.6,100,100,48,61,19.0,0.0,0.0,19.0,11.0,21.2,1.5,982.9
2026-02-10 17:00:00+00:00,9.9,97,9.5,100,100,2,81,12.0,0.0,0.0,12.0,12.1,23.8,0.1,982.1
2026-02-10 18:00:00+00:00,10.6,99,10.4,100,100,33,91,0.0,0.0,0.0,0.0,10.4,24.1,0.0,981.8
2026-02-10 19:00:00+00:00,10.7,99,10.6,100,100,21,81,0.0,0.0,0.0,0.0,10.1,22.0,0.0,981.7
2026-02-10 20:00:00+00:00,10.4,99,10.3,100,100,13,86,0.0,0.0,0.0,0.0,9.0,18.7,0.0,981.4
2026-02-10 21:00:00+00:00,10.1,99,9.9,100,98,23,90,0.0,0.0,0.0,0.0,9.9,18.7,0.0,981.3
2026-02-10 22:00:00+00:00,9.4,99,9.3,72,30,32,45,0.0,0.0,0.0,0.0,9.4,18.0,0.0,981.4
2026-02-10 23:00:00+00:00,8.5,99,8.4,100,100,23,12,0.0,0.0,0.0,0.0,9.6,18.0,0.0,981.5
2026-02-11 00:00:00+00:00,9.9,98,9.6,98,39,43,96,0.0,0.0,0.0,0.0,9.3,18.4,0.0,981.9
2026-02-11 01:00:00+00:00,9.2,95,8.5,79,33,34,61,0.0,0.0,0.0,0.0,7.4,17.6,0.8,982.0
2026-02-11 02:00:00+00:00,8.8,98,8.4,56,11,30,33,0.0,0.0,0.0,0.0,11.4,19.8,0.0,982.4
2026-02-11 03:00:00+00:00,8.6,98,8.2,97,45,70,88,0.0,0.0,0.0,0.0,12.3,22.3,0.0,982.6
2026-02-11 04:00:00+00:00,8.9,97,8.4,100,5,55,100,0.0,0.0,0.0,0.0,13.4,25.2,0.7,982.8
2026-02-11 05:00:00+00:00,8.6,98,8.3,99,18,66,98,0.0,0.0,0.0,0.0,13.4,24.8,0.0,983.1
2026-02-11 06:00:00+00:00,9.6,95,8.9,99,13,32,98,0.0,0.0,0.0,0.0,15.0,29.2,0.0,983.7
2026-02-11 07:00:00+00:00,9.5,95,8.8,90,14,27,87,0.0,0.0,0.0,0.0,19.0,35.3,0.0,983.7
2026-02-11 08:00:00+00:00,9.3,95,8.6,87,11,1,85,7.0,1.0,19.7,6.0,17.8,37.8,0.0,984.2
2026-02-11 09:00:00+00:00,10.2,92,8.9,30,20,9,11,91.0,48.0,342.1,43.0,18.3,35.6,0.0,984.5
2026-02-11 10:00:00+00:00,11.2,87,9.1,88,87,14,1,203.0,136.0,518.2,67.0,17.3,42.8,0.0,985.1
2026-02-11 11:00:00+00:00,11.4,82,8.4,55,55,0,1,165.0,43.0,121.5,122.0,21.6,50.0,0.0,985.1
2026-02-11 12:00:00+00:00,11.9,77,7.9,47,8,22,30,329.0,217.0,531.1,112.0,22.4,51.5,0.0,984.7
2026-02-11 13:00:00+00:00,12.2,72,7.3,100,13,37,100,347.0,238.0,563.1,109.0,20.9,48.2,0.0,984.0
2026-02-11 14:00:00+00:00,11.6,72,6.6,98,16,16,97,220.0,89.0,225.2,131.0,20.8,45.7,0.0,982.9
2026-02-11 15:00:00+00:00,11.2,73,6.6,100,34,100,100,240.0,141.0,429.8,99.0,20.4,45.0,0.0,981.7
2026-02-11 16:00:00+00:00,9.9,86,7.7,100,100,100,100,89.0,8.0,35.4,81.0,18.9,42.8,0.2,980.5
2026-02-11 17:00:00+00:00,9.3,93,8.2,100,73,100,100,12.0,0.0,0.0,12.0,12.9,36.7,0.2,979.2
2026-02-11 18:00:00+00:00,8.9,97,8.4,100,85,100,98,0.0,0.0,0.0,0.0,12.6,25.6,0.8,978.3
2026-02-11 19:00:00+00:00,8.6,98,8.2,100,99,100,100,0.0,0.0,0.0,0.0,9.1,24.5,0.8,977.2
2026-02-11 20:00:00+00:00,8.6,98,8.4,100,95,95,100,0.0,0.0,0.0,0.0,5.8,16.2,0.2,976.1
2026-02-11 21:00:00+00:00,8.3,99,8.1,100,8,100,100,0.0,0.0,0.0,0.0,7.6,14.8,0.1,975.5
2026-02-11 22:00:00+00:00,8.2,99,8.0,100,21,100,100,0.0,0.0,0.0,0.0,7.4,13.7,0.0,975.0
2026-02-11 23:00:00+00:00,8.1,98,7.8,100,20,100,61,0.0,0.0,0.0,0.0,8.6,16.6,0.0,975.6
2026-02-12 00:00:00+00:00,7.5,98,7.2,84,48,81,12,0.0,0.0,0.0,0.0,10.7,17.6,0.0,977.0
2026-02-12 01:00:00+00:00,7.6,96,7.1,24,19,6,0,0.0,0.0,0.0,0.0,13.2,23.4,0.0,977.7
2026-02-12 02:00:00+00:00,7.4,97,7.1,37,30,14,0,0.0,0.0,0.0,0.0,13.8,25.9,0.0,978.5
2026-02-12 03:00:00+00:00,7.2,97,6.8,13,1,13,0,0.0,0.0,0.0,0.0,10.6,25.6,0.0,979.1
2026-02-12 04:00:00+00:00,6.6,98,6.3,70,5,69,0,0.0,0.0,0.0,0.0,11.0,20.9,0.0,979.7
2026-02-12 05:00:00+00:00,6.7,98,6.4,100,16,100,0,0.0,0.0,0.0,0.0,9.2,20.9,0.0,980.2
2026-02-12 06:00:00+00:00,6.7,99,6.4,79,38,72,3,0.0,0.0,0.0,0.0,7.3,16.9,0.0,981.2
2026-02-12 07:00:00+00:00,6.8,94,5.9,75,34,70,5,0.0,0.0,0.0,0.0,5.7,13.3,1.0,981.5
2026-02-12 08:00:00+00:00,7.0,95,6.3,57,38,47,1,6.0,1.0,18.8,5.0,9.6,16.2,0.6,982.4
2026-02-12 09:00:00+00:00,8.3,94,7.4,81,28,76,0,66.0,29.0,199.9,37.0,15.0,28.1,0.1,983.1
2026-02-12 10:00:00+00:00,9.6,88,7.7,43,40,14,0,177.0,80.0,299.2,97.0,19.8,39.6,0.0,983.7
2026-02-12 11:00:00+00:00,10.6,83,7.9,96,96,17,2,265.0,147.0,409.4,118.0,20.5,42.8,0.0,984.4
2026-02-12 12:00:00+00:00,10.1,82,7.2,95,33,45,88,259.0,100.0,241.7,159.0,23.6,56.2,0.0,985.8
2026-02-12 13:00:00+00:00,11.0,73,6.4,99,12,15,98,307.0,209.0,488.5,98.0,25.6,55.1,0.2,986.3
2026-02-12 14:00:00+00:00,10.8,72,6.1,97,15,9,96,288.0,176.0,439.6,112.0,23.9,54.7,0.0,986.9
2026-02-12 15:00:00+00:00,10.8,68,5.1,100,2,4,100,269.0,166.0,498.3,103.0,24.1,52.6,0.0,987.8
2026-02-12 16:00:00+00:00,10.1,70,4.8,87,8,73,48,160.0,73.0,316.3,87.0,21.7,51.1,0.0,988.7
2026-02-12 17:00:00+00:00,9.2,74,4.8,37,2,5,31,63.0,32.0,315.0,31.0,17.9,45.0,0.0,989.4
2026-02-12 18:00:00+00:00,8.6,79,5.2,91,0,22,88,1.0,0.0,0.0,1.0,12.2,36.0,0.0,990.2
2026-02-12 19:00:00+00:00,8.1,82,5.2,39,7,1,34,0.0,0.0,0.0,0.0,13.0,25.6,0.0,990.9
2026-02-12 20:00:00+00:00,7.2,86,5.1,53,6,0,50,0.0,0.0,0.0,0.0,12.0,25.9,0.0,991.0
2026-02-12 21:00:00+00:00,6.8,89,5.0,56,6,13,49,0.0,0.0,0.0,0.0,11.8,24.1,0.0,991.0
2026-02-12 22:00:00+00:00,6.4,91,5.1,20,16,9,2,0.0,0.0,0.0,0.0,9.3,22.3,0.0,990.9
2026-02-12 23:00:00+00:00,6.1,92,4.9,15,9,2,7,0.0,0.0,0.0,0.0,8.7,17.3,0.0,990.7
2026-02-13 00:00:00+00:00,6.4,95,5.7,63,33,35,39,0.0,0.0,0.0,0.0,11.5,17.3,0.0,990.7
2026-02-13 01:00:00+00:00,6.4,96,5.8,45,9,14,37,0.0,0.0,0.0,0.0,10.1,20.2,0.0,990.3
2026-02-13 02:00:00+00:00,6.1,96,5.4,37,0,3,35,0.0,0.0,0.0,0.0,8.3,18.0,0.0,989.9
2026-02-13 03:00:00+00:00,5.6,97,5.1,19,6,9,13,0.0,0.0,0.0,0.0,7.0,14.4,0.0,989.5
2026-02-13 04:00:00+00:00,5.2,97,4.7,13,10,2,2,0.0,0.0,0.0,0.0,5.6,12.2,0.0,989.0
2026-02-13 05:00:00+00:00,4.6,98,4.2,94,0,0,94,0.0,0.0,0.0,0.0,5.9,9.4,0.0,988.8
2026-02-13 06:00:00+00:00,5.4,95,4.7,96,60,9,90,0.0,0.0,0.0,0.0,5.8,10.4,0.0,988.8
2026-02-13 07:00:00+00:00,4.8,98,4.6,98,48,13,95,0.0,0.0,0.0,0.0,4.5,9.4,0.0,988.8
2026-02-13 08:00:00+00:00,4.8,99,4.8,98,27,7,97,10.0,2.0,36.0,8.0,5.8,9.7,0.0,988.8
2026-02-13 09:00:00+00:00,6.0,99,5.9,97,11,10,97,86.0,26.0,173.4,60.0,6.8,13.0,0.0,989.1
2026-02-13 10:00:00+00:00,7.9,94,7.1,99,36,41,97,197.0,86.0,315.7,111.0,5.2,14.0,0.0,989.5
2026-02-13 11:00:00+00:00,9.4,86,7.2,100,17,2,100,250.0,118.0,324.0,132.0,6.5,17.3,0.1,989.5
2026-02-13 12:00:00+00:00,9.8,83,7.0,98,48,21,95,316.0,131.0,312.7,185.0,6.4,20.2,0.1,990.0
2026-02-13 13:00:00+00:00,9.9,78,6.2,100,83,73,100,231.0,64.0,147.8,167.0,6.0,17.3,0.1,990.2
2026-02-13 14:00:00+00:00,8.9,81,5.8,100,59,98,100,125.0,10.0,24.7,115.0,6.9,16.9,1.3,990.4
2026-02-13 15:00:00+00:00,8.8,83,6.2,100,26,73,99,85.0,14.0,41.4,71.0,8.8,17.6,0.1,990.7
2026-02-13 16:00:00+00:00,8.6,85,6.2,100,30,78,100,121.0,29.0,123.0,92.0,6.9,20.2,0.9,991.5
2026-02-13 17:00:00+00:00,7.2,92,6.0,100,21,99,98,33.0,4.0,38.1,29.0,13.6,24.1,0.1,992.8
2026-02-13 18:00:00+00:00,6.9,92,5.8,75,26,61,22,0.0,0.0,0.0,0.0,14.5,27.4,0.8,994.2
2026-02-13 19:00:00+00:00,6.4,94,5.5,98,98,27,11,0.0,0.0,0.0,0.0,19.3,36.4,0.0,995.8
2026-02-13 20:00:00+00:00,5.9,90,4.4,100,100,16,5,0.0,0.0,0.0,0.0,19.9,40.3,0.0,997.5
2026-02-13 21:00:00+00:00,5.2,88,3.5,100,100,18,0,0.0,0.0,0.0,0.0,20.1,41.0,0.0,999.3
2026-02-13 22:00:00+00:00,4.7,85,2.4,100,100,66,0,0.0,0.0,0.0,0.0,20.5,42.8,0.0,1001.1
2026-02-13 23:00:00+00:00,4.5,82,1.6,99,99,62,0,0.0,0.0,0.0,0.0,20.1,42.8,0.0,1002.7
2026-02-14 00:00:00+00:00,3.8,81,0.9,57,16,52,0,0.0,0.0,0.0,0.0,20.4,43.2,0.0,1004.2
2026-02-14 01:00:00+00:00,3.5,83,0.9,66,10,63,0,0.0,0.0,0.0,0.0,20.0,42.1,0.0,1005.5
2026-02-14 02:00:00+00:00,2.8,85,0.6,20,7,16,0,0.0,0.0,0.0,0.0,19.3,41.0,0.0,1007.1
2026-02-14 03:00:00+00:00,2.3,88,0.6,60,56,8,0,0.0,0.0,0.0,0.0,17.8,39.6,0.0,1008.6
2026-02-14 04:00:00+00:00,2.4,89,0.8,100,100,3,0,0.0,0.0,0.0,0.0,16.4,36.4,0.0,1010.0
2026-02-14 05:00:00+00:00,2.5,85,0.3,4,4,0,0,0.0,0.0,0.0,0.0,16.1,33.5,0.0,1011.0
2026-02-14 06:00:00+00:00,1.6,86,-0.4,2,2,0,0,0.0,0.0,0.0,0.0,16.1,32.8,0.0,1012.5
2026-02-14 07:00:00+00:00,1.0,88,-0.7,3,3,0,0,0.0,0.0,0.0,0.0,16.8,34.2,0.0,1014.0
2026-02-14 08:00:00+00:00,0.9,87,-1.0,0,0,0,0,13.0,6.0,103.3,7.0,14.8,33.8,0.0,1015.6
2026-02-14 09:00:00+00:00,1.7,83,-0.9,0,0,0,0,121.0,82.0,529.4,39.0,12.1,29.9,0.0,1016.4
2026-02-14 10:00:00+00:00,3.0,76,-0.9,0,0,0,0,252.0,193.0,695.4,59.0,12.4,29.2,0.0,1017.1
2026-02-14 11:00:00+00:00,4.2,65,-1.8,15,1,0,14,363.0,298.0,806.7,65.0,13.2,31.7,0.0,1017.9
2026-02-14 12:00:00+00:00,5.2,56,-2.8,56,43,0,23,423.0,348.0,820.3,75.0,12.9,31.7,0.0,1018.2
2026-02-14 13:00:00+00:00,6.0,50,-3.8,95,7,0,95,401.0,290.0,661.6,111.0,10.4,29.9,0.0,1018.3
2026-02-14 14:00:00+00:00,6.3,47,-4.1,100,47,0,100,390.0,291.0,708.5,99.0,7.1,25.9,0.0,1018.2
2026-02-14 15:00:00+00:00,6.2,48,-3.9,100,35,0,100,274.0,140.0,407.8,134.0,4.9,19.1,0.0,1018.4
2026-02-14 16:00:00+00:00,5.9,51,-3.5,100,23,0,100,190.0,107.0,444.6,83.0,2.5,13.3,0.0,1018.5
2026-02-14 17:00:00+00:00,4.6,69,-0.6,100,3,67,100,55.0,5.0,45.5,50.0,2.2,6.5,0.0,1018.7
2026-02-14 18:00:00+00:00,3.8,75,-0.2,100,19,100,100,1.0,0.0,0.0,1.0,3.6,7.6,0.0,1019.1
2026-02-14 19:00:00+00:00,3.5,73,-0.8,100,27,99,100,0.0,0.0,0.0,0.0,8.1,14.4,0.0,1019.0
2026-02-14 20:00:00+00:00,3.3,73,-1.0,100,8,100,100,0.0,0.0,0.0,0.0,10.9,20.9,0.0,1018.7
2026-02-14 21:00:00+00:00,3.4,71,-1.3,100,16,100,100,0.0,0.0,0.0,0.0,11.2,22.0,0.0,1018.3
2026-02-14 22:00:00+00:00,3.7,68,-1.8,100,70,100,100,0.0,0.0,0.0,0.0,11.6,22.7,0.0,1017.8
2026-02-14 23:00:00+00:00,4.3,65,-1.8,100,70,100,100,0.0,0.0,0.0,0.0,14.0,28.8,0.0,1017.2
2026-02-15 00:00:00+00:00,4.1,73,-0.4,100,72,100,100,0.0,0.0,0.0,0.0,17.6,37.1,0.2,1016.8
2026-02-15 01:00:00+00:00,3.8,77,0.0,100,33,100,100,0.0,0.0,0.0,0.0,19.7,39.2,0.2,1015.8
2026-02-15 02:00:00+00:00,3.8,75,-0.3,100,66,100,100,0.0,0.0,0.0,0.0,22.7,46.4,0.1,1014.9
2026-02-15 03:00:00+00:00,3.8,74,-0.4,100,100,100,100,0.0,0.0,0.0,0.0,23.5,48.6,0.1,1013.0
2026-02-15 04:00:00+00:00,3.9,73,-0.4,100,100,97,100,0.0,0.0,0.0,0.0,23.9,50.8,0.0,1011.1
2026-02-15 05:00:00+00:00,4.2,79,0.8,100,100,100,100,0.0,0.0,0.0,0.0,23.9,49.7,0.1,1009.9
2026-02-15 06:00:00+00:00,4.4,87,2.3,100,100,98,100,0.0,0.0,0.0,0.0,21.5,49.7,0.3,1008.7
2026-02-15 07:00:00+00:00,4.3,89,2.7,100,100,99,100,0.0,0.0,0.0,0.0,21.9,43.6,0.2,1007.2
2026-02-15 08:00:00+00:00,4.6,93,3.5,100,100,100,100,3.0,0.0,0.0,3.0,20.8,43.9,0.4,1005.7
2026-02-15 09:00:00+00:00,5.1,96,4.5,100,100,100,100,11.0,0.0,0.0,11.0,18.2,40.0,0.6,1003.8
2026-02-15 10:00:00+00:00,5.8,97,5.3,100,100,100,100,27.0,0.0,0.0,27.0,14.4,34.2,1.4,1002.0
2026-02-15 11:00:00+00:00,6.9,97,6.5,100,100,100,34,20.0,0.0,0.0,20.0,17.1,31.3,3.2,1000.6
2026-02-15 12:00:00+00:00,7.2,98,6.8,100,100,100,5,40.0,0.0,0.0,40.0,7.3,37.1,0.9,999.6
2026-02-15 13:00:00+00:00,9.1,97,8.6,98,18,91,91,89.0,0.0,0.0,89.0,7.0,16.9,0.2,998.4
2026-02-15 14:00:00+00:00,9.9,93,8.8,99,44,98,47,110.0,10.0,24.0,100.0,13.3,23.8,0.1,997.6
2026-02-15 15:00:00+00:00,8.9,95,8.1,100,28,100,100,68.0,3.0,8.6,65.0,16.0,31.7,0.9,997.2
2026-02-15 16:00:00+00:00,8.8,94,7.8,6,0,5,2,17.0,0.0,0.0,17.0,17.4,36.0,0.5,996.7
2026-02-15 17:00:00+00:00,8.4,92,7.1,47,24,30,1,70.0,42.0,366.5,28.0,17.3,33.8,0.0,996.5
2026-02-15 18:00:00+00:00,8.6,88,6.7,16,0,16,0,2.0,0.0,0.0,2.0,19.7,35.3,0.1,996.6
2026-02-15 19:00:00+00:00,7.9,87,5.9,36,19,33,0,0.0,0.0,0.0,0.0,20.4,41.8,0.0,996.7
2026-02-15 20:00:00+00:00,7.7,83,4.9,5,2,5,0,0.0,0.0,0.0,0.0,18.9,40.7,0.0,996.8
2026-02-15 21:00:00+00:00,7.2,80,4.0,25,3,23,0,0.0,0.0,0.0,0.0,21.2,42.8,0.0,997.4
2026-02-15 22:00:00+00:00,7.1,80,3.8,9,4,6,3,0.0,0.0,0.0,0.0,20.9,43.2,0.0,997.6
2026-02-15 23:00:00+00:00,6.7,82,3.8,30,11,19,16,0.0,0.0,0.0,0.0,20.3,42.8,0.0,997.9
2026-02-16 00:00:00+00:00,7.2,83,4.4,11,9,2,1,0.0,0.0,0.0,0.0,22.0,43.2,0.0,998.1
2026-02-16 01:00:00+00:00,6.6,83,3.8,32,19,20,0,0.0,0.0,0.0,0.0,22.5,46.1,0.0,998.1
2026-02-16 02:00:00+00:00,6.2,83,3.6,16,3,13,3,0.0,0.0,0.0,0.0,19.6,46.1,0.0,997.8
2026-02-16 03:00:00+00:00,5.9,83,3.2,15,9,7,0,0.0,0.0,0.0,0.0,20.0,40.7,0.0,997.3
2026-02-16 04:00:00+00:00,5.7,82,2.8,43,13,28,16,0.0,0.0,0.0,0.0,19.1,40.7,0.0,997.0
2026-02-16 05:00:00+00:00,5.3,83,2.7,91,5,90,16,0.0,0.0,0.0,0.0,17.9,39.2,0.0,996.9
2026-02-16 06:00:00+00:00,6.1,81,3.1,32,3,29,12,0.0,0.0,0.0,0.0,19.8,41.4,0.0,997.0
2026-02-16 07:00:00+00:00,5.6,82,2.8,50,12,41,26,0.0,0.0,0.0,0.0,20.3,41.8,0.0,997.4
2026-02-16 08:00:00+00:00,5.4,81,2.5,7,4,2,1,15.0,5.0,79.0,10.0,20.8,43.9,0.0,997.9
2026-02-16 09:00:00+00:00,6.6,76,2.5,26,0,7,20,125.0,81.0,490.6,44.0,23.4,45.7,0.0,998.2
2026-02-16 10:00:00+00:00,7.8,69,2.5,27,10,13,7,255.0,192.0,666.6,63.0,20.7,51.8,0.0,998.5
2026-02-16 11:00:00+00:00,8.9,62,2.1,74,41,3,57,354.0,282.0,741.9,72.0,31.3,66.2,0.0,998.7
2026-02-16 12:00:00+00:00,9.9,58,1.9,33,2,3,30,347.0,231.0,531.0,116.0,26.0,69.1,0.0,998.6
2026-02-16 13:00:00+00:00,10.1,56,1.8,65,16,43,38,437.0,352.0,783.8,85.0,31.3,70.9,0.0,998.6
2026-02-16 14:00:00+00:00,9.3,63,2.7,48,41,15,7,311.0,201.0,477.1,110.0,29.7,68.0,0.0,998.7
2026-02-16 15:00:00+00:00,8.9,65,2.5,65,33,42,37,260.0,177.0,500.5,83.0,30.5,73.4,0.1,999.3
2026-02-16 16:00:00+00:00,8.4,70,3.3,28,19,5,7,160.0,91.0,363.0,69.0,26.2,68.4,0.0,999.9
2026-02-16 17:00:00+00:00,7.8,73,3.2,23,4,1,20,76.0,41.0,343.3,35.0,24.0,55.4,0.0,1000.6
2026-02-16 18:00:00+00:00,7.3,77,3.5,27,0,14,23,3.0,1.0,25.8,2.0,22.9,49.7,0.0,1001.8
2026-02-16 19:00:00+00:00,7.3,77,3.5,12,2,11,2,0.0,0.0,0.0,0.0,23.9,49.3,0.0,1002.9
2026-02-16 20:00:00+00:00,7.2,78,3.6,27,23,5,1,0.0,0.0,0.0,0.0,23.0,49.0,0.0,1003.7
2026-02-16 21:00:00+00:00,6.8,82,4.0,1,0,0,0,0.0,0.0,0.0,0.0,19.9,46.8,0.0,1004.5
2026-02-16 22:00:00+00:00,6.2,84,3.7,1,0,1,0,0.0,0.0,0.0,0.0,17.2,40.3,0.0,1005.4
2026-02-16 23:00:00+00:00,5.4,86,3.3,1,1,0,0,0.0,0.0,0.0,0.0,15.3,34.6,0.0,1006.6
2026-02-17 00:00:00+00:00,5.7,85,3.4,1,1,1,0,0.0,0.0,0.0,0.0,14.4,31.7,0.0,1007.7
2026-02-17 01:00:00+00:00,5.2,84,2.8,5,5,0,1,0.0,0.0,0.0,0.0,14.6,28.4,0.0,1008.7
2026-02-17 02:00:00+00:00,4.7,77,0.9,4,0,0,3,0.0,0.0,0.0,0.0,15.9,32.0,0.0,1009.9
2026-02-17 03:00:00+00:00,3.6,74,-0.6,27,0,0,27,0.0,0.0,0.0,0.0,15.3,32.0,0.0,1010.8
2026-02-17 04:00:00+00:00,2.8,76,-1.0,38,2,0,37,0.0,0.0,0.0,0.0,15.1,30.6,0.0,1011.7
2026-02-17 05:00:00+00:00,2.5,78,-1.0,34,0,0,34,0.0,0.0,0.0,0.0,15.1,30.2,0.0,1012.5
2026-02-17 06:00:00+00:00,2.5,79,-0.8,36,4,0,34,0.0,0.0,0.0,0.0,14.1,29.5,0.0,1013.5
2026-02-17 07:00:00+00:00,1.8,82,-1.0,85,0,0,85,0.0,0.0,0.0,0.0,12.0,27.4,0.0,1014.5
2026-02-17 08:00:00+00:00,1.5,83,-0.9,85,0,0,85,20.0,10.0,151.6,10.0,12.2,23.0,0.0,1015.6
2026-02-17 09:00:00+00:00,3.0,79,-0.3,100,0,0,100,135.0,90.0,528.3,45.0,10.6,23.8,0.0,1016.2
2026-02-17 10:00:00+00:00,4.4,71,-0.4,100,0,0,100,251.0,164.0,558.9,87.0,10.1,24.1,0.0,1016.4
2026-02-17 11:00:00+00:00,5.4,66,-0.4,100,0,0,100,331.0,191.0,495.4,140.0,8.5,24.1,0.0,1017.1
2026-02-17 12:00:00+00:00,6.2,62,-0.5,100,0,0,100,388.0,233.0,528.9,155.0,6.0,22.0,0.0,1017.5
2026-02-17 13:00:00+00:00,6.8,59,-0.8,100,0,30,100,338.0,122.0,268.4,216.0,4.8,16.9,0.0,1017.1
2026-02-17 14:00:00+00:00,6.8,58,-0.9,100,0,100,100,273.0,63.0,147.6,210.0,2.4,14.8,0.0,1016.7
2026-02-17 15:00:00+00:00,6.7,58,-1.1,100,0,100,100,189.0,17.0,47.4,172.0,1.2,9.7,0.0,1016.5
2026-02-17 16:00:00+00:00,6.5,59,-0.9,100,0,100,100,113.0,3.0,11.7,110.0,3.0,7.6,0.0,1016.6
2026-02-17 17:00:00+00:00,5.7,68,0.3,100,0,100,100,48.0,0.0,0.0,48.0,5.3,10.1,0.0,1016.1
2026-02-17 18:00:00+00:00,4.8,73,0.3,100,0,100,100,2.0,0.0,0.0,2.0,7.6,13.0,0.0,1016.3
2026-02-17 19:00:00+00:00,4.3,75,0.2,100,0,100,100,0.0,0.0,0.0,0.0,8.6,15.8,0.0,1016.1
2026-02-17 20:00:00+00:00,4.0,72,-0.5,100,0,100,100,0.0,0.0,0.0,0.0,10.5,19.8,0.0,1015.5
2026-02-17 21:00:00+00:00,3.8,68,-1.5,100,7,100,100,0.0,0.0,0.0,0.0,13.0,25.6,0.0,1014.7
2026-02-17 22:00:00+00:00,3.8,65,-2.0,100,5,100,100,0.0,0.0,0.0,0.0,15.1,30.6,0.0,1013.6
2026-02-17 23:00:00+00:00,3.7,66,-2.0,100,5,100,100,0.0,0.0,0.0,0.0,17.8,36.0,0.0,1012.4
2026-02-18 00:00:00+00:00,3.7,71,-1.0,100,34,100,100,0.0,0.0,0.0,0.0,18.8,40.7,0.1,1011.8
2026-02-18 01:00:00+00:00,3.6,76,-0.2,100,53,100,100,0.0,0.0,0.0,0.0,19.6,40.7,0.2,1010.8
2026-02-18 02:00:00+00:00,4.2,80,1.0,100,89,100,100,0.0,0.0,0.0,0.0,18.5,40.3,0.3,1010.2
2026-02-18 03:00:00+00:00,4.6,83,2.0,100,99,100,100,0.0,0.0,0.0,0.0,20.3,39.6,0.4,1009.2
2026-02-18 04:00:00+00:00,4.4,87,2.3,100,80,100,100,0.0,0.0,0.0,0.0,22.6,44.3,0.4,1008.1
2026-02-18 05:00:00+00:00,4.3,87,2.3,100,100,100,100,0.0,0.0,0.0,0.0,23.0,45.7,0.1,1007.4
2026-02-18 06:00:00+00:00,4.4,87,2.4,100,100,100,100,0.0,0.0,0.0,0.0,23.1,49.3,0.1,1006.5
2026-02-18 07:00:00+00:00,4.7,84,2.2,100,100,100,100,0.0,0.0,0.0,0.0,22.8,47.5,0.0,1005.8
2026-02-18 08:00:00+00:00,5.1,82,2.2,100,100,99,100,3.0,0.0,0.0,3.0,23.6,48.6,0.0,1005.3
2026-02-18 09:00:00+00:00,5.2,80,2.2,100,100,25,100,24.0,0.0,0.0,24.0,25.1,52.2,0.0,1004.2
2026-02-18 10:00:00+00:00,5.6,79,2.2,100,100,60,100,54.0,0.0,0.0,54.0,27.8,56.5,0.0,1003.4
2026-02-18 11:00:00+00:00,5.6,82,2.8,100,100,98,100,51.0,0.0,0.0,51.0,26.7,57.6,0.1,1002.8
2026-02-18 12:00:00+00:00,5.8,84,3.2,100,100,90,100,65.0,0.0,0.0,65.0,26.3,63.4,0.1,1001.2
2026-02-18 13:00:00+00:00,5.7,84,3.2,100,100,58,100,66.0,0.0,0.0,66.0,27.7,60.5,0.1,999.3
2026-02-18 14:00:00+00:00,6.1,85,3.8,100,100,100,100,77.0,0.0,0.0,77.0,25.1,64.8,0.1,997.2
2026-02-18 15:00:00+00:00,5.4,92,4.3,100,100,100,100,37.0,0.0,0.0,37.0,26.4,57.2,0.8,995.5
2026-02-18 16:00:00+00:00,5.6,97,5.1,100,100,100,100,34.0,0.0,0.0,34.0,26.2,51.8,2.3,993.6
2026-02-18 17:00:00+00:00,5.2,97,4.7,100,100,100,100,11.0,0.0,0.0,11.0,25.6,50.8,2.8,992.7
2026-02-18 18:00:00+00:00,5.8,96,5.2,100,100,100,100,0.0,0.0,0.0,0.0,27.6,58.3,3.7,991.4
2026-02-18 19:00:00+00:00,6.2,97,5.7,100,100,100,100,0.0,0.0,0.0,0.0,26.4,54.0,3.4,990.3
2026-02-18 20:00:00+00:00,6.6,97,6.1,100,100,100,100,0.0,0.0,0.0,0.0,24.0,51.1,3.2,989.4
2026-02-18 21:00:00+00:00,6.8,97,6.4,100,100,100,100,0.0,0.0,0.0,0.0,23.5,46.1,4.1,988.7
2026-02-18 22:00:00+00:00,6.7,97,6.3,100,84,100,100,0.0,0.0,0.0,0.0,18.2,45.0,1.6,988.5
2026-02-18 23:00:00+00:00,6.9,97,6.5,100,100,99,100,0.0,0.0,0.0,0.0,11.0,33.5,1.1,988.4
2026-02-19 00:00:00+00:00,6.4,99,6.3,100,100,21,62,0.0,0.0,0.0,0.0,11.3,19.8,0.5,988.8
2026-02-19 01:00:00+00:00,6.8,99,6.6,96,87,25,61,0.0,0.0,0.0,0.0,8.1,19.8,0.1,989.2
2026-02-19 02:00:00+00:00,6.6,99,6.5,98,97,38,2,0.0,0.0,0.0,0.0,9.4,16.9,0.2,989.6
2026-02-19 03:00:00+00:00,6.5,99,6.3,100,100,2,2,0.0,0.0,0.0,0.0,10.2,19.4,0.0,989.9
2026-02-19 04:00:00+00:00,6.7,98,6.3,98,98,9,0,0.0,0.0,0.0,0.0,9.5,18.7,0.0,990.4
2026-02-19 05:00:00+00:00,6.3,98,6.1,100,100,24,7,0.0,0.0,0.0,0.0,9.8,18.0,0.0,991.2
2026-02-19 06:00:00+00:00,6.2,98,5.8,100,100,0,100,0.0,0.0,0.0,0.0,10.9,18.0,0.0,992.6
2026-02-19 07:00:00+00:00,5.8,98,5.4,100,100,2,66,0.0,0.0,0.0,0.0,11.5,21.6,0.0,993.7
2026-02-19 08:00:00+00:00,5.7,96,5.1,100,100,5,88,9.0,1.0,14.0,8.0,12.1,24.1,0.0,995.5
2026-02-19 09:00:00+00:00,5.8,94,4.9,100,100,84,39,41.0,0.0,0.0,41.0,11.1,24.1,0.0,996.7
2026-02-19 10:00:00+00:00,6.1,92,4.8,100,100,99,13,54.0,0.0,0.0,54.0,12.9,28.4,0.0,998.3
2026-02-19 11:00:00+00:00,5.9,91,4.6,100,100,100,1,59.0,0.0,0.0,59.0,14.7,33.1,0.1,999.8
2026-02-19 12:00:00+00:00,6.4,83,3.8,100,100,2,37,104.0,1.0,2.2,103.0,19.2,36.4,0.0,1001.6
2026-02-19 13:00:00+00:00,6.3,81,3.3,100,100,3,0,193.0,25.0,53.7,168.0,19.2,42.8,0.0,1003.1
2026-02-19 14:00:00+00:00,6.2,80,3.0,100,100,0,0,151.0,10.0,22.9,141.0,20.0,43.9,0.0,1004.5
2026-02-19 15:00:00+00:00,6.1,78,2.5,100,100,0,0,141.0,4.0,10.8,137.0,19.4,44.3,0.0,1005.7
2026-02-19 16:00:00+00:00,5.8,77,2.2,100,100,0,0,77.0,3.0,11.3,74.0,17.0,42.1,0.0,1007.0
2026-02-19 17:00:00+00:00,5.7,77,2.0,100,100,0,0,35.0,2.0,14.9,33.0,14.4,39.6,0.0,1008.3
2026-02-19 18:00:00+00:00,5.3,79,2.0,100,100,0,3,2.0,0.0,0.0,2.0,13.7,30.2,0.0,1010.1
2026-02-19 19:00:00+00:00,5.2,79,1.8,100,100,0,63,0.0,0.0,0.0,0.0,12.7,28.4,0.0,1011.5
2026-02-19 20:00:00+00:00,5.2,78,1.7,100,100,0,30,0.0,0.0,0.0,0.0,12.3,26.3,0.0,1012.5
2026-02-19 21:00:00+00:00,5.3,78,1.9,65,63,0,5,0.0,0.0,0.0,0.0,11.5,27.0,0.0,1013.7
2026-02-19 22:00:00+00:00,4.4,85,2.1,100,100,0,0,0.0,0.0,0.0,0.0,9.6,23.4,0.0,1014.6
2026-02-19 23:00:00+00:00,5.1,84,2.5,100,100,1,23,0.0,0.0,0.0,0.0,9.6,19.4,0.0,1015.4
2026-02-20 00:00:00+00:00,5.7,84,3.2,95,13,2,95,0.0,0.0,0.0,0.0,7.2,18.4,0.0,1016.0
2026-02-20 01:00:00+00:00,4.4,92,3.2,99,30,1,99,0.0,0.0,0.0,0.0,9.4,17.3,0.0,1016.6
2026-02-20 02:00:00+00:00,4.8,95,4.0,100,4,16,100,0.0,0.0,0.0,0.0,10.6,19.8,0.0,1017.0
2026-02-20 03:00:00+00:00,5.2,94,4.2,100,0,91,100,0.0,0.0,0.0,0.0,12.4,23.0,0.0,1017.5
2026-02-20 04:00:00+00:00,4.9,93,3.9,100,0,95,100,0.0,0.0,0.0,0.0,13.0,24.8,0.0,1018.2
2026-02-20 05:00:00+00:00,4.8,93,3.8,100,3,99,100,0.0,0.0,0.0,0.0,9.9,24.1,0.0,1018.4
2026-02-20 06:00:00+00:00,5.4,91,4.2,100,2,100,100,0.0,0.0,0.0,0.0,10.8,19.1,0.0,1018.6
2026-02-20 07:00:00+00:00,5.7,91,4.2,95,1,93,35,0.0,0.0,0.0,0.0,11.4,22.0,0.0,1018.9
2026-02-20 08:00:00+00:00,6.5,88,4.7,99,10,80,95,17.0,1.0,13.5,16.0,13.9,25.9,0.0,1019.1
2026-02-20 09:00:00+00:00,8.4,82,5.5,99,7,21,99,81.0,14.0,75.0,67.0,15.3,30.6,0.0,1018.8
2026-02-20 10:00:00+00:00,10.2,77,6.4,100,100,56,100,230.0,127.0,409.7,103.0,16.4,38.5,0.0,1018.2
2026-02-20 11:00:00+00:00,10.3,80,6.9,100,83,94,98,153.0,28.0,69.6,125.0,20.7,43.2,0.0,1017.5
2026-02-20 12:00:00+00:00,10.1,87,8.1,100,100,100,100,200.0,36.0,78.7,164.0,26.2,53.6,1.3,1017.0
2026-02-20 13:00:00+00:00,10.2,89,8.5,100,100,16,92,80.0,7.0,14.9,73.0,27.0,56.2,0.2,1016.2
2026-02-20 14:00:00+00:00,10.6,89,8.8,100,100,100,95,69.0,0.0,0.0,69.0,28.2,56.5,0.2,1015.3
2026-02-20 15:00:00+00:00,10.6,92,9.3,100,100,47,30,117.0,1.0,2.7,116.0,25.0,55.8,0.6,1014.7
2026-02-20 16:00:00+00:00,11.1,89,9.4,53,48,25,0,108.0,19.0,70.1,89.0,24.4,50.8,0.0,1014.2
2026-02-20 17:00:00+00:00,11.2,83,8.4,100,23,12,100,59.0,21.0,151.1,38.0,25.6,59.4,0.1,1014.7
2026-02-20 18:00:00+00:00,10.5,76,6.4,100,2,3,100,5.0,0.0,0.0,5.0,23.8,52.9,0.0,1015.4
2026-02-20 19:00:00+00:00,10.1,73,5.4,12,1,2,10,0.0,0.0,0.0,0.0,22.6,48.2,0.0,1016.2
2026-02-20 20:00:00+00:00,9.6,73,4.9,100,2,33,99,0.0,0.0,0.0,0.0,20.4,46.1,0.0,1016.7
2026-02-20 21:00:00+00:00,9.4,76,5.5,98,0,34,98,0.0,0.0,0.0,0.0,20.3,41.8,0.0,1017.6
2026-02-20 22:00:00+00:00,9.2,80,5.9,97,0,48,94,0.0,0.0,0.0,0.0,18.6,41.0,0.0,1017.8
2026-02-20 23:00:00+00:00,9.0,84,6.4,100,15,63,100,0.0,0.0,0.0,0.0,18.0,37.4,0.0,1017.9
2026-02-21 00:00:00+00:00,9.9,88,7.9,100,99,92,98,0.0,0.0,0.0,0.0,18.9,40.7,0.0,1018.5
2026-02-21 01:00:00+00:00,10.2,87,8.1,100,70,90,98,0.0,0.0,0.0,0.0,17.6,38.2,0.0,1019.1
2026-02-21 02:00:00+00:00,10.1,87,8.0,98,20,88,89,0.0,0.0,0.0,0.0,16.5,35.6,0.0,1019.3
2026-02-21 03:00:00+00:00,10.1,85,7.7,100,20,100,99,0.0,0.0,0.0,0.0,17.4,34.9,0.0,1019.2
2026-02-21 04:00:00+00:00,10.0,81,6.9,98,0,42,96,0.0,0.0,0.0,0.0,17.1,36.0,0.0,1019.2
2026-02-21 05:00:00+00:00,9.4,81,6.3,92,23,48,84,0.0,0.0,0.0,0.0,14.5,34.6,0.0,1019.9
2026-02-21 06:00:00+00:00,8.7,86,6.6,100,100,16,98,0.0,0.0,0.0,0.0,12.7,28.4,0.0,1020.4
2026-02-21 07:00:00+00:00,8.8,88,6.8,100,98,10,100,0.0,0.0,0.0,0.0,12.3,24.1,0.0,1021.1
2026-02-21 08:00:00+00:00,8.8,89,7.2,98,89,2,89,16.0,1.0,13.0,15.0,11.6,24.1,0.0,1021.8
2026-02-21 09:00:00+00:00,9.8,89,8.1,100,100,0,100,104.0,36.0,187.4,68.0,15.8,31.3,0.0,1021.9
2026-02-21 10:00:00+00:00,10.5,88,8.6,100,100,1,100,109.0,6.0,19.0,103.0,16.5,36.4,0.0,1022.2
2026-02-21 11:00:00+00:00,10.8,91,9.4,100,100,0,100,67.0,0.0,0.0,67.0,13.2,34.6,0.0,1022.2
2026-02-21 12:00:00+00:00,11.4,95,10.6,100,100,5,100,61.0,4.0,8.6,57.0,14.1,32.8,0.0,1021.3
2026-02-21 13:00:00+00:00,12.6,91,11.2,100,100,2,100,147.0,9.0,18.9,138.0,20.6,42.5,0.0,1020.7
2026-02-21 14:00:00+00:00,13.3,88,11.4,100,100,27,100,130.0,5.0,11.1,125.0,19.1,44.3,0.0,1020.4
2026-02-21 15:00:00+00:00,13.0,91,11.6,100,100,95,100,95.0,2.0,5.3,93.0,16.6,41.4,0.0,1020.2
2026-02-21 16:00:00+00:00,12.4,93,11.2,100,70,100,100,52.0,0.0,0.0,52.0,17.6,36.7,0.1,1020.1
2026-02-21 17:00:00+00:00,11.7,96,11.1,100,16,100,100,12.0,0.0,0.0,12.0,18.4,37.4,1.2,1020.2
2026-02-21 18:00:00+00:00,11.6,97,11.2,100,16,100,100,1.0,0.0,0.0,1.0,15.9,34.9,1.0,1020.4
2026-02-21 19:00:00+00:00,11.4,98,11.1,100,68,100,100,0.0,0.0,0.0,0.0,16.7,33.5,0.5,1020.6
2026-02-21 20:00:00+00:00,11.3,97,10.9,100,100,41,27,0.0,0.0,0.0,0.0,17.7,32.8,0.0,1020.5
2026-02-21 21:00:00+00:00,11.1,98,10.9,100,100,10,91,0.0,0.0,0.0,0.0,19.1,36.7,0.0,1020.2
2026-02-21 22:00:00+00:00,11.1,97,10.7,100,100,85,99,0.0,0.0,0.0,0.0,20.8,40.7,0.0,1020.3
2026-02-21 23:00:00+00:00,11.1,97,10.7,100,100,29,100,0.0,0.0,0.0,0.0,21.6,42.1,0.0,1019.7
2026-02-22 00:00:00+00:00,11.4,97,10.9,100,100,63,100,0.0,0.0,0.0,0.0,23.7,47.9,0.0,1019.4
2026-02-22 01:00:00+00:00,11.4,96,10.8,100,100,100,99,0.0,0.0,0.0,0.0,24.8,49.3,0.0,1019.1
2026-02-22 02:00:00+00:00,11.3,95,10.6,100,100,98,100,0.0,0.0,0.0,0.0,22.6,49.3,0.1,1018.8
2026-02-22 03:00:00+00:00,11.2,96,10.6,100,100,100,100,0.0,0.0,0.0,0.0,20.8,45.0,0.0,1018.4
2026-02-22 04:00:00+00:00,11.2,96,10.6,100,100,99,100,0.0,0.0,0.0,0.0,21.2,42.1,0.1,1017.9
2026-02-22 05:00:00+00:00,11.1,96,10.5,100,100,97,100,0.0,0.0,0.0,0.0,22.8,45.0,0.2,1017.4
2026-02-22 06:00:00+00:00,11.1,97,10.6,100,100,100,100,0.0,0.0,0.0,0.0,19.8,45.4,0.2,1017.2
2026-02-22 07:00:00+00:00,11.1,97,10.7,100,100,100,100,0.0,0.0,0.0,0.0,18.0,40.0,0.5,1017.2
2026-02-22 08:00:00+00:00,11.2,97,10.8,100,100,100,100,5.0,0.0,0.0,5.0,19.8,38.5,0.6,1017.7
2026-02-22 09:00:00+00:00,11.4,97,11.1,100,100,100,94,50.0,0.0,0.0,50.0,18.9,38.5,0.5,1017.8
2026-02-22 10:00:00+00:00,11.6,96,10.9,100,100,100,99,50.0,0.0,0.0,50.0,19.1,38.2,0.1,1017.8
2026-02-22 11:00:00+00:00,11.8,95,11.0,100,100,100,100,91.0,1.0,2.4,90.0,16.1,37.1,0.2,1017.6
2026-02-22 12:00:00+00:00,11.4,97,10.9,100,80,100,100,81.0,0.0,0.0,81.0,14.2,34.6,0.6,1018.0
2026-02-22 13:00:00+00:00,11.7,94,10.8,99,32,3,98,120.0,0.0,0.0,120.0,15.7,32.4,0.1,1017.4
2026-02-22 14:00:00+00:00,12.4,87,10.4,100,15,9,100,279.0,115.0,253.3,164.0,17.9,36.7,0.3,1017.1
2026-02-22 15:00:00+00:00,12.9,82,9.9,13,10,3,2,262.0,106.0,275.1,156.0,16.0,37.8,0.3,1016.8
2026-02-22 16:00:00+00:00,12.9,79,9.3,27,26,1,0,224.0,154.0,547.5,70.0,15.4,35.6,0.1,1016.7
2026-02-22 17:00:00+00:00,11.9,84,9.3,23,13,12,0,95.0,51.0,342.8,44.0,14.7,32.0,0.0,1016.6
2026-02-22 18:00:00+00:00,10.2,93,9.1,5,4,0,2,8.0,2.0,37.4,6.0,15.2,30.6,0.0,1017.3
2026-02-22 19:00:00+00:00,9.4,95,8.6,38,1,0,38,0.0,0.0,0.0,0.0,13.8,29.9,0.0,1017.5
2026-02-22 20:00:00+00:00,9.1,95,8.3,51,2,5,47,0.0,0.0,0.0,0.0,13.5,27.0,0.0,1017.7
2026-02-22 21:00:00+00:00,8.9,95,8.2,5,2,4,0,0.0,0.0,0.0,0.0,13.9,27.4,0.0,1017.8
2026-02-22 22:00:00+00:00,8.8,95,8.1,38,12,7,27,0.0,0.0,0.0,0.0,14.2,27.7,0.0,1017.9
2026-02-22 23:00:00+00:00,8.6,96,8.1,76,59,1,41,0.0,0.0,0.0,0.0,14.4,28.4,0.0,1017.8
2026-02-23 00:00:00+00:00,8.3,95,7.6,26,11,2,16,0.0,0.0,0.0,0.0,15.5,30.2,0.0,1017.9
2026-02-23 01:00:00+00:00,8.5,95,7.8,80,16,2,76,0.0,0.0,0.0,0.0,17.7,34.9,0.0,1017.6
2026-02-23 02:00:00+00:00,8.7,93,7.7,56,15,1,49,0.0,0.0,0.0,0.0,18.0,36.4,0.0,1017.2
2026-02-23 03:00:00+00:00,8.6,93,7.5,38,13,0,30,0.0,0.0,0.0,0.0,17.9,35.6,0.0,1016.8
2026-02-23 04:00:00+00:00,8.4,91,6.9,32,23,8,11,0.0,0.0,0.0,0.0,17.4,36.0,0.0,1016.6
2026-02-23 05:00:00+00:00,8.2,89,6.6,100,100,0,94,0.0,0.0,0.0,0.0,16.8,34.6,0.0,1016.6
2026-02-23 06:00:00+00:00,8.1,90,6.6,100,15,0,100,0.0,0.0,0.0,0.0,17.0,34.9,0.0,1016.9
2026-02-23 07:00:00+00:00,8.2,90,6.7,100,21,22,100,0.0,0.0,0.0,0.0,16.1,33.8,0.0,1016.9
2026-02-23 08:00:00+00:00,8.8,88,6.8,100,10,99,100,29.0,7.0,84.5,22.0,16.5,33.5,0.0,1016.8
2026-02-23 09:00:00+00:00,9.9,85,7.4,100,9,100,100,61.0,5.0,24.6,56.0,18.0,38.2,0.0,1016.9
2026-02-23 10:00:00+00:00,10.6,85,8.1,100,47,99,96,81.0,11.0,33.6,70.0,20.7,42.8,0.0,1017.0
2026-02-23 11:00:00+00:00,11.6,79,8.1,98,72,79,77,160.0,44.0,104.9,116.0,25.3,54.7,0.0,1017.1
2026-02-23 12:00:00+00:00,12.4,74,7.9,100,49,100,86,238.0,59.0,124.4,179.0,23.7,55.1,0.0,1017.3
2026-02-23 13:00:00+00:00,12.6,70,7.4,100,84,100,46,192.0,21.0,43.0,171.0,21.7,52.9,0.0,1017.0
2026-02-23 14:00:00+00:00,11.6,84,8.9,100,100,100,88,71.0,0.0,0.0,71.0,16.5,46.1,0.1,1016.8
2026-02-23 15:00:00+00:00,11.6,85,9.2,100,100,100,99,88.0,0.0,0.0,88.0,20.8,45.7,0.0,1016.3
2026-02-23 16:00:00+00:00,11.0,94,10.0,100,100,38,99,27.0,0.0,0.0,27.0,19.8,43.6,0.1,1015.9
2026-02-23 17:00:00+00:00,11.6,93,10.5,100,100,41,97,30.0,0.0,0.0,30.0,21.2,43.6,0.0,1015.6
2026-02-23 18:00:00+00:00,11.6,95,10.8,100,100,72,39,3.0,0.0,0.0,3.0,17.9,43.9,0.0,1015.7
2026-02-23 19:00:00+00:00,11.6,95,10.9,100,100,47,27,0.0,0.0,0.0,0.0,16.5,36.7,0.0,1016.1
2026-02-23 20:00:00+00:00,11.9,94,10.9,100,100,30,4,0.0,0.0,0.0,0.0,15.0,33.1,0.0,1016.4
2026-02-23 21:00:00+00:00,11.9,94,11.0,100,100,7,0,0.0,0.0,0.0,0.0,13.2,29.9,0.0,1016.9
2026-02-23 22:00:00+00:00,11.8,95,11.1,100,100,3,0,0.0,0.0,0.0,0.0,13.5,27.0,0.0,1017.3
2026-02-23 23:00:00+00:00,11.8,96,11.1,100,100,0,5,0.0,0.0,0.0,0.0,12.7,27.0,0.0,1017.5
2026-02-24 00:00:00+00:00,11.6,96,10.9,100,100,13,31,0.0,0.0,0.0,0.0,12.9,27.0,0.0,1017.3
2026-02-24 01:00:00+00:00,11.3,96,10.8,100,100,0,15,0.0,0.0,0.0,0.0,11.0,24.8,0.0,1017.5
2026-02-24 02:00:00+00:00,11.1,97,10.7,100,100,0,82,0.0,0.0,0.0,0.0,10.8,20.9,0.0,1017.5
2026-02-24 03:00:00+00:00,11.4,96,10.9,100,100,0,47,0.0,0.0,0.0,0.0,11.8,22.3,0.0,1017.4
2026-02-24 04:00:00+00:00,11.4,96,10.9,100,100,0,0,0.0,0.0,0.0,0.0,11.8,23.8,0.0,1017.3
2026-02-24 05:00:00+00:00,10.9,97,10.4,100,100,0,0,0.0,0.0,0.0,0.0,10.9,23.0,0.0,1017.1
2026-02-24 06:00:00+00:00,10.6,99,10.5,100,100,0,0,0.0,0.0,0.0,0.0,11.6,25.9,0.0,1017.5
2026-02-24 07:00:00+00:00,10.6,100,10.6,100,100,0,0,0.0,0.0,0.0,0.0,10.4,22.7,0.0,1017.3
2026-02-24 08:00:00+00:00,10.4,98,10.1,100,100,0,0,7.0,0.0,0.0,7.0,18.5,34.6,0.2,1017.5
2026-02-24 09:00:00+00:00,10.4,98,10.1,100,100,0,0,29.0,0.0,0.0,29.0,13.0,35.3,0.0,1017.5
2026-02-24 10:00:00+00:00,10.7,93,9.6,98,98,0,3,93.0,5.0,15.0,88.0,22.4,48.2,0.1,1017.5
2026-02-24 11:00:00+00:00,11.1,84,8.6,100,100,0,0,212.0,45.0,105.8,167.0,20.9,47.2,0.0,1017.4
2026-02-24 12:00:00+00:00,12.8,78,9.1,41,41,0,0,259.0,69.0,143.7,190.0,20.3,48.2,0.0,1016.5
2026-02-24 13:00:00+00:00,13.7,72,8.6,63,63,0,0,406.0,256.0,518.7,150.0,19.8,45.4,0.0,1015.9
2026-02-24 14:00:00+00:00,13.9,73,9.1,55,55,0,0,367.0,216.0,464.6,151.0,18.6,43.6,0.0,1015.5
2026-02-24 15:00:00+00:00,13.6,75,9.3,43,43,0,0,300.0,171.0,431.8,129.0,16.6,41.0,0.0,1015.2
2026-02-24 16:00:00+00:00,13.1,80,9.8,21,21,0,0,220.0,136.0,466.5,84.0,13.7,36.4,0.0,1015.1
2026-02-24 17:00:00+00:00,12.2,89,10.4,1,1,0,0,112.0,66.0,416.0,46.0,8.6,28.4,0.0,1014.8
2026-02-24 18:00:00+00:00,10.9,94,9.9,0,0,0,0,12.0,5.0,85.5,7.0,11.3,20.9,0.0,1014.8
2026-02-24 19:00:00+00:00,10.1,94,9.3,0,0,0,0,0.0,0.0,0.0,0.0,11.0,22.0,0.0,1014.9
2026-02-24 20:00:00+00:00,9.8,93,8.8,0,0,0,0,0.0,0.0,0.0,0.0,11.1,20.9,0.0,1014.8
2026-02-24 21:00:00+00:00,10.1,92,8.9,0,0,0,0,0.0,0.0,0.0,0.0,13.3,24.5,0.0,1014.4
2026-02-24 22:00:00+00:00,10.6,92,9.4,0,0,0,0,0.0,0.0,0.0,0.0,14.4,27.4,0.0,1014.4
2026-02-24 23:00:00+00:00,10.6,93,9.5,0,0,0,0,0.0,0.0,0.0,0.0,13.5,27.4,0.0,1014.6
2026-02-25 00:00:00+00:00,10.1,95,9.3,8,8,0,0,0.0,0.0,0.0,0.0,11.9,25.2,0.0,1014.6
2026-02-25 01:00:00+00:00,9.9,96,9.2,2,2,0,0,0.0,0.0,0.0,0.0,11.6,21.6,0.0,1014.5
2026-02-25 02:00:00+00:00,9.6,96,9.0,12,12,0,0,0.0,0.0,0.0,0.0,10.8,21.2,0.0,1014.3
2026-02-25 03:00:00+00:00,9.5,96,8.9,12,12,0,0,0.0,0.0,0.0,0.0,11.5,20.5,0.0,1014.2
2026-02-25 04:00:00+00:00,9.3,97,8.9,8,8,0,0,0.0,0.0,0.0,0.0,12.6,22.3,0.0,1013.9
2026-02-25 05:00:00+00:00,9.1,98,8.8,50,5,0,48,0.0,0.0,0.0,0.0,10.8,22.7,0.0,1014.4
2026-02-25 06:00:00+00:00,8.9,99,8.6,29,3,0,27,0.0,0.0,0.0,0.0,9.0,19.1,0.0,1014.4
2026-02-25 07:00:00+00:00,8.6,99,8.4,17,16,0,2,0.0,0.0,0.0,0.0,7.7,15.8,0.0,1014.7
2026-02-25 08:00:00+00:00,9.4,99,9.3,81,80,0,2,38.0,18.0,203.1,20.0,9.3,15.8,0.0,1015.2
2026-02-25 09:00:00+00:00,10.8,96,10.1,90,89,0,1,128.0,46.0,214.3,82.0,10.3,20.9,0.0,1015.3
2026-02-25 10:00:00+00:00,12.6,89,10.9,38,30,0,11,248.0,129.0,381.1,119.0,9.6,24.1,0.0,1015.8
2026-02-25 11:00:00+00:00,14.1,84,11.4,26,1,0,26,388.0,289.0,670.7,99.0,8.4,22.7,0.0,1016.0
2026-02-25 12:00:00+00:00,14.6,77,10.5,35,2,0,34,465.0,382.0,786.4,83.0,8.0,25.9,0.0,1015.9
2026-02-25 13:00:00+00:00,15.2,71,10.1,59,0,0,59,481.0,399.0,799.3,82.0,9.6,24.1,0.0,1015.5
2026-02-25 14:00:00+00:00,15.3,69,9.6,15,0,0,15,447.0,366.0,778.1,81.0,9.9,25.2,0.0,1015.4
2026-02-25 15:00:00+00:00,15.0,69,9.4,0,0,0,0,370.0,297.0,740.1,73.0,10.1,24.5,0.0,1015.5
2026-02-25 16:00:00+00:00,14.1,74,9.5,61,0,0,61,253.0,192.0,647.2,61.0,9.7,23.8,0.0,1015.7
2026-02-25 17:00:00+00:00,12.4,83,9.6,88,1,0,88,117.0,73.0,446.3,44.0,8.5,21.6,0.0,1016.1
2026-02-25 18:00:00+00:00,11.1,87,9.1,13,3,0,11,13.0,5.0,82.0,8.0,8.4,16.9,0.0,1016.5
2026-02-25 19:00:00+00:00,10.1,90,8.5,44,3,1,41,0.0,0.0,0.0,0.0,9.7,17.6,0.0,1017.0
2026-02-25 20:00:00+00:00,9.6,90,8.1,16,2,15,1,0.0,0.0,0.0,0.0,11.5,21.2,0.0,1017.4
2026-02-25 21:00:00+00:00,9.8,89,8.1,13,1,12,0,0.0,0.0,0.0,0.0,12.7,24.1,0.0,1017.6
2026-02-25 22:00:00+00:00,9.9,89,8.2,3,2,2,0,0.0,0.0,0.0,0.0,13.0,24.8,0.0,1017.8
2026-02-25 23:00:00+00:00,9.7,92,8.4,2,1,2,0,0.0,0.0,0.0,0.0,12.5,24.8,0.0,1017.8
2026-02-26 00:00:00+00:00,9.6,95,8.8,6,1,6,0,0.0,0.0,0.0,0.0,12.1,24.1,0.0,1017.9
2026-02-26 01:00:00+00:00,9.4,97,8.9,28,27,1,0,0.0,0.0,0.0,0.0,12.3,23.8,0.0,1018.3
2026-02-26 02:00:00+00:00,9.4,98,9.0,100,100,15,0,0.0,0.0,0.0,0.0,11.9,23.4,0.0,1018.4
2026-02-26 03:00:00+00:00,9.9,98,9.6,100,100,1,0,0.0,0.0,0.0,0.0,12.9,25.2,0.0,1018.4
2026-02-26 04:00:00+00:00,10.3,98,10.0,100,100,0,0,0.0,0.0,0.0,0.0,13.6,27.0,0.0,1017.6
2026-02-26 05:00:00+00:00,10.3,98,10.1,100,100,0,38,0.0,0.0,0.0,0.0,14.3,29.5,0.0,1018.0
2026-02-26 06:00:00+00:00,10.3,99,10.2,100,100,0,100,0.0,0.0,0.0,0.0,14.9,31.3,0.0,1018.1
2026-02-26 07:00:00+00:00,10.1,99,9.9,100,100,0,100,0.0,0.0,0.0,0.0,19.0,37.4,0.0,1017.8
2026-02-26 08:00:00+00:00,10.2,98,9.9,100,100,0,100,11.0,0.0,0.0,11.0,22.5,45.4,0.0,1018.0
2026-02-26 09:00:00+00:00,10.4,96,9.8,100,100,0,100,36.0,0.0,0.0,36.0,24.8,49.3,0.1,1018.4
2026-02-26 10:00:00+00:00,10.6,93,9.6,100,100,45,88,59.0,0.0,0.0,59.0,25.4,50.8,0.1,1018.1
2026-02-26 11:00:00+00:00,11.1,89,9.4,100,99,12,95,149.0,10.0,22.9,139.0,28.9,59.0,0.1,1018.0
2026-02-26 12:00:00+00:00,11.4,90,9.8,99,95,14,85,191.0,43.0,87.5,148.0,31.4,62.3,0.2,1017.5
2026-02-26 13:00:00+00:00,11.8,87,9.6,100,100,70,94,232.0,35.0,69.3,197.0,30.6,65.2,0.2,1016.7
2026-02-26 14:00:00+00:00,11.8,84,9.2,100,94,100,92,174.0,12.0,25.2,162.0,32.8,68.8,0.1,1016.1
2026-02-26 15:00:00+00:00,11.6,87,9.4,100,61,81,97,144.0,7.0,17.2,137.0,26.7,70.2,0.1,1015.7
2026-02-26 16:00:00+00:00,11.5,86,9.2,100,67,57,99,89.0,3.0,9.9,86.0,22.6,57.6,0.0,1015.5
2026-02-26 17:00:00+00:00,11.3,86,9.1,100,100,100,95,64.0,6.0,35.6,58.0,25.9,55.4,0.0,1015.1
2026-02-26 18:00:00+00:00,11.1,87,9.1,100,100,100,100,3.0,0.0,0.0,3.0,22.5,54.0,0.0,1015.2
2026-02-26 19:00:00+00:00,11.0,87,8.9,100,100,100,98,0.0,0.0,0.0,0.0,22.8,47.5,0.0,1015.2
2026-02-26 20:00:00+00:00,10.9,88,9.0,100,100,99,99,0.0,0.0,0.0,0.0,21.3,47.9,0.0,1014.8
2026-02-26 21:00:00+00:00,10.9,87,8.9,100,100,98,100,0.0,0.0,0.0,0.0,23.3,47.9,0.1,1014.1
2026-02-26 22:00:00+00:00,10.6,90,9.1,100,66,100,100,0.0,0.0,0.0,0.0,23.5,48.2,1.8,1013.7
2026-02-26 23:00:00+00:00,10.1,94,9.2,100,64,100,100,0.0,0.0,0.0,0.0,26.3,50.4,0.7,1012.8
2026-02-27 00:00:00+00:00,10.2,93,9.1,100,88,98,100,0.0,0.0,0.0,0.0,27.6,52.2,0.9,1012.4
2026-02-27 01:00:00+00:00,10.1,95,9.4,100,100,100,100,0.0,0.0,0.0,0.0,24.2,54.7,2.3,1011.7
2026-02-27 02:00:00+00:00,10.0,96,9.4,100,100,100,100,0.0,0.0,0.0,0.0,23.9,46.8,1.7,1011.0
2026-02-27 03:00:00+00:00,10.0,96,9.4,100,100,100,100,0.0,0.0,0.0,0.0,25.4,49.0,1.1,1010.2
2026-02-27 04:00:00+00:00,10.0,95,9.3,100,100,100,100,0.0,0.0,0.0,0.0,25.7,50.0,0.6,1009.5
2026-02-27 05:00:00+00:00,10.1,95,9.4,100,100,100,100,0.0,0.0,0.0,0.0,25.2,49.7,0.4,1008.8
2026-02-27 06:00:00+00:00,10.2,95,9.5,100,100,100,100,0.0,0.0,0.0,0.0,23.4,48.6,0.5,1008.8
2026-02-27 07:00:00+00:00,10.6,94,9.7,100,100,27,100,0.0,0.0,0.0,0.0,23.0,45.4,0.2,1008.5
2026-02-27 08:00:00+00:00,10.9,94,9.9,100,100,23,100,9.0,0.0,0.0,9.0,22.5,44.3,0.0,1008.6
2026-02-27 09:00:00+00:00,11.4,93,10.4,100,100,9,100,34.0,0.0,0.0,34.0,22.2,45.4,0.0,1008.8
2026-02-27 10:00:00+00:00,12.2,91,10.9,100,100,0,98,67.0,3.0,8.6,64.0,20.5,44.6,0.0,1009.0
2026-02-27 11:00:00+00:00,12.7,89,10.9,100,99,5,98,129.0,2.0,4.5,127.0,20.4,46.8,0.0,1009.2
2026-02-27 12:00:00+00:00,12.4,91,10.9,96,59,41,84,228.0,13.0,26.1,215.0,21.7,54.0,0.0,1009.5
2026-02-27 13:00:00+00:00,12.6,89,10.8,100,100,23,76,276.0,102.0,199.8,174.0,18.4,46.1,0.2,1009.3
2026-02-27 14:00:00+00:00,11.4,94,10.5,100,100,11,80,83.0,0.0,0.0,83.0,15.2,40.7,0.1,1009.1
2026-02-27 15:00:00+00:00,11.8,91,10.4,59,18,16,48,126.0,2.0,4.9,124.0,19.5,41.8,0.1,1008.8
2026-02-27 16:00:00+00:00,11.9,85,9.6,100,14,16,100,224.0,143.0,466.0,81.0,19.7,41.8,0.0,1008.9
2026-02-27 17:00:00+00:00,11.1,87,8.9,38,9,34,2,100.0,36.0,207.7,64.0,15.1,41.4,0.0,1009.0
2026-02-27 18:00:00+00:00,10.8,83,7.9,54,9,48,7,14.0,5.0,75.9,9.0,12.3,32.0,0.1,1009.4
2026-02-27 19:00:00+00:00,10.1,86,7.8,84,15,80,0,0.0,0.0,0.0,0.0,13.7,26.6,0.1,1009.6
2026-02-27 20:00:00+00:00,9.6,86,7.3,33,23,20,0,0.0,0.0,0.0,0.0,8.1,27.4,0.0,1009.4
2026-02-27 21:00:00+00:00,9.0,88,7.2,28,17,23,0,0.0,0.0,0.0,0.0,12.1,22.3,0.0,1009.2
2026-02-27 22:00:00+00:00,8.7,90,7.1,43,40,15,0,0.0,0.0,0.0,0.0,11.9,23.8,0.1,1009.0
2026-02-27 23:00:00+00:00,8.4,92,7.1,51,48,21,0,0.0,0.0,0.0,0.0,12.1,23.8,0.1,1008.5
2026-02-28 00:00:00+00:00,8.2,92,7.1,68,17,66,0,0.0,0.0,0.0,0.0,9.4,22.7,0.1,1007.9
2026-02-28 01:00:00+00:00,8.4,94,7.5,81,67,59,5,0.0,0.0,0.0,0.0,9.5,19.4,0.1,1007.5
2026-02-28 02:00:00+00:00,8.2,96,7.6,100,100,69,26,0.0,0.0,0.0,0.0,2.5,17.3,0.7,1007.3
2026-02-28 03:00:00+00:00,7.8,95,7.1,100,77,99,76,0.0,0.0,0.0,0.0,13.2,23.8,1.9,1007.8
2026-02-28 04:00:00+00:00,7.6,97,7.1,100,100,46,10,0.0,0.0,0.0,0.0,20.1,37.1,0.2,1009.1
2026-02-28 05:00:00+00:00,7.4,92,6.3,100,100,23,0,0.0,0.0,0.0,0.0,23.2,46.1,0.0,1010.9
2026-02-28 06:00:00+00:00,7.6,91,6.2,32,23,2,9,0.0,0.0,0.0,0.0,22.4,47.2,0.0,1012.5
2026-02-28 07:00:00+00:00,6.8,90,5.3,98,2,85,90,0.0,0.0,0.0,0.0,18.6,44.6,0.0,1014.1
2026-02-28 08:00:00+00:00,7.2,90,5.8,84,11,82,8,39.0,8.0,82.0,31.0,17.7,37.1,0.0,1015.5
2026-02-28 09:00:00+00:00,8.1,84,5.5,1,0,0,1,147.0,55.0,237.2,92.0,16.5,40.3,0.0,1016.7
2026-02-28 10:00:00+00:00,9.1,74,4.8,2,2,0,0,312.0,235.0,660.5,77.0,17.6,39.2,0.0,1017.6
2026-02-28 11:00:00+00:00,9.9,64,3.5,5,5,3,0,428.0,344.0,767.4,84.0,19.5,43.6,0.0,1018.3
2026-02-28 12:00:00+00:00,10.2,55,1.5,20,13,15,0,486.0,401.0,797.4,85.0,18.9,44.3,0.0,1019.1
2026-02-28 13:00:00+00:00,10.4,53,1.3,17,12,16,0,463.0,356.0,689.9,107.0,18.4,42.5,0.0,1019.5
2026-02-28 14:00:00+00:00,10.5,54,1.6,25,20,16,0,429.0,334.0,686.1,95.0,18.9,41.8,0.0,1019.8
2026-02-28 15:00:00+00:00,10.4,55,1.8,18,11,9,0,359.0,263.0,630.4,96.0,19.5,43.2,0.2,1020.0
2026-02-28 16:00:00+00:00,9.9,56,1.5,16,9,9,0,248.0,167.0,535.4,81.0,17.0,42.5,0.1,1020.2
2026-02-28 17:00:00+00:00,8.9,62,2.0,14,10,4,0,127.0,79.0,443.2,48.0,13.3,36.7,0.0,1020.3
2026-02-28 18:00:00+00:00,8.0,72,3.2,98,0,32,98,18.0,7.0,102.4,11.0,10.1,27.4,0.0,1020.8
2026-02-28 19:00:00+00:00,7.2,79,3.8,89,9,51,82,0.0,0.0,0.0,0.0,10.1,19.8,0.0,1021.0
2026-02-28 20:00:00+00:00,7.1,82,4.2,38,12,30,0,0.0,0.0,0.0,0.0,10.7,20.5,0.0,1020.7
2026-02-28 21:00:00+00:00,7.3,81,4.3,89,33,87,0,0.0,0.0,0.0,0.0,12.3,23.8,0.0,1020.7
2026-02-28 22:00:00+00:00,7.2,80,4.1,74,52,52,0,0.0,0.0,0.0,0.0,13.0,25.6,0.1,1020.7
2026-02-28 23:00:00+00:00,6.1,91,4.8,100,91,100,0,0.0,0.0,0.0,0.0,3.4,25.6,1.9,1020.1
2026-03-01 00:00:00+00:00,7.6,91,6.2,91,88,63,0,0.0,0.0,0.0,0.0,18.3,25.9,0.1,1019.4
2026-03-01 01:00:00+00:00,7.8,91,6.4,100,100,100,52,0.0,0.0,0.0,0.0,16.2,36.4,0.1,1018.9
2026-03-01 02:00:00+00:00,8.1,92,6.8,100,31,100,40,0.0,0.0,0.0,0.0,18.4,34.9,0.4,1018.0
2026-03-01 03:00:00+00:00,8.2,92,6.9,100,100,95,99,0.0,0.0,0.0,0.0,19.9,38.5,0.3,1017.2
2026-03-01 04:00:00+00:00,8.1,92,6.9,100,100,80,100,0.0,0.0,0.0,0.0,20.7,43.2,0.2,1016.7
2026-03-01 05:00:00+00:00,8.6,92,7.5,100,100,48,97,0.0,0.0,0.0,0.0,21.1,41.8,0.1,1016.1
2026-03-01 06:00:00+00:00,8.9,94,7.9,100,100,99,100,0.0,0.0,0.0,0.0,20.5,42.1,0.0,1015.6
2026-03-01 07:00:00+00:00,8.9,95,8.1,100,62,96,89,0.0,0.0,0.0,0.0,18.8,40.3,0.1,1015.5
2026-03-01 08:00:00+00:00,9.4,93,8.3,100,100,100,100,29.0,1.0,10.0,28.0,16.9,37.1,0.1,1015.4
2026-03-01 09:00:00+00:00,9.3,96,8.8,100,100,100,58,35.0,0.0,0.0,35.0,18.3,36.4,0.9,1014.8
2026-03-01 10:00:00+00:00,10.4,94,9.5,100,100,100,45,45.0,6.0,16.6,39.0,27.2,53.3,0.7,1014.1
2026-03-01 11:00:00+00:00,11.0,89,9.2,100,90,100,0,128.0,1.0,2.2,127.0,28.1,55.4,0.1,1015.0
2026-03-01 12:00:00+00:00,10.6,92,9.4,100,41,100,0,81.0,0.0,0.0,81.0,17.8,54.0,0.1,1015.6
2026-03-01 13:00:00+00:00,12.0,83,9.1,99,41,93,88,230.0,38.0,72.9,192.0,23.9,47.2,0.1,1015.3
2026-03-01 14:00:00+00:00,11.9,84,9.1,98,34,96,17,210.0,75.0,152.4,135.0,25.6,52.9,0.1,1015.2
2026-03-01 15:00:00+00:00,11.9,84,9.2,100,84,98,33,211.0,50.0,118.4,161.0,25.6,57.2,0.1,1015.1
2026-03-01 16:00:00+00:00,11.2,87,9.1,73,60,24,12,95.0,3.0,9.5,92.0,22.1,55.8,0.0,1014.9
2026-03-01 17:00:00+00:00,10.9,88,8.9,98,72,2,91,100.0,35.0,191.1,65.0,20.9,51.5,0.0,1014.5
2026-03-01 18:00:00+00:00,10.6,90,9.1,100,100,93,98,13.0,1.0,14.1,12.0,19.6,45.7,0.0,1014.7
2026-03-01 19:00:00+00:00,10.6,87,8.4,100,100,26,93,0.0,0.0,0.0,0.0,23.6,47.9,0.1,1014.7
2026-03-01 20:00:00+00:00,10.7,83,7.9,100,100,51,98,0.0,0.0,0.0,0.0,23.6,48.6,0.0,1014.6
2026-03-01 21:00:00+00:00,10.6,82,7.7,100,100,78,100,0.0,0.0,0.0,0.0,24.1,50.0,0.0,1014.6
2026-03-01 22:00:00+00:00,10.4,81,7.2,100,58,82,100,0.0,0.0,0.0,0.0,22.5,50.4,0.0,1014.5
2026-03-01 23:00:00+00:00,10.0,80,6.7,100,34,91,100,0.0,0.0,0.0,0.0,21.5,46.8,0.0,1014.3
2026-03-02 00:00:00+00:00,9.9,79,6.5,99,35,38,99,0.0,0.0,0.0,0.0,21.5,44.6,0.0,1013.8
2026-03-02 01:00:00+00:00,9.6,81,6.6,77,15,23,71,0.0,0.0,0.0,0.0,20.4,44.3,0.0,1013.6
2026-03-02 02:00:00+00:00,9.1,81,6.1,93,0,8,93,0.0,0.0,0.0,0.0,19.1,42.1,0.0,1013.2
2026-03-02 03:00:00+00:00,8.9,83,6.2,99,0,10,99,0.0,0.0,0.0,0.0,17.7,38.9,0.0,1012.7
2026-03-02 04:00:00+00:00,8.8,82,5.8,95,0,0,95,0.0,0.0,0.0,0.0,17.5,36.0,0.0,1012.5
2026-03-02 05:00:00+00:00,8.6,82,5.8,96,0,0,96,0.0,0.0,0.0,0.0,16.8,35.3,0.0,1012.5
2026-03-02 06:00:00+00:00,8.6,84,6.2,85,0,6,84,0.0,0.0,0.0,0.0,16.7,33.8,0.0,1012.3
2026-03-02 07:00:00+00:00,8.6,85,6.2,91,0,1,91,0.0,0.0,0.0,0.0,15.8,33.5,0.0,1012.6
2026-03-02 08:00:00+00:00,9.2,84,6.7,34,0,0,34,54.0,19.0,183.7,35.0,14.8,31.3,0.0,1013.0
2026-03-02 09:00:00+00:00,10.6,80,7.3,48,0,0,48,193.0,131.0,538.2,62.0,12.7,29.5,0.0,1013.5
2026-03-02 10:00:00+00:00,11.8,74,7.3,83,0,0,83,323.0,239.0,650.5,84.0,14.4,32.4,0.0,1014.0
2026-03-02 11:00:00+00:00,12.6,70,7.2,43,0,0,43,434.0,346.0,752.6,88.0,15.7,35.6,0.0,1014.4
2026-03-02 12:00:00+00:00,13.6,66,7.4,46,0,0,46,499.0,411.0,799.2,88.0,14.4,37.4,0.0,1014.3
2026-03-02 13:00:00+00:00,13.9,66,7.6,74,0,0,74,514.0,427.0,810.0,87.0,14.1,33.8,0.0,1014.3
2026-03-02 14:00:00+00:00,13.8,67,7.8,95,0,0,95,476.0,385.0,773.7,91.0,13.6,33.1,0.0,1014.4
2026-03-02 15:00:00+00:00,13.4,69,7.8,1,0,0,1,395.0,311.0,727.3,84.0,13.1,31.7,0.0,1014.6
2026-03-02 16:00:00+00:00,12.9,71,7.8,0,0,0,0,280.0,213.0,661.5,67.0,12.7,30.2,0.0,1015.1
2026-03-02 17:00:00+00:00,11.8,77,7.8,6,2,5,0,140.0,92.0,489.5,48.0,9.5,27.7,0.0,1015.7
2026-03-02 18:00:00+00:00,10.7,81,7.6,1,0,0,0,22.0,10.0,136.5,12.0,7.6,19.4,0.0,1016.4
2026-03-02 19:00:00+00:00,9.8,86,7.6,2,0,1,0,0.0,0.0,0.0,0.0,6.1,14.0,0.0,1017.2
2026-03-02 20:00:00+00:00,8.5,90,7.0,4,0,4,0,0.0,0.0,0.0,0.0,4.0,11.2,0.0,1018.0
2026-03-02 21:00:00+00:00,8.1,91,6.7,5,0,5,0,0.0,0.0,0.0,0.0,1.9,6.5,0.0,1018.7
2026-03-02 22:00:00+00:00,7.6,93,6.5,8,1,7,0,0.0,0.0,0.0,0.0,1.9,3.6,0.0,1019.4
2026-03-02 23:00:00+00:00,7.4,93,6.4,9,2,6,0,0.0,0.0,0.0,0.0,0.7,3.2,0.0,1020.0
2026-03-03 00:00:00+00:00,6.9,94,6.0,2,0,2,0,0.0,0.0,0.0,0.0,0.4,2.2,0.0,1020.8
2026-03-03 01:00:00+00:00,6.4,95,5.7,1,0,1,0,0.0,0.0,0.0,0.0,2.0,4.7,0.0,1021.3
2026-03-03 02:00:00+00:00,6.2,95,5.6,1,1,0,0,0.0,0.0,0.0,0.0,4.9,9.0,0.0,1021.9
2026-03-03 03:00:00+00:00,5.9,95,5.2,2,2,0,0,0.0,0.0,0.0,0.0,6.9,11.9,0.0,1022.2
2026-03-03 04:00:00+00:00,5.8,96,5.2,1,1,0,0,0.0,0.0,0.0,0.0,7.1,12.6,0.0,1022.6
2026-03-03 05:00:00+00:00,5.9,95,5.2,34,8,28,6,0.0,0.0,0.0,0.0,8.9,15.1,0.0,1023.2
2026-03-03 06:00:00+00:00,6.4,95,5.8,52,11,29,32,0.0,0.0,0.0,0.0,10.2,17.6,0.0,1023.9
2026-03-03 07:00:00+00:00,6.3,96,5.7,99,16,94,93,1.0,0.0,0.0,1.0,8.7,18.4,0.0,1024.4
2026-03-03 08:00:00+00:00,7.5,94,6.6,98,23,92,83,47.0,8.0,75.2,39.0,8.7,16.2,0.0,1025.2
2026-03-03 09:00:00+00:00,9.4,90,7.8,100,11,100,100,160.0,55.0,220.7,105.0,6.1,15.5,0.0,1025.8
2026-03-03 10:00:00+00:00,11.1,86,8.9,100,23,100,65,253.0,86.0,230.5,167.0,5.8,15.1,0.0,1026.1
2026-03-03 11:00:00+00:00,13.2,80,9.9,41,18,25,3,397.0,254.0,545.7,143.0,6.8,18.7,0.0,1026.1
2026-03-03 12:00:00+00:00,14.6,73,9.9,46,24,28,7,467.0,356.0,684.7,111.0,7.2,19.8,0.0,1026.3
2026-03-03 13:00:00+00:00,15.4,66,9.1,34,9,30,0,420.0,290.0,544.4,130.0,8.8,22.0,0.0,1026.1
2026-03-03 14:00:00+00:00,15.6,64,8.9,50,6,45,5,431.0,311.0,618.3,120.0,8.6,22.3,0.0,1026.0
2026-03-03 15:00:00+00:00,15.3,67,9.2,47,2,35,17,367.0,264.0,609.9,103.0,8.1,21.6,0.0,1025.9
2026-03-03 16:00:00+00:00,14.4,72,9.6,22,2,20,1,236.0,146.0,446.4,90.0,6.5,19.8,0.0,1026.0
2026-03-03 17:00:00+00:00,13.4,80,10.0,34,9,30,1,134.0,81.0,420.1,53.0,4.0,14.8,0.0,1026.1
2026-03-03 18:00:00+00:00,11.4,86,9.2,46,2,45,0,22.0,9.0,118.9,13.0,4.7,7.9,0.0,1026.2
2026-03-03 19:00:00+00:00,11.0,88,9.1,65,1,65,0,0.0,0.0,0.0,0.0,8.3,14.0,0.0,1026.5
2026-03-03 20:00:00+00:00,10.1,89,8.4,20,0,13,7,0.0,0.0,0.0,0.0,10.5,19.1,0.0,1026.9
2026-03-03 21:00:00+00:00,9.0,88,7.1,9,0,1,9,0.0,0.0,0.0,0.0,10.6,19.8,0.0,1027.1
2026-03-03 22:00:00+00:00,8.0,87,5.9,2,0,1,0,0.0,0.0,0.0,0.0,10.3,19.8,0.0,1027.2
2026-03-03 23:00:00+00:00,7.3,88,5.4,0,0,0,0,0.0,0.0,0.0,0.0,9.8,19.1,0.0,1027.2
2026-03-04 00:00:00+00:00,7.0,88,5.2,5,0,1,4,0.0,0.0,0.0,0.0,9.5,18.0,0.0,1027.3
2026-03-04 01:00:00+00:00,6.6,90,5.0,1,0,0,1,0.0,0.0,0.0,0.0,9.0,17.3,0.0,1027.0
2026-03-04 02:00:00+00:00,6.2,91,4.9,9,0,9,0,0.0,0.0,0.0,0.0,9.0,16.6,0.0,1026.7
2026-03-04 03:00:00+00:00,5.9,92,4.8,20,0,20,0,0.0,0.0,0.0,0.0,9.1,16.6,0.0,1026.2
2026-03-04 04:00:00+00:00,5.8,93,4.7,11,0,5,7,0.0,0.0,0.0,0.0,8.8,16.6,0.0,1025.8
2026-03-04 05:00:00+00:00,5.7,93,4.7,23,0,0,23,0.0,0.0,0.0,0.0,8.9,16.6,0.0,1025.6
2026-03-04 06:00:00+00:00,5.6,94,4.7,30,0,0,30,0.0,0.0,0.0,0.0,9.1,16.2,0.0,1025.5
2026-03-04 07:00:00+00:00,5.4,94,4.6,43,0,0,43,1.0,0.0,0.0,1.0,8.6,16.2,0.0,1025.4
2026-03-04 08:00:00+00:00,6.7,93,5.6,55,0,0,55,65.0,30.0,274.2,35.0,9.6,17.3,0.0,1025.5
2026-03-04 09:00:00+00:00,8.9,86,6.7,10,0,2,9,205.0,142.0,556.9,63.0,8.3,18.7,0.0,1025.4
2026-03-04 10:00:00+00:00,11.0,81,7.8,0,0,0,0,343.0,269.0,709.8,74.0,9.3,22.3,0.0,1025.1
2026-03-04 11:00:00+00:00,12.6,76,8.6,0,0,0,0,449.0,367.0,778.7,82.0,10.9,26.3,0.0,1024.2
2026-03-04 12:00:00+00:00,12.7,75,8.4,0,0,0,0,513.0,428.0,814.3,85.0,11.0,29.5,0.0,1024.5
2026-03-04 13:00:00+00:00,13.2,72,8.3,0,0,0,0,527.0,440.0,817.5,87.0,12.3,29.9,0.0,1023.7
2026-03-04 14:00:00+00:00,13.4,69,7.9,0,0,0,0,493.0,409.0,804.5,84.0,12.3,29.9,0.0,1022.9
2026-03-04 15:00:00+00:00,13.2,69,7.7,0,0,0,0,413.0,336.0,767.0,77.0,11.9,29.5,0.0,1022.1
2026-03-04 16:00:00+00:00,12.4,73,7.6,0,0,0,0,293.0,226.0,680.6,67.0,11.1,27.7,0.0,1021.6
2026-03-04 17:00:00+00:00,11.1,77,7.3,0,0,0,0,151.0,102.0,516.1,49.0,10.9,24.5,0.0,1021.3
2026-03-04 18:00:00+00:00,10.1,78,6.3,0,0,0,0,27.0,13.0,166.4,14.0,11.9,22.0,0.0,1020.9
2026-03-04 19:00:00+00:00,9.4,80,6.1,0,0,0,0,0.0,0.0,0.0,0.0,11.9,22.7,0.0,1020.9
2026-03-04 20:00:00+00:00,9.1,82,6.2,0,0,0,0,0.0,0.0,0.0,0.0,12.0,22.7,0.0,1020.6
2026-03-04 21:00:00+00:00,9.1,84,6.5,0,0,0,0,0.0,0.0,0.0,0.0,11.5,22.7,0.0,1020.1
2026-03-04 22:00:00+00:00,9.0,85,6.6,2,2,0,0,0.0,0.0,0.0,0.0,11.7,21.6,0.0,1019.7
2026-03-04 23:00:00+00:00,9.1,84,6.5,0,0,0,0,0.0,0.0,0.0,0.0,12.3,22.7,0.0,1018.9
2026-03-05 00:00:00+00:00,8.9,84,6.4,0,0,0,0,0.0,0.0,0.0,0.0,12.3,23.0,0.0,1018.6
2026-03-05 01:00:00+00:00,8.8,83,6.0,5,5,0,0,0.0,0.0,0.0,0.0,12.0,22.7,0.0,1018.0
2026-03-05 02:00:00+00:00,8.7,82,5.8,6,6,0,0,0.0,0.0,0.0,0.0,11.7,22.0,0.0,1017.3
2026-03-05 03:00:00+00:00,8.4,83,5.7,5,5,0,0,0.0,0.0,0.0,0.0,10.9,21.6,0.0,1016.7
2026-03-05 04:00:00+00:00,8.2,85,5.8,1,1,0,0,0.0,0.0,0.0,0.0,10.9,20.2,0.0,1016.2
2026-03-05 05:00:00+00:00,7.9,87,5.9,0,0,0,0,0.0,0.0,0.0,0.0,11.2,20.5,0.0,1015.7
2026-03-05 06:00:00+00:00,7.6,88,5.8,0,0,0,0,0.0,0.0,0.0,0.0,11.4,20.5,0.0,1015.5
2026-03-05 07:00:00+00:00,7.2,90,5.7,0,0,0,0,2.0,0.0,0.0,2.0,11.1,20.9,0.0,1015.2
2026-03-05 08:00:00+00:00,8.4,89,6.6,0,0,0,0,74.0,43.0,378.6,31.0,11.1,20.9,0.0,1015.1
2026-03-05 09:00:00+00:00,10.5,84,7.9,0,0,0,0,216.0,158.0,605.7,58.0,9.1,20.5,0.0,1015.1
2026-03-05 10:00:00+00:00,12.2,78,8.4,0,0,0,0,353.0,281.0,730.2,72.0,11.5,26.6,0.0,1015.3
2026-03-05 11:00:00+00:00,13.2,74,8.6,0,0,0,0,457.0,377.0,790.2,80.0,12.4,29.5,0.0,1015.1
2026-03-05 12:00:00+00:00,14.4,69,8.9,0,0,0,0,518.0,433.0,815.0,85.0,12.6,31.7,0.0,1014.9
2026-03-05 13:00:00+00:00,14.6,68,8.8,0,0,0,0,531.0,445.0,818.3,86.0,13.5,32.0,0.0,1014.5
2026-03-05 14:00:00+00:00,14.1,70,8.8,0,0,0,0,495.0,410.0,798.0,85.0,13.6,32.4,0.0,1013.9
2026-03-05 15:00:00+00:00,13.8,72,8.8,0,0,0,0,414.0,335.0,755.8,79.0,10.9,32.0,0.0,1013.3
2026-03-05 16:00:00+00:00,12.9,75,8.7,8,0,0,8,296.0,228.0,676.4,68.0,9.4,25.9,0.0,1012.8
2026-03-05 17:00:00+00:00,11.6,80,8.4,100,0,41,100,153.0,100.0,493.9,53.0,10.6,22.3,0.0,1013.3
2026-03-05 18:00:00+00:00,11.1,81,8.0,100,0,9,100,22.0,3.0,37.2,19.0,9.3,21.2,0.3,1014.1
2026-03-05 19:00:00+00:00,10.1,85,7.8,99,0,0,99,0.0,0.0,0.0,0.0,7.6,17.3,0.0,1014.6
2026-03-05 20:00:00+00:00,9.6,87,7.6,54,0,26,38,0.0,0.0,0.0,0.0,6.8,14.0,0.0,1014.7
2026-03-05 21:00:00+00:00,8.9,90,7.2,100,51,2,100,0.0,0.0,0.0,0.0,4.6,11.9,0.0,1014.9
2026-03-05 22:00:00+00:00,9.2,90,7.7,100,1,0,100,0.0,0.0,0.0,0.0,4.4,7.6,0.0,1015.2
2026-03-05 23:00:00+00:00,8.4,92,7.2,56,3,2,55,0.0,0.0,0.0,0.0,4.3,7.6,0.0,1015.4
2026-03-06 00:00:00+00:00,8.2,93,7.2,57,6,0,54,0.0,0.0,0.0,0.0,2.9,7.6,0.0,1015.8
2026-03-06 01:00:00+00:00,8.4,93,7.3,26,4,0,23,0.0,0.0,0.0,0.0,0.5,4.0,0.0,1016.1
2026-03-06 02:00:00+00:00,7.7,95,7.0,5,5,0,0,0.0,0.0,0.0,0.0,1.4,2.5,0.0,1016.5
2026-03-06 03:00:00+00:00,7.1,98,6.8,12,12,0,0,0.0,0.0,0.0,0.0,1.6,3.2,0.0,1016.8
2026-03-06 04:00:00+00:00,6.6,100,6.5,40,38,4,3,0.0,0.0,0.0,0.0,3.2,5.4,0.0,1017.5
2026-03-06 05:00:00+00:00,6.8,98,6.4,94,5,0,94,0.0,0.0,0.0,0.0,10.2,18.0,0.0,1017.9
2026-03-06 06:00:00+00:00,7.3,96,6.7,95,5,0,94,0.0,0.0,0.0,0.0,11.5,20.5,0.0,1018.5
2026-03-06 07:00:00+00:00,7.1,98,6.8,100,99,0,80,2.0,0.0,0.0,2.0,13.4,25.2,0.0,1019.5
2026-03-06 08:00:00+00:00,7.4,96,6.8,100,100,0,78,55.0,11.0,92.1,44.0,14.6,30.6,0.0,1020.4
2026-03-06 09:00:00+00:00,7.8,91,6.4,100,97,4,99,112.0,12.0,45.0,100.0,13.9,31.0,0.0,1021.2
2026-03-06 10:00:00+00:00,8.9,84,6.4,100,34,55,100,182.0,16.0,40.9,166.0,11.9,31.3,0.0,1021.5
2026-03-06 11:00:00+00:00,10.4,80,7.1,100,20,100,100,331.0,120.0,248.5,211.0,10.3,27.4,0.0,1021.7
2026-03-06 12:00:00+00:00,9.2,86,7.1,100,93,100,100,149.0,0.0,0.0,149.0,10.6,25.6,0.2,1022.3
2026-03-06 13:00:00+00:00,8.8,93,7.8,100,100,100,100,79.0,0.0,0.0,79.0,12.4,23.4,0.9,1022.1
2026-03-06 14:00:00+00:00,8.8,94,7.8,100,100,100,100,87.0,0.0,0.0,87.0,12.6,24.5,1.0,1022.0
2026-03-06 15:00:00+00:00,8.9,92,7.7,100,100,100,98,119.0,1.0,2.2,118.0,14.7,28.8,0.7,1022.1
2026-03-06 16:00:00+00:00,8.4,95,7.8,100,100,100,81,45.0,0.0,0.0,45.0,12.5,28.8,0.4,1022.5
2026-03-06 17:00:00+00:00,8.3,96,7.7,100,100,100,8,33.0,0.0,0.0,33.0,11.5,23.0,0.4,1023.1
2026-03-06 18:00:00+00:00,7.8,96,7.2,100,100,100,0,6.0,0.0,0.0,6.0,11.2,22.0,0.2,1023.9
2026-03-06 19:00:00+00:00,7.7,94,6.8,100,100,100,2,0.0,0.0,0.0,0.0,13.0,24.1,0.1,1024.5
2026-03-06 20:00:00+00:00,7.4,94,6.6,100,100,100,34,0.0,0.0,0.0,0.0,13.3,25.6,0.0,1025.0
2026-03-06 21:00:00+00:00,7.3,94,6.4,100,100,100,4,0.0,0.0,0.0,0.0,12.0,25.2,0.1,1025.5
2026-03-06 22:00:00+00:00,7.2,95,6.4,100,100,100,0,0.0,0.0,0.0,0.0,11.7,22.3,0.1,1025.6
2026-03-06 23:00:00+00:00,7.2,95,6.4,100,100,100,0,0.0,0.0,0.0,0.0,11.4,22.3,0.1,1025.8
2026-03-07 00:00:00+00:00,7.3,95,6.6,100,100,100,0,0.0,0.0,0.0,0.0,10.2,21.2,0.0,1025.8
2026-03-07 01:00:00+00:00,7.4,94,6.6,100,100,95,0,0.0,0.0,0.0,0.0,9.5,19.8,0.0,1025.9
2026-03-07 02:00:00+00:00,7.4,95,6.6,100,100,0,0,0.0,0.0,0.0,0.0,9.3,18.4,0.0,1025.5
2026-03-07 03:00:00+00:00,7.4,94,6.6,100,100,4,21,0.0,0.0,0.0,0.0,9.7,18.7,0.0,1025.5
2026-03-07 04:00:00+00:00,7.3,95,6.6,100,100,0,34,0.0,0.0,0.0,0.0,10.6,21.2,0.0,1025.3
2026-03-07 05:00:00+00:00,7.4,94,6.6,100,100,20,33,0.0,0.0,0.0,0.0,10.1,20.9,0.1,1025.4
2026-03-07 06:00:00+00:00,7.4,95,6.7,100,100,13,0,0.0,0.0,0.0,0.0,9.7,19.8,0.0,1025.5
2026-03-07 07:00:00+00:00,7.4,95,6.7,100,100,81,0,1.0,0.0,0.0,1.0,9.0,19.4,0.0,1025.7
2026-03-07 08:00:00+00:00,7.7,94,6.8,100,100,89,2,18.0,0.0,0.0,18.0,9.4,19.8,0.0,1026.0
2026-03-07 09:00:00+00:00,8.2,93,7.1,100,100,28,19,63.0,0.0,0.0,63.0,9.4,20.2,0.1,1026.2
2026-03-07 10:00:00+00:00,8.9,91,7.4,100,100,0,36,100.0,7.0,17.6,93.0,8.9,20.5,0.1,1026.4
2026-03-07 11:00:00+00:00,9.4,90,7.9,100,100,20,21,119.0,2.0,4.1,117.0,7.8,20.2,0.0,1026.5
2026-03-07 12:00:00+00:00,9.8,88,7.8,100,100,43,52,138.0,10.0,18.4,128.0,8.5,18.4,0.0,1026.4
2026-03-07 13:00:00+00:00,10.5,86,8.2,100,100,31,88,208.0,9.0,16.2,199.0,8.1,20.5,0.0,1026.1
2026-03-07 14:00:00+00:00,10.6,86,8.3,100,100,20,95,135.0,2.0,3.8,133.0,7.4,20.2,0.0,1025.6
2026-03-07 15:00:00+00:00,10.9,85,8.5,100,100,54,99,114.0,1.0,2.2,113.0,7.4,17.6,0.0,1025.2
2026-03-07 16:00:00+00:00,11.1,84,8.6,100,100,90,92,75.0,1.0,2.9,74.0,8.3,19.1,0.0,1025.0
2026-03-07 17:00:00+00:00,11.1,86,8.9,100,100,7,99,57.0,1.0,4.7,56.0,6.5,19.8,0.0,1025.0
2026-03-07 18:00:00+00:00,10.4,90,8.9,100,100,98,98,8.0,0.0,0.0,8.0,5.4,13.3,0.0,1025.1
2026-03-07 19:00:00+00:00,9.9,93,8.8,100,100,39,99,0.0,0.0,0.0,0.0,5.2,10.4,0.0,1025.4
2026-03-07 20:00:00+00:00,9.6,95,8.8,100,100,14,69,0.0,0.0,0.0,0.0,4.7,10.1,0.0,1025.3
2026-03-07 21:00:00+00:00,9.4,94,8.5,98,86,14,88,0.0,0.0,0.0,0.0,6.3,11.5,0.0,1025.3
2026-03-07 22:00:00+00:00,8.9,94,8.1,60,4,43,27,0.0,0.0,0.0,0.0,7.6,14.0,0.0,1025.4
2026-03-07 23:00:00+00:00,7.9,96,7.3,39,1,38,0,0.0,0.0,0.0,0.0,8.1,15.5,0.0,1024.9
2026-03-08 00:00:00+00:00,8.1,98,7.7,98,28,98,0,0.0,0.0,0.0,0.0,7.2,15.1,0.0,1025.0
2026-03-08 01:00:00+00:00,7.8,99,7.6,98,9,97,30,0.0,0.0,0.0,0.0,6.4,12.2,0.5,1024.8
2026-03-08 02:00:00+00:00,7.8,99,7.6,100,100,62,70,0.0,0.0,0.0,0.0,7.7,14.0,0.1,1024.5
2026-03-08 03:00:00+00:00,7.2,100,7.2,100,100,4,11,0.0,0.0,0.0,0.0,7.8,14.8,0.0,1023.8
2026-03-08 04:00:00+00:00,7.3,100,7.2,100,100,37,0,0.0,0.0,0.0,0.0,7.3,14.8,0.0,1023.7
2026-03-08 05:00:00+00:00,7.2,100,7.2,100,100,7,0,0.0,0.0,0.0,0.0,7.8,16.2,0.0,1023.8
2026-03-08 06:00:00+00:00,7.4,99,7.3,100,100,34,0,0.0,0.0,0.0,0.0,10.2,22.0,0.0,1023.7
2026-03-08 07:00:00+00:00,7.4,100,7.3,100,100,2,0,2.0,0.0,0.0,2.0,9.7,22.0,0.0,1023.7
2026-03-08 08:00:00+00:00,7.6,99,7.3,100,100,0,0,31.0,1.0,7.6,30.0,9.9,21.6,0.0,1023.9
2026-03-08 09:00:00+00:00,7.8,98,7.6,100,100,0,0,72.0,6.0,21.5,66.0,9.3,21.2,0.0,1023.9
2026-03-08 10:00:00+00:00,8.6,94,7.8,100,100,0,0,168.0,23.0,57.1,145.0,10.1,23.8,0.0,1023.9
2026-03-08 11:00:00+00:00,9.4,92,8.1,100,100,0,0,210.0,51.0,103.1,159.0,11.4,26.6,0.0,1023.7
2026-03-08 12:00:00+00:00,8.9,89,7.3,100,100,5,0,258.0,50.0,91.1,208.0,11.6,27.7,0.0,1023.6
2026-03-08 13:00:00+00:00,9.2,87,7.2,100,100,0,0,263.0,54.0,96.3,209.0,10.7,26.6,0.0,1023.3
2026-03-08 14:00:00+00:00,9.6,86,7.2,100,100,0,0,285.0,54.0,101.9,231.0,10.7,26.3,0.0,1022.7
2026-03-08 15:00:00+00:00,9.8,85,7.4,100,100,0,0,281.0,81.0,176.5,200.0,9.0,25.9,0.0,1022.3
2026-03-08 16:00:00+00:00,9.4,87,7.3,100,100,0,0,182.0,38.0,107.9,144.0,8.1,22.7,0.0,1022.0
2026-03-08 17:00:00+00:00,8.9,89,7.1,100,100,0,0,77.0,8.0,36.9,69.0,7.5,20.2,0.0,1021.8
2026-03-08 18:00:00+00:00,8.1,91,6.7,100,100,0,0,20.0,1.0,11.4,19.0,6.7,17.6,0.0,1021.8
2026-03-08 19:00:00+00:00,7.7,94,6.8,100,100,0,0,0.0,0.0,0.0,0.0,6.4,14.4,0.0,1021.6
2026-03-08 20:00:00+00:00,7.4,95,6.7,100,100,2,0,0.0,0.0,0.0,0.0,7.0,15.1,0.0,1021.7
2026-03-08 21:00:00+00:00,7.3,95,6.6,100,100,0,0,0.0,0.0,0.0,0.0,6.9,16.6,0.0,1021.5
2026-03-08 22:00:00+00:00,7.1,97,6.7,100,100,0,0,0.0,0.0,0.0,0.0,5.9,15.1,0.0,1021.4
2026-03-08 23:00:00+00:00,7.0,98,6.7,100,100,0,0,0.0,0.0,0.0,0.0,7.3,16.6,0.0,1021.2
2026-03-09 00:00:00+00:00,7.1,100,7.1,100,100,11,0,0.0,0.0,0.0,0.0,5.1,15.8,0.0,1021.1
2026-03-09 01:00:00+00:00,7.2,100,7.1,100,100,23,0,0.0,0.0,0.0,0.0,4.7,12.6,0.0,1020.8
2026-03-09 02:00:00+00:00,7.2,100,7.1,100,100,35,0,0.0,0.0,0.0,0.0,5.5,13.0,0.0,1020.4
2026-03-09 03:00:00+00:00,7.2,100,7.1,100,100,9,0,0.0,0.0,0.0,0.0,6.5,14.0,0.1,1019.6
2026-03-09 04:00:00+00:00,7.1,99,7.0,100,100,0,0,0.0,0.0,0.0,0.0,7.2,15.5,0.0,1019.2
2026-03-09 05:00:00+00:00,7.1,99,7.0,100,100,9,0,0.0,0.0,0.0,0.0,6.1,14.0,0.0,1019.0
2026-03-09 06:00:00+00:00,7.1,100,7.1,100,100,0,0,0.0,0.0,0.0,0.0,6.0,12.6,0.0,1019.0
2026-03-09 07:00:00+00:00,7.2,99,7.1,100,100,0,0,2.0,0.0,0.0,2.0,6.1,12.6,0.0,1019.1
2026-03-09 08:00:00+00:00,7.8,99,7.8,100,100,1,0,45.0,9.0,65.4,36.0,6.8,14.4,0.0,1019.3
2026-03-09 09:00:00+00:00,9.1,96,8.4,100,100,2,0,113.0,18.0,63.2,95.0,8.4,19.4,0.0,1019.5
2026-03-09 10:00:00+00:00,10.1,93,9.1,100,100,5,0,194.0,30.0,73.4,164.0,11.0,25.2,0.0,1019.6
2026-03-09 11:00:00+00:00,10.8,92,9.5,100,100,7,0,207.0,16.0,32.0,191.0,10.5,25.9,0.0,1019.4
2026-03-09 12:00:00+00:00,10.2,92,9.0,100,100,7,0,274.0,58.0,104.6,216.0,7.9,24.5,0.0,1019.4
2026-03-09 13:00:00+00:00,11.2,87,9.1,100,100,0,2,260.0,44.0,77.7,216.0,8.3,20.9,0.0,1018.6
2026-03-09 14:00:00+00:00,11.9,84,9.2,100,100,1,6,331.0,86.0,160.6,245.0,9.7,24.1,0.0,1018.0
2026-03-09 15:00:00+00:00,11.6,85,9.2,100,100,0,16,205.0,23.0,49.6,182.0,8.7,24.1,0.0,1017.7
2026-03-09 16:00:00+00:00,11.3,86,9.0,100,100,0,13,135.0,9.0,25.2,126.0,8.5,21.6,0.0,1017.4
2026-03-09 17:00:00+00:00,10.9,87,8.8,100,100,1,21,81.0,6.0,27.0,75.0,8.5,20.2,0.0,1017.4
2026-03-09 18:00:00+00:00,10.2,94,9.3,42,9,5,34,19.0,0.0,0.0,19.0,6.9,19.4,0.0,1017.3
2026-03-09 19:00:00+00:00,9.5,97,9.1,15,6,4,5,0.0,0.0,0.0,0.0,8.3,15.5,0.0,1017.6
2026-03-09 20:00:00+00:00,8.9,97,8.4,19,14,7,0,0.0,0.0,0.0,0.0,8.6,15.5,0.0,1017.6
2026-03-09 21:00:00+00:00,8.6,99,8.4,57,48,22,0,0.0,0.0,0.0,0.0,8.8,15.8,0.0,1017.7
2026-03-09 22:00:00+00:00,8.7,98,8.4,48,36,24,0,0.0,0.0,0.0,0.0,9.3,17.6,0.0,1017.7
2026-03-09 23:00:00+00:00,8.4,99,8.2,33,31,2,0,0.0,0.0,0.0,0.0,8.8,17.6,0.0,1017.6
2026-03-10 00:00:00+00:00,8.6,97,8.1,9,7,2,0,0.0,0.0,0.0,0.0,8.9,16.6,0.0,1017.1
2026-03-10 01:00:00+00:00,8.2,98,8.0,70,54,5,35,0.0,0.0,0.0,0.0,7.7,16.2,0.0,1017.0
2026-03-10 02:00:00+00:00,7.9,100,7.8,100,100,32,7,0.0,0.0,0.0,0.0,5.7,14.0,0.0,1017.0
2026-03-10 03:00:00+00:00,7.8,100,7.8,100,100,41,54,0.0,0.0,0.0,0.0,5.5,11.9,0.0,1016.7
2026-03-10 04:00:00+00:00,7.7,99,7.5,99,98,44,72,0.0,0.0,0.0,0.0,2.5,11.2,0.0,1016.6
2026-03-10 05:00:00+00:00,7.1,100,7.0,93,30,9,89,0.0,0.0,0.0,0.0,3.0,6.1,0.0,1016.4
2026-03-10 06:00:00+00:00,7.7,98,7.3,99,23,38,99,0.0,0.0,0.0,0.0,5.8,6.5,0.0,1016.4
2026-03-10 07:00:00+00:00,6.8,98,6.5,100,15,5,100,5.0,0.0,0.0,5.0,7.1,13.3,0.0,1016.6
2026-03-10 08:00:00+00:00,7.2,94,6.4,100,5,36,100,73.0,24.0,167.1,49.0,6.2,13.3,0.0,1016.7
2026-03-10 09:00:00+00:00,8.4,87,6.4,100,5,100,100,174.0,44.0,151.2,130.0,5.5,14.4,0.0,1016.7
2026-03-10 10:00:00+00:00,9.2,76,5.3,100,2,100,100,222.0,42.0,101.3,180.0,7.9,19.1,0.0,1016.7
2026-03-10 11:00:00+00:00,10.1,70,4.8,100,9,100,98,294.0,49.0,96.7,245.0,10.2,24.8,0.0,1016.4
2026-03-10 12:00:00+00:00,11.3,63,4.6,100,95,100,30,377.0,109.0,194.6,268.0,16.0,30.6,0.0,1016.0
2026-03-10 13:00:00+00:00,10.9,69,5.3,100,57,100,0,243.0,25.0,43.7,218.0,17.1,37.1,0.0,1015.6
2026-03-10 14:00:00+00:00,10.6,74,6.1,99,53,98,0,238.0,27.0,49.9,211.0,18.6,41.4,0.1,1014.9
2026-03-10 15:00:00+00:00,10.2,75,6.0,100,34,100,5,150.0,17.0,36.2,133.0,19.4,41.0,0.0,1014.3
2026-03-10 16:00:00+00:00,10.1,77,6.2,66,20,40,31,134.0,17.0,46.9,117.0,19.0,42.1,0.0,1013.6
2026-03-10 17:00:00+00:00,9.9,82,6.9,95,16,87,59,151.0,87.0,383.9,64.0,17.5,41.0,0.0,1012.8
2026-03-10 18:00:00+00:00,10.0,82,7.1,100,40,73,99,30.0,7.0,75.5,23.0,19.6,40.3,0.0,1012.6
2026-03-10 19:00:00+00:00,10.0,85,7.7,100,13,99,100,0.0,0.0,0.0,0.0,21.3,44.6,0.1,1012.1
2026-03-10 20:00:00+00:00,10.3,84,7.7,100,95,100,100,0.0,0.0,0.0,0.0,21.6,44.6,0.0,1011.7
2026-03-10 21:00:00+00:00,10.4,85,7.9,100,52,100,100,0.0,0.0,0.0,0.0,22.7,46.8,0.1,1010.9
2026-03-10 22:00:00+00:00,10.1,89,8.3,100,100,100,98,0.0,0.0,0.0,0.0,24.1,48.2,0.4,1010.3
2026-03-10 23:00:00+00:00,9.6,91,8.2,100,100,100,90,0.0,0.0,0.0,0.0,27.7,53.6,0.7,1009.2
2026-03-11 00:00:00+00:00,9.6,93,8.6,100,100,100,99,0.0,0.0,0.0,0.0,27.0,56.9,0.5,1008.1
2026-03-11 01:00:00+00:00,9.8,93,8.8,100,100,89,100,0.0,0.0,0.0,0.0,26.0,52.2,0.7,1007.2
2026-03-11 02:00:00+00:00,10.2,94,9.2,100,100,100,99,0.0,0.0,0.0,0.0,26.7,53.3,0.1,1006.2
2026-03-11 03:00:00+00:00,10.0,97,9.5,100,100,99,11,0.0,0.0,0.0,0.0,17.8,52.6,0.6,1005.6
2026-03-11 04:00:00+00:00,10.5,97,10.1,100,100,2,48,0.0,0.0,0.0,0.0,17.1,33.5,0.2,1005.8
2026-03-11 05:00:00+00:00,9.9,93,8.9,99,35,42,98,0.0,0.0,0.0,0.0,16.9,33.1,0.0,1006.6
2026-03-11 06:00:00+00:00,8.1,92,7.0,98,9,98,83,0.0,0.0,0.0,0.0,15.0,32.0,0.0,1007.5
2026-03-11 07:00:00+00:00,8.1,91,6.7,11,8,8,0,5.0,0.0,0.0,5.0,17.0,32.4,0.0,1008.4
2026-03-11 08:00:00+00:00,8.6,86,6.3,10,7,6,0,98.0,52.0,347.2,46.0,18.2,36.4,0.0,1009.4
2026-03-11 09:00:00+00:00,9.6,75,5.3,28,27,14,0,241.0,164.0,552.0,77.0,19.1,41.8,0.0,1010.4
2026-03-11 10:00:00+00:00,10.4,69,4.8,10,9,5,0,355.0,256.0,608.3,99.0,20.7,45.0,0.0,1011.2
2026-03-11 11:00:00+00:00,11.4,59,3.7,10,8,5,0,472.0,377.0,735.6,95.0,21.6,50.4,0.0,1011.8
2026-03-11 12:00:00+00:00,11.4,56,3.0,16,13,9,0,540.0,438.0,774.0,102.0,20.9,49.3,0.0,1013.0
2026-03-11 13:00:00+00:00,11.8,54,2.8,2,1,2,0,538.0,432.0,748.2,106.0,20.9,47.9,0.0,1013.3
2026-03-11 14:00:00+00:00,11.9,53,2.5,6,5,2,0,543.0,453.0,829.3,90.0,22.1,49.3,0.0,1013.9
2026-03-11 15:00:00+00:00,11.9,52,2.2,16,16,0,0,452.0,362.0,762.9,90.0,21.6,49.3,0.0,1014.4
2026-03-11 16:00:00+00:00,11.4,50,1.3,47,47,0,0,311.0,221.0,602.0,90.0,23.3,53.6,0.0,1015.2
2026-03-11 17:00:00+00:00,10.4,60,3.0,7,7,0,0,144.0,79.0,341.3,65.0,16.9,50.8,0.0,1016.1
2026-03-11 18:00:00+00:00,9.1,68,3.5,45,45,0,0,47.0,24.0,252.3,23.0,11.1,34.9,0.0,1017.3
2026-03-11 19:00:00+00:00,8.2,74,3.9,75,75,0,0,0.0,0.0,0.0,0.0,8.1,20.9,0.0,1018.2
2026-03-11 20:00:00+00:00,7.9,73,3.4,84,2,0,83,0.0,0.0,0.0,0.0,11.9,22.7,0.0,1018.8
2026-03-11 21:00:00+00:00,7.2,75,3.2,95,1,0,95,0.0,0.0,0.0,0.0,13.3,25.9,0.0,1019.3
2026-03-11 22:00:00+00:00,6.8,79,3.5,8,1,0,7,0.0,0.0,0.0,0.0,12.2,26.3,0.0,1019.5
2026-03-11 23:00:00+00:00,6.6,83,3.8,15,5,2,10,0.0,0.0,0.0,0.0,13.2,24.8,0.0,1019.5
2026-03-12 00:00:00+00:00,6.8,84,4.2,2,2,0,0,0.0,0.0,0.0,0.0,15.0,28.8,0.0,1019.4
2026-03-12 01:00:00+00:00,7.1,86,4.9,13,1,0,13,0.0,0.0,0.0,0.0,15.8,31.7,0.0,1018.9
2026-03-12 02:00:00+00:00,7.3,86,5.1,97,13,0,97,0.0,0.0,0.0,0.0,15.1,31.7,0.0,1018.5
2026-03-12 03:00:00+00:00,7.6,84,5.1,100,22,0,100,0.0,0.0,0.0,0.0,16.2,32.0,0.0,1017.6
2026-03-12 04:00:00+00:00,8.2,79,4.8,62,25,0,49,0.0,0.0,0.0,0.0,18.6,37.8,0.0,1017.0
2026-03-12 05:00:00+00:00,8.6,75,4.3,100,91,0,98,0.0,0.0,0.0,0.0,19.8,40.3,0.0,1016.6
2026-03-12 06:00:00+00:00,9.1,77,5.3,100,18,0,100,0.0,0.0,0.0,0.0,21.9,44.6,0.0,1015.9
2026-03-12 07:00:00+00:00,9.2,81,6.2,86,22,0,82,7.0,0.0,0.0,7.0,25.1,51.8,0.0,1015.4
2026-03-12 08:00:00+00:00,9.9,82,6.9,86,17,0,84,96.0,45.0,288.6,51.0,24.6,53.3,0.0,1014.8
2026-03-12 09:00:00+00:00,10.8,77,6.9,98,73,1,92,239.0,150.0,494.6,89.0,36.3,72.0,0.1,1014.2
2026-03-12 10:00:00+00:00,10.5,82,7.5,100,100,79,77,233.0,84.0,196.8,149.0,36.0,75.6,0.0,1014.1
2026-03-12 11:00:00+00:00,10.4,84,7.8,100,99,87,86,112.0,1.0,1.9,111.0,33.9,73.8,0.1,1013.2
2026-03-12 12:00:00+00:00,11.1,79,7.6,100,100,88,92,137.0,6.0,10.5,131.0,37.7,75.2,0.0,1012.8
2026-03-12 13:00:00+00:00,10.2,89,8.4,100,100,74,96,98.0,0.0,0.0,98.0,29.7,77.4,0.3,1011.9
2026-03-12 14:00:00+00:00,10.8,89,8.9,100,100,98,100,139.0,5.0,9.1,134.0,26.3,63.7,0.2,1010.8
2026-03-12 15:00:00+00:00,11.1,87,9.1,100,100,2,100,95.0,3.0,6.3,92.0,25.5,57.2,0.1,1010.1
2026-03-12 16:00:00+00:00,10.9,87,8.8,100,100,0,98,39.0,1.0,2.7,38.0,34.7,71.6,0.3,1009.2
2026-03-12 17:00:00+00:00,11.1,87,9.1,100,100,3,100,33.0,0.0,0.0,33.0,37.1,76.3,0.2,1007.9
2026-03-12 18:00:00+00:00,11.0,88,9.1,100,100,10,100,11.0,0.0,0.0,11.0,35.3,79.6,0.1,1007.2
2026-03-12 19:00:00+00:00,10.9,89,9.2,100,100,23,98,0.0,0.0,0.0,0.0,37.3,76.7,0.2,1006.5
2026-03-12 20:00:00+00:00,10.9,91,9.4,100,100,60,100,0.0,0.0,0.0,0.0,37.8,78.5,0.3,1005.6
2026-03-12 21:00:00+00:00,10.9,92,9.7,100,100,100,100,0.0,0.0,0.0,0.0,37.2,77.0,0.3,1004.7
2026-03-12 22:00:00+00:00,11.1,91,9.8,100,100,100,100,0.0,0.0,0.0,0.0,37.8,77.8,0.3,1003.4
2026-03-12 23:00:00+00:00,11.1,94,10.1,100,100,100,100,0.0,0.0,0.0,0.0,36.7,77.8,0.6,1001.9
2026-03-13 00:00:00+00:00,10.9,96,10.3,100,100,100,100,0.0,0.0,0.0,0.0,34.7,74.5,0.8,1000.6
2026-03-13 01:00:00+00:00,10.8,97,10.4,100,100,100,100,0.0,0.0,0.0,0.0,32.7,69.8,3.1,999.7
2026-03-13 02:00:00+00:00,10.4,95,9.7,100,84,100,100,0.0,0.0,0.0,0.0,30.8,67.0,2.6,999.5
2026-03-13 03:00:00+00:00,8.9,91,7.5,100,88,100,100,0.0,0.0,0.0,0.0,26.6,62.3,1.4,1000.2
2026-03-13 04:00:00+00:00,7.4,86,5.2,100,97,100,100,0.0,0.0,0.0,0.0,19.3,51.1,0.0,1001.0
2026-03-13 05:00:00+00:00,7.1,81,4.1,100,4,100,100,0.0,0.0,0.0,0.0,17.9,38.9,0.1,1001.6
2026-03-13 06:00:00+00:00,6.5,79,3.0,100,1,9,100,0.0,0.0,0.0,0.0,21.2,40.3,0.0,1002.2
2026-03-13 07:00:00+00:00,6.2,72,1.6,100,2,3,100,6.0,0.0,0.0,6.0,20.6,42.8,0.0,1002.6
2026-03-13 08:00:00+00:00,6.4,67,0.8,100,0,25,100,61.0,2.0,12.3,59.0,18.8,42.1,0.0,1003.3
2026-03-13 09:00:00+00:00,6.8,65,0.6,100,0,91,100,125.0,5.0,16.2,120.0,16.5,39.2,0.0,1003.6
2026-03-13 10:00:00+00:00,7.3,61,0.2,100,3,98,100,179.0,8.0,18.5,171.0,18.7,44.6,0.0,1003.6
2026-03-13 11:00:00+00:00,7.8,59,0.2,100,1,98,100,233.0,12.0,22.9,221.0,18.8,47.2,0.1,1003.1
2026-03-13 12:00:00+00:00,8.1,59,0.4,100,16,99,100,332.0,50.0,86.6,282.0,20.9,48.6,0.0,1002.8
2026-03-13 13:00:00+00:00,8.6,57,0.6,100,9,98,100,333.0,78.0,132.5,255.0,18.6,47.9,0.0,1002.1
2026-03-13 14:00:00+00:00,9.2,56,0.9,100,45,93,100,429.0,204.0,366.3,225.0,17.6,46.1,0.0,1001.3
2026-03-13 15:00:00+00:00,7.1,70,2.0,99,11,34,99,204.0,14.0,28.9,190.0,13.9,43.2,0.2,1001.2
2026-03-13 16:00:00+00:00,7.6,63,0.9,100,18,100,13,227.0,76.0,201.6,151.0,14.5,36.0,0.0,1000.7
2026-03-13 17:00:00+00:00,7.1,63,0.5,99,7,99,0,119.0,16.0,66.4,103.0,11.6,35.6,0.0,1000.1
2026-03-13 18:00:00+00:00,5.8,74,1.6,100,8,100,0,44.0,13.0,130.1,31.0,9.1,24.1,0.0,1000.3
2026-03-13 19:00:00+00:00,4.8,78,1.4,9,1,8,0,0.0,0.0,0.0,0.0,10.4,19.4,0.0,1000.5
2026-03-13 20:00:00+00:00,4.0,81,1.1,5,4,2,0,0.0,0.0,0.0,0.0,11.2,21.2,0.0,1000.9
2026-03-13 21:00:00+00:00,3.3,85,1.0,2,1,0,2,0.0,0.0,0.0,0.0,10.5,21.2,0.0,1000.8
2026-03-13 22:00:00+00:00,2.8,88,0.9,1,0,1,0,0.0,0.0,0.0,0.0,11.5,21.2,0.0,1000.9
2026-03-13 23:00:00+00:00,2.3,87,0.4,2,0,2,1,0.0,0.0,0.0,0.0,12.1,23.0,0.0,1000.9
2026-03-14 00:00:00+00:00,2.2,90,0.7,48,0,36,43,0.0,0.0,0.0,0.0,11.6,23.4,0.0,1000.8
2026-03-14 01:00:00+00:00,1.9,91,0.5,73,0,30,65,0.0,0.0,0.0,0.0,12.2,23.4,0.0,1001.0
2026-03-14 02:00:00+00:00,2.0,90,0.5,28,0,27,2,0.0,0.0,0.0,0.0,10.5,23.0,0.0,1001.2
2026-03-14 03:00:00+00:00,1.5,92,0.4,80,0,66,72,0.0,0.0,0.0,0.0,10.0,19.8,0.0,1001.3
2026-03-14 04:00:00+00:00,1.4,94,0.6,90,0,73,87,0.0,0.0,0.0,0.0,10.0,18.7,0.1,1001.9
2026-03-14 05:00:00+00:00,1.6,95,0.9,4,3,3,0,0.0,0.0,0.0,0.0,8.6,18.4,0.0,1002.7
2026-03-14 06:00:00+00:00,1.1,95,0.4,0,0,0,0,0.0,0.0,0.0,0.0,10.0,19.8,0.0,1003.1
2026-03-14 07:00:00+00:00,1.4,94,0.5,3,0,0,3,12.0,4.0,65.5,8.0,12.1,22.7,0.0,1003.7
2026-03-14 08:00:00+00:00,3.1,89,1.5,0,0,0,0,123.0,77.0,457.5,46.0,9.4,23.0,0.0,1004.6
2026-03-14 09:00:00+00:00,5.2,81,2.3,0,0,0,0,278.0,209.0,662.3,69.0,9.1,22.3,0.0,1005.1
2026-03-14 10:00:00+00:00,7.1,74,2.8,0,0,0,0,421.0,340.0,774.5,81.0,9.0,23.8,0.0,1005.7
2026-03-14 11:00:00+00:00,8.5,67,2.7,0,0,0,0,531.0,444.0,837.3,87.0,8.6,24.1,0.0,1005.9
2026-03-14 12:00:00+00:00,9.8,55,1.2,15,7,6,3,596.0,506.0,867.7,90.0,9.0,24.8,0.0,1006.4
2026-03-14 13:00:00+00:00,10.6,50,0.6,9,4,5,1,591.0,483.0,813.0,108.0,8.4,24.8,0.0,1006.6
2026-03-14 14:00:00+00:00,11.0,49,0.6,15,1,15,0,556.0,454.0,807.5,102.0,9.2,24.5,0.0,1006.9
2026-03-14 15:00:00+00:00,11.1,48,0.4,5,2,5,0,462.0,360.0,734.8,102.0,9.2,24.5,0.0,1007.1
2026-03-14 16:00:00+00:00,10.5,47,-0.3,8,2,6,0,343.0,261.0,683.3,82.0,8.3,22.7,0.1,1007.4
2026-03-14 17:00:00+00:00,9.9,54,1.0,15,1,15,0,196.0,133.0,541.0,63.0,4.8,19.4,0.1,1008.0
2026-03-14 18:00:00+00:00,7.8,66,1.8,1,0,1,0,56.0,30.0,293.1,26.0,4.3,9.7,0.0,1008.8
2026-03-14 19:00:00+00:00,6.9,70,1.9,7,6,1,0,0.0,0.0,0.0,0.0,6.9,12.2,0.0,1009.7
2026-03-14 20:00:00+00:00,5.7,75,1.5,6,6,0,0,0.0,0.0,0.0,0.0,8.1,14.4,0.0,1010.7
2026-03-14 21:00:00+00:00,4.7,77,1.0,27,0,0,27,0.0,0.0,0.0,0.0,8.5,15.8,0.0,1011.4
2026-03-14 22:00:00+00:00,4.0,81,0.9,1,0,0,1,0.0,0.0,0.0,0.0,7.5,15.5,0.0,1012.0
2026-03-14 23:00:00+00:00,3.3,84,0.9,1,0,1,0,0.0,0.0,0.0,0.0,8.5,15.5,0.0,1012.5
2026-03-15 00:00:00+00:00,3.0,87,1.1,1,0,0,1,0.0,0.0,0.0,0.0,8.7,15.5,0.0,1013.1
2026-03-15 01:00:00+00:00,2.5,92,1.4,36,0,3,34,0.0,0.0,0.0,0.0,5.9,15.5,0.0,1013.3
2026-03-15 02:00:00+00:00,1.9,96,1.3,67,0,32,63,0.0,0.0,0.0,0.0,4.4,10.4,0.0,1013.5
2026-03-15 03:00:00+00:00,1.4,100,1.3,31,0,1,30,0.0,0.0,0.0,0.0,3.8,7.6,0.0,1013.7
2026-03-15 04:00:00+00:00,1.3,100,1.2,100,95,100,98,0.0,0.0,0.0,0.0,4.8,8.3,0.0,1014.1
2026-03-15 05:00:00+00:00,2.7,97,2.2,100,1,100,59,0.0,0.0,0.0,0.0,7.8,13.7,0.0,1014.4
2026-03-15 06:00:00+00:00,3.4,93,2.3,98,9,98,0,0.0,0.0,0.0,0.0,7.9,14.4,0.0,1014.9
2026-03-15 07:00:00+00:00,4.1,92,2.9,16,16,1,0,8.0,1.0,15.6,7.0,9.1,16.6,0.0,1014.4
2026-03-15 08:00:00+00:00,6.2,89,4.6,15,11,4,0,118.0,65.0,372.5,53.0,10.9,19.4,0.0,1014.0
2026-03-15 09:00:00+00:00,8.9,70,3.7,52,45,13,0,277.0,200.0,621.7,77.0,19.9,40.0,0.0,1013.6
2026-03-15 10:00:00+00:00,10.2,57,2.0,99,99,26,0,367.0,234.0,525.8,133.0,24.4,52.2,0.0,1013.8
2026-03-15 11:00:00+00:00,10.3,62,3.3,100,100,0,0,335.0,94.0,175.3,241.0,27.1,57.6,0.0,1013.1
2026-03-15 12:00:00+00:00,10.9,65,4.6,100,100,78,0,290.0,51.0,86.6,239.0,28.4,58.3,0.0,1012.5
2026-03-15 13:00:00+00:00,10.8,70,5.6,100,100,3,5,139.0,3.0,5.0,136.0,27.3,61.9,0.0,1012.0
2026-03-15 14:00:00+00:00,11.0,72,6.1,100,100,60,89,198.0,18.0,31.7,180.0,31.2,67.0,0.0,1011.3
2026-03-15 15:00:00+00:00,10.1,82,7.2,100,100,100,99,78.0,1.0,2.0,77.0,26.6,65.2,0.1,1009.8
2026-03-15 16:00:00+00:00,9.9,88,8.1,100,100,95,98,35.0,0.0,0.0,35.0,28.9,58.0,0.5,1008.8
2026-03-15 17:00:00+00:00,9.9,91,8.4,100,100,100,0,25.0,0.0,0.0,25.0,23.7,63.4,0.7,1008.9
2026-03-15 18:00:00+00:00,8.9,84,6.2,35,23,28,0,10.0,0.0,0.0,10.0,20.7,45.4,0.0,1010.1
2026-03-15 19:00:00+00:00,7.9,84,5.3,4,3,1,0,0.0,0.0,0.0,0.0,17.9,41.0,0.0,1011.0
2026-03-15 20:00:00+00:00,7.2,83,4.5,2,2,0,0,0.0,0.0,0.0,0.0,16.7,36.0,0.0,1011.4
2026-03-15 21:00:00+00:00,6.7,83,3.9,2,1,2,0,0.0,0.0,0.0,0.0,17.0,34.6,0.0,1012.1
2026-03-15 22:00:00+00:00,6.4,82,3.6,41,37,6,0,0.0,0.0,0.0,0.0,17.4,35.6,0.0,1012.7
2026-03-15 23:00:00+00:00,6.7,82,3.8,86,36,38,70,0.0,0.0,0.0,0.0,17.9,37.1,0.0,1013.4
2026-03-16 00:00:00+00:00,6.9,82,4.1,27,12,6,12,0.0,0.0,0.0,0.0,16.8,36.7,0.0,1014.0
2026-03-16 01:00:00+00:00,6.3,83,3.7,9,6,5,0,0.0,0.0,0.0,0.0,16.2,34.2,0.0,1014.2
2026-03-16 02:00:00+00:00,5.8,83,3.1,25,5,8,16,0.0,0.0,0.0,0.0,15.4,33.1,0.0,1014.2
2026-03-16 03:00:00+00:00,5.4,83,2.8,31,4,1,28,0.0,0.0,0.0,0.0,13.7,31.0,0.0,1014.1
2026-03-16 04:00:00+00:00,4.8,86,2.7,40,13,20,23,0.0,0.0,0.0,0.0,10.9,27.4,0.0,1014.5
2026-03-16 05:00:00+00:00,4.6,87,2.5,99,22,51,98,0.0,0.0,0.0,0.0,9.8,20.5,0.0,1015.3
2026-03-16 06:00:00+00:00,5.1,89,3.4,97,22,88,72,0.0,0.0,0.0,0.0,9.9,23.0,0.0,1015.6
2026-03-16 07:00:00+00:00,5.8,87,3.8,99,6,99,13,14.0,2.0,29.7,12.0,11.3,20.9,0.0,1016.1
2026-03-16 08:00:00+00:00,7.4,81,4.3,100,83,100,2,51.0,4.0,22.1,47.0,13.4,26.3,0.0,1016.2
2026-03-16 09:00:00+00:00,8.4,77,4.6,100,98,100,31,68.0,0.0,0.0,68.0,12.6,27.4,0.0,1016.7
2026-03-16 10:00:00+00:00,9.3,76,5.2,100,97,100,15,118.0,5.0,11.1,113.0,11.4,25.6,0.0,1017.2
2026-03-16 11:00:00+00:00,10.4,69,5.0,100,100,100,84,222.0,24.0,44.3,198.0,20.2,42.5,0.0,1017.1
2026-03-16 12:00:00+00:00,10.6,71,5.6,100,97,100,100,240.0,17.0,28.6,223.0,19.4,45.4,0.0,1017.7
2026-03-16 13:00:00+00:00,11.1,67,5.1,99,86,45,91,190.0,17.0,28.1,173.0,18.3,43.6,0.0,1017.5
2026-03-16 14:00:00+00:00,11.8,67,5.9,100,91,84,97,271.0,47.0,82.1,224.0,16.6,42.1,0.0,1017.4
2026-03-16 15:00:00+00:00,11.6,69,6.2,100,100,100,8,172.0,6.0,12.0,166.0,18.3,42.1,0.0,1017.5
2026-03-16 16:00:00+00:00,11.6,70,6.4,100,100,42,13,140.0,8.0,20.4,132.0,18.4,45.4,0.0,1017.4
2026-03-16 17:00:00+00:00,10.8,80,7.5,100,100,25,3,70.0,3.0,11.8,67.0,16.8,39.2,0.0,1017.5
2026-03-16 18:00:00+00:00,10.4,87,8.4,100,100,31,6,30.0,0.0,0.0,30.0,17.4,37.8,0.0,1017.6
2026-03-16 19:00:00+00:00,10.3,88,8.4,100,100,7,9,0.0,0.0,0.0,0.0,17.7,36.7,0.0,1017.7
2026-03-16 20:00:00+00:00,10.3,88,8.4,35,34,2,0,0.0,0.0,0.0,0.0,18.2,37.4,0.0,1017.6
2026-03-16 21:00:00+00:00,9.9,90,8.3,97,97,5,0,0.0,0.0,0.0,0.0,19.0,39.2,0.0,1017.8
2026-03-16 22:00:00+00:00,10.2,89,8.6,100,100,1,1,0.0,0.0,0.0,0.0,20.2,41.8,0.0,1017.7
2026-03-16 23:00:00+00:00,10.4,89,8.6,100,100,0,5,0.0,0.0,0.0,0.0,20.4,42.5,0.0,1017.5
2026-03-17 00:00:00+00:00,10.1,90,8.6,100,100,0,17,0.0,0.0,0.0,0.0,17.9,42.1,0.0,1017.4
2026-03-17 01:00:00+00:00,10.1,90,8.6,100,100,0,20,0.0,0.0,0.0,0.0,18.6,38.5,0.0,1017.2
2026-03-17 02:00:00+00:00,10.1,90,8.5,100,100,0,30,0.0,0.0,0.0,0.0,18.7,38.9,0.0,1016.9
2026-03-17 03:00:00+00:00,9.9,90,8.3,100,100,0,59,0.0,0.0,0.0,0.0,18.0,38.9,0.0,1016.3
2026-03-17 04:00:00+00:00,9.7,89,7.9,96,82,1,76,0.0,0.0,0.0,0.0,16.3,37.1,0.0,1015.9
2026-03-17 05:00:00+00:00,9.1,90,7.7,92,44,1,86,0.0,0.0,0.0,0.0,15.3,33.5,0.0,1015.7
2026-03-17 06:00:00+00:00,8.9,92,7.6,100,100,0,39,0.0,0.0,0.0,0.0,13.7,31.0,0.0,1015.9
2026-03-17 07:00:00+00:00,8.9,91,7.6,99,98,0,52,10.0,0.0,0.0,10.0,13.9,28.1,0.0,1016.0
2026-03-17 08:00:00+00:00,9.8,86,7.6,98,98,0,39,77.0,8.0,42.8,69.0,18.4,34.9,0.0,1016.1
2026-03-17 09:00:00+00:00,10.4,80,7.1,100,100,0,29,151.0,18.0,53.9,133.0,20.1,43.2,0.0,1016.3
2026-03-17 10:00:00+00:00,11.1,75,6.8,100,100,0,40,210.0,35.0,76.6,175.0,21.3,46.4,0.0,1016.3
2026-03-17 11:00:00+00:00,11.8,73,7.2,92,77,0,67,358.0,107.0,195.3,251.0,20.3,47.2,0.0,1016.0
2026-03-17 12:00:00+00:00,12.4,69,6.9,42,35,0,10,468.0,250.0,416.5,218.0,17.1,45.0,0.0,1015.8
2026-03-17 13:00:00+00:00,12.6,69,6.9,20,8,0,13,563.0,397.0,650.3,166.0,16.0,39.2,0.0,1015.4
2026-03-17 14:00:00+00:00,12.9,68,7.0,0,0,0,0,569.0,466.0,806.2,103.0,16.7,38.9,0.0,1014.9
2026-03-17 15:00:00+00:00,12.9,69,7.3,0,0,0,0,493.0,407.0,805.8,86.0,16.6,38.5,0.0,1014.4
2026-03-17 16:00:00+00:00,12.8,72,7.8,0,0,0,0,366.0,289.0,728.7,77.0,15.4,37.8,0.0,1014.2
2026-03-17 17:00:00+00:00,12.1,77,8.2,0,0,0,0,214.0,154.0,592.3,60.0,12.3,34.2,0.0,1014.1
2026-03-17 18:00:00+00:00,10.9,81,7.8,0,0,0,0,68.0,38.0,347.2,30.0,11.2,25.9,0.0,1014.1
2026-03-17 19:00:00+00:00,10.0,84,7.5,0,0,0,0,1.0,0.0,0.0,1.0,12.3,22.7,0.0,1014.4
2026-03-17 20:00:00+00:00,10.1,84,7.4,0,0,0,0,0.0,0.0,0.0,0.0,12.4,23.4,0.0,1014.5
2026-03-17 21:00:00+00:00,10.3,82,7.4,0,0,0,0,0.0,0.0,0.0,0.0,12.1,23.4,0.0,1014.7
2026-03-17 22:00:00+00:00,10.6,82,7.6,0,0,0,0,0.0,0.0,0.0,0.0,12.2,23.0,0.0,1014.8
2026-03-17 23:00:00+00:00,10.4,83,7.7,0,0,0,0,0.0,0.0,0.0,0.0,11.2,22.7,0.0,1014.9
2026-03-18 00:00:00+00:00,9.5,86,7.2,0,0,0,0,0.0,0.0,0.0,0.0,10.1,20.9,0.0,1015.0
2026-03-18 01:00:00+00:00,9.0,87,7.0,0,0,0,0,0.0,0.0,0.0,0.0,9.9,18.4,0.0,1015.5
2026-03-18 02:00:00+00:00,8.8,88,7.0,0,0,0,0,0.0,0.0,0.0,0.0,10.4,18.7,0.0,1015.6
2026-03-18 03:00:00+00:00,8.6,90,6.9,0,0,0,0,0.0,0.0,0.0,0.0,10.8,19.4,0.0,1015.5
2026-03-18 04:00:00+00:00,8.4,90,6.9,0,0,0,0,0.0,0.0,0.0,0.0,11.1,19.8,0.0,1016.0
2026-03-18 05:00:00+00:00,8.3,91,6.8,0,0,0,0,0.0,0.0,0.0,0.0,10.9,19.8,0.0,1016.6
2026-03-18 06:00:00+00:00,8.1,90,6.6,0,0,0,0,0.0,0.0,0.0,0.0,11.3,20.5,0.0,1017.4
2026-03-18 07:00:00+00:00,8.3,91,6.8,0,0,0,0,21.0,9.0,122.4,12.0,13.0,23.4,0.0,1018.1
2026-03-18 08:00:00+00:00,10.1,86,7.8,0,0,0,0,144.0,94.0,487.0,50.0,13.8,26.3,0.0,1018.7
2026-03-18 09:00:00+00:00,12.1,80,8.8,0,0,0,0,298.0,228.0,670.6,70.0,13.3,28.1,0.0,1019.2
2026-03-18 10:00:00+00:00,13.2,72,8.3,0,0,0,0,438.0,355.0,766.7,83.0,17.0,38.2,0.0,1019.6
2026-03-18 11:00:00+00:00,13.4,69,7.8,0,0,0,0,543.0,453.0,818.2,90.0,19.0,42.8,0.0,1020.2
2026-03-18 12:00:00+00:00,15.1,58,6.9,0,0,0,0,603.0,509.0,840.2,94.0,15.7,42.8,0.0,1020.1
2026-03-18 13:00:00+00:00,15.6,58,7.3,0,0,0,0,618.0,525.0,852.4,93.0,14.0,35.6,0.0,1020.1
2026-03-18 14:00:00+00:00,15.7,58,7.4,0,0,0,0,581.0,491.0,841.9,90.0,12.6,32.8,0.0,1020.1
2026-03-18 15:00:00+00:00,15.5,56,6.7,0,0,0,0,495.0,411.0,805.8,84.0,13.9,31.7,0.0,1020.1
2026-03-18 16:00:00+00:00,15.2,53,5.8,0,0,0,0,369.0,293.0,729.9,76.0,13.5,31.7,0.0,1020.3
2026-03-18 17:00:00+00:00,14.4,55,5.6,0,0,0,0,220.0,160.0,604.5,60.0,13.0,28.8,0.0,1021.0
2026-03-18 18:00:00+00:00,13.2,50,3.0,0,0,0,0,74.0,43.0,384.6,31.0,12.8,27.0,0.0,1021.2
2026-03-18 19:00:00+00:00,11.2,54,2.3,0,0,0,0,1.0,0.0,0.0,1.0,11.8,24.5,0.0,1021.8
2026-03-18 20:00:00+00:00,10.4,59,2.7,0,0,0,0,0.0,0.0,0.0,0.0,13.9,25.6,0.0,1022.5
2026-03-18 21:00:00+00:00,9.9,56,1.5,0,0,0,0,0.0,0.0,0.0,0.0,14.4,27.4,0.0,1023.2
2026-03-18 22:00:00+00:00,9.1,61,1.9,0,0,0,0,0.0,0.0,0.0,0.0,13.5,27.4,0.0,1023.9
2026-03-18 23:00:00+00:00,8.4,64,1.9,0,0,0,0,0.0,0.0,0.0,0.0,12.4,25.6,0.0,1024.2
2026-03-19 00:00:00+00:00,7.8,69,2.5,0,0,0,0,0.0,0.0,0.0,0.0,12.8,23.4,0.0,1024.4
2026-03-19 01:00:00+00:00,7.2,71,2.3,0,0,0,0,0.0,0.0,0.0,0.0,11.4,23.4,0.0,1024.7
2026-03-19 02:00:00+00:00,6.8,74,2.3,0,0,0,0,0.0,0.0,0.0,0.0,10.8,20.9,0.0,1024.7
2026-03-19 03:00:00+00:00,6.3,76,2.3,0,0,0,0,0.0,0.0,0.0,0.0,11.0,20.2,0.0,1024.6
2026-03-19 04:00:00+00:00,5.8,78,2.3,0,0,0,0,0.0,0.0,0.0,0.0,11.1,20.5,0.0,1024.5
2026-03-19 05:00:00+00:00,5.6,80,2.3,0,0,0,0,0.0,0.0,0.0,0.0,11.2,20.9,0.0,1025.0
2026-03-19 06:00:00+00:00,5.2,79,1.9,0,0,0,0,0.0,0.0,0.0,0.0,11.5,20.9,0.0,1025.4
2026-03-19 07:00:00+00:00,5.2,79,2.0,0,0,0,0,25.0,12.0,156.6,13.0,11.5,21.6,0.0,1026.1
2026-03-19 08:00:00+00:00,7.2,77,3.5,0,0,0,0,157.0,107.0,537.3,50.0,11.6,22.3,0.0,1026.6
2026-03-19 09:00:00+00:00,9.8,69,4.4,0,0,0,0,318.0,248.0,716.7,70.0,9.9,22.3,0.0,1026.5
2026-03-19 10:00:00+00:00,12.1,63,5.3,0,0,0,0,462.0,381.0,812.5,81.0,10.1,24.5,0.0,1026.5
2026-03-19 11:00:00+00:00,13.6,57,5.2,0,0,0,0,571.0,483.0,863.4,88.0,11.1,27.4,0.0,1026.3
2026-03-19 12:00:00+00:00,15.3,47,4.1,0,0,0,0,632.0,541.0,884.9,91.0,13.3,28.8,0.0,1025.9
2026-03-19 13:00:00+00:00,16.0,45,4.0,0,0,0,0,643.0,550.0,885.4,93.0,12.6,31.7,0.0,1025.5
2026-03-19 14:00:00+00:00,16.2,46,4.4,0,0,0,0,602.0,511.0,868.5,91.0,11.5,29.9,0.0,1024.8
2026-03-19 15:00:00+00:00,16.2,48,5.1,0,0,0,0,513.0,427.0,829.1,86.0,11.1,27.7,0.0,1024.2
2026-03-19 16:00:00+00:00,15.9,50,5.6,0,0,0,0,384.0,307.0,755.8,77.0,11.1,25.9,0.0,1023.9
2026-03-19 17:00:00+00:00,15.1,56,6.4,0,0,0,0,228.0,166.0,616.3,62.0,9.4,24.1,0.0,1024.2
2026-03-19 18:00:00+00:00,13.3,64,6.7,0,0,0,0,76.0,43.0,376.7,33.0,9.7,19.1,0.0,1024.0
2026-03-19 19:00:00+00:00,11.6,66,5.4,0,0,0,0,1.0,0.0,0.0,1.0,13.6,25.2,0.0,1024.4
2026-03-19 20:00:00+00:00,10.4,61,3.1,5,0,0,5,0.0,0.0,0.0,0.0,12.8,26.3,0.0,1024.6
2026-03-19 21:00:00+00:00,9.2,60,1.8,15,0,0,15,0.0,0.0,0.0,0.0,11.2,24.5,0.0,1024.7
2026-03-19 22:00:00+00:00,8.1,63,1.5,0,0,0,0,0.0,0.0,0.0,0.0,9.9,20.9,0.0,1024.7
2026-03-19 23:00:00+00:00,7.3,66,1.4,84,0,0,84,0.0,0.0,0.0,0.0,9.5,18.0,0.0,1024.7
2026-03-20 00:00:00+00:00,6.6,68,1.1,4,0,0,4,0.0,0.0,0.0,0.0,9.9,17.3,0.0,1024.4
2026-03-20 01:00:00+00:00,5.8,70,0.6,11,0,0,11,0.0,0.0,0.0,0.0,9.8,18.4,0.0,1024.2
2026-03-20 02:00:00+00:00,5.2,72,0.6,57,0,0,57,0.0,0.0,0.0,0.0,9.7,18.4,0.0,1023.7
2026-03-20 03:00:00+00:00,4.8,75,0.8,53,0,0,53,0.0,0.0,0.0,0.0,10.6,19.4,0.0,1023.2
2026-03-20 04:00:00+00:00,4.4,78,1.0,23,0,0,23,0.0,0.0,0.0,0.0,9.7,19.4,0.0,1022.8
2026-03-20 05:00:00+00:00,3.9,82,1.1,0,0,0,0,0.0,0.0,0.0,0.0,9.6,18.0,0.0,1022.8
2026-03-20 06:00:00+00:00,3.2,85,0.8,0,0,0,0,0.0,0.0,0.0,0.0,9.8,18.4,0.0,1023.0
2026-03-20 07:00:00+00:00,3.3,85,1.1,89,0,0,89,28.0,14.0,175.7,14.0,9.9,18.7,0.0,1023.3
2026-03-20 08:00:00+00:00,5.4,81,2.4,99,0,0,99,156.0,97.0,472.6,59.0,7.9,18.4,0.0,1023.3
2026-03-20 09:00:00+00:00,7.9,75,3.8,90,0,0,90,315.0,240.0,681.7,75.0,6.2,17.3,0.0,1023.2
2026-03-20 10:00:00+00:00,10.6,70,5.2,99,0,0,99,453.0,359.0,756.1,94.0,6.3,18.0,0.0,1022.9
2026-03-20 11:00:00+00:00,12.5,63,5.7,93,0,0,93,549.0,444.0,785.7,105.0,7.0,19.8,0.0,1022.4
2026-03-20 12:00:00+00:00,14.1,55,5.3,98,0,0,98,624.0,526.0,852.7,98.0,9.0,21.2,0.0,1021.9
2026-03-20 13:00:00+00:00,14.8,52,4.9,96,0,9,95,611.0,473.0,755.0,138.0,9.6,24.8,0.0,1021.2
2026-03-20 14:00:00+00:00,15.1,50,4.7,97,0,13,97,574.0,439.0,739.8,135.0,9.1,24.5,0.0,1020.7
2026-03-20 15:00:00+00:00,14.9,50,4.6,100,0,100,100,480.0,355.0,682.8,125.0,9.2,23.4,0.0,1020.4
2026-03-20 16:00:00+00:00,13.8,55,5.0,100,0,90,99,175.0,12.0,29.2,163.0,9.9,23.0,0.0,1020.0
2026-03-20 17:00:00+00:00,12.8,61,5.5,100,0,88,100,126.0,26.0,94.9,100.0,10.3,22.3,0.0,1020.1
2026-03-20 18:00:00+00:00,11.8,64,5.2,100,0,96,100,47.0,9.0,76.0,38.0,9.6,21.2,0.0,1020.0
2026-03-20 19:00:00+00:00,10.8,69,5.4,100,0,98,100,1.0,0.0,0.0,1.0,8.2,18.0,0.0,1020.1
2026-03-20 20:00:00+00:00,10.1,72,5.3,100,0,74,99,0.0,0.0,0.0,0.0,8.8,16.6,0.0,1020.2
2026-03-20 21:00:00+00:00,8.9,77,5.1,100,0,5,100,0.0,0.0,0.0,0.0,9.2,17.3,0.0,1020.3
2026-03-20 22:00:00+00:00,7.8,80,4.6,100,0,2,100,0.0,0.0,0.0,0.0,9.2,17.3,0.0,1020.5
2026-03-20 23:00:00+00:00,7.1,78,3.5,98,0,9,98,0.0,0.0,0.0,0.0,9.2,16.9,0.0,1020.4
2026-03-21 00:00:00+00:00,6.6,80,3.3,100,0,5,100,0.0,0.0,0.0,0.0,8.7,16.9,0.0,1020.3
2026-03-21 01:00:00+00:00,5.9,84,3.5,98,2,1,98,0.0,0.0,0.0,0.0,7.8,16.2,0.0,1020.3
2026-03-21 02:00:00+00:00,5.5,87,3.5,100,3,0,100,0.0,0.0,0.0,0.0,7.5,14.4,0.0,1020.1
2026-03-21 03:00:00+00:00,5.0,89,3.4,100,1,0,100,0.0,0.0,0.0,0.0,7.6,14.0,0.0,1019.8
2026-03-21 04:00:00+00:00,4.6,91,3.2,100,0,0,100,0.0,0.0,0.0,0.0,8.4,15.5,0.0,1019.9
2026-03-21 05:00:00+00:00,4.0,93,3.0,99,0,0,99,0.0,0.0,0.0,0.0,9.4,16.9,0.0,1020.0
2026-03-21 06:00:00+00:00,3.5,93,2.5,99,0,0,99,0.0,0.0,0.0,0.0,10.1,18.4,0.0,1020.0
2026-03-21 07:00:00+00:00,3.6,91,2.3,98,0,0,98,28.0,9.0,108.7,19.0,10.4,19.8,0.0,1020.2
2026-03-21 08:00:00+00:00,5.2,85,2.8,94,0,0,94,158.0,92.0,435.4,66.0,8.3,19.8,0.0,1020.4
2026-03-21 09:00:00+00:00,7.1,75,3.0,82,0,1,81,306.0,209.0,583.8,97.0,7.5,19.4,0.0,1020.3
2026-03-21 10:00:00+00:00,9.2,63,2.5,18,0,2,16,474.0,389.0,809.4,85.0,9.4,24.1,0.0,1020.3
2026-03-21 11:00:00+00:00,10.8,51,1.0,52,0,4,49,584.0,495.0,867.3,89.0,10.7,27.0,0.0,1020.0
2026-03-21 12:00:00+00:00,12.3,43,0.2,1,0,1,0,646.0,554.0,890.2,92.0,10.7,27.7,0.0,1019.4
2026-03-21 13:00:00+00:00,13.0,41,0.2,16,0,0,16,658.0,567.0,897.5,91.0,10.1,27.0,0.0,1018.9
2026-03-21 14:00:00+00:00,13.3,40,0.1,4,0,0,4,614.0,523.0,873.9,91.0,9.1,25.9,0.0,1018.3
2026-03-21 15:00:00+00:00,13.3,41,0.2,0,0,0,0,524.0,440.0,838.5,84.0,8.2,23.8,0.0,1017.8
2026-03-21 16:00:00+00:00,12.9,41,-0.1,0,0,0,0,395.0,319.0,767.5,76.0,9.6,22.3,0.0,1017.6
2026-03-21 17:00:00+00:00,12.2,48,1.5,0,0,0,0,239.0,178.0,639.0,61.0,9.0,22.7,0.0,1017.8
2026-03-21 18:00:00+00:00,11.0,48,0.5,0,0,0,0,84.0,51.0,414.9,33.0,9.2,18.4,0.0,1017.6
2026-03-21 19:00:00+00:00,9.1,54,0.3,0,0,0,0,2.0,1.0,26.8,1.0,9.3,17.3,0.0,1017.7
2026-03-21 20:00:00+00:00,7.6,61,0.5,0,0,0,0,0.0,0.0,0.0,0.0,8.9,16.9,0.0,1017.9
2026-03-21 21:00:00+00:00,6.1,69,0.9,0,0,0,0,0.0,0.0,0.0,0.0,8.0,16.2,0.0,1018.0
2026-03-21 22:00:00+00:00,5.2,74,1.0,0,0,0,0,0.0,0.0,0.0,0.0,6.8,14.4,0.0,1018.0
2026-03-21 23:00:00+00:00,4.4,80,1.3,0,0,0,0,0.0,0.0,0.0,0.0,4.3,11.9,0.0,1017.7
2026-03-22 00:00:00+00:00,3.7,83,1.1,0,0,0,0,0.0,0.0,0.0,0.0,4.7,8.3,0.0,1017.5
2026-03-22 01:00:00+00:00,3.0,87,1.0,0,0,0,0,0.0,0.0,0.0,0.0,4.7,9.0,0.0,1017.3
2026-03-22 02:00:00+00:00,2.2,90,0.8,0,0,0,0,0.0,0.0,0.0,0.0,5.4,10.8,0.0,1017.0
2026-03-22 03:00:00+00:00,1.9,91,0.6,0,0,0,0,0.0,0.0,0.0,0.0,6.4,11.5,0.0,1016.8
2026-03-22 04:00:00+00:00,1.4,92,0.2,0,0,0,0,0.0,0.0,0.0,0.0,8.3,14.8,0.0,1016.9
2026-03-22 05:00:00+00:00,1.2,91,-0.1,0,0,0,0,0.0,0.0,0.0,0.0,7.4,15.1,0.0,1016.6
2026-03-22 06:00:00+00:00,0.4,94,-0.4,0,0,0,0,0.0,0.0,0.0,0.0,7.0,13.3,0.0,1016.6
2026-03-22 07:00:00+00:00,0.9,94,0.2,0,0,0,0,35.0,18.0,209.8,17.0,7.3,13.3,0.0,1016.9
2026-03-22 08:00:00+00:00,3.5,88,1.7,0,0,0,0,175.0,122.0,561.4,53.0,4.1,13.7,0.0,1017.1
2026-03-22 09:00:00+00:00,6.6,81,3.6,30,0,0,30,336.0,265.0,728.2,71.0,3.1,12.2,0.0,1017.2
2026-03-22 10:00:00+00:00,9.1,72,4.4,91,0,0,91,478.0,393.0,808.0,85.0,3.5,14.0,0.0,1017.0
2026-03-22 11:00:00+00:00,10.8,63,4.1,100,0,0,100,570.0,444.0,770.4,126.0,3.3,14.8,0.0,1016.6
2026-03-22 12:00:00+00:00,12.0,54,3.1,100,0,7,100,629.0,498.0,793.4,131.0,4.6,15.5,0.0,1016.4
2026-03-22 13:00:00+00:00,13.0,50,2.7,100,0,9,100,643.0,510.0,800.7,133.0,5.6,18.0,0.0,1016.0
2026-03-22 14:00:00+00:00,13.4,47,2.3,100,0,48,100,597.0,463.0,767.2,134.0,6.9,19.4,0.0,1015.7
2026-03-22 15:00:00+00:00,13.6,45,2.0,100,0,18,100,486.0,329.0,621.3,157.0,7.3,19.4,0.0,1015.6
2026-03-22 16:00:00+00:00,13.4,49,2.8,100,0,90,100,297.0,105.0,249.8,192.0,6.3,19.1,0.0,1015.6
2026-03-22 17:00:00+00:00,12.6,59,4.8,100,4,98,100,137.0,16.0,56.5,121.0,2.6,14.8,0.0,1016.1
2026-03-22 18:00:00+00:00,10.9,72,5.9,100,2,100,100,47.0,4.0,31.4,43.0,1.2,5.4,0.0,1016.3
2026-03-22 19:00:00+00:00,9.4,78,5.8,100,0,100,100,2.0,0.0,0.0,2.0,2.2,4.3,0.0,1016.9
2026-03-22 20:00:00+00:00,8.4,86,6.2,100,0,100,97,0.0,0.0,0.0,0.0,2.6,6.1,0.0,1017.4
2026-03-22 21:00:00+00:00,7.8,91,6.4,100,5,100,100,0.0,0.0,0.0,0.0,1.9,5.4,0.0,1017.8
2026-03-22 22:00:00+00:00,7.6,93,6.4,98,0,29,97,0.0,0.0,0.0,0.0,1.0,4.0,0.0,1017.9
2026-03-22 23:00:00+00:00,7.0,90,5.6,98,8,0,98,0.0,0.0,0.0,0.0,7.0,12.2,0.0,1018.5
2026-03-23 00:00:00+00:00,6.6,89,4.8,34,17,0,21,0.0,0.0,0.0,0.0,6.0,12.6,0.0,1018.8
2026-03-23 01:00:00+00:00,6.1,87,4.1,35,35,0,0,0.0,0.0,0.0,0.0,9.0,16.2,0.0,1019.3
2026-03-23 02:00:00+00:00,5.7,85,3.3,0,0,0,0,0.0,0.0,0.0,0.0,7.9,16.2,0.0,1019.0
2026-03-23 03:00:00+00:00,5.1,89,3.5,100,0,0,100,0.0,0.0,0.0,0.0,8.1,15.5,0.0,1019.0
2026-03-23 04:00:00+00:00,4.8,94,3.9,100,0,0,100,0.0,0.0,0.0,0.0,9.1,17.3,0.0,1019.2
2026-03-23 05:00:00+00:00,4.5,96,3.9,100,0,0,100,0.0,0.0,0.0,0.0,9.0,16.6,0.0,1019.6
2026-03-23 06:00:00+00:00,4.1,97,3.6,100,0,0,100,0.0,0.0,0.0,0.0,8.1,16.6,0.0,1020.3
2026-03-23 07:00:00+00:00,4.4,97,4.0,100,0,0,100,29.0,2.0,22.5,27.0,7.6,14.8,0.0,1020.9
2026-03-23 08:00:00+00:00,6.1,92,4.8,100,0,5,100,135.0,35.0,156.8,100.0,5.6,14.0,0.0,1021.3
2026-03-23 09:00:00+00:00,7.9,87,5.9,100,0,96,100,248.0,89.0,240.7,159.0,4.1,14.4,0.0,1021.5
2026-03-23 10:00:00+00:00,9.9,81,6.8,100,0,80,100,348.0,114.0,231.7,234.0,2.5,13.0,0.0,1021.6
2026-03-23 11:00:00+00:00,11.6,73,6.9,100,0,93,100,483.0,252.0,433.1,231.0,2.3,12.6,0.0,1021.8
2026-03-23 12:00:00+00:00,13.6,63,6.7,100,67,2,100,596.0,425.0,671.4,171.0,5.0,15.8,0.0,1021.4
2026-03-23 13:00:00+00:00,14.6,58,6.4,100,56,18,100,538.0,318.0,495.3,220.0,6.7,19.4,0.0,1021.1
2026-03-23 14:00:00+00:00,14.8,58,6.6,100,100,0,100,494.0,272.0,447.1,222.0,9.1,23.0,0.0,1020.7
2026-03-23 15:00:00+00:00,13.9,65,7.4,100,26,13,99,376.0,141.0,263.9,235.0,10.9,26.6,0.0,1020.7
2026-03-23 16:00:00+00:00,12.6,69,7.1,100,23,22,100,288.0,115.0,270.6,173.0,11.9,27.7,0.0,1020.9
2026-03-23 17:00:00+00:00,11.5,73,6.8,100,2,100,100,183.0,57.0,198.1,126.0,10.8,27.0,0.0,1021.1
2026-03-23 18:00:00+00:00,10.6,76,6.5,100,2,100,100,50.0,2.0,15.2,48.0,11.0,23.4,0.0,1020.9
2026-03-23 19:00:00+00:00,9.9,79,6.5,100,0,100,100,2.0,0.0,0.0,2.0,11.2,22.3,0.0,1020.8
2026-03-23 20:00:00+00:00,9.5,83,6.8,100,0,66,100,0.0,0.0,0.0,0.0,11.5,23.0,0.0,1020.8
2026-03-23 21:00:00+00:00,9.1,87,7.1,100,0,10,100,0.0,0.0,0.0,0.0,11.1,22.7,0.0,1020.9
2026-03-23 22:00:00+00:00,8.9,88,7.1,100,0,9,100,0.0,0.0,0.0,0.0,12.1,23.0,0.0,1020.8
2026-03-23 23:00:00+00:00,9.1,91,7.8,100,1,3,100,0.0,0.0,0.0,0.0,12.7,25.2,0.0,1020.4
2026-03-24 00:00:00+00:00,9.2,95,8.4,100,22,2,100,0.0,0.0,0.0,0.0,12.5,25.2,0.0,1020.2
2026-03-24 01:00:00+00:00,9.1,97,8.6,100,98,100,100,0.0,0.0,0.0,0.0,11.6,24.8,0.0,1020.1
2026-03-24 02:00:00+00:00,9.0,97,8.5,100,98,0,100,0.0,0.0,0.0,0.0,11.3,22.7,0.0,1019.6
2026-03-24 03:00:00+00:00,8.6,98,8.2,100,30,9,100,0.0,0.0,0.0,0.0,11.4,22.3,0.0,1019.2
2026-03-24 04:00:00+00:00,8.1,98,7.8,100,16,2,100,0.0,0.0,0.0,0.0,10.8,22.3,0.0,1018.8
2026-03-24 05:00:00+00:00,7.6,98,7.3,100,9,4,100,0.0,0.0,0.0,0.0,11.5,21.6,0.0,1018.2
2026-03-24 06:00:00+00:00,7.7,97,7.2,100,0,1,100,0.0,0.0,0.0,0.0,12.9,23.8,0.0,1018.2
2026-03-24 07:00:00+00:00,8.1,96,7.6,100,16,0,100,29.0,2.0,21.8,27.0,13.9,26.6,0.0,1017.9
2026-03-24 08:00:00+00:00,9.7,91,8.3,100,88,0,100,144.0,49.0,213.8,95.0,20.7,41.0,0.0,1017.9
2026-03-24 09:00:00+00:00,10.9,85,8.5,100,99,1,100,179.0,20.0,53.2,159.0,22.5,48.2,0.0,1017.7
2026-03-24 10:00:00+00:00,11.4,84,8.7,100,100,0,100,211.0,8.0,16.1,203.0,22.5,47.9,0.0,1017.1
2026-03-24 11:00:00+00:00,11.8,82,8.9,100,100,0,100,243.0,26.0,44.3,217.0,23.9,51.5,0.0,1016.5
2026-03-24 12:00:00+00:00,11.2,82,8.4,100,100,0,100,209.0,6.0,9.4,203.0,24.5,54.7,0.0,1016.0
2026-03-24 13:00:00+00:00,11.5,82,8.5,100,100,0,100,159.0,8.0,12.4,151.0,28.8,59.0,0.0,1015.2
2026-03-24 14:00:00+00:00,11.6,83,8.8,100,100,0,100,133.0,4.0,6.5,129.0,28.3,61.9,0.0,1013.9
2026-03-24 15:00:00+00:00,11.3,85,8.9,100,100,2,61,131.0,1.0,1.9,130.0,27.1,59.8,0.0,1012.9
2026-03-24 16:00:00+00:00,10.9,87,8.9,100,100,0,0,95.0,2.0,4.7,93.0,26.8,57.6,0.0,1011.8
2026-03-24 17:00:00+00:00,10.6,89,8.9,100,100,14,0,46.0,0.0,0.0,46.0,27.7,58.7,0.0,1010.1
2026-03-24 18:00:00+00:00,10.7,87,8.6,100,100,0,0,25.0,0.0,0.0,25.0,29.7,67.0,0.0,1009.1
2026-03-24 19:00:00+00:00,10.5,88,8.6,100,100,0,0,1.0,0.0,0.0,1.0,31.7,66.2,0.0,1007.6
2026-03-24 20:00:00+00:00,10.5,89,8.7,100,100,100,0,0.0,0.0,0.0,0.0,32.1,68.0,0.1,1006.3
2026-03-24 21:00:00+00:00,10.4,92,9.1,100,100,93,0,0.0,0.0,0.0,0.0,32.6,67.3,0.5,1005.2
2026-03-24 22:00:00+00:00,9.9,86,7.8,38,17,24,0,0.0,0.0,0.0,0.0,30.6,70.2,0.4,1005.3
2026-03-24 23:00:00+00:00,8.4,79,4.8,2,1,1,0,0.0,0.0,0.0,0.0,26.2,61.6,0.0,1005.7
2026-03-25 00:00:00+00:00,8.1,75,3.9,38,8,33,0,0.0,0.0,0.0,0.0,25.9,54.7,0.0,1006.2
2026-03-25 01:00:00+00:00,7.3,78,3.7,63,49,30,0,0.0,0.0,0.0,0.0,23.6,53.3,0.0,1006.2
2026-03-25 02:00:00+00:00,6.7,81,3.5,67,16,61,0,0.0,0.0,0.0,0.0,22.4,49.0,0.0,1005.9
2026-03-25 03:00:00+00:00,5.9,82,3.1,63,38,41,0,0.0,0.0,0.0,0.0,23.2,49.0,0.0,1005.9
2026-03-25 04:00:00+00:00,5.7,81,2.7,44,11,38,0,0.0,0.0,0.0,0.0,23.7,49.0,0.0,1006.0
2026-03-25 05:00:00+00:00,5.2,83,2.6,11,11,1,0,0.0,0.0,0.0,0.0,23.3,49.3,0.0,1006.4
2026-03-25 06:00:00+00:00,5.4,83,2.8,14,8,9,0,0.0,0.0,0.0,0.0,22.7,47.9,0.0,1007.1
2026-03-25 07:00:00+00:00,5.4,80,2.2,45,18,34,0,41.0,19.0,200.3,22.0,24.5,50.8,0.0,1008.4
2026-03-25 08:00:00+00:00,5.8,75,1.8,23,16,10,0,162.0,87.0,369.9,75.0,23.8,51.8,0.0,1009.8
2026-03-25 09:00:00+00:00,6.5,71,1.7,44,28,22,0,315.0,221.0,579.3,94.0,30.4,65.2,0.2,1010.7
2026-03-25 10:00:00+00:00,7.3,62,0.6,17,9,13,0,402.0,278.0,552.1,124.0,27.4,65.5,0.0,1011.1
2026-03-25 11:00:00+00:00,8.1,55,-0.5,47,15,42,0,558.0,450.0,759.0,108.0,29.2,67.7,0.0,1011.8
2026-03-25 12:00:00+00:00,8.4,50,-1.4,52,7,49,0,525.0,346.0,537.6,179.0,31.4,69.8,0.0,1012.7
2026-03-25 13:00:00+00:00,8.7,47,-2.1,77,11,77,0,606.0,423.0,648.5,183.0,32.5,73.4,0.0,1013.0
2026-03-25 14:00:00+00:00,7.9,53,-1.0,27,2,27,0,510.0,306.0,495.0,204.0,29.5,74.2,0.2,1013.5
2026-03-25 15:00:00+00:00,8.4,47,-2.2,41,9,38,0,504.0,376.0,691.4,128.0,28.7,70.9,0.1,1014.1
2026-03-25 16:00:00+00:00,7.9,52,-1.2,34,6,33,0,338.0,213.0,490.6,125.0,27.6,68.0,0.0,1014.6
2026-03-25 17:00:00+00:00,7.4,51,-2.2,25,5,21,0,232.0,155.0,522.4,77.0,26.9,65.2,0.0,1014.9
2026-03-25 18:00:00+00:00,6.7,61,-0.4,13,1,13,0,92.0,49.0,347.8,43.0,21.8,55.8,0.0,1016.1
2026-03-25 19:00:00+00:00,5.7,64,-0.6,38,2,37,0,5.0,1.0,21.6,4.0,21.0,46.8,0.0,1016.8
2026-03-25 20:00:00+00:00,5.2,66,-0.6,2,2,0,0,0.0,0.0,0.0,0.0,20.4,43.9,0.0,1017.6
2026-03-25 21:00:00+00:00,4.6,70,-0.3,17,3,0,14,0.0,0.0,0.0,0.0,20.4,41.8,0.0,1018.2
2026-03-25 22:00:00+00:00,4.2,72,-0.3,14,0,0,14,0.0,0.0,0.0,0.0,19.5,41.8,0.0,1018.4
2026-03-25 23:00:00+00:00,4.0,74,-0.3,9,1,0,9,0.0,0.0,0.0,0.0,19.0,40.0,0.0,1018.9
2026-03-26 00:00:00+00:00,3.9,74,-0.2,3,2,0,1,0.0,0.0,0.0,0.0,17.7,38.5,0.0,1019.9
2026-03-26 01:00:00+00:00,3.7,76,-0.2,12,6,0,5,0.0,0.0,0.0,0.0,15.9,35.6,0.0,1020.2
2026-03-26 02:00:00+00:00,3.4,78,-0.1,5,4,0,1,0.0,0.0,0.0,0.0,15.8,31.7,0.0,1020.4
2026-03-26 03:00:00+00:00,3.2,81,0.3,2,2,0,0,0.0,0.0,0.0,0.0,15.2,31.7,0.0,1020.6
2026-03-26 04:00:00+00:00,3.0,85,0.6,1,1,0,0,0.0,0.0,0.0,0.0,13.8,29.9,0.0,1020.9
2026-03-26 05:00:00+00:00,2.6,88,0.9,2,2,0,0,0.0,0.0,0.0,0.0,12.4,27.0,0.0,1021.3
2026-03-26 06:00:00+00:00,2.5,89,0.9,6,6,3,0,0.0,0.0,0.0,0.0,12.1,23.8,0.0,1021.9
2026-03-26 07:00:00+00:00,3.0,87,1.1,15,0,15,0,47.0,22.0,224.7,25.0,10.9,22.3,0.0,1022.6
2026-03-26 08:00:00+00:00,4.8,80,1.6,1,0,1,0,190.0,124.0,514.0,66.0,10.1,22.7,0.0,1023.1
2026-03-26 09:00:00+00:00,6.4,71,1.5,33,33,0,0,354.0,273.0,704.7,81.0,12.8,28.8,0.0,1023.4
2026-03-26 10:00:00+00:00,7.5,61,0.5,55,54,2,0,450.0,320.0,628.4,130.0,16.6,37.8,0.0,1023.6
2026-03-26 11:00:00+00:00,8.1,56,0.0,38,31,10,0,435.0,232.0,387.7,203.0,14.8,38.5,0.0,1024.0
2026-03-26 12:00:00+00:00,9.4,51,-0.3,42,32,21,2,590.0,416.0,641.1,174.0,14.1,35.3,0.0,1023.8
2026-03-26 13:00:00+00:00,9.8,46,-1.4,45,27,18,16,593.0,415.0,631.3,178.0,12.8,33.8,0.0,1023.8
2026-03-26 14:00:00+00:00,10.2,42,-2.2,67,20,66,2,587.0,440.0,706.2,147.0,14.3,33.5,0.0,1023.5
2026-03-26 15:00:00+00:00,10.1,42,-2.2,100,24,100,8,462.0,294.0,536.0,168.0,15.2,35.3,0.0,1023.3
2026-03-26 16:00:00+00:00,9.8,42,-2.7,98,36,97,44,291.0,126.0,287.2,165.0,15.1,36.4,0.0,1023.2
2026-03-26 17:00:00+00:00,9.2,50,-0.8,98,0,96,44,136.0,25.0,83.0,111.0,11.3,36.0,0.0,1023.3
2026-03-26 18:00:00+00:00,8.2,59,0.6,59,0,22,47,84.0,32.0,220.2,52.0,7.0,23.8,0.0,1023.7
2026-03-26 19:00:00+00:00,6.8,68,1.4,74,0,1,74,5.0,1.0,20.6,4.0,6.9,13.0,0.0,1023.8
2026-03-26 20:00:00+00:00,6.1,74,1.8,100,0,100,30,0.0,0.0,0.0,0.0,9.7,17.3,0.0,1024.0
2026-03-26 21:00:00+00:00,6.7,76,2.7,90,0,88,13,0.0,0.0,0.0,0.0,9.3,18.7,0.0,1024.0
2026-03-26 22:00:00+00:00,6.6,78,2.9,91,0,91,0,0.0,0.0,0.0,0.0,9.0,17.6,0.0,1023.9
2026-03-26 23:00:00+00:00,6.1,81,3.0,98,0,98,0,0.0,0.0,0.0,0.0,9.7,18.7,0.0,1023.6
2026-03-27 00:00:00+00:00,6.1,85,3.7,100,2,100,7,0.0,0.0,0.0,0.0,8.1,18.7,0.0,1023.5
2026-03-27 01:00:00+00:00,6.3,84,3.8,100,5,100,24,0.0,0.0,0.0,0.0,8.8,16.9,0.0,1023.3
2026-03-27 02:00:00+00:00,6.3,83,3.7,100,23,99,49,0.0,0.0,0.0,0.0,9.3,18.4,0.0,1023.0
2026-03-27 03:00:00+00:00,6.3,85,3.9,100,86,100,90,0.0,0.0,0.0,0.0,9.9,19.4,0.0,1022.5
2026-03-27 04:00:00+00:00,6.8,86,4.7,100,98,85,95,0.0,0.0,0.0,0.0,10.5,20.9,0.0,1022.2
2026-03-27 05:00:00+00:00,7.4,87,5.3,98,46,20,95,0.0,0.0,0.0,0.0,9.9,20.9,0.0,1021.8
2026-03-27 06:00:00+00:00,6.9,92,5.7,92,15,23,88,0.0,0.0,0.0,0.0,10.2,19.4,0.0,1021.7
2026-03-27 07:00:00+00:00,7.8,91,6.3,84,20,57,52,41.0,10.0,99.1,31.0,11.5,22.3,0.0,1021.6
2026-03-27 08:00:00+00:00,9.7,84,7.2,100,100,98,30,133.0,33.0,133.5,100.0,12.1,24.8,0.0,1021.4
2026-03-27 09:00:00+00:00,10.0,84,7.5,100,100,100,16,112.0,21.0,53.4,91.0,14.5,29.5,0.0,1021.4
2026-03-27 10:00:00+00:00,10.1,86,7.8,100,39,99,67,76.0,0.0,0.0,76.0,12.9,31.3,0.0,1020.9
2026-03-27 11:00:00+00:00,12.1,78,8.4,100,100,100,97,346.0,89.0,147.4,257.0,19.8,43.2,0.1,1020.4
2026-03-27 12:00:00+00:00,11.4,84,8.9,100,98,100,80,105.0,0.0,0.0,105.0,19.5,43.6,0.2,1020.2
2026-03-27 13:00:00+00:00,11.1,90,9.6,100,100,100,52,101.0,0.0,0.0,101.0,17.7,39.2,0.3,1019.7
2026-03-27 14:00:00+00:00,10.9,92,9.7,100,100,100,0,69.0,0.0,0.0,69.0,17.0,36.4,0.1,1019.0
2026-03-27 15:00:00+00:00,11.1,92,9.9,100,100,100,0,74.0,0.0,0.0,74.0,17.1,37.1,0.0,1018.8
2026-03-27 16:00:00+00:00,11.1,93,9.9,100,100,100,0,39.0,0.0,0.0,39.0,14.1,35.3,0.1,1018.3
2026-03-27 17:00:00+00:00,11.3,92,10.1,100,100,100,63,34.0,0.0,0.0,34.0,13.5,28.8,0.1,1018.2
2026-03-27 18:00:00+00:00,11.3,90,9.6,100,100,100,28,13.0,0.0,0.0,13.0,13.5,27.0,0.0,1018.5
2026-03-27 19:00:00+00:00,10.4,87,8.3,100,100,100,100,1.0,0.0,0.0,1.0,14.1,28.4,0.0,1018.9
2026-03-27 20:00:00+00:00,10.0,88,8.1,100,28,100,98,0.0,0.0,0.0,0.0,14.1,29.5,0.0,1019.4
2026-03-27 21:00:00+00:00,9.3,81,6.2,100,1,100,100,0.0,0.0,0.0,0.0,12.6,28.8,0.0,1019.7
2026-03-27 22:00:00+00:00,8.8,78,5.1,100,0,99,89,0.0,0.0,0.0,0.0,12.9,26.3,0.0,1020.2
2026-03-27 23:00:00+00:00,7.9,79,4.6,87,0,2,87,0.0,0.0,0.0,0.0,13.4,27.0,0.0,1020.6
2026-03-28 00:00:00+00:00,6.8,82,3.8,95,14,19,93,0.0,0.0,0.0,0.0,13.6,29.2,0.0,1021.5
2026-03-28 01:00:00+00:00,6.3,82,3.4,16,0,16,0,0.0,0.0,0.0,0.0,15.4,30.6,0.0,1022.2
2026-03-28 02:00:00+00:00,5.7,82,2.8,2,0,2,0,0.0,0.0,0.0,0.0,14.7,30.6,0.0,1022.6
2026-03-28 03:00:00+00:00,4.8,84,2.2,0,0,0,0,0.0,0.0,0.0,0.0,13.6,29.2,0.0,1023.0
2026-03-28 04:00:00+00:00,4.2,83,1.5,0,0,0,0,0.0,0.0,0.0,0.0,13.5,26.3,0.0,1023.4
2026-03-28 05:00:00+00:00,3.5,84,1.1,0,0,0,0,0.0,0.0,0.0,0.0,13.0,26.3,0.0,1023.9
2026-03-28 06:00:00+00:00,3.1,85,0.8,0,0,0,0,0.0,0.0,0.0,0.0,12.7,25.2,0.0,1024.7
2026-03-28 07:00:00+00:00,3.8,82,1.0,0,0,0,0,58.0,31.0,298.2,27.0,13.2,25.6,0.0,1025.2
2026-03-28 08:00:00+00:00,5.7,76,1.8,1,1,0,0,206.0,143.0,564.7,63.0,12.0,25.9,0.0,1025.4
2026-03-28 09:00:00+00:00,7.4,65,1.1,0,0,0,0,368.0,287.0,719.1,81.0,17.3,38.5,0.0,1025.8
2026-03-28 10:00:00+00:00,8.4,58,0.6,15,13,3,0,511.0,419.0,804.9,92.0,18.5,46.8,0.0,1026.0
2026-03-28 11:00:00+00:00,9.2,53,0.1,20,13,14,0,602.0,484.0,794.3,118.0,19.9,49.7,0.0,1025.9
2026-03-28 12:00:00+00:00,9.8,47,-1.0,28,6,28,0,589.0,441.0,668.8,148.0,20.3,50.8,0.0,1026.2
2026-03-28 13:00:00+00:00,10.1,53,0.9,13,5,10,0,620.0,477.0,714.7,143.0,21.7,51.5,0.0,1026.4
2026-03-28 14:00:00+00:00,10.6,44,-1.1,38,5,34,0,621.0,497.0,785.5,124.0,22.7,51.8,0.0,1026.4
2026-03-28 15:00:00+00:00,9.8,46,-1.4,16,4,14,0,476.0,329.0,589.8,147.0,22.4,54.7,0.2,1026.7
2026-03-28 16:00:00+00:00,9.2,47,-1.5,39,9,38,0,399.0,302.0,674.5,97.0,25.5,58.3,0.2,1027.3
2026-03-28 17:00:00+00:00,8.8,48,-1.6,10,7,9,0,238.0,153.0,493.4,85.0,21.7,58.0,0.0,1027.9
2026-03-28 18:00:00+00:00,8.1,54,-0.6,1,0,1,0,104.0,60.0,389.0,44.0,17.5,45.7,0.0,1029.3
2026-03-28 19:00:00+00:00,7.0,58,-0.6,4,2,4,0,8.0,2.0,37.8,6.0,15.8,36.7,0.0,1030.3
2026-03-28 20:00:00+00:00,6.2,62,-0.4,27,1,0,26,0.0,0.0,0.0,0.0,16.0,32.4,0.0,1031.1
2026-03-28 21:00:00+00:00,5.7,65,-0.3,2,0,0,2,0.0,0.0,0.0,0.0,16.8,34.6,0.0,1031.6
2026-03-28 22:00:00+00:00,5.1,69,-0.1,10,0,0,10,0.0,0.0,0.0,0.0,15.8,33.5,0.0,1031.8
2026-03-28 23:00:00+00:00,4.7,72,0.1,8,0,0,8,0.0,0.0,0.0,0.0,14.7,31.7,0.0,1032.1
2026-03-29 00:00:00+00:00,3.7,74,-0.4,16,0,0,16,0.0,0.0,0.0,0.0,13.0,28.8,0.0,1032.9
2026-03-29 01:00:00+00:00,3.2,77,-0.6,12,0,0,12,0.0,0.0,0.0,0.0,11.8,24.8,0.0,1032.8
2026-03-29 02:00:00+00:00,2.9,78,-0.6,20,0,0,20,0.0,0.0,0.0,0.0,10.7,22.3,0.0,1032.7
2026-03-29 03:00:00+00:00,2.6,80,-0.5,7,0,0,7,0.0,0.0,0.0,0.0,9.0,19.8,0.0,1032.6
2026-03-29 04:00:00+00:00,2.2,83,-0.3,33,0,1,33,0.0,0.0,0.0,0.0,9.4,17.3,0.0,1033.1
2026-03-29 05:00:00+00:00,2.0,86,-0.2,55,0,6,52,0.0,0.0,0.0,0.0,8.3,17.6,0.0,1032.6
2026-03-29 06:00:00+00:00,2.0,88,0.1,96,0,55,91,0.0,0.0,0.0,0.0,7.5,15.5,0.0,1032.3
2026-03-29 07:00:00+00:00,3.4,86,1.2,99,0,97,84,51.0,17.0,158.9,34.0,8.6,16.2,0.0,1032.5
2026-03-29 08:00:00+00:00,5.2,83,2.7,100,0,31,100,106.0,22.0,84.9,84.0,9.1,16.9,0.0,1032.4
2026-03-29 09:00:00+00:00,8.4,71,3.5,100,2,5,100,325.0,190.0,469.2,135.0,10.9,25.2,0.0,1031.7
2026-03-29 10:00:00+00:00,9.6,62,2.7,100,80,9,100,418.0,215.0,408.6,203.0,21.3,43.9,0.0,1031.4
2026-03-29 11:00:00+00:00,9.9,60,2.4,100,95,91,100,290.0,57.0,92.7,233.0,21.1,47.5,0.0,1030.7
2026-03-29 12:00:00+00:00,9.9,64,3.2,100,100,99,100,265.0,26.0,39.1,239.0,21.9,47.2,0.0,1030.2
2026-03-29 13:00:00+00:00,9.9,65,3.5,100,56,100,100,184.0,3.0,4.5,181.0,21.6,47.2,0.0,1029.4
2026-03-29 14:00:00+00:00,9.6,72,4.7,100,98,99,100,186.0,17.0,26.7,169.0,20.7,56.5,0.3,1028.5
2026-03-29 15:00:00+00:00,9.2,77,5.4,100,100,94,100,115.0,0.0,0.0,115.0,20.0,43.9,0.2,1027.1
2026-03-29 16:00:00+00:00,9.4,77,5.7,100,29,100,100,117.0,5.0,11.1,112.0,20.6,43.6,0.0,1025.6
2026-03-29 17:00:00+00:00,9.6,79,6.2,100,100,67,95,102.0,2.0,6.4,100.0,23.9,50.4,0.0,1024.5
2026-03-29 18:00:00+00:00,9.5,80,6.3,100,100,99,82,36.0,0.0,0.0,36.0,23.0,53.6,0.1,1024.1
2026-03-29 19:00:00+00:00,9.3,85,6.9,100,100,99,99,2.0,0.0,0.0,2.0,21.1,47.9,0.2,1023.6
2026-03-29 20:00:00+00:00,9.5,87,7.5,100,100,0,100,0.0,0.0,0.0,0.0,19.5,43.6,0.1,1023.2
2026-03-29 21:00:00+00:00,10.0,87,8.0,100,100,0,100,0.0,0.0,0.0,0.0,18.2,40.0,0.0,1022.9
2026-03-29 22:00:00+00:00,10.1,89,8.3,95,66,0,87,0.0,0.0,0.0,0.0,16.9,37.4,0.0,1022.6
2026-03-29 23:00:00+00:00,9.6,91,8.2,47,5,0,44,0.0,0.0,0.0,0.0,17.3,34.6,0.0,1022.5
2026-03-30 00:00:00+00:00,8.9,90,7.3,58,2,0,58,0.0,0.0,0.0,0.0,17.5,34.9,0.0,1022.6
2026-03-30 01:00:00+00:00,8.3,90,6.7,0,0,0,0,0.0,0.0,0.0,0.0,16.5,34.9,0.0,1022.9
2026-03-30 02:00:00+00:00,7.7,89,6.1,14,0,0,14,0.0,0.0,0.0,0.0,15.3,33.1,0.0,1023.0
2026-03-30 03:00:00+00:00,6.8,89,5.2,31,0,0,31,0.0,0.0,0.0,0.0,13.0,29.9,0.0,1023.0
2026-03-30 04:00:00+00:00,5.9,90,4.4,1,1,0,0,0.0,0.0,0.0,0.0,12.2,24.8,0.0,1023.3
2026-03-30 05:00:00+00:00,5.3,91,4.0,4,4,0,0,0.0,0.0,0.0,0.0,12.5,23.4,0.0,1023.6
2026-03-30 06:00:00+00:00,5.3,90,3.8,5,5,0,0,1.0,0.0,0.0,1.0,13.0,25.2,0.0,1024.2
2026-03-30 07:00:00+00:00,6.3,85,4.0,2,2,0,0,64.0,32.0,290.8,32.0,14.5,28.8,0.0,1024.9
2026-03-30 08:00:00+00:00,8.1,79,4.7,6,6,1,0,212.0,146.0,550.5,66.0,13.7,29.2,0.0,1025.0
2026-03-30 09:00:00+00:00,9.8,68,4.1,65,65,1,0,365.0,275.0,669.5,90.0,20.5,40.7,0.0,1025.7
2026-03-30 10:00:00+00:00,10.6,61,3.3,31,31,0,0,394.0,228.0,428.7,166.0,23.0,52.2,0.0,1025.5
2026-03-30 11:00:00+00:00,11.6,55,2.9,81,81,0,0,577.0,435.0,701.4,142.0,24.7,55.4,0.0,1025.4
2026-03-30 12:00:00+00:00,11.9,53,2.7,35,35,0,0,405.0,156.0,232.9,249.0,25.1,56.2,0.0,1025.6
2026-03-30 13:00:00+00:00,12.5,52,2.8,61,61,0,0,563.0,390.0,575.8,173.0,25.1,59.0,0.0,1025.8
2026-03-30 14:00:00+00:00,12.5,51,2.7,71,71,9,0,449.0,228.0,355.0,221.0,25.1,57.6,0.0,1026.0
2026-03-30 15:00:00+00:00,12.5,49,2.2,98,98,34,0,375.0,185.0,326.3,190.0,24.5,57.6,0.0,1026.1
2026-03-30 16:00:00+00:00,12.1,50,2.1,83,82,19,0,235.0,56.0,122.6,179.0,22.6,60.5,0.0,1026.4
2026-03-30 17:00:00+00:00,11.4,56,3.0,40,39,9,0,195.0,87.0,272.8,108.0,19.9,51.1,0.0,1026.9
2026-03-30 18:00:00+00:00,10.9,60,3.3,10,9,1,0,98.0,45.0,276.0,53.0,17.4,42.1,0.0,1027.8
2026-03-30 19:00:00+00:00,9.5,65,3.2,1,1,1,0,9.0,3.0,52.3,6.0,13.7,35.6,0.0,1028.1
2026-03-30 20:00:00+00:00,8.4,70,3.3,2,2,0,0,0.0,0.0,0.0,0.0,13.0,27.0,0.0,1028.9
2026-03-30 21:00:00+00:00,7.9,73,3.5,9,9,0,0,0.0,0.0,0.0,0.0,13.9,27.7,0.0,1030.0
2026-03-30 22:00:00+00:00,7.4,77,3.7,5,1,4,0,0.0,0.0,0.0,0.0,11.6,27.4,0.0,1030.2
2026-03-30 23:00:00+00:00,6.7,81,3.7,100,3,100,0,0.0,0.0,0.0,0.0,10.3,22.3,0.0,1030.4
2026-03-31 00:00:00+00:00,7.1,82,4.1,17,5,16,0,0.0,0.0,0.0,0.0,10.8,19.4,0.0,1030.6
2026-03-31 01:00:00+00:00,7.0,83,4.2,22,18,17,0,0.0,0.0,0.0,0.0,11.2,21.2,0.0,1030.9
2026-03-31 02:00:00+00:00,6.9,84,4.3,100,100,11,0,0.0,0.0,0.0,0.0,11.1,21.6,0.0,1031.1
2026-03-31 03:00:00+00:00,7.7,84,5.1,100,100,66,0,0.0,0.0,0.0,0.0,9.8,22.0,0.0,1030.7
2026-03-31 04:00:00+00:00,8.1,85,5.8,100,100,61,11,0.0,0.0,0.0,0.0,8.3,19.1,0.0,1030.5
2026-03-31 05:00:00+00:00,8.1,89,6.3,100,90,100,21,0.0,0.0,0.0,0.0,6.0,15.8,0.0,1030.4
2026-03-31 06:00:00+00:00,8.2,89,6.5,100,100,100,6,0.0,0.0,0.0,0.0,6.7,10.8,0.2,1030.9
2026-03-31 07:00:00+00:00,8.6,92,7.3,98,98,20,11,16.0,1.0,8.8,15.0,9.8,17.3,0.2,1031.0
2026-03-31 08:00:00+00:00,10.1,91,8.8,100,13,100,1,96.0,17.0,62.7,79.0,9.7,19.8,0.0,1031.0
2026-03-31 09:00:00+00:00,11.3,89,9.5,38,15,34,0,109.0,0.0,0.0,109.0,9.2,23.4,0.0,1031.2
2026-03-31 10:00:00+00:00,14.1,75,9.7,89,88,13,0,444.0,296.0,550.8,148.0,16.9,37.4,0.0,1031.1
2026-03-31 11:00:00+00:00,14.9,72,9.9,78,78,2,0,417.0,169.0,270.2,248.0,15.0,37.8,0.1,1031.1
2026-03-31 12:00:00+00:00,16.2,64,9.3,41,15,33,0,528.0,334.0,494.9,194.0,14.4,35.6,0.1,1030.9
2026-03-31 13:00:00+00:00,17.4,58,8.9,30,7,26,0,591.0,413.0,605.4,178.0,12.6,33.8,0.0,1030.5
2026-03-31 14:00:00+00:00,17.5,57,8.9,24,7,22,0,529.0,382.0,590.5,147.0,12.5,29.9,0.0,1030.0
2026-03-31 15:00:00+00:00,17.3,58,9.0,23,8,16,0,479.0,356.0,622.9,123.0,14.2,33.1,0.0,1029.6
2026-03-31 16:00:00+00:00,17.0,60,9.1,23,19,12,0,360.0,258.0,559.5,102.0,13.5,32.4,0.0,1029.3
2026-03-31 17:00:00+00:00,16.5,66,10.0,12,8,5,0,243.0,156.0,482.5,87.0,11.3,29.5,0.0,1029.1
2026-03-31 18:00:00+00:00,15.5,73,10.6,16,2,16,0,109.0,61.0,364.3,48.0,13.6,23.4,0.0,1029.1
2026-03-31 19:00:00+00:00,13.4,79,9.8,13,1,13,0,11.0,3.0,50.4,8.0,14.7,29.9,0.0,1029.6
2026-03-31 20:00:00+00:00,11.9,84,9.2,4,1,4,0,0.0,0.0,0.0,0.0,14.8,29.5,0.0,1029.9
2026-03-31 21:00:00+00:00,10.9,86,8.6,1,0,1,0,0.0,0.0,0.0,0.0,14.4,29.2,0.0,1030.0
2026-03-31 22:00:00+00:00,10.1,83,7.3,1,0,1,0,0.0,0.0,0.0,0.0,13.5,28.1,0.0,1029.6
2026-03-31 23:00:00+00:00,8.9,87,6.8,0,0,0,0,0.0,0.0,0.0,0.0,13.3,25.9,0.0,1029.5
2026-04-01 00:00:00+00:00,8.4,93,7.3,6,6,0,0,0.0,0.0,0.0,0.0,11.4,25.9,0.0,1029.4
2026-04-01 01:00:00+00:00,8.0,94,7.2,29,29,0,0,0.0,0.0,0.0,0.0,10.2,21.6,0.0,1029.1
2026-04-01 02:00:00+00:00,7.8,95,7.2,91,91,0,0,0.0,0.0,0.0,0.0,10.5,19.8,0.0,1028.5
2026-04-01 03:00:00+00:00,8.1,96,7.5,100,100,0,0,0.0,0.0,0.0,0.0,9.8,19.8,0.0,1027.8
2026-04-01 04:00:00+00:00,8.4,95,7.7,100,100,0,0,0.0,0.0,0.0,0.0,10.1,19.1,0.0,1027.5
2026-04-01 05:00:00+00:00,8.6,95,7.8,100,100,0,0,0.0,0.0,0.0,0.0,10.8,20.9,0.0,1027.2
2026-04-01 06:00:00+00:00,8.9,92,7.7,100,100,0,0,1.0,0.0,0.0,1.0,9.9,20.9,0.0,1026.9
2026-04-01 07:00:00+00:00,9.4,90,7.8,100,100,0,0,36.0,0.0,0.0,36.0,9.0,19.4,0.0,1026.8
2026-04-01 08:00:00+00:00,9.9,87,7.9,99,99,0,0,87.0,0.0,0.0,87.0,8.5,20.5,0.0,1026.7
2026-04-01 09:00:00+00:00,11.2,81,8.1,63,63,0,0,214.0,54.0,127.9,160.0,7.5,20.2,0.0,1026.3
2026-04-01 10:00:00+00:00,12.8,67,6.8,100,100,0,1,378.0,191.0,351.8,187.0,9.2,23.8,0.0,1025.8
2026-04-01 11:00:00+00:00,13.4,60,5.9,98,98,0,16,397.0,155.0,245.7,242.0,9.0,23.8,0.0,1025.1
2026-04-01 12:00:00+00:00,13.1,60,5.4,100,100,5,5,309.0,44.0,64.7,265.0,9.5,23.0,0.0,1024.8
2026-04-01 13:00:00+00:00,12.8,65,6.3,100,100,10,0,250.0,71.0,103.3,179.0,8.1,21.6,0.0,1024.3
2026-04-01 14:00:00+00:00,12.8,65,6.4,100,100,16,0,236.0,35.0,53.7,201.0,9.4,22.3,0.0,1023.7
2026-04-01 15:00:00+00:00,12.2,67,6.2,100,100,2,0,142.0,9.0,15.6,133.0,11.2,27.7,0.0,1023.1
2026-04-01 16:00:00+00:00,12.2,62,5.2,96,96,6,0,140.0,15.0,32.2,125.0,12.2,29.9,0.0,1022.7
2026-04-01 17:00:00+00:00,12.1,66,5.8,98,98,3,2,162.0,48.0,146.5,114.0,12.8,32.0,0.0,1022.2
2026-04-01 18:00:00+00:00,11.4,71,6.3,89,89,9,0,65.0,10.0,58.2,55.0,10.9,27.7,0.0,1022.3
2026-04-01 19:00:00+00:00,10.6,74,6.3,100,100,0,3,6.0,0.0,0.0,6.0,10.4,22.7,0.0,1022.2
2026-04-01 20:00:00+00:00,10.2,77,6.4,85,75,31,18,0.0,0.0,0.0,0.0,8.3,21.2,0.0,1022.0
2026-04-01 21:00:00+00:00,9.2,84,6.7,100,100,5,79,0.0,0.0,0.0,0.0,8.0,16.6,0.0,1021.7
2026-04-01 22:00:00+00:00,9.2,88,7.3,100,100,98,91,0.0,0.0,0.0,0.0,7.8,15.1,0.0,1021.2
2026-04-01 23:00:00+00:00,9.4,90,7.9,100,100,100,99,0.0,0.0,0.0,0.0,8.3,16.2,0.0,1020.8
