time,temperature_2m,relative_humidity_2m,dew_point_2m,cloud_cover,shortwave_radiation,direct_radiation,direct_normal_irradiance,diffuse_radiation,wind_speed_10m,wind_gusts_10m,precipitation,pressure_msl
2025-03-05 00:00:00+00:00,3.7,94,2.9,6,0.0,0.0,0.0,0.0,2.2,6.1,0.0,1024.7
2025-03-05 01:00:00+00:00,3.4,95,2.7,28,0.0,0.0,0.0,0.0,4.0,9.0,0.0,1024.5
2025-03-05 02:00:00+00:00,2.7,97,2.3,38,0.0,0.0,0.0,0.0,1.8,5.8,0.0,1024.4
2025-03-05 03:00:00+00:00,2.4,97,2.0,45,0.0,0.0,0.0,0.0,1.4,4.0,0.0,1024.3
2025-03-05 04:00:00+00:00,2.7,98,2.4,45,0.0,0.0,0.0,0.0,1.8,5.0,0.0,1024.0
2025-03-05 05:00:00+00:00,2.8,99,2.6,56,0.0,0.0,0.0,0.0,2.9,6.5,0.0,1024.0
2025-03-05 06:00:00+00:00,2.1,99,1.9,33,0.0,0.0,0.0,0.0,2.9,6.5,0.0,1024.2
2025-03-05 07:00:00+00:00,1.9,98,1.6,44,10.0,1.0,19.1,9.0,1.1,4.0,0.0,1024.3
2025-03-05 08:00:00+00:00,4.1,95,3.3,34,97.0,47.0,405.3,50.0,2.2,5.8,0.0,1024.3
2025-03-05 09:00:00+00:00,5.8,89,4.2,38,239.0,142.0,539.3,97.0,5.0,11.2,0.0,1023.9
2025-03-05 10:00:00+00:00,7.7,86,5.5,15,381.0,281.0,725.5,100.0,6.1,14.8,0.0,1023.6
2025-03-05 11:00:00+00:00,9.2,81,6.1,5,485.0,385.0,803.0,100.0,6.5,15.8,0.0,1023.3
2025-03-05 12:00:00+00:00,10.6,75,6.3,0,542.0,446.0,835.9,96.0,6.5,15.8,0.0,1022.7
2025-03-05 13:00:00+00:00,12.1,56,3.6,0,543.0,450.0,824.3,93.0,8.3,20.9,0.0,1022.1
2025-03-05 14:00:00+00:00,12.6,50,2.4,0,491.0,405.0,785.3,86.0,10.4,24.8,0.0,1021.7
2025-03-05 15:00:00+00:00,12.6,53,3.2,0,388.0,313.0,703.4,75.0,11.2,26.3,0.0,1021.2
2025-03-05 16:00:00+00:00,12.0,58,4.0,0,248.0,187.0,552.3,61.0,9.0,21.2,0.0,1020.8
2025-03-05 17:00:00+00:00,11.2,64,4.6,0,89.0,52.0,255.2,37.0,6.5,15.8,0.0,1020.5
2025-03-05 18:00:00+00:00,9.9,71,4.9,0,0.0,0.0,0.0,0.0,7.6,17.3,0.0,1020.5
2025-03-05 19:00:00+00:00,8.9,76,4.9,0,0.0,0.0,0.0,0.0,6.1,14.4,0.0,1020.3
2025-03-05 20:00:00+00:00,8.2,78,4.6,0,0.0,0.0,0.0,0.0,5.8,12.6,0.0,1020.2
2025-03-05 21:00:00+00:00,7.8,75,3.6,1,0.0,0.0,0.0,0.0,6.1,14.0,0.0,1020.2
2025-03-05 22:00:00+00:00,7.4,83,4.7,0,0.0,0.0,0.0,0.0,7.2,16.9,0.0,1019.9
2025-03-05 23:00:00+00:00,7.2,85,4.9,0,0.0,0.0,0.0,0.0,8.3,19.4,0.0,1019.2
2025-03-06 00:00:00+00:00,7.2,88,5.3,0,0.0,0.0,0.0,0.0,7.9,18.4,0.0,1018.8
2025-03-06 01:00:00+00:00,7.2,88,5.3,0,0.0,0.0,0.0,0.0,8.6,19.4,0.0,1018.1
2025-03-06 02:00:00+00:00,7.1,89,5.4,0,0.0,0.0,0.0,0.0,8.6,19.4,0.0,1017.5
2025-03-06 03:00:00+00:00,6.9,90,5.4,0,0.0,0.0,0.0,0.0,7.6,17.3,0.0,1016.6
2025-03-06 04:00:00+00:00,7.0,91,5.7,0,0.0,0.0,0.0,0.0,8.6,19.4,0.0,1016.0
2025-03-06 05:00:00+00:00,7.1,88,5.2,0,0.0,0.0,0.0,0.0,8.6,19.8,0.0,1015.5
2025-03-06 06:00:00+00:00,6.9,86,4.7,0,0.0,0.0,0.0,0.0,8.3,19.1,0.0,1015.3
2025-03-06 07:00:00+00:00,6.9,83,4.2,0,13.0,3.0,57.3,10.0,9.0,20.2,0.0,1014.8
2025-03-06 08:00:00+00:00,7.8,81,4.8,0,109.0,63.0,517.0,46.0,6.8,15.5,0.0,1014.7
2025-03-06 09:00:00+00:00,9.4,75,5.2,0,259.0,184.0,683.4,75.0,9.4,22.0,0.0,1014.4
2025-03-06 10:00:00+00:00,10.9,67,5.0,23,384.0,247.0,628.2,137.0,15.5,33.8,0.0,1013.9
2025-03-06 11:00:00+00:00,11.7,63,4.9,57,460.0,219.0,451.3,241.0,16.6,37.4,0.0,1013.7
2025-03-06 12:00:00+00:00,11.8,62,4.8,92,443.0,143.0,265.2,300.0,14.8,33.1,0.0,1013.3
2025-03-06 13:00:00+00:00,12.3,61,5.0,100,352.0,156.0,282.9,196.0,15.5,34.6,0.0,1012.6
2025-03-06 14:00:00+00:00,12.3,63,5.5,46,475.0,400.0,767.6,75.0,14.8,33.5,0.0,1012.4
2025-03-06 15:00:00+00:00,13.1,65,6.7,100,247.0,181.0,402.1,66.0,17.6,39.2,0.0,1011.8
2025-03-06 16:00:00+00:00,13.2,66,7.0,83,191.0,0.0,0.0,191.0,14.4,32.8,0.0,1011.5
2025-03-06 17:00:00+00:00,12.9,68,7.2,97,53.0,0.0,0.0,53.0,12.2,27.4,0.0,1011.4
2025-03-06 18:00:00+00:00,12.0,74,7.5,97,0.0,0.0,0.0,0.0,13.0,28.8,0.0,1011.4
2025-03-06 19:00:00+00:00,12.0,73,7.3,100,0.0,0.0,0.0,0.0,13.7,30.2,0.0,1011.4
2025-03-06 20:00:00+00:00,12.2,73,7.5,98,0.0,0.0,0.0,0.0,14.0,31.3,0.0,1011.4
2025-03-06 21:00:00+00:00,11.5,79,8.0,56,0.0,0.0,0.0,0.0,13.3,29.2,0.0,1011.9
2025-03-06 22:00:00+00:00,11.5,78,7.8,100,0.0,0.0,0.0,0.0,15.5,33.8,0.0,1011.9
2025-03-06 23:00:00+00:00,10.9,81,7.8,100,0.0,0.0,0.0,0.0,10.4,22.7,0.0,1011.9
2025-03-07 00:00:00+00:00,10.4,83,7.6,77,0.0,0.0,0.0,0.0,9.0,19.8,0.0,1011.5
2025-03-07 01:00:00+00:00,10.6,81,7.5,100,0.0,0.0,0.0,0.0,8.6,19.4,0.0,1011.1
2025-03-07 02:00:00+00:00,10.3,83,7.6,100,0.0,0.0,0.0,0.0,6.8,15.8,0.2,1010.8
2025-03-07 03:00:00+00:00,10.1,84,7.5,100,0.0,0.0,0.0,0.0,6.8,15.8,0.0,1010.6
2025-03-07 04:00:00+00:00,10.2,84,7.6,99,0.0,0.0,0.0,0.0,7.2,16.6,0.0,1010.2
2025-03-07 05:00:00+00:00,10.2,85,7.8,98,0.0,0.0,0.0,0.0,7.6,16.9,0.0,1010.0
2025-03-07 06:00:00+00:00,10.5,85,8.1,100,0.0,0.0,0.0,0.0,8.6,19.4,0.0,1010.0
2025-03-07 07:00:00+00:00,10.3,88,8.4,100,1.0,0.0,0.0,1.0,9.0,20.2,1.0,1010.3
2025-03-07 08:00:00+00:00,10.1,89,8.4,100,22.0,0.0,0.0,22.0,8.3,18.7,0.3,1010.7
2025-03-07 09:00:00+00:00,9.8,87,7.7,100,29.0,0.0,0.0,29.0,12.2,27.4,0.2,1011.3
2025-03-07 10:00:00+00:00,10.3,86,8.0,100,96.0,3.0,7.5,93.0,13.3,30.6,0.0,1011.5
2025-03-07 11:00:00+00:00,10.1,86,7.8,100,88.0,9.0,18.3,79.0,15.5,34.6,0.0,1011.6
2025-03-07 12:00:00+00:00,10.3,81,7.2,100,70.0,0.0,0.0,70.0,14.8,33.8,0.0,1011.4
2025-03-07 13:00:00+00:00,10.1,89,8.3,100,113.0,1.0,1.8,112.0,13.7,30.2,1.3,1010.9
2025-03-07 14:00:00+00:00,9.6,93,8.6,100,69.0,1.0,1.9,68.0,15.5,35.3,0.4,1010.7
2025-03-07 15:00:00+00:00,10.8,79,7.3,100,68.0,0.0,0.0,68.0,15.8,36.7,0.0,1010.9
2025-03-07 16:00:00+00:00,10.9,79,7.4,100,50.0,0.0,0.0,50.0,14.8,33.5,0.0,1010.7
2025-03-07 17:00:00+00:00,11.3,78,7.6,100,16.0,0.0,0.0,16.0,11.2,26.3,0.0,1010.4
2025-03-07 18:00:00+00:00,10.9,81,7.7,99,0.0,0.0,0.0,0.0,11.2,25.6,0.0,1010.3
2025-03-07 19:00:00+00:00,11.1,80,7.8,100,0.0,0.0,0.0,0.0,12.2,28.4,0.0,1010.2
2025-03-07 20:00:00+00:00,11.4,80,8.1,98,0.0,0.0,0.0,0.0,12.6,29.2,0.0,1010.2
2025-03-07 21:00:00+00:00,11.6,78,7.9,98,0.0,0.0,0.0,0.0,13.3,30.2,0.0,1010.4
2025-03-07 22:00:00+00:00,11.4,79,7.9,100,0.0,0.0,0.0,0.0,12.6,29.2,0.0,1010.3
2025-03-07 23:00:00+00:00,11.4,80,8.1,93,0.0,0.0,0.0,0.0,11.9,27.7,0.0,1010.0
2025-03-08 00:00:00+00:00,11.5,76,7.4,99,0.0,0.0,0.0,0.0,14.0,31.7,0.0,1009.8
2025-03-08 01:00:00+00:00,11.1,74,6.7,77,0.0,0.0,0.0,0.0,13.0,29.9,0.0,1009.3
2025-03-08 02:00:00+00:00,10.8,74,6.4,69,0.0,0.0,0.0,0.0,11.9,27.4,0.0,1008.9
2025-03-08 03:00:00+00:00,9.8,80,6.5,27,0.0,0.0,0.0,0.0,13.0,29.5,0.0,1008.9
2025-03-08 04:00:00+00:00,9.5,80,6.2,24,0.0,0.0,0.0,0.0,11.2,25.6,0.0,1008.4
2025-03-08 05:00:00+00:00,9.0,81,5.9,2,0.0,0.0,0.0,0.0,13.0,29.9,0.0,1008.1
2025-03-08 06:00:00+00:00,8.7,83,6.0,9,0.0,0.0,0.0,0.0,14.0,32.4,0.0,1008.1
2025-03-08 07:00:00+00:00,8.3,85,6.0,18,17.0,4.0,76.4,13.0,13.7,31.0,0.0,1008.4
2025-03-08 08:00:00+00:00,8.8,83,6.1,40,115.0,63.0,471.5,52.0,14.8,34.6,0.0,1008.5
2025-03-08 09:00:00+00:00,10.1,78,6.5,91,224.0,91.0,323.8,133.0,15.5,35.3,0.0,1008.4
2025-03-08 10:00:00+00:00,11.2,73,6.6,96,340.0,157.0,387.7,183.0,16.2,37.1,0.0,1008.1
2025-03-08 11:00:00+00:00,12.0,69,6.5,100,242.0,0.0,0.0,242.0,16.2,37.1,0.0,1007.9
2025-03-08 12:00:00+00:00,11.7,71,6.6,100,242.0,4.0,7.3,238.0,15.5,34.9,0.0,1007.6
2025-03-08 13:00:00+00:00,12.1,69,6.6,88,366.0,126.0,224.0,240.0,15.5,34.6,0.0,1007.3
2025-03-08 14:00:00+00:00,12.4,67,6.5,91,279.0,76.0,142.9,203.0,15.5,36.0,0.0,1006.6
2025-03-08 15:00:00+00:00,13.4,64,6.8,43,362.0,251.0,545.1,111.0,15.8,37.1,0.0,1006.1
2025-03-08 16:00:00+00:00,13.5,63,6.6,28,241.0,157.0,444.1,84.0,17.3,39.6,0.0,1005.8
2025-03-08 17:00:00+00:00,13.3,65,6.8,54,91.0,45.0,206.3,46.0,15.5,36.0,0.0,1005.7
2025-03-08 18:00:00+00:00,12.9,67,6.9,30,0.0,0.0,0.0,0.0,13.7,31.7,0.0,1005.4
2025-03-08 19:00:00+00:00,12.5,68,6.8,27,0.0,0.0,0.0,0.0,13.0,30.2,0.0,1005.3
2025-03-08 20:00:00+00:00,12.0,71,6.9,37,0.0,0.0,0.0,0.0,12.2,28.1,0.0,1005.4
2025-03-08 21:00:00+00:00,11.8,72,6.9,24,0.0,0.0,0.0,0.0,11.2,25.6,0.0,1004.9
2025-03-08 22:00:00+00:00,11.8,72,6.9,32,0.0,0.0,0.0,0.0,11.5,26.6,0.0,1004.7
2025-03-08 23:00:00+00:00,11.7,72,6.8,41,0.0,0.0,0.0,0.0,12.2,28.4,0.0,1004.5
2025-03-09 00:00:00+00:00,11.2,70,6.0,29,0.0,0.0,0.0,0.0,14.8,33.8,0.0,1004.2
2025-03-09 01:00:00+00:00,10.9,70,5.6,16,0.0,0.0,0.0,0.0,14.8,33.8,0.0,1003.9
2025-03-09 02:00:00+00:00,10.5,71,5.4,9,0.0,0.0,0.0,0.0,14.0,32.0,0.0,1003.6
2025-03-09 03:00:00+00:00,10.2,73,5.6,23,0.0,0.0,0.0,0.0,13.0,29.9,0.0,1003.1
2025-03-09 04:00:00+00:00,9.7,74,5.3,13,0.0,0.0,0.0,0.0,12.2,29.2,0.0,1003.0
2025-03-09 05:00:00+00:00,9.2,76,5.2,13,0.0,0.0,0.0,0.0,11.9,28.1,0.0,1003.1
2025-03-09 06:00:00+00:00,8.7,79,5.3,13,0.0,0.0,0.0,0.0,12.6,29.2,0.0,1002.9
2025-03-09 07:00:00+00:00,8.5,80,5.3,17,19.0,5.0,95.5,14.0,12.2,28.1,0.0,1003.3
2025-03-09 08:00:00+00:00,9.2,78,5.5,23,123.0,73.0,523.2,50.0,11.9,27.0,0.0,1003.4
2025-03-09 09:00:00+00:00,10.3,76,6.3,32,272.0,194.0,676.1,78.0,14.0,32.0,0.0,1002.8
2025-03-09 10:00:00+00:00,11.7,70,6.4,66,401.0,303.0,737.6,98.0,14.8,33.8,0.0,1003.0
2025-03-09 11:00:00+00:00,12.5,66,6.3,80,495.0,382.0,759.9,113.0,14.0,33.5,0.0,1002.8
2025-03-09 12:00:00+00:00,13.6,62,6.4,88,541.0,417.0,749.6,124.0,13.0,31.0,0.0,1002.3
2025-03-09 13:00:00+00:00,14.0,62,6.8,84,542.0,426.0,750.0,116.0,12.6,29.9,0.0,1001.9
2025-03-09 14:00:00+00:00,13.9,62,6.7,99,470.0,336.0,625.6,134.0,13.0,30.2,0.0,1001.4
2025-03-09 15:00:00+00:00,14.1,59,6.2,100,232.0,24.0,51.5,208.0,12.6,29.2,0.0,1001.2
2025-03-09 16:00:00+00:00,14.4,57,6.0,100,148.0,10.0,27.9,138.0,12.2,28.4,0.0,1001.0
2025-03-09 17:00:00+00:00,14.1,60,6.4,92,60.0,13.0,58.3,47.0,9.4,22.3,0.0,1001.3
2025-03-09 18:00:00+00:00,13.6,64,6.9,80,0.0,0.0,0.0,0.0,7.6,18.4,0.0,1001.3
2025-03-09 19:00:00+00:00,13.1,68,7.3,99,0.0,0.0,0.0,0.0,6.8,16.2,0.0,1001.5
2025-03-09 20:00:00+00:00,13.0,68,7.3,99,0.0,0.0,0.0,0.0,6.8,15.8,0.0,1001.7
2025-03-09 21:00:00+00:00,12.6,72,7.7,97,0.0,0.0,0.0,0.0,8.6,19.8,0.0,1002.0
2025-03-09 22:00:00+00:00,12.3,74,7.8,84,0.0,0.0,0.0,0.0,8.3,19.1,0.0,1001.8
2025-03-09 23:00:00+00:00,12.2,73,7.5,96,0.0,0.0,0.0,0.0,7.9,18.4,0.0,1001.6
2025-03-10 00:00:00+00:00,11.8,74,7.3,65,0.0,0.0,0.0,0.0,6.5,15.5,0.0,1001.3
2025-03-10 01:00:00+00:00,11.6,74,7.1,94,0.0,0.0,0.0,0.0,6.8,15.5,0.0,1001.0
2025-03-10 02:00:00+00:00,11.7,73,7.0,84,0.0,0.0,0.0,0.0,7.9,18.7,0.0,1000.5
2025-03-10 03:00:00+00:00,10.0,82,7.0,13,0.0,0.0,0.0,0.0,5.4,12.6,0.0,1000.8
2025-03-10 04:00:00+00:00,9.6,82,6.7,20,0.0,0.0,0.0,0.0,6.8,16.2,0.0,1000.7
2025-03-10 05:00:00+00:00,10.2,78,6.5,80,0.0,0.0,0.0,0.0,11.5,25.9,0.0,1000.9
2025-03-10 06:00:00+00:00,10.2,79,6.7,100,0.0,0.0,0.0,0.0,9.0,20.5,0.0,1001.2
2025-03-10 07:00:00+00:00,10.2,80,6.9,100,8.0,0.0,0.0,8.0,8.3,19.4,0.0,1001.2
2025-03-10 08:00:00+00:00,10.7,77,6.8,95,41.0,3.0,20.6,38.0,13.0,29.2,0.0,1001.5
2025-03-10 09:00:00+00:00,11.4,86,9.2,100,55.0,1.0,3.4,54.0,6.5,14.8,0.0,1002.6
2025-03-10 10:00:00+00:00,11.8,84,9.2,97,109.0,25.0,60.0,84.0,5.0,11.5,0.0,1003.2
2025-03-10 11:00:00+00:00,12.2,80,8.8,97,132.0,6.0,11.8,126.0,7.6,17.6,0.0,1003.1
2025-03-10 12:00:00+00:00,11.5,85,9.1,100,50.0,0.0,0.0,50.0,10.8,24.1,0.2,1003.3
2025-03-10 13:00:00+00:00,11.8,84,9.2,100,47.0,0.0,0.0,47.0,9.4,20.9,0.0,1003.1
2025-03-10 14:00:00+00:00,11.8,84,9.2,99,86.0,16.0,29.5,70.0,7.9,18.0,0.0,1002.9
2025-03-10 15:00:00+00:00,12.5,78,8.7,97,110.0,5.0,10.6,105.0,8.3,18.7,0.0,1003.5
2025-03-10 16:00:00+00:00,12.4,77,8.5,99,50.0,0.0,0.0,50.0,11.2,25.6,0.0,1003.7
2025-03-10 17:00:00+00:00,12.3,77,8.4,100,12.0,0.0,0.0,12.0,11.5,26.3,0.0,1004.0
2025-03-10 18:00:00+00:00,11.7,75,7.4,100,0.0,0.0,0.0,0.0,13.7,30.2,0.0,1004.4
2025-03-10 19:00:00+00:00,11.6,74,7.1,100,0.0,0.0,0.0,0.0,14.0,32.0,0.0,1004.9
2025-03-10 20:00:00+00:00,11.4,71,6.3,100,0.0,0.0,0.0,0.0,16.9,37.4,0.0,1005.4
2025-03-10 21:00:00+00:00,9.1,90,7.6,100,0.0,0.0,0.0,0.0,18.4,41.0,0.0,1005.4
2025-03-10 22:00:00+00:00,8.6,89,6.9,100,0.0,0.0,0.0,0.0,19.1,41.8,0.0,1005.5
2025-03-10 23:00:00+00:00,8.1,85,5.7,100,0.0,0.0,0.0,0.0,20.5,45.4,0.0,1005.6
2025-03-11 00:00:00+00:00,7.5,82,4.6,100,0.0,0.0,0.0,0.0,20.2,44.6,0.0,1006.0
2025-03-11 01:00:00+00:00,7.2,82,4.4,100,0.0,0.0,0.0,0.0,22.7,50.0,0.0,1005.8
2025-03-11 02:00:00+00:00,7.0,81,3.9,100,0.0,0.0,0.0,0.0,22.3,49.7,0.0,1005.8
2025-03-11 03:00:00+00:00,7.1,82,4.3,100,0.0,0.0,0.0,0.0,14.4,32.0,0.0,1006.3
2025-03-11 04:00:00+00:00,6.9,82,4.1,100,0.0,0.0,0.0,0.0,15.8,34.9,0.0,1006.7
2025-03-11 05:00:00+00:00,6.7,79,3.3,100,0.0,0.0,0.0,0.0,15.8,35.6,0.0,1006.8
2025-03-11 06:00:00+00:00,6.4,71,1.5,99,0.0,0.0,0.0,0.0,19.1,41.8,0.0,1007.4
2025-03-11 07:00:00+00:00,6.2,72,1.5,97,8.0,0.0,0.0,8.0,16.2,35.6,0.0,1007.7
2025-03-11 08:00:00+00:00,6.2,69,0.9,80,82.0,21.0,138.6,61.0,14.8,33.1,0.0,1008.1
2025-03-11 09:00:00+00:00,6.5,63,-0.0,59,234.0,104.0,347.9,130.0,18.4,40.7,0.0,1008.1
2025-03-11 10:00:00+00:00,7.1,58,-0.6,97,241.0,15.0,35.5,226.0,18.7,41.8,0.0,1008.0
2025-03-11 11:00:00+00:00,8.0,49,-2.1,89,340.0,82.0,159.4,258.0,17.6,40.3,0.0,1008.1
2025-03-11 12:00:00+00:00,9.0,47,-1.7,71,477.0,276.0,486.2,201.0,18.4,41.8,0.0,1007.7
2025-03-11 13:00:00+00:00,9.4,49,-0.8,98,292.0,19.0,32.8,273.0,17.3,40.7,0.0,1007.1
2025-03-11 14:00:00+00:00,9.8,43,-2.2,88,342.0,31.0,56.6,311.0,16.6,39.2,0.0,1006.7
2025-03-11 15:00:00+00:00,9.6,44,-2.1,96,258.0,63.0,132.4,195.0,16.9,38.5,0.0,1006.8
2025-03-11 16:00:00+00:00,9.1,45,-2.2,96,140.0,0.0,0.0,140.0,15.1,34.9,0.0,1006.8
2025-03-11 17:00:00+00:00,8.9,43,-3.0,91,65.0,25.0,107.5,40.0,12.6,29.2,0.0,1006.8
2025-03-11 18:00:00+00:00,7.7,51,-1.8,20,0.0,0.0,0.0,0.0,13.3,29.9,0.0,1007.0
2025-03-11 19:00:00+00:00,7.2,57,-0.8,59,0.0,0.0,0.0,0.0,11.5,24.8,0.0,1007.4
2025-03-11 20:00:00+00:00,7.1,58,-0.6,95,0.0,0.0,0.0,0.0,11.2,24.5,0.0,1007.4
2025-03-11 21:00:00+00:00,7.2,61,0.2,100,0.0,0.0,0.0,0.0,11.2,24.5,0.0,1008.0
2025-03-11 22:00:00+00:00,6.8,63,0.2,100,0.0,0.0,0.0,0.0,11.2,24.5,0.0,1007.7
2025-03-11 23:00:00+00:00,6.5,67,0.8,100,0.0,0.0,0.0,0.0,8.6,19.4,0.0,1007.5
2025-03-12 00:00:00+00:00,6.1,71,1.2,100,0.0,0.0,0.0,0.0,12.2,26.6,0.0,1007.1
2025-03-12 01:00:00+00:00,5.7,74,1.4,97,0.0,0.0,0.0,0.0,10.4,23.0,0.0,1006.3
2025-03-12 02:00:00+00:00,5.5,72,0.9,100,0.0,0.0,0.0,0.0,9.4,20.5,0.0,1005.7
2025-03-12 03:00:00+00:00,5.4,72,0.7,100,0.0,0.0,0.0,0.0,8.6,19.4,0.0,1005.1
2025-03-12 04:00:00+00:00,5.1,73,0.7,45,0.0,0.0,0.0,0.0,10.1,22.0,0.0,1004.9
2025-03-12 05:00:00+00:00,4.6,76,0.7,11,0.0,0.0,0.0,0.0,9.4,22.0,0.0,1004.8
2025-03-12 06:00:00+00:00,4.7,73,0.3,99,0.0,0.0,0.0,0.0,10.4,23.8,0.0,1004.6
2025-03-12 07:00:00+00:00,4.4,74,0.1,48,24.0,8.0,143.8,16.0,10.4,23.8,0.0,1004.6
2025-03-12 08:00:00+00:00,4.8,72,0.2,97,87.0,3.0,19.0,84.0,12.2,26.6,0.0,1004.4
2025-03-12 09:00:00+00:00,6.0,68,0.6,28,288.0,170.0,557.4,118.0,11.5,25.6,0.0,1004.1
2025-03-12 10:00:00+00:00,6.8,63,0.3,46,370.0,198.0,461.9,172.0,12.6,29.2,0.0,1003.7
2025-03-12 11:00:00+00:00,8.0,57,-0.0,58,414.0,333.0,640.1,81.0,10.4,26.6,0.0,1002.9
2025-03-12 12:00:00+00:00,8.1,48,-2.2,100,270.0,19.0,33.1,251.0,13.0,31.0,0.0,1003.0
2025-03-12 13:00:00+00:00,8.1,51,-1.4,100,130.0,0.0,0.0,130.0,13.7,32.0,0.0,1002.4
2025-03-12 14:00:00+00:00,7.2,66,1.3,82,366.0,201.0,363.4,165.0,17.6,39.2,0.0,1002.4
2025-03-12 15:00:00+00:00,8.2,57,0.2,90,232.0,4.0,8.3,228.0,14.8,33.1,0.0,1002.3
2025-03-12 16:00:00+00:00,7.4,57,-0.6,92,139.0,82.0,219.7,57.0,12.2,28.8,0.0,1002.4
2025-03-12 17:00:00+00:00,7.5,50,-2.3,5,124.0,83.0,349.8,41.0,11.5,25.9,0.0,1002.3
2025-03-12 18:00:00+00:00,6.8,60,-0.4,12,0.0,0.0,0.0,0.0,11.2,24.8,0.0,1002.7
2025-03-12 19:00:00+00:00,6.4,64,0.1,83,0.0,0.0,0.0,0.0,9.4,20.5,0.0,1002.9
2025-03-12 20:00:00+00:00,5.9,68,0.5,78,0.0,0.0,0.0,0.0,8.3,17.6,0.0,1003.0
2025-03-12 21:00:00+00:00,4.6,80,1.5,32,0.0,0.0,0.0,0.0,11.5,25.2,0.0,1003.2
2025-03-12 22:00:00+00:00,4.7,77,1.0,81,0.0,0.0,0.0,0.0,12.6,27.4,0.0,1003.3
2025-03-12 23:00:00+00:00,4.2,81,1.2,34,0.0,0.0,0.0,0.0,12.2,26.6,0.0,1003.2
2025-03-13 00:00:00+00:00,4.2,81,1.3,84,0.0,0.0,0.0,0.0,11.2,24.5,0.0,1003.3
2025-03-13 01:00:00+00:00,3.6,82,0.8,23,0.0,0.0,0.0,0.0,13.0,28.1,0.0,1003.4
2025-03-13 02:00:00+00:00,3.0,84,0.6,23,0.0,0.0,0.0,0.0,11.9,25.6,0.0,1003.5
2025-03-13 03:00:00+00:00,3.1,81,0.1,38,0.0,0.0,0.0,0.0,14.4,31.3,0.0,1003.1
2025-03-13 04:00:00+00:00,2.8,82,0.1,41,0.0,0.0,0.0,0.0,16.9,36.4,0.0,1003.0
2025-03-13 05:00:00+00:00,2.7,84,0.2,46,0.0,0.0,0.0,0.0,13.3,28.8,0.0,1003.3
2025-03-13 06:00:00+00:00,2.9,83,0.3,59,0.0,0.0,0.0,0.0,11.2,24.1,0.0,1003.2
2025-03-13 07:00:00+00:00,3.0,83,0.4,92,13.0,0.0,0.0,13.0,9.4,20.2,0.0,1003.4
2025-03-13 08:00:00+00:00,3.8,81,0.9,89,95.0,29.0,177.1,66.0,11.2,24.1,0.0,1004.0
2025-03-13 09:00:00+00:00,4.8,79,1.5,100,81.0,0.0,0.0,81.0,10.4,23.0,0.0,1004.4
2025-03-13 10:00:00+00:00,6.0,63,-0.5,100,198.0,6.0,13.8,192.0,12.6,29.2,0.0,1004.2
2025-03-13 11:00:00+00:00,5.8,71,1.0,100,60.0,0.0,0.0,60.0,10.1,23.0,0.0,1004.1
2025-03-13 12:00:00+00:00,6.5,65,0.4,100,217.0,130.0,224.5,87.0,7.6,20.2,0.0,1004.2
2025-03-13 13:00:00+00:00,7.4,56,-0.8,100,212.0,0.0,0.0,212.0,13.7,32.0,0.0,1004.1
2025-03-13 14:00:00+00:00,7.6,55,-0.9,100,123.0,0.0,0.0,123.0,13.3,31.3,0.0,1004.2
2025-03-13 15:00:00+00:00,6.2,71,1.4,99,92.0,0.0,0.0,92.0,15.1,33.1,0.1,1004.5
2025-03-13 16:00:00+00:00,6.4,69,1.1,18,284.0,138.0,364.9,146.0,10.4,22.7,1.2,1004.6
2025-03-13 17:00:00+00:00,6.3,75,2.2,35,113.0,56.0,231.4,57.0,14.0,31.0,0.0,1005.2
2025-03-13 18:00:00+00:00,4.6,81,1.6,99,0.0,0.0,0.0,0.0,13.7,30.2,0.0,1005.8
2025-03-13 19:00:00+00:00,4.5,83,1.9,9,0.0,0.0,0.0,0.0,11.2,24.5,0.0,1006.3
2025-03-13 20:00:00+00:00,3.9,84,1.5,22,0.0,0.0,0.0,0.0,10.1,21.2,0.0,1006.9
2025-03-13 21:00:00+00:00,3.9,82,1.1,26,0.0,0.0,0.0,0.0,10.1,22.0,0.0,1007.0
2025-03-13 22:00:00+00:00,3.4,85,1.1,2,0.0,0.0,0.0,0.0,9.4,20.9,0.0,1007.3
2025-03-13 23:00:00+00:00,3.1,88,1.3,3,0.0,0.0,0.0,0.0,9.0,19.4,0.0,1007.4
2025-03-14 00:00:00+00:00,3.0,85,0.8,0,0.0,0.0,0.0,0.0,9.7,21.2,0.0,1007.2
2025-03-14 01:00:00+00:00,2.5,88,0.7,9,0.0,0.0,0.0,0.0,8.3,19.1,0.0,1007.3
2025-03-14 02:00:00+00:00,2.1,89,0.5,10,0.0,0.0,0.0,0.0,8.3,18.7,0.0,1007.3
2025-03-14 03:00:00+00:00,1.9,89,0.3,4,0.0,0.0,0.0,0.0,9.4,21.2,0.0,1007.1
2025-03-14 04:00:00+00:00,1.6,89,-0.0,2,0.0,0.0,0.0,0.0,10.1,22.0,0.0,1007.4
2025-03-14 05:00:00+00:00,1.2,89,-0.4,7,0.0,0.0,0.0,0.0,9.0,19.8,0.0,1007.8
2025-03-14 06:00:00+00:00,0.6,95,-0.1,91,0.0,0.0,0.0,0.0,8.3,18.7,0.0,1008.2
2025-03-14 07:00:00+00:00,0.2,98,-0.1,100,23.0,0.0,0.0,23.0,7.6,16.9,0.0,1008.7
2025-03-14 08:00:00+00:00,1.2,91,-0.1,90,118.0,25.0,147.2,93.0,4.0,10.4,0.0,1009.2
2025-03-14 09:00:00+00:00,2.8,84,0.4,32,299.0,177.0,558.0,122.0,6.1,13.7,0.0,1009.7
2025-03-14 10:00:00+00:00,5.1,72,0.4,13,441.0,330.0,748.8,111.0,5.8,15.5,0.0,1010.1
2025-03-14 11:00:00+00:00,6.4,58,-1.2,52,439.0,282.0,530.1,157.0,10.1,26.3,0.0,1010.6
2025-03-14 12:00:00+00:00,8.1,41,-4.4,13,598.0,507.0,867.0,91.0,13.7,34.6,0.0,1010.1
2025-03-14 13:00:00+00:00,8.6,39,-4.6,33,553.0,396.0,664.9,157.0,11.2,30.2,0.0,1010.4
2025-03-14 14:00:00+00:00,8.2,43,-3.6,55,428.0,250.0,443.5,178.0,13.3,32.8,0.0,1010.8
2025-03-14 15:00:00+00:00,5.5,74,1.3,68,287.0,115.0,234.1,172.0,3.2,12.2,0.0,1012.3
2025-03-14 16:00:00+00:00,7.8,49,-2.2,89,142.0,2.0,5.2,140.0,8.3,20.9,0.0,1012.4
2025-03-14 17:00:00+00:00,7.7,52,-1.6,100,32.0,12.0,48.6,20.0,9.0,21.2,0.0,1013.2
2025-03-14 18:00:00+00:00,7.3,58,-0.4,77,0.0,0.0,0.0,0.0,9.7,21.6,0.0,1014.0
2025-03-14 19:00:00+00:00,5.9,72,1.2,28,0.0,0.0,0.0,0.0,10.4,23.0,0.0,1015.1
2025-03-14 20:00:00+00:00,5.6,74,1.3,44,0.0,0.0,0.0,0.0,9.7,21.6,0.0,1015.9
2025-03-14 21:00:00+00:00,4.6,81,1.6,8,0.0,0.0,0.0,0.0,11.5,24.8,0.0,1016.6
2025-03-14 22:00:00+00:00,4.1,81,1.2,33,0.0,0.0,0.0,0.0,9.4,21.2,0.0,1017.3
2025-03-14 23:00:00+00:00,3.9,83,1.3,76,0.0,0.0,0.0,0.0,7.2,16.2,0.0,1017.9
2025-03-15 00:00:00+00:00,3.4,83,0.8,0,0.0,0.0,0.0,0.0,10.1,22.0,0.0,1018.2
2025-03-15 01:00:00+00:00,2.9,79,-0.4,13,0.0,0.0,0.0,0.0,11.2,24.5,0.0,1018.6
2025-03-15 02:00:00+00:00,2.7,78,-0.8,20,0.0,0.0,0.0,0.0,11.9,26.3,0.0,1018.9
2025-03-15 03:00:00+00:00,2.4,82,-0.4,33,0.0,0.0,0.0,0.0,11.2,24.5,0.0,1019.1
2025-03-15 04:00:00+00:00,2.4,80,-0.7,79,0.0,0.0,0.0,0.0,12.2,27.0,0.0,1019.4
2025-03-15 05:00:00+00:00,2.4,82,-0.3,85,0.0,0.0,0.0,0.0,10.4,23.0,0.0,1020.0
2025-03-15 06:00:00+00:00,2.2,86,0.1,65,0.0,0.0,0.0,0.0,10.8,24.1,0.0,1020.8
2025-03-15 07:00:00+00:00,2.0,88,0.2,38,32.0,13.0,200.2,19.0,13.7,29.2,0.0,1021.5
2025-03-15 08:00:00+00:00,3.0,86,0.9,80,111.0,9.0,51.1,102.0,16.2,35.6,0.0,1022.0
2025-03-15 09:00:00+00:00,4.2,79,0.9,95,118.0,16.0,49.5,102.0,13.7,30.2,0.0,1022.4
2025-03-15 10:00:00+00:00,5.2,66,-0.7,98,136.0,0.0,0.0,136.0,14.0,33.1,0.0,1022.6
2025-03-15 11:00:00+00:00,5.5,73,1.0,70,410.0,58.0,107.8,352.0,7.6,17.6,0.2,1022.5
2025-03-15 12:00:00+00:00,7.3,47,-3.3,99,262.0,6.0,10.2,256.0,16.9,39.2,0.0,1022.3
2025-03-15 13:00:00+00:00,8.5,35,-6.1,20,605.0,410.0,682.1,195.0,15.1,37.1,0.0,1022.0
2025-03-15 14:00:00+00:00,8.5,41,-4.0,100,208.0,0.0,0.0,208.0,14.8,35.6,0.0,1021.6
2025-03-15 15:00:00+00:00,9.4,33,-6.1,25,438.0,314.0,632.8,124.0,18.4,43.6,0.0,1021.2
2025-03-15 16:00:00+00:00,9.1,33,-6.3,5,313.0,240.0,618.6,73.0,17.6,40.7,0.0,1021.2
2025-03-15 17:00:00+00:00,8.6,34,-6.4,4,142.0,91.0,361.8,51.0,18.7,41.8,0.0,1021.6
2025-03-15 18:00:00+00:00,7.7,38,-5.7,0,0.0,0.0,0.0,0.0,14.0,31.3,0.0,1022.3
2025-03-15 19:00:00+00:00,6.7,41,-5.6,0,0.0,0.0,0.0,0.0,14.4,32.0,0.0,1022.8
2025-03-15 20:00:00+00:00,5.4,52,-3.7,4,0.0,0.0,0.0,0.0,10.8,25.6,0.0,1023.5
2025-03-15 21:00:00+00:00,3.9,62,-2.7,0,0.0,0.0,0.0,0.0,9.0,20.9,0.0,1024.3
2025-03-15 22:00:00+00:00,3.2,67,-2.4,0,0.0,0.0,0.0,0.0,7.6,18.0,0.0,1024.7
2025-03-15 23:00:00+00:00,2.8,67,-2.7,0,0.0,0.0,0.0,0.0,8.6,19.8,0.0,1024.6
2025-03-16 00:00:00+00:00,2.3,68,-3.0,0,0.0,0.0,0.0,0.0,11.5,25.2,0.0,1024.2
2025-03-16 01:00:00+00:00,1.9,71,-2.8,0,0.0,0.0,0.0,0.0,13.0,29.2,0.0,1024.1
2025-03-16 02:00:00+00:00,1.5,73,-2.8,0,0.0,0.0,0.0,0.0,13.0,28.8,0.0,1024.0
2025-03-16 03:00:00+00:00,1.3,75,-2.7,0,0.0,0.0,0.0,0.0,12.2,26.6,0.0,1024.0
2025-03-16 04:00:00+00:00,1.0,76,-2.8,0,0.0,0.0,0.0,0.0,13.0,29.2,0.0,1024.0
2025-03-16 05:00:00+00:00,0.7,77,-2.9,0,0.0,0.0,0.0,0.0,13.0,28.8,0.0,1024.3
2025-03-16 06:00:00+00:00,0.3,79,-2.9,0,0.0,0.0,0.0,0.0,13.7,29.9,0.0,1024.5
2025-03-16 07:00:00+00:00,0.4,79,-2.8,0,38.0,16.0,235.1,22.0,13.0,28.1,0.0,1025.0
2025-03-16 08:00:00+00:00,1.5,73,-2.8,5,174.0,113.0,620.1,61.0,14.8,32.4,0.0,1025.2
2025-03-16 09:00:00+00:00,3.7,66,-2.1,0,337.0,251.0,761.9,86.0,16.2,36.0,0.0,1025.4
2025-03-16 10:00:00+00:00,5.9,55,-2.4,0,476.0,378.0,835.0,98.0,17.3,39.2,0.0,1025.4
2025-03-16 11:00:00+00:00,7.3,47,-3.3,17,558.0,449.0,825.9,109.0,16.6,38.9,0.0,1025.4
2025-03-16 12:00:00+00:00,8.3,42,-3.8,48,579.0,408.0,684.4,171.0,15.5,37.8,0.0,1025.1
2025-03-16 13:00:00+00:00,9.1,40,-3.8,33,580.0,410.0,676.0,170.0,16.6,40.7,0.0,1024.7
2025-03-16 14:00:00+00:00,9.6,38,-4.0,53,505.0,301.0,524.2,204.0,15.8,38.9,0.0,1024.5
2025-03-16 15:00:00+00:00,9.9,36,-4.5,3,463.0,383.0,764.0,80.0,15.8,38.2,0.0,1024.8
2025-03-16 16:00:00+00:00,9.9,39,-3.4,49,272.0,160.0,407.3,112.0,16.6,38.9,0.0,1024.8
2025-03-16 17:00:00+00:00,9.7,46,-1.3,27,128.0,68.0,265.4,60.0,14.8,34.6,0.0,1025.0
2025-03-16 18:00:00+00:00,9.2,50,-0.7,98,0.0,0.0,0.0,0.0,10.4,24.5,0.0,1025.6
2025-03-16 19:00:00+00:00,8.1,57,0.1,92,0.0,0.0,0.0,0.0,10.4,24.5,0.0,1026.6
2025-03-16 20:00:00+00:00,8.0,63,1.4,100,0.0,0.0,0.0,0.0,8.6,20.5,0.0,1027.2
2025-03-16 21:00:00+00:00,5.7,67,0.0,80,0.0,0.0,0.0,0.0,7.6,17.3,0.0,1027.8
2025-03-16 22:00:00+00:00,5.9,68,0.4,100,0.0,0.0,0.0,0.0,7.9,18.0,0.0,1027.9
2025-03-16 23:00:00+00:00,6.0,70,1.0,100,0.0,0.0,0.0,0.0,7.6,18.0,0.0,1027.9
2025-03-17 00:00:00+00:00,5.1,72,0.4,98,0.0,0.0,0.0,0.0,6.8,15.5,0.0,1027.7
2025-03-17 01:00:00+00:00,5.4,75,1.4,100,0.0,0.0,0.0,0.0,6.5,14.0,0.0,1027.7
2025-03-17 02:00:00+00:00,5.5,83,2.9,84,0.0,0.0,0.0,0.0,11.2,25.6,0.0,1027.4
2025-03-17 03:00:00+00:00,5.7,85,3.4,100,0.0,0.0,0.0,0.0,12.2,27.0,0.0,1027.5
2025-03-17 04:00:00+00:00,6.0,83,3.3,100,0.0,0.0,0.0,0.0,13.7,31.0,0.0,1027.7
2025-03-17 05:00:00+00:00,5.8,79,2.4,100,0.0,0.0,0.0,0.0,15.8,35.6,0.0,1027.8
2025-03-17 06:00:00+00:00,6.0,80,2.8,98,0.0,0.0,0.0,0.0,14.4,32.8,0.0,1027.5
2025-03-17 07:00:00+00:00,5.7,80,2.5,100,17.0,0.0,0.0,17.0,15.8,35.6,0.0,1027.9
2025-03-17 08:00:00+00:00,6.0,76,2.1,100,88.0,1.0,5.3,87.0,17.3,39.2,0.0,1028.3
2025-03-17 09:00:00+00:00,7.0,70,1.9,99,180.0,13.0,38.7,167.0,18.4,42.5,0.0,1028.6
2025-03-17 10:00:00+00:00,7.8,63,1.2,86,344.0,102.0,222.4,242.0,18.0,41.0,0.0,1028.5
2025-03-17 11:00:00+00:00,9.2,55,0.6,56,452.0,250.0,454.9,202.0,16.6,39.2,0.0,1028.3
2025-03-17 12:00:00+00:00,9.7,50,-0.2,39,544.0,414.0,687.9,130.0,14.0,35.3,0.0,1028.0
2025-03-17 13:00:00+00:00,9.4,55,0.8,91,341.0,58.0,94.8,283.0,18.0,42.8,0.0,1027.9
2025-03-17 14:00:00+00:00,9.4,54,0.5,99,229.0,1.0,1.7,228.0,16.2,38.5,0.0,1027.4
2025-03-17 15:00:00+00:00,9.7,51,0.0,100,207.0,0.0,0.0,207.0,15.8,39.2,0.0,1026.5
2025-03-17 16:00:00+00:00,8.5,63,1.8,84,186.0,9.0,22.6,177.0,14.0,33.1,0.0,1026.6
2025-03-17 17:00:00+00:00,8.5,54,-0.3,70,103.0,16.0,61.3,87.0,16.9,39.2,0.0,1026.8
2025-03-17 18:00:00+00:00,7.9,58,0.2,57,1.0,0.0,0.0,1.0,15.8,37.4,0.0,1026.5
2025-03-17 19:00:00+00:00,7.3,61,0.3,18,0.0,0.0,0.0,0.0,14.0,32.4,0.0,1026.6
2025-03-17 20:00:00+00:00,6.6,65,0.5,12,0.0,0.0,0.0,0.0,15.5,35.3,0.0,1026.5
2025-03-17 21:00:00+00:00,5.7,69,0.5,7,0.0,0.0,0.0,0.0,17.3,39.2,0.0,1026.5
2025-03-17 22:00:00+00:00,5.3,76,1.4,27,0.0,0.0,0.0,0.0,16.6,37.4,0.0,1026.3
2025-03-17 23:00:00+00:00,5.1,78,1.6,41,0.0,0.0,0.0,0.0,15.8,36.0,0.0,1025.9
2025-03-18 00:00:00+00:00,5.6,76,1.7,73,0.0,0.0,0.0,0.0,14.8,33.8,0.0,1025.5
2025-03-18 01:00:00+00:00,5.2,76,1.3,5,0.0,0.0,0.0,0.0,14.8,34.2,0.0,1024.9
2025-03-18 02:00:00+00:00,4.9,77,1.2,32,0.0,0.0,0.0,0.0,15.8,37.1,0.0,1024.4
2025-03-18 03:00:00+00:00,4.5,76,0.6,0,0.0,0.0,0.0,0.0,15.8,37.1,0.0,1023.6
2025-03-18 04:00:00+00:00,4.1,76,0.3,0,0.0,0.0,0.0,0.0,14.8,34.6,0.0,1023.3
2025-03-18 05:00:00+00:00,3.9,79,0.6,0,0.0,0.0,0.0,0.0,14.0,32.8,0.0,1023.4
2025-03-18 06:00:00+00:00,3.7,80,0.5,0,0.0,0.0,0.0,0.0,13.3,30.6,0.0,1023.5
2025-03-18 07:00:00+00:00,3.6,77,-0.0,0,44.0,19.0,255.6,25.0,13.0,30.2,0.0,1023.8
2025-03-18 08:00:00+00:00,4.6,68,-0.8,0,188.0,124.0,637.0,64.0,15.1,34.6,0.0,1023.7
2025-03-18 09:00:00+00:00,5.8,62,-0.9,0,349.0,263.0,769.7,86.0,18.4,42.5,0.0,1024.2
2025-03-18 10:00:00+00:00,7.4,54,-1.3,0,489.0,390.0,839.2,99.0,20.2,47.2,0.0,1023.9
2025-03-18 11:00:00+00:00,8.4,45,-2.8,0,592.0,488.0,878.7,104.0,19.4,45.4,0.0,1023.5
2025-03-18 12:00:00+00:00,9.4,36,-4.9,0,648.0,545.0,897.2,103.0,20.2,46.8,0.0,1022.8
2025-03-18 13:00:00+00:00,10.4,31,-6.0,0,648.0,550.0,890.8,98.0,18.7,43.6,0.0,1021.8
2025-03-18 14:00:00+00:00,10.7,35,-4.1,0,590.0,500.0,855.3,90.0,17.6,41.8,0.0,1021.3
2025-03-18 15:00:00+00:00,10.1,40,-2.9,0,483.0,403.0,788.2,80.0,20.5,46.1,0.0,1021.1
2025-03-18 16:00:00+00:00,9.4,42,-2.9,0,333.0,266.0,660.9,67.0,20.2,46.4,0.0,1021.0
2025-03-18 17:00:00+00:00,8.8,42,-3.4,0,159.0,111.0,417.9,48.0,19.4,44.6,0.0,1021.0
2025-03-18 18:00:00+00:00,8.1,44,-3.4,0,2.0,0.0,0.0,2.0,16.2,37.8,0.0,1020.8
2025-03-18 19:00:00+00:00,7.3,51,-2.2,0,0.0,0.0,0.0,0.0,13.7,31.3,0.0,1020.8
2025-03-18 20:00:00+00:00,6.5,57,-1.4,0,0.0,0.0,0.0,0.0,13.7,31.7,0.0,1020.9
2025-03-18 21:00:00+00:00,6.5,58,-1.2,0,0.0,0.0,0.0,0.0,11.2,26.3,0.0,1020.9
2025-03-18 22:00:00+00:00,6.0,62,-0.7,0,0.0,0.0,0.0,0.0,9.7,22.7,0.0,1020.9
2025-03-18 23:00:00+00:00,5.6,66,-0.2,0,0.0,0.0,0.0,0.0,8.3,19.8,0.0,1020.7
2025-03-19 00:00:00+00:00,5.6,71,0.7,0,0.0,0.0,0.0,0.0,8.6,20.2,0.0,1020.2
2025-03-19 01:00:00+00:00,5.4,75,1.3,0,0.0,0.0,0.0,0.0,7.6,17.6,0.0,1020.0
2025-03-19 02:00:00+00:00,5.0,79,1.6,0,0.0,0.0,0.0,0.0,5.8,13.3,0.0,1019.9
2025-03-19 03:00:00+00:00,4.3,79,1.0,20,0.0,0.0,0.0,0.0,6.5,14.0,0.0,1019.9
2025-03-19 04:00:00+00:00,4.3,79,1.0,13,0.0,0.0,0.0,0.0,6.5,14.4,0.0,1019.9
2025-03-19 05:00:00+00:00,4.2,80,1.1,40,0.0,0.0,0.0,0.0,6.1,13.7,0.0,1020.0
2025-03-19 06:00:00+00:00,3.7,81,0.8,2,0.0,0.0,0.0,0.0,7.2,16.6,0.0,1020.3
2025-03-19 07:00:00+00:00,4.5,80,1.3,0,44.0,19.0,245.3,25.0,6.8,15.8,0.0,1020.4
2025-03-19 08:00:00+00:00,6.3,81,3.3,1,183.0,120.0,597.4,63.0,7.6,16.9,0.0,1020.7
2025-03-19 09:00:00+00:00,8.7,81,5.6,59,298.0,195.0,560.6,103.0,9.4,21.2,0.0,1021.0
2025-03-19 10:00:00+00:00,10.5,76,6.5,47,423.0,289.0,614.0,134.0,15.5,34.6,0.0,1021.1
2025-03-19 11:00:00+00:00,11.5,72,6.7,74,469.0,198.0,352.8,271.0,14.8,33.8,0.0,1020.9
2025-03-19 12:00:00+00:00,12.6,66,6.4,56,513.0,287.0,468.2,226.0,14.4,33.1,0.0,1020.7
2025-03-19 13:00:00+00:00,12.9,65,6.5,70,472.0,232.0,372.5,240.0,14.0,32.0,0.0,1020.4
2025-03-19 14:00:00+00:00,12.7,66,6.5,85,425.0,152.0,257.7,273.0,15.5,34.2,0.0,1020.2
2025-03-19 15:00:00+00:00,11.8,66,5.6,95,264.0,62.0,120.1,202.0,16.6,37.4,0.0,1020.4
2025-03-19 16:00:00+00:00,11.5,66,5.4,78,206.0,82.0,201.3,124.0,11.5,26.3,0.0,1020.2
2025-03-19 17:00:00+00:00,11.3,67,5.4,98,68.0,3.0,11.1,65.0,10.1,23.0,0.0,1020.2
2025-03-19 18:00:00+00:00,10.9,74,6.5,90,3.0,0.0,0.0,3.0,10.1,22.3,0.0,1020.3
2025-03-19 19:00:00+00:00,10.5,77,6.7,86,0.0,0.0,0.0,0.0,6.8,16.2,0.0,1020.5
2025-03-19 20:00:00+00:00,10.3,79,6.8,73,0.0,0.0,0.0,0.0,6.1,14.4,0.0,1020.9
2025-03-19 21:00:00+00:00,10.4,77,6.6,82,0.0,0.0,0.0,0.0,6.5,15.5,0.0,1021.4
2025-03-19 22:00:00+00:00,10.4,77,6.5,97,0.0,0.0,0.0,0.0,5.8,13.7,0.0,1021.5
2025-03-19 23:00:00+00:00,10.0,78,6.3,62,0.0,0.0,0.0,0.0,6.8,16.2,0.0,1021.3
2025-03-20 00:00:00+00:00,9.3,79,5.9,13,0.0,0.0,0.0,0.0,6.1,14.0,0.0,1021.3
2025-03-20 01:00:00+00:00,9.3,81,6.2,75,0.0,0.0,0.0,0.0,6.5,14.8,0.0,1021.1
2025-03-20 02:00:00+00:00,9.4,82,6.5,95,0.0,0.0,0.0,0.0,5.8,13.3,0.0,1021.0
2025-03-20 03:00:00+00:00,9.0,86,6.8,87,0.0,0.0,0.0,0.0,5.4,13.0,0.0,1020.5
2025-03-20 04:00:00+00:00,8.7,89,7.0,93,0.0,0.0,0.0,0.0,3.2,7.2,0.0,1020.4
2025-03-20 05:00:00+00:00,8.6,89,6.9,55,0.0,0.0,0.0,0.0,5.4,12.6,0.0,1020.2
2025-03-20 06:00:00+00:00,7.4,90,5.9,18,1.0,0.0,0.0,1.0,5.0,11.5,0.0,1020.6
2025-03-20 07:00:00+00:00,8.1,90,6.6,17,43.0,17.0,210.9,26.0,5.4,11.9,0.0,1020.7
2025-03-20 08:00:00+00:00,9.7,85,7.3,3,187.0,122.0,589.2,65.0,7.6,17.3,0.0,1020.7
2025-03-20 09:00:00+00:00,11.4,81,8.3,5,342.0,255.0,720.5,87.0,10.1,23.0,0.0,1020.9
2025-03-20 10:00:00+00:00,12.4,76,8.3,2,477.0,379.0,795.1,98.0,13.3,29.9,0.0,1020.9
2025-03-20 11:00:00+00:00,13.2,71,8.0,6,574.0,472.0,832.6,102.0,14.4,32.8,0.0,1020.6
2025-03-20 12:00:00+00:00,14.4,66,8.2,9,624.0,522.0,843.9,102.0,14.8,33.8,0.0,1020.2
2025-03-20 13:00:00+00:00,14.6,63,7.6,5,623.0,526.0,837.4,97.0,14.8,33.8,0.0,1019.7
2025-03-20 14:00:00+00:00,14.8,61,7.4,3,569.0,479.0,805.2,90.0,14.0,32.0,0.0,1019.0
2025-03-20 15:00:00+00:00,14.0,61,6.6,11,466.0,386.0,740.6,80.0,16.6,37.1,0.0,1018.2
2025-03-20 16:00:00+00:00,14.6,59,6.7,9,324.0,256.0,621.3,68.0,12.2,27.7,0.0,1017.4
2025-03-20 17:00:00+00:00,15.1,59,7.1,8,157.0,108.0,392.8,49.0,12.2,29.2,0.0,1016.9
2025-03-20 18:00:00+00:00,14.2,63,7.2,0,5.0,0.0,0.0,5.0,11.2,25.6,0.0,1016.3
2025-03-20 19:00:00+00:00,13.3,67,7.3,18,0.0,0.0,0.0,0.0,9.7,22.7,0.0,1016.1
2025-03-20 20:00:00+00:00,12.7,69,7.1,82,0.0,0.0,0.0,0.0,10.4,24.5,0.0,1016.1
2025-03-20 21:00:00+00:00,12.1,72,7.2,100,0.0,0.0,0.0,0.0,11.9,27.0,0.0,1015.5
2025-03-20 22:00:00+00:00,11.9,73,7.2,90,0.0,0.0,0.0,0.0,13.0,29.9,0.0,1015.0
2025-03-20 23:00:00+00:00,11.6,75,7.3,98,0.0,0.0,0.0,0.0,11.9,27.7,0.0,1014.1
2025-03-21 00:00:00+00:00,11.3,78,7.6,100,0.0,0.0,0.0,0.0,11.5,26.3,0.0,1013.4
2025-03-21 01:00:00+00:00,11.4,79,7.9,100,0.0,0.0,0.0,0.0,14.0,32.8,0.0,1012.5
2025-03-21 02:00:00+00:00,11.4,78,7.7,100,0.0,0.0,0.0,0.0,13.7,31.3,0.0,1011.4
2025-03-21 03:00:00+00:00,11.1,78,7.4,99,0.0,0.0,0.0,0.0,15.1,34.6,0.0,1010.5
2025-03-21 04:00:00+00:00,10.8,79,7.3,100,0.0,0.0,0.0,0.0,13.3,30.6,0.0,1009.9
2025-03-21 05:00:00+00:00,10.6,79,7.1,98,0.0,0.0,0.0,0.0,14.8,33.5,0.0,1009.7
2025-03-21 06:00:00+00:00,10.2,84,7.6,89,2.0,0.0,0.0,2.0,14.4,33.5,0.0,1009.2
2025-03-21 07:00:00+00:00,10.7,82,7.7,98,26.0,6.0,71.7,20.0,15.5,35.6,0.0,1008.5
2025-03-21 08:00:00+00:00,11.2,81,8.1,99,99.0,0.0,0.0,99.0,15.5,35.3,0.0,1008.2
2025-03-21 09:00:00+00:00,12.7,74,8.2,63,320.0,199.0,552.8,121.0,18.7,42.8,0.0,1006.7
2025-03-21 10:00:00+00:00,13.5,70,8.2,84,411.0,236.0,489.0,175.0,22.7,51.5,0.0,1006.6
2025-03-21 11:00:00+00:00,13.6,68,7.8,100,204.0,10.0,17.5,194.0,22.7,51.1,0.0,1005.7
2025-03-21 12:00:00+00:00,13.7,67,7.7,100,401.0,113.0,181.1,288.0,23.0,52.9,0.0,1005.3
2025-03-21 13:00:00+00:00,13.6,69,8.0,100,296.0,21.0,33.2,275.0,21.6,49.0,0.0,1004.1
2025-03-21 14:00:00+00:00,13.3,70,8.0,100,188.0,4.0,6.7,184.0,17.6,39.6,0.0,1003.2
2025-03-21 15:00:00+00:00,13.1,72,8.2,100,116.0,2.0,3.8,114.0,20.9,47.2,0.0,1003.3
2025-03-21 16:00:00+00:00,12.5,81,9.3,100,43.0,0.0,0.0,43.0,18.4,41.4,0.3,1003.0
2025-03-21 17:00:00+00:00,11.9,89,10.2,100,28.0,0.0,0.0,28.0,13.7,31.7,1.0,1002.6
2025-03-21 18:00:00+00:00,11.3,93,10.2,100,0.0,0.0,0.0,0.0,16.6,37.4,2.3,1000.5
2025-03-21 19:00:00+00:00,11.6,94,10.7,100,0.0,0.0,0.0,0.0,13.3,29.5,3.3,1000.1
2025-03-21 20:00:00+00:00,11.3,97,10.9,100,0.0,0.0,0.0,0.0,13.3,29.9,1.3,999.6
2025-03-21 21:00:00+00:00,11.4,96,10.8,100,0.0,0.0,0.0,0.0,11.9,27.4,0.4,1000.2
2025-03-21 22:00:00+00:00,11.1,96,10.5,100,0.0,0.0,0.0,0.0,10.1,22.7,0.7,999.5
2025-03-21 23:00:00+00:00,11.0,96,10.4,100,0.0,0.0,0.0,0.0,10.4,23.8,0.0,999.1
2025-03-22 00:00:00+00:00,11.0,96,10.4,100,0.0,0.0,0.0,0.0,10.1,22.7,0.0,998.3
2025-03-22 01:00:00+00:00,10.8,97,10.3,100,0.0,0.0,0.0,0.0,10.1,23.0,0.0,998.3
2025-03-22 02:00:00+00:00,10.8,96,10.2,100,0.0,0.0,0.0,0.0,7.6,16.6,0.1,998.1
2025-03-22 03:00:00+00:00,10.3,94,9.4,100,0.0,0.0,0.0,0.0,5.8,13.0,0.0,999.1
2025-03-22 04:00:00+00:00,10.4,93,9.3,98,0.0,0.0,0.0,0.0,6.8,15.8,0.0,999.0
2025-03-22 05:00:00+00:00,10.3,93,9.2,99,0.0,0.0,0.0,0.0,9.4,22.0,0.0,999.2
2025-03-22 06:00:00+00:00,10.3,94,9.4,100,2.0,0.0,0.0,2.0,11.5,26.6,0.0,999.2
2025-03-22 07:00:00+00:00,10.4,93,9.3,100,20.0,0.0,0.0,20.0,11.9,27.0,0.0,999.5
2025-03-22 08:00:00+00:00,10.8,91,9.4,97,95.0,15.0,68.4,80.0,12.6,28.4,0.0,999.5
2025-03-22 09:00:00+00:00,11.1,89,9.3,90,195.0,38.0,103.8,157.0,15.5,34.9,0.0,999.5
2025-03-22 10:00:00+00:00,11.7,86,9.4,94,197.0,43.0,88.0,154.0,13.7,31.3,0.0,999.8
2025-03-22 11:00:00+00:00,11.7,86,9.4,96,212.0,54.0,93.4,158.0,14.8,33.5,0.0,999.9
2025-03-22 12:00:00+00:00,11.2,91,9.8,100,101.0,0.0,0.0,101.0,12.2,28.4,1.1,999.9
2025-03-22 13:00:00+00:00,11.5,90,9.9,100,157.0,1.0,1.6,156.0,12.6,28.8,0.3,999.4
2025-03-22 14:00:00+00:00,11.7,92,10.4,100,90.0,0.0,0.0,90.0,10.1,22.7,0.0,998.9
2025-03-22 15:00:00+00:00,11.7,91,10.3,100,90.0,1.0,1.9,89.0,11.2,25.6,0.0,998.7
2025-03-22 16:00:00+00:00,12.5,88,10.5,98,159.0,16.0,38.0,143.0,8.3,18.4,0.0,998.0
2025-03-22 17:00:00+00:00,12.9,87,10.8,95,69.0,9.0,31.7,60.0,9.0,20.2,0.0,998.2
2025-03-22 18:00:00+00:00,12.3,88,10.4,88,4.0,0.0,0.0,4.0,10.4,23.8,0.0,999.0
2025-03-22 19:00:00+00:00,12.2,88,10.2,100,0.0,0.0,0.0,0.0,11.2,25.6,0.0,999.2
2025-03-22 20:00:00+00:00,11.9,88,10.0,83,0.0,0.0,0.0,0.0,10.8,24.8,0.0,999.2
2025-03-22 21:00:00+00:00,11.6,91,10.2,97,0.0,0.0,0.0,0.0,8.6,19.8,0.0,999.6
2025-03-22 22:00:00+00:00,11.6,91,10.2,100,0.0,0.0,0.0,0.0,5.0,11.5,0.0,999.6
2025-03-22 23:00:00+00:00,11.5,90,9.9,96,0.0,0.0,0.0,0.0,3.2,7.6,0.0,999.6
2025-03-23 00:00:00+00:00,11.3,94,10.4,79,0.0,0.0,0.0,0.0,5.8,13.3,0.0,999.6
2025-03-23 01:00:00+00:00,11.1,94,10.2,88,0.0,0.0,0.0,0.0,4.7,11.2,0.0,999.4
2025-03-23 02:00:00+00:00,11.3,92,10.0,89,0.0,0.0,0.0,0.0,6.5,15.1,0.0,999.6
2025-03-23 03:00:00+00:00,11.2,93,10.1,95,0.0,0.0,0.0,0.0,5.4,12.2,0.0,999.3
2025-03-23 04:00:00+00:00,11.2,93,10.1,98,0.0,0.0,0.0,0.0,6.5,14.0,0.0,999.2
2025-03-23 05:00:00+00:00,11.1,95,10.4,81,0.0,0.0,0.0,0.0,6.8,15.5,0.0,999.7
2025-03-23 06:00:00+00:00,11.3,93,10.2,91,2.0,0.0,0.0,2.0,8.3,18.7,0.0,1000.4
2025-03-23 07:00:00+00:00,11.4,92,10.1,99,17.0,0.0,0.0,17.0,8.6,19.4,0.0,1001.1
2025-03-23 08:00:00+00:00,12.0,89,10.3,83,125.0,34.0,150.8,91.0,10.4,23.8,0.0,1001.6
2025-03-23 09:00:00+00:00,12.6,82,9.6,85,197.0,26.0,69.9,171.0,9.4,20.9,0.0,1001.7
2025-03-23 10:00:00+00:00,13.3,75,9.0,97,211.0,27.0,54.6,184.0,10.4,24.8,0.0,1002.0
2025-03-23 11:00:00+00:00,13.8,71,8.7,94,232.0,20.0,34.2,212.0,9.4,22.0,0.0,1002.3
2025-03-23 12:00:00+00:00,14.7,63,7.7,89,304.0,55.0,86.6,249.0,6.5,18.4,0.0,1002.3
2025-03-23 13:00:00+00:00,15.2,61,7.8,93,247.0,53.0,82.3,194.0,7.2,20.2,0.0,1002.4
2025-03-23 14:00:00+00:00,15.9,56,7.2,31,511.0,349.0,572.1,162.0,6.8,20.9,0.0,1002.5
2025-03-23 15:00:00+00:00,15.2,67,9.1,84,248.0,56.0,104.5,192.0,11.2,25.6,0.0,1003.3
2025-03-23 16:00:00+00:00,14.9,70,9.5,85,168.0,23.0,54.0,145.0,11.5,25.2,0.0,1003.7
2025-03-23 17:00:00+00:00,15.0,71,9.8,94,42.0,4.0,13.9,38.0,13.0,27.7,0.0,1004.4
2025-03-23 18:00:00+00:00,13.0,85,10.6,100,2.0,0.0,0.0,2.0,4.7,11.2,1.7,1005.8
2025-03-23 19:00:00+00:00,12.6,90,11.0,95,0.0,0.0,0.0,0.0,9.4,20.9,0.0,1006.7
2025-03-23 20:00:00+00:00,12.5,91,11.0,100,0.0,0.0,0.0,0.0,10.4,23.8,0.0,1007.5
2025-03-23 21:00:00+00:00,12.3,90,10.7,100,0.0,0.0,0.0,0.0,13.7,29.9,0.0,1008.4
2025-03-23 22:00:00+00:00,11.8,90,10.2,98,0.0,0.0,0.0,0.0,13.7,30.2,0.0,1009.1
2025-03-23 23:00:00+00:00,11.1,88,9.2,95,0.0,0.0,0.0,0.0,14.4,31.7,0.1,1009.9
2025-03-24 00:00:00+00:00,11.0,86,8.8,97,0.0,0.0,0.0,0.0,14.8,32.8,0.0,1010.5
2025-03-24 01:00:00+00:00,10.6,87,8.6,99,0.0,0.0,0.0,0.0,14.8,32.8,0.0,1011.2
2025-03-24 02:00:00+00:00,10.1,88,8.2,100,0.0,0.0,0.0,0.0,15.5,33.8,0.0,1011.6
2025-03-24 03:00:00+00:00,9.4,90,7.9,85,0.0,0.0,0.0,0.0,17.3,38.2,0.0,1012.0
2025-03-24 04:00:00+00:00,8.9,90,7.4,93,0.0,0.0,0.0,0.0,16.6,36.4,0.0,1012.6
2025-03-24 05:00:00+00:00,8.8,90,7.2,92,0.0,0.0,0.0,0.0,15.1,33.5,0.0,1013.5
2025-03-24 06:00:00+00:00,8.4,88,6.6,100,2.0,0.0,0.0,2.0,13.0,28.4,0.0,1014.9
2025-03-24 07:00:00+00:00,8.3,86,6.1,97,22.0,1.0,10.8,21.0,14.8,32.0,0.0,1015.9
2025-03-24 08:00:00+00:00,8.6,85,6.2,93,104.0,11.0,47.5,93.0,14.0,31.7,0.0,1016.6
2025-03-24 09:00:00+00:00,9.2,83,6.4,98,161.0,5.0,13.2,156.0,12.2,27.4,0.0,1017.2
2025-03-24 10:00:00+00:00,9.8,80,6.5,99,176.0,6.0,12.0,170.0,11.9,26.3,0.0,1017.9
2025-03-24 11:00:00+00:00,10.1,79,6.6,98,189.0,7.0,11.9,182.0,11.5,25.9,0.0,1018.3
2025-03-24 12:00:00+00:00,11.5,72,6.6,84,403.0,119.0,185.8,284.0,10.4,24.8,0.0,1018.4
2025-03-24 13:00:00+00:00,12.1,70,6.8,77,424.0,153.0,235.7,271.0,10.1,24.1,0.0,1018.7
2025-03-24 14:00:00+00:00,13.3,66,7.1,73,409.0,158.0,256.9,251.0,9.4,23.4,0.0,1018.7
2025-03-24 15:00:00+00:00,14.7,58,6.5,51,397.0,208.0,384.8,189.0,6.5,19.1,0.0,1018.6
2025-03-24 16:00:00+00:00,14.9,57,6.4,45,286.0,162.0,376.1,124.0,7.9,20.5,0.0,1018.7
2025-03-24 17:00:00+00:00,14.6,58,6.4,29,159.0,90.0,306.9,69.0,8.3,20.2,0.0,1019.0
2025-03-24 18:00:00+00:00,13.5,64,6.8,24,14.0,3.0,21.8,11.0,7.2,17.6,0.0,1019.5
2025-03-24 19:00:00+00:00,12.6,69,7.0,13,0.0,0.0,0.0,0.0,7.2,16.6,0.0,1020.2
2025-03-24 20:00:00+00:00,11.7,73,7.0,13,0.0,0.0,0.0,0.0,5.8,13.0,0.0,1020.8
2025-03-24 21:00:00+00:00,10.0,82,7.1,21,0.0,0.0,0.0,0.0,1.4,4.3,0.0,1021.7
2025-03-24 22:00:00+00:00,9.8,83,7.0,13,0.0,0.0,0.0,0.0,4.3,9.7,0.0,1021.9
2025-03-24 23:00:00+00:00,9.3,86,7.1,9,0.0,0.0,0.0,0.0,5.8,13.0,0.0,1022.1
2025-03-25 00:00:00+00:00,8.8,90,7.2,22,0.0,0.0,0.0,0.0,6.5,14.8,0.0,1022.3
2025-03-25 01:00:00+00:00,8.4,88,6.5,16,0.0,0.0,0.0,0.0,6.8,16.2,0.0,1022.4
2025-03-25 02:00:00+00:00,7.6,89,5.9,13,0.0,0.0,0.0,0.0,5.0,12.2,0.0,1022.1
2025-03-25 03:00:00+00:00,7.5,89,5.8,12,0.0,0.0,0.0,0.0,6.8,16.2,0.0,1021.5
2025-03-25 04:00:00+00:00,7.1,88,5.2,25,0.0,0.0,0.0,0.0,8.3,18.7,0.0,1021.4
2025-03-25 05:00:00+00:00,6.3,95,5.5,100,0.0,0.0,0.0,0.0,9.0,20.9,0.0,1021.7
2025-03-25 06:00:00+00:00,6.4,92,5.2,95,7.0,0.0,0.0,7.0,9.7,22.0,0.0,1022.0
2025-03-25 07:00:00+00:00,6.8,88,4.9,35,59.0,26.0,270.7,33.0,7.9,18.0,0.0,1022.3
2025-03-25 08:00:00+00:00,7.5,83,4.8,75,190.0,73.0,307.2,117.0,6.8,15.8,0.0,1022.5
2025-03-25 09:00:00+00:00,9.3,79,5.9,28,369.0,263.0,685.1,106.0,8.3,19.8,0.0,1023.1
2025-03-25 10:00:00+00:00,11.4,73,6.8,46,470.0,316.0,624.7,154.0,9.0,22.3,0.0,1023.2
2025-03-25 11:00:00+00:00,13.1,66,6.9,66,509.0,273.0,458.7,236.0,10.8,26.3,0.0,1023.0
2025-03-25 12:00:00+00:00,13.8,64,7.1,98,380.0,53.0,82.1,327.0,10.4,25.9,0.0,1022.9
2025-03-25 13:00:00+00:00,13.2,67,7.2,100,141.0,0.0,0.0,141.0,11.9,28.1,0.0,1022.9
2025-03-25 14:00:00+00:00,13.9,69,8.3,97,223.0,30.0,48.4,193.0,7.2,18.7,0.0,1022.7
2025-03-25 15:00:00+00:00,14.5,65,8.0,91,244.0,51.0,93.5,193.0,9.4,22.3,0.0,1022.5
2025-03-25 16:00:00+00:00,14.4,68,8.6,95,122.0,16.0,36.8,106.0,10.4,23.8,0.0,1022.6
2025-03-25 17:00:00+00:00,14.2,71,9.0,100,37.0,0.0,0.0,37.0,7.2,16.6,0.0,1022.9
2025-03-25 18:00:00+00:00,13.3,76,9.2,98,9.0,0.0,0.0,9.0,5.0,12.6,0.0,1023.0
2025-03-25 19:00:00+00:00,13.0,79,9.5,95,0.0,0.0,0.0,0.0,4.7,11.2,0.0,1023.4
2025-03-25 20:00:00+00:00,12.9,80,9.5,100,0.0,0.0,0.0,0.0,5.8,13.7,0.0,1023.9
2025-03-25 21:00:00+00:00,12.1,85,9.6,91,0.0,0.0,0.0,0.0,4.0,9.7,0.0,1024.4
2025-03-25 22:00:00+00:00,12.0,86,9.8,100,0.0,0.0,0.0,0.0,5.0,12.2,0.0,1024.5
2025-03-25 23:00:00+00:00,11.8,86,9.6,100,0.0,0.0,0.0,0.0,5.8,13.3,0.0,1024.5
2025-03-26 00:00:00+00:00,11.7,83,8.9,98,0.0,0.0,0.0,0.0,6.1,14.0,0.0,1024.4
2025-03-26 01:00:00+00:00,11.4,81,8.3,98,0.0,0.0,0.0,0.0,6.8,16.9,0.0,1024.5
2025-03-26 02:00:00+00:00,10.9,80,7.6,100,0.0,0.0,0.0,0.0,4.0,9.4,0.0,1024.8
2025-03-26 03:00:00+00:00,9.3,79,5.8,84,0.0,0.0,0.0,0.0,4.0,10.1,0.0,1024.6
2025-03-26 04:00:00+00:00,8.3,82,5.4,24,0.0,0.0,0.0,0.0,4.7,10.4,0.0,1024.5
2025-03-26 05:00:00+00:00,8.0,83,5.3,39,0.0,0.0,0.0,0.0,6.8,15.8,0.0,1024.9
2025-03-26 06:00:00+00:00,8.0,81,5.0,50,10.0,0.0,0.0,10.0,5.8,13.3,0.0,1025.2
2025-03-26 07:00:00+00:00,8.2,80,5.0,90,43.0,4.0,40.4,39.0,5.8,13.0,0.0,1025.7
2025-03-26 08:00:00+00:00,9.1,78,5.4,95,131.0,12.0,49.3,119.0,3.2,8.6,0.0,1025.9
2025-03-26 09:00:00+00:00,10.7,88,8.8,91,234.0,50.0,128.3,184.0,5.4,13.7,0.0,1026.8
2025-03-26 10:00:00+00:00,11.8,82,8.8,63,429.0,213.0,416.4,216.0,8.3,19.4,0.0,1026.7
2025-03-26 11:00:00+00:00,12.3,76,8.2,16,604.0,448.0,745.9,156.0,4.7,15.1,0.0,1026.5
2025-03-26 12:00:00+00:00,13.0,71,7.8,66,512.0,234.0,359.5,278.0,10.4,24.8,0.0,1026.4
2025-03-26 13:00:00+00:00,13.5,66,7.3,80,432.0,190.0,288.2,242.0,11.9,27.4,0.0,1026.1
2025-03-26 14:00:00+00:00,12.8,66,6.6,99,176.0,6.0,9.6,170.0,13.0,29.2,0.0,1025.7
2025-03-26 15:00:00+00:00,13.1,66,6.9,29,430.0,292.0,531.0,138.0,9.0,22.3,0.0,1025.6
2025-03-26 16:00:00+00:00,13.4,67,7.4,4,350.0,276.0,627.4,74.0,11.9,28.1,0.0,1025.5
2025-03-26 17:00:00+00:00,12.0,70,6.7,16,175.0,115.0,380.5,60.0,10.4,24.5,0.0,1025.5
2025-03-26 18:00:00+00:00,10.7,79,7.2,23,21.0,5.0,34.2,16.0,9.4,22.0,0.0,1025.3
2025-03-26 19:00:00+00:00,9.1,88,7.2,71,0.0,0.0,0.0,0.0,6.8,16.9,0.0,1025.3
2025-03-26 20:00:00+00:00,8.5,93,7.5,95,0.0,0.0,0.0,0.0,6.5,15.5,0.0,1025.6
2025-03-26 21:00:00+00:00,8.5,92,7.3,42,0.0,0.0,0.0,0.0,5.0,11.9,0.0,1025.3
2025-03-26 22:00:00+00:00,7.8,98,7.5,100,0.0,0.0,0.0,0.0,5.4,13.0,0.0,1025.4
2025-03-26 23:00:00+00:00,7.9,99,7.8,100,0.0,0.0,0.0,0.0,5.8,13.3,0.0,1025.4
2025-03-27 00:00:00+00:00,8.4,98,8.1,100,0.0,0.0,0.0,0.0,4.3,11.2,0.0,1025.2
2025-03-27 01:00:00+00:00,8.8,95,8.0,100,0.0,0.0,0.0,0.0,4.3,11.2,0.0,1024.7
2025-03-27 02:00:00+00:00,9.0,93,7.9,100,0.0,0.0,0.0,0.0,4.7,11.2,0.0,1024.4
2025-03-27 03:00:00+00:00,8.2,97,7.7,98,0.0,0.0,0.0,0.0,4.3,10.1,0.0,1023.8
2025-03-27 04:00:00+00:00,8.2,97,7.7,100,0.0,0.0,0.0,0.0,3.6,9.0,0.0,1023.6
2025-03-27 05:00:00+00:00,8.1,97,7.7,100,0.0,0.0,0.0,0.0,2.9,7.9,0.0,1023.4
2025-03-27 06:00:00+00:00,8.4,96,7.8,100,6.0,0.0,0.0,6.0,4.0,10.1,0.0,1023.3
2025-03-27 07:00:00+00:00,8.3,97,7.9,100,23.0,0.0,0.0,23.0,4.3,11.2,0.0,1023.5
2025-03-27 08:00:00+00:00,8.5,95,7.8,100,85.0,0.0,0.0,85.0,3.2,10.4,0.0,1023.4
2025-03-27 09:00:00+00:00,10.0,86,7.7,98,213.0,20.0,50.6,193.0,4.0,12.2,0.0,1023.9
2025-03-27 10:00:00+00:00,11.1,80,7.8,58,439.0,236.0,456.4,203.0,4.3,13.7,0.0,1023.3
2025-03-27 11:00:00+00:00,12.0,77,8.1,15,604.0,481.0,793.8,123.0,8.3,20.9,0.0,1022.6
2025-03-27 12:00:00+00:00,13.1,66,6.9,100,175.0,13.0,19.8,162.0,8.6,24.5,0.0,1022.0
2025-03-27 13:00:00+00:00,13.8,60,6.1,39,591.0,393.0,591.7,198.0,14.0,33.5,0.0,1021.0
2025-03-27 14:00:00+00:00,14.0,60,6.3,73,418.0,128.0,203.3,290.0,13.7,33.8,0.0,1020.3
2025-03-27 15:00:00+00:00,14.4,55,5.5,21,492.0,371.0,669.0,121.0,16.6,38.9,0.0,1019.9
2025-03-27 16:00:00+00:00,13.9,59,6.0,23,336.0,220.0,495.0,116.0,14.0,32.8,0.0,1019.2
2025-03-27 17:00:00+00:00,13.2,62,6.1,7,189.0,132.0,430.5,57.0,15.5,35.3,0.0,1018.9
2025-03-27 18:00:00+00:00,11.4,75,7.2,0,26.0,10.0,66.4,16.0,13.7,31.0,0.0,1018.3
2025-03-27 19:00:00+00:00,9.9,83,7.2,0,0.0,0.0,0.0,0.0,11.2,25.6,0.0,1018.4
2025-03-27 20:00:00+00:00,8.9,88,7.0,38,0.0,0.0,0.0,0.0,9.4,21.2,0.0,1018.4
2025-03-27 21:00:00+00:00,8.8,87,6.8,61,0.0,0.0,0.0,0.0,9.4,22.0,0.0,1018.4
2025-03-27 22:00:00+00:00,8.5,90,6.9,86,0.0,0.0,0.0,0.0,7.6,17.3,0.0,1017.8
2025-03-27 23:00:00+00:00,8.6,92,7.4,88,0.0,0.0,0.0,0.0,8.3,18.7,0.0,1017.1
2025-03-28 00:00:00+00:00,8.9,92,7.6,83,0.0,0.0,0.0,0.0,7.2,17.3,0.0,1016.4
2025-03-28 01:00:00+00:00,8.4,92,7.2,38,0.0,0.0,0.0,0.0,8.3,18.4,0.0,1015.6
2025-03-28 02:00:00+00:00,8.6,88,6.8,49,0.0,0.0,0.0,0.0,13.0,28.4,0.0,1015.1
2025-03-28 03:00:00+00:00,9.2,92,8.0,95,0.0,0.0,0.0,0.0,11.2,24.8,0.0,1014.2
2025-03-28 04:00:00+00:00,9.6,91,8.2,100,0.0,0.0,0.0,0.0,14.4,32.0,0.0,1013.3
2025-03-28 05:00:00+00:00,9.8,88,7.9,100,0.0,0.0,0.0,0.0,17.3,38.9,0.0,1012.9
2025-03-28 06:00:00+00:00,9.7,93,8.7,100,1.0,0.0,0.0,1.0,16.6,37.1,0.4,1012.6
2025-03-28 07:00:00+00:00,9.8,96,9.2,100,7.0,0.0,0.0,7.0,15.8,36.4,0.8,1012.1
2025-03-28 08:00:00+00:00,10.0,92,8.8,100,31.0,0.0,0.0,31.0,15.5,35.6,0.4,1012.2
2025-03-28 09:00:00+00:00,10.0,85,7.6,100,85.0,0.0,0.0,85.0,13.7,31.7,0.0,1013.3
2025-03-28 10:00:00+00:00,10.5,64,4.0,97,293.0,29.0,55.5,264.0,18.4,41.4,0.0,1013.7
2025-03-28 11:00:00+00:00,12.0,52,2.5,80,395.0,228.0,373.0,167.0,14.4,34.9,0.0,1013.8
2025-03-28 12:00:00+00:00,13.0,43,0.7,42,609.0,466.0,704.7,143.0,20.9,50.0,0.0,1013.7
2025-03-28 13:00:00+00:00,13.3,37,-1.1,23,654.0,572.0,854.9,82.0,20.9,50.0,0.0,1013.5
2025-03-28 14:00:00+00:00,12.5,42,-0.0,53,501.0,419.0,660.7,82.0,18.7,45.7,0.0,1013.6
2025-03-28 15:00:00+00:00,13.2,38,-0.8,31,474.0,296.0,529.4,178.0,22.7,54.0,0.0,1013.6
2025-03-28 16:00:00+00:00,12.6,37,-1.7,30,345.0,308.0,686.2,37.0,19.8,46.1,0.0,1013.9
2025-03-28 17:00:00+00:00,11.4,44,-0.4,9,197.0,173.0,556.2,24.0,22.0,50.8,0.0,1014.7
2025-03-28 18:00:00+00:00,10.1,42,-2.2,9,30.0,10.0,64.5,20.0,17.3,40.7,0.0,1015.7
2025-03-28 19:00:00+00:00,8.2,63,1.6,9,0.0,0.0,0.0,0.0,18.4,41.8,0.0,1016.7
2025-03-28 20:00:00+00:00,7.4,66,1.4,10,0.0,0.0,0.0,0.0,15.1,35.3,0.0,1017.6
2025-03-28 21:00:00+00:00,7.1,69,1.8,2,0.0,0.0,0.0,0.0,13.0,29.9,0.0,1018.0
2025-03-28 22:00:00+00:00,6.7,70,1.6,0,0.0,0.0,0.0,0.0,12.2,27.7,0.0,1018.6
2025-03-28 23:00:00+00:00,6.3,72,1.6,0,0.0,0.0,0.0,0.0,12.2,28.1,0.0,1019.1
2025-03-29 00:00:00+00:00,5.7,76,1.8,0,0.0,0.0,0.0,0.0,10.4,24.5,0.0,1019.4
2025-03-29 01:00:00+00:00,5.5,77,1.8,0,0.0,0.0,0.0,0.0,11.2,25.9,0.0,1020.0
2025-03-29 02:00:00+00:00,5.0,81,2.0,0,0.0,0.0,0.0,0.0,9.0,20.9,0.0,1020.6
2025-03-29 03:00:00+00:00,4.8,83,2.2,0,0.0,0.0,0.0,0.0,8.6,20.2,0.0,1021.4
2025-03-29 04:00:00+00:00,4.4,85,2.1,0,0.0,0.0,0.0,0.0,8.3,19.1,0.0,1021.9
2025-03-29 05:00:00+00:00,4.1,85,1.8,0,0.0,0.0,0.0,0.0,7.6,17.6,0.0,1022.5
2025-03-29 06:00:00+00:00,3.8,85,1.5,0,2.0,0.0,0.0,2.0,7.6,17.6,0.0,1023.3
2025-03-29 07:00:00+00:00,4.4,83,1.7,0,88.0,48.0,444.5,40.0,8.3,18.4,0.0,1023.9
2025-03-29 08:00:00+00:00,5.8,78,2.3,0,252.0,177.0,677.6,75.0,6.8,16.2,0.0,1024.4
2025-03-29 09:00:00+00:00,7.8,67,2.0,0,414.0,321.0,788.9,93.0,7.2,17.6,0.0,1024.7
2025-03-29 10:00:00+00:00,9.4,52,0.0,9,547.0,436.0,825.5,111.0,6.5,19.4,0.0,1024.8
2025-03-29 11:00:00+00:00,10.5,48,-0.0,12,640.0,526.0,853.0,114.0,7.2,22.3,0.0,1024.5
2025-03-29 12:00:00+00:00,12.1,44,0.2,1,688.0,583.0,874.9,105.0,10.8,29.9,0.0,1023.9
2025-03-29 13:00:00+00:00,12.7,46,1.4,20,672.0,560.0,830.9,112.0,14.8,37.4,0.0,1023.6
2025-03-29 14:00:00+00:00,12.3,51,2.5,52,556.0,417.0,652.7,139.0,18.4,43.2,0.0,1023.5
2025-03-29 15:00:00+00:00,12.6,47,1.6,66,456.0,291.0,516.3,165.0,19.8,47.2,0.0,1022.7
2025-03-29 16:00:00+00:00,11.7,54,2.7,29,341.0,240.0,529.4,101.0,19.8,46.1,0.0,1022.7
2025-03-29 17:00:00+00:00,11.1,58,3.2,32,173.0,96.0,304.3,77.0,18.4,41.8,0.0,1022.4
2025-03-29 18:00:00+00:00,10.2,64,3.7,39,27.0,7.0,43.9,20.0,17.3,39.2,0.0,1022.0
2025-03-29 19:00:00+00:00,9.7,69,4.3,68,0.0,0.0,0.0,0.0,15.5,35.6,0.0,1021.8
2025-03-29 20:00:00+00:00,9.7,74,5.3,90,0.0,0.0,0.0,0.0,16.6,37.8,0.0,1021.6
2025-03-29 21:00:00+00:00,9.8,78,6.2,90,0.0,0.0,0.0,0.0,16.6,38.2,0.0,1021.2
2025-03-29 22:00:00+00:00,9.8,83,7.1,99,0.0,0.0,0.0,0.0,15.8,37.1,0.0,1020.6
2025-03-29 23:00:00+00:00,9.8,91,8.4,100,0.0,0.0,0.0,0.0,16.2,37.4,0.0,1020.2
2025-03-30 00:00:00+00:00,9.7,96,9.1,100,0.0,0.0,0.0,0.0,13.7,32.0,0.0,1019.8
2025-03-30 01:00:00+00:00,10.0,97,9.5,100,0.0,0.0,0.0,0.0,12.2,28.8,0.0,1019.6
2025-03-30 02:00:00+00:00,10.3,96,9.7,100,0.0,0.0,0.0,0.0,13.0,29.9,0.0,1019.3
2025-03-30 03:00:00+00:00,10.6,95,9.9,100,0.0,0.0,0.0,0.0,13.7,32.0,0.0,1018.9
2025-03-30 04:00:00+00:00,11.0,94,10.1,100,0.0,0.0,0.0,0.0,15.5,36.4,0.0,1019.1
2025-03-30 05:00:00+00:00,10.8,84,8.2,98,0.0,0.0,0.0,0.0,15.8,37.1,0.0,1019.6
2025-03-30 06:00:00+00:00,9.8,86,7.6,99,4.0,0.0,0.0,4.0,13.0,30.2,0.0,1020.6
2025-03-30 07:00:00+00:00,9.6,85,7.2,95,75.0,22.0,198.3,53.0,13.7,31.0,0.0,1021.1
2025-03-30 08:00:00+00:00,10.2,79,6.7,40,230.0,131.0,490.5,99.0,13.3,30.2,0.0,1021.7
2025-03-30 09:00:00+00:00,11.3,68,5.6,25,405.0,283.0,685.9,122.0,14.4,32.8,0.0,1021.7
2025-03-30 10:00:00+00:00,12.4,63,5.5,2,551.0,445.0,833.9,106.0,15.8,36.4,0.0,1022.0
2025-03-30 11:00:00+00:00,13.6,56,5.0,0,646.0,540.0,868.3,106.0,16.2,37.8,0.0,1022.3
2025-03-30 12:00:00+00:00,14.6,48,3.7,0,694.0,590.0,878.7,104.0,17.3,40.7,0.0,1022.5
2025-03-30 13:00:00+00:00,15.5,45,3.6,0,688.0,588.0,866.2,100.0,19.1,44.3,0.0,1022.7
2025-03-30 14:00:00+00:00,16.1,43,3.5,0,628.0,536.0,832.8,92.0,18.4,42.8,0.0,1022.7
2025-03-30 15:00:00+00:00,16.7,41,3.4,0,521.0,437.0,769.1,84.0,18.4,42.8,0.0,1023.1
2025-03-30 16:00:00+00:00,16.4,44,4.1,0,375.0,304.0,664.1,71.0,18.0,41.0,0.0,1023.1
2025-03-30 17:00:00+00:00,15.9,46,4.3,0,205.0,150.0,469.0,55.0,15.5,35.6,0.0,1023.4
2025-03-30 18:00:00+00:00,14.8,46,3.3,0,37.0,16.0,97.7,21.0,11.9,28.1,0.0,1024.0
2025-03-30 19:00:00+00:00,13.1,48,2.3,0,0.0,0.0,0.0,0.0,11.2,24.5,0.0,1025.0
2025-03-30 20:00:00+00:00,11.7,50,1.6,0,0.0,0.0,0.0,0.0,14.4,31.7,0.0,1026.0
2025-03-30 21:00:00+00:00,10.8,57,2.6,13,0.0,0.0,0.0,0.0,11.9,26.3,0.0,1026.5
2025-03-30 22:00:00+00:00,9.9,62,3.0,22,0.0,0.0,0.0,0.0,9.4,21.2,0.0,1027.1
2025-03-30 23:00:00+00:00,9.2,65,2.9,8,0.0,0.0,0.0,0.0,9.4,21.2,0.0,1027.1
2025-03-31 00:00:00+00:00,8.6,71,3.7,0,0.0,0.0,0.0,0.0,7.9,17.6,0.0,1027.3
2025-03-31 01:00:00+00:00,8.0,75,3.8,0,0.0,0.0,0.0,0.0,6.5,14.4,0.0,1027.4
2025-03-31 02:00:00+00:00,7.5,78,3.9,0,0.0,0.0,0.0,0.0,5.4,12.2,0.0,1027.5
2025-03-31 03:00:00+00:00,7.1,76,3.1,3,0.0,0.0,0.0,0.0,6.5,14.0,0.0,1027.5
2025-03-31 04:00:00+00:00,6.5,79,3.1,20,0.0,0.0,0.0,0.0,4.0,9.4,0.0,1027.3
2025-03-31 05:00:00+00:00,6.2,81,3.2,9,0.0,0.0,0.0,0.0,4.3,9.7,0.0,1027.7
2025-03-31 06:00:00+00:00,6.2,83,3.5,3,7.0,1.0,0.0,6.0,5.0,11.2,0.0,1028.1
2025-03-31 07:00:00+00:00,7.1,79,3.7,26,93.0,50.0,439.0,43.0,4.3,9.7,0.0,1028.5
2025-03-31 08:00:00+00:00,8.6,73,4.1,14,258.0,182.0,666.9,76.0,5.0,11.9,0.0,1029.0
2025-03-31 09:00:00+00:00,10.8,64,4.2,4,415.0,333.0,796.1,82.0,5.4,13.7,0.0,1029.3
2025-03-31 10:00:00+00:00,12.3,57,4.0,0,549.0,446.0,827.3,103.0,5.8,16.6,0.0,1029.4
2025-03-31 11:00:00+00:00,13.0,55,4.2,10,641.0,512.0,816.3,129.0,9.7,24.1,0.0,1029.1
2025-03-31 12:00:00+00:00,13.8,53,4.4,2,690.0,584.0,863.3,106.0,11.9,27.7,0.0,1028.8
2025-03-31 13:00:00+00:00,14.1,52,4.4,1,685.0,688.0,1006.4,0.0,11.2,27.0,0.0,1028.4
2025-03-31 14:00:00+00:00,14.2,53,4.7,9,618.0,509.0,785.2,109.0,13.0,31.0,0.0,1028.2
2025-03-31 15:00:00+00:00,14.3,51,4.3,48,444.0,227.0,396.4,217.0,13.7,31.7,0.0,1028.3
2025-03-31 16:00:00+00:00,13.6,53,4.2,4,376.0,308.0,666.5,68.0,15.5,34.6,0.0,1028.2
2025-03-31 17:00:00+00:00,12.6,55,3.8,2,207.0,152.0,468.9,55.0,14.4,32.4,0.0,1028.3
2025-03-31 18:00:00+00:00,11.6,52,2.1,0,40.0,18.0,107.0,22.0,12.2,27.7,0.0,1028.4
2025-03-31 19:00:00+00:00,10.7,59,3.0,0,0.0,0.0,0.0,0.0,8.6,20.2,0.0,1028.6
2025-03-31 20:00:00+00:00,10.4,56,2.0,3,0.0,0.0,0.0,0.0,10.8,25.6,0.0,1028.6
2025-03-31 21:00:00+00:00,9.5,68,3.9,31,0.0,0.0,0.0,0.0,11.2,25.6,0.0,1028.3
2025-03-31 22:00:00+00:00,9.1,73,4.5,34,0.0,0.0,0.0,0.0,11.2,25.6,0.0,1028.1
2025-03-31 23:00:00+00:00,8.6,65,2.4,30,0.0,0.0,0.0,0.0,12.2,28.4,0.0,1027.7
2025-04-01 00:00:00+00:00,7.7,72,2.9,41,0.0,0.0,0.0,0.0,10.8,24.8,0.0,1027.5
2025-04-01 01:00:00+00:00,7.1,73,2.6,25,0.0,0.0,0.0,0.0,9.7,23.0,0.0,1027.2
2025-04-01 02:00:00+00:00,6.5,75,2.4,11,0.0,0.0,0.0,0.0,10.4,24.1,0.0,1026.9
2025-04-01 03:00:00+00:00,6.1,80,2.9,17,0.0,0.0,0.0,0.0,10.4,24.5,0.0,1026.6
2025-04-01 04:00:00+00:00,5.6,81,2.6,11,0.0,0.0,0.0,0.0,11.5,26.3,0.0,1026.2
2025-04-01 05:00:00+00:00,5.2,83,2.6,8,0.0,0.0,0.0,0.0,11.2,25.6,0.0,1025.9
2025-04-01 06:00:00+00:00,5.1,86,3.0,2,9.0,1.0,19.1,8.0,10.1,23.4,0.0,1025.9
2025-04-01 07:00:00+00:00,6.0,82,3.2,0,104.0,59.0,496.4,45.0,10.4,23.8,0.0,1026.0
2025-04-01 08:00:00+00:00,7.8,72,3.1,0,271.0,193.0,692.3,78.0,13.0,29.5,0.0,1025.9
2025-04-01 09:00:00+00:00,10.0,63,3.3,0,431.0,336.0,792.5,95.0,15.5,35.3,0.0,1025.7
2025-04-01 10:00:00+00:00,12.0,53,2.7,0,567.0,463.0,850.2,104.0,16.9,39.2,0.0,1025.4
2025-04-01 11:00:00+00:00,13.2,45,1.5,0,662.0,555.0,877.6,107.0,19.4,45.4,0.0,1025.0
2025-04-01 12:00:00+00:00,13.8,42,1.1,0,710.0,604.0,886.3,106.0,21.2,50.4,0.0,1024.5
2025-04-01 13:00:00+00:00,14.2,41,1.1,0,704.0,603.0,875.9,101.0,22.0,51.5,0.0,1024.0
2025-04-01 14:00:00+00:00,14.7,39,0.9,0,646.0,552.0,845.5,94.0,19.4,46.4,0.0,1023.2
2025-04-01 15:00:00+00:00,15.0,40,1.5,0,537.0,453.0,784.9,84.0,15.8,38.9,0.0,1022.5
2025-04-01 16:00:00+00:00,15.2,38,0.9,0,389.0,317.0,679.5,72.0,18.7,44.3,0.0,1022.2
2025-04-01 17:00:00+00:00,14.4,39,0.6,0,217.0,162.0,493.2,55.0,19.8,46.4,0.0,1021.9
2025-04-01 18:00:00+00:00,13.3,45,1.6,0,45.0,21.0,121.7,24.0,17.6,42.1,0.0,1022.2
2025-04-01 19:00:00+00:00,11.8,50,1.7,0,0.0,0.0,0.0,0.0,19.1,44.6,0.0,1022.4
2025-04-01 20:00:00+00:00,10.4,59,2.7,0,0.0,0.0,0.0,0.0,19.4,45.0,0.0,1022.7
2025-04-01 21:00:00+00:00,9.5,63,2.8,0,0.0,0.0,0.0,0.0,19.4,44.3,0.0,1022.8
2025-04-01 22:00:00+00:00,9.0,65,2.8,0,0.0,0.0,0.0,0.0,18.4,41.4,0.0,1022.8
2025-04-01 23:00:00+00:00,8.8,64,2.4,0,0.0,0.0,0.0,0.0,17.6,40.7,0.0,1022.7
2025-04-02 00:00:00+00:00,8.5,63,1.9,0,0.0,0.0,0.0,0.0,16.2,37.1,0.0,1022.7
2025-04-02 01:00:00+00:00,8.2,63,1.6,0,0.0,0.0,0.0,0.0,15.5,35.3,0.0,1022.4
2025-04-02 02:00:00+00:00,7.9,65,1.8,0,0.0,0.0,0.0,0.0,14.8,33.5,0.0,1022.2
2025-04-02 03:00:00+00:00,7.5,68,2.0,0,0.0,0.0,0.0,0.0,15.8,36.4,0.0,1021.6
2025-04-02 04:00:00+00:00,7.0,70,1.9,0,0.0,0.0,0.0,0.0,15.5,34.9,0.0,1021.4
2025-04-02 05:00:00+00:00,6.8,71,1.9,0,0.0,0.0,0.0,0.0,14.4,32.8,0.0,1021.6
2025-04-02 06:00:00+00:00,6.5,72,1.8,0,12.0,2.0,38.2,10.0,13.0,29.9,0.0,1021.9
2025-04-02 07:00:00+00:00,7.3,69,2.0,0,111.0,64.0,512.7,47.0,15.5,35.3,0.0,1022.0
2025-04-02 08:00:00+00:00,8.8,64,2.3,0,277.0,199.0,699.2,78.0,19.1,43.6,0.0,1022.1
2025-04-02 09:00:00+00:00,10.5,55,1.9,0,438.0,343.0,798.4,95.0,21.2,48.6,0.0,1021.8
2025-04-02 10:00:00+00:00,12.3,48,1.6,0,574.0,470.0,854.5,104.0,22.7,51.8,0.0,1021.3
2025-04-02 11:00:00+00:00,13.7,42,1.0,0,667.0,560.0,878.2,107.0,23.0,53.6,0.0,1020.7
2025-04-02 12:00:00+00:00,14.7,39,0.9,0,713.0,608.0,885.7,105.0,23.8,55.4,0.0,1020.0
2025-04-02 13:00:00+00:00,15.5,37,0.9,0,707.0,607.0,875.6,100.0,23.4,54.7,0.0,1019.3
2025-04-02 14:00:00+00:00,15.9,38,1.6,0,648.0,555.0,844.2,93.0,23.8,55.4,0.0,1018.5
2025-04-02 15:00:00+00:00,16.5,40,2.8,16,534.0,443.0,761.7,91.0,24.8,58.3,0.0,1018.2
2025-04-02 16:00:00+00:00,15.9,41,2.6,12,384.0,309.0,656.3,75.0,24.5,57.2,0.0,1018.1
2025-04-02 17:00:00+00:00,14.8,46,3.3,27,201.0,134.0,402.6,67.0,23.0,53.6,0.0,1018.2
2025-04-02 18:00:00+00:00,13.5,52,3.9,0,48.0,23.0,130.0,25.0,22.0,50.4,0.0,1018.3
2025-04-02 19:00:00+00:00,12.3,56,3.8,0,0.0,0.0,0.0,0.0,21.6,49.0,0.0,1018.2
2025-04-02 20:00:00+00:00,11.5,58,3.5,20,0.0,0.0,0.0,0.0,21.6,49.3,0.0,1018.1
2025-04-02 21:00:00+00:00,11.1,63,4.3,0,0.0,0.0,0.0,0.0,21.2,47.9,0.0,1018.4
2025-04-02 22:00:00+00:00,10.6,65,4.3,5,0.0,0.0,0.0,0.0,20.9,46.8,0.0,1018.4
2025-04-02 23:00:00+00:00,10.3,67,4.4,0,0.0,0.0,0.0,0.0,19.4,44.3,0.0,1018.4
2025-04-03 00:00:00+00:00,10.0,69,4.6,0,0.0,0.0,0.0,0.0,18.7,41.8,0.0,1018.1
2025-04-03 01:00:00+00:00,9.8,70,4.6,0,0.0,0.0,0.0,0.0,17.3,38.9,0.0,1017.7
2025-04-03 02:00:00+00:00,9.8,69,4.4,0,0.0,0.0,0.0,0.0,15.8,35.6,0.0,1017.6
2025-04-03 03:00:00+00:00,9.6,70,4.4,0,0.0,0.0,0.0,0.0,14.0,32.4,0.0,1017.5
2025-04-03 04:00:00+00:00,9.4,71,4.4,0,0.0,0.0,0.0,0.0,14.0,32.0,0.0,1017.4
2025-04-03 05:00:00+00:00,9.2,73,4.6,0,0.0,0.0,0.0,0.0,13.0,29.9,0.0,1017.6
2025-04-03 06:00:00+00:00,9.0,75,4.8,30,12.0,2.0,38.2,10.0,11.9,27.4,0.0,1018.2
2025-04-03 07:00:00+00:00,9.7,74,5.3,34,105.0,43.0,328.8,62.0,14.0,32.8,0.0,1018.0
2025-04-03 08:00:00+00:00,11.1,69,5.6,2,274.0,199.0,685.2,75.0,17.3,39.2,0.0,1018.3
2025-04-03 09:00:00+00:00,12.5,64,5.9,1,431.0,331.0,760.5,100.0,16.6,38.2,0.0,1018.2
2025-04-03 10:00:00+00:00,14.4,58,6.2,0,563.0,460.0,828.2,103.0,17.3,40.3,0.0,1018.1
2025-04-03 11:00:00+00:00,16.2,52,6.4,0,658.0,553.0,860.3,105.0,20.2,46.4,0.0,1017.5
2025-04-03 12:00:00+00:00,17.5,45,5.4,75,550.0,207.0,299.4,343.0,20.9,47.9,0.0,1017.3
2025-04-03 13:00:00+00:00,16.7,47,5.4,100,317.0,11.0,15.8,306.0,22.0,50.0,0.0,1017.5
2025-04-03 14:00:00+00:00,16.7,48,5.7,100,274.0,11.0,16.6,263.0,22.7,51.5,0.0,1017.3
2025-04-03 15:00:00+00:00,17.1,49,6.3,88,300.0,8.0,13.7,292.0,21.6,49.7,0.0,1017.4
2025-04-03 16:00:00+00:00,17.9,47,6.4,41,320.0,214.0,450.4,106.0,23.8,54.4,0.0,1017.2
2025-04-03 17:00:00+00:00,17.5,48,6.3,100,38.0,0.0,0.0,38.0,22.0,50.4,0.0,1017.4
2025-04-03 18:00:00+00:00,17.3,48,6.2,100,11.0,0.0,0.0,11.0,18.4,42.8,0.0,1017.5
2025-04-03 19:00:00+00:00,16.5,53,6.9,100,0.0,0.0,0.0,0.0,15.8,36.4,0.0,1017.7
2025-04-03 20:00:00+00:00,14.8,64,8.1,100,0.0,0.0,0.0,0.0,13.3,29.9,0.1,1018.7
2025-04-03 21:00:00+00:00,13.9,68,8.1,100,0.0,0.0,0.0,0.0,12.6,28.4,0.0,1019.2
2025-04-03 22:00:00+00:00,13.4,72,8.4,100,0.0,0.0,0.0,0.0,6.5,15.5,0.0,1019.5
2025-04-03 23:00:00+00:00,13.7,72,8.7,100,0.0,0.0,0.0,0.0,5.0,11.9,0.0,1019.6
2025-04-04 00:00:00+00:00,13.0,86,10.7,100,0.0,0.0,0.0,0.0,4.7,11.2,0.0,1019.4
2025-04-04 01:00:00+00:00,13.3,82,10.3,100,0.0,0.0,0.0,0.0,5.0,12.2,0.0,1019.1
2025-04-04 02:00:00+00:00,13.2,81,10.0,100,0.0,0.0,0.0,0.0,9.0,20.2,0.0,1018.8
2025-04-04 03:00:00+00:00,13.4,75,9.1,100,0.0,0.0,0.0,0.0,8.3,19.1,0.0,1019.0
2025-04-04 04:00:00+00:00,13.3,74,8.7,100,0.0,0.0,0.0,0.0,9.7,22.0,0.0,1018.8
2025-04-04 05:00:00+00:00,13.0,74,8.5,98,0.0,0.0,0.0,0.0,8.3,18.4,0.0,1018.9
2025-04-04 06:00:00+00:00,12.8,74,8.3,93,8.0,0.0,0.0,8.0,8.3,18.4,0.0,1019.0
2025-04-04 07:00:00+00:00,13.1,73,8.4,81,61.0,20.0,146.3,41.0,7.6,17.3,0.0,1019.3
2025-04-04 08:00:00+00:00,13.9,71,8.7,91,132.0,18.0,60.8,114.0,11.2,25.6,0.0,1019.2
2025-04-04 09:00:00+00:00,16.0,61,8.5,88,328.0,171.0,387.9,157.0,13.7,31.3,0.0,1018.6
2025-04-04 10:00:00+00:00,18.0,53,8.3,37,524.0,354.0,631.2,170.0,14.4,33.5,0.0,1018.9
2025-04-04 11:00:00+00:00,19.8,47,8.1,3,653.0,547.0,844.2,106.0,16.6,39.2,0.0,1018.5
2025-04-04 12:00:00+00:00,21.5,34,5.0,0,703.0,598.0,858.8,105.0,21.6,50.8,0.0,1018.1
2025-04-04 13:00:00+00:00,22.0,33,5.0,0,697.0,597.0,849.7,100.0,22.7,53.3,0.0,1017.5
2025-04-04 14:00:00+00:00,22.2,33,5.1,0,639.0,546.0,819.3,93.0,20.9,49.3,0.0,1017.0
2025-04-04 15:00:00+00:00,22.0,33,5.0,0,533.0,449.0,760.6,84.0,20.2,47.5,0.0,1015.8
2025-04-04 16:00:00+00:00,21.8,34,5.2,0,388.0,317.0,661.2,71.0,18.4,43.2,0.0,1015.5
2025-04-04 17:00:00+00:00,21.0,38,6.2,0,220.0,164.0,480.5,56.0,20.9,47.5,0.0,1015.6
2025-04-04 18:00:00+00:00,20.1,42,6.8,0,53.0,26.0,140.2,27.0,17.3,40.0,0.0,1015.7
2025-04-04 19:00:00+00:00,18.1,46,6.3,10,0.0,0.0,0.0,0.0,17.6,41.0,0.0,1016.1
2025-04-04 20:00:00+00:00,16.3,46,4.6,8,0.0,0.0,0.0,0.0,17.6,40.7,0.0,1016.4
2025-04-04 21:00:00+00:00,14.8,51,4.7,7,0.0,0.0,0.0,0.0,18.7,42.5,0.0,1016.7
2025-04-04 22:00:00+00:00,13.7,57,5.3,2,0.0,0.0,0.0,0.0,19.4,44.3,0.0,1016.9
2025-04-04 23:00:00+00:00,12.9,62,5.8,0,0.0,0.0,0.0,0.0,20.9,47.5,0.0,1016.9
2025-04-05 00:00:00+00:00,12.3,65,5.9,0,0.0,0.0,0.0,0.0,21.2,47.9,0.0,1016.8
2025-04-05 01:00:00+00:00,11.5,67,5.6,0,0.0,0.0,0.0,0.0,22.0,49.0,0.0,1016.8
2025-04-05 02:00:00+00:00,10.8,68,5.2,0,0.0,0.0,0.0,0.0,22.7,50.0,0.0,1016.6
2025-04-05 03:00:00+00:00,9.8,69,4.4,0,0.0,0.0,0.0,0.0,20.2,45.0,0.0,1016.7
2025-04-05 04:00:00+00:00,9.5,69,4.1,0,0.0,0.0,0.0,0.0,19.4,43.6,0.0,1016.7
2025-04-05 05:00:00+00:00,9.0,71,4.0,0,0.0,0.0,0.0,0.0,19.1,42.1,0.0,1016.9
2025-04-05 06:00:00+00:00,8.4,72,3.7,0,18.0,4.0,76.4,14.0,16.6,37.4,0.0,1017.5
2025-04-05 07:00:00+00:00,8.5,73,4.0,0,125.0,74.0,518.8,51.0,15.5,34.6,0.0,1018.1
2025-04-05 08:00:00+00:00,9.2,73,4.6,0,290.0,210.0,695.4,80.0,13.7,31.3,0.0,1018.6
2025-04-05 09:00:00+00:00,12.3,63,5.5,0,448.0,352.0,788.5,96.0,15.8,36.4,0.0,1018.2
2025-04-05 10:00:00+00:00,14.5,56,5.9,0,580.0,477.0,842.5,103.0,16.6,37.8,0.0,1018.1
2025-04-05 11:00:00+00:00,16.4,50,6.0,0,673.0,567.0,868.3,106.0,17.6,40.7,0.0,1018.3
2025-04-05 12:00:00+00:00,18.3,45,6.2,0,721.0,615.0,877.1,106.0,20.9,47.9,0.0,1018.2
2025-04-05 13:00:00+00:00,19.4,41,5.8,0,716.0,615.0,869.6,101.0,20.5,47.5,0.0,1017.9
2025-04-05 14:00:00+00:00,19.8,35,3.9,0,660.0,566.0,843.6,94.0,20.5,47.9,0.0,1017.6
2025-04-05 15:00:00+00:00,19.3,31,1.8,0,556.0,471.0,792.1,85.0,20.2,46.8,0.0,1017.7
2025-04-05 16:00:00+00:00,18.5,32,1.5,0,409.0,336.0,694.7,73.0,19.4,45.0,0.0,1017.7
2025-04-05 17:00:00+00:00,17.1,35,1.5,0,236.0,179.0,518.0,57.0,19.4,45.4,0.0,1017.8
2025-04-05 18:00:00+00:00,14.9,34,-0.8,0,62.0,33.0,173.9,29.0,18.0,42.1,0.0,1018.3
2025-04-05 19:00:00+00:00,12.9,35,-2.2,0,0.0,0.0,0.0,0.0,17.3,40.3,0.0,1019.1
2025-04-05 20:00:00+00:00,11.5,35,-3.4,0,0.0,0.0,0.0,0.0,19.8,45.0,0.0,1019.5
2025-04-05 21:00:00+00:00,11.1,44,-0.7,0,0.0,0.0,0.0,0.0,18.4,42.5,0.0,1019.2
2025-04-05 22:00:00+00:00,10.2,52,0.8,0,0.0,0.0,0.0,0.0,15.5,35.3,0.0,1019.6
2025-04-05 23:00:00+00:00,9.4,59,1.8,0,0.0,0.0,0.0,0.0,13.7,31.0,0.0,1019.9
2025-04-06 00:00:00+00:00,8.8,64,2.4,0,0.0,0.0,0.0,0.0,15.1,34.2,0.0,1019.9
2025-04-06 01:00:00+00:00,8.4,68,2.9,0,0.0,0.0,0.0,0.0,15.8,35.6,0.0,1019.8
2025-04-06 02:00:00+00:00,8.1,71,3.2,0,0.0,0.0,0.0,0.0,15.5,34.9,0.0,1019.9
2025-04-06 03:00:00+00:00,7.7,75,3.6,0,0.0,0.0,0.0,0.0,12.2,28.1,0.0,1020.6
2025-04-06 04:00:00+00:00,7.7,74,3.3,0,0.0,0.0,0.0,0.0,13.3,30.2,0.0,1020.7
2025-04-06 05:00:00+00:00,7.5,75,3.3,0,0.0,0.0,0.0,0.0,14.4,32.4,0.0,1020.9
2025-04-06 06:00:00+00:00,6.9,78,3.4,0,20.0,5.0,95.5,15.0,13.3,29.5,0.0,1021.4
2025-04-06 07:00:00+00:00,7.7,72,3.0,0,131.0,79.0,531.9,52.0,13.7,30.6,0.0,1021.6
2025-04-06 08:00:00+00:00,9.4,63,2.7,0,298.0,217.0,705.3,81.0,14.8,33.5,0.0,1021.7
2025-04-06 09:00:00+00:00,11.2,54,2.2,0,458.0,361.0,798.8,97.0,15.8,36.4,0.0,1022.6
2025-04-06 10:00:00+00:00,13.0,47,2.0,0,592.0,487.0,852.3,105.0,15.5,36.0,0.0,1022.6
2025-04-06 11:00:00+00:00,14.5,42,1.8,0,687.0,580.0,881.4,107.0,15.8,38.5,0.0,1022.5
2025-04-06 12:00:00+00:00,15.7,39,1.8,0,736.0,630.0,892.4,106.0,17.3,41.8,0.0,1022.3
2025-04-06 13:00:00+00:00,16.6,34,0.7,0,730.0,628.0,882.3,102.0,16.2,39.2,0.0,1022.3
2025-04-06 14:00:00+00:00,14.9,47,3.7,0,668.0,574.0,850.0,94.0,14.0,35.3,0.0,1022.4
2025-04-06 15:00:00+00:00,14.1,48,3.3,0,560.0,475.0,793.1,85.0,17.3,38.9,0.0,1022.3
2025-04-06 16:00:00+00:00,15.0,40,1.5,0,413.0,339.0,694.9,74.0,12.2,32.4,0.0,1022.1
2025-04-06 17:00:00+00:00,14.6,41,1.5,0,239.0,181.0,517.5,58.0,8.3,25.6,0.0,1022.3
2025-04-06 18:00:00+00:00,14.6,35,-0.7,0,65.0,35.0,180.4,30.0,16.6,38.2,0.0,1022.2
2025-04-06 19:00:00+00:00,12.8,39,-0.8,0,0.0,0.0,0.0,0.0,16.2,37.4,0.0,1023.0
2025-04-06 20:00:00+00:00,11.1,42,-1.3,0,0.0,0.0,0.0,0.0,17.6,40.7,0.0,1023.7
2025-04-06 21:00:00+00:00,9.7,46,-1.4,0,0.0,0.0,0.0,0.0,16.2,37.4,0.0,1024.3
2025-04-06 22:00:00+00:00,8.8,51,-0.8,0,0.0,0.0,0.0,0.0,13.7,31.0,0.0,1024.6
2025-04-06 23:00:00+00:00,8.2,54,-0.5,0,0.0,0.0,0.0,0.0,12.2,28.4,0.0,1024.6
2025-04-07 00:00:00+00:00,7.8,58,0.0,0,0.0,0.0,0.0,0.0,10.4,24.1,0.0,1024.8
2025-04-07 01:00:00+00:00,7.4,62,0.6,0,0.0,0.0,0.0,0.0,11.2,25.2,0.0,1024.5
2025-04-07 02:00:00+00:00,6.9,65,0.8,0,0.0,0.0,0.0,0.0,8.6,20.2,0.0,1024.3
2025-04-07 03:00:00+00:00,6.4,71,1.5,0,0.0,0.0,0.0,0.0,6.5,14.8,0.0,1024.3
2025-04-07 04:00:00+00:00,6.3,74,2.0,0,0.0,0.0,0.0,0.0,9.4,21.6,0.0,1024.4
2025-04-07 05:00:00+00:00,6.0,76,2.1,0,0.0,0.0,0.0,0.0,10.4,24.5,0.0,1024.5
2025-04-07 06:00:00+00:00,5.5,81,2.5,0,22.0,7.0,133.4,15.0,6.5,14.8,0.0,1025.5
2025-04-07 07:00:00+00:00,6.5,75,2.4,0,139.0,85.0,550.6,54.0,10.1,22.3,0.0,1025.6
2025-04-07 08:00:00+00:00,8.4,64,2.0,0,308.0,225.0,718.0,83.0,10.8,24.8,0.0,1025.9
2025-04-07 09:00:00+00:00,10.6,50,0.6,0,470.0,372.0,813.3,98.0,10.8,26.3,0.0,1026.4
2025-04-07 10:00:00+00:00,12.4,41,-0.5,0,605.0,499.0,865.4,106.0,12.2,29.9,0.0,1026.4
2025-04-07 11:00:00+00:00,13.5,39,-0.2,0,699.0,591.0,891.4,108.0,10.1,28.1,0.0,1026.3
2025-04-07 12:00:00+00:00,13.9,39,0.1,0,745.0,639.0,899.1,106.0,11.2,29.5,0.0,1026.1
2025-04-07 13:00:00+00:00,13.4,44,1.4,0,736.0,634.0,885.1,102.0,17.6,39.6,0.0,1026.2
2025-04-07 14:00:00+00:00,13.4,42,0.7,0,675.0,580.0,853.4,95.0,17.3,38.9,0.0,1026.1
2025-04-07 15:00:00+00:00,13.3,36,-1.4,0,568.0,482.0,799.1,86.0,17.3,38.5,0.0,1025.8
2025-04-07 16:00:00+00:00,12.8,36,-1.9,0,419.0,346.0,703.2,73.0,15.8,35.6,0.0,1026.1
2025-04-07 17:00:00+00:00,12.2,39,-1.3,0,244.0,186.0,525.5,58.0,13.7,31.0,0.0,1026.1
2025-04-07 18:00:00+00:00,12.3,39,-1.3,0,68.0,38.0,191.7,30.0,10.4,24.1,0.0,1025.5
2025-04-07 19:00:00+00:00,11.3,45,-0.2,0,0.0,0.0,0.0,0.0,7.2,17.3,0.0,1025.9
2025-04-07 20:00:00+00:00,10.3,52,0.9,0,0.0,0.0,0.0,0.0,5.0,13.0,0.0,1026.6
2025-04-07 21:00:00+00:00,10.2,49,-0.1,0,0.0,0.0,0.0,0.0,9.4,22.3,0.0,1027.0
2025-04-07 22:00:00+00:00,9.3,50,-0.6,0,0.0,0.0,0.0,0.0,11.2,25.6,0.0,1027.2
2025-04-07 23:00:00+00:00,8.2,55,-0.3,0,0.0,0.0,0.0,0.0,9.7,23.0,0.0,1027.3
2025-04-08 00:00:00+00:00,7.3,60,0.0,0,0.0,0.0,0.0,0.0,8.3,19.4,0.0,1027.3
2025-04-08 01:00:00+00:00,6.8,65,0.7,0,0.0,0.0,0.0,0.0,8.3,18.7,0.0,1027.0
2025-04-08 02:00:00+00:00,6.4,69,1.1,0,0.0,0.0,0.0,0.0,8.6,19.4,0.0,1026.8
2025-04-08 03:00:00+00:00,6.0,71,1.2,0,0.0,0.0,0.0,0.0,7.2,16.6,0.0,1026.8
2025-04-08 04:00:00+00:00,5.6,76,1.7,0,0.0,0.0,0.0,0.0,6.8,15.8,0.0,1026.9
2025-04-08 05:00:00+00:00,5.5,79,2.1,0,0.0,0.0,0.0,0.0,8.3,18.4,0.0,1027.1
2025-04-08 06:00:00+00:00,5.5,79,2.1,0,24.0,8.0,144.5,16.0,8.3,19.1,0.0,1027.3
2025-04-08 07:00:00+00:00,6.3,77,2.6,0,143.0,88.0,549.4,55.0,10.1,22.3,0.0,1027.3
2025-04-08 08:00:00+00:00,8.3,70,3.1,14,310.0,227.0,711.7,83.0,7.6,17.6,0.0,1027.7
2025-04-08 09:00:00+00:00,11.2,58,3.2,3,473.0,374.0,808.2,99.0,7.2,17.3,0.0,1027.5
2025-04-08 10:00:00+00:00,13.3,41,0.3,38,585.0,435.0,747.7,150.0,6.8,20.9,0.0,1027.5
2025-04-08 11:00:00+00:00,14.2,37,-0.3,88,592.0,462.0,691.7,130.0,6.1,22.7,0.0,1027.4
2025-04-08 12:00:00+00:00,14.2,38,0.1,90,624.0,426.0,595.5,198.0,4.0,20.2,0.0,1027.2
2025-04-08 13:00:00+00:00,14.8,38,0.6,83,603.0,261.0,362.1,342.0,3.2,19.8,0.0,1026.8
2025-04-08 14:00:00+00:00,15.8,36,0.7,79,543.0,247.0,361.1,296.0,7.6,23.8,0.0,1026.3
2025-04-08 15:00:00+00:00,16.5,35,1.0,30,547.0,431.0,709.7,116.0,8.6,25.9,0.0,1026.1
2025-04-08 16:00:00+00:00,16.4,36,1.3,19,407.0,321.0,647.0,86.0,8.6,24.8,0.0,1026.0
2025-04-08 17:00:00+00:00,16.3,36,1.2,7,244.0,182.0,508.3,62.0,11.2,27.7,0.0,1025.8
2025-04-08 18:00:00+00:00,15.8,38,1.5,2,71.0,39.0,192.6,32.0,11.2,26.6,0.0,1025.3
2025-04-08 19:00:00+00:00,14.7,41,1.6,0,0.0,0.0,0.0,0.0,11.9,27.4,0.0,1025.7
2025-04-08 20:00:00+00:00,13.4,47,2.3,0,0.0,0.0,0.0,0.0,11.2,26.3,0.0,1026.1
2025-04-08 21:00:00+00:00,11.1,57,2.9,0,0.0,0.0,0.0,0.0,6.8,16.6,0.0,1025.9
2025-04-08 22:00:00+00:00,10.8,56,2.3,0,0.0,0.0,0.0,0.0,10.1,24.1,0.0,1026.2
2025-04-08 23:00:00+00:00,9.6,55,1.0,4,0.0,0.0,0.0,0.0,11.9,27.4,0.0,1026.5
2025-04-09 00:00:00+00:00,8.7,57,0.6,0,0.0,0.0,0.0,0.0,10.4,24.5,0.0,1026.6
2025-04-09 01:00:00+00:00,7.7,65,1.6,0,0.0,0.0,0.0,0.0,11.2,24.8,0.0,1026.8
2025-04-09 02:00:00+00:00,7.2,71,2.3,0,0.0,0.0,0.0,0.0,11.9,26.6,0.0,1026.6
2025-04-09 03:00:00+00:00,6.9,72,2.2,0,0.0,0.0,0.0,0.0,13.3,29.5,0.0,1026.7
2025-04-09 04:00:00+00:00,6.4,73,1.9,0,0.0,0.0,0.0,0.0,14.0,31.0,0.0,1027.1
2025-04-09 05:00:00+00:00,5.8,76,1.9,0,0.0,0.0,0.0,0.0,13.7,29.9,0.0,1027.2
2025-04-09 06:00:00+00:00,4.9,81,1.9,5,26.0,8.0,137.3,18.0,13.7,29.9,0.0,1028.0
2025-04-09 07:00:00+00:00,5.3,79,1.9,69,124.0,39.0,235.0,85.0,13.7,30.2,0.0,1028.5
2025-04-09 08:00:00+00:00,6.3,71,1.4,53,288.0,142.0,437.5,146.0,14.0,31.7,0.0,1028.9
2025-04-09 09:00:00+00:00,8.6,63,2.0,0,478.0,380.0,811.7,98.0,15.5,35.3,0.0,1029.1
2025-04-09 10:00:00+00:00,10.3,55,1.6,0,611.0,505.0,860.4,106.0,15.8,36.4,0.0,1029.3
2025-04-09 11:00:00+00:00,11.8,51,2.0,0,703.0,594.0,882.9,109.0,15.5,37.1,0.0,1029.3
2025-04-09 12:00:00+00:00,13.0,48,2.3,0,748.0,640.0,888.9,108.0,15.8,38.2,0.0,1029.1
2025-04-09 13:00:00+00:00,13.9,45,2.2,0,740.0,638.0,879.7,102.0,15.8,38.5,0.0,1028.9
2025-04-09 14:00:00+00:00,14.8,42,2.0,0,679.0,584.0,848.6,95.0,15.1,37.4,0.0,1028.7
2025-04-09 15:00:00+00:00,15.8,39,1.9,0,571.0,485.0,793.2,86.0,14.0,35.3,0.0,1028.4
2025-04-09 16:00:00+00:00,15.9,40,2.3,0,423.0,348.0,695.6,75.0,13.7,33.8,0.0,1028.4
2025-04-09 17:00:00+00:00,15.6,41,2.4,1,249.0,190.0,524.6,59.0,13.7,32.8,0.0,1028.6
2025-04-09 18:00:00+00:00,15.3,42,2.4,0,76.0,43.0,208.1,33.0,13.7,31.7,0.0,1028.7
2025-04-09 19:00:00+00:00,13.3,54,4.2,0,0.0,0.0,0.0,0.0,6.8,21.2,0.0,1029.3
2025-04-09 20:00:00+00:00,10.7,72,5.8,0,0.0,0.0,0.0,0.0,4.7,13.0,0.0,1030.4
2025-04-09 21:00:00+00:00,10.8,66,4.7,1,0.0,0.0,0.0,0.0,9.7,23.0,0.0,1031.0
2025-04-09 22:00:00+00:00,9.4,70,4.2,0,0.0,0.0,0.0,0.0,11.2,26.3,0.0,1031.7
2025-04-09 23:00:00+00:00,8.3,75,4.2,9,0.0,0.0,0.0,0.0,10.4,24.5,0.0,1031.9
2025-04-10 00:00:00+00:00,7.5,80,4.3,27,0.0,0.0,0.0,0.0,6.8,16.6,0.0,1032.0
2025-04-10 01:00:00+00:00,7.2,77,3.4,67,0.0,0.0,0.0,0.0,10.4,23.8,0.0,1032.1
2025-04-10 02:00:00+00:00,6.5,79,3.1,36,0.0,0.0,0.0,0.0,11.2,25.2,0.0,1032.2
2025-04-10 03:00:00+00:00,6.1,80,2.9,63,0.0,0.0,0.0,0.0,10.1,22.3,0.0,1032.2
2025-04-10 04:00:00+00:00,6.0,79,2.6,71,0.0,0.0,0.0,0.0,9.7,22.0,0.0,1032.1
2025-04-10 05:00:00+00:00,6.1,78,2.5,87,0.0,0.0,0.0,0.0,8.3,18.7,0.0,1032.2
2025-04-10 06:00:00+00:00,6.2,76,2.3,95,18.0,1.0,16.4,17.0,8.3,18.7,0.0,1032.2
2025-04-10 07:00:00+00:00,6.6,75,2.5,93,96.0,11.0,64.1,85.0,10.8,24.8,0.0,1032.4
2025-04-10 08:00:00+00:00,7.3,72,2.6,99,189.0,7.0,21.2,182.0,9.4,22.3,0.0,1032.3
2025-04-10 09:00:00+00:00,8.4,69,3.1,94,343.0,83.0,175.3,260.0,8.6,22.7,0.0,1032.6
2025-04-10 10:00:00+00:00,9.6,67,3.7,69,515.0,272.0,459.5,243.0,9.7,24.5,0.0,1032.2
2025-04-10 11:00:00+00:00,10.7,64,4.2,79,576.0,264.0,389.6,312.0,7.6,22.0,0.0,1031.8
2025-04-10 12:00:00+00:00,11.8,62,4.7,47,690.0,463.0,639.0,227.0,5.8,20.2,0.0,1031.5
2025-04-10 13:00:00+00:00,12.9,59,5.1,45,688.0,492.0,674.4,196.0,4.0,19.1,0.0,1030.9
2025-04-10 14:00:00+00:00,13.6,57,5.3,54,607.0,371.0,535.8,236.0,2.9,17.3,0.0,1030.4
2025-04-10 15:00:00+00:00,13.9,58,5.8,28,544.0,426.0,692.1,118.0,9.0,22.7,0.0,1029.6
2025-04-10 16:00:00+00:00,13.9,60,6.2,34,382.0,253.0,501.7,129.0,10.1,23.0,0.0,1029.2
2025-04-10 17:00:00+00:00,13.5,60,5.9,13,244.0,186.0,507.9,58.0,10.1,23.0,0.0,1028.9
2025-04-10 18:00:00+00:00,12.1,64,5.5,0,79.0,45.0,213.5,34.0,10.4,24.1,0.0,1028.6
2025-04-10 19:00:00+00:00,10.3,72,5.5,0,0.0,0.0,0.0,0.0,9.0,20.9,0.0,1028.6
2025-04-10 20:00:00+00:00,9.1,79,5.7,0,0.0,0.0,0.0,0.0,6.8,16.6,0.0,1028.7
2025-04-10 21:00:00+00:00,8.6,83,5.9,0,0.0,0.0,0.0,0.0,5.0,12.6,0.0,1028.5
2025-04-10 22:00:00+00:00,8.1,84,5.5,0,0.0,0.0,0.0,0.0,4.0,10.4,0.0,1028.2
2025-04-10 23:00:00+00:00,7.7,87,5.7,0,0.0,0.0,0.0,0.0,4.0,10.4,0.0,1027.7
2025-04-11 00:00:00+00:00,7.0,91,5.7,1,0.0,0.0,0.0,0.0,3.2,9.0,0.0,1027.2
2025-04-11 01:00:00+00:00,6.6,93,5.5,7,0.0,0.0,0.0,0.0,3.2,9.0,0.0,1026.9
2025-04-11 02:00:00+00:00,6.4,94,5.5,30,0.0,0.0,0.0,0.0,3.2,9.0,0.0,1026.7
2025-04-11 03:00:00+00:00,6.5,93,5.5,8,0.0,0.0,0.0,0.0,4.0,9.4,0.0,1026.4
2025-04-11 04:00:00+00:00,6.1,94,5.2,9,0.0,0.0,0.0,0.0,2.9,7.6,0.0,1025.8
2025-04-11 05:00:00+00:00,6.0,92,4.8,4,0.0,0.0,0.0,0.0,3.6,9.0,0.0,1025.7
2025-04-11 06:00:00+00:00,6.4,92,5.2,1,30.0,11.0,172.1,19.0,2.9,7.6,0.0,1025.5
2025-04-11 07:00:00+00:00,7.5,88,5.7,0,157.0,99.0,558.5,58.0,2.9,7.6,0.0,1025.2
2025-04-11 08:00:00+00:00,9.0,83,6.2,0,324.0,240.0,715.4,84.0,2.9,8.6,0.0,1025.0
2025-04-11 09:00:00+00:00,11.1,75,6.9,0,485.0,386.0,806.5,99.0,1.4,7.6,0.0,1024.9
2025-04-11 10:00:00+00:00,13.6,63,6.7,0,617.0,511.0,856.1,106.0,0.4,8.3,0.0,1024.5
2025-04-11 11:00:00+00:00,15.5,54,6.2,0,709.0,601.0,880.8,108.0,3.2,14.4,0.0,1023.6
2025-04-11 12:00:00+00:00,16.8,47,5.4,0,756.0,649.0,890.2,107.0,3.2,16.2,0.0,1022.8
2025-04-11 13:00:00+00:00,17.8,44,5.4,0,747.0,645.0,878.9,102.0,6.5,19.8,0.0,1022.1
2025-04-11 14:00:00+00:00,18.4,41,4.9,0,687.0,592.0,849.9,95.0,8.6,22.7,0.0,1021.2
2025-04-11 15:00:00+00:00,18.4,38,3.8,0,579.0,493.0,795.7,86.0,10.1,24.5,0.0,1020.3
2025-04-11 16:00:00+00:00,17.9,40,4.1,0,433.0,359.0,706.3,74.0,12.2,28.4,0.0,1019.7
2025-04-11 17:00:00+00:00,17.0,43,4.4,0,260.0,201.0,542.9,59.0,11.9,26.6,0.0,1019.0
2025-04-11 18:00:00+00:00,15.6,43,3.1,0,84.0,50.0,232.7,34.0,11.5,26.3,0.0,1018.4
2025-04-11 19:00:00+00:00,14.3,51,4.3,0,0.0,0.0,0.0,0.0,7.9,18.7,0.0,1017.8
2025-04-11 20:00:00+00:00,13.2,59,5.3,0,0.0,0.0,0.0,0.0,5.8,14.0,0.0,1017.8
2025-04-11 21:00:00+00:00,12.1,63,5.3,0,0.0,0.0,0.0,0.0,5.0,13.0,0.0,1017.3
2025-04-11 22:00:00+00:00,11.9,64,5.3,0,0.0,0.0,0.0,0.0,5.8,13.7,0.0,1016.7
2025-04-11 23:00:00+00:00,12.0,59,4.2,0,0.0,0.0,0.0,0.0,6.8,16.6,0.0,1016.0
2025-04-12 00:00:00+00:00,11.1,61,3.9,0,0.0,0.0,0.0,0.0,7.6,17.6,0.0,1015.1
2025-04-12 01:00:00+00:00,10.6,64,4.1,0,0.0,0.0,0.0,0.0,8.3,19.4,0.0,1014.2
2025-04-12 02:00:00+00:00,10.4,70,5.2,0,0.0,0.0,0.0,0.0,8.3,19.4,0.0,1013.2
2025-04-12 03:00:00+00:00,10.2,72,5.4,0,0.0,0.0,0.0,0.0,8.6,20.5,0.0,1013.1
2025-04-12 04:00:00+00:00,10.0,76,6.0,0,0.0,0.0,0.0,0.0,9.4,21.6,0.0,1012.2
2025-04-12 05:00:00+00:00,9.7,78,6.0,0,0.0,0.0,0.0,0.0,9.4,22.3,0.0,1011.8
2025-04-12 06:00:00+00:00,9.8,78,6.1,0,33.0,12.0,179.9,21.0,9.4,22.0,0.0,1011.3
2025-04-12 07:00:00+00:00,10.7,75,6.4,0,163.0,104.0,568.9,59.0,10.4,23.8,0.0,1010.6
2025-04-12 08:00:00+00:00,12.2,70,6.9,0,332.0,247.0,724.7,85.0,10.1,23.4,0.0,1009.9
2025-04-12 09:00:00+00:00,14.6,62,7.4,41,484.0,388.0,802.1,96.0,13.3,30.6,0.0,1008.7
2025-04-12 10:00:00+00:00,14.9,61,7.5,65,548.0,315.0,523.4,233.0,14.8,33.5,0.0,1007.8
2025-04-12 11:00:00+00:00,14.9,59,7.0,49,621.0,429.0,624.5,192.0,18.0,40.0,0.0,1006.9
2025-04-12 12:00:00+00:00,14.8,58,6.6,77,554.0,273.0,372.2,281.0,17.6,39.2,0.0,1005.9
2025-04-12 13:00:00+00:00,15.2,59,7.2,79,561.0,278.0,376.7,283.0,17.6,38.9,0.0,1004.9
2025-04-12 14:00:00+00:00,15.3,58,7.1,75,504.0,263.0,375.4,241.0,16.2,36.4,0.0,1003.6
2025-04-12 15:00:00+00:00,14.9,58,6.7,86,375.0,97.0,155.6,278.0,17.6,40.0,0.0,1002.9
2025-04-12 16:00:00+00:00,15.1,61,7.6,56,346.0,199.0,388.5,147.0,13.7,30.2,0.0,1001.9
2025-04-12 17:00:00+00:00,14.8,64,8.1,99,61.0,1.0,2.7,60.0,10.8,24.8,0.0,1001.3
2025-04-12 18:00:00+00:00,14.2,68,8.4,95,43.0,1.0,4.6,42.0,7.9,18.4,0.0,1000.5
2025-04-12 19:00:00+00:00,13.8,69,8.2,95,0.0,0.0,0.0,0.0,9.0,20.9,0.0,1000.5
2025-04-12 20:00:00+00:00,12.3,82,9.3,100,0.0,0.0,0.0,0.0,5.8,13.7,0.5,1000.3
2025-04-12 21:00:00+00:00,12.5,73,7.8,98,0.0,0.0,0.0,0.0,3.6,8.6,0.0,1000.7
2025-04-12 22:00:00+00:00,12.7,74,8.2,100,0.0,0.0,0.0,0.0,5.8,13.7,0.0,1000.5
2025-04-12 23:00:00+00:00,12.3,81,9.1,100,0.0,0.0,0.0,0.0,13.0,29.9,0.8,1000.4
2025-04-13 00:00:00+00:00,10.9,95,10.2,97,0.0,0.0,0.0,0.0,7.9,18.0,0.0,1001.2
2025-04-13 01:00:00+00:00,11.5,94,10.5,73,0.0,0.0,0.0,0.0,8.6,19.8,0.0,1001.0
2025-04-13 02:00:00+00:00,11.4,91,10.0,94,0.0,0.0,0.0,0.0,14.4,33.5,0.0,1001.2
2025-04-13 03:00:00+00:00,11.2,88,9.3,66,0.0,0.0,0.0,0.0,16.2,37.1,0.0,1001.6
2025-04-13 04:00:00+00:00,10.5,82,7.5,80,0.0,0.0,0.0,0.0,12.2,28.1,0.0,1002.2
2025-04-13 05:00:00+00:00,10.0,83,7.2,57,0.0,0.0,0.0,0.0,11.9,28.1,0.0,1002.9
2025-04-13 06:00:00+00:00,9.5,83,6.8,38,30.0,12.0,172.8,18.0,10.4,24.8,0.0,1004.6
2025-04-13 07:00:00+00:00,10.1,79,6.6,45,137.0,74.0,393.0,63.0,14.8,34.6,0.0,1005.3
2025-04-13 08:00:00+00:00,11.2,72,6.4,41,292.0,177.0,511.4,115.0,12.2,29.2,0.0,1005.9
2025-04-13 09:00:00+00:00,12.2,71,7.1,88,253.0,42.0,85.9,211.0,14.0,32.8,0.0,1006.2
2025-04-13 10:00:00+00:00,13.2,66,7.0,0,627.0,530.0,873.7,97.0,16.9,39.2,0.0,1006.3
2025-04-13 11:00:00+00:00,13.5,56,4.9,52,610.0,362.0,523.5,248.0,16.6,39.6,0.0,1006.7
2025-04-13 12:00:00+00:00,14.9,42,2.1,90,451.0,81.0,109.8,370.0,18.4,44.6,0.0,1006.5
2025-04-13 13:00:00+00:00,15.6,36,0.6,97,393.0,39.0,52.5,354.0,17.6,43.6,0.0,1006.4
2025-04-13 14:00:00+00:00,15.3,36,0.3,99,222.0,0.0,0.0,222.0,15.5,38.2,0.0,1006.6
2025-04-13 15:00:00+00:00,13.1,54,4.0,100,135.0,0.0,0.0,135.0,25.6,58.7,0.0,1006.9
2025-04-13 16:00:00+00:00,13.3,47,2.2,100,124.0,1.0,1.9,123.0,14.8,35.3,0.0,1006.7
2025-04-13 17:00:00+00:00,12.9,51,3.0,88,130.0,41.0,108.4,89.0,13.7,32.4,0.0,1007.1
2025-04-13 18:00:00+00:00,11.5,63,4.7,100,6.0,0.0,0.0,6.0,18.0,41.0,0.0,1007.4
2025-04-13 19:00:00+00:00,10.6,76,6.5,94,0.0,0.0,0.0,0.0,10.1,23.0,1.0,1007.9
2025-04-13 20:00:00+00:00,9.5,72,4.7,53,0.0,0.0,0.0,0.0,5.4,12.6,0.0,1008.3
2025-04-13 21:00:00+00:00,9.2,72,4.4,5,0.0,0.0,0.0,0.0,4.7,10.8,0.0,1007.9
2025-04-13 22:00:00+00:00,8.7,75,4.5,16,0.0,0.0,0.0,0.0,4.3,10.8,0.0,1008.1
2025-04-13 23:00:00+00:00,8.5,78,4.9,71,0.0,0.0,0.0,0.0,4.0,9.4,0.0,1008.1
2025-04-14 00:00:00+00:00,7.4,88,5.6,52,0.0,0.0,0.0,0.0,4.0,8.3,0.0,1008.1
2025-04-14 01:00:00+00:00,8.4,88,6.6,91,0.0,0.0,0.0,0.0,7.6,16.2,0.0,1007.9
2025-04-14 02:00:00+00:00,8.8,88,6.9,84,0.0,0.0,0.0,0.0,7.9,17.3,0.0,1007.5
2025-04-14 03:00:00+00:00,8.7,87,6.6,47,0.0,0.0,0.0,0.0,5.8,13.0,0.0,1007.3
2025-04-14 04:00:00+00:00,8.3,92,7.1,9,0.0,0.0,0.0,0.0,6.8,14.8,0.0,1006.9
2025-04-14 05:00:00+00:00,8.1,93,7.1,22,0.0,0.0,0.0,0.0,6.8,15.5,0.0,1006.8
2025-04-14 06:00:00+00:00,8.8,93,7.8,18,35.0,18.0,249.6,17.0,8.6,19.4,0.0,1006.9
2025-04-14 07:00:00+00:00,9.4,92,8.2,11,171.0,104.0,536.9,67.0,10.1,21.2,0.0,1006.8
2025-04-14 08:00:00+00:00,10.9,77,7.1,19,338.0,244.0,694.5,94.0,10.4,23.8,0.0,1006.7
2025-04-14 09:00:00+00:00,11.8,73,7.1,88,360.0,197.0,399.0,163.0,15.5,35.3,0.0,1006.8
2025-04-14 10:00:00+00:00,12.6,63,5.7,100,206.0,3.0,4.9,203.0,15.8,36.7,0.0,1006.6
2025-04-14 11:00:00+00:00,13.3,54,4.2,98,391.0,91.0,130.8,300.0,15.8,37.8,0.0,1006.0
2025-04-14 12:00:00+00:00,14.4,46,2.9,51,680.0,473.0,637.4,207.0,17.6,42.5,0.0,1005.2
2025-04-14 13:00:00+00:00,14.1,53,4.7,95,483.0,153.0,205.0,330.0,18.4,43.9,0.0,1004.3
2025-04-14 14:00:00+00:00,13.4,57,5.1,75,519.0,287.0,405.0,232.0,21.2,48.2,0.0,1003.5
2025-04-14 15:00:00+00:00,12.7,68,7.0,98,240.0,4.0,6.3,236.0,18.0,40.3,0.0,1002.2
2025-04-14 16:00:00+00:00,12.1,74,7.6,99,66.0,0.0,0.0,66.0,19.1,42.5,0.0,1001.5
2025-04-14 17:00:00+00:00,12.0,76,7.9,96,92.0,6.0,15.7,86.0,16.9,37.8,0.0,1001.0
2025-04-14 18:00:00+00:00,11.9,71,6.8,98,27.0,0.0,0.0,27.0,13.0,29.2,0.0,1000.2
2025-04-14 19:00:00+00:00,12.0,72,7.1,100,0.0,0.0,0.0,0.0,11.2,25.9,0.0,1000.0
2025-04-14 20:00:00+00:00,12.0,72,7.1,100,0.0,0.0,0.0,0.0,12.6,29.2,0.0,999.6
2025-04-14 21:00:00+00:00,10.7,85,8.3,98,0.0,0.0,0.0,0.0,8.3,19.8,0.0,999.9
2025-04-14 22:00:00+00:00,10.8,82,7.9,98,0.0,0.0,0.0,0.0,11.2,25.9,0.0,999.4
2025-04-14 23:00:00+00:00,10.8,85,8.4,94,0.0,0.0,0.0,0.0,11.5,26.6,0.0,998.4
2025-04-15 00:00:00+00:00,10.4,86,8.2,100,0.0,0.0,0.0,0.0,10.8,24.8,0.0,997.5
2025-04-15 01:00:00+00:00,10.3,88,8.4,98,0.0,0.0,0.0,0.0,10.1,22.7,0.0,996.7
2025-04-15 02:00:00+00:00,10.3,89,8.6,100,0.0,0.0,0.0,0.0,6.8,16.6,0.0,995.9
2025-04-15 03:00:00+00:00,10.4,90,8.8,99,0.0,0.0,0.0,0.0,8.3,19.1,0.0,994.7
2025-04-15 04:00:00+00:00,10.6,89,8.8,100,0.0,0.0,0.0,0.0,4.7,10.8,0.0,994.0
2025-04-15 05:00:00+00:00,11.0,87,8.9,100,0.0,0.0,0.0,0.0,6.8,15.5,0.0,993.7
2025-04-15 06:00:00+00:00,11.0,93,9.9,100,3.0,0.0,0.0,3.0,13.7,31.3,0.7,993.5
2025-04-15 07:00:00+00:00,11.1,95,10.3,100,43.0,0.0,0.0,43.0,10.1,23.0,0.3,992.7
2025-04-15 08:00:00+00:00,12.1,91,10.7,88,179.0,19.0,53.3,160.0,10.4,24.1,0.0,992.5
2025-04-15 09:00:00+00:00,13.7,77,9.8,86,323.0,92.0,184.5,231.0,10.4,24.8,0.0,993.5
2025-04-15 10:00:00+00:00,15.2,71,10.0,30,596.0,459.0,745.2,137.0,7.6,20.9,0.0,993.0
2025-04-15 11:00:00+00:00,15.6,69,10.0,33,645.0,446.0,636.8,199.0,16.9,38.2,0.0,992.8
2025-04-15 12:00:00+00:00,16.3,67,10.1,35,656.0,432.0,578.9,224.0,15.8,36.4,0.0,992.7
2025-04-15 13:00:00+00:00,16.3,65,9.7,40,652.0,446.0,594.4,206.0,19.4,44.3,0.0,992.5
2025-04-15 14:00:00+00:00,16.2,67,10.1,74,451.0,152.0,213.4,299.0,15.8,36.4,0.0,992.2
2025-04-15 15:00:00+00:00,15.5,71,10.3,80,520.0,329.0,518.0,191.0,21.2,46.8,0.0,992.4
2025-04-15 16:00:00+00:00,15.5,68,9.6,98,316.0,142.0,271.1,174.0,20.2,44.6,0.0,992.2
2025-04-15 17:00:00+00:00,14.6,68,8.8,44,238.0,155.0,401.6,83.0,20.9,46.4,0.0,992.0
2025-04-15 18:00:00+00:00,13.9,68,8.1,52,75.0,40.0,173.1,35.0,19.4,44.3,0.0,991.8
2025-04-15 19:00:00+00:00,12.9,76,8.8,77,0.0,0.0,0.0,0.0,17.6,40.0,0.0,992.0
2025-04-15 20:00:00+00:00,11.3,84,8.7,81,0.0,0.0,0.0,0.0,16.6,36.7,0.0,992.2
2025-04-15 21:00:00+00:00,10.4,82,7.4,95,0.0,0.0,0.0,0.0,24.5,55.1,0.0,992.7
2025-04-15 22:00:00+00:00,9.6,86,7.4,100,0.0,0.0,0.0,0.0,27.4,62.3,0.0,992.1
2025-04-15 23:00:00+00:00,9.4,88,7.5,100,0.0,0.0,0.0,0.0,25.9,57.6,0.0,990.8
2025-04-16 00:00:00+00:00,9.4,90,7.8,99,0.0,0.0,0.0,0.0,29.2,65.2,0.0,989.0
2025-04-16 01:00:00+00:00,10.1,90,8.6,99,0.0,0.0,0.0,0.0,23.0,50.0,0.0,989.6
2025-04-16 02:00:00+00:00,9.6,85,7.2,100,0.0,0.0,0.0,0.0,23.0,51.8,0.0,991.8
2025-04-16 03:00:00+00:00,7.6,79,4.2,88,0.0,0.0,0.0,0.0,30.2,69.1,0.0,997.0
2025-04-16 04:00:00+00:00,7.9,78,4.3,84,0.0,0.0,0.0,0.0,25.2,58.0,0.0,998.6
2025-04-16 05:00:00+00:00,8.0,77,4.2,98,0.0,0.0,0.0,0.0,19.1,44.3,0.0,1000.2
2025-04-16 06:00:00+00:00,7.6,81,4.6,87,21.0,8.0,103.4,13.0,22.7,51.8,0.0,1000.8
2025-04-16 07:00:00+00:00,8.4,75,4.2,59,133.0,116.0,568.0,17.0,19.4,45.0,0.0,1002.0
2025-04-16 08:00:00+00:00,9.6,67,3.7,82,237.0,168.0,464.8,69.0,20.2,46.4,0.0,1003.0
2025-04-16 09:00:00+00:00,11.3,52,1.8,76,361.0,134.0,266.2,227.0,23.8,53.3,0.0,1003.7
2025-04-16 10:00:00+00:00,12.2,50,2.1,0,652.0,544.0,876.8,108.0,25.6,58.7,0.0,1004.6
2025-04-16 11:00:00+00:00,13.4,37,-1.0,0,748.0,637.0,904.0,111.0,24.5,56.9,0.0,1005.3
2025-04-16 12:00:00+00:00,13.4,44,1.4,28,729.0,566.0,754.4,163.0,27.0,61.9,0.0,1005.6
2025-04-16 13:00:00+00:00,13.2,44,1.2,38,683.0,459.0,608.6,224.0,24.5,57.2,0.0,1006.4
2025-04-16 14:00:00+00:00,13.2,42,0.6,7,708.0,600.0,837.7,108.0,23.0,54.0,0.0,1006.7
2025-04-16 15:00:00+00:00,13.4,53,4.0,95,341.0,43.0,67.3,298.0,18.0,42.5,0.0,1007.1
2025-04-16 16:00:00+00:00,12.6,46,1.3,0,457.0,382.0,724.0,75.0,21.6,49.3,0.0,1007.8
2025-04-16 17:00:00+00:00,11.8,53,2.6,0,282.0,222.0,569.5,60.0,19.8,45.4,0.0,1008.4
2025-04-16 18:00:00+00:00,11.0,60,3.5,0,104.0,66.0,280.8,38.0,16.6,37.1,0.0,1009.0
2025-04-16 19:00:00+00:00,9.8,71,4.8,0,0.0,0.0,0.0,0.0,13.7,30.2,0.0,1009.9
2025-04-16 20:00:00+00:00,9.2,74,4.8,0,0.0,0.0,0.0,0.0,10.4,23.8,0.0,1010.6
2025-04-16 21:00:00+00:00,8.6,79,5.2,1,0.0,0.0,0.0,0.0,7.2,16.6,0.0,1011.2
2025-04-16 22:00:00+00:00,7.9,83,5.2,11,0.0,0.0,0.0,0.0,3.6,8.6,0.0,1011.4
2025-04-16 23:00:00+00:00,8.3,84,5.7,80,0.0,0.0,0.0,0.0,2.2,6.1,0.0,1011.9
2025-04-17 00:00:00+00:00,7.9,85,5.5,30,0.0,0.0,0.0,0.0,3.2,7.6,0.0,1012.0
2025-04-17 01:00:00+00:00,8.2,83,5.5,47,0.0,0.0,0.0,0.0,3.2,8.3,0.0,1012.1
2025-04-17 02:00:00+00:00,7.8,85,5.5,39,0.0,0.0,0.0,0.0,3.2,8.6,0.0,1012.0
2025-04-17 03:00:00+00:00,8.1,86,5.9,54,0.0,0.0,0.0,0.0,4.0,10.1,0.0,1012.0
2025-04-17 04:00:00+00:00,7.9,87,5.9,27,0.0,0.0,0.0,0.0,4.0,9.7,0.0,1012.2
2025-04-17 05:00:00+00:00,7.9,87,5.9,47,1.0,0.0,0.0,1.0,4.0,9.4,0.0,1012.5
2025-04-17 06:00:00+00:00,8.2,87,6.2,22,42.0,15.0,187.7,27.0,4.7,10.8,0.0,1012.5
2025-04-17 07:00:00+00:00,8.9,82,6.0,16,183.0,112.0,534.9,71.0,5.0,12.2,0.0,1012.9
2025-04-17 08:00:00+00:00,10.3,77,6.5,28,334.0,211.0,576.0,123.0,6.8,16.2,0.0,1013.1
2025-04-17 09:00:00+00:00,11.8,65,5.4,41,441.0,265.0,521.6,176.0,15.8,37.1,0.0,1012.8
2025-04-17 10:00:00+00:00,12.4,59,4.6,38,568.0,363.0,580.9,205.0,13.0,32.4,0.0,1012.9
2025-04-17 11:00:00+00:00,12.9,52,3.3,99,323.0,98.0,138.2,225.0,11.9,31.3,0.0,1012.9
2025-04-17 12:00:00+00:00,14.1,45,2.3,60,654.0,350.0,464.0,304.0,15.8,39.2,0.0,1012.7
2025-04-17 13:00:00+00:00,14.4,45,2.6,34,699.0,513.0,676.7,186.0,15.8,40.3,0.0,1012.6
2025-04-17 14:00:00+00:00,14.3,45,2.5,17,682.0,540.0,750.0,142.0,14.8,38.2,0.0,1012.4
2025-04-17 15:00:00+00:00,14.1,45,2.4,76,420.0,104.0,161.8,316.0,14.0,35.3,0.0,1012.7
2025-04-17 16:00:00+00:00,13.7,46,2.3,46,374.0,206.0,387.7,168.0,14.0,34.6,0.0,1012.7
2025-04-17 17:00:00+00:00,13.1,50,2.9,0,284.0,223.0,566.5,61.0,14.0,32.8,0.0,1012.8
2025-04-17 18:00:00+00:00,13.1,52,3.5,0,107.0,68.0,284.6,39.0,10.4,24.5,0.0,1013.0
2025-04-17 19:00:00+00:00,11.5,62,4.5,0,0.0,0.0,0.0,0.0,4.7,11.2,0.0,1013.0
2025-04-17 20:00:00+00:00,10.7,68,5.1,0,0.0,0.0,0.0,0.0,5.0,11.9,0.0,1013.3
2025-04-17 21:00:00+00:00,10.4,68,4.7,2,0.0,0.0,0.0,0.0,5.4,13.3,0.0,1012.9
2025-04-17 22:00:00+00:00,10.3,74,5.8,37,0.0,0.0,0.0,0.0,8.3,19.1,0.0,1012.9
2025-04-17 23:00:00+00:00,10.1,82,7.1,59,0.0,0.0,0.0,0.0,7.9,18.4,0.0,1012.8
2025-04-18 00:00:00+00:00,9.6,86,7.4,63,0.0,0.0,0.0,0.0,6.5,15.5,0.0,1012.4
2025-04-18 01:00:00+00:00,9.5,89,7.8,77,0.0,0.0,0.0,0.0,7.2,16.6,0.0,1011.8
2025-04-18 02:00:00+00:00,9.7,86,7.4,77,0.0,0.0,0.0,0.0,6.8,15.8,0.0,1011.5
2025-04-18 03:00:00+00:00,9.6,87,7.6,91,0.0,0.0,0.0,0.0,6.5,14.8,0.0,1011.0
2025-04-18 04:00:00+00:00,9.7,83,6.9,87,0.0,0.0,0.0,0.0,8.6,20.5,0.0,1010.7
2025-04-18 05:00:00+00:00,10.0,85,7.6,80,1.0,0.0,0.0,1.0,10.8,24.8,0.0,1010.5
2025-04-18 06:00:00+00:00,10.4,88,8.5,65,35.0,9.0,109.2,26.0,9.7,22.0,0.0,1010.3
2025-04-18 07:00:00+00:00,10.9,77,7.0,81,146.0,47.0,219.2,99.0,12.2,26.6,0.0,1010.2
2025-04-18 08:00:00+00:00,11.8,67,5.9,98,259.0,82.0,220.9,177.0,16.2,36.7,0.0,1010.0
2025-04-18 09:00:00+00:00,11.1,72,6.2,100,45.0,0.0,0.0,45.0,22.0,49.0,0.1,1009.8
2025-04-18 10:00:00+00:00,11.3,72,6.5,98,278.0,8.0,12.7,270.0,20.5,46.1,0.1,1009.6
2025-04-18 11:00:00+00:00,11.6,70,6.3,100,72.0,0.0,0.0,72.0,22.0,49.0,0.1,1009.3
2025-04-18 12:00:00+00:00,9.8,89,8.1,100,73.0,0.0,0.0,73.0,20.9,46.4,2.1,1009.1
2025-04-18 13:00:00+00:00,10.5,87,8.5,100,88.0,0.0,0.0,88.0,21.2,47.9,0.7,1008.4
2025-04-18 14:00:00+00:00,9.9,85,7.5,100,70.0,0.0,0.0,70.0,26.3,58.7,0.5,1008.1
2025-04-18 15:00:00+00:00,9.7,91,8.3,100,70.0,0.0,0.0,70.0,20.5,46.1,2.3,1007.5
2025-04-18 16:00:00+00:00,9.8,91,8.4,100,32.0,0.0,0.0,32.0,21.2,48.2,3.3,1007.0
2025-04-18 17:00:00+00:00,9.8,92,8.6,100,18.0,0.0,0.0,18.0,20.5,45.7,3.4,1006.6
2025-04-18 18:00:00+00:00,10.2,93,9.1,100,12.0,0.0,0.0,12.0,23.4,53.3,1.1,1005.8
2025-04-18 19:00:00+00:00,10.4,94,9.5,100,0.0,0.0,0.0,0.0,22.7,51.8,3.0,1005.5
2025-04-18 20:00:00+00:00,10.5,95,9.7,100,0.0,0.0,0.0,0.0,20.2,45.7,3.2,1005.5
2025-04-18 21:00:00+00:00,10.2,94,9.3,100,0.0,0.0,0.0,0.0,19.4,45.4,2.0,1005.8
2025-04-18 22:00:00+00:00,10.4,94,9.5,100,0.0,0.0,0.0,0.0,22.0,50.8,1.8,1005.4
2025-04-18 23:00:00+00:00,10.5,93,9.4,100,0.0,0.0,0.0,0.0,22.0,50.4,2.1,1004.4
2025-04-19 00:00:00+00:00,10.6,88,8.7,100,0.0,0.0,0.0,0.0,24.8,58.0,0.4,1004.7
2025-04-19 01:00:00+00:00,10.4,87,8.3,100,0.0,0.0,0.0,0.0,24.5,56.2,0.6,1004.0
2025-04-19 02:00:00+00:00,10.0,91,8.6,100,0.0,0.0,0.0,0.0,22.3,50.8,1.4,1003.7
2025-04-19 03:00:00+00:00,10.7,82,7.7,100,0.0,0.0,0.0,0.0,22.0,50.8,0.3,1003.9
2025-04-19 04:00:00+00:00,10.2,88,8.3,100,0.0,0.0,0.0,0.0,20.2,47.2,3.6,1003.6
2025-04-19 05:00:00+00:00,10.2,87,8.1,100,0.0,0.0,0.0,0.0,19.4,45.0,0.0,1003.8
2025-04-19 06:00:00+00:00,9.8,89,8.1,100,4.0,0.0,0.0,4.0,20.2,46.4,0.6,1004.2
2025-04-19 07:00:00+00:00,9.5,90,7.9,100,7.0,0.0,0.0,7.0,20.9,48.6,2.7,1004.5
2025-04-19 08:00:00+00:00,9.5,90,8.0,100,23.0,0.0,0.0,23.0,16.9,38.5,2.5,1005.3
2025-04-19 09:00:00+00:00,11.5,67,5.6,100,82.0,0.0,0.0,82.0,17.3,39.2,0.0,1006.0
2025-04-19 10:00:00+00:00,12.2,60,4.7,100,136.0,0.0,0.0,136.0,16.6,38.2,0.0,1006.4
2025-04-19 11:00:00+00:00,12.7,54,3.7,100,25.0,0.0,0.0,25.0,17.3,40.0,0.0,1006.6
2025-04-19 12:00:00+00:00,13.5,49,3.0,100,237.0,8.0,10.5,229.0,20.9,48.2,0.0,1006.6
2025-04-19 13:00:00+00:00,13.7,51,3.8,100,139.0,0.0,0.0,139.0,15.5,35.6,0.0,1006.6
2025-04-19 14:00:00+00:00,15.0,48,4.1,100,345.0,39.0,53.6,306.0,17.3,39.6,0.0,1006.0
2025-04-19 15:00:00+00:00,16.2,42,3.3,84,419.0,157.0,241.6,262.0,18.4,42.5,0.0,1005.6
2025-04-19 16:00:00+00:00,16.3,46,4.6,82,288.0,23.0,42.7,265.0,18.4,42.5,0.0,1005.4
2025-04-19 17:00:00+00:00,14.5,53,5.0,100,84.0,5.0,12.5,79.0,18.7,42.8,0.0,1005.7
2025-04-19 18:00:00+00:00,14.0,55,5.1,99,40.0,0.0,0.0,40.0,16.9,38.9,0.0,1005.6
2025-04-19 19:00:00+00:00,13.0,55,4.1,91,0.0,0.0,0.0,0.0,20.2,45.7,0.0,1005.9
2025-04-19 20:00:00+00:00,11.9,54,2.9,77,0.0,0.0,0.0,0.0,20.2,45.4,0.0,1006.1
2025-04-19 21:00:00+00:00,10.5,56,2.1,37,0.0,0.0,0.0,0.0,21.2,48.2,0.0,1006.6
2025-04-19 22:00:00+00:00,9.9,57,1.8,99,0.0,0.0,0.0,0.0,20.2,45.0,0.0,1006.7
2025-04-19 23:00:00+00:00,9.3,62,2.4,99,0.0,0.0,0.0,0.0,20.9,47.2,0.0,1006.6
2025-04-20 00:00:00+00:00,8.3,67,2.5,92,0.0,0.0,0.0,0.0,22.0,48.2,0.0,1006.6
2025-04-20 01:00:00+00:00,7.7,72,3.0,90,0.0,0.0,0.0,0.0,21.2,46.8,0.0,1006.3
2025-04-20 02:00:00+00:00,7.2,75,3.0,96,0.0,0.0,0.0,0.0,22.0,48.6,0.0,1005.9
2025-04-20 03:00:00+00:00,6.9,77,3.2,56,0.0,0.0,0.0,0.0,20.5,45.4,0.0,1005.7
2025-04-20 04:00:00+00:00,6.8,77,3.0,63,0.0,0.0,0.0,0.0,17.3,38.2,0.0,1005.6
2025-04-20 05:00:00+00:00,6.5,78,3.0,88,2.0,0.0,0.0,2.0,15.5,34.6,0.0,1005.8
2025-04-20 06:00:00+00:00,7.1,74,2.8,48,40.0,16.0,183.0,24.0,21.2,47.2,0.0,1005.8
2025-04-20 07:00:00+00:00,7.8,73,3.2,45,157.0,99.0,441.0,58.0,22.3,49.7,0.0,1005.3
2025-04-20 08:00:00+00:00,8.8,69,3.5,92,150.0,9.0,23.6,141.0,17.6,39.6,0.0,1005.4
2025-04-20 09:00:00+00:00,9.7,67,3.8,88,226.0,40.0,76.7,186.0,15.8,35.6,0.0,1005.5
2025-04-20 10:00:00+00:00,10.7,67,4.8,98,182.0,6.0,9.4,176.0,14.8,34.2,0.0,1006.1
2025-04-20 11:00:00+00:00,11.2,69,5.7,98,213.0,22.0,30.5,191.0,13.7,31.0,0.0,1005.7
2025-04-20 12:00:00+00:00,12.3,69,6.8,100,307.0,2.0,2.6,305.0,13.0,29.9,0.0,1005.5
2025-04-20 13:00:00+00:00,13.5,69,8.0,100,208.0,0.0,0.0,208.0,11.2,26.3,0.0,1005.2
2025-04-20 14:00:00+00:00,14.9,66,8.6,97,276.0,64.0,87.5,212.0,7.6,20.2,0.0,1004.8
2025-04-20 15:00:00+00:00,13.4,74,8.9,100,85.0,0.0,0.0,85.0,11.9,27.0,0.0,1004.9
2025-04-20 16:00:00+00:00,13.1,80,9.7,100,82.0,0.0,0.0,82.0,4.7,16.9,0.0,1004.9
2025-04-20 17:00:00+00:00,14.0,73,9.2,58,209.0,91.0,224.8,118.0,7.2,16.9,0.0,1004.7
2025-04-20 18:00:00+00:00,13.5,78,9.7,73,65.0,19.0,75.8,46.0,5.4,13.7,0.0,1005.1
2025-04-20 19:00:00+00:00,13.1,74,8.5,52,0.0,0.0,0.0,0.0,5.8,13.7,0.0,1005.2
2025-04-20 20:00:00+00:00,13.2,76,9.0,68,0.0,0.0,0.0,0.0,7.6,18.0,0.0,1005.6
2025-04-20 21:00:00+00:00,11.7,82,8.8,89,0.0,0.0,0.0,0.0,8.3,18.7,0.0,1005.7
2025-04-20 22:00:00+00:00,11.4,81,8.3,88,0.0,0.0,0.0,0.0,8.6,20.2,0.0,1005.9
2025-04-20 23:00:00+00:00,10.7,83,8.0,80,0.0,0.0,0.0,0.0,6.8,15.8,0.0,1006.0
2025-04-21 00:00:00+00:00,10.7,85,8.3,100,0.0,0.0,0.0,0.0,5.8,13.7,0.0,1006.0
2025-04-21 01:00:00+00:00,10.6,86,8.3,99,0.0,0.0,0.0,0.0,4.0,10.1,0.0,1005.8
2025-04-21 02:00:00+00:00,10.4,87,8.3,100,0.0,0.0,0.0,0.0,5.8,13.7,0.0,1005.9
2025-04-21 03:00:00+00:00,9.9,93,8.8,100,0.0,0.0,0.0,0.0,4.7,10.8,0.0,1006.1
2025-04-21 04:00:00+00:00,9.4,94,8.5,100,0.0,0.0,0.0,0.0,5.8,13.0,0.0,1006.3
2025-04-21 05:00:00+00:00,9.4,92,8.2,94,3.0,0.0,0.0,3.0,4.7,11.2,0.0,1006.8
2025-04-21 06:00:00+00:00,8.9,90,7.4,98,30.0,1.0,11.1,29.0,5.0,12.2,0.0,1007.1
2025-04-21 07:00:00+00:00,9.5,88,7.6,100,108.0,2.0,8.7,106.0,4.0,10.1,0.0,1007.4
2025-04-21 08:00:00+00:00,10.0,85,7.6,99,147.0,4.0,10.4,143.0,0.4,5.8,0.0,1007.8
2025-04-21 09:00:00+00:00,11.0,87,8.9,100,72.0,0.0,0.0,72.0,6.5,14.0,0.0,1008.6
2025-04-21 10:00:00+00:00,10.7,94,9.8,100,77.0,0.0,0.0,77.0,4.0,9.4,0.6,1009.1
2025-04-21 11:00:00+00:00,11.0,95,10.3,100,104.0,0.0,0.0,104.0,7.9,19.1,0.6,1009.4
2025-04-21 12:00:00+00:00,11.2,91,9.8,100,123.0,0.0,0.0,123.0,11.9,26.6,0.5,1009.7
2025-04-21 13:00:00+00:00,11.8,84,9.2,100,196.0,0.0,0.0,196.0,11.2,24.8,0.0,1010.1
2025-04-21 14:00:00+00:00,13.3,73,8.5,82,492.0,105.0,142.9,387.0,8.6,21.2,0.0,1010.1
2025-04-21 15:00:00+00:00,13.5,70,8.2,100,162.0,0.0,0.0,162.0,5.4,14.4,0.1,1010.4
2025-04-21 16:00:00+00:00,12.2,89,10.5,100,34.0,0.0,0.0,34.0,10.8,24.1,1.7,1011.0
2025-04-21 17:00:00+00:00,12.3,83,9.5,95,109.0,0.0,0.0,109.0,5.8,13.0,1.7,1011.4
2025-04-21 18:00:00+00:00,12.9,75,8.6,68,86.0,26.0,102.2,60.0,9.4,21.6,0.0,1012.0
2025-04-21 19:00:00+00:00,12.3,74,7.8,95,0.0,0.0,0.0,0.0,12.2,28.8,0.0,1012.9
2025-04-21 20:00:00+00:00,10.8,66,4.7,2,0.0,0.0,0.0,0.0,12.2,28.4,0.0,1014.0
2025-04-21 21:00:00+00:00,9.4,71,4.4,17,0.0,0.0,0.0,0.0,11.9,27.4,0.0,1014.5
2025-04-21 22:00:00+00:00,8.9,77,5.1,27,0.0,0.0,0.0,0.0,10.1,23.4,0.0,1015.1
2025-04-21 23:00:00+00:00,8.5,80,5.2,7,0.0,0.0,0.0,0.0,10.1,23.4,0.0,1015.7
2025-04-22 00:00:00+00:00,8.3,82,5.4,5,0.0,0.0,0.0,0.0,8.6,20.2,0.0,1016.0
2025-04-22 01:00:00+00:00,7.8,84,5.3,13,0.0,0.0,0.0,0.0,8.3,19.1,0.0,1016.1
2025-04-22 02:00:00+00:00,7.2,86,5.0,19,0.0,0.0,0.0,0.0,6.1,14.4,0.0,1016.3
2025-04-22 03:00:00+00:00,6.3,91,4.9,41,0.0,0.0,0.0,0.0,5.0,11.9,0.0,1016.0
2025-04-22 04:00:00+00:00,6.0,92,4.8,59,0.0,0.0,0.0,0.0,4.7,11.2,0.0,1016.3
2025-04-22 05:00:00+00:00,5.8,92,4.6,27,6.0,0.0,0.0,6.0,5.4,12.6,0.0,1016.9
2025-04-22 06:00:00+00:00,6.5,91,5.2,22,58.0,28.0,303.4,30.0,4.0,9.4,0.0,1017.5
2025-04-22 07:00:00+00:00,7.9,85,5.6,43,206.0,125.0,533.5,81.0,5.4,12.2,0.0,1017.8
2025-04-22 08:00:00+00:00,10.0,77,6.2,82,300.0,129.0,330.6,171.0,6.5,15.5,0.0,1018.0
2025-04-22 09:00:00+00:00,12.0,65,5.6,65,435.0,256.0,482.4,179.0,9.0,24.1,0.0,1018.1
2025-04-22 10:00:00+00:00,13.1,53,3.7,84,475.0,147.0,227.4,328.0,8.3,23.0,0.0,1018.0
2025-04-22 11:00:00+00:00,13.9,61,6.5,67,614.0,456.0,625.4,158.0,15.5,37.1,0.0,1017.8
2025-04-22 12:00:00+00:00,12.2,72,7.3,100,179.0,0.0,0.0,179.0,17.3,40.0,0.5,1018.1
2025-04-22 13:00:00+00:00,13.0,61,5.6,100,173.0,3.0,3.9,170.0,20.5,46.8,0.1,1017.8
2025-04-22 14:00:00+00:00,14.6,51,4.6,39,624.0,371.0,502.6,253.0,19.4,45.7,0.1,1017.4
2025-04-22 15:00:00+00:00,14.5,53,5.0,73,456.0,300.0,454.1,156.0,18.7,44.6,0.0,1017.0
2025-04-22 16:00:00+00:00,14.4,53,5.0,0,471.0,399.0,726.1,72.0,20.2,46.1,0.0,1016.6
2025-04-22 17:00:00+00:00,13.6,57,5.2,1,299.0,237.0,574.9,62.0,19.1,42.8,0.0,1016.6
2025-04-22 18:00:00+00:00,12.5,65,6.1,0,124.0,82.0,317.4,42.0,15.8,36.0,0.0,1016.6
2025-04-22 19:00:00+00:00,11.3,78,7.6,79,0.0,0.0,0.0,0.0,13.3,29.5,0.0,1016.4
2025-04-22 20:00:00+00:00,10.7,84,8.1,71,0.0,0.0,0.0,0.0,13.3,29.2,0.0,1016.1
2025-04-22 21:00:00+00:00,10.5,86,8.3,82,0.0,0.0,0.0,0.0,14.0,31.0,0.0,1015.3
2025-04-22 22:00:00+00:00,10.9,74,6.5,100,0.0,0.0,0.0,0.0,14.8,31.7,0.0,1014.5
2025-04-22 23:00:00+00:00,11.1,76,7.0,100,0.0,0.0,0.0,0.0,18.0,40.0,0.0,1013.3
2025-04-23 00:00:00+00:00,10.4,87,8.3,100,0.0,0.0,0.0,0.0,21.2,46.4,1.2,1012.1
2025-04-23 01:00:00+00:00,10.1,94,9.2,100,0.0,0.0,0.0,0.0,20.5,45.4,3.3,1010.5
2025-04-23 02:00:00+00:00,9.9,93,8.8,100,0.0,0.0,0.0,0.0,25.6,56.2,7.0,1008.7
2025-04-23 03:00:00+00:00,10.4,95,9.7,96,0.0,0.0,0.0,0.0,12.2,27.4,4.2,1006.5
2025-04-23 04:00:00+00:00,10.1,93,9.0,73,0.0,0.0,0.0,0.0,10.1,23.0,0.0,1007.0
2025-04-23 05:00:00+00:00,9.6,94,8.7,73,6.0,0.0,0.0,6.0,10.4,24.5,0.0,1007.7
2025-04-23 06:00:00+00:00,8.9,93,7.8,88,40.0,5.0,52.8,35.0,10.1,22.7,0.0,1007.6
2025-04-23 07:00:00+00:00,9.7,90,8.2,63,184.0,94.0,393.1,90.0,11.5,26.3,0.0,1007.6
2025-04-23 08:00:00+00:00,10.9,84,8.3,31,360.0,197.0,499.0,163.0,9.4,21.6,0.0,1007.9
2025-04-23 09:00:00+00:00,12.3,69,6.8,100,230.0,28.0,52.3,202.0,9.7,24.8,0.0,1007.9
2025-04-23 10:00:00+00:00,13.8,57,5.5,60,550.0,190.0,292.1,360.0,8.3,22.7,0.0,1008.1
2025-04-23 11:00:00+00:00,14.4,55,5.5,100,218.0,21.0,28.6,197.0,13.3,31.0,0.0,1008.5
2025-04-23 12:00:00+00:00,14.1,63,7.2,100,233.0,2.0,2.6,231.0,20.2,46.4,0.0,1009.4
2025-04-23 13:00:00+00:00,14.1,64,7.4,100,258.0,1.0,1.3,257.0,11.9,28.8,0.0,1009.8
2025-04-23 14:00:00+00:00,14.6,61,7.2,100,299.0,7.0,9.4,292.0,7.9,21.6,0.0,1010.0
2025-04-23 15:00:00+00:00,14.5,59,6.6,100,216.0,1.0,1.5,215.0,11.9,27.4,0.0,1011.6
2025-04-23 16:00:00+00:00,14.8,56,6.1,99,186.0,5.0,9.0,181.0,14.8,33.8,0.0,1012.4
2025-04-23 17:00:00+00:00,14.3,57,5.9,100,54.0,0.0,0.0,54.0,13.3,30.2,0.0,1013.5
2025-04-23 18:00:00+00:00,13.2,61,5.8,99,38.0,0.0,0.0,38.0,11.9,26.3,0.0,1015.0
2025-04-23 19:00:00+00:00,12.4,65,6.0,75,0.0,0.0,0.0,0.0,10.8,23.8,0.0,1015.9
2025-04-23 20:00:00+00:00,11.7,69,6.2,97,0.0,0.0,0.0,0.0,8.6,19.1,0.0,1016.9
2025-04-23 21:00:00+00:00,12.3,71,7.2,96,0.0,0.0,0.0,0.0,5.0,11.9,0.0,1018.0
2025-04-23 22:00:00+00:00,12.1,73,7.4,89,0.0,0.0,0.0,0.0,5.0,11.9,0.0,1018.6
2025-04-23 23:00:00+00:00,11.8,78,8.1,95,0.0,0.0,0.0,0.0,4.3,10.1,0.0,1019.1
2025-04-24 00:00:00+00:00,10.9,77,7.0,95,0.0,0.0,0.0,0.0,5.0,11.5,0.0,1019.9
2025-04-24 01:00:00+00:00,10.8,79,7.3,89,0.0,0.0,0.0,0.0,4.0,9.7,0.0,1019.9
2025-04-24 02:00:00+00:00,10.9,80,7.6,100,0.0,0.0,0.0,0.0,2.5,5.8,0.0,1019.9
2025-04-24 03:00:00+00:00,11.0,82,8.0,100,0.0,0.0,0.0,0.0,9.0,19.8,0.0,1019.8
2025-04-24 04:00:00+00:00,10.6,81,7.5,100,0.0,0.0,0.0,0.0,10.1,22.3,0.0,1020.0
2025-04-24 05:00:00+00:00,10.0,80,6.7,100,4.0,0.0,0.0,4.0,10.8,23.8,0.0,1020.7
2025-04-24 06:00:00+00:00,10.5,83,7.7,98,23.0,1.0,10.3,22.0,6.8,15.1,0.0,1020.6
2025-04-24 07:00:00+00:00,10.7,85,8.3,100,62.0,0.0,0.0,62.0,8.6,19.8,0.0,1021.0
2025-04-24 08:00:00+00:00,10.8,79,7.3,100,98.0,0.0,0.0,98.0,9.0,20.5,0.0,1021.4
2025-04-24 09:00:00+00:00,11.8,74,7.3,100,255.0,9.0,16.7,246.0,7.2,18.4,0.0,1022.1
2025-04-24 10:00:00+00:00,13.0,68,7.2,100,333.0,24.0,36.7,309.0,6.1,17.6,0.0,1022.4
2025-04-24 11:00:00+00:00,13.5,64,6.8,96,356.0,34.0,46.1,322.0,2.9,14.4,0.0,1022.5
2025-04-24 12:00:00+00:00,14.6,52,4.8,70,593.0,241.0,308.6,352.0,2.5,15.8,0.0,1022.7
2025-04-24 13:00:00+00:00,15.0,51,5.0,100,104.0,0.0,0.0,104.0,2.9,12.6,0.0,1022.3
2025-04-24 14:00:00+00:00,15.7,46,4.1,25,654.0,527.0,707.3,127.0,4.7,19.1,0.0,1022.1
2025-04-24 15:00:00+00:00,15.4,51,5.3,23,585.0,431.0,645.6,154.0,6.8,20.5,0.0,1022.3
2025-04-24 16:00:00+00:00,15.4,59,7.4,84,234.0,53.0,95.2,181.0,13.0,30.2,0.0,1022.2
2025-04-24 17:00:00+00:00,14.8,62,7.6,16,296.0,227.0,541.1,69.0,12.2,29.2,0.0,1022.1
2025-04-24 18:00:00+00:00,13.3,70,8.0,43,106.0,48.0,180.5,58.0,10.1,24.1,0.0,1022.2
2025-04-24 19:00:00+00:00,12.6,78,8.8,56,0.0,0.0,0.0,0.0,5.4,13.7,0.0,1022.4
2025-04-24 20:00:00+00:00,11.7,83,8.9,41,0.0,0.0,0.0,0.0,4.7,11.2,0.0,1022.7
2025-04-24 21:00:00+00:00,11.6,83,8.8,37,0.0,0.0,0.0,0.0,6.5,14.8,0.0,1022.5
2025-04-24 22:00:00+00:00,11.0,87,8.9,34,0.0,0.0,0.0,0.0,5.4,13.7,0.0,1022.6
2025-04-24 23:00:00+00:00,10.7,89,8.9,69,0.0,0.0,0.0,0.0,2.9,7.6,0.0,1022.6
2025-04-25 00:00:00+00:00,10.2,89,8.5,89,0.0,0.0,0.0,0.0,9.7,22.7,0.0,1022.6
2025-04-25 01:00:00+00:00,10.5,89,8.8,85,0.0,0.0,0.0,0.0,12.2,28.1,0.0,1022.5
2025-04-25 02:00:00+00:00,10.4,89,8.6,93,0.0,0.0,0.0,0.0,10.1,22.3,0.0,1022.5
2025-04-25 03:00:00+00:00,10.0,91,8.6,93,0.0,0.0,0.0,0.0,9.0,21.2,0.0,1022.5
2025-04-25 04:00:00+00:00,9.7,90,8.2,89,0.0,0.0,0.0,0.0,8.6,20.9,0.0,1022.4
2025-04-25 05:00:00+00:00,9.3,87,7.2,94,9.0,0.0,0.0,9.0,8.3,19.1,0.0,1022.7
2025-04-25 06:00:00+00:00,9.9,83,7.2,95,42.0,3.0,30.2,39.0,11.2,25.2,0.0,1023.0
2025-04-25 07:00:00+00:00,9.8,78,6.2,90,150.0,38.0,152.8,112.0,11.2,25.6,0.0,1023.3
2025-04-25 08:00:00+00:00,10.4,73,5.8,91,306.0,109.0,269.9,197.0,10.1,23.8,0.0,1023.3
2025-04-25 09:00:00+00:00,11.7,70,6.4,75,478.0,272.0,500.4,206.0,10.4,24.1,0.0,1023.1
2025-04-25 10:00:00+00:00,12.6,65,6.2,74,642.0,465.0,706.2,177.0,10.4,24.5,0.0,1022.8
2025-04-25 11:00:00+00:00,13.1,62,6.0,81,713.0,493.0,665.6,220.0,16.2,37.1,0.0,1022.7
2025-04-25 12:00:00+00:00,13.3,61,5.9,84,706.0,443.0,564.6,263.0,17.6,40.7,0.0,1022.5
2025-04-25 13:00:00+00:00,13.5,60,5.9,95,649.0,333.0,423.0,316.0,17.6,40.0,0.0,1022.3
2025-04-25 14:00:00+00:00,13.8,56,5.2,91,577.0,273.0,364.7,304.0,17.3,39.2,0.0,1021.9
2025-04-25 15:00:00+00:00,14.1,59,6.2,47,605.0,479.0,713.9,126.0,18.4,41.4,0.0,1021.5
2025-04-25 16:00:00+00:00,13.8,63,6.9,2,476.0,398.0,710.8,78.0,17.3,39.2,0.0,1021.4
2025-04-25 17:00:00+00:00,13.0,71,7.9,34,282.0,187.0,442.0,95.0,15.5,35.3,0.0,1021.2
2025-04-25 18:00:00+00:00,12.7,69,7.2,19,127.0,76.0,281.9,51.0,13.7,30.2,0.0,1021.2
2025-04-25 19:00:00+00:00,12.0,74,7.5,23,1.0,0.0,0.0,1.0,10.8,24.8,0.0,1020.9
2025-04-25 20:00:00+00:00,11.5,79,8.0,31,0.0,0.0,0.0,0.0,10.4,23.0,0.0,1021.2
2025-04-25 21:00:00+00:00,11.2,83,8.4,84,0.0,0.0,0.0,0.0,5.8,13.7,0.0,1020.9
2025-04-25 22:00:00+00:00,11.3,82,8.3,91,0.0,0.0,0.0,0.0,8.3,19.4,0.0,1020.9
2025-04-25 23:00:00+00:00,10.9,77,7.1,86,0.0,0.0,0.0,0.0,8.6,19.8,0.0,1020.8
2025-04-26 00:00:00+00:00,10.5,77,6.7,50,0.0,0.0,0.0,0.0,8.6,20.2,0.0,1020.5
2025-04-26 01:00:00+00:00,10.2,78,6.5,55,0.0,0.0,0.0,0.0,7.9,18.7,0.0,1020.2
2025-04-26 02:00:00+00:00,9.8,80,6.5,56,0.0,0.0,0.0,0.0,6.8,15.8,0.0,1020.0
2025-04-26 03:00:00+00:00,10.0,80,6.7,87,0.0,0.0,0.0,0.0,7.2,16.6,0.0,1019.9
2025-04-26 04:00:00+00:00,9.9,81,6.8,82,0.0,0.0,0.0,0.0,6.5,15.5,0.0,1020.0
2025-04-26 05:00:00+00:00,9.6,84,7.0,61,0.0,0.0,0.0,0.0,6.5,15.5,0.0,1020.4
2025-04-26 06:00:00+00:00,10.1,82,7.2,68,58.0,18.0,177.0,40.0,7.6,17.3,0.0,1020.7
2025-04-26 07:00:00+00:00,11.3,79,7.8,90,119.0,14.0,55.3,105.0,7.2,16.6,0.0,1021.0
2025-04-26 08:00:00+00:00,12.2,77,8.3,99,166.0,1.0,2.4,165.0,9.4,21.6,0.0,1021.2
2025-04-26 09:00:00+00:00,13.0,72,8.1,99,260.0,6.0,11.0,254.0,9.4,22.3,0.0,1021.6
2025-04-26 10:00:00+00:00,14.0,64,7.3,100,271.0,4.0,6.0,267.0,11.2,25.6,0.0,1022.0
2025-04-26 11:00:00+00:00,14.4,63,7.5,100,399.0,25.0,33.6,374.0,13.0,28.1,0.0,1022.2
2025-04-26 12:00:00+00:00,14.9,54,5.7,64,736.0,519.0,658.5,217.0,19.4,43.6,0.0,1022.1
2025-04-26 13:00:00+00:00,15.2,51,5.1,100,558.0,185.0,234.0,373.0,18.4,40.7,0.0,1022.1
2025-04-26 14:00:00+00:00,15.4,50,5.0,100,510.0,154.0,204.8,356.0,15.5,35.3,0.0,1022.1
2025-04-26 15:00:00+00:00,15.8,49,5.1,52,603.0,457.0,677.8,146.0,14.0,32.4,0.0,1022.1
2025-04-26 16:00:00+00:00,15.7,49,5.0,80,335.0,170.0,301.8,165.0,11.2,25.6,0.0,1022.5
2025-04-26 17:00:00+00:00,15.6,49,4.9,73,223.0,119.0,279.0,104.0,10.1,22.7,0.0,1022.6
2025-04-26 18:00:00+00:00,15.1,53,5.6,95,59.0,3.0,11.0,56.0,6.5,14.8,0.0,1022.9
2025-04-26 19:00:00+00:00,14.6,60,6.9,68,2.0,0.0,0.0,2.0,6.8,16.9,0.0,1023.3
2025-04-26 20:00:00+00:00,13.7,63,6.8,89,0.0,0.0,0.0,0.0,5.4,13.3,0.0,1024.2
2025-04-26 21:00:00+00:00,13.6,74,9.1,60,0.0,0.0,0.0,0.0,4.7,11.9,0.0,1024.3
2025-04-26 22:00:00+00:00,12.9,78,9.2,62,0.0,0.0,0.0,0.0,4.0,10.1,0.0,1024.6
2025-04-26 23:00:00+00:00,12.8,78,9.1,99,0.0,0.0,0.0,0.0,2.9,6.8,0.0,1024.6
2025-04-27 00:00:00+00:00,12.9,80,9.5,100,0.0,0.0,0.0,0.0,1.1,4.0,0.0,1024.6
2025-04-27 01:00:00+00:00,13.1,76,9.0,96,0.0,0.0,0.0,0.0,4.7,11.5,0.0,1024.5
2025-04-27 02:00:00+00:00,12.6,75,8.3,54,0.0,0.0,0.0,0.0,5.0,13.0,0.0,1024.4
2025-04-27 03:00:00+00:00,11.4,75,7.2,30,0.0,0.0,0.0,0.0,5.0,12.2,0.0,1024.5
2025-04-27 04:00:00+00:00,10.9,77,7.0,70,0.0,0.0,0.0,0.0,1.8,5.4,0.0,1025.1
2025-04-27 05:00:00+00:00,10.4,84,7.8,40,2.0,0.0,0.0,2.0,1.8,5.8,0.0,1025.6
2025-04-27 06:00:00+00:00,11.3,84,8.7,29,71.0,31.0,298.3,40.0,4.0,9.4,0.0,1026.1
2025-04-27 07:00:00+00:00,11.6,84,9.0,27,216.0,130.0,504.2,86.0,5.0,13.0,0.0,1026.5
2025-04-27 08:00:00+00:00,12.6,79,9.0,34,369.0,240.0,581.8,129.0,2.5,9.7,0.0,1026.7
2025-04-27 09:00:00+00:00,14.2,71,9.0,40,527.0,386.0,699.5,141.0,2.2,10.1,0.0,1026.8
2025-04-27 10:00:00+00:00,16.1,58,7.8,11,679.0,568.0,852.6,111.0,4.7,16.6,0.0,1026.8
2025-04-27 11:00:00+00:00,17.4,49,6.6,29,762.0,641.0,857.0,121.0,4.3,19.4,0.0,1026.7
2025-04-27 12:00:00+00:00,18.3,45,6.1,60,764.0,543.0,686.0,221.0,7.6,24.8,0.0,1026.4
2025-04-27 13:00:00+00:00,18.7,42,5.6,20,788.0,665.0,837.6,123.0,2.9,19.1,0.0,1026.2
2025-04-27 14:00:00+00:00,19.6,43,6.7,50,609.0,329.0,435.7,280.0,14.0,37.1,0.0,1026.0
2025-04-27 15:00:00+00:00,20.0,39,5.6,37,588.0,358.0,528.4,230.0,15.5,37.4,0.0,1025.5
2025-04-27 16:00:00+00:00,19.5,41,5.9,8,487.0,408.0,719.9,79.0,14.8,35.6,0.0,1025.8
2025-04-27 17:00:00+00:00,18.7,42,5.6,0,317.0,252.0,585.9,65.0,14.0,32.4,0.0,1025.8
2025-04-27 18:00:00+00:00,17.8,45,5.7,0,142.0,96.0,346.5,46.0,11.2,26.3,0.0,1025.8
2025-04-27 19:00:00+00:00,16.3,54,7.0,0,3.0,0.0,0.0,3.0,7.6,19.4,0.0,1026.3
2025-04-27 20:00:00+00:00,15.0,60,7.3,2,0.0,0.0,0.0,0.0,7.9,19.1,0.0,1026.8
2025-04-27 21:00:00+00:00,14.1,68,8.3,47,0.0,0.0,0.0,0.0,7.6,18.7,0.0,1027.2
2025-04-27 22:00:00+00:00,13.1,74,8.5,59,0.0,0.0,0.0,0.0,5.4,13.3,0.0,1027.4
2025-04-27 23:00:00+00:00,12.3,78,8.6,58,0.0,0.0,0.0,0.0,4.3,10.4,0.0,1027.4
2025-04-28 00:00:00+00:00,11.7,80,8.4,50,0.0,0.0,0.0,0.0,3.6,9.0,0.0,1027.2
2025-04-28 01:00:00+00:00,11.2,80,7.9,50,0.0,0.0,0.0,0.0,3.2,7.6,0.0,1026.9
2025-04-28 02:00:00+00:00,11.3,79,7.8,43,0.0,0.0,0.0,0.0,4.3,10.1,0.0,1026.5
2025-04-28 03:00:00+00:00,10.6,82,7.6,20,0.0,0.0,0.0,0.0,3.2,7.2,0.0,1026.4
2025-04-28 04:00:00+00:00,10.1,83,7.4,19,0.0,0.0,0.0,0.0,2.9,7.6,0.0,1026.4
2025-04-28 05:00:00+00:00,10.6,79,7.1,13,4.0,0.0,0.0,4.0,5.8,14.4,0.0,1026.7
2025-04-28 06:00:00+00:00,11.4,77,7.5,70,76.0,31.0,292.1,45.0,3.6,9.4,0.0,1027.0
2025-04-28 07:00:00+00:00,12.7,71,7.6,56,231.0,146.0,556.6,85.0,6.1,13.7,0.0,1027.4
2025-04-28 08:00:00+00:00,13.7,69,8.1,66,390.0,265.0,635.9,125.0,6.1,14.8,0.0,1027.5
2025-04-28 09:00:00+00:00,15.4,63,8.4,6,562.0,456.0,820.5,106.0,9.0,21.2,0.0,1027.7
2025-04-28 10:00:00+00:00,16.9,54,7.6,2,692.0,581.0,867.2,111.0,12.2,29.2,0.0,1027.5
2025-04-28 11:00:00+00:00,18.1,48,6.9,0,783.0,670.0,891.5,113.0,14.4,33.8,0.0,1027.3
2025-04-28 12:00:00+00:00,18.7,43,5.8,0,829.0,717.0,902.0,112.0,16.6,38.2,0.0,1027.0
2025-04-28 13:00:00+00:00,19.1,38,4.4,0,822.0,716.0,898.1,106.0,15.5,36.4,0.0,1026.9
2025-04-28 14:00:00+00:00,19.3,35,3.5,0,760.0,661.0,871.7,99.0,14.8,34.9,0.0,1026.6
2025-04-28 15:00:00+00:00,19.8,38,5.1,5,647.0,557.0,818.1,90.0,13.0,31.3,0.0,1026.5
2025-04-28 16:00:00+00:00,19.7,38,5.0,6,500.0,421.0,738.6,79.0,12.2,29.2,0.0,1026.3
2025-04-28 17:00:00+00:00,19.3,36,3.8,5,330.0,263.0,606.6,67.0,11.5,26.6,0.0,1026.1
2025-04-28 18:00:00+00:00,18.3,41,4.8,8,148.0,101.0,359.9,47.0,9.0,21.2,0.0,1025.8
2025-04-28 19:00:00+00:00,16.9,49,6.1,8,5.0,0.0,0.0,5.0,6.8,16.2,0.0,1025.8
2025-04-28 20:00:00+00:00,15.7,55,6.7,6,0.0,0.0,0.0,0.0,5.0,12.6,0.0,1026.2
2025-04-28 21:00:00+00:00,15.2,58,7.0,8,0.0,0.0,0.0,0.0,5.0,11.9,0.0,1026.6
2025-04-28 22:00:00+00:00,14.8,59,6.9,14,0.0,0.0,0.0,0.0,6.1,15.1,0.0,1026.7
2025-04-28 23:00:00+00:00,13.4,65,7.0,20,0.0,0.0,0.0,0.0,5.0,12.2,0.0,1026.7
2025-04-29 00:00:00+00:00,13.3,61,5.9,25,0.0,0.0,0.0,0.0,6.5,15.5,0.0,1026.5
2025-04-29 01:00:00+00:00,12.7,58,4.6,23,0.0,0.0,0.0,0.0,6.5,15.8,0.0,1026.3
2025-04-29 02:00:00+00:00,12.0,59,4.3,28,0.0,0.0,0.0,0.0,5.8,13.7,0.0,1026.3
2025-04-29 03:00:00+00:00,11.7,62,4.6,42,0.0,0.0,0.0,0.0,6.5,15.5,0.0,1026.0
2025-04-29 04:00:00+00:00,11.2,66,5.1,58,0.0,0.0,0.0,0.0,5.8,14.0,0.0,1026.0
2025-04-29 05:00:00+00:00,11.1,66,5.0,59,5.0,0.0,0.0,5.0,6.5,14.8,0.0,1026.3
2025-04-29 06:00:00+00:00,11.7,64,5.1,23,86.0,45.0,415.5,41.0,6.5,14.8,0.0,1026.1
2025-04-29 07:00:00+00:00,13.2,61,5.8,16,243.0,168.0,629.8,75.0,6.8,15.8,0.0,1026.2
2025-04-29 08:00:00+00:00,15.6,55,6.6,11,410.0,317.0,753.1,93.0,8.3,19.4,0.0,1026.2
2025-04-29 09:00:00+00:00,17.7,50,7.1,6,565.0,461.0,823.7,104.0,9.7,22.7,0.0,1026.2
2025-04-29 10:00:00+00:00,19.4,47,7.8,3,692.0,582.0,864.0,110.0,11.2,26.6,0.0,1026.0
2025-04-29 11:00:00+00:00,19.7,48,8.4,2,781.0,669.0,886.1,112.0,13.7,31.0,0.0,1025.8
2025-04-29 12:00:00+00:00,20.4,45,8.1,2,821.0,712.0,891.9,109.0,16.9,38.2,0.0,1025.5
2025-04-29 13:00:00+00:00,20.7,42,7.4,2,812.0,707.0,883.2,105.0,19.4,42.8,0.0,1025.2
2025-04-29 14:00:00+00:00,20.7,41,7.0,2,752.0,654.0,858.9,98.0,19.4,43.9,0.0,1024.8
2025-04-29 15:00:00+00:00,20.9,38,6.0,0,651.0,562.0,821.6,89.0,18.4,41.8,0.0,1024.3
2025-04-29 16:00:00+00:00,20.5,39,6.1,0,504.0,425.0,741.3,79.0,15.8,35.3,0.0,1024.0
2025-04-29 17:00:00+00:00,20.0,41,6.4,0,332.0,266.0,608.8,66.0,13.7,31.3,0.0,1024.0
2025-04-29 18:00:00+00:00,19.2,45,7.0,0,154.0,107.0,376.4,47.0,10.8,24.5,0.0,1023.6
2025-04-29 19:00:00+00:00,17.3,54,7.9,0,7.0,1.0,8.0,6.0,9.0,21.2,0.0,1023.7
2025-04-29 20:00:00+00:00,15.8,64,9.0,2,0.0,0.0,0.0,0.0,9.4,21.2,0.0,1024.2
2025-04-29 21:00:00+00:00,15.0,69,9.3,3,0.0,0.0,0.0,0.0,5.4,13.7,0.0,1024.5
2025-04-29 22:00:00+00:00,15.3,61,7.8,3,0.0,0.0,0.0,0.0,7.6,18.4,0.0,1024.5
2025-04-29 23:00:00+00:00,14.3,64,7.6,8,0.0,0.0,0.0,0.0,6.1,14.8,0.0,1024.4
2025-04-30 00:00:00+00:00,13.7,65,7.2,16,0.0,0.0,0.0,0.0,5.4,13.0,0.0,1024.2
2025-04-30 01:00:00+00:00,13.3,66,7.1,15,0.0,0.0,0.0,0.0,6.1,14.0,0.0,1024.0
2025-04-30 02:00:00+00:00,13.0,66,6.8,10,0.0,0.0,0.0,0.0,6.5,14.4,0.0,1023.6
2025-04-30 03:00:00+00:00,12.5,69,6.9,5,0.0,0.0,0.0,0.0,5.8,13.7,0.0,1023.4
2025-04-30 04:00:00+00:00,12.2,69,6.7,3,0.0,0.0,0.0,0.0,6.1,14.0,0.0,1023.3
2025-04-30 05:00:00+00:00,11.9,71,6.8,0,7.0,1.0,19.1,6.0,6.1,14.0,0.0,1023.3
2025-04-30 06:00:00+00:00,12.9,68,7.2,0,91.0,49.0,436.7,42.0,5.8,13.3,0.0,1023.3
2025-04-30 07:00:00+00:00,14.4,64,7.7,0,248.0,174.0,642.0,74.0,4.7,10.4,0.0,1023.3
2025-04-30 08:00:00+00:00,16.6,58,8.3,0,414.0,321.0,755.3,93.0,5.4,13.0,0.0,1023.2
2025-04-30 09:00:00+00:00,19.0,50,8.4,0,568.0,464.0,823.4,104.0,7.6,17.6,0.0,1023.1
2025-04-30 10:00:00+00:00,19.8,51,9.4,0,694.0,584.0,862.3,110.0,8.3,19.8,0.0,1022.9
2025-04-30 11:00:00+00:00,20.4,48,9.0,0,781.0,670.0,883.4,111.0,11.9,26.6,0.0,1022.6
2025-04-30 12:00:00+00:00,21.2,43,8.1,0,820.0,711.0,887.1,109.0,14.0,31.3,0.0,1022.4
2025-04-30 13:00:00+00:00,21.9,40,7.7,0,808.0,704.0,876.1,104.0,14.0,31.3,0.0,1022.1
2025-04-30 14:00:00+00:00,22.4,38,7.4,0,746.0,649.0,848.8,97.0,14.8,32.8,0.0,1021.5
2025-04-30 15:00:00+00:00,22.5,38,7.5,0,640.0,551.0,801.9,89.0,14.0,32.0,0.0,1020.9
2025-04-30 16:00:00+00:00,22.0,38,7.1,0,496.0,418.0,725.0,78.0,13.7,31.0,0.0,1020.6
2025-04-30 17:00:00+00:00,21.2,42,7.8,0,328.0,262.0,595.0,66.0,10.4,23.8,0.0,1020.4
2025-04-30 18:00:00+00:00,20.5,47,8.8,0,153.0,106.0,368.3,47.0,7.2,16.9,0.0,1019.9
2025-04-30 19:00:00+00:00,18.9,54,9.2,0,7.8,9.8,74.9,20.2,6.5,17.7,0.0,1019.8
2025-04-30 20:00:00+00:00,17.6,56,8.5,0,0.0,0.0,0.0,3.0,6.8,18.5,0.0,1020.1
2025-04-30 21:00:00+00:00,16.0,60,8.1,0,0.0,0.0,0.0,0.0,4.9,15.2,0.0,1020.3
2025-04-30 22:00:00+00:00,14.6,62,7.4,0,0.0,0.0,0.0,0.0,3.4,10.4,0.0,1020.3
2025-04-30 23:00:00+00:00,13.5,66,7.3,0,0.0,0.0,0.0,0.0,4.1,13.7,0.0,1020.2
2025-05-01 00:00:00+00:00,12.6,70,7.3,0,0.0,0.0,0.0,0.0,5.3,10.8,0.0,1020.1
2025-05-01 01:00:00+00:00,11.8,75,7.5,0,0.0,0.0,0.0,0.0,5.7,10.8,0.0,1019.6
2025-05-01 02:00:00+00:00,11.1,80,7.8,0,0.0,0.0,0.0,0.0,6.1,12.6,0.0,1019.4
2025-05-01 03:00:00+00:00,10.9,83,8.1,0,0.0,0.0,0.0,0.0,6.1,14.4,0.0,1019.2
2025-05-01 04:00:00+00:00,11.1,83,8.3,0,2.0,0.0,0.0,0.0,6.4,14.4,0.0,1019.1
2025-05-01 05:00:00+00:00,11.7,80,8.3,0,22.0,0.0,0.0,3.0,6.5,14.0,0.0,1018.9
2025-05-01 06:00:00+00:00,14.5,69,8.9,38,77.0,32.0,274.3,45.0,5.0,12.2,0.0,1018.6
2025-05-01 07:00:00+00:00,15.5,67,9.4,77,206.0,103.0,374.2,103.0,4.7,11.2,0.0,1018.7
2025-05-01 08:00:00+00:00,17.2,63,10.1,25,390.0,274.0,638.8,116.0,6.8,16.6,0.0,1018.6
2025-05-01 09:00:00+00:00,18.5,59,10.4,23,556.0,441.0,777.4,115.0,6.8,16.6,0.0,1018.5
2025-05-01 10:00:00+00:00,20.3,53,10.4,2,687.0,578.0,849.1,109.0,9.0,20.9,0.0,1018.1
2025-05-01 11:00:00+00:00,22.1,44,9.3,3,770.0,650.0,853.3,120.0,10.1,23.4,0.0,1018.0
2025-05-01 12:00:00+00:00,23.3,40,8.9,0,815.0,706.0,877.4,109.0,12.2,27.4,0.0,1017.4
2025-05-01 13:00:00+00:00,24.2,38,9.0,9,808.0,700.0,867.8,108.0,16.2,36.4,0.0,1016.8
2025-05-01 14:00:00+00:00,24.0,38,8.8,39,728.0,604.0,786.8,124.0,15.8,36.4,0.0,1016.3
2025-05-01 15:00:00+00:00,24.5,36,8.4,2,642.0,553.0,801.2,89.0,15.5,35.3,0.0,1015.9
2025-05-01 16:00:00+00:00,23.7,40,9.3,3,497.0,418.0,721.1,79.0,16.2,36.4,0.0,1015.6
2025-05-01 17:00:00+00:00,22.5,45,10.0,16,324.0,261.0,588.3,63.0,13.0,29.2,0.0,1015.4
2025-05-01 18:00:00+00:00,21.8,46,9.7,55,142.0,41.0,140.7,101.0,11.2,24.8,0.0,1015.1
2025-05-01 19:00:00+00:00,20.0,53,10.1,34,10.0,2.0,15.0,8.0,8.3,20.2,0.0,1015.4
2025-05-01 20:00:00+00:00,19.1,58,10.7,95,0.0,0.0,0.0,0.0,6.5,15.5,0.0,1015.6
2025-05-01 21:00:00+00:00,18.1,61,10.5,49,0.0,0.0,0.0,0.0,6.8,16.9,0.0,1015.9
2025-05-01 22:00:00+00:00,17.2,65,10.5,70,0.0,0.0,0.0,0.0,2.9,8.3,0.0,1015.8
2025-05-01 23:00:00+00:00,17.3,64,10.5,82,0.0,0.0,0.0,0.0,2.9,6.5,0.0,1015.6
2025-05-02 00:00:00+00:00,17.0,64,10.1,48,0.0,0.0,0.0,0.0,3.6,8.3,0.0,1015.6
2025-05-02 01:00:00+00:00,16.3,67,10.1,77,0.0,0.0,0.0,0.0,7.9,18.4,0.0,1015.7
2025-05-02 02:00:00+00:00,16.3,66,9.9,90,0.0,0.0,0.0,0.0,5.8,14.0,0.0,1015.0
2025-05-02 03:00:00+00:00,16.4,67,10.3,100,0.0,0.0,0.0,0.0,1.4,5.0,0.0,1014.7
2025-05-02 04:00:00+00:00,16.0,72,11.0,91,0.0,0.0,0.0,0.0,5.8,15.1,0.4,1014.4
2025-05-02 05:00:00+00:00,14.4,83,11.5,86,5.0,0.0,0.0,5.0,8.6,19.4,0.0,1015.6
2025-05-02 06:00:00+00:00,14.8,71,9.6,9,92.0,49.0,404.9,43.0,4.0,9.4,0.0,1015.4
2025-05-02 07:00:00+00:00,15.1,72,10.1,10,241.0,168.0,601.3,73.0,5.8,14.0,0.0,1016.1
2025-05-02 08:00:00+00:00,16.6,67,10.4,28,359.0,225.0,519.8,134.0,3.6,11.2,0.0,1016.1
2025-05-02 09:00:00+00:00,18.2,59,10.1,25,523.0,382.0,669.1,141.0,3.2,11.9,0.0,1016.4
2025-05-02 10:00:00+00:00,20.1,52,9.9,8,678.0,555.0,811.2,123.0,3.6,14.0,0.0,1016.4
2025-05-02 11:00:00+00:00,21.6,50,10.7,2,772.0,663.0,866.7,109.0,6.8,21.2,0.0,1016.3
2025-05-02 12:00:00+00:00,22.8,45,10.3,0,814.0,706.0,874.0,108.0,8.6,24.8,0.0,1016.0
2025-05-02 13:00:00+00:00,23.5,43,10.2,5,804.0,699.0,863.3,105.0,11.2,29.5,0.0,1015.6
2025-05-02 14:00:00+00:00,24.0,42,10.3,7,747.0,649.0,842.2,98.0,14.4,34.6,0.0,1015.3
2025-05-02 15:00:00+00:00,22.5,49,11.3,0,640.0,551.0,794.8,89.0,14.8,33.8,0.0,1014.8
2025-05-02 16:00:00+00:00,21.8,47,10.0,0,499.0,420.0,720.6,79.0,11.9,28.4,0.0,1014.8
2025-05-02 17:00:00+00:00,21.4,46,9.3,0,331.0,265.0,593.0,66.0,10.4,24.5,0.0,1014.4
2025-05-02 18:00:00+00:00,19.9,55,10.6,0,157.0,109.0,369.7,48.0,6.8,16.9,0.0,1014.5
2025-05-02 19:00:00+00:00,18.5,62,11.1,0,12.0,3.0,21.9,9.0,5.8,13.7,0.0,1014.1
2025-05-02 20:00:00+00:00,17.1,69,11.4,16,0.0,0.0,0.0,0.0,5.0,12.6,0.0,1014.3
2025-05-02 21:00:00+00:00,17.3,69,11.6,70,0.0,0.0,0.0,0.0,5.8,13.7,0.0,1014.5
2025-05-02 22:00:00+00:00,17.2,68,11.2,63,0.0,0.0,0.0,0.0,10.4,24.5,0.0,1015.1
2025-05-02 23:00:00+00:00,14.5,80,11.1,84,0.0,0.0,0.0,0.0,14.0,32.8,0.0,1015.8
2025-05-03 00:00:00+00:00,14.3,77,10.3,100,0.0,0.0,0.0,0.0,11.9,27.4,0.0,1015.5
2025-05-03 01:00:00+00:00,14.2,71,9.0,97,0.0,0.0,0.0,0.0,12.2,28.1,0.0,1014.8
2025-05-03 02:00:00+00:00,13.4,62,6.3,34,0.0,0.0,0.0,0.0,12.2,28.4,0.0,1014.7
2025-05-03 03:00:00+00:00,13.1,63,6.2,63,0.0,0.0,0.0,0.0,11.2,24.8,0.0,1014.0
2025-05-03 04:00:00+00:00,12.8,65,6.4,70,0.0,0.0,0.0,0.0,7.6,17.3,0.0,1014.2
2025-05-03 05:00:00+00:00,12.6,67,6.7,75,7.0,0.0,0.0,7.0,7.2,15.8,0.0,1014.4
2025-05-03 06:00:00+00:00,13.0,67,7.0,95,28.0,5.0,39.9,23.0,5.0,11.9,0.0,1014.6
2025-05-03 07:00:00+00:00,13.3,67,7.3,100,58.0,1.0,3.5,57.0,9.4,21.6,0.0,1014.3
2025-05-03 08:00:00+00:00,14.0,65,7.5,97,138.0,17.0,38.9,121.0,13.7,30.2,0.0,1013.9
2025-05-03 09:00:00+00:00,14.5,62,7.3,100,83.0,0.0,0.0,83.0,6.1,15.5,0.0,1014.8
2025-05-03 10:00:00+00:00,14.8,63,7.8,97,181.0,7.0,10.2,174.0,7.9,18.4,0.0,1014.7
2025-05-03 11:00:00+00:00,15.8,59,7.8,98,221.0,16.0,20.8,205.0,5.4,14.0,0.0,1014.7
2025-05-03 12:00:00+00:00,17.0,53,7.3,94,347.0,26.0,32.1,321.0,7.6,18.7,0.0,1013.9
2025-05-03 13:00:00+00:00,18.8,46,7.0,84,457.0,162.0,199.4,295.0,14.4,33.5,0.0,1013.1
2025-05-03 14:00:00+00:00,19.1,46,7.2,90,256.0,80.0,103.4,176.0,8.6,21.2,0.0,1013.2
2025-05-03 15:00:00+00:00,21.1,34,4.6,69,441.0,172.0,247.1,269.0,8.3,24.5,0.0,1011.9
2025-05-03 16:00:00+00:00,21.7,31,3.9,0,508.0,430.0,733.9,78.0,14.0,34.9,0.0,1011.8
2025-05-03 17:00:00+00:00,20.7,36,5.1,16,319.0,248.0,550.9,71.0,17.6,40.7,0.0,1012.1
2025-05-03 18:00:00+00:00,19.3,40,5.4,13,156.0,96.0,321.9,60.0,17.3,38.2,0.0,1012.5
2025-05-03 19:00:00+00:00,17.5,45,5.4,5,15.0,3.0,21.4,12.0,17.3,39.2,0.0,1013.3
2025-05-03 20:00:00+00:00,16.4,48,5.4,21,0.0,0.0,0.0,0.0,13.7,30.2,0.0,1014.1
2025-05-03 21:00:00+00:00,14.4,54,5.2,0,0.0,0.0,0.0,0.0,14.8,34.6,0.0,1015.5
2025-05-03 22:00:00+00:00,13.5,55,4.6,0,0.0,0.0,0.0,0.0,16.6,38.2,0.0,1016.5
2025-05-03 23:00:00+00:00,12.2,53,2.9,0,0.0,0.0,0.0,0.0,17.3,38.5,0.0,1017.3
2025-05-04 00:00:00+00:00,11.1,56,2.6,0,0.0,0.0,0.0,0.0,15.5,34.6,0.0,1017.5
2025-05-04 01:00:00+00:00,10.2,61,3.0,0,0.0,0.0,0.0,0.0,13.7,31.0,0.0,1017.6
2025-05-04 02:00:00+00:00,9.5,66,3.4,0,0.0,0.0,0.0,0.0,13.0,29.2,0.0,1017.7
2025-05-04 03:00:00+00:00,8.9,70,3.7,0,0.0,0.0,0.0,0.0,10.4,24.5,0.0,1017.7
2025-05-04 04:00:00+00:00,8.5,73,4.0,0,0.0,0.0,0.0,0.0,12.2,27.7,0.0,1017.8
2025-05-04 05:00:00+00:00,8.3,74,3.9,0,12.0,2.0,38.2,10.0,12.2,27.4,0.0,1018.2
2025-05-04 06:00:00+00:00,8.6,74,4.2,13,104.0,57.0,440.4,47.0,14.0,31.0,0.0,1018.5
2025-05-04 07:00:00+00:00,9.6,69,4.2,42,245.0,153.0,532.5,92.0,15.5,34.2,0.0,1018.9
2025-05-04 08:00:00+00:00,11.1,56,2.6,13,426.0,305.0,692.7,121.0,15.5,35.6,0.0,1018.8
2025-05-04 09:00:00+00:00,12.2,47,1.2,45,538.0,291.0,503.6,247.0,16.2,38.2,0.0,1018.9
2025-05-04 10:00:00+00:00,13.2,44,1.2,99,363.0,3.0,4.3,360.0,14.0,35.6,0.0,1018.8
2025-05-04 11:00:00+00:00,14.7,34,-1.0,13,804.0,656.0,850.7,148.0,17.3,42.8,0.0,1018.6
2025-05-04 12:00:00+00:00,15.5,31,-1.5,19,816.0,659.0,809.9,157.0,16.9,43.6,0.0,1018.4
2025-05-04 13:00:00+00:00,16.4,28,-2.2,15,819.0,633.0,776.2,186.0,19.1,47.5,0.0,1018.1
2025-05-04 14:00:00+00:00,16.7,28,-1.9,41,693.0,372.0,479.2,321.0,16.6,42.5,0.0,1017.7
2025-05-04 15:00:00+00:00,16.8,30,-0.9,52,543.0,324.0,463.5,219.0,16.6,41.8,0.0,1017.6
2025-05-04 16:00:00+00:00,15.7,33,-0.5,31,476.0,364.0,618.1,112.0,19.1,45.4,0.0,1018.0
2025-05-04 17:00:00+00:00,15.5,33,-0.7,36,300.0,265.0,584.6,35.0,17.6,41.8,0.0,1018.0
2025-05-04 18:00:00+00:00,14.4,35,-0.9,2,172.0,124.0,411.1,48.0,16.6,38.2,0.0,1018.2
2025-05-04 19:00:00+00:00,13.2,38,-0.8,47,17.0,2.0,13.9,15.0,17.3,38.9,0.0,1018.9
2025-05-04 20:00:00+00:00,12.2,40,-1.0,41,0.0,0.0,0.0,0.0,15.8,36.0,0.0,1020.0
2025-05-04 21:00:00+00:00,11.1,48,0.5,30,0.0,0.0,0.0,0.0,14.8,33.8,0.0,1020.9
2025-05-04 22:00:00+00:00,9.9,50,-0.0,60,0.0,0.0,0.0,0.0,17.3,38.9,0.0,1021.3
2025-05-04 23:00:00+00:00,8.9,56,0.6,55,0.0,0.0,0.0,0.0,15.8,35.6,0.0,1021.7
2025-05-05 00:00:00+00:00,8.0,61,0.9,0,0.0,0.0,0.0,0.0,11.9,26.3,0.0,1021.7
2025-05-05 01:00:00+00:00,7.2,62,0.4,0,0.0,0.0,0.0,0.0,14.0,31.7,0.0,1021.7
2025-05-05 02:00:00+00:00,6.4,67,0.7,0,0.0,0.0,0.0,0.0,13.7,30.2,0.0,1021.6
2025-05-05 03:00:00+00:00,5.9,69,0.6,0,0.0,0.0,0.0,0.0,14.8,32.4,0.0,1021.5
2025-05-05 04:00:00+00:00,5.4,71,0.5,17,0.0,0.0,0.0,0.0,13.7,29.2,0.0,1021.6
2025-05-05 05:00:00+00:00,5.2,73,0.7,1,14.0,3.0,57.3,11.0,14.4,31.0,0.0,1021.7
2025-05-05 06:00:00+00:00,5.6,76,1.7,0,113.0,66.0,494.4,47.0,15.8,34.2,0.0,1021.7
2025-05-05 07:00:00+00:00,7.2,68,1.7,0,276.0,199.0,683.5,77.0,17.3,37.4,0.0,1021.7
2025-05-05 08:00:00+00:00,8.5,64,2.1,92,222.0,63.0,141.9,159.0,15.5,33.8,0.0,1021.7
2025-05-05 09:00:00+00:00,9.8,61,2.6,83,391.0,159.0,273.6,232.0,17.3,38.9,0.0,1021.8
2025-05-05 10:00:00+00:00,11.7,49,1.4,100,252.0,4.0,5.8,248.0,20.5,46.8,0.0,1021.7
2025-05-05 11:00:00+00:00,12.3,48,1.6,100,340.0,17.0,22.0,323.0,17.6,40.7,0.0,1021.6
2025-05-05 12:00:00+00:00,12.5,50,2.4,100,353.0,6.0,7.3,347.0,23.0,53.3,0.0,1021.7
2025-05-05 13:00:00+00:00,13.4,46,2.0,91,436.0,45.0,55.0,391.0,22.3,50.8,0.0,1021.5
2025-05-05 14:00:00+00:00,14.4,41,1.3,90,384.0,332.0,426.1,52.0,19.1,43.2,0.0,1021.3
2025-05-05 15:00:00+00:00,13.6,46,2.2,100,243.0,13.0,18.5,230.0,19.1,43.9,0.0,1021.3
2025-05-05 16:00:00+00:00,14.2,41,1.2,95,197.0,0.0,0.0,197.0,15.1,33.8,0.0,1021.0
2025-05-05 17:00:00+00:00,14.6,33,-1.5,98,153.0,0.0,0.0,153.0,11.2,25.6,0.0,1021.0
2025-05-05 18:00:00+00:00,14.3,36,-0.6,90,101.0,8.0,26.2,93.0,11.2,27.4,0.0,1021.2
2025-05-05 19:00:00+00:00,13.2,37,-1.2,23,21.0,11.0,74.5,10.0,16.2,38.2,0.0,1022.0
2025-05-05 20:00:00+00:00,11.5,43,-0.7,9,0.0,0.0,0.0,0.0,11.2,26.6,0.0,1023.1
2025-05-05 21:00:00+00:00,10.3,47,-0.5,0,0.0,0.0,0.0,0.0,11.2,25.6,0.0,1023.8
2025-05-05 22:00:00+00:00,9.4,51,-0.2,0,0.0,0.0,0.0,0.0,10.1,23.0,0.0,1024.1
2025-05-05 23:00:00+00:00,8.4,53,-0.6,0,0.0,0.0,0.0,0.0,10.1,23.0,0.0,1024.3
2025-05-06 00:00:00+00:00,7.7,68,2.2,0,0.0,0.0,0.0,0.0,12.6,28.1,0.0,1024.2
2025-05-06 01:00:00+00:00,7.1,71,2.2,0,0.0,0.0,0.0,0.0,10.1,22.7,0.0,1024.2
2025-05-06 02:00:00+00:00,6.6,71,1.7,0,0.0,0.0,0.0,0.0,11.2,24.5,0.0,1024.1
2025-05-06 03:00:00+00:00,6.2,71,1.3,0,0.0,0.0,0.0,0.0,12.2,26.6,0.0,1024.0
2025-05-06 04:00:00+00:00,5.8,73,1.3,0,0.0,0.0,0.0,0.0,10.8,23.8,0.0,1024.2
2025-05-06 05:00:00+00:00,5.6,74,1.3,0,15.0,3.0,57.3,12.0,9.7,21.2,0.0,1024.7
2025-05-06 06:00:00+00:00,5.9,76,2.0,5,114.0,64.0,465.7,50.0,9.0,19.1,0.0,1025.2
2025-05-06 07:00:00+00:00,7.5,70,2.4,16,267.0,179.0,607.0,88.0,11.2,24.1,0.0,1025.4
2025-05-06 08:00:00+00:00,9.6,58,1.7,36,414.0,306.0,684.0,108.0,11.2,27.0,0.0,1025.4
2025-05-06 09:00:00+00:00,10.9,51,1.2,90,326.0,4.0,6.8,322.0,11.2,28.1,0.0,1025.5
2025-05-06 10:00:00+00:00,11.4,51,1.6,87,425.0,5.0,7.2,420.0,15.8,37.1,0.0,1025.4
2025-05-06 11:00:00+00:00,13.1,45,1.4,93,496.0,100.0,128.7,396.0,15.8,38.2,0.0,1025.1
2025-05-06 12:00:00+00:00,14.2,42,1.4,98,538.0,54.0,65.9,484.0,14.8,36.4,0.0,1024.8
2025-05-06 13:00:00+00:00,14.9,40,1.4,83,643.0,327.0,398.3,316.0,11.2,29.9,0.0,1024.2
2025-05-06 14:00:00+00:00,16.7,34,0.7,60,703.0,513.0,656.1,190.0,13.0,34.9,0.0,1023.6
2025-05-06 15:00:00+00:00,15.6,39,1.7,98,408.0,29.0,41.2,379.0,13.7,33.8,0.0,1023.8
2025-05-06 16:00:00+00:00,16.2,37,1.5,88,369.0,92.0,154.7,277.0,12.2,31.3,0.0,1023.4
2025-05-06 17:00:00+00:00,16.7,34,0.8,93,210.0,28.0,60.9,182.0,14.8,34.9,0.0,1023.0
2025-05-06 18:00:00+00:00,13.8,56,5.2,100,35.0,0.0,0.0,35.0,15.5,35.6,0.0,1024.7
2025-05-06 19:00:00+00:00,13.1,62,6.0,98,14.0,0.0,0.0,14.0,15.5,34.6,0.0,1024.8
2025-05-06 20:00:00+00:00,12.6,65,6.2,63,0.0,0.0,0.0,0.0,11.9,26.3,0.0,1025.1
2025-05-06 21:00:00+00:00,12.2,67,6.3,41,0.0,0.0,0.0,0.0,10.1,22.0,0.0,1025.0
2025-05-06 22:00:00+00:00,11.7,69,6.2,68,0.0,0.0,0.0,0.0,10.1,22.0,0.0,1025.1
2025-05-06 23:00:00+00:00,11.2,66,5.1,56,0.0,0.0,0.0,0.0,9.7,22.0,0.0,1025.0
2025-05-07 00:00:00+00:00,10.3,68,4.7,48,0.0,0.0,0.0,0.0,10.4,23.8,0.0,1024.7
2025-05-07 01:00:00+00:00,9.5,71,4.5,49,0.0,0.0,0.0,0.0,9.7,22.0,0.0,1024.5
2025-05-07 02:00:00+00:00,8.8,73,4.2,56,0.0,0.0,0.0,0.0,8.6,19.4,0.0,1024.4
2025-05-07 03:00:00+00:00,8.9,73,4.3,89,0.0,0.0,0.0,0.0,8.6,19.4,0.0,1024.2
2025-05-07 04:00:00+00:00,8.4,74,4.1,88,0.0,0.0,0.0,0.0,7.6,16.6,0.0,1024.1
2025-05-07 05:00:00+00:00,8.3,74,3.9,91,13.0,1.0,19.1,12.0,6.5,15.1,0.0,1024.2
2025-05-07 06:00:00+00:00,8.2,74,3.9,91,83.0,14.0,99.1,69.0,6.1,13.7,0.0,1024.4
2025-05-07 07:00:00+00:00,9.4,68,3.8,91,204.0,60.0,201.0,144.0,6.8,16.2,0.0,1024.3
2025-05-07 08:00:00+00:00,11.1,59,3.4,89,339.0,141.0,312.8,198.0,11.9,27.0,0.0,1024.2
2025-05-07 09:00:00+00:00,12.0,57,3.8,99,279.0,30.0,51.1,249.0,12.2,27.7,0.0,1024.3
2025-05-07 10:00:00+00:00,13.1,55,4.3,59,585.0,326.0,465.8,259.0,10.8,26.3,0.0,1024.0
2025-05-07 11:00:00+00:00,15.2,49,4.5,38,734.0,510.0,654.0,224.0,11.5,29.9,0.0,1023.4
2025-05-07 12:00:00+00:00,16.5,38,2.2,13,835.0,703.0,855.3,132.0,11.5,31.3,0.0,1022.9
2025-05-07 13:00:00+00:00,17.5,36,2.3,61,736.0,467.0,567.0,269.0,11.5,32.4,0.0,1022.4
2025-05-07 14:00:00+00:00,18.3,33,1.8,52,685.0,460.0,586.4,225.0,14.4,38.2,0.0,1021.7
2025-05-07 15:00:00+00:00,18.3,34,2.2,88,440.0,170.0,240.3,270.0,14.0,36.4,0.0,1021.2
2025-05-07 16:00:00+00:00,17.3,35,1.7,100,145.0,0.0,0.0,145.0,19.4,43.9,0.0,1021.0
2025-05-07 17:00:00+00:00,17.2,37,2.4,98,168.0,1.0,2.2,167.0,17.3,39.2,0.0,1020.8
2025-05-07 18:00:00+00:00,16.1,42,3.2,71,129.0,25.0,80.3,104.0,19.4,43.6,0.0,1021.0
2025-05-07 19:00:00+00:00,13.9,57,5.5,81,20.0,2.0,12.9,18.0,11.5,25.9,0.0,1021.3
2025-05-07 20:00:00+00:00,12.7,64,6.1,70,0.0,0.0,0.0,0.0,6.1,14.8,0.0,1021.6
2025-05-07 21:00:00+00:00,12.8,58,4.8,66,0.0,0.0,0.0,0.0,9.4,22.7,0.0,1021.9
2025-05-07 22:00:00+00:00,12.6,55,3.8,75,0.0,0.0,0.0,0.0,11.9,27.4,0.0,1021.8
2025-05-07 23:00:00+00:00,11.6,58,3.6,80,0.0,0.0,0.0,0.0,13.3,29.2,0.0,1021.5
2025-05-08 00:00:00+00:00,10.7,62,3.7,58,0.0,0.0,0.0,0.0,15.1,33.1,0.0,1021.2
2025-05-08 01:00:00+00:00,10.4,64,3.9,90,0.0,0.0,0.0,0.0,14.8,32.0,0.0,1021.0
2025-05-08 02:00:00+00:00,10.0,67,4.2,94,0.0,0.0,0.0,0.0,15.5,33.8,0.0,1020.5
2025-05-08 03:00:00+00:00,10.0,69,4.6,97,0.0,0.0,0.0,0.0,11.9,25.9,0.0,1020.6
2025-05-08 04:00:00+00:00,9.4,74,5.0,80,0.0,0.0,0.0,0.0,12.2,26.6,0.0,1020.7
2025-05-08 05:00:00+00:00,9.0,77,5.2,63,12.0,2.0,38.2,10.0,11.9,25.6,0.0,1020.8
2025-05-08 06:00:00+00:00,9.6,75,5.4,84,67.0,15.0,103.5,52.0,12.2,27.7,0.0,1020.9
2025-05-08 07:00:00+00:00,9.9,73,5.3,100,82.0,0.0,0.0,82.0,14.0,31.3,0.0,1020.9
2025-05-08 08:00:00+00:00,11.3,60,3.8,74,312.0,171.0,376.7,141.0,13.7,32.0,0.0,1020.5
2025-05-08 09:00:00+00:00,12.8,56,4.3,95,328.0,66.0,111.7,262.0,12.2,30.2,0.0,1020.4
2025-05-08 10:00:00+00:00,13.7,51,3.8,96,357.0,37.0,52.7,320.0,11.2,27.7,0.0,1020.4
2025-05-08 11:00:00+00:00,15.1,47,3.8,67,570.0,283.0,361.7,287.0,10.1,27.7,0.0,1020.0
2025-05-08 12:00:00+00:00,16.4,41,3.1,39,714.0,294.0,356.5,420.0,9.4,28.4,0.0,1019.6
2025-05-08 13:00:00+00:00,17.4,37,2.6,45,677.0,173.0,209.4,504.0,8.6,27.0,0.0,1019.0
2025-05-08 14:00:00+00:00,18.1,34,2.0,73,526.0,402.0,510.7,124.0,6.1,23.8,0.0,1018.5
2025-05-08 15:00:00+00:00,18.3,35,2.5,84,371.0,39.0,54.9,332.0,9.4,27.0,0.0,1018.4
2025-05-08 16:00:00+00:00,18.3,33,1.7,96,208.0,26.0,43.3,182.0,7.6,22.0,0.0,1018.1
2025-05-08 17:00:00+00:00,16.7,45,4.7,33,292.0,51.0,109.6,241.0,10.4,24.5,0.0,1018.2
2025-05-08 18:00:00+00:00,17.3,35,1.7,24,167.0,102.0,324.2,65.0,15.8,36.4,0.0,1018.3
2025-05-08 19:00:00+00:00,14.2,66,7.9,56,24.0,2.0,12.7,22.0,8.3,21.2,0.0,1018.9
2025-05-08 20:00:00+00:00,13.4,69,7.8,76,0.0,0.0,0.0,0.0,7.2,16.6,0.0,1019.4
2025-05-08 21:00:00+00:00,13.3,51,3.4,34,0.0,0.0,0.0,0.0,12.2,28.4,0.0,1019.9
2025-05-08 22:00:00+00:00,12.5,54,3.5,32,0.0,0.0,0.0,0.0,15.1,33.8,0.0,1019.9
2025-05-08 23:00:00+00:00,11.6,60,4.1,26,0.0,0.0,0.0,0.0,11.2,24.8,0.0,1020.0
2025-05-09 00:00:00+00:00,10.4,74,5.9,4,0.0,0.0,0.0,0.0,11.9,27.7,0.0,1020.4
2025-05-09 01:00:00+00:00,9.6,80,6.3,3,0.0,0.0,0.0,0.0,7.9,18.7,0.0,1020.1
2025-05-09 02:00:00+00:00,9.2,81,6.1,0,0.0,0.0,0.0,0.0,8.6,19.8,0.0,1019.8
2025-05-09 03:00:00+00:00,8.7,80,5.5,0,0.0,0.0,0.0,0.0,8.6,19.8,0.0,1020.1
2025-05-09 04:00:00+00:00,7.9,82,5.0,2,0.0,0.0,0.0,0.0,11.9,26.3,0.0,1020.2
2025-05-09 05:00:00+00:00,7.2,87,5.2,55,16.0,2.0,38.2,14.0,8.3,19.1,0.0,1020.6
2025-05-09 06:00:00+00:00,7.5,83,4.8,27,119.0,61.0,410.4,58.0,12.2,27.4,0.0,1020.7
2025-05-09 07:00:00+00:00,8.6,80,5.4,15,278.0,192.0,628.7,86.0,11.2,24.8,0.0,1020.9
2025-05-09 08:00:00+00:00,11.0,70,5.8,36,412.0,278.0,608.1,134.0,12.2,28.1,0.0,1020.7
2025-05-09 09:00:00+00:00,13.9,58,5.8,41,522.0,366.0,616.5,156.0,12.2,27.7,0.0,1020.8
2025-05-09 10:00:00+00:00,16.4,45,4.5,47,606.0,425.0,602.4,181.0,8.3,24.8,0.0,1020.7
2025-05-09 11:00:00+00:00,17.6,36,2.3,75,581.0,573.0,729.8,8.0,8.6,26.6,0.0,1020.3
2025-05-09 12:00:00+00:00,16.1,35,0.6,96,326.0,3.0,3.6,323.0,16.6,37.1,0.0,1020.3
2025-05-09 13:00:00+00:00,16.6,33,0.2,91,412.0,122.0,147.2,290.0,18.4,40.7,0.0,1019.8
2025-05-09 14:00:00+00:00,17.0,34,1.0,12,776.0,595.0,753.5,181.0,18.4,41.4,0.0,1019.5
2025-05-09 15:00:00+00:00,17.1,31,-0.2,0,682.0,592.0,830.6,90.0,18.0,41.0,0.0,1019.4
2025-05-09 16:00:00+00:00,17.4,35,1.8,0,537.0,457.0,757.6,80.0,18.0,40.0,0.0,1018.8
2025-05-09 17:00:00+00:00,19.0,28,0.1,5,366.0,287.0,612.6,79.0,13.3,34.2,0.0,1018.8
2025-05-09 18:00:00+00:00,16.7,43,4.1,0,188.0,136.0,428.0,52.0,5.0,13.0,0.0,1018.8
2025-05-09 19:00:00+00:00,16.2,48,5.2,0,33.0,13.0,80.5,20.0,5.4,16.2,0.0,1019.0
2025-05-09 20:00:00+00:00,15.7,38,1.4,0,0.0,0.0,0.0,0.0,17.6,41.0,0.0,1019.7
2025-05-09 21:00:00+00:00,14.1,46,2.6,0,0.0,0.0,0.0,0.0,14.8,34.2,0.0,1019.9
2025-05-09 22:00:00+00:00,13.1,51,3.2,6,0.0,0.0,0.0,0.0,12.6,28.4,0.0,1020.0
2025-05-09 23:00:00+00:00,12.3,57,4.0,0,0.0,0.0,0.0,0.0,11.9,27.4,0.0,1019.6
2025-05-10 00:00:00+00:00,11.5,63,4.7,0,0.0,0.0,0.0,0.0,7.9,18.4,0.0,1019.2
2025-05-10 01:00:00+00:00,10.8,67,4.9,2,0.0,0.0,0.0,0.0,6.1,13.7,0.0,1019.0
2025-05-10 02:00:00+00:00,11.2,64,4.6,30,0.0,0.0,0.0,0.0,8.6,19.8,0.0,1018.7
2025-05-10 03:00:00+00:00,10.8,67,4.9,9,0.0,0.0,0.0,0.0,7.6,16.9,0.0,1018.5
2025-05-10 04:00:00+00:00,11.1,66,5.0,69,0.0,0.0,0.0,0.0,6.5,14.8,0.0,1018.7
2025-05-10 05:00:00+00:00,11.6,64,5.0,84,14.0,2.0,38.2,12.0,6.8,16.2,0.0,1018.8
2025-05-10 06:00:00+00:00,11.9,61,4.6,0,128.0,76.0,499.4,52.0,4.7,10.8,0.0,1018.8
2025-05-10 07:00:00+00:00,13.7,54,4.6,0,291.0,210.0,680.2,81.0,6.5,15.5,0.0,1018.7
2025-05-10 08:00:00+00:00,15.6,47,4.3,0,459.0,362.0,786.5,97.0,13.3,31.0,0.0,1018.4
2025-05-10 09:00:00+00:00,17.7,38,3.2,0,614.0,507.0,849.9,107.0,16.2,37.4,0.0,1018.1
2025-05-10 10:00:00+00:00,19.3,29,0.8,0,741.0,629.0,888.1,112.0,19.4,47.2,0.0,1017.8
2025-05-10 11:00:00+00:00,20.0,27,0.4,0,826.0,713.0,905.1,113.0,20.5,49.7,0.0,1017.2
2025-05-10 12:00:00+00:00,20.3,27,0.7,0,867.0,756.0,911.2,111.0,20.5,49.7,0.0,1016.9
2025-05-10 13:00:00+00:00,18.9,40,5.0,2,850.0,744.0,895.1,106.0,21.2,49.0,0.0,1016.7
2025-05-10 14:00:00+00:00,19.1,40,5.2,5,787.0,697.0,879.8,90.0,19.1,44.6,0.0,1016.4
2025-05-10 15:00:00+00:00,20.0,36,4.5,0,677.0,587.0,820.6,90.0,17.6,41.4,0.0,1015.4
2025-05-10 16:00:00+00:00,20.4,33,3.6,0,535.0,454.0,749.3,81.0,16.2,38.2,0.0,1014.9
2025-05-10 17:00:00+00:00,20.4,31,2.7,0,367.0,299.0,634.3,68.0,14.8,35.3,0.0,1014.7
2025-05-10 18:00:00+00:00,20.2,35,4.2,0,189.0,137.0,426.9,52.0,14.0,33.1,0.0,1014.1
2025-05-10 19:00:00+00:00,19.3,35,3.5,0,35.0,14.0,85.0,21.0,13.3,31.3,0.0,1013.9
2025-05-10 20:00:00+00:00,18.2,39,4.0,5,0.0,0.0,0.0,0.0,11.5,27.0,0.0,1014.0
2025-05-10 21:00:00+00:00,16.8,46,5.1,9,0.0,0.0,0.0,0.0,15.5,35.3,0.0,1014.2
2025-05-10 22:00:00+00:00,15.5,49,4.9,11,0.0,0.0,0.0,0.0,15.1,34.6,0.0,1014.1
2025-05-10 23:00:00+00:00,14.6,52,4.9,8,0.0,0.0,0.0,0.0,13.7,31.7,0.0,1013.7
2025-05-11 00:00:00+00:00,14.2,53,4.7,9,0.0,0.0,0.0,0.0,13.3,30.6,0.0,1012.8
2025-05-11 01:00:00+00:00,13.6,55,4.7,6,0.0,0.0,0.0,0.0,11.2,25.6,0.0,1012.6
2025-05-11 02:00:00+00:00,12.7,58,4.6,0,0.0,0.0,0.0,0.0,7.6,18.4,0.0,1012.2
2025-05-11 03:00:00+00:00,12.8,57,4.5,4,0.0,0.0,0.0,0.0,9.7,22.3,0.0,1011.7
2025-05-11 04:00:00+00:00,12.5,58,4.4,7,0.0,0.0,0.0,0.0,8.6,20.2,0.0,1011.3
2025-05-11 05:00:00+00:00,12.3,59,4.5,39,20.0,5.0,93.1,15.0,7.6,17.3,0.0,1011.1
2025-05-11 06:00:00+00:00,13.5,56,4.9,3,128.0,76.0,488.2,52.0,9.4,21.2,0.0,1010.6
2025-05-11 07:00:00+00:00,15.2,53,5.7,12,285.0,204.0,653.9,81.0,8.6,19.8,0.0,1010.5
2025-05-11 08:00:00+00:00,17.3,49,6.5,6,449.0,353.0,761.9,96.0,10.1,24.5,0.0,1010.3
2025-05-11 09:00:00+00:00,18.9,48,7.6,2,598.0,493.0,822.5,105.0,14.4,33.5,0.0,1009.7
2025-05-11 10:00:00+00:00,19.9,49,8.9,8,719.0,609.0,856.7,110.0,18.0,41.8,0.0,1009.4
2025-05-11 11:00:00+00:00,19.1,54,9.6,5,802.0,691.0,874.4,111.0,21.2,47.2,0.0,1009.3
2025-05-11 12:00:00+00:00,18.3,56,9.4,19,799.0,639.0,767.9,160.0,20.9,46.1,0.0,1009.3
2025-05-11 13:00:00+00:00,18.6,57,9.9,71,719.0,534.0,640.6,185.0,20.9,46.1,0.0,1008.8
2025-05-11 14:00:00+00:00,18.6,59,10.4,63,667.0,422.0,531.0,245.0,19.1,41.8,0.0,1008.4
2025-05-11 15:00:00+00:00,19.4,55,10.2,82,622.0,456.0,635.2,166.0,16.9,38.5,0.0,1008.3
2025-05-11 16:00:00+00:00,19.3,56,10.3,98,345.0,81.0,133.1,264.0,16.6,37.4,0.0,1008.2
2025-05-11 17:00:00+00:00,19.3,57,10.6,99,273.0,116.0,244.6,157.0,10.4,24.8,0.0,1008.1
2025-05-11 18:00:00+00:00,19.5,55,10.2,98,76.0,0.0,0.0,76.0,8.6,20.9,0.0,1008.0
2025-05-11 19:00:00+00:00,18.5,56,9.6,37,35.0,11.0,65.4,24.0,10.1,23.0,0.0,1008.1
2025-05-11 20:00:00+00:00,17.6,62,10.2,97,0.0,0.0,0.0,0.0,7.2,17.3,0.0,1008.3
2025-05-11 21:00:00+00:00,15.7,71,10.5,58,0.0,0.0,0.0,0.0,5.0,13.0,0.0,1008.8
2025-05-11 22:00:00+00:00,15.6,73,10.8,50,0.0,0.0,0.0,0.0,3.6,9.0,0.0,1009.0
2025-05-11 23:00:00+00:00,15.2,77,11.2,92,0.0,0.0,0.0,0.0,2.2,6.8,0.0,1009.2
2025-05-12 00:00:00+00:00,15.0,78,11.2,88,0.0,0.0,0.0,0.0,5.0,11.9,0.0,1009.0
2025-05-12 01:00:00+00:00,14.9,79,11.3,88,0.0,0.0,0.0,0.0,7.6,17.6,0.0,1008.9
2025-05-12 02:00:00+00:00,14.6,80,11.2,94,0.0,0.0,0.0,0.0,7.2,17.3,0.0,1008.6
2025-05-12 03:00:00+00:00,14.0,88,12.1,95,0.0,0.0,0.0,0.0,9.7,21.6,0.0,1008.7
2025-05-12 04:00:00+00:00,13.8,87,11.7,100,0.0,0.0,0.0,0.0,3.6,8.6,0.0,1008.8
2025-05-12 05:00:00+00:00,14.2,88,12.2,93,10.0,1.0,18.1,9.0,6.5,14.8,0.0,1009.0
2025-05-12 06:00:00+00:00,13.9,90,12.3,98,36.0,1.0,6.3,35.0,7.6,17.6,0.0,1009.6
2025-05-12 07:00:00+00:00,14.5,87,12.4,88,155.0,34.0,107.9,121.0,8.6,20.2,0.0,1010.1
2025-05-12 08:00:00+00:00,15.2,82,12.2,88,273.0,112.0,240.2,161.0,11.9,25.9,0.0,1010.5
2025-05-12 09:00:00+00:00,14.9,83,12.1,100,86.0,0.0,0.0,86.0,13.7,30.6,0.0,1011.2
2025-05-12 10:00:00+00:00,14.9,89,13.1,96,269.0,13.0,18.2,256.0,10.1,22.7,0.9,1011.3
2025-05-12 11:00:00+00:00,15.4,82,12.4,100,192.0,11.0,13.9,181.0,9.0,21.2,0.0,1011.7
2025-05-12 12:00:00+00:00,18.1,56,9.2,57,700.0,414.0,496.1,286.0,17.3,39.2,0.0,1011.7
2025-05-12 13:00:00+00:00,18.4,53,8.7,45,742.0,485.0,580.1,257.0,17.6,40.7,0.0,1011.6
2025-05-12 14:00:00+00:00,18.7,49,7.7,38,671.0,495.0,621.0,176.0,18.0,41.8,0.0,1011.9
2025-05-12 15:00:00+00:00,18.0,51,7.7,12,654.0,557.0,773.1,97.0,13.7,32.8,0.0,1011.5
2025-05-12 16:00:00+00:00,18.5,46,6.7,68,373.0,154.0,251.9,219.0,13.7,32.4,0.0,1011.7
2025-05-12 17:00:00+00:00,18.1,51,7.8,45,309.0,178.0,373.0,131.0,13.7,31.3,0.0,1011.7
2025-05-12 18:00:00+00:00,17.5,62,10.1,82,132.0,32.0,97.8,100.0,13.0,28.4,0.0,1012.2
2025-05-12 19:00:00+00:00,17.2,62,9.8,26,37.0,15.0,87.5,22.0,11.9,26.6,0.0,1012.7
2025-05-12 20:00:00+00:00,16.5,64,9.6,6,0.0,0.0,0.0,0.0,8.6,20.5,0.0,1013.2
2025-05-12 21:00:00+00:00,16.4,64,9.6,97,0.0,0.0,0.0,0.0,9.7,23.0,0.0,1013.3
2025-05-12 22:00:00+00:00,16.0,67,9.9,44,0.0,0.0,0.0,0.0,11.9,27.4,0.0,1013.8
2025-05-12 23:00:00+00:00,15.6,71,10.4,69,0.0,0.0,0.0,0.0,8.6,20.9,0.0,1014.3
2025-05-13 00:00:00+00:00,15.1,73,10.3,99,0.0,0.0,0.0,0.0,9.0,20.9,0.0,1014.5
2025-05-13 01:00:00+00:00,14.6,77,10.6,62,0.0,0.0,0.0,0.0,10.1,23.4,0.0,1014.8
2025-05-13 02:00:00+00:00,13.8,81,10.6,16,0.0,0.0,0.0,0.0,9.0,21.6,0.0,1015.1
2025-05-13 03:00:00+00:00,13.9,79,10.3,14,0.0,0.0,0.0,0.0,8.3,19.1,0.0,1015.1
2025-05-13 04:00:00+00:00,13.5,82,10.5,5,0.0,0.0,0.0,0.0,7.9,18.7,0.0,1015.5
2025-05-13 05:00:00+00:00,13.4,83,10.6,23,22.0,6.0,105.3,16.0,7.6,17.3,0.0,1016.0
2025-05-13 06:00:00+00:00,13.0,86,10.7,5,133.0,80.0,492.6,53.0,8.3,19.4,0.0,1016.6
2025-05-13 07:00:00+00:00,14.4,81,11.2,1,290.0,210.0,659.8,80.0,7.2,16.9,0.0,1017.0
2025-05-13 08:00:00+00:00,15.7,76,11.5,45,428.0,297.0,633.0,131.0,6.8,16.9,0.0,1017.4
2025-05-13 09:00:00+00:00,16.3,75,11.8,92,317.0,59.0,97.6,258.0,6.5,15.5,0.0,1017.7
2025-05-13 10:00:00+00:00,17.7,67,11.5,27,670.0,469.0,655.0,201.0,8.3,19.4,0.0,1018.0
2025-05-13 11:00:00+00:00,18.7,56,9.8,60,580.0,249.0,313.2,331.0,9.7,23.8,0.0,1017.9
2025-05-13 12:00:00+00:00,19.0,58,10.5,50,639.0,386.0,461.3,253.0,13.0,30.6,0.0,1017.9
2025-05-13 13:00:00+00:00,20.1,52,10.0,55,633.0,316.0,376.9,317.0,7.9,22.0,0.0,1017.6
2025-05-13 14:00:00+00:00,20.9,47,9.1,0,773.0,674.0,843.1,99.0,10.8,27.7,0.0,1017.3
2025-05-13 15:00:00+00:00,21.2,45,8.8,7,662.0,544.0,752.5,118.0,11.5,28.8,0.0,1016.9
2025-05-13 16:00:00+00:00,21.2,45,8.8,3,525.0,448.0,729.7,77.0,10.1,25.9,0.0,1016.9
2025-05-13 17:00:00+00:00,20.3,47,8.6,27,333.0,242.0,504.2,91.0,8.3,21.2,0.0,1016.9
2025-05-13 18:00:00+00:00,20.4,46,8.4,1,194.0,141.0,427.1,53.0,9.7,22.7,0.0,1016.9
2025-05-13 19:00:00+00:00,19.4,50,8.7,9,41.0,18.0,103.0,23.0,7.9,19.1,0.0,1017.3
2025-05-13 20:00:00+00:00,18.0,56,9.1,0,0.0,0.0,0.0,0.0,5.4,13.3,0.0,1018.0
2025-05-13 21:00:00+00:00,17.5,61,9.9,41,0.0,0.0,0.0,0.0,5.0,11.9,0.0,1018.4
2025-05-13 22:00:00+00:00,15.8,67,9.7,15,0.0,0.0,0.0,0.0,1.1,4.0,0.0,1018.6
2025-05-13 23:00:00+00:00,15.8,71,10.5,23,0.0,0.0,0.0,0.0,5.8,14.0,0.0,1018.9
2025-05-14 00:00:00+00:00,14.8,58,6.6,0,0.0,0.0,0.0,0.0,10.1,23.4,0.0,1019.2
2025-05-14 01:00:00+00:00,13.9,61,6.5,2,0.0,0.0,0.0,0.0,13.0,28.4,0.0,1019.0
2025-05-14 02:00:00+00:00,13.1,63,6.2,0,0.0,0.0,0.0,0.0,10.4,24.5,0.0,1019.0
2025-05-14 03:00:00+00:00,13.0,65,6.6,23,0.0,0.0,0.0,0.0,13.0,29.2,0.0,1019.2
2025-05-14 04:00:00+00:00,12.1,67,6.1,26,0.0,0.0,0.0,0.0,10.4,24.1,0.0,1019.4
2025-05-14 05:00:00+00:00,11.6,69,6.1,23,23.0,6.0,102.4,17.0,7.6,16.6,0.0,1019.8
2025-05-14 06:00:00+00:00,11.8,70,6.5,10,134.0,78.0,470.9,56.0,11.2,24.8,0.0,1020.2
2025-05-14 07:00:00+00:00,13.3,65,6.8,15,285.0,188.0,585.2,97.0,12.2,27.4,0.0,1020.1
2025-05-14 08:00:00+00:00,15.5,56,6.7,20,434.0,307.0,650.5,127.0,14.0,31.3,0.0,1020.2
2025-05-14 09:00:00+00:00,18.2,48,7.0,3,609.0,497.0,818.2,112.0,10.4,25.2,0.0,1019.9
2025-05-14 10:00:00+00:00,20.5,40,6.5,3,732.0,613.0,853.3,119.0,12.6,31.0,0.0,1019.9
2025-05-14 11:00:00+00:00,22.3,33,5.3,7,808.0,677.0,849.0,131.0,14.4,36.4,0.0,1019.9
2025-05-14 12:00:00+00:00,22.9,33,5.8,66,610.0,283.0,337.3,327.0,12.2,32.0,0.0,1019.6
2025-05-14 13:00:00+00:00,23.6,32,5.9,70,571.0,188.0,223.7,383.0,10.4,30.2,0.0,1019.3
2025-05-14 14:00:00+00:00,24.1,31,5.9,52,592.0,343.0,427.8,249.0,8.6,31.7,0.0,1018.7
2025-05-14 15:00:00+00:00,24.8,27,4.5,20,633.0,506.0,697.6,127.0,11.2,36.0,0.0,1018.9
2025-05-14 16:00:00+00:00,21.4,40,7.3,4,534.0,412.0,668.2,122.0,18.7,42.1,0.0,1019.5
2025-05-14 17:00:00+00:00,19.8,47,8.2,0,375.0,305.0,631.8,70.0,17.6,40.0,0.0,1019.9
2025-05-14 18:00:00+00:00,18.2,53,8.4,0,200.0,147.0,441.2,53.0,13.0,29.2,0.0,1020.2
2025-05-14 19:00:00+00:00,17.3,56,8.5,7,45.0,20.0,112.4,25.0,7.6,18.4,0.0,1020.8
2025-05-14 20:00:00+00:00,16.4,63,9.4,30,0.0,0.0,0.0,0.0,4.0,10.1,0.0,1021.6
2025-05-14 21:00:00+00:00,15.6,68,9.7,5,0.0,0.0,0.0,0.0,5.0,13.7,0.0,1021.9
2025-05-14 22:00:00+00:00,15.1,63,8.1,0,0.0,0.0,0.0,0.0,15.5,35.3,0.0,1022.6
2025-05-14 23:00:00+00:00,13.4,66,7.2,5,0.0,0.0,0.0,0.0,14.0,32.0,0.0,1023.0
2025-05-15 00:00:00+00:00,12.1,67,6.1,3,0.0,0.0,0.0,0.0,14.4,32.0,0.0,1023.1
2025-05-15 01:00:00+00:00,10.9,67,5.0,0,0.0,0.0,0.0,0.0,14.0,31.7,0.0,1023.1
2025-05-15 02:00:00+00:00,10.0,73,5.4,0,0.0,0.0,0.0,0.0,12.2,28.1,0.0,1023.2
2025-05-15 03:00:00+00:00,9.6,76,5.6,5,0.0,0.0,0.0,0.0,9.0,20.2,0.0,1023.6
2025-05-15 04:00:00+00:00,8.9,79,5.5,13,0.0,0.0,0.0,0.0,9.7,22.0,0.0,1023.8
2025-05-15 05:00:00+00:00,8.6,79,5.1,45,23.0,5.0,83.1,18.0,11.2,25.2,0.0,1024.1
2025-05-15 06:00:00+00:00,9.0,76,5.0,56,117.0,62.0,367.3,55.0,13.0,29.2,0.0,1024.4
2025-05-15 07:00:00+00:00,9.9,72,5.1,94,222.0,59.0,182.0,163.0,14.4,32.8,0.0,1024.6
2025-05-15 08:00:00+00:00,11.5,63,4.7,22,463.0,359.0,756.3,104.0,14.4,32.8,0.0,1024.6
2025-05-15 09:00:00+00:00,13.7,54,4.5,54,582.0,427.0,700.1,155.0,14.0,32.0,0.0,1024.8
2025-05-15 10:00:00+00:00,15.3,46,3.8,74,688.0,462.0,641.0,226.0,12.2,30.2,0.0,1024.9
2025-05-15 11:00:00+00:00,17.1,40,3.4,80,775.0,516.0,645.2,259.0,12.2,30.6,0.0,1024.6
2025-05-15 12:00:00+00:00,18.6,37,3.6,3,871.0,759.0,902.2,112.0,14.0,35.3,0.0,1024.4
2025-05-15 13:00:00+00:00,19.7,36,4.2,0,858.0,752.0,892.3,106.0,13.7,34.9,0.0,1023.8
2025-05-15 14:00:00+00:00,20.6,36,5.0,0,793.0,695.0,864.4,98.0,13.0,34.6,0.0,1023.3
2025-05-15 15:00:00+00:00,21.6,36,5.9,0,686.0,595.0,817.6,91.0,14.8,37.1,0.0,1023.0
2025-05-15 16:00:00+00:00,21.6,37,6.3,15,533.0,433.0,699.4,100.0,15.8,38.5,0.0,1022.9
2025-05-15 17:00:00+00:00,21.1,36,5.4,0,379.0,309.0,636.4,70.0,16.6,39.2,0.0,1023.0
2025-05-15 18:00:00+00:00,20.1,36,4.5,0,207.0,153.0,455.2,54.0,17.3,40.3,0.0,1023.3
2025-05-15 19:00:00+00:00,18.5,39,4.3,0,50.0,23.0,127.0,27.0,17.3,39.2,0.0,1023.9
2025-05-15 20:00:00+00:00,16.8,44,4.5,0,0.0,0.0,0.0,0.0,17.3,38.9,0.0,1024.6
2025-05-15 21:00:00+00:00,15.1,60,7.4,0,0.0,0.0,0.0,0.0,11.2,26.6,0.0,1025.4
2025-05-15 22:00:00+00:00,13.7,70,8.4,13,0.0,0.0,0.0,0.0,7.9,19.1,0.0,1025.9
2025-05-15 23:00:00+00:00,13.3,63,6.4,19,0.0,0.0,0.0,0.0,11.9,27.4,0.0,1026.1
2025-05-16 00:00:00+00:00,12.3,69,6.8,6,0.0,0.0,0.0,0.0,10.8,25.2,0.0,1026.3
2025-05-16 01:00:00+00:00,11.5,70,6.2,0,0.0,0.0,0.0,0.0,9.7,22.3,0.0,1026.3
2025-05-16 02:00:00+00:00,10.8,78,7.1,0,0.0,0.0,0.0,0.0,9.4,20.9,0.0,1026.2
2025-05-16 03:00:00+00:00,9.7,74,5.3,0,0.0,0.0,0.0,0.0,13.7,30.2,0.0,1026.6
2025-05-16 04:00:00+00:00,8.9,79,5.5,0,0.0,0.0,0.0,0.0,11.9,26.3,0.0,1026.7
2025-05-16 05:00:00+00:00,8.5,82,5.6,2,28.0,9.0,146.0,19.0,11.2,24.5,0.0,1027.2
2025-05-16 06:00:00+00:00,9.0,81,5.9,23,141.0,76.0,442.2,65.0,10.1,22.3,0.0,1027.3
2025-05-16 07:00:00+00:00,10.5,72,5.6,13,306.0,220.0,672.7,86.0,8.6,20.9,0.0,1027.4
2025-05-16 08:00:00+00:00,12.3,59,4.5,0,478.0,378.0,792.0,100.0,9.4,23.0,0.0,1027.5
2025-05-16 09:00:00+00:00,14.5,44,2.4,0,635.0,526.0,859.0,109.0,13.7,32.0,0.0,1027.0
2025-05-16 10:00:00+00:00,16.4,33,0.1,0,761.0,647.0,894.8,114.0,15.8,37.4,0.0,1026.9
2025-05-16 11:00:00+00:00,17.9,28,-0.9,0,844.0,730.0,910.3,114.0,14.8,36.4,0.0,1026.7
2025-05-16 12:00:00+00:00,19.0,31,1.5,0,880.0,768.0,910.5,112.0,12.2,32.8,0.0,1026.2
2025-05-16 13:00:00+00:00,20.3,28,1.2,0,869.0,762.0,901.8,107.0,12.2,33.5,0.0,1025.3
2025-05-16 14:00:00+00:00,21.3,27,1.5,0,807.0,707.0,876.9,100.0,13.0,34.2,0.0,1024.6
2025-05-16 15:00:00+00:00,22.1,27,2.2,0,699.0,607.0,831.4,92.0,11.9,32.0,0.0,1024.1
2025-05-16 16:00:00+00:00,22.4,25,1.4,0,558.0,476.0,765.7,82.0,12.2,31.7,0.0,1023.7
2025-05-16 17:00:00+00:00,22.1,27,2.2,0,387.0,318.0,651.3,69.0,11.5,29.2,0.0,1023.5
2025-05-16 18:00:00+00:00,21.5,33,4.6,0,209.0,154.0,454.2,55.0,10.4,25.6,0.0,1023.1
2025-05-16 19:00:00+00:00,20.2,33,3.4,0,52.0,25.0,135.7,27.0,14.0,32.8,0.0,1023.2
2025-05-16 20:00:00+00:00,18.3,39,4.1,0,0.0,0.0,0.0,0.0,14.0,31.7,0.0,1023.7
2025-05-16 21:00:00+00:00,16.7,47,5.3,0,0.0,0.0,0.0,0.0,14.8,33.5,0.0,1024.0
2025-05-16 22:00:00+00:00,14.6,57,6.2,0,0.0,0.0,0.0,0.0,14.8,33.5,0.0,1024.3
2025-05-16 23:00:00+00:00,12.7,64,6.1,0,0.0,0.0,0.0,0.0,13.0,29.2,0.0,1024.7
2025-05-17 00:00:00+00:00,11.3,70,6.1,2,0.0,0.0,0.0,0.0,13.0,29.2,0.0,1024.7
2025-05-17 01:00:00+00:00,10.1,73,5.5,20,0.0,0.0,0.0,0.0,13.3,29.9,0.0,1024.5
2025-05-17 02:00:00+00:00,9.4,74,5.0,63,0.0,0.0,0.0,0.0,13.7,29.9,0.0,1024.1
2025-05-17 03:00:00+00:00,10.1,73,5.5,91,0.0,0.0,0.0,0.0,9.4,21.2,0.0,1024.0
2025-05-17 04:00:00+00:00,10.3,74,5.8,100,0.0,0.0,0.0,0.0,10.8,24.5,0.0,1023.9
2025-05-17 05:00:00+00:00,10.4,75,6.2,100,12.0,0.0,0.0,12.0,10.4,24.1,0.0,1023.9
2025-05-17 06:00:00+00:00,10.6,74,6.2,100,54.0,0.0,0.0,54.0,11.2,25.6,0.0,1024.0
2025-05-17 07:00:00+00:00,11.2,68,5.5,76,233.0,93.0,282.0,140.0,13.7,31.3,0.0,1023.9
2025-05-17 08:00:00+00:00,12.0,64,5.4,56,405.0,204.0,425.2,201.0,10.4,25.2,0.0,1024.1
2025-05-17 09:00:00+00:00,13.5,59,5.6,34,594.0,417.0,678.4,177.0,9.4,24.8,0.0,1023.9
2025-05-17 10:00:00+00:00,15.1,52,5.3,4,752.0,638.0,879.7,114.0,10.1,27.0,0.0,1023.8
2025-05-17 11:00:00+00:00,16.7,46,5.0,0,838.0,724.0,900.5,114.0,8.6,26.3,0.0,1023.4
2025-05-17 12:00:00+00:00,17.6,44,5.2,0,876.0,764.0,903.6,112.0,6.8,23.8,0.0,1023.0
2025-05-17 13:00:00+00:00,19.0,39,4.7,1,863.0,756.0,892.5,107.0,6.5,24.5,0.0,1022.5
2025-05-17 14:00:00+00:00,20.0,36,4.5,0,801.0,701.0,867.1,100.0,6.5,24.5,0.0,1022.1
2025-05-17 15:00:00+00:00,20.8,34,4.3,2,694.0,604.0,824.7,90.0,6.1,24.8,0.0,1021.7
2025-05-17 16:00:00+00:00,19.7,43,6.7,13,539.0,405.0,649.0,134.0,10.4,29.9,0.0,1021.5
2025-05-17 17:00:00+00:00,19.2,44,6.7,14,374.0,272.0,554.1,102.0,10.4,26.3,0.0,1021.3
2025-05-17 18:00:00+00:00,17.6,48,6.5,0,211.0,157.0,459.2,54.0,11.2,26.3,0.0,1021.1
2025-05-17 19:00:00+00:00,16.7,50,6.2,0,55.0,27.0,144.2,28.0,8.3,19.4,0.0,1021.1
2025-05-17 20:00:00+00:00,15.3,57,6.8,0,0.0,0.0,0.0,0.0,6.5,15.5,0.0,1021.4
2025-05-17 21:00:00+00:00,14.4,66,8.2,0,0.0,0.0,0.0,0.0,4.7,11.9,0.0,1021.4
2025-05-17 22:00:00+00:00,13.8,69,8.2,0,0.0,0.0,0.0,0.0,4.3,11.2,0.0,1021.4
2025-05-17 23:00:00+00:00,13.7,69,8.1,0,0.0,0.0,0.0,0.0,5.8,14.0,0.0,1021.3
2025-05-18 00:00:00+00:00,13.8,71,8.7,0,0.0,0.0,0.0,0.0,9.0,20.9,0.0,1021.3
2025-05-18 01:00:00+00:00,13.5,71,8.3,0,0.0,0.0,0.0,0.0,9.0,20.9,0.0,1021.1
2025-05-18 02:00:00+00:00,12.2,75,7.9,0,0.0,0.0,0.0,0.0,6.5,15.1,0.0,1021.0
2025-05-18 03:00:00+00:00,11.1,83,8.3,0,0.0,0.0,0.0,0.0,6.1,14.8,0.0,1021.1
2025-05-18 04:00:00+00:00,10.1,89,8.4,98,0.0,0.0,0.0,0.0,9.7,22.0,0.0,1021.4
2025-05-18 05:00:00+00:00,10.3,87,8.3,100,15.0,0.0,0.0,15.0,10.1,22.3,0.0,1021.7
2025-05-18 06:00:00+00:00,10.7,83,8.0,97,84.0,3.0,16.9,81.0,10.1,22.7,0.0,1021.5
2025-05-18 07:00:00+00:00,11.4,78,7.7,90,202.0,33.0,99.3,169.0,7.9,19.1,0.0,1021.6
2025-05-18 08:00:00+00:00,12.4,73,7.7,77,359.0,114.0,236.4,245.0,8.3,20.2,0.0,1021.4
2025-05-18 09:00:00+00:00,14.2,67,8.2,34,597.0,421.0,682.4,176.0,7.6,20.9,0.0,1020.7
2025-05-18 10:00:00+00:00,15.8,59,7.8,2,750.0,635.0,873.0,115.0,4.7,17.6,0.0,1020.5
2025-05-18 11:00:00+00:00,17.6,49,6.7,1,835.0,722.0,895.7,113.0,4.0,20.2,0.0,1020.1
2025-05-18 12:00:00+00:00,19.4,36,4.0,0,878.0,766.0,903.8,112.0,5.4,22.7,0.0,1019.2
2025-05-18 13:00:00+00:00,20.6,31,2.9,0,867.0,761.0,896.3,106.0,6.5,24.8,0.0,1018.7
2025-05-18 14:00:00+00:00,21.3,30,3.0,0,805.0,706.0,871.0,99.0,6.5,25.2,0.0,1018.1
2025-05-18 15:00:00+00:00,21.3,35,5.2,1,697.0,606.0,824.9,91.0,2.2,31.0,0.0,1018.1
2025-05-18 16:00:00+00:00,18.8,53,9.0,0,552.0,471.0,751.8,81.0,16.6,38.2,0.0,1018.0
2025-05-18 17:00:00+00:00,17.6,57,9.0,22,349.0,87.0,176.3,262.0,13.0,30.2,0.0,1018.1
2025-05-18 18:00:00+00:00,16.6,61,9.1,2,212.0,142.0,412.0,70.0,12.6,28.4,0.0,1017.9
2025-05-18 19:00:00+00:00,15.2,68,9.3,13,55.0,26.0,136.6,29.0,9.0,21.2,0.0,1018.4
2025-05-18 20:00:00+00:00,13.8,77,9.9,5,0.0,0.0,0.0,0.0,6.8,15.8,0.0,1019.0
2025-05-18 21:00:00+00:00,12.6,78,8.8,0,0.0,0.0,0.0,0.0,6.5,15.1,0.0,1019.1
2025-05-18 22:00:00+00:00,11.9,79,8.4,9,0.0,0.0,0.0,0.0,3.2,8.3,0.0,1019.4
2025-05-18 23:00:00+00:00,12.1,78,8.4,26,0.0,0.0,0.0,0.0,1.8,5.8,0.0,1019.1
2025-05-19 00:00:00+00:00,12.3,74,7.8,0,0.0,0.0,0.0,0.0,4.3,10.4,0.0,1018.7
2025-05-19 01:00:00+00:00,11.8,77,7.9,0,0.0,0.0,0.0,0.0,4.7,12.6,0.0,1018.8
2025-05-19 02:00:00+00:00,11.7,76,7.6,1,0.0,0.0,0.0,0.0,8.3,19.4,0.0,1018.9
2025-05-19 03:00:00+00:00,11.1,78,7.4,3,0.0,0.0,0.0,0.0,11.2,25.9,0.0,1019.6
2025-05-19 04:00:00+00:00,10.3,82,7.3,16,0.0,0.0,0.0,0.0,10.8,25.6,0.0,1020.0
2025-05-19 05:00:00+00:00,9.7,87,7.7,48,26.0,6.0,91.1,20.0,9.4,21.2,0.0,1020.2
2025-05-19 06:00:00+00:00,10.6,79,7.1,55,123.0,52.0,288.2,71.0,12.2,28.8,0.0,1020.5
2025-05-19 07:00:00+00:00,11.8,72,6.9,28,292.0,188.0,561.2,104.0,12.2,28.4,0.0,1020.6
2025-05-19 08:00:00+00:00,13.4,66,7.2,14,466.0,354.0,730.5,112.0,11.2,27.4,0.0,1020.5
2025-05-19 09:00:00+00:00,14.8,60,7.1,2,626.0,518.0,836.6,108.0,10.1,25.9,0.0,1020.7
2025-05-19 10:00:00+00:00,16.4,53,6.8,27,722.0,598.0,819.8,124.0,9.0,26.3,0.0,1020.6
2025-05-19 11:00:00+00:00,16.8,58,8.5,5,824.0,715.0,884.9,109.0,10.4,28.4,0.0,1020.3
2025-05-19 12:00:00+00:00,16.9,51,6.7,7,862.0,733.0,862.9,129.0,13.0,31.7,0.0,1020.2
2025-05-19 13:00:00+00:00,17.8,45,5.7,0,862.0,755.0,887.1,107.0,10.1,27.4,0.0,1019.5
2025-05-19 14:00:00+00:00,18.6,43,5.8,0,803.0,704.0,866.3,99.0,9.7,25.6,0.0,1018.9
2025-05-19 15:00:00+00:00,19.2,46,7.3,0,694.0,604.0,819.7,90.0,17.3,41.8,0.0,1019.2
2025-05-19 16:00:00+00:00,19.4,44,6.9,0,554.0,471.0,749.0,83.0,12.2,31.7,0.0,1018.9
2025-05-19 17:00:00+00:00,19.2,44,6.7,1,388.0,318.0,641.1,70.0,6.1,19.1,0.0,1019.0
2025-05-19 18:00:00+00:00,19.8,42,6.5,5,211.0,143.0,411.6,68.0,8.3,22.7,0.0,1018.6
2025-05-19 19:00:00+00:00,19.1,43,6.2,16,57.0,28.0,144.9,29.0,8.3,20.9,0.0,1018.8
2025-05-19 20:00:00+00:00,17.9,48,6.8,5,0.0,0.0,0.0,0.0,10.4,24.8,0.0,1019.3
2025-05-19 21:00:00+00:00,16.1,54,6.8,0,0.0,0.0,0.0,0.0,12.6,29.5,0.0,1020.0
2025-05-19 22:00:00+00:00,14.7,58,6.5,0,0.0,0.0,0.0,0.0,9.0,21.6,0.0,1020.4
2025-05-19 23:00:00+00:00,13.8,57,5.5,4,0.0,0.0,0.0,0.0,11.2,24.8,0.0,1020.4
2025-05-20 00:00:00+00:00,13.3,56,4.7,17,0.0,0.0,0.0,0.0,15.5,34.2,0.0,1020.4
2025-05-20 01:00:00+00:00,13.0,56,4.4,19,0.0,0.0,0.0,0.0,13.3,30.2,0.0,1020.2
2025-05-20 02:00:00+00:00,12.2,60,4.6,43,0.0,0.0,0.0,0.0,9.4,22.3,0.0,1020.2
2025-05-20 03:00:00+00:00,11.9,69,6.4,69,0.0,0.0,0.0,0.0,8.3,19.1,0.0,1020.5
2025-05-20 04:00:00+00:00,11.6,67,5.7,38,0.0,0.0,0.0,0.0,9.4,20.9,0.0,1020.5
2025-05-20 05:00:00+00:00,11.7,66,5.5,53,26.0,6.0,89.3,20.0,7.6,17.6,0.0,1020.8
2025-05-20 06:00:00+00:00,11.7,64,5.1,9,149.0,88.0,480.5,61.0,8.3,17.6,0.0,1021.2
2025-05-20 07:00:00+00:00,13.2,60,5.6,26,304.0,207.0,613.4,97.0,10.1,22.7,0.0,1021.2
2025-05-20 08:00:00+00:00,15.4,52,5.6,27,444.0,307.0,630.5,137.0,9.4,21.2,0.0,1021.3
2025-05-20 09:00:00+00:00,17.9,41,4.5,32,600.0,454.0,730.8,146.0,10.4,24.8,0.0,1021.4
2025-05-20 10:00:00+00:00,19.6,35,3.7,50,682.0,458.0,626.2,224.0,9.0,25.2,0.0,1021.4
2025-05-20 11:00:00+00:00,20.7,34,4.3,65,722.0,381.0,470.4,341.0,5.4,22.7,0.0,1021.2
2025-05-20 12:00:00+00:00,21.6,28,2.3,9,877.0,760.0,892.7,117.0,5.0,23.8,0.0,1021.1
2025-05-20 13:00:00+00:00,22.2,27,2.3,2,866.0,756.0,886.3,110.0,4.0,23.0,0.0,1020.6
2025-05-20 14:00:00+00:00,23.1,26,2.5,16,803.0,706.0,866.7,97.0,5.8,26.3,0.0,1020.1
2025-05-20 15:00:00+00:00,22.8,27,2.8,96,417.0,64.0,86.6,353.0,2.9,20.2,0.0,1019.3
2025-05-20 16:00:00+00:00,21.0,35,5.0,88,472.0,256.0,405.6,216.0,17.3,38.9,0.0,1019.5
2025-05-20 17:00:00+00:00,21.9,31,4.0,84,315.0,163.0,327.0,152.0,13.7,33.1,0.0,1019.1
2025-05-20 18:00:00+00:00,21.0,36,5.4,84,174.0,61.0,174.2,113.0,17.6,41.0,0.0,1018.5
2025-05-20 19:00:00+00:00,19.7,40,5.7,96,48.0,3.0,15.3,45.0,14.8,34.6,0.0,1018.3
2025-05-20 20:00:00+00:00,19.2,43,6.3,97,0.0,0.0,0.0,0.0,12.6,29.9,0.0,1018.3
2025-05-20 21:00:00+00:00,17.2,46,5.5,88,0.0,0.0,0.0,0.0,11.2,26.3,0.0,1018.1
2025-05-20 22:00:00+00:00,17.4,46,5.7,95,0.0,0.0,0.0,0.0,11.2,25.2,0.0,1018.0
2025-05-20 23:00:00+00:00,16.7,50,6.2,95,0.0,0.0,0.0,0.0,9.4,21.2,0.0,1017.8
2025-05-21 00:00:00+00:00,16.3,55,7.3,100,0.0,0.0,0.0,0.0,9.4,20.5,0.0,1017.6
2025-05-21 01:00:00+00:00,15.8,64,9.0,100,0.0,0.0,0.0,0.0,2.2,5.8,0.0,1017.3
2025-05-21 02:00:00+00:00,15.5,59,7.5,100,0.0,0.0,0.0,0.0,10.1,24.1,0.0,1017.4
2025-05-21 03:00:00+00:00,15.4,59,7.4,100,0.0,0.0,0.0,0.0,7.6,18.4,0.0,1017.1
2025-05-21 04:00:00+00:00,14.8,66,8.5,100,0.0,0.0,0.0,0.0,13.7,32.0,0.0,1017.4
2025-05-21 05:00:00+00:00,13.9,77,9.9,100,3.0,0.0,0.0,3.0,14.0,32.0,0.1,1017.8
2025-05-21 06:00:00+00:00,12.7,85,10.3,100,19.0,0.0,0.0,19.0,13.0,29.9,0.0,1017.4
2025-05-21 07:00:00+00:00,12.1,92,10.9,100,24.0,0.0,0.0,24.0,13.7,30.2,4.9,1017.3
2025-05-21 08:00:00+00:00,11.9,90,10.3,100,49.0,0.0,0.0,49.0,11.9,25.9,2.5,1017.0
2025-05-21 09:00:00+00:00,12.9,87,10.8,100,89.0,0.0,0.0,89.0,4.0,10.1,0.0,1017.5
2025-05-21 10:00:00+00:00,12.8,87,10.7,100,109.0,0.0,0.0,109.0,4.0,9.4,0.0,1017.5
2025-05-21 11:00:00+00:00,13.2,83,10.4,100,93.0,0.0,0.0,93.0,3.2,8.3,0.0,1017.5
2025-05-21 12:00:00+00:00,13.4,78,9.7,100,136.0,0.0,0.0,136.0,5.0,13.7,0.1,1017.0
2025-05-21 13:00:00+00:00,13.4,79,9.8,100,126.0,0.0,0.0,126.0,6.5,16.2,0.0,1016.9
2025-05-21 14:00:00+00:00,13.8,83,11.0,100,148.0,2.0,2.4,146.0,7.9,18.4,0.0,1016.7
2025-05-21 15:00:00+00:00,13.6,76,9.4,86,425.0,93.0,125.5,332.0,4.7,13.7,0.0,1016.8
2025-05-21 16:00:00+00:00,14.4,68,8.6,91,294.0,46.0,72.6,248.0,4.7,13.7,0.0,1016.6
2025-05-21 17:00:00+00:00,15.1,63,8.1,62,259.0,42.0,83.8,217.0,1.8,9.7,0.0,1016.6
2025-05-21 18:00:00+00:00,14.6,73,9.8,45,180.0,94.0,266.5,86.0,8.6,19.8,0.0,1015.9
2025-05-21 19:00:00+00:00,14.2,76,10.1,75,40.0,12.0,60.3,28.0,6.8,15.8,0.0,1016.2
2025-05-21 20:00:00+00:00,13.8,80,10.4,38,0.0,0.0,0.0,0.0,6.1,13.7,0.0,1016.7
2025-05-21 21:00:00+00:00,14.2,78,10.4,81,0.0,0.0,0.0,0.0,7.6,17.6,0.0,1017.5
2025-05-21 22:00:00+00:00,13.7,78,10.0,12,0.0,0.0,0.0,0.0,8.3,18.7,0.0,1017.6
2025-05-21 23:00:00+00:00,13.0,74,8.5,0,0.0,0.0,0.0,0.0,8.6,20.2,0.0,1017.8
2025-05-22 00:00:00+00:00,11.4,63,4.6,0,0.0,0.0,0.0,0.0,10.4,24.1,0.0,1018.0
2025-05-22 01:00:00+00:00,10.1,67,4.2,0,0.0,0.0,0.0,0.0,5.8,14.0,0.0,1018.3
2025-05-22 02:00:00+00:00,9.8,68,4.2,17,0.0,0.0,0.0,0.0,10.1,22.7,0.0,1018.3
2025-05-22 03:00:00+00:00,9.3,74,4.9,27,0.0,0.0,0.0,0.0,2.9,7.2,0.0,1018.1
2025-05-22 04:00:00+00:00,9.2,74,4.8,9,0.0,0.0,0.0,0.0,6.8,15.8,0.0,1018.6
2025-05-22 05:00:00+00:00,9.2,73,4.6,17,31.0,10.0,143.6,21.0,9.4,20.9,0.0,1019.0
2025-05-22 06:00:00+00:00,10.3,70,5.1,2,158.0,99.0,526.1,59.0,8.6,20.2,0.0,1019.6
2025-05-22 07:00:00+00:00,11.0,66,4.9,3,315.0,229.0,669.5,86.0,6.8,17.3,0.0,1019.8
2025-05-22 08:00:00+00:00,12.3,59,4.5,29,436.0,295.0,600.7,141.0,5.8,16.9,0.0,1019.7
2025-05-22 09:00:00+00:00,13.8,58,5.7,80,475.0,205.0,327.9,270.0,6.8,18.7,0.0,1019.3
2025-05-22 10:00:00+00:00,14.6,56,5.9,69,602.0,284.0,386.3,318.0,7.2,19.8,0.0,1019.5
2025-05-22 11:00:00+00:00,15.5,54,6.2,75,558.0,226.0,277.8,332.0,6.8,20.9,0.0,1019.4
2025-05-22 12:00:00+00:00,15.7,59,7.7,98,203.0,17.0,19.9,186.0,9.4,23.8,0.0,1019.0
2025-05-22 13:00:00+00:00,16.9,56,8.1,53,728.0,645.0,753.0,83.0,12.2,29.9,0.0,1018.5
2025-05-22 14:00:00+00:00,16.1,57,7.6,100,70.0,0.0,0.0,70.0,9.7,24.8,0.0,1018.8
2025-05-22 15:00:00+00:00,16.4,59,8.4,90,253.0,56.0,75.4,197.0,6.8,17.6,0.0,1018.3
2025-05-22 16:00:00+00:00,16.8,60,9.0,43,428.0,133.0,209.3,295.0,13.3,31.0,0.0,1018.0
2025-05-22 17:00:00+00:00,15.9,63,8.9,100,28.0,0.0,0.0,28.0,9.4,22.3,0.0,1018.3
2025-05-22 18:00:00+00:00,15.9,65,9.4,100,14.0,0.0,0.0,14.0,9.4,22.7,0.0,1018.3
2025-05-22 19:00:00+00:00,14.6,61,7.1,100,10.0,0.0,0.0,10.0,17.3,40.0,0.1,1019.1
2025-05-22 20:00:00+00:00,13.4,71,8.3,100,0.0,0.0,0.0,0.0,14.8,34.9,0.0,1020.1
2025-05-22 21:00:00+00:00,13.0,70,7.6,100,0.0,0.0,0.0,0.0,10.8,24.8,0.0,1020.5
2025-05-22 22:00:00+00:00,12.6,77,8.7,89,0.0,0.0,0.0,0.0,9.4,22.0,0.0,1020.6
2025-05-22 23:00:00+00:00,12.3,75,8.0,52,0.0,0.0,0.0,0.0,5.8,14.8,0.0,1020.5
2025-05-23 00:00:00+00:00,11.3,79,7.8,30,0.0,0.0,0.0,0.0,2.9,10.1,0.0,1020.4
2025-05-23 01:00:00+00:00,9.9,85,7.5,18,0.0,0.0,0.0,0.0,1.1,5.8,0.0,1020.4
2025-05-23 02:00:00+00:00,10.0,81,6.9,6,0.0,0.0,0.0,0.0,4.7,11.2,0.0,1020.4
2025-05-23 03:00:00+00:00,10.1,79,6.6,0,0.0,0.0,0.0,0.0,5.0,13.3,0.0,1020.7
2025-05-23 04:00:00+00:00,9.8,77,5.9,0,0.0,0.0,0.0,0.0,6.8,15.8,0.0,1020.8
2025-05-23 05:00:00+00:00,9.8,78,6.1,0,35.0,14.0,197.8,21.0,6.8,15.8,0.0,1021.0
2025-05-23 06:00:00+00:00,9.9,77,6.0,0,164.0,104.0,545.9,60.0,1.4,5.0,0.0,1021.3
2025-05-23 07:00:00+00:00,11.1,70,5.9,0,326.0,241.0,700.1,85.0,0.7,5.8,0.0,1021.5
2025-05-23 08:00:00+00:00,12.5,61,5.2,0,491.0,392.0,794.9,99.0,4.0,14.0,0.0,1021.5
2025-05-23 09:00:00+00:00,14.6,54,5.4,19,617.0,497.0,792.6,120.0,6.1,21.2,0.0,1021.1
2025-05-23 10:00:00+00:00,15.2,45,3.4,96,301.0,43.0,58.4,258.0,12.6,30.6,0.0,1021.2
2025-05-23 11:00:00+00:00,16.0,43,3.4,63,655.0,256.0,314.0,399.0,15.5,37.4,0.0,1020.8
2025-05-23 12:00:00+00:00,15.3,45,3.4,62,559.0,202.0,235.8,357.0,19.8,45.0,0.0,1020.8
2025-05-23 13:00:00+00:00,15.3,44,3.1,77,521.0,274.0,319.2,247.0,19.8,45.7,0.0,1020.5
2025-05-23 14:00:00+00:00,15.7,47,4.4,95,425.0,132.0,160.9,293.0,19.1,44.3,0.0,1020.0
2025-05-23 15:00:00+00:00,15.0,58,6.8,100,92.0,0.0,0.0,92.0,19.4,43.6,0.0,1019.1
2025-05-23 16:00:00+00:00,15.7,60,7.9,100,90.0,4.0,6.3,86.0,21.2,48.2,0.0,1018.6
2025-05-23 17:00:00+00:00,15.7,65,9.2,80,300.0,292.0,577.5,8.0,18.7,41.8,0.0,1018.3
2025-05-23 18:00:00+00:00,15.5,67,9.4,100,123.0,5.0,14.0,118.0,15.5,34.9,0.0,1018.3
2025-05-23 19:00:00+00:00,14.9,71,9.7,93,46.0,3.0,14.7,43.0,13.7,31.3,0.0,1017.9
2025-05-23 20:00:00+00:00,14.3,78,10.5,98,0.0,0.0,0.0,0.0,10.8,24.5,0.0,1018.1
2025-05-23 21:00:00+00:00,13.5,81,10.3,98,0.0,0.0,0.0,0.0,7.9,17.6,0.0,1018.4
2025-05-23 22:00:00+00:00,13.3,86,11.0,94,0.0,0.0,0.0,0.0,6.5,15.5,0.0,1017.9
2025-05-23 23:00:00+00:00,13.8,79,10.2,100,0.0,0.0,0.0,0.0,10.1,23.8,0.0,1017.7
2025-05-24 00:00:00+00:00,13.0,85,10.5,100,0.0,0.0,0.0,0.0,7.9,18.0,0.3,1017.0
2025-05-24 01:00:00+00:00,12.6,94,11.6,100,0.0,0.0,0.0,0.0,10.1,23.4,0.5,1016.1
2025-05-24 02:00:00+00:00,12.6,96,12.0,100,0.0,0.0,0.0,0.0,13.0,28.4,0.6,1015.2
2025-05-24 03:00:00+00:00,13.0,96,12.4,100,0.0,0.0,0.0,0.0,11.9,27.4,0.0,1014.7
2025-05-24 04:00:00+00:00,13.4,97,12.9,100,0.0,0.0,0.0,0.0,13.0,29.9,0.0,1014.1
2025-05-24 05:00:00+00:00,13.8,97,13.4,100,3.0,0.0,0.0,3.0,11.9,27.4,0.7,1013.8
2025-05-24 06:00:00+00:00,14.0,97,13.5,100,12.0,0.0,0.0,12.0,14.4,33.5,0.1,1014.0
2025-05-24 07:00:00+00:00,14.7,95,13.9,100,36.0,0.0,0.0,36.0,13.7,32.0,0.0,1014.0
2025-05-24 08:00:00+00:00,15.1,93,14.0,100,67.0,0.0,0.0,67.0,13.3,31.0,0.0,1013.8
2025-05-24 09:00:00+00:00,16.1,90,14.5,100,134.0,0.0,0.0,134.0,14.0,32.8,0.0,1013.7
2025-05-24 10:00:00+00:00,17.1,86,14.7,99,310.0,62.0,84.0,248.0,13.7,31.7,0.0,1013.5
2025-05-24 11:00:00+00:00,18.4,76,14.1,97,483.0,107.0,131.0,376.0,15.8,37.1,0.0,1013.0
2025-05-24 12:00:00+00:00,17.7,77,13.6,100,210.0,1.0,1.2,209.0,18.4,42.1,0.0,1013.4
2025-05-24 13:00:00+00:00,17.7,77,13.6,100,190.0,2.0,2.3,188.0,17.6,40.7,0.0,1013.2
2025-05-24 14:00:00+00:00,17.9,77,13.8,100,153.0,20.0,24.3,133.0,18.0,41.0,0.0,1012.8
2025-05-24 15:00:00+00:00,16.2,91,14.8,100,100.0,1.0,1.3,99.0,14.0,32.0,0.0,1012.9
2025-05-24 16:00:00+00:00,16.1,89,14.3,100,113.0,1.0,1.6,112.0,17.3,38.9,0.0,1012.5
2025-05-24 17:00:00+00:00,15.5,92,14.2,100,25.0,0.0,0.0,25.0,15.8,36.4,0.0,1012.4
2025-05-24 18:00:00+00:00,15.7,89,13.9,100,17.0,0.0,0.0,17.0,14.0,32.0,0.0,1012.4
2025-05-24 19:00:00+00:00,15.3,91,13.9,100,10.0,0.0,0.0,10.0,15.5,35.3,0.0,1012.0
2025-05-24 20:00:00+00:00,15.2,89,13.4,100,0.0,0.0,0.0,0.0,14.8,33.5,0.0,1011.8
2025-05-24 21:00:00+00:00,15.1,85,12.6,100,0.0,0.0,0.0,0.0,16.6,38.2,0.0,1011.6
2025-05-24 22:00:00+00:00,14.6,87,12.4,100,0.0,0.0,0.0,0.0,16.6,37.1,0.1,1011.0
2025-05-24 23:00:00+00:00,14.0,93,12.9,100,0.0,0.0,0.0,0.0,20.5,46.1,0.5,1010.4
2025-05-25 00:00:00+00:00,14.1,95,13.3,100,0.0,0.0,0.0,0.0,18.4,41.4,0.4,1009.9
2025-05-25 01:00:00+00:00,14.2,96,13.6,100,0.0,0.0,0.0,0.0,20.5,47.2,0.1,1009.6
2025-05-25 02:00:00+00:00,14.3,93,13.2,98,0.0,0.0,0.0,0.0,14.8,34.2,0.0,1009.3
2025-05-25 03:00:00+00:00,14.2,90,12.6,85,0.0,0.0,0.0,0.0,15.5,35.3,0.0,1008.8
2025-05-25 04:00:00+00:00,13.5,88,11.5,0,1.0,0.0,0.0,1.0,14.0,32.0,0.0,1008.5
2025-05-25 05:00:00+00:00,13.2,89,11.5,13,33.0,12.0,164.6,21.0,14.0,31.7,0.0,1009.0
2025-05-25 06:00:00+00:00,13.6,89,11.8,31,146.0,87.0,446.3,59.0,15.8,36.4,0.0,1009.3
2025-05-25 07:00:00+00:00,14.8,83,11.9,95,129.0,2.0,5.7,127.0,20.2,45.4,0.0,1009.6
2025-05-25 08:00:00+00:00,15.8,64,9.0,16,467.0,329.0,662.3,138.0,22.0,50.8,0.0,1010.5
2025-05-25 09:00:00+00:00,16.7,45,4.7,0,645.0,537.0,851.8,108.0,25.2,58.0,0.0,1011.2
2025-05-25 10:00:00+00:00,17.5,45,5.5,20,726.0,564.0,762.1,162.0,26.3,61.6,0.0,1011.8
2025-05-25 11:00:00+00:00,18.4,40,4.6,4,847.0,718.0,877.4,129.0,25.2,59.8,0.0,1012.1
2025-05-25 12:00:00+00:00,19.3,35,3.4,28,825.0,658.0,765.4,167.0,21.6,53.3,0.0,1012.1
2025-05-25 13:00:00+00:00,19.5,35,3.7,21,837.0,780.0,905.4,57.0,24.1,58.7,0.0,1012.3
2025-05-25 14:00:00+00:00,19.5,34,3.2,28,755.0,395.0,479.6,360.0,24.1,58.0,0.0,1012.2
2025-05-25 15:00:00+00:00,19.6,33,2.9,9,707.0,599.0,800.1,108.0,23.8,57.2,0.0,1012.8
2025-05-25 16:00:00+00:00,19.0,35,3.2,22,549.0,264.0,411.4,285.0,23.0,55.1,0.0,1013.2
2025-05-25 17:00:00+00:00,18.2,35,2.5,70,309.0,161.0,315.7,148.0,20.5,49.0,0.0,1013.5
2025-05-25 18:00:00+00:00,16.7,44,4.4,77,172.0,35.0,96.5,137.0,23.4,54.4,0.0,1014.1
2025-05-25 19:00:00+00:00,15.8,48,4.8,25,72.0,52.0,248.1,20.0,17.6,41.8,0.0,1014.6
2025-05-25 20:00:00+00:00,14.6,46,3.1,3,0.0,0.0,0.0,0.0,16.6,39.2,0.0,1015.2
2025-05-25 21:00:00+00:00,13.6,53,4.2,2,0.0,0.0,0.0,0.0,15.5,37.1,0.0,1016.1
2025-05-25 22:00:00+00:00,12.7,60,5.2,0,0.0,0.0,0.0,0.0,14.8,33.5,0.0,1016.5
2025-05-25 23:00:00+00:00,12.2,65,5.8,0,0.0,0.0,0.0,0.0,16.9,39.2,0.0,1016.7
2025-05-26 00:00:00+00:00,11.8,69,6.3,6,0.0,0.0,0.0,0.0,14.0,32.8,0.0,1016.7
2025-05-26 01:00:00+00:00,11.4,73,6.8,0,0.0,0.0,0.0,0.0,14.0,32.0,0.0,1016.8
2025-05-26 02:00:00+00:00,11.0,77,7.1,5,0.0,0.0,0.0,0.0,10.8,24.8,0.0,1017.0
2025-05-26 03:00:00+00:00,11.1,77,7.2,53,0.0,0.0,0.0,0.0,11.5,25.9,0.0,1017.0
2025-05-26 04:00:00+00:00,10.5,78,6.9,58,1.0,0.0,0.0,1.0,10.1,23.8,0.0,1017.4
2025-05-26 05:00:00+00:00,10.8,77,7.0,83,27.0,1.0,13.5,26.0,9.7,21.6,0.0,1017.6
2025-05-26 06:00:00+00:00,11.9,78,8.2,64,153.0,74.0,375.7,79.0,11.5,25.6,0.0,1018.1
2025-05-26 07:00:00+00:00,13.4,67,7.4,45,307.0,188.0,537.0,119.0,15.5,35.3,0.0,1018.1
2025-05-26 08:00:00+00:00,14.5,59,6.6,86,339.0,180.0,361.1,159.0,16.9,39.6,0.0,1018.2
2025-05-26 09:00:00+00:00,16.4,48,5.3,85,443.0,336.0,531.6,107.0,15.5,38.5,0.0,1018.3
2025-05-26 10:00:00+00:00,16.4,49,5.7,100,234.0,16.0,21.6,218.0,11.5,29.2,0.0,1018.3
2025-05-26 11:00:00+00:00,16.0,53,6.4,100,185.0,3.0,3.7,182.0,22.3,50.8,0.0,1018.4
2025-05-26 12:00:00+00:00,15.2,65,8.7,98,261.0,9.0,10.5,252.0,16.6,37.4,0.3,1018.2
2025-05-26 13:00:00+00:00,15.4,61,7.9,100,172.0,45.0,52.1,127.0,20.9,47.2,0.0,1018.0
2025-05-26 14:00:00+00:00,16.0,58,7.7,99,275.0,0.0,0.0,275.0,23.0,52.9,0.0,1017.5
2025-05-26 15:00:00+00:00,15.5,67,9.4,99,197.0,52.0,69.3,145.0,26.3,59.8,0.0,1016.6
2025-05-26 16:00:00+00:00,14.8,71,9.6,100,81.0,0.0,0.0,81.0,24.8,56.9,0.0,1016.6
2025-05-26 17:00:00+00:00,14.4,73,9.6,100,98.0,0.0,0.0,98.0,23.4,53.3,0.0,1016.3
2025-05-26 18:00:00+00:00,14.5,75,10.1,95,127.0,22.0,60.3,105.0,22.7,51.5,0.0,1015.7
2025-05-26 19:00:00+00:00,14.3,77,10.3,100,29.0,2.0,9.4,27.0,21.2,47.9,0.0,1015.3
2025-05-26 20:00:00+00:00,14.1,79,10.5,100,0.0,0.0,0.0,0.0,19.4,44.3,0.0,1015.5
2025-05-26 21:00:00+00:00,13.8,81,10.6,100,0.0,0.0,0.0,0.0,24.1,54.7,0.0,1015.6
2025-05-26 22:00:00+00:00,13.9,80,10.5,100,0.0,0.0,0.0,0.0,23.8,53.3,0.0,1015.1
2025-05-26 23:00:00+00:00,13.8,82,10.8,100,0.0,0.0,0.0,0.0,25.9,59.4,0.0,1014.3
2025-05-27 00:00:00+00:00,13.7,85,11.3,100,0.0,0.0,0.0,0.0,23.8,54.7,0.1,1014.0
2025-05-27 01:00:00+00:00,13.4,93,12.3,100,0.0,0.0,0.0,0.0,23.4,53.6,0.3,1013.4
2025-05-27 02:00:00+00:00,13.6,94,12.6,100,0.0,0.0,0.0,0.0,20.2,46.1,0.0,1013.1
2025-05-27 03:00:00+00:00,13.6,91,12.2,31,0.0,0.0,0.0,0.0,14.8,34.6,0.0,1012.8
2025-05-27 04:00:00+00:00,12.9,86,10.6,73,1.0,0.0,0.0,1.0,16.2,36.7,0.0,1013.4
2025-05-27 05:00:00+00:00,12.8,86,10.5,56,32.0,12.0,160.4,20.0,12.6,28.8,0.0,1013.9
2025-05-27 06:00:00+00:00,13.0,84,10.4,98,106.0,3.0,15.1,103.0,15.5,35.6,0.0,1014.8
2025-05-27 07:00:00+00:00,13.8,78,10.1,85,188.0,50.0,142.1,138.0,14.8,33.8,0.0,1015.1
2025-05-27 08:00:00+00:00,14.8,70,9.4,88,277.0,62.0,124.0,215.0,14.4,33.5,0.0,1015.5
2025-05-27 09:00:00+00:00,15.8,63,8.8,100,139.0,0.0,0.0,139.0,13.7,31.3,0.0,1015.1
2025-05-27 10:00:00+00:00,15.4,71,10.1,100,98.0,0.0,0.0,98.0,15.1,33.8,0.0,1014.9
2025-05-27 11:00:00+00:00,13.9,94,13.0,100,68.0,0.0,0.0,68.0,15.5,33.8,1.2,1014.3
2025-05-27 12:00:00+00:00,14.6,95,13.8,100,87.0,0.0,0.0,87.0,22.3,50.4,3.4,1013.6
2025-05-27 13:00:00+00:00,15.0,93,13.9,100,92.0,0.0,0.0,92.0,26.6,60.5,1.1,1013.3
2025-05-27 14:00:00+00:00,15.2,90,13.5,100,135.0,1.0,1.2,134.0,24.5,55.8,0.6,1012.9
2025-05-27 15:00:00+00:00,14.9,92,13.6,100,62.0,0.0,0.0,62.0,24.8,56.2,0.7,1012.8
2025-05-27 16:00:00+00:00,14.5,94,13.6,100,105.0,0.0,0.0,105.0,22.7,51.5,2.2,1012.5
2025-05-27 17:00:00+00:00,14.4,93,13.3,100,17.0,0.0,0.0,17.0,25.6,58.3,0.4,1012.7
2025-05-27 18:00:00+00:00,14.3,94,13.3,100,25.0,0.0,0.0,25.0,23.8,54.7,1.5,1012.4
2025-05-27 19:00:00+00:00,14.2,94,13.2,100,16.0,0.0,0.0,16.0,22.0,50.0,0.2,1012.5
2025-05-27 20:00:00+00:00,14.2,94,13.3,100,0.0,0.0,0.0,0.0,18.7,43.2,0.0,1012.9
2025-05-27 21:00:00+00:00,14.3,95,13.5,100,0.0,0.0,0.0,0.0,18.4,42.5,0.0,1013.2
2025-05-27 22:00:00+00:00,14.6,93,13.5,90,0.0,0.0,0.0,0.0,16.9,38.9,0.0,1013.6
2025-05-27 23:00:00+00:00,14.3,92,13.0,100,0.0,0.0,0.0,0.0,13.7,32.0,0.0,1013.4
2025-05-28 00:00:00+00:00,14.1,84,11.5,100,0.0,0.0,0.0,0.0,11.9,27.7,0.0,1013.6
2025-05-28 01:00:00+00:00,13.6,83,10.7,49,0.0,0.0,0.0,0.0,10.4,25.2,0.0,1013.9
2025-05-28 02:00:00+00:00,13.1,81,9.9,67,0.0,0.0,0.0,0.0,9.0,21.2,0.0,1014.1
2025-05-28 03:00:00+00:00,13.6,82,10.6,70,0.0,0.0,0.0,0.0,10.8,25.6,0.0,1013.8
2025-05-28 04:00:00+00:00,13.3,83,10.5,25,1.0,0.0,0.0,1.0,11.2,25.6,0.0,1014.3
2025-05-28 05:00:00+00:00,13.0,84,10.4,0,37.0,15.0,198.1,22.0,11.5,26.3,0.0,1014.6
2025-05-28 06:00:00+00:00,13.3,81,10.1,16,159.0,96.0,478.4,63.0,11.2,25.6,0.0,1015.3
2025-05-28 07:00:00+00:00,14.1,79,10.5,88,133.0,15.0,42.4,118.0,12.6,28.4,0.0,1015.9
2025-05-28 08:00:00+00:00,15.9,63,8.9,41,423.0,227.0,452.6,196.0,20.5,47.2,0.0,1016.4
2025-05-28 09:00:00+00:00,16.8,58,8.5,97,291.0,19.0,29.9,272.0,20.9,48.6,0.0,1016.4
2025-05-28 10:00:00+00:00,18.6,48,7.4,72,608.0,324.0,435.3,284.0,19.4,46.8,0.0,1016.8
2025-05-28 11:00:00+00:00,19.2,47,7.6,91,585.0,155.0,188.5,430.0,22.7,53.3,0.0,1017.7
2025-05-28 12:00:00+00:00,19.0,50,8.3,77,574.0,6.0,6.9,568.0,22.7,52.2,0.0,1018.2
2025-05-28 13:00:00+00:00,21.3,38,6.4,80,593.0,394.0,455.0,199.0,16.9,42.5,0.0,1018.0
2025-05-28 14:00:00+00:00,21.5,38,6.6,46,780.0,613.0,740.0,167.0,17.6,44.6,0.0,1018.4
2025-05-28 15:00:00+00:00,21.6,37,6.3,73,650.0,505.0,670.0,145.0,18.4,45.0,0.0,1019.2
2025-05-28 16:00:00+00:00,21.5,38,6.6,67,537.0,378.0,584.0,159.0,18.7,45.4,0.0,1019.3
2025-05-28 17:00:00+00:00,20.7,38,5.9,53,394.0,297.0,575.4,97.0,18.0,42.8,0.0,1019.8
2025-05-28 18:00:00+00:00,19.9,43,6.9,77,202.0,128.0,346.6,74.0,16.2,38.2,0.0,1020.6
2025-05-28 19:00:00+00:00,18.6,46,6.7,65,69.0,12.0,55.4,57.0,14.4,33.5,0.0,1021.2
2025-05-28 20:00:00+00:00,17.2,52,7.2,47,0.0,0.0,0.0,0.0,11.2,25.9,0.0,1021.6
2025-05-28 21:00:00+00:00,16.4,62,9.1,100,0.0,0.0,0.0,0.0,8.6,21.2,0.0,1022.1
2025-05-28 22:00:00+00:00,15.8,67,9.7,98,0.0,0.0,0.0,0.0,8.6,20.5,0.0,1022.5
2025-05-28 23:00:00+00:00,15.4,71,10.1,95,0.0,0.0,0.0,0.0,6.5,15.5,0.0,1022.8
2025-05-29 00:00:00+00:00,15.1,76,10.9,100,0.0,0.0,0.0,0.0,7.2,17.3,0.0,1022.4
2025-05-29 01:00:00+00:00,14.8,77,10.8,93,0.0,0.0,0.0,0.0,6.5,14.8,0.0,1021.9
2025-05-29 02:00:00+00:00,14.6,81,11.4,100,0.0,0.0,0.0,0.0,8.3,18.4,0.0,1021.2
2025-05-29 03:00:00+00:00,14.4,80,11.0,100,0.0,0.0,0.0,0.0,13.0,29.2,0.0,1020.7
2025-05-29 04:00:00+00:00,14.3,89,12.5,100,0.0,0.0,0.0,0.0,15.8,35.3,0.0,1020.5
2025-05-29 05:00:00+00:00,13.9,94,13.0,100,6.0,0.0,0.0,6.0,18.4,41.0,0.0,1020.6
2025-05-29 06:00:00+00:00,14.0,99,13.9,100,41.0,0.0,0.0,41.0,17.3,39.2,0.0,1020.6
2025-05-29 07:00:00+00:00,15.2,93,14.1,100,91.0,4.0,11.3,87.0,14.0,32.0,0.0,1020.6
2025-05-29 08:00:00+00:00,16.3,86,13.9,98,147.0,15.0,29.8,132.0,16.9,38.2,0.0,1020.4
2025-05-29 09:00:00+00:00,17.5,80,14.0,95,237.0,47.0,73.9,190.0,19.8,45.4,0.0,1020.4
2025-05-29 10:00:00+00:00,17.5,82,14.4,98,286.0,27.0,36.2,259.0,20.2,45.4,0.0,1020.4
2025-05-29 11:00:00+00:00,18.5,76,14.2,100,234.0,0.0,0.0,234.0,18.0,41.4,0.0,1020.6
2025-05-29 12:00:00+00:00,18.8,75,14.3,100,184.0,0.0,0.0,184.0,19.4,43.6,0.0,1020.6
2025-05-29 13:00:00+00:00,19.1,73,14.1,90,360.0,56.0,64.6,304.0,20.2,46.1,0.0,1020.4
2025-05-29 14:00:00+00:00,19.0,73,14.1,96,310.0,27.0,32.5,283.0,22.7,51.5,0.0,1020.2
2025-05-29 15:00:00+00:00,19.6,68,13.6,95,433.0,182.0,240.9,251.0,22.7,52.2,0.0,1020.2
2025-05-29 16:00:00+00:00,19.6,67,13.3,91,351.0,114.0,175.6,237.0,20.9,47.9,0.0,1019.9
2025-05-29 17:00:00+00:00,19.1,69,13.3,72,333.0,197.0,380.2,136.0,20.2,45.7,0.0,1019.7
2025-05-29 18:00:00+00:00,18.7,71,13.4,90,147.0,39.0,105.0,108.0,16.6,37.8,0.0,1019.7
2025-05-29 19:00:00+00:00,17.8,74,13.1,93,60.0,6.0,27.4,54.0,15.5,35.3,0.0,1019.9
2025-05-29 20:00:00+00:00,16.9,76,12.6,93,0.0,0.0,0.0,0.0,15.1,34.6,0.0,1020.3
2025-05-29 21:00:00+00:00,16.3,80,12.8,77,0.0,0.0,0.0,0.0,14.0,32.4,0.0,1020.4
2025-05-29 22:00:00+00:00,16.0,81,12.8,88,0.0,0.0,0.0,0.0,13.7,31.3,0.0,1020.6
2025-05-29 23:00:00+00:00,15.8,83,12.9,96,0.0,0.0,0.0,0.0,12.6,29.2,0.0,1020.6
2025-05-30 00:00:00+00:00,15.5,84,12.8,100,0.0,0.0,0.0,0.0,11.2,25.2,0.0,1020.5
2025-05-30 01:00:00+00:00,15.1,87,12.9,53,0.0,0.0,0.0,0.0,11.2,26.3,0.0,1020.2
2025-05-30 02:00:00+00:00,14.9,87,12.8,81,0.0,0.0,0.0,0.0,10.1,23.4,0.0,1020.0
2025-05-30 03:00:00+00:00,14.8,89,13.0,44,0.0,0.0,0.0,0.0,9.4,21.2,0.0,1020.5
2025-05-30 04:00:00+00:00,14.3,91,12.8,16,2.0,0.0,0.0,2.0,8.6,19.4,0.0,1020.7
2025-05-30 05:00:00+00:00,14.6,91,13.2,77,25.0,2.0,25.9,23.0,9.4,20.9,0.0,1020.9
2025-05-30 06:00:00+00:00,14.8,87,12.6,88,104.0,25.0,122.6,79.0,9.4,21.2,0.0,1021.2
2025-05-30 07:00:00+00:00,15.8,84,13.1,76,221.0,74.0,207.6,147.0,12.2,27.7,0.0,1021.3
2025-05-30 08:00:00+00:00,16.4,80,12.9,71,354.0,131.0,259.8,223.0,12.6,28.1,0.0,1021.2
2025-05-30 09:00:00+00:00,17.3,73,12.4,75,371.0,104.0,163.2,267.0,14.8,34.2,0.0,1020.9
2025-05-30 10:00:00+00:00,17.9,72,12.8,91,325.0,58.0,77.7,267.0,15.5,35.3,0.0,1020.9
2025-05-30 11:00:00+00:00,18.5,66,12.1,85,468.0,76.0,92.1,392.0,15.1,35.6,0.0,1020.7
2025-05-30 12:00:00+00:00,19.5,63,12.2,78,619.0,215.0,248.2,404.0,14.4,34.6,0.0,1020.4
2025-05-30 13:00:00+00:00,20.2,61,12.4,62,786.0,531.0,611.4,255.0,14.8,36.4,0.0,1020.0
2025-05-30 14:00:00+00:00,20.7,59,12.4,77,719.0,476.0,572.7,243.0,13.3,33.8,0.0,1019.7
2025-05-30 15:00:00+00:00,21.3,55,11.9,18,698.0,593.0,783.4,105.0,14.0,34.2,0.0,1019.8
2025-05-30 16:00:00+00:00,21.0,57,12.2,30,556.0,447.0,686.8,109.0,16.6,38.2,0.0,1019.5
2025-05-30 17:00:00+00:00,20.3,60,12.3,74,324.0,141.0,271.1,183.0,15.5,35.3,0.0,1019.3
2025-05-30 18:00:00+00:00,20.0,62,12.5,50,202.0,96.0,257.0,106.0,13.7,31.7,0.0,1019.3
2025-05-30 19:00:00+00:00,19.3,66,12.8,41,75.0,29.0,131.0,46.0,9.4,22.7,0.0,1019.1
2025-05-30 20:00:00+00:00,17.8,73,12.9,62,0.0,0.0,0.0,0.0,7.6,18.4,0.0,1019.5
2025-05-30 21:00:00+00:00,17.3,77,13.3,91,0.0,0.0,0.0,0.0,5.8,14.0,0.0,1019.7
2025-05-30 22:00:00+00:00,17.0,79,13.3,93,0.0,0.0,0.0,0.0,5.8,13.7,0.0,1019.6
2025-05-30 23:00:00+00:00,16.6,82,13.5,77,0.0,0.0,0.0,0.0,5.8,13.7,0.0,1019.7
2025-05-31 00:00:00+00:00,16.4,82,13.3,70,0.0,0.0,0.0,0.0,4.0,10.1,0.0,1019.5
2025-05-31 01:00:00+00:00,15.5,83,12.6,34,0.0,0.0,0.0,0.0,4.7,10.8,0.0,1019.3
2025-05-31 02:00:00+00:00,15.3,85,12.8,57,0.0,0.0,0.0,0.0,4.0,9.4,0.0,1018.9
2025-05-31 03:00:00+00:00,15.4,88,13.5,99,0.0,0.0,0.0,0.0,6.1,14.0,0.0,1018.7
2025-05-31 04:00:00+00:00,14.9,91,13.4,98,2.0,0.0,0.0,2.0,7.2,15.8,0.0,1018.9
2025-05-31 05:00:00+00:00,14.9,91,13.4,97,19.0,1.0,12.8,18.0,3.6,9.0,0.0,1019.2
2025-05-31 06:00:00+00:00,15.9,87,13.8,86,110.0,16.0,77.9,94.0,4.0,10.8,0.0,1019.0
2025-05-31 07:00:00+00:00,16.4,85,13.9,90,210.0,32.0,89.4,178.0,3.2,11.2,0.0,1019.0
2025-05-31 08:00:00+00:00,17.4,80,13.9,53,390.0,206.0,407.5,184.0,3.2,11.9,0.0,1018.9
2025-05-31 09:00:00+00:00,18.6,70,13.0,73,396.0,201.0,314.8,195.0,1.4,10.4,0.0,1018.1
2025-05-31 10:00:00+00:00,20.3,62,12.8,67,646.0,455.0,608.5,191.0,6.8,20.5,0.0,1017.9
2025-05-31 11:00:00+00:00,21.1,59,12.8,76,658.0,269.0,325.7,389.0,10.4,27.4,0.0,1017.5
2025-05-31 12:00:00+00:00,22.0,55,12.6,72,754.0,458.0,528.0,296.0,16.6,40.7,0.0,1017.4
2025-05-31 13:00:00+00:00,22.1,50,11.2,100,519.0,82.0,94.3,437.0,18.4,42.8,0.0,1017.0
2025-05-31 14:00:00+00:00,22.3,50,11.4,94,651.0,272.0,326.7,379.0,16.6,39.2,0.0,1016.3
2025-05-31 15:00:00+00:00,20.6,60,12.5,100,195.0,0.0,0.0,195.0,19.1,42.8,0.0,1016.9
2025-05-31 16:00:00+00:00,19.7,64,12.7,89,263.0,97.0,148.7,166.0,19.4,44.6,0.0,1016.9
2025-05-31 17:00:00+00:00,19.5,64,12.5,62,324.0,179.0,343.0,145.0,17.6,40.7,0.0,1016.5
2025-05-31 18:00:00+00:00,19.6,61,11.9,80,165.0,46.0,122.5,119.0,16.6,38.2,0.0,1016.0
2025-05-31 19:00:00+00:00,17.9,71,12.6,78,73.0,17.0,76.1,56.0,13.0,29.9,0.0,1015.8
2025-05-31 20:00:00+00:00,16.9,74,12.3,63,0.0,0.0,0.0,0.0,12.2,28.4,0.0,1016.2
2025-05-31 21:00:00+00:00,16.4,73,11.5,20,0.0,0.0,0.0,0.0,13.0,30.2,0.0,1016.4
2025-05-31 22:00:00+00:00,15.6,77,11.6,50,0.0,0.0,0.0,0.0,10.4,24.1,0.0,1016.6
2025-05-31 23:00:00+00:00,15.0,80,11.6,2,0.0,0.0,0.0,0.0,7.9,18.4,0.0,1016.3
2025-06-01 00:00:00+00:00,13.9,85,11.4,31,0.0,0.0,0.0,0.0,7.9,18.4,0.0,1016.2
2025-06-01 01:00:00+00:00,13.8,87,11.7,45,0.0,0.0,0.0,0.0,9.7,22.0,0.0,1015.9
2025-06-01 02:00:00+00:00,13.9,87,11.8,88,0.0,0.0,0.0,0.0,12.2,28.4,0.0,1015.6
2025-06-01 03:00:00+00:00,13.3,89,11.6,2,0.0,0.0,0.0,0.0,10.8,25.2,0.0,1015.8
2025-06-01 04:00:00+00:00,12.7,86,10.4,1,3.0,0.0,0.0,3.0,9.4,22.3,0.0,1016.0
2025-06-01 05:00:00+00:00,12.5,80,9.2,0,43.0,19.0,241.4,24.0,11.9,27.0,0.0,1016.1
2025-06-01 06:00:00+00:00,13.2,80,9.8,32,165.0,82.0,396.3,83.0,14.0,32.0,0.0,1016.4
2025-06-01 07:00:00+00:00,14.7,60,7.0,0,340.0,255.0,710.2,85.0,15.8,37.1,0.0,1016.2
2025-06-01 08:00:00+00:00,16.0,52,6.1,29,454.0,362.0,714.5,92.0,15.8,37.8,0.0,1016.1
2025-06-01 09:00:00+00:00,17.4,45,5.3,9,639.0,503.0,786.5,136.0,15.8,40.0,0.0,1015.5
2025-06-01 10:00:00+00:00,18.1,44,5.7,27,730.0,590.0,788.0,140.0,18.4,45.4,0.0,1015.3
2025-06-01 11:00:00+00:00,18.8,46,6.9,38,742.0,472.0,570.8,270.0,20.9,50.8,0.0,1015.2
2025-06-01 12:00:00+00:00,19.4,44,6.8,47,752.0,401.0,461.7,351.0,22.0,53.6,0.0,1015.1
2025-06-01 13:00:00+00:00,18.5,49,7.6,99,363.0,16.0,18.4,347.0,22.7,53.3,0.0,1015.0
2025-06-01 14:00:00+00:00,18.2,51,7.9,94,368.0,62.0,74.4,306.0,25.9,59.8,0.0,1014.6
2025-06-01 15:00:00+00:00,18.8,48,7.5,96,303.0,1.0,1.3,302.0,22.0,51.8,0.0,1014.7
2025-06-01 16:00:00+00:00,18.4,50,7.8,95,297.0,85.0,129.9,212.0,22.0,51.1,0.0,1014.5
2025-06-01 17:00:00+00:00,17.7,53,8.0,99,132.0,0.0,0.0,132.0,22.0,50.8,0.0,1014.5
2025-06-01 18:00:00+00:00,17.6,55,8.4,92,97.0,25.0,66.2,72.0,19.1,44.3,0.0,1014.0
2025-06-01 19:00:00+00:00,16.8,58,8.5,82,45.0,11.0,48.7,34.0,19.1,44.6,0.0,1014.2
2025-06-01 20:00:00+00:00,16.1,64,9.3,99,0.0,0.0,0.0,0.0,14.0,32.0,0.0,1014.6
2025-06-01 21:00:00+00:00,15.5,67,9.4,43,0.0,0.0,0.0,0.0,9.4,22.7,0.0,1015.6
2025-06-01 22:00:00+00:00,14.8,66,8.5,44,0.0,0.0,0.0,0.0,10.4,24.1,0.0,1015.9
2025-06-01 23:00:00+00:00,14.0,72,9.0,52,0.0,0.0,0.0,0.0,10.1,23.0,0.0,1015.9
2025-06-02 00:00:00+00:00,13.2,77,9.2,51,0.0,0.0,0.0,0.0,7.6,18.4,0.0,1016.2
2025-06-02 01:00:00+00:00,12.6,81,9.4,8,0.0,0.0,0.0,0.0,9.4,22.0,0.0,1016.2
2025-06-02 02:00:00+00:00,12.6,82,9.6,88,0.0,0.0,0.0,0.0,8.6,19.8,0.0,1016.7
2025-06-02 03:00:00+00:00,12.1,81,8.9,10,0.0,0.0,0.0,0.0,8.6,20.2,0.0,1017.5
2025-06-02 04:00:00+00:00,11.4,83,8.6,0,3.0,0.0,0.0,3.0,7.6,17.6,0.0,1018.1
2025-06-02 05:00:00+00:00,11.5,79,8.0,0,44.0,19.0,239.5,25.0,8.3,19.1,0.0,1018.7
2025-06-02 06:00:00+00:00,12.2,77,8.3,0,180.0,116.0,557.2,64.0,10.4,23.0,0.0,1019.4
2025-06-02 07:00:00+00:00,13.4,67,7.4,0,342.0,256.0,710.7,86.0,11.9,27.0,0.0,1019.5
2025-06-02 08:00:00+00:00,15.0,54,5.7,0,506.0,401.0,789.9,105.0,11.9,29.5,0.0,1019.7
2025-06-02 09:00:00+00:00,16.4,47,5.0,28,595.0,512.0,799.4,83.0,11.2,31.0,0.0,1019.4
2025-06-02 10:00:00+00:00,17.4,38,3.0,37,722.0,536.0,714.9,186.0,11.2,32.0,0.0,1019.6
2025-06-02 11:00:00+00:00,18.2,37,3.2,39,771.0,482.0,582.2,289.0,10.4,32.0,0.0,1019.5
2025-06-02 12:00:00+00:00,19.4,32,2.3,34,831.0,608.0,699.2,223.0,7.9,28.4,0.0,1018.8
2025-06-02 13:00:00+00:00,19.8,32,2.6,84,611.0,316.0,362.4,295.0,5.0,24.8,0.0,1018.4
2025-06-02 14:00:00+00:00,20.0,36,4.5,45,692.0,374.0,447.8,318.0,18.4,45.4,0.0,1017.8
2025-06-02 15:00:00+00:00,19.6,38,4.9,0,725.0,633.0,831.4,92.0,19.4,46.1,0.0,1017.1
2025-06-02 16:00:00+00:00,19.0,39,4.7,0,589.0,505.0,770.1,84.0,19.4,45.7,0.0,1016.8
2025-06-02 17:00:00+00:00,18.3,41,4.8,0,427.0,354.0,673.6,73.0,18.7,43.6,0.0,1016.4
2025-06-02 18:00:00+00:00,17.9,42,4.8,0,254.0,195.0,513.8,59.0,17.3,39.2,0.0,1015.7
2025-06-02 19:00:00+00:00,16.6,48,5.5,0,94.0,56.0,245.9,38.0,14.4,33.5,0.0,1015.4
2025-06-02 20:00:00+00:00,15.0,55,6.0,3,0.0,0.0,0.0,0.0,11.5,26.6,0.0,1015.3
2025-06-02 21:00:00+00:00,13.7,64,7.0,0,0.0,0.0,0.0,0.0,8.6,20.2,0.0,1015.0
2025-06-02 22:00:00+00:00,12.9,74,8.4,16,0.0,0.0,0.0,0.0,10.4,23.8,0.0,1014.5
2025-06-02 23:00:00+00:00,12.6,76,8.5,63,0.0,0.0,0.0,0.0,13.7,30.2,0.0,1013.9
2025-06-03 00:00:00+00:00,12.4,76,8.3,91,0.0,0.0,0.0,0.0,11.2,25.2,0.0,1013.3
2025-06-03 01:00:00+00:00,12.3,75,8.0,73,0.0,0.0,0.0,0.0,11.9,26.6,0.0,1012.7
2025-06-03 02:00:00+00:00,12.4,71,7.3,75,0.0,0.0,0.0,0.0,13.3,29.9,0.0,1011.8
2025-06-03 03:00:00+00:00,12.6,76,8.5,91,0.0,0.0,0.0,0.0,15.1,33.5,0.0,1011.2
2025-06-03 04:00:00+00:00,12.8,78,9.1,95,2.0,0.0,0.0,2.0,15.8,35.6,0.0,1010.7
2025-06-03 05:00:00+00:00,13.0,79,9.5,34,39.0,16.0,200.2,23.0,18.0,40.0,0.0,1010.1
2025-06-03 06:00:00+00:00,13.8,74,9.2,83,93.0,9.0,43.0,84.0,22.7,49.7,0.0,1009.8
2025-06-03 07:00:00+00:00,13.3,81,10.1,100,40.0,0.0,0.0,40.0,23.4,52.6,0.1,1009.4
2025-06-03 08:00:00+00:00,12.8,89,11.0,100,61.0,0.0,0.0,61.0,24.1,53.6,0.3,1009.0
2025-06-03 09:00:00+00:00,13.2,91,11.8,100,84.0,1.0,1.6,83.0,27.0,60.5,0.1,1007.9
2025-06-03 10:00:00+00:00,13.6,94,12.6,100,104.0,0.0,0.0,104.0,27.4,61.9,0.4,1007.7
2025-06-03 11:00:00+00:00,14.4,93,13.3,100,127.0,0.0,0.0,127.0,21.6,49.0,0.2,1007.7
2025-06-03 12:00:00+00:00,14.8,89,13.0,90,450.0,85.0,97.6,365.0,12.6,28.4,1.3,1007.9
2025-06-03 13:00:00+00:00,17.1,71,11.8,98,293.0,22.0,25.2,271.0,11.2,27.0,0.0,1007.6
2025-06-03 14:00:00+00:00,18.1,60,10.2,89,360.0,81.0,96.8,279.0,18.4,41.0,0.0,1007.3
2025-06-03 15:00:00+00:00,17.2,72,12.1,52,583.0,312.0,409.0,271.0,15.8,36.4,0.0,1006.7
2025-06-03 16:00:00+00:00,17.3,65,10.7,81,319.0,28.0,42.6,291.0,22.0,48.6,0.0,1006.3
2025-06-03 17:00:00+00:00,16.7,68,10.8,54,338.0,109.0,206.7,229.0,21.2,47.9,0.0,1006.4
2025-06-03 18:00:00+00:00,16.7,63,9.6,70,184.0,60.0,157.3,124.0,22.3,50.0,0.0,1006.5
2025-06-03 19:00:00+00:00,16.1,62,8.8,98,60.0,0.0,0.0,60.0,16.6,37.8,0.0,1006.6
2025-06-03 20:00:00+00:00,15.4,66,9.1,70,0.0,0.0,0.0,0.0,11.5,27.4,0.0,1007.2
2025-06-03 21:00:00+00:00,14.6,70,9.2,63,0.0,0.0,0.0,0.0,8.6,20.2,0.0,1007.1
2025-06-03 22:00:00+00:00,14.0,72,9.0,14,0.0,0.0,0.0,0.0,8.6,20.9,0.0,1007.2
2025-06-03 23:00:00+00:00,13.1,71,7.9,73,0.0,0.0,0.0,0.0,10.1,22.7,0.0,1007.3
2025-06-04 00:00:00+00:00,12.8,70,7.5,34,0.0,0.0,0.0,0.0,10.1,23.8,0.0,1007.2
2025-06-04 01:00:00+00:00,12.4,72,7.5,81,0.0,0.0,0.0,0.0,9.4,20.9,0.0,1007.1
2025-06-04 02:00:00+00:00,12.0,77,8.1,30,0.0,0.0,0.0,0.0,10.1,22.7,0.0,1006.8
2025-06-04 03:00:00+00:00,11.4,81,8.2,54,0.0,0.0,0.0,0.0,8.6,19.8,0.0,1006.4
2025-06-04 04:00:00+00:00,11.3,83,8.5,1,4.0,0.0,0.0,4.0,9.4,22.0,0.0,1006.5
2025-06-04 05:00:00+00:00,11.2,79,7.7,19,43.0,17.0,211.3,26.0,7.9,18.0,0.0,1006.9
2025-06-04 06:00:00+00:00,11.7,74,7.2,0,180.0,117.0,555.8,63.0,11.9,27.4,0.0,1007.1
2025-06-04 07:00:00+00:00,12.9,68,7.1,40,289.0,172.0,474.8,117.0,11.2,25.6,0.0,1007.4
2025-06-04 08:00:00+00:00,14.6,56,5.9,44,423.0,241.0,473.0,182.0,7.9,22.3,0.0,1007.4
2025-06-04 09:00:00+00:00,16.2,44,4.0,49,562.0,326.0,507.6,236.0,14.0,35.6,0.0,1007.2
2025-06-04 10:00:00+00:00,17.3,40,3.6,98,419.0,60.0,79.9,359.0,16.9,41.8,0.0,1007.2
2025-06-04 11:00:00+00:00,17.2,42,4.2,97,397.0,23.0,27.7,374.0,19.1,46.1,0.0,1007.5
2025-06-04 12:00:00+00:00,16.3,50,5.8,98,318.0,30.0,34.4,288.0,14.0,34.6,0.0,1008.0
2025-06-04 13:00:00+00:00,17.2,46,5.5,100,250.0,1.0,1.1,249.0,18.7,44.6,0.0,1007.9
2025-06-04 14:00:00+00:00,16.1,55,7.1,95,302.0,1.0,1.2,301.0,23.0,52.6,0.0,1008.2
2025-06-04 15:00:00+00:00,18.0,51,7.7,88,423.0,408.0,534.0,15.0,24.1,55.1,0.0,1007.4
2025-06-04 16:00:00+00:00,17.0,62,9.6,69,402.0,151.0,229.2,251.0,21.2,47.9,0.0,1007.5
2025-06-04 17:00:00+00:00,16.8,66,10.4,55,329.0,218.0,412.1,111.0,20.5,46.1,0.1,1007.4
2025-06-04 18:00:00+00:00,15.9,69,10.2,50,207.0,97.0,253.1,110.0,19.4,43.6,0.0,1007.3
2025-06-04 19:00:00+00:00,15.2,73,10.4,48,82.0,29.0,125.2,53.0,18.0,40.7,0.0,1007.5
2025-06-04 20:00:00+00:00,14.6,76,10.4,75,0.0,0.0,0.0,0.0,14.0,31.7,0.0,1007.9
2025-06-04 21:00:00+00:00,13.8,85,11.3,96,0.0,0.0,0.0,0.0,12.2,27.0,0.0,1008.3
2025-06-04 22:00:00+00:00,13.9,86,11.6,100,0.0,0.0,0.0,0.0,11.9,26.6,0.0,1008.1
2025-06-04 23:00:00+00:00,13.8,86,11.5,100,0.0,0.0,0.0,0.0,10.4,23.8,0.0,1007.7
2025-06-05 00:00:00+00:00,13.7,86,11.4,100,0.0,0.0,0.0,0.0,11.5,26.3,0.0,1007.4
2025-06-05 01:00:00+00:00,13.6,85,11.2,100,0.0,0.0,0.0,0.0,11.5,26.3,0.0,1006.9
2025-06-05 02:00:00+00:00,13.5,84,10.9,100,0.0,0.0,0.0,0.0,10.4,23.8,0.0,1006.3
2025-06-05 03:00:00+00:00,13.8,85,11.3,100,0.0,0.0,0.0,0.0,14.0,30.2,0.0,1005.3
2025-06-05 04:00:00+00:00,13.6,85,11.2,100,1.0,0.0,0.0,1.0,11.2,24.5,0.0,1005.1
2025-06-05 05:00:00+00:00,13.5,88,11.6,100,8.0,0.0,0.0,8.0,13.3,28.8,0.0,1004.9
2025-06-05 06:00:00+00:00,13.1,94,12.1,100,11.0,0.0,0.0,11.0,12.6,28.1,0.1,1004.8
2025-06-05 07:00:00+00:00,13.7,91,12.3,99,77.0,12.0,33.0,65.0,17.6,37.4,0.0,1004.4
2025-06-05 08:00:00+00:00,13.7,91,12.3,100,104.0,0.0,0.0,104.0,16.6,36.0,0.1,1004.2
2025-06-05 09:00:00+00:00,12.9,94,11.9,100,96.0,0.0,0.0,96.0,12.6,28.4,0.4,1004.6
2025-06-05 10:00:00+00:00,13.1,93,12.0,100,128.0,0.0,0.0,128.0,15.5,34.6,0.6,1004.4
2025-06-05 11:00:00+00:00,13.8,92,12.6,99,186.0,6.0,7.2,180.0,20.2,45.7,0.4,1004.2
2025-06-05 12:00:00+00:00,14.6,87,12.4,100,154.0,0.0,0.0,154.0,23.0,51.8,0.0,1003.9
2025-06-05 13:00:00+00:00,15.5,83,12.7,75,695.0,295.0,337.1,400.0,22.7,50.0,0.0,1003.6
2025-06-05 14:00:00+00:00,18.2,63,11.0,52,683.0,391.0,466.2,292.0,22.0,50.4,0.0,1003.1
2025-06-05 15:00:00+00:00,17.2,66,10.8,99,291.0,0.0,0.0,291.0,24.5,54.4,0.0,1002.9
2025-06-05 16:00:00+00:00,15.8,83,12.9,100,161.0,0.0,0.0,161.0,19.1,42.5,0.5,1003.4
2025-06-05 17:00:00+00:00,16.2,76,12.0,100,56.0,0.0,0.0,56.0,17.6,39.2,0.0,1003.3
2025-06-05 18:00:00+00:00,16.5,69,10.8,100,40.0,0.0,0.0,40.0,18.0,40.0,0.0,1003.9
2025-06-05 19:00:00+00:00,15.8,67,9.7,100,19.0,0.0,0.0,19.0,14.0,33.1,0.0,1004.3
2025-06-05 20:00:00+00:00,15.3,69,9.7,91,0.0,0.0,0.0,0.0,11.5,26.6,0.0,1004.9
2025-06-05 21:00:00+00:00,14.5,69,8.9,100,0.0,0.0,0.0,0.0,10.1,24.1,0.0,1005.3
2025-06-05 22:00:00+00:00,13.9,70,8.5,100,0.0,0.0,0.0,0.0,11.9,27.4,0.0,1005.8
2025-06-05 23:00:00+00:00,13.3,73,8.6,53,0.0,0.0,0.0,0.0,11.5,26.6,0.0,1006.0
2025-06-06 00:00:00+00:00,12.2,82,9.2,0,0.0,0.0,0.0,0.0,10.1,23.4,0.0,1006.0
2025-06-06 01:00:00+00:00,11.7,83,8.9,0,0.0,0.0,0.0,0.0,10.1,23.4,0.0,1005.9
2025-06-06 02:00:00+00:00,11.1,85,8.7,0,0.0,0.0,0.0,0.0,6.8,15.8,0.0,1006.0
2025-06-06 03:00:00+00:00,11.1,90,9.5,55,0.0,0.0,0.0,0.0,6.5,14.4,0.0,1005.7
2025-06-06 04:00:00+00:00,11.4,91,10.0,66,3.0,0.0,0.0,3.0,5.8,13.0,0.0,1005.9
2025-06-06 05:00:00+00:00,12.5,92,11.3,67,32.0,9.0,110.6,23.0,13.7,30.2,0.0,1006.2
2025-06-06 06:00:00+00:00,13.1,92,11.8,100,25.0,0.0,0.0,25.0,11.9,26.6,0.8,1006.6
2025-06-06 07:00:00+00:00,13.2,94,12.2,96,113.0,6.0,16.5,107.0,10.8,23.8,0.8,1007.0
2025-06-06 08:00:00+00:00,14.8,87,12.7,92,257.0,107.0,209.4,150.0,12.6,28.4,0.0,1007.4
2025-06-06 09:00:00+00:00,14.4,71,9.2,62,454.0,0.0,0.0,454.0,12.2,29.5,0.2,1007.8
2025-06-06 10:00:00+00:00,17.0,50,6.5,30,729.0,453.0,601.8,276.0,19.4,45.4,0.0,1008.0
2025-06-06 11:00:00+00:00,17.8,45,5.7,15,837.0,595.0,716.0,242.0,24.8,58.7,0.0,1008.5
2025-06-06 12:00:00+00:00,19.1,37,4.0,67,750.0,477.0,546.3,273.0,22.7,54.4,0.0,1008.5
2025-06-06 13:00:00+00:00,18.6,35,2.9,100,273.0,1.0,1.1,272.0,18.4,45.4,0.0,1008.6
2025-06-06 14:00:00+00:00,19.7,34,3.4,98,407.0,27.0,32.2,380.0,13.0,35.3,0.0,1008.8
2025-06-06 15:00:00+00:00,17.0,52,7.1,100,157.0,0.0,0.0,157.0,20.9,49.0,0.0,1009.5
2025-06-06 16:00:00+00:00,16.3,53,6.7,100,129.0,0.0,0.0,129.0,22.7,51.8,0.1,1009.7
2025-06-06 17:00:00+00:00,16.8,55,7.7,60,358.0,210.0,394.6,148.0,19.4,44.3,0.0,1009.5
2025-06-06 18:00:00+00:00,16.3,53,6.7,98,145.0,21.0,54.3,124.0,16.9,39.2,0.0,1009.5
2025-06-06 19:00:00+00:00,15.3,58,7.1,100,36.0,0.0,0.0,36.0,14.8,34.2,0.0,1009.7
2025-06-06 20:00:00+00:00,14.5,63,7.6,86,0.0,0.0,0.0,0.0,13.0,30.2,0.0,1009.8
2025-06-06 21:00:00+00:00,14.1,69,8.5,94,0.0,0.0,0.0,0.0,14.0,32.4,0.0,1009.8
2025-06-06 22:00:00+00:00,13.7,70,8.3,100,0.0,0.0,0.0,0.0,15.1,33.8,0.0,1009.5
2025-06-06 23:00:00+00:00,12.5,78,8.8,100,0.0,0.0,0.0,0.0,15.5,33.8,0.0,1008.9
2025-06-07 00:00:00+00:00,12.6,92,11.3,100,0.0,0.0,0.0,0.0,15.1,32.0,0.0,1007.5
2025-06-07 01:00:00+00:00,12.4,95,11.6,100,0.0,0.0,0.0,0.0,7.9,18.0,7.7,1006.5
2025-06-07 02:00:00+00:00,12.4,95,11.6,100,0.0,0.0,0.0,0.0,11.2,26.3,2.6,1006.0
2025-06-07 03:00:00+00:00,12.0,96,11.4,100,0.0,0.0,0.0,0.0,7.6,17.3,0.2,1005.3
2025-06-07 04:00:00+00:00,12.2,94,11.2,98,1.0,0.0,0.0,1.0,11.9,26.6,0.0,1005.5
2025-06-07 05:00:00+00:00,12.2,94,11.2,95,19.0,0.0,0.0,19.0,12.2,27.0,0.0,1005.7
2025-06-07 06:00:00+00:00,12.4,92,11.1,88,88.0,5.0,23.4,83.0,11.2,24.8,0.2,1005.4
2025-06-07 07:00:00+00:00,12.8,87,10.7,80,186.0,43.0,117.9,143.0,11.5,25.9,0.0,1005.8
2025-06-07 08:00:00+00:00,14.0,80,10.6,84,292.0,189.0,369.4,103.0,10.8,24.5,0.0,1005.7
2025-06-07 09:00:00+00:00,14.9,78,11.1,98,257.0,26.0,40.4,231.0,14.8,32.0,0.0,1006.1
2025-06-07 10:00:00+00:00,14.0,88,12.1,100,103.0,0.0,0.0,103.0,15.5,33.8,1.8,1006.3
2025-06-07 11:00:00+00:00,15.2,86,12.9,100,72.0,0.0,0.0,72.0,2.9,8.6,3.0,1005.2
2025-06-07 12:00:00+00:00,16.9,72,11.8,45,753.0,678.0,775.9,75.0,20.2,43.6,0.1,1005.9
2025-06-07 13:00:00+00:00,15.8,70,10.4,100,92.0,0.0,0.0,92.0,25.2,55.4,0.4,1005.9
2025-06-07 14:00:00+00:00,14.2,92,12.9,100,56.0,0.0,0.0,56.0,13.7,29.5,2.2,1005.8
2025-06-07 15:00:00+00:00,14.2,91,12.8,92,430.0,11.0,14.3,419.0,11.2,23.8,0.5,1006.0
2025-06-07 16:00:00+00:00,15.5,85,13.0,100,21.0,0.0,0.0,21.0,7.6,17.6,0.0,1005.9
2025-06-07 17:00:00+00:00,14.5,84,11.9,73,300.0,162.0,303.6,138.0,14.4,33.1,10.3,1006.0
2025-06-07 18:00:00+00:00,14.5,85,12.0,67,181.0,74.0,190.6,107.0,10.8,24.8,0.0,1006.4
2025-06-07 19:00:00+00:00,14.7,77,10.7,10,98.0,83.0,350.0,15.0,16.6,38.2,0.0,1007.1
2025-06-07 20:00:00+00:00,13.4,78,9.7,13,0.0,0.0,0.0,0.0,15.8,36.7,0.0,1008.5
2025-06-07 21:00:00+00:00,12.6,79,9.1,9,0.0,0.0,0.0,0.0,11.9,27.7,0.0,1010.2
2025-06-07 22:00:00+00:00,12.5,79,8.9,72,0.0,0.0,0.0,0.0,13.7,32.0,0.0,1011.1
2025-06-07 23:00:00+00:00,11.9,80,8.6,57,0.0,0.0,0.0,0.0,12.6,29.2,0.0,1011.7
2025-06-08 00:00:00+00:00,11.2,79,7.7,6,0.0,0.0,0.0,0.0,13.7,31.3,0.0,1012.4
2025-06-08 01:00:00+00:00,10.7,81,7.6,6,0.0,0.0,0.0,0.0,13.0,30.6,0.0,1013.0
2025-06-08 02:00:00+00:00,10.0,81,6.9,0,0.0,0.0,0.0,0.0,10.4,24.1,0.0,1013.8
2025-06-08 03:00:00+00:00,9.8,82,6.9,7,0.0,0.0,0.0,0.0,12.2,28.1,0.0,1014.7
2025-06-08 04:00:00+00:00,9.6,82,6.7,0,5.0,0.0,0.0,5.0,11.2,26.3,0.0,1015.5
2025-06-08 05:00:00+00:00,9.9,82,6.9,0,49.0,22.0,267.9,27.0,11.5,26.3,0.0,1016.4
2025-06-08 06:00:00+00:00,11.2,78,7.5,0,184.0,121.0,565.5,63.0,11.9,26.6,0.0,1017.2
2025-06-08 07:00:00+00:00,12.5,68,6.8,0,344.0,258.0,706.4,86.0,13.7,31.7,0.0,1017.9
2025-06-08 08:00:00+00:00,13.9,53,4.5,7,501.0,398.0,777.2,103.0,16.6,39.2,0.0,1018.7
2025-06-08 09:00:00+00:00,15.2,45,3.4,5,656.0,538.0,834.5,118.0,18.4,43.6,0.0,1019.3
2025-06-08 10:00:00+00:00,16.4,42,3.4,5,777.0,665.0,882.1,112.0,18.4,44.6,0.0,1019.9
2025-06-08 11:00:00+00:00,17.8,38,3.3,44,755.0,592.0,711.3,163.0,16.9,43.6,0.0,1020.1
2025-06-08 12:00:00+00:00,17.6,39,3.5,100,177.0,0.0,0.0,177.0,15.8,39.2,0.0,1020.3
2025-06-08 13:00:00+00:00,18.6,39,4.4,35,784.0,398.0,453.5,386.0,18.4,45.4,0.0,1020.4
2025-06-08 14:00:00+00:00,18.8,40,4.9,99,284.0,181.0,215.0,103.0,15.8,41.0,0.0,1020.4
2025-06-08 15:00:00+00:00,17.4,54,8.0,65,518.0,222.0,288.7,296.0,23.8,52.9,0.0,1020.4
2025-06-08 16:00:00+00:00,17.0,53,7.4,100,105.0,0.0,0.0,105.0,18.7,42.1,0.0,1020.5
2025-06-08 17:00:00+00:00,17.4,50,6.8,10,415.0,349.0,652.3,66.0,22.7,52.2,0.0,1020.6
2025-06-08 18:00:00+00:00,16.9,54,7.6,48,192.0,79.0,202.6,113.0,18.4,43.6,0.0,1020.8
2025-06-08 19:00:00+00:00,16.2,61,8.6,27,93.0,46.0,192.6,47.0,16.2,37.4,0.0,1021.1
2025-06-08 20:00:00+00:00,15.3,67,9.2,63,0.0,0.0,0.0,0.0,14.4,33.5,0.0,1021.7
2025-06-08 21:00:00+00:00,14.3,75,9.9,5,0.0,0.0,0.0,0.0,8.6,20.9,0.0,1022.1
2025-06-08 22:00:00+00:00,13.7,76,9.6,9,0.0,0.0,0.0,0.0,10.1,23.0,0.0,1022.4
2025-06-08 23:00:00+00:00,13.5,74,8.9,33,0.0,0.0,0.0,0.0,13.0,29.2,0.0,1022.5
2025-06-09 00:00:00+00:00,12.5,78,8.8,0,0.0,0.0,0.0,0.0,9.7,22.7,0.0,1022.7
2025-06-09 01:00:00+00:00,11.9,82,9.0,8,0.0,0.0,0.0,0.0,8.3,19.4,0.0,1022.5
2025-06-09 02:00:00+00:00,10.9,87,8.8,10,0.0,0.0,0.0,0.0,4.7,10.8,0.0,1022.3
2025-06-09 03:00:00+00:00,11.0,87,8.9,19,0.0,0.0,0.0,0.0,5.4,13.0,0.0,1022.5
2025-06-09 04:00:00+00:00,10.8,89,9.1,9,5.0,0.0,0.0,5.0,6.1,14.4,0.0,1022.8
2025-06-09 05:00:00+00:00,11.3,89,9.5,7,48.0,21.0,254.8,27.0,6.5,14.8,0.0,1022.9
2025-06-09 06:00:00+00:00,11.9,85,9.5,11,181.0,117.0,545.2,64.0,8.6,19.1,0.0,1023.2
2025-06-09 07:00:00+00:00,13.3,78,9.6,0,339.0,254.0,694.5,85.0,9.0,21.2,0.0,1023.4
2025-06-09 08:00:00+00:00,14.9,66,8.6,30,458.0,310.0,604.8,148.0,10.4,26.3,0.0,1023.4
2025-06-09 09:00:00+00:00,17.0,54,7.6,77,498.0,205.0,317.8,293.0,10.8,28.4,0.0,1023.3
2025-06-09 10:00:00+00:00,17.8,55,8.6,55,693.0,556.0,737.1,137.0,14.0,36.0,0.0,1023.0
2025-06-09 11:00:00+00:00,17.5,58,9.2,96,409.0,26.0,31.2,383.0,14.0,34.6,0.0,1022.9
2025-06-09 12:00:00+00:00,18.2,56,9.3,98,387.0,72.0,82.3,315.0,16.6,40.0,0.0,1022.4
2025-06-09 13:00:00+00:00,18.2,55,9.0,97,543.0,138.0,157.1,405.0,16.9,40.3,0.0,1022.3
2025-06-09 14:00:00+00:00,18.0,58,9.6,98,463.0,67.0,79.5,396.0,21.2,49.0,0.0,1022.0
2025-06-09 15:00:00+00:00,18.1,56,9.2,88,363.0,18.0,23.4,345.0,15.8,37.4,0.0,1021.9
2025-06-09 16:00:00+00:00,17.9,60,10.0,99,195.0,14.0,21.0,181.0,16.9,40.0,0.0,1021.5
2025-06-09 17:00:00+00:00,17.6,62,10.3,51,327.0,215.0,400.8,112.0,18.4,42.1,0.0,1021.0
2025-06-09 18:00:00+00:00,16.7,68,10.7,91,144.0,37.0,94.5,107.0,15.8,35.6,0.0,1020.8
2025-06-09 19:00:00+00:00,16.3,68,10.4,84,64.0,18.0,74.9,46.0,14.0,32.4,0.0,1020.5
2025-06-09 20:00:00+00:00,15.5,75,11.1,70,0.0,0.0,0.0,0.0,13.7,31.7,0.0,1020.2
2025-06-09 21:00:00+00:00,14.4,82,11.3,74,0.0,0.0,0.0,0.0,13.3,30.2,0.0,1020.1
2025-06-09 22:00:00+00:00,14.3,82,11.2,98,0.0,0.0,0.0,0.0,13.7,31.7,0.0,1019.9
2025-06-09 23:00:00+00:00,14.2,84,11.5,98,0.0,0.0,0.0,0.0,13.0,29.9,0.0,1019.4
2025-06-10 00:00:00+00:00,13.9,84,11.2,87,0.0,0.0,0.0,0.0,10.4,23.8,0.0,1019.0
2025-06-10 01:00:00+00:00,13.9,84,11.2,79,0.0,0.0,0.0,0.0,12.2,27.4,0.0,1018.3
2025-06-10 02:00:00+00:00,13.8,86,11.5,71,0.0,0.0,0.0,0.0,13.7,30.6,0.0,1017.6
2025-06-10 03:00:00+00:00,13.8,85,11.3,91,0.0,0.0,0.0,0.0,12.2,28.4,0.0,1017.6
2025-06-10 04:00:00+00:00,13.8,86,11.5,100,4.0,0.0,0.0,4.0,9.4,21.2,0.0,1017.8
2025-06-10 05:00:00+00:00,13.9,86,11.6,98,24.0,1.0,12.1,23.0,9.7,23.0,0.0,1018.0
2025-06-10 06:00:00+00:00,14.5,85,12.0,100,50.0,0.0,0.0,50.0,10.4,23.8,0.0,1018.0
2025-06-10 07:00:00+00:00,15.2,84,12.5,100,99.0,6.0,16.4,93.0,11.9,28.1,0.0,1018.2
2025-06-10 08:00:00+00:00,15.7,84,13.0,100,138.0,3.0,5.8,135.0,12.2,29.2,0.0,1018.4
2025-06-10 09:00:00+00:00,16.0,86,13.7,100,184.0,0.0,0.0,184.0,15.8,36.7,0.0,1018.7
2025-06-10 10:00:00+00:00,17.6,78,13.7,100,239.0,32.0,42.4,207.0,15.1,35.3,0.0,1018.6
2025-06-10 11:00:00+00:00,18.8,68,12.8,100,311.0,3.0,3.6,308.0,14.0,33.1,0.0,1018.8
2025-06-10 12:00:00+00:00,20.0,59,11.7,100,549.0,38.0,43.4,511.0,15.8,38.5,0.0,1018.7
2025-06-10 13:00:00+00:00,20.3,59,12.1,100,463.0,5.0,5.7,458.0,18.4,42.8,0.0,1018.6
2025-06-10 14:00:00+00:00,20.7,59,12.4,100,168.0,0.0,0.0,168.0,10.4,28.1,0.0,1018.5
2025-06-10 15:00:00+00:00,20.9,56,11.8,100,363.0,36.0,46.7,327.0,15.5,37.1,0.0,1018.5
2025-06-10 16:00:00+00:00,21.3,53,11.3,100,260.0,11.0,16.5,249.0,11.2,28.4,0.0,1018.5
2025-06-10 17:00:00+00:00,20.8,56,11.7,100,154.0,3.0,5.6,151.0,8.3,21.2,0.0,1018.6
2025-06-10 18:00:00+00:00,20.8,54,11.1,54,205.0,113.0,287.7,92.0,9.4,23.4,0.0,1018.7
2025-06-10 19:00:00+00:00,20.0,58,11.5,72,78.0,14.0,57.9,64.0,10.8,25.6,0.0,1019.1
2025-06-10 20:00:00+00:00,18.5,61,10.9,44,0.0,0.0,0.0,0.0,9.4,22.7,0.0,1019.6
2025-06-10 21:00:00+00:00,17.0,74,12.4,16,0.0,0.0,0.0,0.0,8.3,19.4,0.0,1019.9
2025-06-10 22:00:00+00:00,16.2,75,11.8,8,0.0,0.0,0.0,0.0,7.2,17.3,0.0,1020.2
2025-06-10 23:00:00+00:00,15.3,79,11.7,0,0.0,0.0,0.0,0.0,5.8,14.0,0.0,1020.3
2025-06-11 00:00:00+00:00,14.3,82,11.3,0,0.0,0.0,0.0,0.0,6.1,14.4,0.0,1020.1
2025-06-11 01:00:00+00:00,13.7,85,11.2,2,0.0,0.0,0.0,0.0,5.8,13.7,0.0,1019.8
2025-06-11 02:00:00+00:00,13.0,88,11.0,10,0.0,0.0,0.0,0.0,4.0,9.0,0.0,1019.6
2025-06-11 03:00:00+00:00,13.9,86,11.6,12,0.0,0.0,0.0,0.0,3.2,8.6,0.0,1019.7
2025-06-11 04:00:00+00:00,14.4,86,12.1,89,4.0,0.0,0.0,4.0,2.9,7.2,0.0,1019.9
2025-06-11 05:00:00+00:00,14.5,85,12.0,48,39.0,12.0,144.8,27.0,5.4,12.2,0.0,1019.9
2025-06-11 06:00:00+00:00,15.8,88,13.8,95,98.0,7.0,32.5,91.0,9.4,21.2,0.0,1019.8
2025-06-11 07:00:00+00:00,16.6,83,13.7,98,183.0,14.0,38.2,169.0,11.2,25.6,0.0,1019.8
2025-06-11 08:00:00+00:00,17.0,78,13.2,93,289.0,27.0,52.6,262.0,11.5,26.3,0.0,1019.8
2025-06-11 09:00:00+00:00,18.3,71,12.9,82,478.0,178.0,275.6,300.0,13.7,31.3,0.0,1020.3
2025-06-11 10:00:00+00:00,18.7,69,12.9,67,632.0,320.0,423.8,312.0,16.6,37.8,0.0,1020.2
2025-06-11 11:00:00+00:00,19.1,68,13.0,20,804.0,646.0,774.9,158.0,16.6,38.2,0.0,1019.9
2025-06-11 12:00:00+00:00,19.6,64,12.6,0,881.0,769.0,877.7,112.0,18.4,42.1,0.0,1019.2
2025-06-11 13:00:00+00:00,19.4,68,13.4,0,872.0,766.0,870.7,106.0,18.4,41.4,0.0,1018.6
2025-06-11 14:00:00+00:00,20.2,66,13.6,1,817.0,717.0,849.3,100.0,17.6,40.0,0.0,1018.1
2025-06-11 15:00:00+00:00,20.9,58,12.4,16,720.0,626.0,811.0,94.0,16.9,38.9,0.0,1017.7
2025-06-11 16:00:00+00:00,21.3,58,12.7,100,320.0,13.0,19.5,307.0,16.6,38.2,0.0,1017.1
2025-06-11 17:00:00+00:00,21.8,57,12.9,77,342.0,40.0,74.2,302.0,16.2,37.4,0.0,1016.3
2025-06-11 18:00:00+00:00,22.5,52,12.2,60,240.0,147.0,373.0,93.0,19.4,44.6,0.0,1015.4
2025-06-11 19:00:00+00:00,22.1,53,12.1,23,103.0,62.0,254.9,41.0,18.4,42.8,0.0,1014.8
2025-06-11 20:00:00+00:00,21.3,55,11.9,2,0.0,0.0,0.0,0.0,16.2,38.2,0.0,1014.9
2025-06-11 21:00:00+00:00,20.1,58,11.6,0,0.0,0.0,0.0,0.0,16.2,37.8,0.0,1015.4
2025-06-11 22:00:00+00:00,19.2,57,10.5,0,0.0,0.0,0.0,0.0,15.8,37.1,0.0,1015.0
2025-06-11 23:00:00+00:00,18.6,58,10.2,0,0.0,0.0,0.0,0.0,17.6,40.7,0.0,1014.1
2025-06-12 00:00:00+00:00,18.2,56,9.3,75,0.0,0.0,0.0,0.0,13.7,32.0,0.0,1013.9
2025-06-12 01:00:00+00:00,17.9,55,8.7,91,0.0,0.0,0.0,0.0,11.9,28.1,0.0,1013.5
2025-06-12 02:00:00+00:00,17.6,56,8.7,95,0.0,0.0,0.0,0.0,16.6,37.4,0.0,1012.3
2025-06-12 03:00:00+00:00,16.9,60,9.1,98,0.0,0.0,0.0,0.0,12.6,29.5,0.0,1012.2
2025-06-12 04:00:00+00:00,16.7,62,9.4,100,6.0,0.0,0.0,6.0,14.8,33.8,0.0,1011.6
2025-06-12 05:00:00+00:00,16.9,63,9.8,100,7.0,0.0,0.0,7.0,15.5,35.3,0.0,1010.9
2025-06-12 06:00:00+00:00,17.0,76,12.7,99,61.0,3.0,13.9,58.0,19.4,44.3,0.2,1012.1
2025-06-12 07:00:00+00:00,17.3,77,13.3,100,34.0,0.0,0.0,34.0,12.6,28.8,0.0,1009.0
2025-06-12 08:00:00+00:00,17.1,82,14.0,100,66.0,0.0,0.0,66.0,20.9,47.9,0.3,1010.0
2025-06-12 09:00:00+00:00,16.5,88,14.5,100,94.0,0.0,0.0,94.0,20.2,45.7,1.2,1011.0
2025-06-12 10:00:00+00:00,15.5,91,14.0,100,23.0,0.0,0.0,23.0,20.5,47.2,0.9,1010.0
2025-06-12 11:00:00+00:00,16.2,91,14.8,100,195.0,5.0,6.0,190.0,14.0,31.7,0.8,1011.5
2025-06-12 12:00:00+00:00,17.1,87,14.9,47,783.0,270.0,308.0,513.0,16.6,37.1,0.0,1011.4
2025-06-12 13:00:00+00:00,18.3,79,14.6,95,434.0,124.0,140.9,310.0,18.0,40.7,0.0,1012.0
2025-06-12 14:00:00+00:00,19.2,78,15.3,96,338.0,49.0,58.0,289.0,11.2,26.3,0.0,1011.8
2025-06-12 15:00:00+00:00,19.6,83,16.6,100,158.0,0.0,0.0,158.0,18.0,39.2,0.0,1011.3
2025-06-12 16:00:00+00:00,18.8,84,16.0,86,296.0,40.0,59.8,256.0,13.0,28.4,0.0,1011.7
2025-06-12 17:00:00+00:00,18.8,78,14.9,48,344.0,144.0,266.7,200.0,12.2,28.1,0.0,1012.1
2025-06-12 18:00:00+00:00,19.0,74,14.2,13,250.0,160.0,404.7,90.0,13.7,31.0,0.0,1012.5
2025-06-12 19:00:00+00:00,17.9,79,14.2,17,99.0,57.0,233.1,42.0,9.4,21.2,0.0,1013.2
2025-06-12 20:00:00+00:00,16.8,84,14.1,16,1.0,0.0,0.0,1.0,7.9,18.4,0.0,1014.0
2025-06-12 21:00:00+00:00,16.2,88,14.2,23,0.0,0.0,0.0,0.0,7.9,18.0,0.0,1014.9
2025-06-12 22:00:00+00:00,16.0,88,14.0,34,0.0,0.0,0.0,0.0,6.8,16.2,0.0,1015.1
2025-06-12 23:00:00+00:00,16.2,88,14.2,92,0.0,0.0,0.0,0.0,5.8,13.7,0.0,1015.4
2025-06-13 00:00:00+00:00,16.6,85,14.1,91,0.0,0.0,0.0,0.0,6.5,15.1,0.0,1015.6
2025-06-13 01:00:00+00:00,16.6,86,14.3,76,0.0,0.0,0.0,0.0,6.5,14.8,0.0,1015.9
2025-06-13 02:00:00+00:00,16.3,87,14.2,54,0.0,0.0,0.0,0.0,6.5,14.8,0.0,1016.1
2025-06-13 03:00:00+00:00,16.6,85,14.0,91,0.0,0.0,0.0,0.0,10.4,23.0,0.0,1016.9
2025-06-13 04:00:00+00:00,16.5,86,14.2,84,4.0,0.0,0.0,4.0,9.4,20.9,0.0,1017.5
2025-06-13 05:00:00+00:00,16.7,85,14.2,96,21.0,2.0,24.0,19.0,10.1,22.0,0.0,1018.2
2025-06-13 06:00:00+00:00,17.5,82,14.4,97,60.0,0.0,0.0,60.0,11.5,25.2,0.0,1018.8
2025-06-13 07:00:00+00:00,17.6,75,13.1,94,144.0,19.0,51.8,125.0,15.5,35.3,0.0,1019.5
2025-06-13 08:00:00+00:00,18.2,67,12.0,83,346.0,141.0,274.5,205.0,17.3,38.9,0.0,1019.7
2025-06-13 09:00:00+00:00,19.9,56,10.8,75,585.0,403.0,623.7,182.0,10.4,25.6,0.0,1019.4
2025-06-13 10:00:00+00:00,21.0,48,9.6,31,734.0,596.0,788.9,138.0,13.3,32.0,0.0,1019.9
2025-06-13 11:00:00+00:00,20.5,49,9.4,100,91.0,15.0,18.0,76.0,14.4,32.8,0.0,1020.1
2025-06-13 12:00:00+00:00,18.9,54,9.4,100,191.0,0.0,0.0,191.0,8.3,19.4,0.0,1020.5
2025-06-13 13:00:00+00:00,17.9,66,11.4,98,264.0,0.0,0.0,264.0,2.5,9.7,0.3,1020.1
2025-06-13 14:00:00+00:00,19.4,64,12.4,76,548.0,215.0,254.3,333.0,5.0,16.6,0.0,1019.6
2025-06-13 15:00:00+00:00,21.0,59,12.7,9,695.0,589.0,761.4,106.0,1.1,10.8,0.0,1018.6
2025-06-13 16:00:00+00:00,22.8,53,12.7,5,571.0,486.0,725.7,85.0,3.6,16.2,0.0,1017.9
2025-06-13 17:00:00+00:00,23.6,53,13.4,100,314.0,304.0,561.9,10.0,5.8,17.3,0.0,1017.1
2025-06-13 18:00:00+00:00,23.4,52,13.0,100,19.0,0.0,0.0,19.0,5.0,15.8,0.0,1017.0
2025-06-13 19:00:00+00:00,21.9,63,14.6,100,1.0,0.0,0.0,1.0,12.2,29.2,0.3,1016.5
2025-06-13 20:00:00+00:00,20.0,78,16.1,100,0.0,0.0,0.0,0.0,10.4,24.1,2.1,1015.7
2025-06-13 21:00:00+00:00,18.1,86,15.7,100,0.0,0.0,0.0,0.0,18.4,42.1,4.4,1015.0
2025-06-13 22:00:00+00:00,17.4,91,15.9,76,0.0,0.0,0.0,0.0,8.3,19.1,2.0,1013.9
2025-06-13 23:00:00+00:00,17.9,88,15.9,13,0.0,0.0,0.0,0.0,7.6,17.3,0.0,1012.9
2025-06-14 00:00:00+00:00,19.1,79,15.4,92,0.0,0.0,0.0,0.0,6.5,15.5,0.0,1012.7
2025-06-14 01:00:00+00:00,18.4,80,14.9,5,0.0,0.0,0.0,0.0,5.4,13.0,0.0,1012.0
2025-06-14 02:00:00+00:00,18.5,77,14.4,25,0.0,0.0,0.0,0.0,6.8,16.9,0.0,1011.5
2025-06-14 03:00:00+00:00,17.3,85,14.7,100,0.0,0.0,0.0,0.0,5.0,11.9,0.2,1013.9
2025-06-14 04:00:00+00:00,16.6,93,15.5,100,2.0,0.0,0.0,2.0,1.4,6.1,1.8,1012.6
2025-06-14 05:00:00+00:00,16.7,93,15.5,73,35.0,13.0,156.1,22.0,12.2,27.7,0.0,1013.5
2025-06-14 06:00:00+00:00,16.6,95,15.8,100,73.0,1.0,4.6,72.0,17.3,38.2,0.0,1013.7
2025-06-14 07:00:00+00:00,16.6,93,15.5,99,137.0,7.0,19.1,130.0,14.4,32.0,0.0,1014.1
2025-06-14 08:00:00+00:00,17.5,87,15.3,93,255.0,33.0,64.2,222.0,13.7,29.9,0.0,1014.8
2025-06-14 09:00:00+00:00,18.7,72,13.6,94,321.0,30.0,46.4,291.0,14.8,33.8,0.0,1015.5
2025-06-14 10:00:00+00:00,20.2,61,12.4,33,683.0,465.0,615.4,218.0,20.9,49.0,0.0,1016.0
2025-06-14 11:00:00+00:00,21.0,53,11.0,11,833.0,693.0,830.5,140.0,20.9,50.0,0.0,1016.5
2025-06-14 12:00:00+00:00,21.0,52,10.7,1,890.0,772.0,880.0,118.0,23.0,53.6,0.0,1016.7
2025-06-14 13:00:00+00:00,20.4,56,11.4,2,881.0,773.0,877.1,108.0,26.6,61.2,0.0,1017.1
2025-06-14 14:00:00+00:00,20.3,53,10.4,9,827.0,722.0,853.3,105.0,23.8,55.4,0.0,1017.5
2025-06-14 15:00:00+00:00,20.3,49,9.3,22,720.0,600.0,774.9,120.0,23.0,53.3,0.0,1018.0
2025-06-14 16:00:00+00:00,19.5,55,10.2,32,570.0,434.0,647.2,136.0,23.4,53.3,0.0,1018.1
2025-06-14 17:00:00+00:00,19.0,58,10.5,12,434.0,351.0,647.6,83.0,22.0,50.0,0.0,1018.1
2025-06-14 18:00:00+00:00,18.8,55,9.6,6,269.0,206.0,518.2,63.0,19.4,44.3,0.0,1018.2
2025-06-14 19:00:00+00:00,18.0,61,10.4,45,107.0,57.0,230.9,50.0,15.8,37.1,0.0,1018.6
2025-06-14 20:00:00+00:00,17.1,66,10.7,96,1.0,0.0,0.0,1.0,13.0,30.2,0.0,1019.4
2025-06-14 21:00:00+00:00,16.3,68,10.4,48,0.0,0.0,0.0,0.0,10.4,24.5,0.0,1020.0
2025-06-14 22:00:00+00:00,15.4,74,10.8,8,0.0,0.0,0.0,0.0,10.1,23.8,0.0,1020.2
2025-06-14 23:00:00+00:00,14.8,79,11.2,5,0.0,0.0,0.0,0.0,8.6,20.2,0.0,1020.3
2025-06-15 00:00:00+00:00,14.2,83,11.3,30,0.0,0.0,0.0,0.0,7.2,17.3,0.0,1020.6
2025-06-15 01:00:00+00:00,13.8,86,11.5,26,0.0,0.0,0.0,0.0,5.4,13.3,0.0,1020.7
2025-06-15 02:00:00+00:00,13.8,82,10.8,7,0.0,0.0,0.0,0.0,8.3,19.4,0.0,1020.6
2025-06-15 03:00:00+00:00,12.8,85,10.4,1,0.0,0.0,0.0,0.0,7.6,17.6,0.0,1021.0
2025-06-15 04:00:00+00:00,12.4,86,10.1,9,6.0,0.0,0.0,6.0,6.8,15.8,0.0,1021.5
2025-06-15 05:00:00+00:00,12.6,85,10.1,14,48.0,19.0,228.0,29.0,8.3,18.7,0.0,1022.0
2025-06-15 06:00:00+00:00,13.4,81,10.2,8,179.0,113.0,522.1,66.0,9.4,22.0,0.0,1022.2
2025-06-15 07:00:00+00:00,14.9,75,10.5,6,332.0,238.0,648.3,94.0,10.1,23.8,0.0,1022.5
2025-06-15 08:00:00+00:00,16.6,69,10.9,18,484.0,360.0,700.7,124.0,11.2,27.0,0.0,1022.8
2025-06-15 09:00:00+00:00,18.5,58,10.1,67,452.0,224.0,346.6,228.0,10.8,28.1,0.0,1023.4
2025-06-15 10:00:00+00:00,19.4,53,9.6,44,634.0,378.0,500.2,256.0,14.0,36.7,0.0,1023.7
2025-06-15 11:00:00+00:00,20.7,46,8.7,78,574.0,324.0,388.2,250.0,14.0,37.1,0.0,1023.7
2025-06-15 12:00:00+00:00,21.9,42,8.4,50,697.0,465.0,529.9,232.0,13.3,36.4,0.0,1023.3
2025-06-15 13:00:00+00:00,21.8,44,9.0,16,839.0,693.0,786.0,146.0,17.6,43.9,0.0,1023.5
2025-06-15 14:00:00+00:00,21.9,45,9.4,60,583.0,173.0,204.3,410.0,17.6,44.6,0.0,1023.6
2025-06-15 15:00:00+00:00,22.4,42,8.9,73,484.0,206.0,265.8,278.0,13.7,35.6,0.0,1023.9
2025-06-15 16:00:00+00:00,22.2,41,8.3,98,157.0,0.0,0.0,157.0,12.2,31.0,0.0,1024.1
2025-06-15 17:00:00+00:00,21.6,43,8.5,100,120.0,0.0,0.0,120.0,11.5,31.7,0.0,1024.4
2025-06-15 18:00:00+00:00,20.9,49,9.8,91,113.0,54.0,135.5,59.0,6.8,18.4,0.0,1024.2
2025-06-15 19:00:00+00:00,19.6,61,11.9,63,76.0,23.0,92.8,53.0,15.8,37.1,0.0,1024.9
2025-06-15 20:00:00+00:00,18.2,68,12.2,3,1.0,0.0,0.0,1.0,14.0,33.1,0.0,1025.6
2025-06-15 21:00:00+00:00,17.1,72,12.0,2,0.0,0.0,0.0,0.0,13.0,29.9,0.0,1026.5
2025-06-15 22:00:00+00:00,16.1,77,12.0,3,0.0,0.0,0.0,0.0,10.8,25.2,0.0,1027.0
2025-06-15 23:00:00+00:00,15.4,82,12.3,17,0.0,0.0,0.0,0.0,9.4,22.0,0.0,1027.1
2025-06-16 00:00:00+00:00,14.9,85,12.4,46,0.0,0.0,0.0,0.0,8.6,20.2,0.0,1027.0
2025-06-16 01:00:00+00:00,14.9,86,12.6,80,0.0,0.0,0.0,0.0,10.1,23.0,0.0,1027.0
2025-06-16 02:00:00+00:00,14.8,87,12.6,71,0.0,0.0,0.0,0.0,9.7,22.0,0.0,1026.8
2025-06-16 03:00:00+00:00,15.1,88,13.1,75,0.0,0.0,0.0,0.0,6.8,15.8,0.0,1027.4
2025-06-16 04:00:00+00:00,15.2,88,13.2,95,5.0,0.0,0.0,5.0,4.7,10.4,0.0,1027.7
2025-06-16 05:00:00+00:00,15.3,87,13.1,100,22.0,0.0,0.0,22.0,2.5,6.5,0.0,1028.1
2025-06-16 06:00:00+00:00,15.8,85,13.3,87,117.0,16.0,73.9,101.0,3.2,10.1,0.0,1028.5
2025-06-16 07:00:00+00:00,16.9,77,12.9,78,231.0,69.0,188.0,162.0,4.7,12.2,0.0,1028.6
2025-06-16 08:00:00+00:00,17.4,70,11.9,18,471.0,326.0,634.6,145.0,4.0,13.0,0.0,1028.8
2025-06-16 09:00:00+00:00,19.2,62,11.7,99,197.0,6.0,9.3,191.0,4.0,13.0,0.0,1029.2
2025-06-16 10:00:00+00:00,20.0,56,11.0,91,385.0,31.0,41.0,354.0,5.8,18.0,0.0,1029.3
2025-06-16 11:00:00+00:00,21.5,49,10.4,77,663.0,312.0,373.8,351.0,2.2,18.0,0.0,1028.8
2025-06-16 12:00:00+00:00,21.5,49,10.3,83,575.0,254.0,289.4,321.0,2.5,17.3,0.0,1028.7
2025-06-16 13:00:00+00:00,22.1,52,11.8,30,785.0,601.0,681.4,184.0,8.3,26.3,0.0,1028.2
2025-06-16 14:00:00+00:00,22.7,52,12.3,43,662.0,446.0,526.5,216.0,13.0,32.8,0.0,1027.9
2025-06-16 15:00:00+00:00,22.1,55,12.7,27,649.0,477.0,615.1,172.0,11.9,30.2,0.0,1028.0
2025-06-16 16:00:00+00:00,22.1,54,12.4,13,564.0,453.0,674.1,111.0,14.0,33.5,0.0,1027.5
2025-06-16 17:00:00+00:00,21.5,55,12.1,6,426.0,344.0,632.7,82.0,14.4,33.8,0.0,1027.5
2025-06-16 18:00:00+00:00,20.9,56,11.8,6,262.0,196.0,490.8,66.0,12.2,29.2,0.0,1027.3
2025-06-16 19:00:00+00:00,20.2,60,12.2,0,110.0,69.0,277.4,41.0,10.4,24.5,0.0,1027.3
2025-06-16 20:00:00+00:00,19.0,65,12.3,2,2.0,0.0,0.0,2.0,8.6,19.8,0.0,1027.7
2025-06-16 21:00:00+00:00,18.2,69,12.4,2,0.0,0.0,0.0,0.0,9.0,20.9,0.0,1027.9
2025-06-16 22:00:00+00:00,17.5,72,12.4,5,0.0,0.0,0.0,0.0,7.6,18.4,0.0,1027.8
2025-06-16 23:00:00+00:00,16.9,70,11.4,2,0.0,0.0,0.0,0.0,8.3,19.1,0.0,1027.5
2025-06-17 00:00:00+00:00,16.0,72,11.0,3,0.0,0.0,0.0,0.0,6.8,16.6,0.0,1027.3
2025-06-17 01:00:00+00:00,15.3,74,10.7,13,0.0,0.0,0.0,0.0,6.8,16.6,0.0,1027.1
2025-06-17 02:00:00+00:00,14.7,76,10.5,13,0.0,0.0,0.0,0.0,5.8,14.0,0.0,1026.7
2025-06-17 03:00:00+00:00,14.1,78,10.3,14,0.0,0.0,0.0,0.0,3.2,8.6,0.0,1026.8
2025-06-17 04:00:00+00:00,13.7,80,10.3,4,6.0,0.0,0.0,6.0,5.0,13.0,0.0,1026.9
2025-06-17 05:00:00+00:00,14.1,80,10.7,5,49.0,21.0,252.2,28.0,4.7,10.8,0.0,1027.2
2025-06-17 06:00:00+00:00,14.6,80,11.2,16,170.0,100.0,462.3,70.0,6.5,14.8,0.0,1027.7
2025-06-17 07:00:00+00:00,15.5,77,11.5,12,323.0,224.0,610.5,99.0,4.0,11.9,0.0,1027.7
2025-06-17 08:00:00+00:00,17.0,72,11.9,14,477.0,352.0,685.5,125.0,2.9,11.9,0.0,1027.6
2025-06-17 09:00:00+00:00,19.2,59,11.0,11,643.0,531.0,821.8,112.0,6.8,20.2,0.0,1027.7
2025-06-17 10:00:00+00:00,20.9,50,10.1,13,762.0,649.0,858.8,113.0,8.6,25.2,0.0,1027.4
2025-06-17 11:00:00+00:00,22.4,45,9.9,0,846.0,732.0,876.9,114.0,11.9,31.3,0.0,1027.1
2025-06-17 12:00:00+00:00,23.7,44,10.8,2,882.0,767.0,873.6,115.0,10.4,29.9,0.0,1026.8
2025-06-17 13:00:00+00:00,24.6,41,10.5,2,873.0,760.0,861.4,113.0,10.1,30.2,0.0,1026.4
2025-06-17 14:00:00+00:00,25.0,44,11.9,8,814.0,709.0,836.5,105.0,11.9,33.5,0.0,1026.0
2025-06-17 15:00:00+00:00,24.7,47,12.7,20,718.0,621.0,800.2,97.0,14.8,38.2,0.0,1025.4
2025-06-17 16:00:00+00:00,24.0,49,12.6,53,571.0,448.0,666.0,123.0,16.6,38.9,0.0,1025.2
2025-06-17 17:00:00+00:00,23.1,50,12.1,96,368.0,273.0,501.4,95.0,16.2,37.1,0.0,1025.1
2025-06-17 18:00:00+00:00,22.6,55,13.1,95,168.0,116.0,289.9,52.0,13.0,29.5,0.0,1024.9
2025-06-17 19:00:00+00:00,22.2,53,12.1,41,108.0,66.0,264.5,42.0,14.4,33.5,0.0,1025.3
2025-06-17 20:00:00+00:00,20.7,57,11.9,4,2.0,0.0,0.0,2.0,13.0,29.9,0.0,1025.7
2025-06-17 21:00:00+00:00,19.3,59,11.1,78,0.0,0.0,0.0,0.0,11.9,27.4,0.0,1026.0
2025-06-17 22:00:00+00:00,18.1,59,9.9,49,0.0,0.0,0.0,0.0,10.1,23.0,0.0,1026.2
2025-06-17 23:00:00+00:00,17.1,61,9.5,37,0.0,0.0,0.0,0.0,9.4,21.2,0.0,1026.1
2025-06-18 00:00:00+00:00,16.1,68,10.2,31,0.0,0.0,0.0,0.0,10.8,24.8,0.0,1025.9
2025-06-18 01:00:00+00:00,15.1,78,11.3,27,0.0,0.0,0.0,0.0,11.9,27.0,0.0,1025.6
2025-06-18 02:00:00+00:00,14.5,85,12.0,28,0.0,0.0,0.0,0.0,11.2,24.8,0.0,1025.3
2025-06-18 03:00:00+00:00,15.4,88,13.4,67,0.0,0.0,0.0,0.0,10.1,23.0,0.0,1025.5
2025-06-18 04:00:00+00:00,15.3,88,13.3,37,6.0,0.0,0.0,6.0,7.6,17.3,0.0,1025.7
2025-06-18 05:00:00+00:00,15.4,87,13.3,76,36.0,6.0,72.1,30.0,8.3,17.6,0.0,1026.2
2025-06-18 06:00:00+00:00,15.8,85,13.3,78,125.0,28.0,129.6,97.0,7.2,16.2,0.0,1026.5
2025-06-18 07:00:00+00:00,16.8,79,13.2,69,261.0,123.0,335.4,138.0,5.8,14.8,0.0,1026.8
2025-06-18 08:00:00+00:00,18.2,71,12.8,38,434.0,260.0,506.5,174.0,6.8,17.6,0.0,1026.9
2025-06-18 09:00:00+00:00,20.0,61,12.2,5,631.0,511.0,791.1,120.0,5.8,18.7,0.0,1026.4
2025-06-18 10:00:00+00:00,21.4,53,11.5,11,743.0,597.0,790.2,146.0,3.6,18.0,0.0,1026.3
2025-06-18 11:00:00+00:00,22.7,49,11.4,38,796.0,598.0,716.4,198.0,2.2,18.7,0.0,1026.3
2025-06-18 12:00:00+00:00,23.8,45,11.2,48,789.0,585.0,666.3,204.0,2.9,19.8,0.0,1026.1
2025-06-18 13:00:00+00:00,24.9,42,11.1,33,826.0,637.0,721.8,189.0,4.0,21.6,0.0,1025.8
2025-06-18 14:00:00+00:00,25.7,40,11.1,30,782.0,594.0,700.6,188.0,5.0,23.0,0.0,1025.5
2025-06-18 15:00:00+00:00,27.1,38,11.5,0,721.0,627.0,807.5,94.0,7.2,24.8,0.0,1024.7
2025-06-18 16:00:00+00:00,26.6,42,12.7,1,588.0,503.0,747.1,85.0,6.1,25.6,0.0,1024.5
2025-06-18 17:00:00+00:00,25.3,50,14.1,0,432.0,360.0,660.4,72.0,15.1,34.9,0.0,1024.5
2025-06-18 18:00:00+00:00,25.2,50,14.0,0,267.0,206.0,513.9,61.0,12.2,28.1,0.0,1024.2
2025-06-18 19:00:00+00:00,24.4,54,14.5,0,111.0,69.0,275.6,42.0,9.4,22.0,0.0,1024.2
2025-06-18 20:00:00+00:00,22.6,63,15.2,0,2.0,0.0,0.0,2.0,4.0,11.2,0.0,1024.6
2025-06-18 21:00:00+00:00,21.4,68,15.3,0,0.0,0.0,0.0,0.0,2.2,8.6,0.0,1024.7
2025-06-18 22:00:00+00:00,21.1,67,14.8,0,0.0,0.0,0.0,0.0,5.0,12.2,0.0,1024.7
2025-06-18 23:00:00+00:00,21.4,63,14.0,0,0.0,0.0,0.0,0.0,8.6,20.9,0.0,1024.9
2025-06-19 00:00:00+00:00,20.5,64,13.4,0,0.0,0.0,0.0,0.0,7.6,17.6,0.0,1025.0
2025-06-19 01:00:00+00:00,19.0,72,13.8,0,0.0,0.0,0.0,0.0,2.9,6.8,0.0,1025.1
2025-06-19 02:00:00+00:00,18.8,72,13.6,0,0.0,0.0,0.0,0.0,5.0,12.6,0.0,1025.1
2025-06-19 03:00:00+00:00,17.1,86,14.7,0,0.0,0.0,0.0,0.0,2.2,6.1,0.0,1024.9
2025-06-19 04:00:00+00:00,17.2,83,14.3,0,6.0,0.0,0.0,6.0,4.7,12.2,0.0,1025.0
2025-06-19 05:00:00+00:00,17.7,80,14.2,0,49.0,21.0,253.0,28.0,4.7,11.2,0.0,1025.2
2025-06-19 06:00:00+00:00,18.5,78,14.6,0,178.0,115.0,532.9,63.0,4.0,9.4,0.0,1025.4
2025-06-19 07:00:00+00:00,19.4,71,14.0,0,331.0,247.0,674.2,84.0,6.8,15.8,0.0,1025.6
2025-06-19 08:00:00+00:00,20.7,69,14.8,0,488.0,390.0,760.3,98.0,8.3,18.7,0.0,1025.8
2025-06-19 09:00:00+00:00,22.3,56,13.1,0,634.0,527.0,816.3,107.0,13.3,30.2,0.0,1025.6
2025-06-19 10:00:00+00:00,23.3,52,12.9,0,753.0,641.0,848.6,112.0,14.4,33.1,0.0,1025.6
2025-06-19 11:00:00+00:00,24.1,47,12.1,0,837.0,724.0,867.5,113.0,15.5,36.4,0.0,1025.6
2025-06-19 12:00:00+00:00,25.0,44,11.9,0,878.0,767.0,873.5,111.0,16.9,38.9,0.0,1025.2
2025-06-19 13:00:00+00:00,25.5,41,11.3,0,873.0,765.0,866.7,108.0,16.2,37.4,0.0,1024.9
2025-06-19 14:00:00+00:00,25.8,39,10.8,0,820.0,719.0,847.7,101.0,16.6,38.2,0.0,1024.5
2025-06-19 15:00:00+00:00,25.8,41,11.5,0,723.0,630.0,810.9,93.0,17.6,39.2,0.0,1024.5
2025-06-19 16:00:00+00:00,25.6,44,12.4,0,592.0,507.0,752.5,85.0,15.8,35.6,0.0,1024.2
2025-06-19 17:00:00+00:00,25.6,45,12.8,0,436.0,362.0,663.3,74.0,14.8,32.8,0.0,1023.9
2025-06-19 18:00:00+00:00,25.9,44,12.7,0,269.0,208.0,518.0,61.0,10.4,24.8,0.0,1023.3
2025-06-19 19:00:00+00:00,25.1,49,13.6,0,113.0,70.0,278.9,43.0,9.7,22.7,0.0,1023.1
2025-06-19 20:00:00+00:00,23.4,57,14.4,13,2.0,0.0,0.0,2.0,10.1,22.7,0.0,1023.3
2025-06-19 21:00:00+00:00,21.4,67,15.0,26,0.0,0.0,0.0,0.0,8.6,20.2,0.0,1023.8
2025-06-19 22:00:00+00:00,21.5,64,14.4,35,0.0,0.0,0.0,0.0,9.4,22.0,0.0,1023.7
2025-06-19 23:00:00+00:00,21.2,62,13.6,0,0.0,0.0,0.0,0.0,10.4,24.8,0.0,1023.6
2025-06-20 00:00:00+00:00,20.4,65,13.6,3,0.0,0.0,0.0,0.0,10.4,24.5,0.0,1023.8
2025-06-20 01:00:00+00:00,20.0,67,13.7,5,0.0,0.0,0.0,0.0,10.4,24.5,0.0,1023.8
2025-06-20 02:00:00+00:00,19.6,68,13.5,20,0.0,0.0,0.0,0.0,11.2,26.3,0.0,1023.6
2025-06-20 03:00:00+00:00,19.5,68,13.5,87,0.0,0.0,0.0,0.0,10.1,23.0,0.0,1023.9
2025-06-20 04:00:00+00:00,19.2,69,13.4,88,4.0,0.0,0.0,4.0,10.1,22.7,0.0,1024.2
2025-06-20 05:00:00+00:00,19.2,70,13.6,52,42.0,18.0,217.3,24.0,13.0,29.5,0.0,1023.9
2025-06-20 06:00:00+00:00,19.9,66,13.3,38,166.0,93.0,431.8,73.0,14.0,32.4,0.0,1023.4
2025-06-20 07:00:00+00:00,20.8,62,13.3,77,209.0,89.0,243.2,120.0,13.7,31.0,0.0,1023.2
2025-06-20 08:00:00+00:00,22.0,58,13.3,58,440.0,267.0,521.0,173.0,13.0,29.9,0.0,1023.7
2025-06-20 09:00:00+00:00,22.3,56,13.1,73,552.0,334.0,517.6,218.0,17.3,37.8,0.0,1024.0
2025-06-20 10:00:00+00:00,23.4,51,12.7,59,662.0,406.0,537.7,256.0,16.6,37.8,0.0,1023.2
2025-06-20 11:00:00+00:00,23.7,52,13.2,98,366.0,26.0,31.2,340.0,19.4,43.6,0.0,1022.7
2025-06-20 12:00:00+00:00,24.2,52,13.8,91,687.0,466.0,530.7,221.0,21.6,48.2,0.0,1022.6
2025-06-20 13:00:00+00:00,24.7,50,13.6,85,590.0,182.0,206.2,408.0,16.6,37.1,0.0,1022.6
2025-06-20 14:00:00+00:00,25.4,46,13.0,92,500.0,101.0,119.0,399.0,16.6,37.4,0.0,1022.1
2025-06-20 15:00:00+00:00,26.5,42,12.5,0,721.0,628.0,807.9,93.0,15.5,36.4,0.0,1021.7
2025-06-20 16:00:00+00:00,26.3,41,12.0,0,590.0,506.0,750.5,84.0,18.4,42.1,0.0,1021.1
2025-06-20 17:00:00+00:00,25.5,45,12.7,0,434.0,360.0,659.0,74.0,16.2,37.1,0.0,1021.1
2025-06-20 18:00:00+00:00,24.8,49,13.3,0,268.0,207.0,514.8,61.0,14.4,32.4,0.0,1020.9
2025-06-20 19:00:00+00:00,24.6,49,13.2,26,105.0,44.0,174.9,61.0,11.5,27.0,0.0,1020.7
2025-06-20 20:00:00+00:00,23.2,55,13.7,0,2.0,0.0,0.0,2.0,8.6,20.9,0.0,1020.7
2025-06-20 21:00:00+00:00,23.0,54,13.2,0,0.0,0.0,0.0,0.0,9.4,22.3,0.0,1020.6
2025-06-20 22:00:00+00:00,22.9,52,12.5,100,0.0,0.0,0.0,0.0,10.1,23.4,0.0,1020.3
2025-06-20 23:00:00+00:00,22.2,53,12.2,18,0.0,0.0,0.0,0.0,11.9,27.7,0.0,1020.0
2025-06-21 00:00:00+00:00,21.4,62,13.8,13,0.0,0.0,0.0,0.0,12.2,28.1,0.0,1019.5
2025-06-21 01:00:00+00:00,20.9,65,14.1,14,0.0,0.0,0.0,0.0,11.9,27.7,0.0,1018.9
2025-06-21 02:00:00+00:00,20.7,65,13.9,57,0.0,0.0,0.0,0.0,12.6,28.8,0.0,1018.2
2025-06-21 03:00:00+00:00,20.5,66,13.9,63,0.0,0.0,0.0,0.0,10.8,24.8,0.0,1017.6
2025-06-21 04:00:00+00:00,20.1,68,14.0,10,6.0,0.0,0.0,6.0,11.9,27.7,0.0,1017.7
2025-06-21 05:00:00+00:00,20.2,68,14.1,44,40.0,15.0,181.7,25.0,14.4,33.5,0.0,1017.5
2025-06-21 06:00:00+00:00,20.7,67,14.4,72,124.0,46.0,214.1,78.0,14.8,33.5,0.0,1017.7
2025-06-21 07:00:00+00:00,21.0,65,14.2,99,110.0,0.0,0.0,110.0,15.5,34.9,0.0,1017.8
2025-06-21 08:00:00+00:00,22.0,63,14.7,17,476.0,379.0,740.2,97.0,17.6,39.2,0.0,1017.4
2025-06-21 09:00:00+00:00,22.1,62,14.5,98,373.0,27.0,41.9,346.0,20.9,46.4,0.0,1017.6
2025-06-21 10:00:00+00:00,23.3,58,14.6,100,327.0,1.0,1.3,326.0,19.1,42.5,0.0,1017.3
2025-06-21 11:00:00+00:00,24.8,54,14.9,76,661.0,386.0,462.7,275.0,16.2,37.1,0.0,1017.3
2025-06-21 12:00:00+00:00,24.3,55,14.7,100,88.0,0.0,0.0,88.0,16.6,37.1,0.0,1016.8
2025-06-21 13:00:00+00:00,23.3,61,15.4,98,494.0,82.0,92.9,412.0,14.8,34.2,0.0,1017.3
2025-06-21 14:00:00+00:00,26.1,51,15.2,79,586.0,324.0,381.8,262.0,18.4,41.8,0.0,1015.8
2025-06-21 15:00:00+00:00,27.3,48,15.3,38,637.0,475.0,610.8,162.0,20.2,45.0,0.0,1015.6
2025-06-21 16:00:00+00:00,27.0,49,15.4,75,534.0,359.0,532.1,175.0,18.7,42.1,0.0,1014.7
2025-06-21 17:00:00+00:00,27.1,49,15.5,74,273.0,120.0,219.5,153.0,14.4,32.8,0.0,1013.7
2025-06-21 18:00:00+00:00,26.6,48,14.7,93,154.0,3.0,7.5,151.0,14.8,33.8,0.0,1012.9
2025-06-21 19:00:00+00:00,25.1,52,14.6,41,94.0,46.0,182.4,48.0,11.2,24.8,0.0,1012.9
2025-06-21 20:00:00+00:00,23.7,56,14.4,87,1.0,0.0,0.0,1.0,8.6,19.4,0.0,1013.4
2025-06-21 21:00:00+00:00,22.6,62,15.0,37,0.0,0.0,0.0,0.0,8.3,19.1,0.0,1013.5
2025-06-21 22:00:00+00:00,21.4,65,14.6,35,0.0,0.0,0.0,0.0,5.4,13.3,0.0,1013.6
2025-06-21 23:00:00+00:00,20.7,66,14.1,44,0.0,0.0,0.0,0.0,14.4,33.1,0.0,1013.9
2025-06-22 00:00:00+00:00,18.9,69,13.1,24,0.0,0.0,0.0,0.0,15.8,36.4,0.0,1014.1
2025-06-22 01:00:00+00:00,17.5,70,12.0,0,0.0,0.0,0.0,0.0,13.7,31.0,0.0,1014.5
2025-06-22 02:00:00+00:00,16.5,75,12.1,0,0.0,0.0,0.0,0.0,13.7,31.3,0.0,1014.6
2025-06-22 03:00:00+00:00,16.0,81,12.8,7,0.0,0.0,0.0,0.0,11.2,26.6,0.0,1015.7
2025-06-22 04:00:00+00:00,15.3,84,12.6,2,6.0,0.0,0.0,6.0,6.5,15.8,0.0,1015.8
2025-06-22 05:00:00+00:00,15.5,82,12.4,9,47.0,20.0,243.1,27.0,8.3,19.4,0.0,1015.9
2025-06-22 06:00:00+00:00,16.7,80,13.3,15,169.0,97.0,452.8,72.0,10.4,23.4,0.0,1016.0
2025-06-22 07:00:00+00:00,18.0,77,13.9,50,270.0,65.0,178.2,205.0,11.9,27.7,0.0,1015.9
2025-06-22 08:00:00+00:00,19.6,67,13.3,23,465.0,291.0,569.0,174.0,13.7,32.8,0.0,1016.0
2025-06-22 09:00:00+00:00,21.6,55,12.2,30,602.0,450.0,698.4,152.0,14.8,36.0,0.0,1015.8
2025-06-22 10:00:00+00:00,22.8,50,11.8,23,706.0,452.0,599.2,254.0,14.0,35.6,0.0,1015.8
2025-06-22 11:00:00+00:00,24.0,45,11.4,70,717.0,439.0,526.4,278.0,17.3,43.2,0.0,1015.7
2025-06-22 12:00:00+00:00,23.7,47,11.7,93,748.0,395.0,450.0,353.0,20.2,49.7,0.0,1015.6
2025-06-22 13:00:00+00:00,23.3,50,12.3,100,587.0,180.0,203.9,407.0,23.8,56.2,0.0,1015.4
2025-06-22 14:00:00+00:00,21.9,57,13.0,99,286.0,10.0,11.8,276.0,22.7,51.8,0.0,1015.3
2025-06-22 15:00:00+00:00,21.7,58,13.1,91,473.0,63.0,81.0,410.0,26.3,59.8,0.0,1014.9
2025-06-22 16:00:00+00:00,21.1,60,13.1,89,354.0,42.0,62.2,312.0,22.7,51.8,0.0,1014.6
2025-06-22 17:00:00+00:00,20.7,59,12.4,85,260.0,10.0,18.3,250.0,22.3,51.1,0.0,1014.3
2025-06-22 18:00:00+00:00,20.5,57,11.7,26,237.0,172.0,426.7,65.0,22.0,50.8,0.0,1014.1
2025-06-22 19:00:00+00:00,19.8,61,12.0,15,106.0,61.0,241.5,45.0,19.1,43.9,0.0,1014.0
2025-06-22 20:00:00+00:00,18.8,65,12.1,27,3.0,0.0,0.0,3.0,19.1,43.6,0.0,1014.2
2025-06-22 21:00:00+00:00,18.1,73,13.2,68,0.0,0.0,0.0,0.0,19.8,45.7,0.0,1014.4
2025-06-22 22:00:00+00:00,17.7,77,13.6,77,0.0,0.0,0.0,0.0,16.6,39.2,0.0,1014.4
2025-06-22 23:00:00+00:00,17.3,77,13.3,91,0.0,0.0,0.0,0.0,17.3,39.6,0.0,1014.5
2025-06-23 00:00:00+00:00,17.0,80,13.6,87,0.0,0.0,0.0,0.0,15.8,36.4,0.0,1014.3
2025-06-23 01:00:00+00:00,17.0,80,13.5,89,0.0,0.0,0.0,0.0,16.2,36.7,0.0,1013.6
2025-06-23 02:00:00+00:00,17.1,80,13.6,91,0.0,0.0,0.0,0.0,17.3,39.6,0.0,1012.9
2025-06-23 03:00:00+00:00,17.1,85,14.6,89,0.0,0.0,0.0,0.0,17.3,38.9,0.0,1012.2
2025-06-23 04:00:00+00:00,17.3,81,14.0,89,3.0,0.0,0.0,3.0,19.8,45.0,0.0,1012.3
2025-06-23 05:00:00+00:00,16.3,75,11.9,12,47.0,23.0,280.7,24.0,20.2,47.5,0.0,1012.9
2025-06-23 06:00:00+00:00,15.6,72,10.6,22,166.0,109.0,510.6,57.0,18.4,42.5,0.0,1014.2
2025-06-23 07:00:00+00:00,16.0,62,8.7,11,333.0,234.0,642.8,99.0,18.4,43.2,0.0,1014.8
2025-06-23 08:00:00+00:00,16.9,52,7.0,64,408.0,273.0,534.5,135.0,18.4,42.8,0.0,1015.4
2025-06-23 09:00:00+00:00,18.0,47,6.5,95,427.0,330.0,512.7,97.0,18.4,44.6,0.0,1016.2
2025-06-23 10:00:00+00:00,19.4,42,6.1,33,732.0,500.0,663.3,232.0,19.1,46.4,0.0,1016.4
2025-06-23 11:00:00+00:00,20.4,39,6.0,13,846.0,702.0,842.2,144.0,18.0,45.4,0.0,1016.5
2025-06-23 12:00:00+00:00,21.2,38,6.3,46,831.0,672.0,765.8,159.0,17.6,45.0,0.0,1016.2
2025-06-23 13:00:00+00:00,22.0,38,7.0,59,822.0,547.0,619.7,275.0,17.6,44.6,0.0,1016.0
2025-06-23 14:00:00+00:00,22.5,37,7.1,50,764.0,488.0,574.9,276.0,19.1,47.9,0.0,1015.6
2025-06-23 15:00:00+00:00,22.4,35,6.2,0,735.0,643.0,826.4,92.0,19.4,48.6,0.0,1015.5
2025-06-23 16:00:00+00:00,22.0,37,6.7,0,599.0,516.0,764.1,83.0,19.4,47.5,0.0,1015.6
2025-06-23 17:00:00+00:00,21.3,38,6.4,2,440.0,367.0,670.3,73.0,20.9,49.0,0.0,1015.8
2025-06-23 18:00:00+00:00,20.5,44,7.8,18,262.0,184.0,456.0,78.0,20.2,47.5,0.0,1016.0
2025-06-23 19:00:00+00:00,18.8,47,7.3,12,114.0,68.0,268.9,46.0,18.4,42.5,0.0,1016.3
2025-06-23 20:00:00+00:00,17.7,56,8.8,28,3.0,0.0,0.0,3.0,15.5,36.0,0.0,1016.8
2025-06-23 21:00:00+00:00,16.4,58,8.1,11,0.0,0.0,0.0,0.0,13.0,30.2,0.0,1017.4
2025-06-23 22:00:00+00:00,15.8,63,8.8,54,0.0,0.0,0.0,0.0,10.4,25.6,0.0,1017.4
2025-06-23 23:00:00+00:00,15.4,65,8.9,30,0.0,0.0,0.0,0.0,11.2,27.0,0.0,1017.3
2025-06-24 00:00:00+00:00,15.1,68,9.2,37,0.0,0.0,0.0,0.0,9.4,22.3,0.0,1017.0
2025-06-24 01:00:00+00:00,14.5,72,9.5,8,0.0,0.0,0.0,0.0,11.9,27.4,0.0,1016.4
2025-06-24 02:00:00+00:00,14.0,75,9.7,6,0.0,0.0,0.0,0.0,9.4,22.0,0.0,1015.8
2025-06-24 03:00:00+00:00,13.8,78,10.1,3,0.0,0.0,0.0,0.0,9.7,22.7,0.0,1015.5
2025-06-24 04:00:00+00:00,14.0,80,10.6,63,4.0,0.0,0.0,4.0,8.6,19.4,0.0,1015.3
2025-06-24 05:00:00+00:00,14.9,79,11.3,91,20.0,2.0,24.5,18.0,14.8,32.8,0.0,1015.0
2025-06-24 06:00:00+00:00,15.4,77,11.4,95,63.0,7.0,32.9,56.0,14.4,33.5,0.0,1015.0
2025-06-24 07:00:00+00:00,16.2,78,12.4,95,101.0,14.0,38.5,87.0,15.8,36.4,0.0,1015.0
2025-06-24 08:00:00+00:00,16.9,78,13.1,96,180.0,24.0,47.1,156.0,17.3,38.9,0.0,1014.9
2025-06-24 09:00:00+00:00,17.6,78,13.7,98,182.0,20.0,31.1,162.0,17.3,39.2,0.0,1014.9
2025-06-24 10:00:00+00:00,18.4,77,14.3,97,228.0,53.0,70.4,175.0,16.6,37.1,0.0,1014.8
2025-06-24 11:00:00+00:00,19.3,75,14.8,95,308.0,73.0,87.6,235.0,19.4,43.9,0.0,1014.7
2025-06-24 12:00:00+00:00,19.7,76,15.3,91,393.0,95.0,108.3,298.0,16.6,38.2,0.0,1014.5
2025-06-24 13:00:00+00:00,20.7,72,15.5,97,471.0,73.0,82.7,398.0,17.6,41.0,0.0,1014.1
2025-06-24 14:00:00+00:00,21.4,70,15.7,80,550.0,220.0,259.2,330.0,17.6,40.7,0.0,1013.8
2025-06-24 15:00:00+00:00,23.0,63,15.6,36,625.0,376.0,483.2,249.0,17.6,41.8,0.0,1013.5
2025-06-24 16:00:00+00:00,23.8,56,14.5,57,455.0,345.0,510.7,110.0,19.4,46.4,0.0,1012.9
2025-06-24 17:00:00+00:00,22.9,63,15.5,72,247.0,85.0,155.2,162.0,15.5,36.7,0.0,1012.7
2025-06-24 18:00:00+00:00,22.5,63,15.1,59,192.0,120.0,297.2,72.0,18.0,41.8,0.0,1012.6
2025-06-24 19:00:00+00:00,20.9,71,15.4,19,107.0,72.0,284.4,35.0,17.6,40.3,0.0,1012.7
2025-06-24 20:00:00+00:00,19.6,78,15.7,7,3.0,0.0,0.0,3.0,14.0,32.0,0.0,1013.2
2025-06-24 21:00:00+00:00,18.8,80,15.3,15,0.0,0.0,0.0,0.0,8.6,21.2,0.0,1013.7
2025-06-24 22:00:00+00:00,17.9,81,14.6,7,0.0,0.0,0.0,0.0,6.5,15.8,0.0,1013.7
2025-06-24 23:00:00+00:00,17.2,85,14.6,2,0.0,0.0,0.0,0.0,5.8,14.0,0.0,1013.8
2025-06-25 00:00:00+00:00,16.5,86,14.1,5,0.0,0.0,0.0,0.0,7.6,18.0,0.0,1013.8
2025-06-25 01:00:00+00:00,16.0,87,13.8,9,0.0,0.0,0.0,0.0,7.2,17.3,0.0,1013.6
2025-06-25 02:00:00+00:00,15.6,86,13.2,13,0.0,0.0,0.0,0.0,7.6,18.4,0.0,1013.6
2025-06-25 03:00:00+00:00,15.0,87,12.8,8,0.0,0.0,0.0,0.0,6.1,14.4,0.0,1012.9
2025-06-25 04:00:00+00:00,14.5,89,12.7,19,5.0,0.0,0.0,5.0,4.7,11.2,0.0,1013.0
2025-06-25 05:00:00+00:00,14.9,89,13.1,50,41.0,12.0,147.9,29.0,4.0,9.4,0.0,1013.4
2025-06-25 06:00:00+00:00,15.5,86,13.1,85,147.0,62.0,292.8,85.0,4.0,10.1,0.0,1013.6
2025-06-25 07:00:00+00:00,16.7,82,13.6,84,260.0,125.0,345.0,135.0,5.0,13.0,0.0,1014.0
2025-06-25 08:00:00+00:00,18.2,77,14.1,38,421.0,287.0,563.6,134.0,4.0,13.0,0.0,1014.0
2025-06-25 09:00:00+00:00,19.3,69,13.5,82,567.0,395.0,615.0,172.0,3.2,14.8,0.0,1013.7
2025-06-25 10:00:00+00:00,20.8,63,13.5,28,716.0,553.0,734.7,163.0,7.6,22.3,0.0,1013.6
2025-06-25 11:00:00+00:00,21.5,62,13.9,86,609.0,416.0,499.6,193.0,10.1,25.2,0.0,1013.5
2025-06-25 12:00:00+00:00,21.6,62,14.0,99,379.0,212.0,241.7,167.0,6.1,19.8,0.0,1013.0
2025-06-25 13:00:00+00:00,22.4,58,13.8,79,694.0,220.0,249.3,474.0,9.7,24.8,0.0,1011.9
2025-06-25 14:00:00+00:00,23.1,57,14.1,52,690.0,456.0,537.2,234.0,10.1,25.2,0.0,1011.7
2025-06-25 15:00:00+00:00,21.3,65,14.5,45,651.0,472.0,606.5,179.0,16.6,37.4,0.0,1011.7
2025-06-25 16:00:00+00:00,21.1,63,13.8,77,328.0,31.0,45.9,297.0,14.0,32.4,0.0,1011.4
2025-06-25 17:00:00+00:00,21.1,64,14.0,73,315.0,165.0,301.1,150.0,9.7,23.0,0.0,1011.2
2025-06-25 18:00:00+00:00,21.4,60,13.3,63,171.0,92.0,227.7,79.0,8.6,21.6,0.0,1010.7
2025-06-25 19:00:00+00:00,21.7,62,14.1,0,112.0,81.0,319.7,31.0,12.2,28.1,0.0,1009.7
2025-06-25 20:00:00+00:00,21.0,67,14.7,47,3.0,0.0,0.0,3.0,6.8,17.3,0.0,1010.5
2025-06-25 21:00:00+00:00,21.2,67,14.8,88,0.0,0.0,0.0,0.0,6.8,16.6,0.0,1010.9
2025-06-25 22:00:00+00:00,20.9,73,15.9,100,0.0,0.0,0.0,0.0,5.8,14.0,0.0,1010.4
2025-06-25 23:00:00+00:00,20.4,76,16.1,100,0.0,0.0,0.0,0.0,6.5,15.5,0.0,1010.7
2025-06-26 00:00:00+00:00,19.6,76,15.3,76,0.0,0.0,0.0,0.0,11.2,24.8,0.0,1009.9
2025-06-26 01:00:00+00:00,18.9,80,15.4,100,0.0,0.0,0.0,0.0,11.9,26.6,0.0,1010.5
2025-06-26 02:00:00+00:00,18.6,82,15.5,100,0.0,0.0,0.0,0.0,7.2,16.6,0.0,1010.7
2025-06-26 03:00:00+00:00,18.4,83,15.4,100,0.0,0.0,0.0,0.0,11.2,26.3,0.0,1010.6
2025-06-26 04:00:00+00:00,17.9,89,16.1,100,0.0,0.0,0.0,0.0,10.4,24.8,0.3,1010.9
2025-06-26 05:00:00+00:00,17.6,92,16.3,85,31.0,3.0,37.2,28.0,12.2,28.4,0.5,1011.1
2025-06-26 06:00:00+00:00,17.9,89,16.0,100,35.0,0.0,0.0,35.0,13.0,30.2,0.0,1011.2
2025-06-26 07:00:00+00:00,18.3,88,16.3,98,117.0,4.0,11.1,113.0,15.5,34.6,0.0,1011.5
2025-06-26 08:00:00+00:00,18.3,88,16.3,100,63.0,0.0,0.0,63.0,18.0,40.7,0.0,1011.8
2025-06-26 09:00:00+00:00,18.0,91,16.5,98,131.0,4.0,6.2,127.0,13.7,31.0,0.1,1012.7
2025-06-26 10:00:00+00:00,18.6,83,15.7,100,135.0,1.0,1.3,134.0,15.8,35.3,0.0,1012.9
2025-06-26 11:00:00+00:00,19.5,78,15.6,97,283.0,23.0,27.6,260.0,20.2,45.4,0.0,1013.0
2025-06-26 12:00:00+00:00,20.2,76,15.8,98,327.0,10.0,11.4,317.0,20.5,46.8,0.0,1013.4
2025-06-26 13:00:00+00:00,21.7,72,16.5,94,310.0,97.0,109.9,213.0,20.5,45.4,0.0,1013.6
2025-06-26 14:00:00+00:00,21.2,72,16.0,67,524.0,295.0,347.6,229.0,18.7,42.5,0.0,1014.1
2025-06-26 15:00:00+00:00,23.6,47,11.6,42,625.0,370.0,475.4,255.0,19.1,45.4,0.0,1014.3
2025-06-26 16:00:00+00:00,23.4,44,10.5,78,495.0,303.0,448.4,192.0,19.8,47.9,0.0,1014.7
2025-06-26 17:00:00+00:00,22.7,46,10.5,75,303.0,114.0,208.0,189.0,17.6,43.2,0.0,1015.3
2025-06-26 18:00:00+00:00,21.8,43,8.6,82,196.0,53.0,131.1,143.0,17.3,40.7,0.0,1015.8
2025-06-26 19:00:00+00:00,20.8,44,8.1,96,81.0,9.0,35.5,72.0,15.8,37.8,0.0,1016.3
2025-06-26 20:00:00+00:00,19.0,53,9.2,95,3.0,0.0,0.0,3.0,14.8,33.8,0.0,1017.3
2025-06-26 21:00:00+00:00,17.6,56,8.7,73,0.0,0.0,0.0,0.0,9.4,22.7,0.0,1018.4
2025-06-26 22:00:00+00:00,17.0,60,9.2,66,0.0,0.0,0.0,0.0,8.6,20.2,0.0,1018.9
2025-06-26 23:00:00+00:00,16.5,66,10.2,98,0.0,0.0,0.0,0.0,6.1,14.8,0.1,1019.2
2025-06-27 00:00:00+00:00,16.3,64,9.5,100,0.0,0.0,0.0,0.0,7.2,16.6,0.0,1019.9
2025-06-27 01:00:00+00:00,16.2,66,9.9,91,0.0,0.0,0.0,0.0,5.8,13.7,0.0,1020.0
2025-06-27 02:00:00+00:00,16.1,67,9.9,97,0.0,0.0,0.0,0.0,6.1,15.1,0.0,1019.8
2025-06-27 03:00:00+00:00,15.0,78,11.2,67,0.0,0.0,0.0,0.0,5.8,13.3,0.0,1020.9
2025-06-27 04:00:00+00:00,14.4,80,11.0,10,4.0,0.0,0.0,4.0,4.0,9.4,0.0,1020.9
2025-06-27 05:00:00+00:00,15.2,77,11.2,23,40.0,15.0,187.1,25.0,6.5,13.7,0.0,1021.2
2025-06-27 06:00:00+00:00,15.6,81,12.3,36,147.0,72.0,343.3,75.0,6.8,15.1,0.0,1021.6
2025-06-27 07:00:00+00:00,17.0,75,12.6,41,284.0,162.0,449.6,122.0,11.2,25.6,0.0,1021.8
2025-06-27 08:00:00+00:00,18.4,70,12.9,41,429.0,264.0,520.4,165.0,13.0,29.9,0.0,1022.1
2025-06-27 09:00:00+00:00,18.8,83,15.8,96,240.0,41.0,64.0,199.0,14.8,33.1,0.0,1021.5
2025-06-27 10:00:00+00:00,19.5,83,16.5,93,294.0,17.0,22.6,277.0,15.5,34.2,0.0,1021.5
2025-06-27 11:00:00+00:00,19.5,87,17.3,98,296.0,10.0,12.0,286.0,16.9,38.5,0.0,1021.7
2025-06-27 12:00:00+00:00,21.4,73,16.3,45,716.0,434.0,495.3,282.0,21.2,49.0,0.0,1021.6
2025-06-27 13:00:00+00:00,22.6,63,15.2,36,770.0,525.0,595.3,245.0,21.2,49.3,0.0,1021.6
2025-06-27 14:00:00+00:00,22.5,64,15.4,23,756.0,596.0,702.4,160.0,24.8,56.5,0.0,1021.5
2025-06-27 15:00:00+00:00,22.6,61,14.7,9,695.0,579.0,744.0,116.0,24.5,55.8,0.0,1021.6
2025-06-27 16:00:00+00:00,22.2,63,14.8,16,553.0,442.0,654.0,111.0,22.0,50.0,0.0,1021.7
2025-06-27 17:00:00+00:00,21.9,63,14.6,9,426.0,343.0,625.7,83.0,20.9,47.9,0.0,1021.5
2025-06-27 18:00:00+00:00,21.2,65,14.4,16,260.0,184.0,455.2,76.0,20.2,46.1,0.0,1021.4
2025-06-27 19:00:00+00:00,20.2,71,14.8,40,99.0,41.0,161.7,58.0,17.6,40.3,0.0,1021.6
2025-06-27 20:00:00+00:00,18.9,81,15.5,45,3.0,0.0,0.0,3.0,16.9,38.5,0.0,1022.2
2025-06-27 21:00:00+00:00,18.5,84,15.8,60,0.0,0.0,0.0,0.0,15.8,36.0,0.0,1022.4
2025-06-27 22:00:00+00:00,18.5,85,15.9,83,0.0,0.0,0.0,0.0,14.0,32.4,0.0,1022.6
2025-06-27 23:00:00+00:00,18.5,88,16.5,98,0.0,0.0,0.0,0.0,13.7,31.7,0.0,1022.8
2025-06-28 00:00:00+00:00,18.4,88,16.4,80,0.0,0.0,0.0,0.0,13.7,31.7,0.0,1023.0
2025-06-28 01:00:00+00:00,18.3,89,16.5,96,0.0,0.0,0.0,0.0,14.4,33.1,0.0,1022.9
2025-06-28 02:00:00+00:00,18.3,88,16.3,66,0.0,0.0,0.0,0.0,12.2,28.4,0.0,1022.6
2025-06-28 03:00:00+00:00,18.2,88,16.2,80,0.0,0.0,0.0,0.0,13.0,29.5,0.0,1022.9
2025-06-28 04:00:00+00:00,18.1,90,16.5,91,2.0,0.0,0.0,2.0,14.4,32.8,0.0,1023.3
2025-06-28 05:00:00+00:00,18.2,90,16.5,98,12.0,0.0,0.0,12.0,13.0,29.9,0.0,1023.7
2025-06-28 06:00:00+00:00,18.3,88,16.3,85,68.0,20.0,95.9,48.0,13.0,29.2,0.0,1024.1
2025-06-28 07:00:00+00:00,18.8,87,16.6,100,106.0,2.0,5.6,104.0,13.7,31.0,0.0,1024.5
2025-06-28 08:00:00+00:00,19.4,86,17.0,100,182.0,4.0,7.9,178.0,13.3,29.9,0.0,1024.9
2025-06-28 09:00:00+00:00,21.1,78,17.1,95,339.0,49.0,76.6,290.0,14.8,33.8,0.0,1025.1
2025-06-28 10:00:00+00:00,22.1,73,17.0,93,435.0,109.0,145.2,326.0,13.0,31.0,0.0,1025.2
2025-06-28 11:00:00+00:00,23.4,68,17.1,62,622.0,355.0,427.2,267.0,11.9,29.9,0.0,1025.2
2025-06-28 12:00:00+00:00,24.8,63,17.3,70,619.0,238.0,271.8,381.0,14.8,36.0,0.0,1025.1
2025-06-28 13:00:00+00:00,25.8,58,16.9,56,684.0,359.0,407.2,325.0,16.2,39.2,0.0,1024.8
2025-06-28 14:00:00+00:00,26.1,57,16.9,36,706.0,490.0,577.6,216.0,17.6,42.1,0.0,1024.6
2025-06-28 15:00:00+00:00,25.9,57,16.7,44,600.0,376.0,483.2,224.0,17.6,42.1,0.0,1024.5
2025-06-28 16:00:00+00:00,25.9,57,16.7,29,513.0,362.0,535.7,151.0,18.4,42.8,0.0,1024.4
2025-06-28 17:00:00+00:00,25.3,60,17.0,40,350.0,216.0,394.0,134.0,17.3,40.0,0.0,1024.6
2025-06-28 18:00:00+00:00,24.5,61,16.5,31,231.0,136.0,336.5,95.0,15.5,35.6,0.0,1024.5
2025-06-28 19:00:00+00:00,22.7,69,16.7,48,88.0,27.0,106.6,61.0,14.0,32.0,0.0,1024.6
2025-06-28 20:00:00+00:00,21.6,75,17.0,40,3.0,0.0,0.0,3.0,11.2,24.8,0.0,1024.9
2025-06-28 21:00:00+00:00,21.3,77,17.1,43,0.0,0.0,0.0,0.0,8.3,20.2,0.0,1025.4
2025-06-28 22:00:00+00:00,21.4,75,16.8,98,0.0,0.0,0.0,0.0,9.7,22.0,0.0,1025.8
2025-06-28 23:00:00+00:00,20.7,75,16.1,94,0.0,0.0,0.0,0.0,10.4,23.8,0.0,1026.0
2025-06-29 00:00:00+00:00,20.1,75,15.6,100,0.0,0.0,0.0,0.0,8.6,19.4,0.0,1026.3
2025-06-29 01:00:00+00:00,19.8,75,15.2,91,0.0,0.0,0.0,0.0,8.3,19.1,0.0,1026.1
2025-06-29 02:00:00+00:00,19.4,75,14.9,58,0.0,0.0,0.0,0.0,6.8,16.6,0.0,1025.5
2025-06-29 03:00:00+00:00,17.6,79,13.9,41,0.0,0.0,0.0,0.0,6.5,15.5,0.0,1025.8
2025-06-29 04:00:00+00:00,17.1,82,14.0,41,3.0,0.0,0.0,3.0,4.7,10.8,0.0,1025.9
2025-06-29 05:00:00+00:00,17.4,82,14.3,48,36.0,10.0,126.5,26.0,5.0,11.9,0.0,1026.1
2025-06-29 06:00:00+00:00,17.9,79,14.2,63,131.0,44.0,212.2,87.0,4.3,10.8,0.0,1026.5
2025-06-29 07:00:00+00:00,18.8,73,13.9,54,264.0,138.0,385.4,126.0,5.8,15.5,0.0,1026.8
2025-06-29 08:00:00+00:00,19.7,71,14.3,39,426.0,264.0,522.5,162.0,5.8,17.6,0.0,1026.8
2025-06-29 09:00:00+00:00,20.9,68,14.8,51,525.0,300.0,469.6,225.0,3.2,15.5,0.0,1026.6
2025-06-29 10:00:00+00:00,22.0,63,14.6,62,617.0,332.0,442.9,285.0,1.1,14.4,0.0,1026.4
2025-06-29 11:00:00+00:00,23.3,56,14.1,20,784.0,629.0,757.6,155.0,1.4,16.6,0.0,1026.0
2025-06-29 12:00:00+00:00,24.9,50,13.8,47,772.0,553.0,631.9,219.0,1.4,19.1,0.0,1025.5
2025-06-29 13:00:00+00:00,26.0,47,13.8,47,801.0,524.0,594.6,277.0,3.2,21.6,0.0,1025.0
2025-06-29 14:00:00+00:00,26.5,49,14.9,5,810.0,704.0,830.1,106.0,13.3,35.3,0.0,1024.5
2025-06-29 15:00:00+00:00,26.2,52,15.6,78,654.0,462.0,593.9,192.0,14.8,35.6,0.0,1024.2
2025-06-29 16:00:00+00:00,25.0,55,15.4,100,387.0,91.0,134.7,296.0,15.8,36.0,0.0,1023.9
2025-06-29 17:00:00+00:00,24.1,58,15.3,77,405.0,298.0,543.7,107.0,13.0,29.9,0.0,1023.7
2025-06-29 18:00:00+00:00,23.8,60,15.6,48,263.0,191.0,472.8,72.0,11.5,26.6,0.0,1023.2
2025-06-29 19:00:00+00:00,23.2,62,15.5,36,112.0,66.0,260.7,46.0,9.0,22.0,0.0,1023.0
2025-06-29 20:00:00+00:00,22.2,67,15.8,3,3.0,0.0,0.0,3.0,6.5,15.8,0.0,1023.1
2025-06-29 21:00:00+00:00,20.8,73,15.8,9,0.0,0.0,0.0,0.0,4.0,10.4,0.0,1023.3
2025-06-29 22:00:00+00:00,20.1,77,15.9,5,0.0,0.0,0.0,0.0,1.1,5.0,0.0,1022.8
2025-06-29 23:00:00+00:00,20.3,76,15.9,5,0.0,0.0,0.0,0.0,3.2,8.6,0.0,1022.5
2025-06-30 00:00:00+00:00,19.9,79,16.1,0,0.0,0.0,0.0,0.0,1.8,5.8,0.0,1021.9
2025-06-30 01:00:00+00:00,19.7,84,16.9,0,0.0,0.0,0.0,0.0,5.8,13.7,0.0,1021.4
2025-06-30 02:00:00+00:00,19.2,84,16.5,0,0.0,0.0,0.0,0.0,7.6,17.3,0.0,1021.2
2025-06-30 03:00:00+00:00,18.8,83,15.9,0,0.0,0.0,0.0,0.0,8.3,18.7,0.0,1021.1
2025-06-30 04:00:00+00:00,18.3,85,15.8,15,3.0,0.0,0.0,3.0,6.5,14.8,0.0,1020.9
2025-06-30 05:00:00+00:00,18.5,85,15.9,18,39.0,15.0,191.2,24.0,6.1,14.0,0.0,1020.8
2025-06-30 06:00:00+00:00,19.0,84,16.3,5,166.0,104.0,504.6,62.0,8.3,18.7,0.0,1020.6
2025-06-30 07:00:00+00:00,20.0,81,16.7,11,308.0,216.0,605.3,92.0,8.3,19.1,0.0,1020.3
2025-06-30 08:00:00+00:00,21.2,77,17.0,9,466.0,354.0,702.2,112.0,10.4,24.1,0.0,1020.0
2025-06-30 09:00:00+00:00,21.7,76,17.3,10,609.0,478.0,749.5,131.0,10.1,23.8,0.0,1019.7
2025-06-30 10:00:00+00:00,23.3,70,17.5,0,742.0,631.0,842.7,111.0,12.2,29.2,0.0,1019.2
2025-06-30 11:00:00+00:00,24.8,65,17.8,0,825.0,714.0,860.7,111.0,12.2,29.2,0.0,1018.9
2025-06-30 12:00:00+00:00,26.2,60,17.8,0,866.0,756.0,864.4,110.0,15.5,35.6,0.0,1018.6
2025-06-30 13:00:00+00:00,27.4,55,17.5,0,861.0,755.0,857.2,106.0,14.8,34.6,0.0,1017.9
2025-06-30 14:00:00+00:00,27.7,53,17.2,0,810.0,710.0,837.5,100.0,17.3,39.2,0.0,1017.2
2025-06-30 15:00:00+00:00,27.6,54,17.4,0,713.0,621.0,798.5,92.0,17.3,39.2,0.0,1016.3
2025-06-30 16:00:00+00:00,27.5,54,17.3,0,584.0,501.0,741.7,83.0,15.8,36.4,0.0,1015.5
2025-06-30 17:00:00+00:00,27.1,56,17.6,0,432.0,359.0,655.2,73.0,14.8,33.5,0.0,1014.9
2025-06-30 18:00:00+00:00,25.7,59,17.1,0,269.0,208.0,515.1,61.0,14.4,32.8,0.0,1014.9
2025-06-30 19:00:00+00:00,23.9,65,16.9,2,113.0,71.0,280.7,42.0,13.0,28.8,0.0,1014.9
2025-06-30 20:00:00+00:00,22.7,70,16.9,9,3.0,0.0,0.0,3.0,11.2,24.8,0.0,1015.1
2025-06-30 21:00:00+00:00,21.6,77,17.4,15,0.0,0.0,0.0,0.0,5.8,14.0,0.0,1015.8
2025-06-30 22:00:00+00:00,21.2,80,17.6,36,0.0,0.0,0.0,0.0,1.4,5.8,0.0,1015.8
2025-06-30 23:00:00+00:00,21.3,79,17.5,2,0.0,0.0,0.0,0.0,6.8,16.6,0.0,1015.5
2025-07-01 00:00:00+00:00,20.5,81,17.1,21,0.0,0.0,0.0,0.0,6.5,14.8,0.0,1015.6
2025-07-01 01:00:00+00:00,20.4,81,17.0,25,0.0,0.0,0.0,0.0,10.1,23.0,0.0,1015.4
2025-07-01 02:00:00+00:00,20.0,81,16.6,66,0.0,0.0,0.0,0.0,10.4,23.4,0.0,1015.1
2025-07-01 03:00:00+00:00,19.8,83,16.8,21,0.0,0.0,0.0,0.0,8.6,19.8,0.0,1014.4
2025-07-01 04:00:00+00:00,19.4,83,16.4,30,3.0,0.0,0.0,3.0,9.4,20.9,0.0,1014.6
2025-07-01 05:00:00+00:00,19.4,83,16.5,55,34.0,8.0,102.8,26.0,8.3,18.4,0.0,1014.9
2025-07-01 06:00:00+00:00,19.4,85,16.8,54,140.0,63.0,307.7,77.0,9.0,20.2,0.0,1015.2
2025-07-01 07:00:00+00:00,20.9,80,17.3,62,267.0,107.0,300.9,160.0,11.2,25.2,0.0,1015.4
2025-07-01 08:00:00+00:00,22.1,75,17.5,78,358.0,112.0,222.7,246.0,10.1,23.0,0.0,1015.6
2025-07-01 09:00:00+00:00,23.5,68,17.3,80,423.0,146.0,229.3,277.0,10.1,24.5,0.0,1015.9
2025-07-01 10:00:00+00:00,24.3,62,16.6,64,602.0,336.0,449.3,266.0,8.6,23.8,0.0,1016.2
2025-07-01 11:00:00+00:00,24.9,58,16.1,63,664.0,309.0,372.8,355.0,9.7,25.9,0.0,1016.6
2025-07-01 12:00:00+00:00,27.4,47,15.1,45,774.0,516.0,590.4,258.0,10.4,29.5,0.0,1016.1
2025-07-01 13:00:00+00:00,28.0,43,14.3,39,781.0,587.0,666.8,194.0,13.7,36.4,0.0,1016.1
2025-07-01 14:00:00+00:00,27.5,44,14.2,68,665.0,376.0,443.7,289.0,12.2,32.0,0.0,1015.9
2025-07-01 15:00:00+00:00,28.9,44,15.5,10,705.0,598.0,769.2,107.0,13.7,34.9,0.0,1015.1
2025-07-01 16:00:00+00:00,28.6,44,15.1,2,583.0,500.0,740.6,83.0,15.5,36.7,0.0,1015.0
2025-07-01 17:00:00+00:00,28.4,44,15.0,9,425.0,350.0,639.1,75.0,14.0,33.5,0.0,1014.8
2025-07-01 18:00:00+00:00,28.7,41,14.1,23,256.0,190.0,470.9,66.0,13.7,32.4,0.0,1014.6
2025-07-01 19:00:00+00:00,26.5,50,15.3,13,109.0,59.0,233.6,50.0,16.9,38.9,0.0,1015.0
2025-07-01 20:00:00+00:00,25.1,56,15.7,91,2.0,0.0,0.0,2.0,11.9,27.7,0.0,1015.6
2025-07-01 21:00:00+00:00,23.5,59,15.0,0,0.0,0.0,0.0,0.0,11.2,26.3,0.0,1015.6
2025-07-01 22:00:00+00:00,21.6,68,15.5,0,0.0,0.0,0.0,0.0,11.2,26.3,0.0,1016.0
2025-07-01 23:00:00+00:00,19.9,73,14.9,0,0.0,0.0,0.0,0.0,18.4,41.4,0.0,1015.7
2025-07-02 00:00:00+00:00,18.4,73,13.5,10,0.0,0.0,0.0,0.0,12.2,28.1,0.0,1016.2
2025-07-02 01:00:00+00:00,17.6,79,13.9,20,0.0,0.0,0.0,0.0,10.4,23.8,0.0,1016.2
2025-07-02 02:00:00+00:00,17.2,83,14.3,75,0.0,0.0,0.0,0.0,10.4,23.8,0.0,1016.0
2025-07-02 03:00:00+00:00,17.7,76,13.4,94,0.0,0.0,0.0,0.0,8.6,20.2,0.0,1016.3
2025-07-02 04:00:00+00:00,17.2,81,13.9,95,2.0,0.0,0.0,2.0,11.9,27.0,0.0,1016.7
2025-07-02 05:00:00+00:00,17.1,84,14.4,95,25.0,1.0,13.0,24.0,7.9,18.0,0.0,1016.9
2025-07-02 06:00:00+00:00,17.9,81,14.6,80,121.0,31.0,152.5,90.0,10.4,24.5,0.0,1015.8
2025-07-02 07:00:00+00:00,19.3,77,15.1,88,222.0,46.0,129.9,176.0,11.2,26.3,0.0,1016.2
2025-07-02 08:00:00+00:00,20.5,65,13.7,95,321.0,52.0,103.7,269.0,11.5,26.6,0.0,1016.5
2025-07-02 09:00:00+00:00,21.2,61,13.4,100,212.0,0.0,0.0,212.0,11.9,28.1,0.0,1017.0
2025-07-02 10:00:00+00:00,21.2,59,12.9,98,367.0,42.0,56.2,325.0,13.7,33.5,0.0,1017.4
2025-07-02 11:00:00+00:00,20.8,61,13.0,95,483.0,138.0,166.7,345.0,19.1,45.0,0.0,1018.3
2025-07-02 12:00:00+00:00,22.5,45,10.0,73,620.0,375.0,429.4,245.0,15.5,38.9,0.0,1018.4
2025-07-02 13:00:00+00:00,24.0,36,8.0,13,847.0,677.0,769.6,170.0,12.2,34.9,0.0,1018.0
2025-07-02 14:00:00+00:00,25.5,26,4.6,9,826.0,603.0,712.0,223.0,20.9,51.8,0.0,1017.9
2025-07-02 15:00:00+00:00,25.0,29,5.7,0,740.0,646.0,831.4,94.0,22.0,54.7,0.0,1018.7
2025-07-02 16:00:00+00:00,24.3,28,4.6,0,611.0,526.0,779.5,85.0,21.2,51.8,0.0,1019.2
2025-07-02 17:00:00+00:00,23.3,32,5.7,0,451.0,377.0,688.9,74.0,20.5,49.0,0.0,1019.9
2025-07-02 18:00:00+00:00,22.2,33,5.2,0,281.0,219.0,543.3,62.0,17.3,40.0,0.0,1020.8
2025-07-02 19:00:00+00:00,21.2,32,3.9,0,120.0,77.0,305.5,43.0,20.2,46.1,0.0,1021.4
2025-07-02 20:00:00+00:00,19.8,34,3.5,0,3.0,0.0,0.0,3.0,18.7,42.1,0.0,1022.7
2025-07-02 21:00:00+00:00,18.6,38,4.0,0,0.0,0.0,0.0,0.0,14.0,32.0,0.0,1023.6
2025-07-02 22:00:00+00:00,17.5,43,4.8,0,0.0,0.0,0.0,0.0,13.0,29.5,0.0,1024.6
2025-07-02 23:00:00+00:00,16.5,47,5.2,0,0.0,0.0,0.0,0.0,13.3,30.2,0.0,1025.2
2025-07-03 00:00:00+00:00,15.6,51,5.5,0,0.0,0.0,0.0,0.0,12.2,27.7,0.0,1025.6
2025-07-03 01:00:00+00:00,14.8,56,6.1,0,0.0,0.0,0.0,0.0,11.9,25.9,0.0,1026.0
2025-07-03 02:00:00+00:00,14.2,61,6.8,0,0.0,0.0,0.0,0.0,11.2,24.8,0.0,1026.3
2025-07-03 03:00:00+00:00,13.6,66,7.3,0,0.0,0.0,0.0,0.0,10.1,23.0,0.0,1026.9
2025-07-03 04:00:00+00:00,13.1,69,7.5,9,2.0,0.0,0.0,2.0,7.6,17.6,0.0,1027.3
2025-07-03 05:00:00+00:00,13.2,70,7.8,3,40.0,17.0,222.5,23.0,6.1,14.0,0.0,1027.8
2025-07-03 06:00:00+00:00,13.9,66,7.7,0,169.0,108.0,535.1,61.0,4.7,10.8,0.0,1028.6
2025-07-03 07:00:00+00:00,15.1,62,7.9,0,326.0,242.0,685.9,84.0,2.2,8.6,0.0,1029.0
2025-07-03 08:00:00+00:00,16.6,55,7.5,0,487.0,388.0,775.4,99.0,1.4,10.1,0.0,1029.3
2025-07-03 09:00:00+00:00,18.2,47,6.7,0,635.0,527.0,830.7,108.0,1.4,14.4,0.0,1029.2
2025-07-03 10:00:00+00:00,19.8,42,6.5,17,733.0,603.0,808.4,130.0,1.1,19.1,0.0,1029.2
2025-07-03 11:00:00+00:00,21.2,37,5.9,73,573.0,201.0,243.0,372.0,4.0,25.6,0.0,1029.0
2025-07-03 12:00:00+00:00,22.7,32,5.1,48,753.0,594.0,680.8,159.0,6.5,28.1,0.0,1028.6
2025-07-03 13:00:00+00:00,21.2,42,7.8,100,223.0,0.0,0.0,223.0,18.4,43.6,0.0,1028.7
2025-07-03 14:00:00+00:00,22.1,40,7.9,1,821.0,714.0,843.6,107.0,16.9,41.8,0.0,1028.4
2025-07-03 15:00:00+00:00,22.4,39,7.7,63,522.0,235.0,302.6,287.0,15.8,38.9,0.0,1028.2
2025-07-03 16:00:00+00:00,21.8,42,8.3,10,586.0,483.0,716.2,103.0,17.6,41.0,0.0,1028.1
2025-07-03 17:00:00+00:00,21.7,43,8.6,54,380.0,239.0,437.1,141.0,21.6,48.2,0.0,1027.8
2025-07-03 18:00:00+00:00,22.3,37,6.9,56,211.0,137.0,340.3,74.0,13.0,31.7,0.0,1027.8
2025-07-03 19:00:00+00:00,21.3,40,7.2,1,115.0,73.0,290.3,42.0,16.6,38.9,0.0,1028.1
2025-07-03 20:00:00+00:00,19.9,43,6.9,0,2.0,0.0,0.0,2.0,15.8,37.1,0.0,1028.7
2025-07-03 21:00:00+00:00,18.4,46,6.6,0,0.0,0.0,0.0,0.0,13.3,31.0,0.0,1029.4
2025-07-03 22:00:00+00:00,17.1,55,8.0,0,0.0,0.0,0.0,0.0,12.2,28.1,0.0,1029.7
2025-07-03 23:00:00+00:00,16.1,63,9.0,0,0.0,0.0,0.0,0.0,10.4,24.1,0.0,1029.8
2025-07-04 00:00:00+00:00,15.5,68,9.6,17,0.0,0.0,0.0,0.0,10.1,23.0,0.0,1029.8
2025-07-04 01:00:00+00:00,15.1,72,10.1,65,0.0,0.0,0.0,0.0,9.7,22.0,0.0,1029.7
2025-07-04 02:00:00+00:00,14.4,76,10.3,0,0.0,0.0,0.0,0.0,7.6,16.9,0.0,1029.3
2025-07-04 03:00:00+00:00,13.8,79,10.2,11,0.0,0.0,0.0,0.0,6.1,14.4,0.0,1029.4
2025-07-04 04:00:00+00:00,13.4,82,10.4,9,2.0,0.0,0.0,2.0,5.8,14.0,0.0,1029.4
2025-07-04 05:00:00+00:00,13.6,82,10.6,12,38.0,15.0,198.2,23.0,4.7,10.4,0.0,1029.7
2025-07-04 06:00:00+00:00,14.3,78,10.5,27,162.0,97.0,484.3,65.0,4.7,10.4,0.0,1029.7
2025-07-04 07:00:00+00:00,15.5,73,10.7,41,309.0,203.0,577.8,106.0,2.9,9.4,0.0,1029.9
2025-07-04 08:00:00+00:00,17.3,64,10.4,46,464.0,323.0,647.3,141.0,1.8,9.4,0.0,1029.7
2025-07-04 09:00:00+00:00,19.2,53,9.4,72,571.0,388.0,612.7,183.0,1.4,14.4,0.0,1029.1
2025-07-04 10:00:00+00:00,20.8,45,8.5,76,621.0,324.0,435.0,297.0,7.6,23.8,0.0,1028.6
2025-07-04 11:00:00+00:00,21.9,40,7.7,93,661.0,276.0,334.1,385.0,8.3,25.6,0.0,1028.1
2025-07-04 12:00:00+00:00,22.4,44,9.6,94,648.0,283.0,324.6,365.0,12.6,32.8,0.0,1027.6
2025-07-04 13:00:00+00:00,22.9,42,9.3,87,738.0,401.0,456.5,337.0,14.8,37.1,0.0,1027.1
2025-07-04 14:00:00+00:00,22.8,43,9.6,65,770.0,570.0,673.9,200.0,18.4,44.3,0.0,1026.4
2025-07-04 15:00:00+00:00,23.0,45,10.4,18,710.0,582.0,750.0,128.0,19.4,45.4,0.0,1025.8
2025-07-04 16:00:00+00:00,23.0,44,10.1,11,579.0,477.0,707.9,102.0,19.1,43.9,0.0,1025.1
2025-07-04 17:00:00+00:00,22.9,48,11.3,61,404.0,311.0,569.3,93.0,18.4,42.5,0.0,1024.8
2025-07-04 18:00:00+00:00,22.4,48,10.9,66,233.0,119.0,296.0,114.0,17.6,41.0,0.0,1024.5
2025-07-04 19:00:00+00:00,21.5,51,11.0,54,100.0,41.0,163.5,59.0,14.0,32.8,0.0,1024.2
2025-07-04 20:00:00+00:00,20.2,60,12.2,57,2.0,0.0,0.0,2.0,10.4,24.8,0.0,1023.8
2025-07-04 21:00:00+00:00,19.0,67,12.8,84,0.0,0.0,0.0,0.0,9.0,22.0,0.0,1023.6
2025-07-04 22:00:00+00:00,18.7,63,11.5,98,0.0,0.0,0.0,0.0,9.4,22.7,0.0,1023.2
2025-07-04 23:00:00+00:00,18.3,65,11.6,100,0.0,0.0,0.0,0.0,11.9,27.7,0.0,1022.8
2025-07-05 00:00:00+00:00,17.4,63,10.3,100,0.0,0.0,0.0,0.0,13.0,29.9,0.0,1022.2
2025-07-05 01:00:00+00:00,17.0,66,10.6,100,0.0,0.0,0.0,0.0,12.6,29.2,0.0,1021.5
2025-07-05 02:00:00+00:00,16.5,69,10.8,66,0.0,0.0,0.0,0.0,12.2,28.4,0.0,1020.7
2025-07-05 03:00:00+00:00,16.7,72,11.6,87,0.0,0.0,0.0,0.0,14.0,32.8,0.0,1020.1
2025-07-05 04:00:00+00:00,16.6,74,12.0,91,1.0,0.0,0.0,1.0,13.0,29.9,0.0,1019.8
2025-07-05 05:00:00+00:00,16.7,77,12.6,70,21.0,3.0,40.1,18.0,12.6,29.2,0.0,1019.5
2025-07-05 06:00:00+00:00,17.1,78,13.2,73,83.0,29.0,146.0,54.0,17.3,39.2,0.0,1018.9
2025-07-05 07:00:00+00:00,17.9,74,13.2,69,177.0,71.0,202.9,106.0,17.3,38.9,0.0,1018.6
2025-07-05 08:00:00+00:00,18.7,72,13.5,97,144.0,14.0,28.1,130.0,15.5,35.3,0.0,1018.3
2025-07-05 09:00:00+00:00,18.5,77,14.4,100,123.0,3.0,4.7,120.0,16.6,38.2,0.0,1018.0
2025-07-05 10:00:00+00:00,18.6,80,15.1,100,159.0,0.0,0.0,159.0,16.2,37.8,0.0,1017.7
2025-07-05 11:00:00+00:00,19.0,79,15.3,100,133.0,0.0,0.0,133.0,16.2,37.4,0.0,1017.4
2025-07-05 12:00:00+00:00,19.3,79,15.5,100,156.0,0.0,0.0,156.0,15.1,34.9,0.0,1016.8
2025-07-05 13:00:00+00:00,19.7,78,15.8,100,193.0,0.0,0.0,193.0,15.8,37.1,0.0,1016.3
2025-07-05 14:00:00+00:00,20.3,74,15.5,100,163.0,0.0,0.0,163.0,17.3,40.0,0.0,1015.7
2025-07-05 15:00:00+00:00,19.3,82,16.2,100,175.0,6.0,7.7,169.0,18.0,41.0,0.0,1015.5
2025-07-05 16:00:00+00:00,19.5,80,16.0,100,127.0,5.0,7.4,122.0,16.9,38.9,0.0,1015.0
2025-07-05 17:00:00+00:00,19.4,81,16.1,100,81.0,1.0,1.8,80.0,17.3,40.0,0.0,1014.6
2025-07-05 18:00:00+00:00,19.9,77,15.8,80,131.0,47.0,117.1,84.0,17.3,39.2,0.0,1014.0
2025-07-05 19:00:00+00:00,19.5,79,15.8,98,35.0,1.0,4.0,34.0,16.6,37.8,0.0,1013.5
2025-07-05 20:00:00+00:00,18.6,84,15.9,100,1.0,0.0,0.0,1.0,15.8,36.4,0.0,1013.2
2025-07-05 21:00:00+00:00,18.5,85,16.0,95,0.0,0.0,0.0,0.0,13.0,29.9,0.0,1012.8
2025-07-05 22:00:00+00:00,18.2,86,15.8,94,0.0,0.0,0.0,0.0,12.2,28.1,0.0,1012.5
2025-07-05 23:00:00+00:00,17.9,87,15.7,64,0.0,0.0,0.0,0.0,11.9,27.4,0.0,1012.2
2025-07-06 00:00:00+00:00,17.3,88,15.3,68,0.0,0.0,0.0,0.0,8.6,20.2,0.0,1011.7
2025-07-06 01:00:00+00:00,16.9,87,14.7,30,0.0,0.0,0.0,0.0,11.9,27.0,0.0,1011.2
2025-07-06 02:00:00+00:00,16.4,88,14.4,80,0.0,0.0,0.0,0.0,9.4,21.6,0.0,1010.6
2025-07-06 03:00:00+00:00,16.1,88,14.1,95,0.0,0.0,0.0,0.0,8.6,20.2,0.0,1009.4
2025-07-06 04:00:00+00:00,15.9,89,14.1,91,1.0,0.0,0.0,1.0,8.6,19.8,0.0,1008.8
2025-07-06 05:00:00+00:00,16.0,89,14.2,98,14.0,1.0,13.5,13.0,9.4,21.2,0.0,1008.5
2025-07-06 06:00:00+00:00,16.6,85,14.1,93,70.0,12.0,60.9,58.0,11.9,26.6,0.0,1008.1
2025-07-06 07:00:00+00:00,17.4,81,14.1,100,68.0,0.0,0.0,68.0,14.8,34.6,0.0,1007.7
2025-07-06 08:00:00+00:00,17.9,77,13.8,95,174.0,14.0,28.2,160.0,14.8,33.8,0.0,1007.5
2025-07-06 09:00:00+00:00,18.9,72,13.8,92,301.0,132.0,209.3,169.0,15.5,36.4,0.0,1006.9
2025-07-06 10:00:00+00:00,18.4,77,14.3,100,73.0,0.0,0.0,73.0,14.4,33.5,0.3,1006.8
2025-07-06 11:00:00+00:00,20.4,65,13.6,70,560.0,305.0,370.1,255.0,17.3,40.0,0.4,1006.2
2025-07-06 12:00:00+00:00,22.1,50,11.2,95,409.0,76.0,87.4,333.0,22.3,52.6,0.0,1005.6
2025-07-06 13:00:00+00:00,21.2,53,11.2,100,243.0,3.0,3.4,240.0,17.3,40.7,0.0,1005.9
2025-07-06 14:00:00+00:00,21.9,46,9.8,100,381.0,21.0,24.9,360.0,20.9,48.2,0.0,1006.1
2025-07-06 15:00:00+00:00,21.1,54,11.5,94,295.0,0.0,0.0,295.0,23.0,52.6,0.3,1006.2
2025-07-06 16:00:00+00:00,22.0,47,10.2,100,120.0,0.0,0.0,120.0,17.3,40.0,0.0,1006.4
2025-07-06 17:00:00+00:00,21.5,47,9.7,91,171.0,41.0,75.2,130.0,20.9,46.8,0.0,1007.0
2025-07-06 18:00:00+00:00,20.5,53,10.6,44,215.0,109.0,272.2,106.0,20.5,46.4,0.0,1007.3
2025-07-06 19:00:00+00:00,19.8,53,9.9,60,79.0,21.0,84.3,58.0,19.4,43.9,0.0,1007.7
2025-07-06 20:00:00+00:00,19.0,55,9.7,87,1.0,0.0,0.0,1.0,16.6,37.4,0.0,1008.4
2025-07-06 21:00:00+00:00,18.5,58,10.1,98,0.0,0.0,0.0,0.0,13.0,30.2,0.0,1008.6
2025-07-06 22:00:00+00:00,17.9,61,10.3,96,0.0,0.0,0.0,0.0,11.2,26.3,0.0,1008.9
2025-07-06 23:00:00+00:00,17.3,63,10.2,96,0.0,0.0,0.0,0.0,15.1,34.2,0.0,1008.9
2025-07-07 00:00:00+00:00,16.7,67,10.6,91,0.0,0.0,0.0,0.0,13.7,31.3,0.0,1008.8
2025-07-07 01:00:00+00:00,16.3,70,10.8,100,0.0,0.0,0.0,0.0,13.0,30.2,0.0,1008.7
2025-07-07 02:00:00+00:00,16.1,71,10.9,100,0.0,0.0,0.0,0.0,15.5,33.5,0.0,1008.5
2025-07-07 03:00:00+00:00,15.4,77,11.4,100,0.0,0.0,0.0,0.0,14.0,32.8,0.1,1009.1
2025-07-07 04:00:00+00:00,15.0,71,9.8,100,0.0,0.0,0.0,0.0,15.5,34.2,0.0,1009.2
2025-07-07 05:00:00+00:00,14.8,72,9.8,98,10.0,0.0,0.0,10.0,18.4,41.0,0.0,1009.6
2025-07-07 06:00:00+00:00,13.5,92,12.3,100,24.0,0.0,0.0,24.0,17.6,39.2,0.0,1010.4
2025-07-07 07:00:00+00:00,13.9,87,11.8,98,113.0,41.0,118.3,72.0,17.6,38.5,0.0,1011.4
2025-07-07 08:00:00+00:00,14.6,78,10.8,81,312.0,93.0,188.0,219.0,17.3,37.8,0.0,1012.5
2025-07-07 09:00:00+00:00,15.7,71,10.4,85,401.0,84.0,133.5,317.0,19.4,42.5,0.0,1011.7
2025-07-07 10:00:00+00:00,18.2,52,8.2,22,722.0,545.0,735.2,177.0,19.8,44.6,0.0,1012.1
2025-07-07 11:00:00+00:00,20.5,41,6.8,30,761.0,611.0,742.3,150.0,19.4,46.4,0.0,1012.5
2025-07-07 12:00:00+00:00,21.1,38,6.2,75,673.0,249.0,286.5,424.0,19.1,44.3,0.0,1012.8
2025-07-07 13:00:00+00:00,21.4,36,5.7,77,524.0,211.0,240.8,313.0,19.4,45.4,0.0,1013.3
2025-07-07 14:00:00+00:00,21.0,38,6.2,93,402.0,296.0,350.9,106.0,17.3,41.8,0.0,1013.8
2025-07-07 15:00:00+00:00,23.5,31,5.4,72,465.0,145.0,187.3,320.0,15.1,38.2,0.0,1013.3
2025-07-07 16:00:00+00:00,22.8,32,5.3,96,196.0,0.0,0.0,196.0,10.4,26.3,0.0,1013.5
2025-07-07 17:00:00+00:00,22.7,33,5.6,77,283.0,129.0,237.1,154.0,15.5,36.4,0.0,1013.8
2025-07-07 18:00:00+00:00,22.7,31,4.7,47,207.0,95.0,237.8,112.0,18.4,42.1,0.0,1014.1
2025-07-07 19:00:00+00:00,22.0,32,4.5,62,83.0,22.0,88.7,61.0,14.0,32.0,0.0,1014.2
2025-07-07 20:00:00+00:00,20.3,36,4.8,1,1.0,0.0,0.0,1.0,12.6,28.1,0.0,1014.7
2025-07-07 21:00:00+00:00,18.9,42,5.7,1,0.0,0.0,0.0,0.0,13.0,28.8,0.0,1015.8
2025-07-07 22:00:00+00:00,17.2,47,5.8,0,0.0,0.0,0.0,0.0,7.2,18.7,0.0,1016.0
2025-07-07 23:00:00+00:00,16.8,53,7.1,92,0.0,0.0,0.0,0.0,12.2,28.1,0.0,1016.3
2025-07-08 00:00:00+00:00,16.5,60,8.7,23,0.0,0.0,0.0,0.0,18.0,41.8,0.0,1016.4
2025-07-08 01:00:00+00:00,16.1,61,8.6,59,0.0,0.0,0.0,0.0,15.5,35.3,0.0,1016.6
2025-07-08 02:00:00+00:00,15.8,63,8.8,91,0.0,0.0,0.0,0.0,12.6,28.1,0.0,1016.6
2025-07-08 03:00:00+00:00,14.8,67,8.7,2,0.0,0.0,0.0,0.0,17.3,38.2,0.0,1016.4
2025-07-08 04:00:00+00:00,13.7,69,8.1,0,1.0,0.0,0.0,1.0,12.2,28.1,0.0,1016.8
2025-07-08 05:00:00+00:00,13.2,71,8.0,0,36.0,14.0,193.4,22.0,12.6,28.1,0.0,1017.4
2025-07-08 06:00:00+00:00,14.1,67,8.1,0,163.0,103.0,532.5,60.0,15.5,33.5,0.0,1017.8
2025-07-08 07:00:00+00:00,14.8,62,7.6,0,321.0,237.0,687.1,84.0,15.1,34.2,0.0,1018.3
2025-07-08 08:00:00+00:00,16.1,56,7.3,4,482.0,378.0,766.6,104.0,13.3,31.3,0.0,1018.5
2025-07-08 09:00:00+00:00,17.6,49,6.8,0,634.0,526.0,837.7,108.0,12.2,31.0,0.0,1018.4
2025-07-08 10:00:00+00:00,19.1,43,6.3,0,758.0,645.0,871.6,113.0,12.6,32.8,0.0,1018.4
2025-07-08 11:00:00+00:00,20.4,38,5.6,0,846.0,732.0,890.5,114.0,11.9,32.0,0.0,1018.5
2025-07-08 12:00:00+00:00,21.6,35,5.5,0,890.0,779.0,897.4,111.0,11.2,32.0,0.0,1018.7
2025-07-08 13:00:00+00:00,22.7,32,5.1,0,886.0,778.0,889.0,108.0,12.2,34.6,0.0,1018.7
2025-07-08 14:00:00+00:00,23.5,31,5.4,0,832.0,731.0,867.4,101.0,12.2,34.6,0.0,1018.4
2025-07-08 15:00:00+00:00,23.9,30,5.3,0,736.0,642.0,830.4,94.0,10.4,31.7,0.0,1018.5
2025-07-08 16:00:00+00:00,24.2,29,5.1,0,603.0,518.0,772.0,85.0,10.4,30.2,0.0,1018.3
2025-07-08 17:00:00+00:00,24.3,28,4.6,0,445.0,371.0,683.0,74.0,11.2,30.6,0.0,1018.3
2025-07-08 18:00:00+00:00,24.1,32,6.4,8,269.0,203.0,509.4,66.0,10.8,28.4,0.0,1018.7
2025-07-08 19:00:00+00:00,23.0,38,7.9,0,112.0,71.0,287.6,41.0,14.8,35.3,0.0,1019.0
2025-07-08 20:00:00+00:00,21.1,50,10.3,0,1.0,0.0,0.0,1.0,16.6,38.2,0.0,1019.6
2025-07-08 21:00:00+00:00,19.1,58,10.6,17,0.0,0.0,0.0,0.0,14.8,34.2,0.0,1020.3
2025-07-08 22:00:00+00:00,17.7,66,11.3,0,0.0,0.0,0.0,0.0,11.2,26.6,0.0,1020.7
2025-07-08 23:00:00+00:00,17.0,71,11.7,0,0.0,0.0,0.0,0.0,9.4,22.0,0.0,1020.8
2025-07-09 00:00:00+00:00,16.3,75,11.8,0,0.0,0.0,0.0,0.0,10.1,23.0,0.0,1020.8
2025-07-09 01:00:00+00:00,15.9,72,10.9,0,0.0,0.0,0.0,0.0,10.8,24.5,0.0,1020.7
2025-07-09 02:00:00+00:00,15.4,71,10.1,0,0.0,0.0,0.0,0.0,8.6,19.8,0.0,1020.8
2025-07-09 03:00:00+00:00,14.8,69,9.1,0,0.0,0.0,0.0,0.0,7.6,17.3,0.0,1021.2
2025-07-09 04:00:00+00:00,14.2,71,9.0,0,1.0,0.0,0.0,1.0,6.5,14.8,0.0,1021.5
2025-07-09 05:00:00+00:00,14.3,71,9.1,0,34.0,13.0,181.9,21.0,5.8,13.7,0.0,1021.9
2025-07-09 06:00:00+00:00,14.9,71,9.7,0,157.0,99.0,516.9,58.0,5.0,11.9,0.0,1022.0
2025-07-09 07:00:00+00:00,16.4,63,9.3,0,312.0,229.0,667.4,83.0,4.7,11.5,0.0,1022.4
2025-07-09 08:00:00+00:00,18.0,59,9.8,0,469.0,373.0,759.0,96.0,4.3,13.0,0.0,1022.8
2025-07-09 09:00:00+00:00,19.8,52,9.7,5,610.0,497.0,793.4,113.0,2.9,14.0,0.0,1022.9
2025-07-09 10:00:00+00:00,21.9,43,8.7,2,733.0,616.0,833.9,117.0,4.7,19.1,0.0,1022.8
2025-07-09 11:00:00+00:00,23.4,37,7.9,0,822.0,710.0,865.0,112.0,5.4,22.0,0.0,1022.7
2025-07-09 12:00:00+00:00,24.6,33,7.3,5,858.0,731.0,843.1,127.0,4.7,22.0,0.0,1022.3
2025-07-09 13:00:00+00:00,25.8,33,8.3,16,852.0,719.0,822.5,133.0,5.0,24.1,0.0,1022.1
2025-07-09 14:00:00+00:00,26.5,34,9.4,59,670.0,354.0,420.5,316.0,11.9,34.9,0.0,1021.9
2025-07-09 15:00:00+00:00,25.5,40,10.9,16,679.0,538.0,696.7,141.0,14.8,36.4,0.0,1021.8
2025-07-09 16:00:00+00:00,25.0,41,10.9,2,584.0,497.0,741.8,87.0,15.5,36.7,0.0,1021.7
2025-07-09 17:00:00+00:00,24.2,39,9.4,0,432.0,358.0,660.3,74.0,16.9,38.2,0.0,1021.9
2025-07-09 18:00:00+00:00,23.1,41,9.1,0,266.0,205.0,515.8,61.0,15.5,34.2,0.0,1022.0
2025-07-09 19:00:00+00:00,22.1,44,9.3,25,96.0,39.0,158.8,57.0,11.9,26.6,0.0,1022.4
2025-07-09 20:00:00+00:00,21.4,50,10.6,45,1.0,0.0,0.0,1.0,9.7,22.7,0.0,1022.7
2025-07-09 21:00:00+00:00,20.2,57,11.4,24,0.0,0.0,0.0,0.0,8.3,19.8,0.0,1022.9
2025-07-09 22:00:00+00:00,19.6,60,11.7,16,0.0,0.0,0.0,0.0,9.7,22.0,0.0,1023.0
2025-07-09 23:00:00+00:00,18.9,65,12.2,13,0.0,0.0,0.0,0.0,8.6,20.2,0.0,1022.9
2025-07-10 00:00:00+00:00,18.6,67,12.3,33,0.0,0.0,0.0,0.0,7.6,18.4,0.0,1022.8
2025-07-10 01:00:00+00:00,18.3,71,13.0,62,0.0,0.0,0.0,0.0,6.5,15.5,0.0,1022.6
2025-07-10 02:00:00+00:00,18.5,75,14.0,75,0.0,0.0,0.0,0.0,5.8,14.0,0.0,1022.4
2025-07-10 03:00:00+00:00,18.2,79,14.5,70,0.0,0.0,0.0,0.0,5.0,12.2,0.0,1022.5
2025-07-10 04:00:00+00:00,17.9,84,15.1,9,0.0,0.0,0.0,0.0,5.0,12.2,0.0,1022.6
2025-07-10 05:00:00+00:00,18.3,82,15.2,0,32.0,12.0,170.2,20.0,6.5,14.0,0.0,1022.8
2025-07-10 06:00:00+00:00,18.7,75,14.2,3,152.0,94.0,496.0,58.0,5.4,12.2,0.0,1022.9
2025-07-10 07:00:00+00:00,19.9,69,14.1,2,303.0,222.0,650.5,81.0,4.7,11.9,0.0,1023.1
2025-07-10 08:00:00+00:00,21.9,62,14.3,0,460.0,364.0,743.3,96.0,4.0,11.5,0.0,1023.3
2025-07-10 09:00:00+00:00,23.6,54,13.7,0,606.0,501.0,801.8,105.0,1.8,12.2,0.0,1023.4
2025-07-10 10:00:00+00:00,25.0,48,13.2,0,728.0,617.0,836.8,111.0,2.9,17.3,0.0,1023.4
2025-07-10 11:00:00+00:00,26.2,44,13.0,0,814.0,702.0,856.6,112.0,1.4,17.6,0.0,1023.2
2025-07-10 12:00:00+00:00,27.9,38,12.3,1,853.0,742.0,857.0,111.0,1.4,19.4,0.0,1022.8
2025-07-10 13:00:00+00:00,29.2,34,11.8,16,831.0,687.0,786.8,144.0,3.2,22.7,0.0,1022.2
2025-07-10 14:00:00+00:00,29.6,36,13.0,25,739.0,422.0,501.9,317.0,13.7,38.2,0.0,1021.6
2025-07-10 15:00:00+00:00,29.1,39,13.7,2,699.0,595.0,771.5,104.0,15.5,37.4,0.0,1021.4
2025-07-10 16:00:00+00:00,28.9,39,13.5,0,577.0,494.0,738.4,83.0,16.9,40.0,0.0,1021.0
2025-07-10 17:00:00+00:00,28.3,40,13.4,2,423.0,351.0,648.7,72.0,15.8,36.7,0.0,1021.0
2025-07-10 18:00:00+00:00,28.2,41,13.7,0,260.0,199.0,502.2,61.0,14.8,33.8,0.0,1020.8
2025-07-10 19:00:00+00:00,27.3,43,13.6,0,105.0,64.0,262.0,41.0,11.2,25.6,0.0,1020.8
2025-07-10 20:00:00+00:00,25.5,49,14.0,0,1.0,0.0,0.0,1.0,8.6,20.9,0.0,1020.9
2025-07-10 21:00:00+00:00,24.1,53,14.0,0,0.0,0.0,0.0,0.0,9.7,22.7,0.0,1021.2
2025-07-10 22:00:00+00:00,22.6,59,14.2,3,0.0,0.0,0.0,0.0,5.8,13.7,0.0,1021.2
2025-07-10 23:00:00+00:00,22.0,62,14.4,0,0.0,0.0,0.0,0.0,4.7,12.2,0.0,1021.1
2025-07-11 00:00:00+00:00,20.4,72,15.2,0,0.0,0.0,0.0,0.0,5.0,11.9,0.0,1021.3
2025-07-11 01:00:00+00:00,19.7,74,15.0,0,0.0,0.0,0.0,0.0,3.6,9.4,0.0,1020.9
2025-07-11 02:00:00+00:00,19.7,78,15.7,0,0.0,0.0,0.0,0.0,5.8,14.0,0.0,1020.5
2025-07-11 03:00:00+00:00,19.4,82,16.2,0,0.0,0.0,0.0,0.0,6.8,16.2,0.0,1020.7
2025-07-11 04:00:00+00:00,18.9,87,16.7,7,0.0,0.0,0.0,0.0,8.6,20.9,0.0,1020.9
2025-07-11 05:00:00+00:00,18.9,85,16.3,0,31.0,11.0,158.3,20.0,10.1,22.7,0.0,1021.3
2025-07-11 06:00:00+00:00,19.4,84,16.7,6,148.0,91.0,485.5,57.0,8.3,18.4,0.0,1020.9
2025-07-11 07:00:00+00:00,20.1,78,16.2,0,300.0,219.0,645.4,81.0,6.8,16.2,0.0,1021.0
2025-07-11 08:00:00+00:00,21.4,71,15.9,0,457.0,361.0,739.9,96.0,6.8,17.3,0.0,1021.0
2025-07-11 09:00:00+00:00,22.8,62,15.2,0,605.0,499.0,800.7,106.0,10.4,25.6,0.0,1021.6
2025-07-11 10:00:00+00:00,24.0,55,14.4,0,728.0,617.0,838.5,111.0,13.0,30.6,0.0,1021.6
2025-07-11 11:00:00+00:00,25.3,46,12.9,0,815.0,703.0,859.2,112.0,12.2,29.2,0.0,1021.4
2025-07-11 12:00:00+00:00,25.5,44,12.3,0,856.0,746.0,862.8,110.0,14.8,33.8,0.0,1021.4
2025-07-11 13:00:00+00:00,26.0,41,11.8,0,853.0,747.0,856.6,106.0,14.4,33.5,0.0,1020.9
2025-07-11 14:00:00+00:00,26.4,41,12.1,0,803.0,703.0,837.1,100.0,15.5,36.0,0.0,1020.3
2025-07-11 15:00:00+00:00,26.9,44,13.6,0,707.0,615.0,798.5,92.0,15.5,35.6,0.0,1019.9
2025-07-11 16:00:00+00:00,26.8,44,13.6,0,578.0,494.0,739.6,84.0,16.6,37.4,0.0,1019.6
2025-07-11 17:00:00+00:00,26.5,42,12.5,0,424.0,351.0,650.1,73.0,14.8,32.8,0.0,1019.4
2025-07-11 18:00:00+00:00,25.6,43,12.1,0,260.0,200.0,506.4,60.0,14.0,32.8,0.0,1019.3
2025-07-11 19:00:00+00:00,24.5,44,11.4,0,104.0,63.0,259.4,41.0,13.0,29.2,0.0,1019.3
2025-07-11 20:00:00+00:00,23.4,52,13.0,0,0.0,0.0,0.0,0.0,6.5,15.8,0.0,1019.4
2025-07-11 21:00:00+00:00,22.5,56,13.3,0,0.0,0.0,0.0,0.0,9.4,21.2,0.0,1019.6
2025-07-11 22:00:00+00:00,21.8,59,13.4,0,0.0,0.0,0.0,0.0,8.3,19.1,0.0,1019.6
2025-07-11 23:00:00+00:00,21.1,63,13.8,0,0.0,0.0,0.0,0.0,5.8,13.7,0.0,1019.3
2025-07-12 00:00:00+00:00,20.6,63,13.3,0,0.0,0.0,0.0,0.0,5.8,14.0,0.0,1018.4
2025-07-12 01:00:00+00:00,19.9,68,13.8,0,0.0,0.0,0.0,0.0,4.3,10.4,0.0,1018.1
2025-07-12 02:00:00+00:00,19.5,68,13.5,0,0.0,0.0,0.0,0.0,5.0,12.2,0.0,1017.8
2025-07-12 03:00:00+00:00,19.4,71,14.0,0,0.0,0.0,0.0,0.0,5.0,11.9,0.0,1017.6
2025-07-12 04:00:00+00:00,18.9,71,13.5,0,0.0,0.0,0.0,0.0,5.0,11.9,0.0,1017.6
2025-07-12 05:00:00+00:00,18.9,71,13.6,0,30.0,11.0,160.7,19.0,4.0,10.1,0.0,1017.5
2025-07-12 06:00:00+00:00,19.9,66,13.3,0,148.0,92.0,496.6,56.0,4.0,9.4,0.0,1017.6
2025-07-12 07:00:00+00:00,20.9,64,13.9,0,300.0,219.0,649.3,81.0,7.6,17.6,0.0,1017.5
2025-07-12 08:00:00+00:00,21.4,70,15.7,0,457.0,361.0,742.7,96.0,13.0,29.5,0.0,1017.6
2025-07-12 09:00:00+00:00,22.2,63,14.8,0,607.0,501.0,806.1,106.0,13.3,30.6,0.0,1017.7
2025-07-12 10:00:00+00:00,22.6,63,15.2,0,728.0,618.0,841.6,110.0,13.7,31.7,0.0,1017.4
2025-07-12 11:00:00+00:00,23.3,59,14.9,0,818.0,705.0,863.1,113.0,12.2,28.8,0.0,1016.9
2025-07-12 12:00:00+00:00,26.2,48,14.3,0,859.0,749.0,867.5,110.0,7.6,21.6,0.0,1016.0
2025-07-12 13:00:00+00:00,27.8,44,14.4,0,854.0,749.0,860.1,105.0,8.3,23.0,0.0,1015.4
2025-07-12 14:00:00+00:00,29.0,40,14.1,32,737.0,529.0,630.7,208.0,11.5,31.3,0.0,1014.6
2025-07-12 15:00:00+00:00,27.3,49,15.7,0,706.0,615.0,799.6,91.0,19.4,44.6,0.0,1014.4
2025-07-12 16:00:00+00:00,25.6,55,15.9,0,577.0,493.0,739.4,84.0,20.5,45.7,0.0,1014.4
2025-07-12 17:00:00+00:00,24.5,56,15.2,0,423.0,350.0,649.7,73.0,17.3,39.2,0.0,1014.6
2025-07-12 18:00:00+00:00,23.2,59,14.7,2,260.0,200.0,508.1,60.0,13.7,31.7,0.0,1014.6
2025-07-12 19:00:00+00:00,22.0,63,14.6,0,104.0,64.0,265.2,40.0,11.9,27.4,0.0,1014.9
2025-07-12 20:00:00+00:00,20.9,67,14.6,0,0.0,0.0,0.0,0.0,7.2,16.9,0.0,1015.1
2025-07-12 21:00:00+00:00,20.6,71,15.1,0,0.0,0.0,0.0,0.0,2.9,8.3,0.0,1014.8
2025-07-12 22:00:00+00:00,20.8,66,14.2,2,0.0,0.0,0.0,0.0,5.0,11.9,0.0,1014.8
2025-07-12 23:00:00+00:00,21.6,50,10.7,0,0.0,0.0,0.0,0.0,9.4,21.6,0.0,1014.5
2025-07-13 00:00:00+00:00,20.0,55,10.7,0,0.0,0.0,0.0,0.0,8.3,19.4,0.0,1014.5
2025-07-13 01:00:00+00:00,19.7,51,9.3,0,0.0,0.0,0.0,0.0,10.4,24.8,0.0,1014.1
2025-07-13 02:00:00+00:00,18.8,58,10.4,0,0.0,0.0,0.0,0.0,11.2,24.8,0.0,1013.6
2025-07-13 03:00:00+00:00,18.3,71,13.0,0,0.0,0.0,0.0,0.0,9.4,22.7,0.0,1013.5
2025-07-13 04:00:00+00:00,17.4,78,13.5,0,0.0,0.0,0.0,0.0,6.8,17.3,0.0,1013.6
2025-07-13 05:00:00+00:00,17.1,82,14.0,11,30.0,10.0,148.4,20.0,10.8,24.8,0.0,1013.9
2025-07-13 06:00:00+00:00,17.7,77,13.6,8,149.0,89.0,486.3,60.0,6.8,16.2,0.0,1013.8
2025-07-13 07:00:00+00:00,18.2,75,13.7,16,300.0,212.0,632.5,88.0,6.5,15.8,0.0,1013.7
2025-07-13 08:00:00+00:00,19.8,63,12.6,73,355.0,144.0,297.4,211.0,7.2,18.4,0.0,1013.6
2025-07-13 09:00:00+00:00,22.5,51,11.9,5,605.0,495.0,798.7,110.0,9.4,23.4,0.0,1013.1
2025-07-13 10:00:00+00:00,23.7,45,11.0,16,717.0,581.0,792.9,136.0,6.5,22.3,0.0,1012.9
2025-07-13 11:00:00+00:00,24.4,46,12.0,3,814.0,698.0,856.0,116.0,9.7,25.9,0.0,1012.4
2025-07-13 12:00:00+00:00,25.1,43,11.7,0,863.0,753.0,873.5,110.0,12.6,31.7,0.0,1012.3
2025-07-13 13:00:00+00:00,26.0,38,10.6,0,860.0,754.0,867.0,106.0,12.2,31.3,0.0,1011.6
2025-07-13 14:00:00+00:00,26.4,38,11.0,0,809.0,709.0,846.6,100.0,13.3,33.5,0.0,1010.9
2025-07-13 15:00:00+00:00,26.7,31,8.2,0,721.0,628.0,817.8,93.0,14.8,34.6,0.0,1010.8
2025-07-13 16:00:00+00:00,26.4,32,8.4,0,591.0,508.0,763.3,83.0,15.5,35.3,0.0,1010.4
2025-07-13 17:00:00+00:00,25.9,32,7.9,3,433.0,360.0,669.9,73.0,14.8,33.1,0.0,1010.0
2025-07-13 18:00:00+00:00,26.0,28,6.1,100,149.0,63.0,160.7,86.0,13.0,29.5,0.0,1010.1
2025-07-13 19:00:00+00:00,23.9,37,8.4,100,37.0,0.0,0.0,37.0,13.0,29.2,0.0,1010.5
2025-07-13 20:00:00+00:00,22.0,48,10.5,53,0.0,0.0,0.0,0.0,11.2,25.6,0.0,1011.1
2025-07-13 21:00:00+00:00,20.6,58,12.0,81,0.0,0.0,0.0,0.0,6.1,14.0,0.0,1010.5
2025-07-13 22:00:00+00:00,20.2,62,12.7,87,0.0,0.0,0.0,0.0,8.3,18.4,0.0,1011.1
2025-07-13 23:00:00+00:00,19.8,65,13.1,92,0.0,0.0,0.0,0.0,6.1,14.0,0.0,1010.9
2025-07-14 00:00:00+00:00,19.3,74,14.5,69,0.0,0.0,0.0,0.0,5.0,12.6,0.0,1010.9
2025-07-14 01:00:00+00:00,19.4,76,15.0,88,0.0,0.0,0.0,0.0,7.9,17.6,0.0,1010.5
2025-07-14 02:00:00+00:00,18.7,80,15.2,84,0.0,0.0,0.0,0.0,6.1,14.8,0.0,1010.5
2025-07-14 03:00:00+00:00,18.0,86,15.6,94,0.0,0.0,0.0,0.0,9.4,22.3,0.0,1011.5
2025-07-14 04:00:00+00:00,18.1,88,16.1,55,0.0,0.0,0.0,0.0,8.3,19.4,0.0,1011.9
2025-07-14 05:00:00+00:00,18.5,86,16.1,87,18.0,0.0,0.0,18.0,9.7,22.0,0.0,1012.3
2025-07-14 06:00:00+00:00,18.7,83,15.7,89,50.0,4.0,22.1,46.0,11.2,25.2,0.0,1012.5
2025-07-14 07:00:00+00:00,19.6,78,15.6,100,52.0,0.0,0.0,52.0,12.6,28.8,0.0,1012.8
2025-07-14 08:00:00+00:00,21.0,54,11.4,12,458.0,338.0,701.0,120.0,17.6,41.4,0.0,1013.3
2025-07-14 09:00:00+00:00,22.1,48,10.6,26,590.0,465.0,752.5,125.0,16.9,41.0,0.0,1013.9
2025-07-14 10:00:00+00:00,22.4,53,12.3,72,641.0,370.0,506.1,271.0,22.0,50.8,0.0,1014.3
2025-07-14 11:00:00+00:00,21.3,62,13.7,100,282.0,24.0,29.5,258.0,24.8,57.6,0.0,1014.9
2025-07-14 12:00:00+00:00,20.1,70,14.5,100,216.0,1.0,1.2,215.0,22.7,51.8,0.0,1015.0
2025-07-14 13:00:00+00:00,22.2,55,12.7,59,712.0,442.0,509.0,270.0,22.0,50.8,0.0,1014.7
2025-07-14 14:00:00+00:00,21.9,43,8.7,66,634.0,326.0,389.8,308.0,24.8,56.9,0.0,1014.9
2025-07-14 15:00:00+00:00,22.9,35,6.7,0,729.0,638.0,832.2,91.0,26.6,62.3,0.0,1014.4
2025-07-14 16:00:00+00:00,22.1,38,7.1,0,594.0,510.0,767.8,84.0,28.4,65.2,0.0,1014.6
2025-07-14 17:00:00+00:00,21.8,40,7.6,5,429.0,359.0,669.8,70.0,26.3,60.5,0.0,1014.8
2025-07-14 18:00:00+00:00,20.8,40,6.7,0,267.0,206.0,527.4,61.0,23.4,54.4,0.0,1015.2
2025-07-14 19:00:00+00:00,19.6,48,8.3,0,105.0,71.0,298.3,34.0,21.2,49.0,0.0,1015.7
2025-07-14 20:00:00+00:00,18.3,51,8.0,0,0.0,0.0,0.0,0.0,18.7,43.2,0.0,1016.1
2025-07-14 21:00:00+00:00,17.4,58,9.1,2,0.0,0.0,0.0,0.0,15.5,36.0,0.0,1016.8
2025-07-14 22:00:00+00:00,16.8,64,9.9,0,0.0,0.0,0.0,0.0,14.8,34.2,0.0,1017.2
2025-07-14 23:00:00+00:00,16.2,66,9.8,0,0.0,0.0,0.0,0.0,13.0,30.2,0.0,1017.5
2025-07-15 00:00:00+00:00,15.6,67,9.5,0,0.0,0.0,0.0,0.0,11.2,26.3,0.0,1017.6
2025-07-15 01:00:00+00:00,15.1,68,9.2,0,0.0,0.0,0.0,0.0,9.4,21.2,0.0,1017.5
2025-07-15 02:00:00+00:00,14.8,70,9.4,59,0.0,0.0,0.0,0.0,8.6,20.5,0.0,1017.2
2025-07-15 03:00:00+00:00,15.0,73,10.2,20,0.0,0.0,0.0,0.0,10.1,23.0,0.0,1016.8
2025-07-15 04:00:00+00:00,14.8,69,9.2,0,0.0,0.0,0.0,0.0,10.1,22.7,0.0,1016.7
2025-07-15 05:00:00+00:00,14.9,72,9.9,100,6.0,0.0,0.0,6.0,9.4,20.9,0.1,1016.6
2025-07-15 06:00:00+00:00,15.6,78,11.8,0,146.0,91.0,510.4,55.0,12.6,28.1,0.2,1016.6
2025-07-15 07:00:00+00:00,16.9,63,9.8,0,300.0,216.0,653.0,84.0,14.4,32.8,0.0,1016.5
2025-07-15 08:00:00+00:00,18.6,50,8.0,22,439.0,311.0,647.8,128.0,22.0,50.8,0.0,1016.4
2025-07-15 09:00:00+00:00,19.1,50,8.5,63,460.0,328.0,532.4,132.0,25.2,57.2,0.0,1016.3
2025-07-15 10:00:00+00:00,19.7,50,9.0,58,573.0,272.0,372.9,301.0,23.4,54.4,0.0,1016.2
2025-07-15 11:00:00+00:00,19.9,50,9.1,78,516.0,33.0,40.6,483.0,29.9,68.0,0.0,1016.0
2025-07-15 12:00:00+00:00,19.7,53,9.8,88,481.0,0.0,0.0,481.0,25.6,57.6,0.0,1016.3
2025-07-15 13:00:00+00:00,19.5,54,9.9,91,453.0,78.0,90.0,375.0,22.7,52.2,0.0,1015.9
2025-07-15 14:00:00+00:00,20.9,46,8.8,63,608.0,239.0,286.3,369.0,29.9,68.0,0.0,1015.3
2025-07-15 15:00:00+00:00,20.5,49,9.4,96,312.0,34.0,44.4,278.0,28.1,64.4,0.0,1015.1
2025-07-15 16:00:00+00:00,20.2,52,10.1,99,191.0,54.0,81.5,137.0,28.4,64.8,0.0,1015.1
2025-07-15 17:00:00+00:00,19.8,53,10.0,100,94.0,0.0,0.0,94.0,23.8,55.1,0.0,1014.8
2025-07-15 18:00:00+00:00,19.1,58,10.7,100,73.0,0.0,0.0,73.0,18.4,42.5,0.0,1015.5
2025-07-15 19:00:00+00:00,19.1,59,10.9,87,53.0,13.0,55.0,40.0,14.8,34.6,0.0,1015.5
2025-07-15 20:00:00+00:00,18.8,58,10.4,98,0.0,0.0,0.0,0.0,13.7,31.7,0.0,1015.9
2025-07-15 21:00:00+00:00,18.0,62,10.6,88,0.0,0.0,0.0,0.0,20.2,47.5,0.0,1015.9
2025-07-15 22:00:00+00:00,17.2,66,10.8,78,0.0,0.0,0.0,0.0,19.8,45.7,0.0,1016.0
2025-07-15 23:00:00+00:00,16.9,68,11.0,70,0.0,0.0,0.0,0.0,18.4,42.8,0.0,1016.1
2025-07-16 00:00:00+00:00,16.5,72,11.4,73,0.0,0.0,0.0,0.0,18.0,41.8,0.0,1016.3
2025-07-16 01:00:00+00:00,15.9,74,11.3,46,0.0,0.0,0.0,0.0,16.6,38.9,0.0,1016.3
2025-07-16 02:00:00+00:00,15.6,77,11.6,16,0.0,0.0,0.0,0.0,14.4,33.8,0.0,1016.1
2025-07-16 03:00:00+00:00,15.2,79,11.6,55,0.0,0.0,0.0,0.0,13.0,30.6,0.0,1016.2
2025-07-16 04:00:00+00:00,15.2,81,11.9,82,0.0,0.0,0.0,0.0,12.2,28.4,0.0,1016.4
2025-07-16 05:00:00+00:00,15.3,80,11.9,79,15.0,1.0,15.6,14.0,12.6,28.8,0.0,1016.7
2025-07-16 06:00:00+00:00,16.1,76,11.9,58,99.0,53.0,301.4,46.0,12.2,28.1,0.0,1017.1
2025-07-16 07:00:00+00:00,17.1,73,12.2,88,175.0,31.0,94.4,144.0,11.5,27.0,0.0,1017.3
2025-07-16 08:00:00+00:00,17.4,71,12.1,100,109.0,0.0,0.0,109.0,11.9,27.7,0.0,1017.3
2025-07-16 09:00:00+00:00,19.2,63,12.0,90,351.0,107.0,174.2,244.0,14.0,33.5,0.0,1017.3
2025-07-16 10:00:00+00:00,19.7,61,12.0,98,321.0,28.0,38.5,293.0,11.5,28.1,0.0,1017.2
2025-07-16 11:00:00+00:00,20.5,60,12.4,95,414.0,70.0,86.3,344.0,10.1,25.9,0.0,1017.1
2025-07-16 12:00:00+00:00,21.8,57,12.9,74,590.0,267.0,311.3,323.0,10.4,28.1,0.0,1016.7
2025-07-16 13:00:00+00:00,22.9,55,13.4,79,591.0,230.0,265.7,361.0,13.0,33.5,0.0,1016.3
2025-07-16 14:00:00+00:00,23.6,54,13.7,57,626.0,385.0,461.9,241.0,14.0,35.6,0.0,1016.3
2025-07-16 15:00:00+00:00,24.6,51,13.8,63,504.0,287.0,375.7,217.0,14.0,35.6,0.0,1016.0
2025-07-16 16:00:00+00:00,24.0,56,14.7,98,213.0,2.0,3.0,211.0,13.7,34.2,0.0,1016.0
2025-07-16 17:00:00+00:00,22.5,65,15.6,99,108.0,6.0,11.3,102.0,13.3,31.0,0.0,1016.0
2025-07-16 18:00:00+00:00,22.9,63,15.5,87,138.0,44.0,113.6,94.0,13.0,32.0,0.0,1016.3
2025-07-16 19:00:00+00:00,22.5,64,15.3,94,42.0,3.0,12.8,39.0,12.2,28.4,0.0,1016.8
2025-07-16 20:00:00+00:00,21.5,71,16.0,88,0.0,0.0,0.0,0.0,11.9,27.4,0.0,1017.4
2025-07-16 21:00:00+00:00,20.9,75,16.3,88,0.0,0.0,0.0,0.0,10.1,24.1,0.0,1017.8
2025-07-16 22:00:00+00:00,20.5,79,16.8,98,0.0,0.0,0.0,0.0,8.3,19.4,0.0,1017.9
2025-07-16 23:00:00+00:00,20.3,83,17.3,99,0.0,0.0,0.0,0.0,8.3,19.1,0.0,1017.8
2025-07-17 00:00:00+00:00,20.1,82,16.9,98,0.0,0.0,0.0,0.0,9.4,22.0,0.0,1018.0
2025-07-17 01:00:00+00:00,19.9,82,16.8,98,0.0,0.0,0.0,0.0,6.5,15.5,0.0,1018.0
2025-07-17 02:00:00+00:00,19.6,85,17.0,98,0.0,0.0,0.0,0.0,8.3,19.4,0.0,1017.6
2025-07-17 03:00:00+00:00,19.4,86,17.0,98,0.0,0.0,0.0,0.0,9.4,21.6,0.0,1017.6
2025-07-17 04:00:00+00:00,19.2,88,17.2,97,0.0,0.0,0.0,0.0,7.2,16.9,0.0,1017.7
2025-07-17 05:00:00+00:00,19.2,88,17.1,99,5.0,0.0,0.0,5.0,5.8,13.7,0.0,1018.1
2025-07-17 06:00:00+00:00,19.3,87,17.1,99,36.0,1.0,5.8,35.0,7.2,17.3,0.0,1018.3
2025-07-17 07:00:00+00:00,20.0,83,17.0,97,140.0,13.0,39.9,127.0,8.6,20.5,0.0,1018.3
2025-07-17 08:00:00+00:00,20.6,79,16.9,98,214.0,14.0,29.4,200.0,6.5,16.6,0.0,1018.4
2025-07-17 09:00:00+00:00,22.9,65,16.0,98,273.0,36.0,58.8,237.0,9.0,23.4,0.0,1017.9
2025-07-17 10:00:00+00:00,23.7,58,14.9,99,251.0,25.0,34.4,226.0,5.8,17.6,0.0,1017.8
2025-07-17 11:00:00+00:00,24.7,53,14.5,92,437.0,69.0,85.3,368.0,8.6,24.8,0.0,1017.6
2025-07-17 12:00:00+00:00,24.9,54,15.0,97,462.0,88.0,102.8,374.0,10.4,28.4,0.0,1017.2
2025-07-17 13:00:00+00:00,25.1,53,14.9,84,510.0,124.0,143.5,386.0,16.6,38.9,0.0,1017.2
2025-07-17 14:00:00+00:00,25.7,50,14.5,21,752.0,589.0,707.9,163.0,18.0,42.1,0.0,1017.0
2025-07-17 15:00:00+00:00,25.3,51,14.5,0,701.0,608.0,797.5,93.0,18.4,42.5,0.0,1016.5
2025-07-17 16:00:00+00:00,24.7,54,14.8,3,569.0,479.0,726.0,90.0,17.6,40.3,0.0,1016.4
2025-07-17 17:00:00+00:00,24.1,55,14.5,11,417.0,341.0,642.0,76.0,16.6,37.8,0.0,1016.2
2025-07-17 18:00:00+00:00,23.4,56,14.1,13,251.0,192.0,498.3,59.0,13.3,30.2,0.0,1015.8
2025-07-17 19:00:00+00:00,22.5,59,14.1,0,96.0,57.0,245.4,39.0,11.9,27.7,0.0,1015.4
2025-07-17 20:00:00+00:00,21.2,66,14.6,6,0.0,0.0,0.0,0.0,10.4,24.1,0.0,1015.8
2025-07-17 21:00:00+00:00,20.1,72,14.9,55,0.0,0.0,0.0,0.0,10.4,23.0,0.0,1016.0
2025-07-17 22:00:00+00:00,19.1,74,14.4,74,0.0,0.0,0.0,0.0,7.6,17.6,0.0,1015.8
2025-07-17 23:00:00+00:00,17.8,90,16.2,45,0.0,0.0,0.0,0.0,12.2,27.0,0.0,1015.8
2025-07-18 00:00:00+00:00,17.0,91,15.5,100,0.0,0.0,0.0,0.0,8.3,18.4,0.0,1015.5
2025-07-18 01:00:00+00:00,17.0,91,15.5,100,0.0,0.0,0.0,0.0,8.3,18.4,0.0,1015.0
2025-07-18 02:00:00+00:00,17.2,91,15.7,100,0.0,0.0,0.0,0.0,9.4,20.9,0.0,1014.8
2025-07-18 03:00:00+00:00,17.3,92,16.0,100,0.0,0.0,0.0,0.0,7.6,16.9,0.0,1014.5
2025-07-18 04:00:00+00:00,17.3,92,16.0,98,0.0,0.0,0.0,0.0,6.5,14.4,0.0,1014.6
2025-07-18 05:00:00+00:00,17.5,92,16.2,100,13.0,0.0,0.0,13.0,7.6,17.3,0.0,1014.7
2025-07-18 06:00:00+00:00,17.9,85,15.3,95,90.0,14.0,82.0,76.0,5.0,12.2,0.0,1014.3
2025-07-18 07:00:00+00:00,18.7,75,14.2,73,174.0,62.0,191.5,112.0,2.2,7.9,0.0,1014.2
2025-07-18 08:00:00+00:00,19.6,66,13.1,57,327.0,158.0,333.6,169.0,1.4,9.7,0.0,1014.0
2025-07-18 09:00:00+00:00,20.9,61,13.1,82,338.0,128.0,209.8,210.0,3.2,13.3,0.0,1013.9
2025-07-18 10:00:00+00:00,21.8,61,14.0,57,540.0,312.0,431.0,228.0,10.8,25.9,0.0,1013.7
2025-07-18 11:00:00+00:00,23.1,55,13.6,23,780.0,598.0,740.7,182.0,11.9,29.2,0.0,1013.2
2025-07-18 12:00:00+00:00,26.3,28,6.3,0,866.0,757.0,885.7,109.0,14.8,38.2,0.0,1012.6
2025-07-18 13:00:00+00:00,26.6,30,7.6,5,860.0,754.0,874.1,106.0,14.0,36.0,0.0,1011.9
2025-07-18 14:00:00+00:00,26.9,32,8.8,30,802.0,691.0,832.0,111.0,13.0,34.2,0.0,1011.4
2025-07-18 15:00:00+00:00,26.9,44,13.6,19,694.0,593.0,779.4,101.0,14.4,36.0,0.0,1011.2
2025-07-18 16:00:00+00:00,25.8,49,14.3,57,537.0,365.0,554.6,172.0,15.5,36.7,0.0,1011.0
2025-07-18 17:00:00+00:00,25.1,51,14.2,94,239.0,5.0,9.4,234.0,13.7,31.0,0.0,1010.5
2025-07-18 18:00:00+00:00,23.6,58,14.9,98,154.0,19.0,49.6,135.0,10.8,24.8,0.0,1010.2
2025-07-18 19:00:00+00:00,22.6,66,15.9,100,41.0,0.0,0.0,41.0,11.9,26.3,0.0,1010.2
2025-07-18 20:00:00+00:00,21.6,71,16.1,100,0.0,0.0,0.0,0.0,8.6,19.1,0.0,1010.5
2025-07-18 21:00:00+00:00,20.9,75,16.3,98,0.0,0.0,0.0,0.0,6.5,14.8,0.0,1010.3
2025-07-18 22:00:00+00:00,20.1,82,17.0,93,0.0,0.0,0.0,0.0,0.4,3.6,0.0,1009.9
2025-07-18 23:00:00+00:00,20.3,79,16.6,93,0.0,0.0,0.0,0.0,1.1,5.0,0.0,1009.7
2025-07-19 00:00:00+00:00,20.6,78,16.7,100,0.0,0.0,0.0,0.0,5.4,13.0,0.0,1009.2
2025-07-19 01:00:00+00:00,20.3,81,16.9,100,0.0,0.0,0.0,0.0,6.8,16.2,0.0,1008.4
2025-07-19 02:00:00+00:00,19.6,83,16.7,100,0.0,0.0,0.0,0.0,4.7,11.2,0.1,1007.5
2025-07-19 03:00:00+00:00,19.1,86,16.7,100,0.0,0.0,0.0,0.0,7.6,17.6,0.0,1006.7
2025-07-19 04:00:00+00:00,18.9,91,17.4,100,0.0,0.0,0.0,0.0,10.1,22.0,0.4,1007.0
2025-07-19 05:00:00+00:00,18.3,95,17.5,100,4.0,0.0,0.0,4.0,4.0,10.1,1.3,1006.5
2025-07-19 06:00:00+00:00,18.8,76,14.5,100,16.0,0.0,0.0,16.0,1.4,5.0,0.0,1006.4
2025-07-19 07:00:00+00:00,18.8,76,14.5,100,42.0,0.0,0.0,42.0,3.2,7.6,0.0,1006.2
2025-07-19 08:00:00+00:00,19.2,77,15.0,100,117.0,0.0,0.0,117.0,4.7,10.8,0.0,1005.7
2025-07-19 09:00:00+00:00,19.1,81,15.8,100,140.0,1.0,1.6,139.0,9.7,22.7,0.0,1005.6
2025-07-19 10:00:00+00:00,20.0,75,15.5,100,231.0,1.0,1.4,230.0,9.4,21.6,0.0,1005.5
2025-07-19 11:00:00+00:00,21.0,68,14.8,98,236.0,23.0,28.5,213.0,6.8,19.1,0.0,1005.5
2025-07-19 12:00:00+00:00,21.2,70,15.5,93,351.0,52.0,61.0,299.0,6.5,17.6,0.0,1005.7
2025-07-19 13:00:00+00:00,22.5,57,13.5,93,330.0,61.0,70.9,269.0,8.6,23.0,0.0,1005.4
2025-07-19 14:00:00+00:00,23.1,56,13.9,94,297.0,82.0,98.9,215.0,12.2,32.0,0.0,1004.9
2025-07-19 15:00:00+00:00,23.3,45,10.7,45,628.0,456.0,600.6,172.0,21.6,49.0,0.0,1004.8
2025-07-19 16:00:00+00:00,22.5,50,11.6,78,441.0,212.0,323.0,229.0,19.4,44.6,0.0,1004.7
2025-07-19 17:00:00+00:00,21.8,52,11.5,94,234.0,41.0,77.7,193.0,17.3,39.2,0.0,1004.6
2025-07-19 18:00:00+00:00,20.4,61,12.6,97,156.0,21.0,55.1,135.0,16.6,37.4,0.0,1004.6
2025-07-19 19:00:00+00:00,19.6,64,12.6,80,73.0,13.0,57.0,60.0,11.9,26.6,0.0,1004.6
2025-07-19 20:00:00+00:00,19.0,68,13.0,98,0.0,0.0,0.0,0.0,10.4,23.0,0.0,1004.7
2025-07-19 21:00:00+00:00,18.4,76,14.1,88,0.0,0.0,0.0,0.0,8.6,19.1,0.0,1003.9
2025-07-19 22:00:00+00:00,18.6,75,14.1,100,0.0,0.0,0.0,0.0,7.2,16.6,0.0,1003.3
2025-07-19 23:00:00+00:00,19.0,73,14.1,97,0.0,0.0,0.0,0.0,13.7,31.0,0.0,1002.9
2025-07-20 00:00:00+00:00,18.6,80,15.1,100,0.0,0.0,0.0,0.0,15.5,33.8,0.0,1002.2
2025-07-20 01:00:00+00:00,18.6,79,14.9,100,0.0,0.0,0.0,0.0,19.1,41.8,0.0,1001.4
2025-07-20 02:00:00+00:00,17.2,92,15.9,100,0.0,0.0,0.0,0.0,16.6,36.4,1.4,1000.9
2025-07-20 03:00:00+00:00,17.4,91,15.9,100,0.0,0.0,0.0,0.0,17.6,40.0,0.3,1000.0
2025-07-20 04:00:00+00:00,17.3,92,16.0,100,0.0,0.0,0.0,0.0,19.8,44.3,0.5,999.7
2025-07-20 05:00:00+00:00,17.5,91,16.0,100,4.0,0.0,0.0,4.0,22.0,49.0,0.1,999.0
2025-07-20 06:00:00+00:00,17.4,92,16.1,100,21.0,0.0,0.0,21.0,22.7,49.7,0.3,999.0
2025-07-20 07:00:00+00:00,18.0,89,16.2,100,60.0,0.0,0.0,60.0,20.2,44.3,0.0,999.0
2025-07-20 08:00:00+00:00,18.6,83,15.7,100,239.0,28.0,59.7,211.0,20.2,41.8,0.0,998.9
2025-07-20 09:00:00+00:00,18.8,83,15.8,90,278.0,137.0,226.1,141.0,21.6,44.6,0.2,998.7
2025-07-20 10:00:00+00:00,20.1,72,14.9,87,439.0,51.0,70.8,388.0,20.5,43.2,0.0,998.4
2025-07-20 11:00:00+00:00,18.5,75,14.0,93,519.0,4.0,5.0,515.0,15.8,33.8,0.0,999.0
2025-07-20 12:00:00+00:00,21.6,60,13.5,2,852.0,742.0,871.6,110.0,24.8,55.8,0.0,998.9
2025-07-20 13:00:00+00:00,21.8,52,11.5,59,816.0,720.0,837.9,96.0,24.5,55.1,0.0,999.2
2025-07-20 14:00:00+00:00,22.5,53,12.5,18,775.0,702.0,848.5,73.0,23.0,51.5,0.0,999.1
2025-07-20 15:00:00+00:00,20.7,49,9.6,11,697.0,639.0,843.5,58.0,20.5,49.7,0.0,1000.2
2025-07-20 16:00:00+00:00,20.9,47,9.1,61,478.0,361.0,551.5,117.0,18.7,44.6,0.0,999.9
2025-07-20 17:00:00+00:00,19.7,54,10.1,69,285.0,16.0,30.4,269.0,18.7,42.5,0.0,999.8
2025-07-20 18:00:00+00:00,19.6,51,9.2,2,251.0,194.0,511.5,57.0,17.6,39.2,0.0,999.8
2025-07-20 19:00:00+00:00,18.8,56,9.9,75,79.0,11.0,48.8,68.0,13.3,29.9,0.0,1000.2
2025-07-20 20:00:00+00:00,18.7,66,12.2,89,0.0,0.0,0.0,0.0,11.5,24.8,0.0,1000.0
2025-07-20 21:00:00+00:00,18.4,64,11.5,90,0.0,0.0,0.0,0.0,18.4,40.7,0.0,999.6
2025-07-20 22:00:00+00:00,18.2,70,12.6,27,0.0,0.0,0.0,0.0,19.4,41.8,0.0,999.0
2025-07-20 23:00:00+00:00,17.0,85,14.4,52,0.0,0.0,0.0,0.0,10.4,23.4,1.5,998.7
2025-07-21 00:00:00+00:00,17.3,77,13.2,100,0.0,0.0,0.0,0.0,10.1,22.3,0.0,998.0
2025-07-21 01:00:00+00:00,17.2,83,14.3,93,0.0,0.0,0.0,0.0,10.8,23.4,0.0,997.7
2025-07-21 02:00:00+00:00,17.3,83,14.4,98,0.0,0.0,0.0,0.0,10.4,22.7,0.0,997.2
2025-07-21 03:00:00+00:00,17.1,85,14.6,86,0.0,0.0,0.0,0.0,5.8,12.6,0.0,997.8
2025-07-21 04:00:00+00:00,16.9,90,15.2,100,0.0,0.0,0.0,0.0,5.0,11.9,2.2,997.8
2025-07-21 05:00:00+00:00,16.8,90,15.1,86,14.0,2.0,34.7,12.0,2.2,5.4,7.1,997.8
2025-07-21 06:00:00+00:00,16.1,94,15.2,84,73.0,10.0,61.4,63.0,6.5,13.7,0.0,997.2
2025-07-21 07:00:00+00:00,16.7,89,14.9,58,218.0,79.0,249.7,139.0,7.2,15.8,0.0,997.6
2025-07-21 08:00:00+00:00,17.8,84,15.1,88,232.0,58.0,124.3,174.0,4.7,12.6,0.0,998.0
2025-07-21 09:00:00+00:00,19.8,55,10.5,48,511.0,295.0,488.5,216.0,9.0,24.8,0.0,999.1
2025-07-21 10:00:00+00:00,21.6,44,8.8,61,589.0,405.0,563.9,184.0,13.7,35.6,0.0,999.2
2025-07-21 11:00:00+00:00,22.7,39,8.1,88,601.0,223.0,278.1,378.0,14.8,38.2,0.0,999.3
2025-07-21 12:00:00+00:00,23.0,40,8.7,93,484.0,53.0,62.4,431.0,14.0,37.1,0.0,1000.7
2025-07-21 13:00:00+00:00,23.5,39,8.7,91,510.0,248.0,289.2,262.0,17.3,43.9,0.0,1001.0
2025-07-21 14:00:00+00:00,21.8,47,10.0,99,277.0,0.0,0.0,277.0,13.0,32.0,0.0,1001.6
2025-07-21 15:00:00+00:00,21.9,53,11.9,99,336.0,36.0,47.6,300.0,19.8,45.7,0.0,1002.2
2025-07-21 16:00:00+00:00,21.4,57,12.6,87,351.0,181.0,277.3,170.0,14.0,33.5,0.0,1002.7
2025-07-21 17:00:00+00:00,20.8,58,12.2,100,119.0,1.0,1.9,118.0,15.1,35.6,0.0,1003.2
2025-07-21 18:00:00+00:00,18.9,65,12.2,80,134.0,24.0,63.6,110.0,13.7,32.0,0.0,1004.3
2025-07-21 19:00:00+00:00,18.7,68,12.7,96,34.0,0.0,0.0,34.0,12.2,29.2,0.0,1004.9
2025-07-21 20:00:00+00:00,18.3,74,13.6,98,0.0,0.0,0.0,0.0,13.0,30.6,0.0,1005.4
2025-07-21 21:00:00+00:00,17.5,78,13.6,51,0.0,0.0,0.0,0.0,13.3,30.6,0.0,1005.5
2025-07-21 22:00:00+00:00,17.3,84,14.5,50,0.0,0.0,0.0,0.0,11.9,27.4,0.0,1005.8
2025-07-21 23:00:00+00:00,17.4,85,14.9,98,0.0,0.0,0.0,0.0,11.9,26.3,0.0,1006.4
2025-07-22 00:00:00+00:00,17.2,86,14.8,97,0.0,0.0,0.0,0.0,14.0,33.1,0.0,1006.8
2025-07-22 01:00:00+00:00,17.2,84,14.5,98,0.0,0.0,0.0,0.0,14.8,34.2,0.0,1007.0
2025-07-22 02:00:00+00:00,17.2,85,14.6,97,0.0,0.0,0.0,0.0,12.6,29.2,0.0,1007.3
2025-07-22 03:00:00+00:00,16.9,88,14.9,94,0.0,0.0,0.0,0.0,13.0,30.2,0.0,1007.8
2025-07-22 04:00:00+00:00,17.0,86,14.6,80,0.0,0.0,0.0,0.0,12.2,29.2,0.0,1008.4
2025-07-22 05:00:00+00:00,17.0,86,14.6,94,9.0,1.0,17.8,8.0,11.5,26.6,0.0,1009.1
2025-07-22 06:00:00+00:00,17.2,84,14.5,99,38.0,1.0,6.2,37.0,10.4,24.5,0.0,1009.5
2025-07-22 07:00:00+00:00,17.5,81,14.2,100,68.0,1.0,3.2,67.0,11.2,27.0,0.0,1010.1
2025-07-22 08:00:00+00:00,18.0,77,13.9,100,96.0,0.0,0.0,96.0,13.3,31.0,0.0,1010.6
2025-07-22 09:00:00+00:00,19.2,68,13.2,91,280.0,87.0,144.6,193.0,13.7,32.8,0.0,1011.2
2025-07-22 10:00:00+00:00,19.2,71,13.8,93,270.0,38.0,53.1,232.0,15.1,35.6,0.0,1011.6
2025-07-22 11:00:00+00:00,20.3,59,12.0,100,145.0,0.0,0.0,145.0,15.8,37.4,0.0,1011.7
2025-07-22 12:00:00+00:00,22.2,50,11.3,100,145.0,0.0,0.0,145.0,16.6,40.3,0.0,1011.7
2025-07-22 13:00:00+00:00,22.8,45,10.3,92,526.0,88.0,102.8,438.0,14.8,37.1,0.0,1011.8
2025-07-22 14:00:00+00:00,23.3,43,10.0,99,281.0,58.0,70.4,223.0,12.2,32.0,0.0,1011.8
2025-07-22 15:00:00+00:00,22.7,45,10.1,100,190.0,0.0,0.0,190.0,11.2,28.1,0.0,1012.1
2025-07-22 16:00:00+00:00,22.0,49,10.8,100,118.0,0.0,0.0,118.0,15.5,35.3,0.0,1012.2
2025-07-22 17:00:00+00:00,22.2,47,10.3,92,157.0,1.0,1.9,156.0,13.7,32.8,0.0,1012.2
2025-07-22 18:00:00+00:00,21.0,55,11.6,98,59.0,1.0,2.7,58.0,13.7,31.3,0.0,1012.4
2025-07-22 19:00:00+00:00,20.5,55,11.1,99,21.0,0.0,0.0,21.0,11.9,27.7,0.0,1012.5
2025-07-22 20:00:00+00:00,19.8,61,12.1,88,0.0,0.0,0.0,0.0,9.4,22.3,0.0,1013.0
2025-07-22 21:00:00+00:00,19.2,62,11.8,83,0.0,0.0,0.0,0.0,10.4,24.8,0.0,1013.0
2025-07-22 22:00:00+00:00,18.4,65,11.7,87,0.0,0.0,0.0,0.0,8.6,19.8,0.0,1013.1
2025-07-22 23:00:00+00:00,18.0,68,12.0,100,0.0,0.0,0.0,0.0,7.6,18.0,0.0,1013.3
2025-07-23 00:00:00+00:00,17.6,72,12.5,95,0.0,0.0,0.0,0.0,7.6,18.0,0.0,1013.4
2025-07-23 01:00:00+00:00,17.0,75,12.6,49,0.0,0.0,0.0,0.0,6.5,15.8,0.0,1013.2
2025-07-23 02:00:00+00:00,16.8,77,12.7,77,0.0,0.0,0.0,0.0,6.5,15.5,0.0,1012.9
2025-07-23 03:00:00+00:00,16.7,79,13.1,82,0.0,0.0,0.0,0.0,6.5,14.8,0.0,1012.8
2025-07-23 04:00:00+00:00,16.5,82,13.4,88,0.0,0.0,0.0,0.0,4.7,11.9,0.0,1012.9
2025-07-23 05:00:00+00:00,16.4,82,13.3,93,12.0,1.0,18.2,11.0,5.8,13.0,0.0,1013.2
2025-07-23 06:00:00+00:00,16.8,83,13.9,80,70.0,19.0,120.8,51.0,8.3,18.4,0.0,1013.2
2025-07-23 07:00:00+00:00,16.8,85,14.3,100,62.0,1.0,3.2,61.0,5.8,14.0,0.0,1013.6
2025-07-23 08:00:00+00:00,16.7,82,13.6,100,53.0,0.0,0.0,53.0,11.5,24.8,0.1,1014.0
2025-07-23 09:00:00+00:00,19.4,67,13.1,98,236.0,27.0,45.0,209.0,9.0,20.9,0.0,1013.7
2025-07-23 10:00:00+00:00,20.7,60,12.6,70,552.0,338.0,473.3,214.0,10.1,24.1,0.0,1013.7
2025-07-23 11:00:00+00:00,21.4,55,12.0,100,109.0,0.0,0.0,109.0,10.1,24.8,0.0,1013.6
2025-07-23 12:00:00+00:00,23.8,42,10.1,45,748.0,556.0,657.3,192.0,4.3,21.2,0.0,1013.3
2025-07-23 13:00:00+00:00,24.7,39,9.8,89,363.0,91.0,106.6,272.0,18.0,41.4,0.0,1012.8
2025-07-23 14:00:00+00:00,23.5,46,11.2,100,193.0,145.0,176.4,48.0,7.6,27.7,0.0,1013.2
2025-07-23 15:00:00+00:00,23.0,42,9.4,95,391.0,40.0,53.2,351.0,14.8,34.2,0.0,1013.7
2025-07-23 16:00:00+00:00,23.2,41,9.2,98,237.0,37.0,57.0,200.0,16.6,37.4,0.0,1013.7
2025-07-23 17:00:00+00:00,22.7,44,9.8,100,106.0,0.0,0.0,106.0,13.3,30.2,0.0,1013.9
2025-07-23 18:00:00+00:00,21.8,47,10.0,97,73.0,0.0,0.0,73.0,10.8,24.1,0.0,1014.1
2025-07-23 19:00:00+00:00,21.4,50,10.5,88,36.0,1.0,4.6,35.0,9.0,20.2,0.0,1014.4
2025-07-23 20:00:00+00:00,20.9,50,10.1,70,0.0,0.0,0.0,0.0,11.5,25.6,0.0,1014.9
2025-07-23 21:00:00+00:00,19.3,60,11.3,84,0.0,0.0,0.0,0.0,11.2,24.1,0.0,1015.9
2025-07-23 22:00:00+00:00,18.7,62,11.3,53,0.0,0.0,0.0,0.0,9.0,21.2,0.0,1016.1
2025-07-23 23:00:00+00:00,18.3,63,11.2,96,0.0,0.0,0.0,0.0,8.3,19.1,0.0,1016.4
2025-07-24 00:00:00+00:00,18.0,66,11.5,56,0.0,0.0,0.0,0.0,10.4,23.4,0.0,1016.6
2025-07-24 01:00:00+00:00,17.5,70,11.9,54,0.0,0.0,0.0,0.0,11.9,26.3,0.0,1016.6
2025-07-24 02:00:00+00:00,17.1,73,12.2,74,0.0,0.0,0.0,0.0,13.0,28.4,0.0,1016.5
2025-07-24 03:00:00+00:00,16.7,74,12.1,34,0.0,0.0,0.0,0.0,11.5,25.6,0.0,1016.6
2025-07-24 04:00:00+00:00,16.2,77,12.1,56,0.0,0.0,0.0,0.0,11.5,25.6,0.0,1016.9
2025-07-24 05:00:00+00:00,15.8,79,12.1,76,12.0,2.0,37.4,10.0,10.8,23.8,0.0,1017.4
2025-07-24 06:00:00+00:00,17.1,78,13.3,84,55.0,14.0,90.7,41.0,11.9,25.6,0.0,1017.5
2025-07-24 07:00:00+00:00,17.8,75,13.3,63,190.0,75.0,243.1,115.0,12.6,27.7,0.0,1017.8
2025-07-24 08:00:00+00:00,19.4,65,12.6,33,388.0,253.0,550.5,135.0,12.6,29.2,0.0,1018.0
2025-07-24 09:00:00+00:00,21.1,57,12.2,55,449.0,249.0,417.0,200.0,14.4,33.5,0.0,1018.1
2025-07-24 10:00:00+00:00,22.6,49,11.4,44,567.0,363.0,509.8,204.0,13.0,32.4,0.0,1018.1
2025-07-24 11:00:00+00:00,23.6,46,11.3,80,479.0,156.0,195.9,323.0,14.8,36.0,0.0,1018.1
2025-07-24 12:00:00+00:00,24.2,44,11.2,100,334.0,1.0,1.2,333.0,14.8,35.3,0.0,1018.0
2025-07-24 13:00:00+00:00,24.2,44,11.2,100,230.0,5.0,5.9,225.0,16.6,37.8,0.0,1018.1
2025-07-24 14:00:00+00:00,23.8,46,11.5,100,196.0,1.0,1.2,195.0,18.0,40.0,0.0,1018.2
2025-07-24 15:00:00+00:00,21.4,56,12.3,87,285.0,54.0,72.0,231.0,22.0,47.9,0.0,1018.7
2025-07-24 16:00:00+00:00,20.9,60,12.8,81,287.0,64.0,99.0,223.0,20.2,44.3,0.0,1018.7
2025-07-24 17:00:00+00:00,21.3,61,13.5,52,278.0,166.0,321.1,112.0,18.4,40.3,0.0,1018.6
2025-07-24 18:00:00+00:00,20.7,64,13.7,85,97.0,20.0,54.1,77.0,13.7,29.9,0.0,1018.9
2025-07-24 19:00:00+00:00,20.4,68,14.3,77,39.0,12.0,55.7,27.0,10.4,23.8,0.0,1019.1
2025-07-24 20:00:00+00:00,19.9,71,14.5,63,0.0,0.0,0.0,0.0,8.6,19.1,0.0,1019.6
2025-07-24 21:00:00+00:00,19.1,72,13.9,87,0.0,0.0,0.0,0.0,6.5,14.4,0.0,1019.9
2025-07-24 22:00:00+00:00,18.8,75,14.3,71,0.0,0.0,0.0,0.0,4.7,10.4,0.0,1020.2
2025-07-24 23:00:00+00:00,18.5,77,14.4,56,0.0,0.0,0.0,0.0,4.0,10.1,0.0,1020.4
2025-07-25 00:00:00+00:00,18.4,76,14.1,56,0.0,0.0,0.0,0.0,6.5,15.1,0.0,1020.5
2025-07-25 01:00:00+00:00,18.1,77,14.0,52,0.0,0.0,0.0,0.0,6.1,14.0,0.0,1020.2
2025-07-25 02:00:00+00:00,17.8,79,14.1,55,0.0,0.0,0.0,0.0,4.7,10.4,0.0,1020.0
2025-07-25 03:00:00+00:00,18.0,79,14.3,77,0.0,0.0,0.0,0.0,3.6,7.9,0.0,1019.9
2025-07-25 04:00:00+00:00,17.8,80,14.3,74,0.0,0.0,0.0,0.0,3.2,6.8,0.0,1020.0
2025-07-25 05:00:00+00:00,17.6,79,13.9,48,15.0,3.0,57.3,12.0,4.0,8.3,0.0,1020.2
2025-07-25 06:00:00+00:00,18.3,75,13.8,48,86.0,41.0,270.5,45.0,2.9,7.2,0.0,1020.1
2025-07-25 07:00:00+00:00,19.0,73,14.0,84,153.0,33.0,107.9,120.0,2.2,7.2,0.0,1020.2
2025-07-25 08:00:00+00:00,19.7,68,13.6,94,221.0,28.0,61.3,193.0,1.8,8.3,0.0,1020.2
2025-07-25 09:00:00+00:00,20.7,64,13.7,63,427.0,190.0,319.4,237.0,0.0,9.4,0.0,1020.2
2025-07-25 10:00:00+00:00,22.2,58,13.6,59,462.0,257.0,362.0,205.0,4.3,16.6,0.0,1020.0
2025-07-25 11:00:00+00:00,22.5,58,13.8,100,66.0,0.0,0.0,66.0,12.2,28.8,0.0,1019.9
2025-07-25 12:00:00+00:00,22.7,57,13.7,80,369.0,126.0,149.6,243.0,12.2,28.1,0.0,1019.8
2025-07-25 13:00:00+00:00,24.3,49,12.9,67,557.0,368.0,432.8,189.0,13.0,33.1,0.0,1019.4
2025-07-25 14:00:00+00:00,24.1,50,13.0,29,706.0,561.0,685.7,145.0,14.8,36.4,0.0,1019.2
2025-07-25 15:00:00+00:00,24.7,49,13.3,56,477.0,274.0,366.3,203.0,18.4,42.8,0.0,1019.1
2025-07-25 16:00:00+00:00,25.0,45,12.3,42,453.0,245.0,380.2,208.0,18.7,43.2,0.0,1018.7
2025-07-25 17:00:00+00:00,24.6,44,11.5,1,399.0,328.0,637.4,71.0,19.4,44.3,0.0,1018.5
2025-07-25 18:00:00+00:00,24.6,43,11.2,3,231.0,181.0,492.7,50.0,17.6,40.7,0.0,1018.5
2025-07-25 19:00:00+00:00,23.4,47,11.5,15,74.0,32.0,150.4,42.0,14.8,34.6,0.0,1018.7
2025-07-25 20:00:00+00:00,21.7,49,10.5,0,0.0,0.0,0.0,0.0,12.2,29.5,0.0,1019.1
2025-07-25 21:00:00+00:00,20.3,56,11.3,0,0.0,0.0,0.0,0.0,9.4,22.3,0.0,1019.1
2025-07-25 22:00:00+00:00,19.3,55,10.1,2,0.0,0.0,0.0,0.0,9.4,22.0,0.0,1019.4
2025-07-25 23:00:00+00:00,18.3,62,10.9,8,0.0,0.0,0.0,0.0,7.9,18.4,0.0,1019.4
2025-07-26 00:00:00+00:00,17.4,70,11.9,0,0.0,0.0,0.0,0.0,6.5,16.2,0.0,1019.2
2025-07-26 01:00:00+00:00,16.8,79,13.1,0,0.0,0.0,0.0,0.0,6.8,16.2,0.0,1019.0
2025-07-26 02:00:00+00:00,16.2,85,13.7,11,0.0,0.0,0.0,0.0,6.1,14.8,0.0,1018.8
2025-07-26 03:00:00+00:00,16.6,89,14.8,48,0.0,0.0,0.0,0.0,5.8,13.7,0.0,1018.5
2025-07-26 04:00:00+00:00,16.9,89,15.1,98,0.0,0.0,0.0,0.0,4.0,9.4,0.0,1018.4
2025-07-26 05:00:00+00:00,17.1,89,15.3,81,12.0,1.0,19.1,11.0,5.0,11.5,0.0,1018.3
2025-07-26 06:00:00+00:00,17.6,87,15.4,100,41.0,0.0,0.0,41.0,6.5,14.8,0.0,1018.3
2025-07-26 07:00:00+00:00,18.3,80,14.8,66,197.0,59.0,194.6,138.0,5.8,14.4,0.0,1018.4
2025-07-26 08:00:00+00:00,19.4,68,13.3,88,190.0,7.0,15.4,183.0,6.1,16.6,0.0,1018.5
2025-07-26 09:00:00+00:00,21.1,55,11.7,87,354.0,151.0,254.8,203.0,8.6,24.1,0.0,1018.3
2025-07-26 10:00:00+00:00,21.8,53,11.8,99,316.0,36.0,50.9,280.0,9.4,25.6,0.0,1018.1
2025-07-26 11:00:00+00:00,20.8,62,13.2,100,149.0,0.0,0.0,149.0,12.6,31.0,0.0,1018.3
2025-07-26 12:00:00+00:00,21.9,58,13.2,80,568.0,232.0,276.2,336.0,3.6,16.6,0.0,1017.7
2025-07-26 13:00:00+00:00,24.5,42,10.8,63,640.0,464.0,547.0,176.0,13.7,36.4,0.0,1017.2
2025-07-26 14:00:00+00:00,24.6,38,9.4,91,548.0,230.0,281.8,318.0,13.3,34.9,0.0,1017.0
2025-07-26 15:00:00+00:00,25.1,35,8.6,44,636.0,446.0,598.0,190.0,15.8,40.0,0.0,1016.7
2025-07-26 16:00:00+00:00,25.3,33,7.9,63,480.0,281.0,437.6,199.0,17.6,43.2,0.0,1016.5
2025-07-26 17:00:00+00:00,24.8,32,7.0,100,178.0,1.0,2.0,177.0,17.6,42.5,0.0,1016.6
2025-07-26 18:00:00+00:00,23.8,34,7.0,88,175.0,20.0,54.8,155.0,17.6,41.4,0.0,1016.7
2025-07-26 19:00:00+00:00,22.4,46,10.2,2,78.0,47.0,224.0,31.0,17.3,39.2,0.0,1017.3
2025-07-26 20:00:00+00:00,21.1,49,10.0,98,0.0,0.0,0.0,0.0,15.5,35.6,0.0,1017.8
2025-07-26 21:00:00+00:00,19.8,56,10.8,65,0.0,0.0,0.0,0.0,14.0,32.8,0.0,1017.8
2025-07-26 22:00:00+00:00,19.2,56,10.2,27,0.0,0.0,0.0,0.0,14.0,32.0,0.0,1017.9
2025-07-26 23:00:00+00:00,18.4,59,10.2,13,0.0,0.0,0.0,0.0,11.2,25.6,0.0,1017.9
2025-07-27 00:00:00+00:00,18.2,63,11.0,45,0.0,0.0,0.0,0.0,10.1,22.7,0.0,1017.7
2025-07-27 01:00:00+00:00,17.7,64,10.8,88,0.0,0.0,0.0,0.0,11.2,24.5,0.0,1017.7
2025-07-27 02:00:00+00:00,17.1,65,10.5,100,0.0,0.0,0.0,0.0,10.4,23.0,0.0,1017.6
2025-07-27 03:00:00+00:00,17.4,63,10.3,91,0.0,0.0,0.0,0.0,9.0,20.2,0.0,1018.1
2025-07-27 04:00:00+00:00,17.1,63,10.0,89,0.0,0.0,0.0,0.0,10.4,22.7,0.0,1018.2
2025-07-27 05:00:00+00:00,16.6,65,10.0,80,12.0,1.0,19.1,11.0,9.7,21.6,0.0,1018.3
2025-07-27 06:00:00+00:00,16.9,64,10.0,96,56.0,4.0,27.5,52.0,10.1,22.0,0.0,1018.2
2025-07-27 07:00:00+00:00,17.1,63,10.0,100,72.0,0.0,0.0,72.0,10.4,22.7,0.0,1018.3
2025-07-27 08:00:00+00:00,17.5,63,10.4,99,144.0,0.0,0.0,144.0,8.6,18.7,0.0,1018.5
2025-07-27 09:00:00+00:00,17.7,64,10.8,100,115.0,0.0,0.0,115.0,6.8,15.1,0.0,1018.3
2025-07-27 10:00:00+00:00,18.6,59,10.5,89,245.0,66.0,93.5,179.0,9.0,22.0,0.0,1018.5
2025-07-27 11:00:00+00:00,19.2,55,9.9,96,244.0,38.0,48.1,206.0,12.6,29.5,0.0,1018.2
2025-07-27 12:00:00+00:00,20.2,54,10.6,83,461.0,129.0,153.9,332.0,12.2,30.2,0.0,1018.1
2025-07-27 13:00:00+00:00,19.9,59,11.6,82,483.0,182.0,215.1,301.0,7.9,21.6,0.2,1017.9
2025-07-27 14:00:00+00:00,20.6,47,8.9,100,224.0,2.0,2.5,222.0,13.0,31.0,0.0,1017.6
2025-07-27 15:00:00+00:00,21.8,41,7.9,100,160.0,0.0,0.0,160.0,11.9,29.2,0.0,1017.8
2025-07-27 16:00:00+00:00,21.7,43,8.6,97,172.0,22.0,34.4,150.0,12.2,28.8,0.0,1017.7
2025-07-27 17:00:00+00:00,21.2,44,8.4,100,133.0,2.0,3.9,131.0,11.2,25.6,0.0,1017.9
2025-07-27 18:00:00+00:00,20.0,50,9.3,100,29.0,0.0,0.0,29.0,10.4,23.8,0.0,1018.3
2025-07-27 19:00:00+00:00,19.7,53,9.9,77,38.0,1.0,4.8,37.0,11.2,25.6,0.0,1018.6
2025-07-27 20:00:00+00:00,19.3,58,10.8,98,0.0,0.0,0.0,0.0,5.8,14.0,0.0,1018.9
2025-07-27 21:00:00+00:00,18.7,61,11.0,98,0.0,0.0,0.0,0.0,8.3,19.1,0.0,1019.4
2025-07-27 22:00:00+00:00,18.4,65,11.7,85,0.0,0.0,0.0,0.0,9.4,20.9,0.0,1019.8
2025-07-27 23:00:00+00:00,17.7,67,11.5,41,0.0,0.0,0.0,0.0,8.6,19.8,0.0,1020.0
2025-07-28 00:00:00+00:00,16.7,71,11.4,23,0.0,0.0,0.0,0.0,8.3,19.1,0.0,1020.1
2025-07-28 01:00:00+00:00,16.0,75,11.5,7,0.0,0.0,0.0,0.0,7.9,18.0,0.0,1020.1
2025-07-28 02:00:00+00:00,15.4,78,11.6,2,0.0,0.0,0.0,0.0,8.6,20.5,0.0,1019.8
2025-07-28 03:00:00+00:00,15.2,77,11.2,1,0.0,0.0,0.0,0.0,6.5,15.8,0.0,1019.9
2025-07-28 04:00:00+00:00,14.6,79,11.0,9,0.0,0.0,0.0,0.0,6.8,16.6,0.0,1020.5
2025-07-28 05:00:00+00:00,14.3,80,10.9,35,15.0,3.0,57.3,12.0,6.1,14.4,0.0,1021.1
2025-07-28 06:00:00+00:00,15.0,78,11.2,16,105.0,54.0,378.4,51.0,6.5,14.8,0.0,1021.1
2025-07-28 07:00:00+00:00,15.9,74,11.3,41,220.0,122.0,409.9,98.0,3.2,9.7,0.0,1021.4
2025-07-28 08:00:00+00:00,17.2,68,11.2,50,345.0,198.0,440.5,147.0,2.9,10.8,0.0,1021.6
2025-07-28 09:00:00+00:00,18.8,59,10.6,59,467.0,243.0,413.4,224.0,2.9,14.8,0.0,1021.6
2025-07-28 10:00:00+00:00,20.5,52,10.3,49,586.0,371.0,527.5,215.0,6.1,21.2,0.0,1021.5
2025-07-28 11:00:00+00:00,22.1,47,10.3,93,390.0,243.0,308.4,147.0,6.8,24.5,0.0,1020.8
2025-07-28 12:00:00+00:00,22.4,44,9.5,16,818.0,715.0,855.4,103.0,1.8,19.1,0.0,1020.6
2025-07-28 13:00:00+00:00,22.5,54,12.7,87,638.0,312.0,369.6,326.0,16.9,40.3,0.0,1020.5
2025-07-28 14:00:00+00:00,22.0,54,12.3,98,273.0,19.0,23.4,254.0,12.2,28.4,0.0,1020.3
2025-07-28 15:00:00+00:00,22.4,52,12.0,88,328.0,122.0,164.6,206.0,11.5,28.1,0.0,1020.3
2025-07-28 16:00:00+00:00,21.9,60,13.8,100,80.0,0.0,0.0,80.0,14.8,33.5,0.1,1020.3
2025-07-28 17:00:00+00:00,22.5,50,11.5,80,203.0,57.0,112.4,146.0,13.3,30.2,0.1,1020.0
2025-07-28 18:00:00+00:00,22.8,47,10.9,94,79.0,10.0,27.9,69.0,19.4,43.6,0.0,1019.7
2025-07-28 19:00:00+00:00,21.8,53,11.8,98,23.0,1.0,4.9,22.0,15.5,35.3,0.0,1019.9
2025-07-28 20:00:00+00:00,20.6,62,13.1,36,0.0,0.0,0.0,0.0,15.8,36.4,0.0,1020.3
2025-07-28 21:00:00+00:00,19.3,66,12.8,17,0.0,0.0,0.0,0.0,9.4,22.3,0.0,1020.6
2025-07-28 22:00:00+00:00,18.4,72,13.2,30,0.0,0.0,0.0,0.0,8.3,20.2,0.0,1020.8
2025-07-28 23:00:00+00:00,18.1,68,12.1,58,0.0,0.0,0.0,0.0,10.8,24.8,0.0,1020.8
2025-07-29 00:00:00+00:00,17.7,67,11.5,24,0.0,0.0,0.0,0.0,9.4,21.2,0.0,1020.9
2025-07-29 01:00:00+00:00,16.9,67,10.8,13,0.0,0.0,0.0,0.0,9.7,22.3,0.0,1020.8
2025-07-29 02:00:00+00:00,16.2,69,10.5,23,0.0,0.0,0.0,0.0,8.6,20.2,0.0,1020.6
2025-07-29 03:00:00+00:00,15.8,85,13.3,48,0.0,0.0,0.0,0.0,5.4,12.6,0.0,1020.2
2025-07-29 04:00:00+00:00,15.5,82,12.5,70,0.0,0.0,0.0,0.0,4.7,11.2,0.0,1020.3
2025-07-29 05:00:00+00:00,15.5,78,11.7,100,7.0,0.0,0.0,7.0,6.8,15.5,0.0,1020.5
2025-07-29 06:00:00+00:00,15.9,74,11.3,100,25.0,0.0,0.0,25.0,6.5,14.0,0.0,1020.4
2025-07-29 07:00:00+00:00,16.3,73,11.5,95,100.0,9.0,30.5,91.0,4.0,10.1,0.0,1020.2
2025-07-29 08:00:00+00:00,17.1,70,11.6,94,152.0,22.0,49.2,130.0,3.2,9.4,0.0,1020.1
2025-07-29 09:00:00+00:00,17.8,65,11.2,100,161.0,5.0,8.5,156.0,4.0,11.2,0.0,1020.6
2025-07-29 10:00:00+00:00,18.5,64,11.6,100,154.0,0.0,0.0,154.0,5.4,14.4,0.0,1021.0
2025-07-29 11:00:00+00:00,18.9,60,11.0,100,157.0,1.0,1.3,156.0,7.9,19.4,0.0,1020.8
2025-07-29 12:00:00+00:00,19.1,61,11.4,100,182.0,0.0,0.0,182.0,8.6,20.9,0.0,1020.3
2025-07-29 13:00:00+00:00,18.6,68,12.6,100,106.0,0.0,0.0,106.0,12.2,28.8,0.0,1020.2
2025-07-29 14:00:00+00:00,18.0,76,13.7,100,145.0,0.0,0.0,145.0,10.1,23.0,0.0,1019.9
2025-07-29 15:00:00+00:00,19.0,85,16.4,75,428.0,119.0,161.1,309.0,2.9,11.2,0.0,1018.5
2025-07-29 16:00:00+00:00,19.9,78,16.0,99,112.0,0.0,0.0,112.0,1.4,7.9,0.0,1018.1
2025-07-29 17:00:00+00:00,21.1,72,15.9,94,132.0,1.0,2.0,131.0,5.4,14.0,0.0,1017.9
2025-07-29 18:00:00+00:00,19.4,86,17.0,100,27.0,0.0,0.0,27.0,5.0,12.2,0.1,1018.1
2025-07-29 19:00:00+00:00,19.2,89,17.4,100,16.0,0.0,0.0,16.0,3.6,8.3,0.0,1018.2
2025-07-29 20:00:00+00:00,19.1,92,17.7,100,0.0,0.0,0.0,0.0,5.0,12.2,0.6,1018.3
2025-07-29 21:00:00+00:00,18.3,92,17.0,76,0.0,0.0,0.0,0.0,6.5,15.5,0.0,1018.7
2025-07-29 22:00:00+00:00,18.4,84,15.7,65,0.0,0.0,0.0,0.0,9.4,21.2,0.0,1018.8
2025-07-29 23:00:00+00:00,18.8,76,14.5,100,0.0,0.0,0.0,0.0,12.2,27.4,0.0,1019.0
2025-07-30 00:00:00+00:00,17.5,85,15.0,91,0.0,0.0,0.0,0.0,9.7,21.6,0.0,1019.0
2025-07-30 01:00:00+00:00,17.2,86,14.8,63,0.0,0.0,0.0,0.0,8.6,19.4,0.0,1018.7
2025-07-30 02:00:00+00:00,17.1,86,14.7,100,0.0,0.0,0.0,0.0,7.6,17.3,0.0,1018.4
2025-07-30 03:00:00+00:00,17.3,83,14.4,99,0.0,0.0,0.0,0.0,10.4,22.7,0.0,1018.3
2025-07-30 04:00:00+00:00,17.1,83,14.2,81,0.0,0.0,0.0,0.0,10.8,23.8,0.0,1018.5
2025-07-30 05:00:00+00:00,17.0,82,13.9,87,7.0,1.0,19.1,6.0,10.4,22.7,0.0,1018.9
2025-07-30 06:00:00+00:00,16.7,82,13.6,56,82.0,27.0,197.8,55.0,12.6,28.4,0.0,1019.2
2025-07-30 07:00:00+00:00,17.4,79,13.7,72,153.0,49.0,167.9,104.0,13.0,29.2,0.0,1019.4
2025-07-30 08:00:00+00:00,18.4,74,13.7,70,266.0,119.0,267.9,147.0,11.9,27.4,0.0,1019.6
2025-07-30 09:00:00+00:00,20.0,64,13.0,87,310.0,74.0,127.0,236.0,11.5,27.7,0.0,1019.9
2025-07-30 10:00:00+00:00,21.0,57,12.1,100,227.0,0.0,0.0,227.0,9.7,24.1,0.0,1020.0
2025-07-30 11:00:00+00:00,21.9,52,11.6,100,188.0,0.0,0.0,188.0,6.8,19.4,0.0,1019.7
2025-07-30 12:00:00+00:00,23.3,45,10.7,100,307.0,5.0,6.0,302.0,9.4,24.5,0.0,1019.3
2025-07-30 13:00:00+00:00,23.9,44,10.9,95,410.0,40.0,47.6,370.0,14.0,34.6,0.0,1019.2
2025-07-30 14:00:00+00:00,24.5,44,11.5,81,522.0,210.0,260.2,312.0,14.4,36.7,0.0,1018.9
2025-07-30 15:00:00+00:00,25.3,40,10.8,96,371.0,68.0,92.3,303.0,14.4,35.3,0.0,1018.8
2025-07-30 16:00:00+00:00,24.9,42,11.1,98,198.0,7.0,11.1,191.0,14.0,33.5,0.0,1018.6
2025-07-30 17:00:00+00:00,24.6,42,10.8,59,296.0,134.0,267.3,162.0,14.4,34.2,0.0,1018.8
2025-07-30 18:00:00+00:00,24.1,45,11.5,67,148.0,54.0,153.0,94.0,14.0,33.1,0.0,1018.8
2025-07-30 19:00:00+00:00,23.4,49,12.1,87,44.0,1.0,5.1,43.0,13.7,31.7,0.0,1019.0
2025-07-30 20:00:00+00:00,21.9,56,12.8,88,0.0,0.0,0.0,0.0,15.8,36.4,0.0,1019.4
2025-07-30 21:00:00+00:00,19.7,64,12.7,12,0.0,0.0,0.0,0.0,12.2,28.4,0.0,1019.4
2025-07-30 22:00:00+00:00,18.5,70,12.9,0,0.0,0.0,0.0,0.0,10.8,25.6,0.0,1019.5
2025-07-30 23:00:00+00:00,17.7,77,13.6,3,0.0,0.0,0.0,0.0,9.7,22.3,0.0,1019.4
2025-07-31 00:00:00+00:00,17.7,77,13.6,9,0.0,0.0,0.0,0.0,10.8,24.5,0.0,1019.4
2025-07-31 01:00:00+00:00,17.3,78,13.5,35,0.0,0.0,0.0,0.0,10.4,24.5,0.0,1019.1
2025-07-31 02:00:00+00:00,16.9,81,13.6,13,0.0,0.0,0.0,0.0,10.1,22.3,0.0,1018.5
2025-07-31 03:00:00+00:00,17.2,83,14.3,49,0.0,0.0,0.0,0.0,7.6,17.6,0.0,1018.8
2025-07-31 04:00:00+00:00,17.0,87,14.8,85,0.0,0.0,0.0,0.0,4.7,10.8,0.0,1018.9
2025-07-31 05:00:00+00:00,17.0,88,15.0,88,9.0,0.0,0.0,9.0,7.2,15.8,0.0,1018.7
2025-07-31 06:00:00+00:00,17.1,91,15.6,100,14.0,0.0,0.0,14.0,7.6,17.3,0.0,1018.4
2025-07-31 07:00:00+00:00,17.9,86,15.5,98,76.0,10.0,34.6,66.0,8.3,19.1,0.0,1018.3
2025-07-31 08:00:00+00:00,19.0,82,15.9,100,180.0,11.0,24.9,169.0,11.2,26.3,0.0,1018.2
2025-07-31 09:00:00+00:00,20.2,79,16.4,100,179.0,6.0,10.3,173.0,11.2,24.8,0.0,1018.3
2025-07-31 10:00:00+00:00,21.2,71,15.7,91,388.0,51.0,73.3,337.0,14.8,33.5,0.0,1017.9
2025-07-31 11:00:00+00:00,22.9,61,15.0,63,603.0,334.0,427.7,269.0,17.6,40.0,0.0,1017.5
2025-07-31 12:00:00+00:00,24.3,52,13.8,100,101.0,0.0,0.0,101.0,15.8,35.6,0.0,1016.9
2025-07-31 13:00:00+00:00,23.8,56,14.5,100,225.0,65.0,77.6,160.0,13.3,32.4,0.2,1016.6
2025-07-31 14:00:00+00:00,20.9,83,17.9,100,19.0,0.0,0.0,19.0,11.5,24.8,2.8,1016.5
2025-07-31 15:00:00+00:00,20.8,86,18.4,94,394.0,261.0,355.7,133.0,6.5,15.5,4.6,1016.4
2025-07-31 16:00:00+00:00,21.0,78,17.0,91,141.0,15.0,23.8,126.0,6.5,14.8,0.0,1016.3
2025-07-31 17:00:00+00:00,21.3,66,14.7,77,204.0,25.0,50.2,179.0,7.6,17.6,0.0,1016.1
2025-07-31 18:00:00+00:00,20.8,59,12.5,48,174.0,98.0,280.2,76.0,10.1,23.0,0.0,1016.2
2025-07-31 19:00:00+00:00,20.5,58,11.9,41,55.0,20.0,103.2,35.0,8.6,20.2,0.0,1016.3
2025-07-31 20:00:00+00:00,20.0,63,12.7,72,0.0,0.0,0.0,0.0,7.6,17.3,0.0,1016.6
2025-07-31 21:00:00+00:00,18.7,77,14.6,77,0.0,0.0,0.0,0.0,11.2,24.8,0.0,1016.5
2025-07-31 22:00:00+00:00,18.7,72,13.5,87,0.0,0.0,0.0,0.0,12.2,27.4,0.0,1016.5
2025-07-31 23:00:00+00:00,18.3,72,13.2,38,0.0,0.0,0.0,0.0,10.8,24.5,0.0,1016.7
2025-08-01 00:00:00+00:00,17.5,61,9.9,69,0.0,0.0,0.0,0.0,14.8,33.1,0.0,1017.0
2025-08-01 01:00:00+00:00,15.9,64,9.1,0,0.0,0.0,0.0,0.0,15.5,34.6,0.0,1017.0
2025-08-01 02:00:00+00:00,14.9,69,9.2,0,0.0,0.0,0.0,0.0,16.2,35.6,0.0,1016.7
2025-08-01 03:00:00+00:00,14.3,76,10.2,0,0.0,0.0,0.0,0.0,14.8,32.8,0.0,1016.9
2025-08-01 04:00:00+00:00,13.8,78,10.1,5,0.0,0.0,0.0,0.0,15.5,34.2,0.0,1016.9
2025-08-01 05:00:00+00:00,13.8,79,10.2,42,11.0,2.0,38.2,9.0,13.3,29.9,0.0,1017.0
2025-08-01 06:00:00+00:00,13.7,77,9.8,0,104.0,59.0,453.6,45.0,15.1,33.5,0.0,1017.2
2025-08-01 07:00:00+00:00,15.0,73,10.2,7,255.0,178.0,622.5,77.0,18.4,40.7,0.0,1017.3
2025-08-01 08:00:00+00:00,16.6,66,10.2,25,395.0,264.0,601.9,131.0,18.4,40.3,0.0,1017.5
2025-08-01 09:00:00+00:00,18.3,59,10.1,18,557.0,456.0,789.4,101.0,17.3,40.3,0.0,1017.4
2025-08-01 10:00:00+00:00,19.7,49,8.7,13,678.0,474.0,683.4,204.0,11.9,31.0,0.0,1017.2
2025-08-01 11:00:00+00:00,20.1,49,9.0,94,422.0,209.0,268.4,213.0,15.8,37.1,0.0,1017.1
2025-08-01 12:00:00+00:00,21.3,41,7.5,91,500.0,68.0,82.2,432.0,13.3,34.6,0.0,1016.9
2025-08-01 13:00:00+00:00,21.2,43,8.1,97,386.0,25.0,29.9,361.0,20.2,46.1,0.0,1016.7
2025-08-01 14:00:00+00:00,22.2,38,7.2,13,767.0,646.0,805.3,121.0,15.8,39.6,0.0,1016.6
2025-08-01 15:00:00+00:00,22.8,34,6.1,99,212.0,51.0,69.8,161.0,16.2,40.3,0.0,1015.9
2025-08-01 16:00:00+00:00,22.1,38,7.1,87,239.0,4.0,6.4,235.0,18.4,42.1,0.0,1015.8
2025-08-01 17:00:00+00:00,21.8,41,7.9,37,312.0,330.0,666.4,0.0,18.7,43.6,0.0,1015.9
2025-08-01 18:00:00+00:00,21.0,46,8.9,38,179.0,111.0,320.4,68.0,17.3,38.2,0.0,1016.3
2025-08-01 19:00:00+00:00,19.9,50,9.2,91,26.0,2.0,10.5,24.0,17.6,38.2,0.0,1016.8
2025-08-01 20:00:00+00:00,19.1,57,10.4,92,0.0,0.0,0.0,0.0,14.0,30.6,0.0,1017.5
2025-08-01 21:00:00+00:00,18.0,62,10.6,53,0.0,0.0,0.0,0.0,10.1,22.3,0.0,1018.0
2025-08-01 22:00:00+00:00,17.5,62,10.2,63,0.0,0.0,0.0,0.0,11.9,26.3,0.0,1018.2
2025-08-01 23:00:00+00:00,17.0,65,10.4,38,0.0,0.0,0.0,0.0,10.1,22.7,0.0,1018.1
2025-08-02 00:00:00+00:00,15.8,67,9.7,15,0.0,0.0,0.0,0.0,10.4,23.8,0.0,1018.2
2025-08-02 01:00:00+00:00,15.0,70,9.6,3,0.0,0.0,0.0,0.0,10.4,24.5,0.0,1018.3
2025-08-02 02:00:00+00:00,14.2,73,9.5,2,0.0,0.0,0.0,0.0,10.4,23.8,0.0,1018.3
2025-08-02 03:00:00+00:00,13.7,75,9.4,0,0.0,0.0,0.0,0.0,9.0,20.9,0.0,1018.4
2025-08-02 04:00:00+00:00,13.0,78,9.3,0,0.0,0.0,0.0,0.0,8.6,20.9,0.0,1018.6
2025-08-02 05:00:00+00:00,12.7,80,9.4,8,11.0,2.0,38.2,9.0,9.0,20.9,0.0,1019.0
2025-08-02 06:00:00+00:00,13.4,79,9.9,27,93.0,44.0,347.0,49.0,10.1,23.0,0.0,1019.2
2025-08-02 07:00:00+00:00,14.7,75,10.3,27,241.0,146.0,516.2,95.0,11.2,24.5,0.0,1019.4
2025-08-02 08:00:00+00:00,16.4,68,10.5,65,353.0,170.0,390.2,183.0,12.2,27.4,0.0,1019.5
2025-08-02 09:00:00+00:00,18.1,53,8.4,6,568.0,455.0,791.4,113.0,9.0,23.8,0.0,1019.6
2025-08-02 10:00:00+00:00,18.4,52,8.3,100,153.0,0.0,0.0,153.0,7.6,18.7,0.0,1019.4
2025-08-02 11:00:00+00:00,19.9,44,7.3,88,447.0,33.0,42.5,414.0,5.4,20.9,0.0,1019.3
2025-08-02 12:00:00+00:00,20.8,39,6.4,84,486.0,236.0,286.3,250.0,7.6,25.9,0.0,1019.5
2025-08-02 13:00:00+00:00,21.7,37,6.4,67,537.0,230.0,276.3,307.0,8.3,25.9,0.0,1019.2
2025-08-02 14:00:00+00:00,22.2,36,6.4,75,487.0,150.0,187.6,337.0,5.4,20.5,0.0,1018.9
2025-08-02 15:00:00+00:00,22.8,34,6.1,84,374.0,131.0,179.8,243.0,8.3,25.6,0.0,1019.2
2025-08-02 16:00:00+00:00,22.8,33,5.7,43,449.0,72.0,115.5,377.0,13.0,32.0,0.0,1018.8
2025-08-02 17:00:00+00:00,22.8,36,7.0,48,331.0,239.0,485.7,92.0,10.4,27.4,0.0,1018.6
2025-08-02 18:00:00+00:00,20.4,59,12.1,20,204.0,138.0,402.3,66.0,11.9,27.4,0.0,1018.9
2025-08-02 19:00:00+00:00,19.7,63,12.4,9,58.0,27.0,144.7,31.0,9.4,21.2,0.0,1019.0
2025-08-02 20:00:00+00:00,18.9,69,13.1,20,0.0,0.0,0.0,0.0,6.8,14.8,0.0,1019.4
2025-08-02 21:00:00+00:00,19.2,55,9.9,74,0.0,0.0,0.0,0.0,11.2,25.2,0.0,1019.8
2025-08-02 22:00:00+00:00,18.1,60,10.2,77,0.0,0.0,0.0,0.0,9.7,23.0,0.0,1020.2
2025-08-02 23:00:00+00:00,17.2,66,10.8,78,0.0,0.0,0.0,0.0,10.1,23.8,0.0,1020.4
2025-08-03 00:00:00+00:00,16.2,71,10.9,35,0.0,0.0,0.0,0.0,9.4,22.3,0.0,1020.5
2025-08-03 01:00:00+00:00,15.9,75,11.5,67,0.0,0.0,0.0,0.0,8.6,20.5,0.0,1020.2
2025-08-03 02:00:00+00:00,15.3,78,11.5,30,0.0,0.0,0.0,0.0,6.8,16.9,0.0,1020.1
2025-08-03 03:00:00+00:00,14.7,81,11.5,94,0.0,0.0,0.0,0.0,6.5,15.5,0.0,1020.1
2025-08-03 04:00:00+00:00,14.4,83,11.5,34,0.0,0.0,0.0,0.0,6.5,15.1,0.0,1019.9
2025-08-03 05:00:00+00:00,13.9,83,11.1,5,10.0,2.0,38.2,8.0,6.8,16.2,0.0,1020.1
2025-08-03 06:00:00+00:00,14.3,81,11.1,55,74.0,31.0,251.1,43.0,7.9,17.6,0.0,1020.0
2025-08-03 07:00:00+00:00,15.6,76,11.4,84,147.0,48.0,171.6,99.0,9.4,20.5,0.0,1019.9
2025-08-03 08:00:00+00:00,16.9,76,12.6,100,133.0,2.0,4.6,131.0,10.8,24.8,0.0,1020.2
2025-08-03 09:00:00+00:00,18.3,76,14.0,97,206.0,28.0,48.9,178.0,11.9,27.4,0.0,1020.3
2025-08-03 10:00:00+00:00,19.3,77,15.1,98,187.0,18.0,26.1,169.0,11.9,27.4,0.0,1020.1
2025-08-03 11:00:00+00:00,19.9,76,15.6,98,229.0,13.0,16.8,216.0,12.2,28.1,0.0,1020.0
2025-08-03 12:00:00+00:00,21.5,69,15.6,100,191.0,3.0,3.7,188.0,15.1,35.3,0.0,1019.9
2025-08-03 13:00:00+00:00,21.9,67,15.5,100,237.0,33.0,39.8,204.0,14.0,32.8,0.0,1019.8
2025-08-03 14:00:00+00:00,22.3,67,15.9,100,73.0,0.0,0.0,73.0,15.5,36.0,0.0,1019.7
2025-08-03 15:00:00+00:00,22.2,70,16.4,100,92.0,0.0,0.0,92.0,16.9,38.2,0.0,1020.1
2025-08-03 16:00:00+00:00,21.9,72,16.6,100,81.0,0.0,0.0,81.0,13.0,29.9,0.0,1019.9
2025-08-03 17:00:00+00:00,21.6,74,16.8,100,63.0,1.0,2.0,62.0,15.8,36.4,0.0,1019.9
2025-08-03 18:00:00+00:00,20.4,84,17.6,88,84.0,32.0,94.2,52.0,14.0,32.8,0.0,1019.9
2025-08-03 19:00:00+00:00,20.3,82,17.2,70,38.0,10.0,54.7,28.0,12.2,28.4,0.0,1019.9
2025-08-03 20:00:00+00:00,19.7,84,16.9,73,0.0,0.0,0.0,0.0,10.4,24.8,0.0,1020.3
2025-08-03 21:00:00+00:00,19.2,84,16.5,73,0.0,0.0,0.0,0.0,8.3,19.8,0.0,1019.9
2025-08-03 22:00:00+00:00,19.0,86,16.6,84,0.0,0.0,0.0,0.0,9.4,22.0,0.0,1020.0
2025-08-03 23:00:00+00:00,18.7,81,15.4,96,0.0,0.0,0.0,0.0,10.4,23.8,0.0,1020.1
2025-08-04 00:00:00+00:00,17.7,82,14.6,100,0.0,0.0,0.0,0.0,7.6,17.6,0.0,1020.0
2025-08-04 01:00:00+00:00,17.4,85,14.8,91,0.0,0.0,0.0,0.0,6.1,14.4,0.0,1019.8
2025-08-04 02:00:00+00:00,17.0,88,15.0,91,0.0,0.0,0.0,0.0,4.7,11.2,0.0,1019.5
2025-08-04 03:00:00+00:00,15.9,89,14.1,90,0.0,0.0,0.0,0.0,2.9,6.8,0.0,1018.6
2025-08-04 04:00:00+00:00,15.9,88,13.9,90,0.0,0.0,0.0,0.0,6.1,14.0,0.0,1018.9
2025-08-04 05:00:00+00:00,16.0,86,13.7,98,4.0,0.0,0.0,4.0,7.6,17.3,0.0,1018.6
2025-08-04 06:00:00+00:00,16.8,85,14.2,90,52.0,3.0,25.0,49.0,8.6,19.8,0.0,1018.1
2025-08-04 07:00:00+00:00,18.2,83,15.2,81,136.0,33.0,119.3,103.0,12.6,28.4,0.0,1017.6
2025-08-04 08:00:00+00:00,19.1,80,15.6,100,81.0,3.0,7.0,78.0,15.8,35.3,0.0,1017.3
2025-08-04 09:00:00+00:00,19.9,82,16.8,100,67.0,0.0,0.0,67.0,18.4,41.8,0.0,1016.9
2025-08-04 10:00:00+00:00,20.3,80,16.8,100,144.0,0.0,0.0,144.0,21.2,48.2,0.0,1016.2
2025-08-04 11:00:00+00:00,20.5,81,17.2,100,155.0,0.0,0.0,155.0,25.6,58.3,0.0,1016.0
2025-08-04 12:00:00+00:00,20.4,84,17.6,100,159.0,0.0,0.0,159.0,24.8,57.2,0.0,1015.7
2025-08-04 13:00:00+00:00,21.5,78,17.5,92,424.0,84.0,101.6,340.0,25.6,57.2,0.0,1015.1
2025-08-04 14:00:00+00:00,22.3,71,16.8,100,150.0,2.0,2.5,148.0,24.8,57.2,0.0,1014.6
2025-08-04 15:00:00+00:00,21.3,75,16.7,100,72.0,0.0,0.0,72.0,19.8,45.4,0.0,1015.3
2025-08-04 16:00:00+00:00,19.8,88,17.8,100,50.0,0.0,0.0,50.0,17.3,39.2,0.3,1015.4
2025-08-04 17:00:00+00:00,19.1,92,17.8,100,33.0,0.0,0.0,33.0,17.3,40.0,0.2,1015.6
2025-08-04 18:00:00+00:00,19.0,77,14.9,68,146.0,28.0,83.3,118.0,15.1,34.9,0.1,1015.9
2025-08-04 19:00:00+00:00,18.5,80,15.0,0,53.0,26.0,145.2,27.0,11.9,27.7,0.0,1016.3
2025-08-04 20:00:00+00:00,17.8,81,14.5,0,0.0,0.0,0.0,0.0,10.4,24.5,0.0,1017.2
2025-08-04 21:00:00+00:00,17.6,61,10.0,2,0.0,0.0,0.0,0.0,15.8,36.4,0.0,1017.5
2025-08-04 22:00:00+00:00,16.8,66,10.4,15,0.0,0.0,0.0,0.0,13.7,31.0,0.0,1018.1
2025-08-04 23:00:00+00:00,16.0,68,10.1,6,0.0,0.0,0.0,0.0,12.2,29.2,0.0,1018.4
2025-08-05 00:00:00+00:00,15.1,70,9.6,18,0.0,0.0,0.0,0.0,10.1,23.8,0.0,1019.0
2025-08-05 01:00:00+00:00,14.4,71,9.2,0,0.0,0.0,0.0,0.0,9.0,21.2,0.0,1019.2
2025-08-05 02:00:00+00:00,14.0,69,8.4,0,0.0,0.0,0.0,0.0,10.4,24.8,0.0,1019.5
2025-08-05 03:00:00+00:00,13.6,71,8.4,0,0.0,0.0,0.0,0.0,10.8,24.8,0.0,1020.2
2025-08-05 04:00:00+00:00,13.3,68,7.5,0,0.0,0.0,0.0,0.0,13.0,29.9,0.0,1020.7
2025-08-05 05:00:00+00:00,13.0,69,7.4,0,9.0,1.0,19.1,8.0,10.8,25.2,0.0,1021.3
2025-08-05 06:00:00+00:00,13.5,68,7.7,0,95.0,52.0,445.8,43.0,11.2,26.3,0.0,1022.2
2025-08-05 07:00:00+00:00,14.7,63,7.8,29,224.0,129.0,471.8,95.0,13.0,29.5,0.0,1022.5
2025-08-05 08:00:00+00:00,16.4,57,7.8,34,364.0,272.0,637.2,92.0,15.1,35.6,0.0,1023.3
2025-08-05 09:00:00+00:00,18.6,42,5.4,41,531.0,369.0,651.2,162.0,20.5,48.2,0.0,1023.5
2025-08-05 10:00:00+00:00,19.8,38,5.1,12,686.0,520.0,761.2,166.0,21.2,51.1,0.0,1023.8
2025-08-05 11:00:00+00:00,20.9,32,3.6,16,778.0,648.0,843.3,130.0,20.2,49.7,0.0,1024.1
2025-08-05 12:00:00+00:00,21.6,34,5.1,23,782.0,447.0,547.4,335.0,19.4,47.9,0.0,1024.4
2025-08-05 13:00:00+00:00,22.4,32,4.9,10,813.0,637.0,772.7,176.0,20.5,50.4,0.0,1024.6
2025-08-05 14:00:00+00:00,23.0,29,4.0,63,658.0,378.0,477.6,280.0,17.6,45.0,0.0,1024.6
2025-08-05 15:00:00+00:00,23.4,28,3.8,48,617.0,418.0,580.8,199.0,19.4,47.9,0.0,1024.8
2025-08-05 16:00:00+00:00,23.1,29,4.1,13,530.0,412.0,670.8,118.0,19.4,46.4,0.0,1025.0
2025-08-05 17:00:00+00:00,22.3,33,5.2,7,377.0,319.0,661.8,58.0,19.8,46.8,0.0,1025.3
2025-08-05 18:00:00+00:00,21.4,34,4.9,0,209.0,154.0,463.4,55.0,19.1,43.6,0.0,1025.5
2025-08-05 19:00:00+00:00,20.0,40,6.0,0,51.0,24.0,137.0,27.0,17.3,39.6,0.0,1026.0
2025-08-05 20:00:00+00:00,18.7,46,6.8,6,0.0,0.0,0.0,0.0,13.0,31.0,0.0,1026.8
2025-08-05 21:00:00+00:00,17.3,55,8.2,17,0.0,0.0,0.0,0.0,13.7,31.7,0.0,1027.1
2025-08-05 22:00:00+00:00,16.3,63,9.3,51,0.0,0.0,0.0,0.0,11.9,27.0,0.0,1027.4
2025-08-05 23:00:00+00:00,15.6,67,9.5,47,0.0,0.0,0.0,0.0,10.1,23.0,0.0,1027.7
2025-08-06 00:00:00+00:00,15.0,72,10.0,48,0.0,0.0,0.0,0.0,8.6,19.8,0.0,1027.5
2025-08-06 01:00:00+00:00,14.5,74,9.9,60,0.0,0.0,0.0,0.0,7.2,16.6,0.0,1027.2
2025-08-06 02:00:00+00:00,13.9,77,9.9,29,0.0,0.0,0.0,0.0,6.1,14.8,0.0,1027.0
2025-08-06 03:00:00+00:00,13.2,78,9.4,45,0.0,0.0,0.0,0.0,4.3,10.1,0.0,1026.8
2025-08-06 04:00:00+00:00,12.4,81,9.3,50,0.0,0.0,0.0,0.0,2.9,6.8,0.0,1026.6
2025-08-06 05:00:00+00:00,12.2,82,9.2,16,8.0,1.0,19.1,7.0,3.6,8.6,0.0,1026.6
2025-08-06 06:00:00+00:00,13.7,70,8.3,10,88.0,46.0,406.4,42.0,3.2,7.6,0.0,1026.5
2025-08-06 07:00:00+00:00,14.8,66,8.5,2,243.0,169.0,625.5,74.0,1.4,6.1,0.0,1026.5
2025-08-06 08:00:00+00:00,16.3,61,8.7,9,402.0,301.0,710.1,101.0,2.2,9.0,0.0,1026.6
2025-08-06 09:00:00+00:00,18.1,52,8.1,11,554.0,432.0,766.3,122.0,3.6,15.8,0.0,1025.9
2025-08-06 10:00:00+00:00,19.6,43,6.7,28,638.0,476.0,699.6,162.0,3.2,20.2,0.0,1025.4
2025-08-06 11:00:00+00:00,20.6,40,6.5,85,557.0,175.0,228.6,382.0,6.5,24.8,0.0,1024.9
2025-08-06 12:00:00+00:00,20.7,43,7.7,63,678.0,392.0,481.6,286.0,11.9,33.5,0.0,1023.8
2025-08-06 13:00:00+00:00,21.4,42,7.9,100,351.0,43.0,52.3,308.0,9.0,27.4,0.0,1023.4
2025-08-06 14:00:00+00:00,21.3,44,8.5,100,294.0,111.0,140.8,183.0,14.0,35.3,0.0,1022.8
2025-08-06 15:00:00+00:00,21.3,45,8.9,91,400.0,88.0,122.8,312.0,15.8,38.2,0.0,1022.7
2025-08-06 16:00:00+00:00,21.0,47,9.3,48,422.0,211.0,345.4,211.0,15.5,37.1,0.0,1022.1
2025-08-06 17:00:00+00:00,20.2,48,8.8,88,228.0,11.0,23.0,217.0,15.8,35.6,0.0,1021.8
2025-08-06 18:00:00+00:00,19.4,50,8.7,91,103.0,13.0,39.6,90.0,12.2,28.1,0.0,1021.4
2025-08-06 19:00:00+00:00,18.7,51,8.4,98,18.0,0.0,0.0,18.0,10.1,22.7,0.0,1021.2
2025-08-06 20:00:00+00:00,18.2,56,9.3,100,0.0,0.0,0.0,0.0,7.9,18.0,0.0,1020.9
2025-08-06 21:00:00+00:00,17.4,61,9.8,85,0.0,0.0,0.0,0.0,8.6,19.4,0.0,1020.2
2025-08-06 22:00:00+00:00,16.9,65,10.3,86,0.0,0.0,0.0,0.0,8.6,19.4,0.0,1020.0
2025-08-06 23:00:00+00:00,16.3,70,10.8,55,0.0,0.0,0.0,0.0,8.3,19.1,0.0,1019.4
2025-08-07 00:00:00+00:00,15.8,74,11.2,73,0.0,0.0,0.0,0.0,8.3,19.1,0.0,1018.9
2025-08-07 01:00:00+00:00,15.5,75,11.1,67,0.0,0.0,0.0,0.0,8.6,20.2,0.0,1018.6
2025-08-07 02:00:00+00:00,15.3,77,11.3,80,0.0,0.0,0.0,0.0,7.6,18.0,0.0,1018.0
2025-08-07 03:00:00+00:00,15.7,79,12.0,95,0.0,0.0,0.0,0.0,4.7,11.2,0.0,1017.4
2025-08-07 04:00:00+00:00,15.8,79,12.1,75,0.0,0.0,0.0,0.0,7.6,17.3,0.0,1017.3
2025-08-07 05:00:00+00:00,15.8,81,12.5,87,4.0,0.0,0.0,4.0,5.8,13.0,0.0,1017.4
2025-08-07 06:00:00+00:00,16.4,78,12.6,69,61.0,23.0,209.7,38.0,8.6,19.1,0.0,1017.1
2025-08-07 07:00:00+00:00,17.7,71,12.4,71,141.0,69.0,258.5,72.0,12.6,28.8,0.0,1017.0
2025-08-07 08:00:00+00:00,18.4,66,11.9,90,153.0,37.0,87.9,116.0,15.1,33.8,0.0,1017.1
2025-08-07 09:00:00+00:00,19.3,62,11.8,82,303.0,94.0,167.6,209.0,16.6,37.4,0.0,1016.6
2025-08-07 10:00:00+00:00,19.9,60,11.9,94,321.0,44.0,64.9,277.0,17.3,39.2,0.0,1016.4
2025-08-07 11:00:00+00:00,19.8,65,13.0,88,260.0,86.0,112.7,174.0,17.3,39.2,0.0,1016.3
2025-08-07 12:00:00+00:00,19.8,66,13.3,96,206.0,13.0,16.0,193.0,18.7,41.8,0.0,1016.4
2025-08-07 13:00:00+00:00,19.7,69,13.9,95,219.0,44.0,53.7,175.0,19.1,44.3,0.0,1016.4
2025-08-07 14:00:00+00:00,19.6,74,14.8,88,271.0,96.0,122.2,175.0,20.2,46.1,0.0,1016.3
2025-08-07 15:00:00+00:00,19.0,79,15.3,94,218.0,18.0,25.2,200.0,19.4,43.9,0.0,1016.1
2025-08-07 16:00:00+00:00,18.6,83,15.7,98,146.0,14.0,23.0,132.0,19.1,43.6,0.0,1016.0
2025-08-07 17:00:00+00:00,18.6,84,15.8,100,83.0,1.0,2.1,82.0,17.6,39.6,0.0,1015.9
2025-08-07 18:00:00+00:00,19.2,84,16.5,88,89.0,9.0,27.7,80.0,17.3,39.6,0.0,1015.7
2025-08-07 19:00:00+00:00,18.8,88,16.8,90,22.0,2.0,12.0,20.0,14.8,33.5,0.0,1015.9
2025-08-07 20:00:00+00:00,18.5,91,17.0,96,0.0,0.0,0.0,0.0,12.6,28.4,0.0,1016.2
2025-08-07 21:00:00+00:00,18.3,89,16.5,94,0.0,0.0,0.0,0.0,10.1,22.7,0.0,1016.3
2025-08-07 22:00:00+00:00,17.9,88,15.9,96,0.0,0.0,0.0,0.0,6.8,16.2,0.0,1016.7
2025-08-07 23:00:00+00:00,17.8,74,13.1,100,0.0,0.0,0.0,0.0,8.3,19.1,0.0,1017.0
2025-08-08 00:00:00+00:00,16.5,73,11.7,88,0.0,0.0,0.0,0.0,7.2,17.3,0.0,1017.3
2025-08-08 01:00:00+00:00,15.9,77,11.9,83,0.0,0.0,0.0,0.0,6.8,16.6,0.0,1017.7
2025-08-08 02:00:00+00:00,15.2,82,12.1,47,0.0,0.0,0.0,0.0,6.8,15.8,0.0,1017.7
2025-08-08 03:00:00+00:00,14.7,85,12.2,86,0.0,0.0,0.0,0.0,6.5,14.8,0.0,1017.9
2025-08-08 04:00:00+00:00,14.5,86,12.2,85,0.0,0.0,0.0,0.0,5.8,13.7,0.0,1018.1
2025-08-08 05:00:00+00:00,14.3,87,12.2,85,4.0,0.0,0.0,4.0,5.0,12.2,0.0,1018.8
2025-08-08 06:00:00+00:00,14.9,85,12.4,45,73.0,35.0,328.1,38.0,5.8,13.7,0.0,1019.3
2025-08-08 07:00:00+00:00,15.8,80,12.3,68,173.0,72.0,273.1,101.0,6.8,15.5,0.0,1019.8
2025-08-08 08:00:00+00:00,17.3,74,12.6,36,366.0,243.0,581.8,123.0,6.5,15.8,0.0,1020.0
2025-08-08 09:00:00+00:00,18.9,62,11.4,90,508.0,308.0,552.0,200.0,6.8,19.1,0.0,1020.4
2025-08-08 10:00:00+00:00,20.3,53,10.4,87,477.0,189.0,280.1,288.0,6.8,22.0,0.0,1020.6
2025-08-08 11:00:00+00:00,21.0,50,10.2,98,413.0,60.0,78.9,353.0,6.8,21.2,0.0,1020.7
2025-08-08 12:00:00+00:00,21.3,48,9.8,100,504.0,44.0,54.4,460.0,8.6,24.8,0.0,1020.8
2025-08-08 13:00:00+00:00,22.7,44,9.8,84,744.0,516.0,632.4,228.0,8.6,27.4,0.0,1020.6
2025-08-08 14:00:00+00:00,23.5,44,10.6,33,754.0,622.0,794.9,132.0,13.3,34.9,0.0,1020.4
2025-08-08 15:00:00+00:00,23.8,45,11.2,1,662.0,571.0,803.9,91.0,16.6,40.0,0.0,1019.8
2025-08-08 16:00:00+00:00,23.2,50,12.2,13,525.0,442.0,731.7,83.0,18.4,42.5,0.0,1019.6
2025-08-08 17:00:00+00:00,22.3,53,12.2,6,363.0,293.0,621.7,70.0,17.6,39.6,0.0,1019.8
2025-08-08 18:00:00+00:00,21.5,55,12.1,66,181.0,110.0,342.9,71.0,18.0,40.3,0.0,1019.8
2025-08-08 19:00:00+00:00,20.3,59,12.1,91,36.0,1.0,6.1,35.0,14.8,32.8,0.0,1019.9
2025-08-08 20:00:00+00:00,19.4,64,12.4,88,0.0,0.0,0.0,0.0,14.0,32.8,0.0,1020.3
2025-08-08 21:00:00+00:00,18.3,70,12.7,27,0.0,0.0,0.0,0.0,11.2,25.6,0.0,1020.5
2025-08-08 22:00:00+00:00,17.7,73,12.8,90,0.0,0.0,0.0,0.0,8.3,19.1,0.0,1020.6
2025-08-08 23:00:00+00:00,17.4,72,12.3,84,0.0,0.0,0.0,0.0,5.8,14.0,0.0,1020.4
2025-08-09 00:00:00+00:00,17.2,65,10.5,73,0.0,0.0,0.0,0.0,7.2,17.6,0.0,1020.5
2025-08-09 01:00:00+00:00,16.6,69,10.9,68,0.0,0.0,0.0,0.0,6.5,15.5,0.0,1020.3
2025-08-09 02:00:00+00:00,15.9,74,11.3,20,0.0,0.0,0.0,0.0,5.8,13.7,0.0,1020.1
2025-08-09 03:00:00+00:00,15.2,81,12.0,66,0.0,0.0,0.0,0.0,4.0,9.4,0.0,1019.9
2025-08-09 04:00:00+00:00,15.3,81,12.0,82,0.0,0.0,0.0,0.0,3.2,8.6,0.0,1020.1
2025-08-09 05:00:00+00:00,14.6,85,12.1,60,4.0,0.0,0.0,4.0,3.6,8.6,0.0,1020.6
2025-08-09 06:00:00+00:00,14.9,82,11.8,80,59.0,10.0,95.2,49.0,5.0,11.9,0.0,1020.9
2025-08-09 07:00:00+00:00,16.0,78,12.1,11,226.0,161.0,618.6,65.0,4.3,10.4,0.0,1021.1
2025-08-09 08:00:00+00:00,18.0,66,11.5,6,390.0,291.0,701.9,99.0,7.2,18.4,0.0,1021.2
2025-08-09 09:00:00+00:00,20.1,54,10.5,87,316.0,153.0,275.7,163.0,8.3,23.4,0.0,1021.1
2025-08-09 10:00:00+00:00,21.1,49,10.0,70,456.0,233.0,346.8,223.0,13.3,33.5,0.0,1021.3
2025-08-09 11:00:00+00:00,22.3,44,9.4,38,666.0,541.0,714.3,125.0,13.3,34.6,0.0,1021.2
2025-08-09 12:00:00+00:00,21.9,50,11.0,88,485.0,304.0,377.4,181.0,17.6,41.4,0.0,1021.6
2025-08-09 13:00:00+00:00,23.6,44,10.7,65,648.0,336.0,413.3,312.0,14.8,38.5,0.0,1021.2
2025-08-09 14:00:00+00:00,24.2,43,10.8,18,735.0,630.0,808.3,105.0,21.2,50.4,0.0,1021.1
2025-08-09 15:00:00+00:00,25.9,29,6.5,6,658.0,571.0,807.7,87.0,17.3,43.6,0.0,1021.1
2025-08-09 16:00:00+00:00,25.4,31,7.0,0,524.0,440.0,732.6,84.0,18.7,45.4,0.0,1021.5
2025-08-09 17:00:00+00:00,24.3,35,7.8,0,359.0,291.0,622.4,68.0,19.8,46.8,0.0,1022.2
2025-08-09 18:00:00+00:00,22.9,37,7.5,0,189.0,136.0,429.3,53.0,17.6,41.8,0.0,1022.9
2025-08-09 19:00:00+00:00,21.4,43,8.3,0,36.0,14.0,88.2,22.0,16.6,38.9,0.0,1023.7
2025-08-09 20:00:00+00:00,19.9,46,7.9,0,0.0,0.0,0.0,0.0,14.8,33.8,0.0,1024.7
2025-08-09 21:00:00+00:00,18.7,60,10.8,0,0.0,0.0,0.0,0.0,12.2,28.1,0.0,1025.3
2025-08-09 22:00:00+00:00,17.6,69,11.9,0,0.0,0.0,0.0,0.0,11.2,25.9,0.0,1025.8
2025-08-09 23:00:00+00:00,16.8,74,12.1,0,0.0,0.0,0.0,0.0,10.8,25.6,0.0,1026.2
2025-08-10 00:00:00+00:00,16.2,77,12.1,0,0.0,0.0,0.0,0.0,10.1,22.7,0.0,1026.0
2025-08-10 01:00:00+00:00,15.4,81,12.2,0,0.0,0.0,0.0,0.0,6.8,16.6,0.0,1026.2
2025-08-10 02:00:00+00:00,15.0,84,12.3,0,0.0,0.0,0.0,0.0,6.5,14.8,0.0,1026.2
2025-08-10 03:00:00+00:00,14.4,85,11.9,0,0.0,0.0,0.0,0.0,5.0,11.5,0.0,1026.5
2025-08-10 04:00:00+00:00,14.0,87,11.8,0,0.0,0.0,0.0,0.0,4.7,10.8,0.0,1027.0
2025-08-10 05:00:00+00:00,13.4,90,11.8,0,3.0,0.0,0.0,3.0,3.2,7.6,0.0,1027.5
2025-08-10 06:00:00+00:00,14.8,85,12.3,0,77.0,40.0,386.8,37.0,4.0,9.0,0.0,1027.9
2025-08-10 07:00:00+00:00,16.0,80,12.5,0,227.0,156.0,607.2,71.0,4.0,10.1,0.0,1028.2
2025-08-10 08:00:00+00:00,17.6,72,12.5,0,389.0,298.0,724.3,91.0,3.2,10.1,0.0,1028.5
2025-08-10 09:00:00+00:00,19.2,64,12.3,0,541.0,439.0,795.3,102.0,1.8,11.5,0.0,1028.6
2025-08-10 10:00:00+00:00,20.8,54,11.2,1,666.0,557.0,832.6,109.0,5.4,20.5,0.0,1028.8
2025-08-10 11:00:00+00:00,22.3,47,10.4,2,755.0,640.0,848.3,115.0,6.5,23.8,0.0,1028.4
2025-08-10 12:00:00+00:00,23.3,43,10.0,3,800.0,687.0,856.0,113.0,3.2,21.2,0.0,1028.0
2025-08-10 13:00:00+00:00,24.2,41,10.1,1,797.0,692.0,854.3,105.0,2.9,20.9,0.0,1027.4
2025-08-10 14:00:00+00:00,25.1,40,10.5,19,725.0,576.0,742.0,149.0,7.9,28.1,0.0,1026.9
2025-08-10 15:00:00+00:00,24.9,44,11.8,4,641.0,547.0,777.4,94.0,13.7,35.3,0.0,1026.7
2025-08-10 16:00:00+00:00,24.0,50,12.9,0,508.0,429.0,718.6,79.0,13.7,33.8,0.0,1026.6
2025-08-10 17:00:00+00:00,23.3,51,12.6,0,349.0,281.0,606.0,68.0,11.9,28.4,0.0,1026.3
2025-08-10 18:00:00+00:00,22.5,52,12.2,0,181.0,129.0,412.5,52.0,10.8,25.2,0.0,1026.1
2025-08-10 19:00:00+00:00,21.2,54,11.6,0,31.0,11.0,71.3,20.0,8.6,20.2,0.0,1026.2
2025-08-10 20:00:00+00:00,19.9,60,11.9,0,0.0,0.0,0.0,0.0,5.0,13.0,0.0,1026.5
2025-08-10 21:00:00+00:00,19.0,67,12.8,0,0.0,0.0,0.0,0.0,4.3,11.2,0.0,1026.4
2025-08-10 22:00:00+00:00,19.3,63,12.1,0,0.0,0.0,0.0,0.0,6.8,16.6,0.0,1026.3
2025-08-10 23:00:00+00:00,18.4,66,12.0,0,0.0,0.0,0.0,0.0,4.7,10.4,0.0,1025.9
2025-08-11 00:00:00+00:00,18.1,69,12.3,0,0.0,0.0,0.0,0.0,5.4,12.6,0.0,1025.9
2025-08-11 01:00:00+00:00,17.4,72,12.3,0,0.0,0.0,0.0,0.0,5.4,13.3,0.0,1025.6
2025-08-11 02:00:00+00:00,16.9,69,11.2,0,0.0,0.0,0.0,0.0,5.8,14.0,0.0,1024.8
2025-08-11 03:00:00+00:00,16.3,71,11.0,2,0.0,0.0,0.0,0.0,5.0,12.2,0.0,1024.5
2025-08-11 04:00:00+00:00,15.9,73,11.1,5,0.0,0.0,0.0,0.0,5.8,13.3,0.0,1024.0
2025-08-11 05:00:00+00:00,15.7,73,10.9,17,1.0,0.0,0.0,1.0,5.4,13.0,0.0,1023.9
2025-08-11 06:00:00+00:00,16.7,68,10.8,61,71.0,30.0,294.8,41.0,6.8,15.8,0.0,1023.6
2025-08-11 07:00:00+00:00,18.0,66,11.5,87,198.0,91.0,358.9,107.0,6.1,14.0,0.0,1023.5
2025-08-11 08:00:00+00:00,19.6,63,12.4,72,341.0,167.0,409.1,174.0,7.9,18.4,0.0,1023.5
2025-08-11 09:00:00+00:00,22.4,57,13.4,0,538.0,437.0,796.1,101.0,10.1,23.4,0.0,1022.5
2025-08-11 10:00:00+00:00,23.8,53,13.7,0,666.0,557.0,836.3,109.0,10.1,24.1,0.0,1022.5
2025-08-11 11:00:00+00:00,24.7,48,13.0,0,754.0,644.0,856.9,110.0,15.1,34.2,0.0,1022.5
2025-08-11 12:00:00+00:00,25.3,45,12.5,0,800.0,692.0,865.4,108.0,15.8,35.3,0.0,1022.6
2025-08-11 13:00:00+00:00,25.8,40,11.2,5,796.0,684.0,847.6,112.0,15.8,35.6,0.0,1022.1
2025-08-11 14:00:00+00:00,26.3,40,11.7,0,746.0,649.0,839.5,97.0,17.6,40.0,0.0,1021.0
2025-08-11 15:00:00+00:00,26.4,37,10.6,100,286.0,8.0,11.4,278.0,15.8,37.1,0.0,1019.3
2025-08-11 16:00:00+00:00,26.4,35,9.7,100,178.0,14.0,23.6,164.0,13.7,31.7,0.0,1019.0
2025-08-11 17:00:00+00:00,26.0,38,10.6,100,38.0,0.0,0.0,38.0,6.8,17.6,0.0,1019.4
2025-08-11 18:00:00+00:00,25.1,45,12.3,99,71.0,0.0,0.0,71.0,3.2,11.2,0.0,1019.0
2025-08-11 19:00:00+00:00,24.3,47,12.3,100,1.0,0.0,0.0,1.0,4.7,14.4,0.0,1018.9
2025-08-11 20:00:00+00:00,24.1,50,13.1,100,0.0,0.0,0.0,0.0,4.0,11.5,0.0,1019.3
2025-08-11 21:00:00+00:00,23.7,47,11.7,100,0.0,0.0,0.0,0.0,14.8,33.8,0.0,1017.9
2025-08-11 22:00:00+00:00,22.5,53,12.5,100,0.0,0.0,0.0,0.0,15.8,36.0,0.0,1017.8
2025-08-11 23:00:00+00:00,22.6,52,12.2,92,0.0,0.0,0.0,0.0,18.0,40.7,0.0,1016.8
2025-08-12 00:00:00+00:00,21.7,57,12.8,56,0.0,0.0,0.0,0.0,15.8,35.3,0.0,1016.4
2025-08-12 01:00:00+00:00,21.2,58,12.6,68,0.0,0.0,0.0,0.0,10.1,23.0,0.0,1016.1
2025-08-12 02:00:00+00:00,20.8,59,12.5,48,0.0,0.0,0.0,0.0,7.6,18.7,0.0,1015.7
2025-08-12 03:00:00+00:00,21.8,53,11.8,52,0.0,0.0,0.0,0.0,8.6,20.9,0.0,1015.3
2025-08-12 04:00:00+00:00,21.5,54,11.8,46,0.0,0.0,0.0,0.0,7.6,18.4,0.0,1015.0
2025-08-12 05:00:00+00:00,21.3,56,12.1,29,13.0,0.0,0.0,13.0,9.4,22.0,0.0,1014.4
2025-08-12 06:00:00+00:00,21.2,57,12.3,7,69.0,31.0,309.7,38.0,8.3,19.4,0.0,1013.9
2025-08-12 07:00:00+00:00,22.4,54,12.7,0,219.0,149.0,595.7,70.0,9.0,20.9,0.0,1013.6
2025-08-12 08:00:00+00:00,24.2,50,13.1,49,365.0,262.0,646.9,103.0,10.8,25.6,0.0,1013.5
2025-08-12 09:00:00+00:00,25.1,49,13.6,64,492.0,309.0,566.1,183.0,13.3,30.6,0.0,1014.0
2025-08-12 10:00:00+00:00,24.9,52,14.4,0,656.0,550.0,829.5,106.0,17.3,38.5,0.0,1014.0
2025-08-12 11:00:00+00:00,24.9,54,15.0,0,745.0,637.0,850.9,108.0,18.7,41.4,0.0,1013.8
2025-08-12 12:00:00+00:00,25.3,54,15.4,0,786.0,680.0,853.6,106.0,18.0,41.0,0.0,1013.7
2025-08-12 13:00:00+00:00,26.6,49,15.0,0,782.0,680.0,845.9,102.0,15.5,35.6,0.0,1013.5
2025-08-12 14:00:00+00:00,26.0,55,16.3,0,726.0,630.0,818.4,96.0,15.8,36.4,0.0,1013.2
2025-08-12 15:00:00+00:00,24.9,58,16.1,0,628.0,541.0,776.5,87.0,15.5,35.6,0.0,1013.3
2025-08-12 16:00:00+00:00,23.3,67,16.9,0,494.0,416.0,705.5,78.0,16.9,38.2,0.0,1013.4
2025-08-12 17:00:00+00:00,21.9,74,17.0,69,276.0,111.0,243.5,165.0,13.7,31.3,0.0,1013.3
2025-08-12 18:00:00+00:00,21.4,73,16.4,10,167.0,113.0,371.3,54.0,11.2,25.9,0.0,1012.8
2025-08-12 19:00:00+00:00,20.4,78,16.4,9,24.0,7.0,48.1,17.0,10.4,23.8,0.0,1013.0
2025-08-12 20:00:00+00:00,19.6,83,16.6,18,0.0,0.0,0.0,0.0,8.6,20.2,0.0,1013.5
2025-08-12 21:00:00+00:00,19.2,85,16.6,3,0.0,0.0,0.0,0.0,6.8,16.6,0.0,1013.7
2025-08-12 22:00:00+00:00,18.6,89,16.8,20,0.0,0.0,0.0,0.0,6.8,15.5,0.0,1013.9
2025-08-12 23:00:00+00:00,18.1,91,16.6,42,0.0,0.0,0.0,0.0,7.2,16.6,0.0,1014.0
2025-08-13 00:00:00+00:00,18.2,93,17.1,87,0.0,0.0,0.0,0.0,10.4,23.0,0.0,1014.2
2025-08-13 01:00:00+00:00,17.7,92,16.4,98,0.0,0.0,0.0,0.0,6.5,14.4,0.0,1014.0
2025-08-13 02:00:00+00:00,17.3,92,16.0,98,0.0,0.0,0.0,0.0,6.8,15.8,0.0,1013.8
2025-08-13 03:00:00+00:00,17.4,92,16.1,98,0.0,0.0,0.0,0.0,8.6,19.8,0.0,1013.8
2025-08-13 04:00:00+00:00,17.4,92,16.1,98,0.0,0.0,0.0,0.0,5.0,12.2,0.0,1013.5
2025-08-13 05:00:00+00:00,17.3,92,16.0,98,7.0,0.0,0.0,7.0,7.2,16.6,0.0,1013.7
2025-08-13 06:00:00+00:00,17.0,95,16.2,100,27.0,0.0,0.0,27.0,8.3,19.1,0.0,1014.2
2025-08-13 07:00:00+00:00,18.0,88,16.0,95,113.0,1.0,4.1,112.0,7.6,17.3,0.0,1014.4
2025-08-13 08:00:00+00:00,19.4,81,16.1,100,223.0,14.0,34.8,209.0,8.3,19.8,0.0,1014.1
2025-08-13 09:00:00+00:00,21.0,75,16.4,88,358.0,111.0,204.5,247.0,10.4,24.5,0.0,1014.7
2025-08-13 10:00:00+00:00,21.2,73,16.1,100,343.0,27.0,40.9,316.0,12.2,28.4,0.0,1014.8
2025-08-13 11:00:00+00:00,22.2,68,16.0,93,542.0,165.0,221.3,377.0,15.8,36.4,0.0,1015.3
2025-08-13 12:00:00+00:00,22.7,65,15.8,100,503.0,148.0,186.5,355.0,16.9,38.9,0.0,1015.1
2025-08-13 13:00:00+00:00,21.8,69,15.9,99,420.0,191.0,238.5,229.0,13.7,31.7,0.0,1014.6
2025-08-13 14:00:00+00:00,23.0,63,15.6,16,718.0,427.0,557.1,291.0,18.7,42.5,0.0,1014.8
2025-08-13 15:00:00+00:00,23.3,61,15.3,27,593.0,475.0,685.2,118.0,18.7,42.8,0.0,1014.9
2025-08-13 16:00:00+00:00,22.6,60,14.4,34,469.0,341.0,582.0,128.0,17.3,38.9,0.0,1014.9
2025-08-13 17:00:00+00:00,21.8,64,14.7,6,331.0,263.0,582.1,68.0,14.8,34.2,0.0,1014.5
2025-08-13 18:00:00+00:00,21.0,70,15.3,51,151.0,87.0,289.9,64.0,13.0,29.5,0.0,1014.3
2025-08-13 19:00:00+00:00,20.6,71,15.2,21,22.0,6.0,42.5,16.0,11.5,25.6,0.0,1014.4
2025-08-13 20:00:00+00:00,19.7,77,15.5,3,0.0,0.0,0.0,0.0,11.9,25.6,0.0,1015.0
2025-08-13 21:00:00+00:00,19.0,82,15.9,30,0.0,0.0,0.0,0.0,7.6,18.4,0.0,1015.5
2025-08-13 22:00:00+00:00,18.7,85,16.1,58,0.0,0.0,0.0,0.0,7.6,17.6,0.0,1016.1
2025-08-13 23:00:00+00:00,18.5,87,16.3,48,0.0,0.0,0.0,0.0,7.6,17.3,0.0,1016.0
2025-08-14 00:00:00+00:00,18.1,88,16.1,48,0.0,0.0,0.0,0.0,5.0,11.9,0.0,1016.3
2025-08-14 01:00:00+00:00,17.8,90,16.1,15,0.0,0.0,0.0,0.0,6.5,14.8,0.0,1016.3
2025-08-14 02:00:00+00:00,17.0,93,15.9,19,0.0,0.0,0.0,0.0,4.0,10.4,0.0,1016.4
2025-08-14 03:00:00+00:00,17.2,94,16.2,53,0.0,0.0,0.0,0.0,4.0,9.7,0.0,1016.9
2025-08-14 04:00:00+00:00,17.0,94,16.1,55,0.0,0.0,0.0,0.0,4.0,9.0,0.0,1017.1
2025-08-14 05:00:00+00:00,16.7,95,15.9,48,9.0,0.0,0.0,9.0,2.9,6.8,0.0,1017.4
2025-08-14 06:00:00+00:00,16.6,94,15.7,77,50.0,9.0,93.0,41.0,8.3,18.7,0.0,1017.7
2025-08-14 07:00:00+00:00,17.9,88,15.9,44,186.0,89.0,365.9,97.0,6.8,15.5,0.0,1018.2
2025-08-14 08:00:00+00:00,19.8,80,16.3,63,294.0,107.0,268.5,187.0,10.4,24.8,0.0,1018.5
2025-08-14 09:00:00+00:00,21.9,62,14.3,69,470.0,313.0,580.0,157.0,12.2,29.9,0.0,1019.1
2025-08-14 10:00:00+00:00,22.9,58,14.2,73,567.0,185.0,281.6,382.0,14.0,34.2,0.0,1019.4
2025-08-14 11:00:00+00:00,24.5,49,13.1,22,723.0,581.0,782.5,142.0,11.9,31.7,0.0,1019.4
2025-08-14 12:00:00+00:00,25.7,45,12.9,53,728.0,593.0,750.2,135.0,13.7,35.6,0.0,1019.2
2025-08-14 13:00:00+00:00,25.2,50,14.0,98,662.0,183.0,229.5,479.0,17.3,42.5,0.0,1019.4
2025-08-14 14:00:00+00:00,25.5,49,14.0,1,730.0,630.0,825.6,100.0,18.4,42.8,0.0,1019.4
2025-08-14 15:00:00+00:00,25.8,47,13.6,0,633.0,544.0,788.8,89.0,17.3,40.7,0.0,1019.4
2025-08-14 16:00:00+00:00,25.6,48,13.8,6,490.0,415.0,713.0,75.0,16.6,38.2,0.0,1019.5
2025-08-14 17:00:00+00:00,24.6,52,14.1,2,332.0,262.0,585.2,70.0,17.6,39.6,0.0,1019.7
2025-08-14 18:00:00+00:00,23.9,57,14.9,1,164.0,114.0,385.4,50.0,14.4,32.8,0.0,1020.1
2025-08-14 19:00:00+00:00,22.9,63,15.5,2,18.0,4.0,29.3,14.0,9.4,22.0,0.0,1021.1
2025-08-14 20:00:00+00:00,22.6,57,13.6,4,0.0,0.0,0.0,0.0,11.2,25.6,0.0,1022.0
2025-08-14 21:00:00+00:00,21.4,63,14.1,1,0.0,0.0,0.0,0.0,9.4,21.6,0.0,1022.1
2025-08-14 22:00:00+00:00,20.6,66,14.1,0,0.0,0.0,0.0,0.0,10.8,24.8,0.0,1022.5
2025-08-14 23:00:00+00:00,19.7,70,14.1,0,0.0,0.0,0.0,0.0,11.2,25.9,0.0,1023.0
2025-08-15 00:00:00+00:00,18.7,76,14.4,0,0.0,0.0,0.0,0.0,10.8,24.5,0.0,1023.4
2025-08-15 01:00:00+00:00,17.9,82,14.8,0,0.0,0.0,0.0,0.0,9.4,21.2,0.0,1023.3
2025-08-15 02:00:00+00:00,17.5,85,14.9,0,0.0,0.0,0.0,0.0,9.0,20.2,0.0,1023.3
2025-08-15 03:00:00+00:00,17.1,89,15.3,2,0.0,0.0,0.0,0.0,8.3,19.1,0.0,1023.7
2025-08-15 04:00:00+00:00,16.7,90,15.1,6,0.0,0.0,0.0,0.0,8.3,18.7,0.0,1024.0
2025-08-15 05:00:00+00:00,16.4,91,15.0,3,9.0,0.0,0.0,9.0,6.5,14.8,0.0,1024.3
2025-08-15 06:00:00+00:00,16.8,89,15.0,4,60.0,29.0,305.1,31.0,6.8,15.1,0.0,1025.0
2025-08-15 07:00:00+00:00,18.1,84,15.4,5,206.0,136.0,567.2,70.0,6.5,14.8,0.0,1025.3
2025-08-15 08:00:00+00:00,20.4,75,15.8,0,369.0,281.0,711.0,88.0,9.0,20.5,0.0,1025.5
2025-08-15 09:00:00+00:00,22.8,64,15.6,0,519.0,419.0,781.0,100.0,9.0,22.3,0.0,1026.0
2025-08-15 10:00:00+00:00,24.3,55,14.7,8,641.0,531.0,812.1,110.0,7.6,22.0,0.0,1025.9
2025-08-15 11:00:00+00:00,25.7,49,14.2,11,727.0,609.0,823.6,118.0,6.5,22.7,0.0,1025.8
2025-08-15 12:00:00+00:00,27.2,40,12.5,0,783.0,675.0,857.3,108.0,6.1,23.0,0.0,1025.5
2025-08-15 13:00:00+00:00,28.4,37,12.3,0,779.0,675.0,849.9,104.0,6.8,24.8,0.0,1025.0
2025-08-15 14:00:00+00:00,29.4,34,11.9,0,726.0,629.0,828.0,97.0,8.3,26.6,0.0,1024.5
2025-08-15 15:00:00+00:00,30.0,33,12.0,0,627.0,538.0,784.3,89.0,8.3,26.6,0.0,1024.3
2025-08-15 16:00:00+00:00,30.2,33,12.1,0,490.0,412.0,712.6,78.0,9.4,27.4,0.0,1024.0
2025-08-15 17:00:00+00:00,29.9,33,11.9,5,327.0,258.0,581.6,69.0,10.1,27.4,0.0,1023.9
2025-08-15 18:00:00+00:00,29.5,33,11.6,6,160.0,110.0,377.5,50.0,11.2,27.4,0.0,1023.8
2025-08-15 19:00:00+00:00,28.6,35,11.6,0,14.0,3.0,22.7,11.0,12.2,28.4,0.0,1024.3
2025-08-15 20:00:00+00:00,24.2,57,15.1,96,0.0,0.0,0.0,0.0,6.8,16.6,0.0,1024.9
2025-08-15 21:00:00+00:00,23.1,64,15.9,23,0.0,0.0,0.0,0.0,3.6,9.4,0.0,1024.7
2025-08-15 22:00:00+00:00,22.4,68,16.2,20,0.0,0.0,0.0,0.0,11.2,25.9,0.0,1025.8
2025-08-15 23:00:00+00:00,21.5,72,16.2,3,0.0,0.0,0.0,0.0,8.6,20.2,0.0,1026.2
2025-08-16 00:00:00+00:00,20.6,76,16.2,3,0.0,0.0,0.0,0.0,5.4,13.7,0.0,1026.2
2025-08-16 01:00:00+00:00,20.4,73,15.4,8,0.0,0.0,0.0,0.0,9.0,20.9,0.0,1026.3
2025-08-16 02:00:00+00:00,19.6,76,15.3,2,0.0,0.0,0.0,0.0,10.8,24.8,0.0,1026.2
2025-08-16 03:00:00+00:00,18.5,81,15.2,2,0.0,0.0,0.0,0.0,13.0,29.9,0.0,1026.0
2025-08-16 04:00:00+00:00,17.8,85,15.3,18,0.0,0.0,0.0,0.0,11.2,25.2,0.0,1026.0
2025-08-16 05:00:00+00:00,17.6,85,15.0,48,7.0,0.0,0.0,7.0,8.6,20.2,0.0,1026.2
2025-08-16 06:00:00+00:00,17.4,83,14.5,53,48.0,14.0,150.0,34.0,11.2,25.6,0.0,1026.7
2025-08-16 07:00:00+00:00,17.9,79,14.2,84,145.0,32.0,135.4,113.0,12.2,28.4,0.0,1027.3
2025-08-16 08:00:00+00:00,18.7,74,14.0,78,280.0,151.0,385.3,129.0,13.0,31.0,0.0,1027.7
2025-08-16 09:00:00+00:00,20.5,67,14.2,44,471.0,329.0,617.0,142.0,13.0,30.2,0.0,1028.1
2025-08-16 10:00:00+00:00,22.4,58,13.7,13,629.0,508.0,780.6,121.0,13.0,32.0,0.0,1027.9
2025-08-16 11:00:00+00:00,24.2,51,13.5,13,712.0,572.0,776.8,140.0,13.3,33.8,0.0,1027.3
2025-08-16 12:00:00+00:00,25.6,45,12.8,16,745.0,584.0,744.8,161.0,15.1,38.9,0.0,1026.6
2025-08-16 13:00:00+00:00,26.2,42,12.3,55,661.0,389.0,491.9,272.0,15.8,40.0,0.0,1026.0
2025-08-16 14:00:00+00:00,24.5,56,15.2,62,612.0,333.0,440.4,279.0,12.6,33.8,0.0,1025.6
2025-08-16 15:00:00+00:00,24.4,57,15.3,61,515.0,306.0,448.5,209.0,16.6,40.7,0.0,1025.2
2025-08-16 16:00:00+00:00,23.0,61,15.1,16,469.0,370.0,644.4,99.0,20.2,44.3,0.0,1025.0
2025-08-16 17:00:00+00:00,22.5,66,15.8,22,307.0,218.0,496.2,89.0,18.0,40.3,0.0,1024.9
2025-08-16 18:00:00+00:00,21.7,68,15.5,5,155.0,106.0,369.5,49.0,17.3,38.2,0.0,1024.9
2025-08-16 19:00:00+00:00,21.4,65,14.6,7,12.0,2.0,15.7,10.0,11.2,26.3,0.0,1024.9
2025-08-16 20:00:00+00:00,20.7,67,14.4,4,0.0,0.0,0.0,0.0,10.4,24.8,0.0,1025.1
2025-08-16 21:00:00+00:00,20.0,60,12.0,1,0.0,0.0,0.0,0.0,16.9,39.2,0.0,1025.2
2025-08-16 22:00:00+00:00,18.7,65,12.0,5,0.0,0.0,0.0,0.0,17.3,39.6,0.0,1025.7
2025-08-16 23:00:00+00:00,17.5,69,11.7,0,0.0,0.0,0.0,0.0,15.8,37.1,0.0,1025.9
2025-08-17 00:00:00+00:00,16.7,71,11.4,0,0.0,0.0,0.0,0.0,14.4,33.5,0.0,1025.9
2025-08-17 01:00:00+00:00,16.0,72,11.0,0,0.0,0.0,0.0,0.0,11.9,27.4,0.0,1025.6
2025-08-17 02:00:00+00:00,15.5,75,11.1,0,0.0,0.0,0.0,0.0,12.6,28.8,0.0,1024.9
2025-08-17 03:00:00+00:00,15.3,75,10.9,0,0.0,0.0,0.0,0.0,12.2,28.1,0.0,1024.7
2025-08-17 04:00:00+00:00,14.8,76,10.6,0,0.0,0.0,0.0,0.0,10.4,24.1,0.0,1024.5
2025-08-17 05:00:00+00:00,14.4,77,10.4,0,7.0,0.0,0.0,7.0,9.7,22.3,0.0,1024.7
2025-08-17 06:00:00+00:00,14.3,75,9.9,0,57.0,27.0,294.8,30.0,12.6,28.4,0.0,1024.8
2025-08-17 07:00:00+00:00,15.5,71,10.2,0,206.0,138.0,592.9,68.0,14.0,31.7,0.0,1024.8
2025-08-17 08:00:00+00:00,17.4,63,10.3,9,364.0,265.0,682.1,99.0,15.5,36.0,0.0,1024.7
2025-08-17 09:00:00+00:00,19.1,57,10.4,5,520.0,418.0,788.7,102.0,15.8,38.2,0.0,1024.8
2025-08-17 10:00:00+00:00,20.4,53,10.5,5,647.0,539.0,832.4,108.0,13.7,34.2,0.0,1024.5
2025-08-17 11:00:00+00:00,21.8,49,10.6,7,730.0,623.0,849.8,107.0,13.7,34.9,0.0,1024.0
2025-08-17 12:00:00+00:00,23.2,44,10.3,0,781.0,674.0,863.2,107.0,13.7,35.6,0.0,1023.6
2025-08-17 13:00:00+00:00,21.7,57,12.8,2,772.0,669.0,849.6,103.0,19.4,43.6,0.0,1023.3
2025-08-17 14:00:00+00:00,21.6,57,12.7,25,715.0,615.0,817.3,100.0,19.4,44.3,0.0,1023.0
2025-08-17 15:00:00+00:00,21.4,60,13.3,61,599.0,477.0,703.2,122.0,18.0,40.7,0.0,1022.8
2025-08-17 16:00:00+00:00,21.5,60,13.4,14,479.0,398.0,698.2,81.0,17.6,39.6,0.0,1022.5
2025-08-17 17:00:00+00:00,21.6,58,13.0,0,318.0,253.0,581.7,65.0,16.6,36.7,0.0,1022.4
2025-08-17 18:00:00+00:00,21.2,60,13.2,0,150.0,102.0,361.4,48.0,14.0,31.3,0.0,1022.0
2025-08-17 19:00:00+00:00,20.7,65,13.9,9,9.0,1.0,8.2,8.0,12.2,28.1,0.0,1021.9
2025-08-17 20:00:00+00:00,20.3,65,13.5,18,0.0,0.0,0.0,0.0,10.4,24.1,0.0,1022.0
2025-08-17 21:00:00+00:00,19.5,67,13.2,6,0.0,0.0,0.0,0.0,15.1,35.3,0.0,1022.1
2025-08-17 22:00:00+00:00,18.9,71,13.5,20,0.0,0.0,0.0,0.0,13.7,31.7,0.0,1022.1
2025-08-17 23:00:00+00:00,18.2,75,13.7,69,0.0,0.0,0.0,0.0,13.7,31.7,0.0,1022.1
2025-08-18 00:00:00+00:00,17.8,77,13.7,89,0.0,0.0,0.0,0.0,11.5,26.6,0.0,1022.0
2025-08-18 01:00:00+00:00,17.8,79,14.1,96,0.0,0.0,0.0,0.0,10.8,25.2,0.0,1021.8
2025-08-18 02:00:00+00:00,17.1,79,13.4,11,0.0,0.0,0.0,0.0,14.0,32.8,0.0,1021.6
2025-08-18 03:00:00+00:00,17.2,82,14.1,73,0.0,0.0,0.0,0.0,9.7,22.7,0.0,1021.5
2025-08-18 04:00:00+00:00,16.9,83,14.0,70,0.0,0.0,0.0,0.0,10.8,24.8,0.0,1021.3
2025-08-18 05:00:00+00:00,16.8,83,13.9,84,5.0,0.0,0.0,5.0,11.9,27.4,0.0,1021.0
2025-08-18 06:00:00+00:00,16.9,81,13.6,95,29.0,1.0,11.1,28.0,11.2,24.8,0.0,1020.9
2025-08-18 07:00:00+00:00,17.8,78,13.9,93,106.0,37.0,161.5,69.0,13.0,29.2,0.0,1020.7
2025-08-18 08:00:00+00:00,18.9,72,13.7,70,294.0,142.0,368.7,152.0,13.3,31.0,0.0,1020.7
2025-08-18 09:00:00+00:00,19.9,66,13.3,95,240.0,34.0,64.6,206.0,14.0,33.1,0.0,1021.2
2025-08-18 10:00:00+00:00,21.1,58,12.5,100,349.0,29.0,45.0,320.0,13.0,32.0,0.0,1020.9
2025-08-18 11:00:00+00:00,21.4,59,13.1,98,388.0,48.0,65.8,340.0,14.0,33.8,0.0,1020.7
2025-08-18 12:00:00+00:00,21.9,57,13.0,96,397.0,11.0,14.1,386.0,10.8,27.4,0.0,1020.4
2025-08-18 13:00:00+00:00,21.4,67,15.0,66,619.0,319.0,406.9,300.0,15.8,36.0,0.0,1019.7
2025-08-18 14:00:00+00:00,23.8,52,13.4,35,663.0,500.0,667.7,163.0,10.1,29.2,0.0,1018.8
2025-08-18 15:00:00+00:00,22.2,64,15.1,70,510.0,390.0,578.3,120.0,16.6,37.4,0.0,1018.6
2025-08-18 16:00:00+00:00,22.1,59,13.7,84,357.0,162.0,286.3,195.0,18.7,42.1,0.0,1018.5
2025-08-18 17:00:00+00:00,21.1,65,14.3,100,105.0,3.0,7.0,102.0,14.8,33.5,0.0,1018.2
2025-08-18 18:00:00+00:00,21.2,63,13.9,98,83.0,3.0,10.8,80.0,16.2,36.4,0.0,1017.6
2025-08-18 19:00:00+00:00,20.8,63,13.5,100,5.0,0.0,0.0,5.0,10.1,23.0,0.0,1017.6
2025-08-18 20:00:00+00:00,20.7,64,13.6,88,0.0,0.0,0.0,0.0,7.9,19.1,0.0,1017.5
2025-08-18 21:00:00+00:00,20.4,64,13.4,98,0.0,0.0,0.0,0.0,14.8,33.8,0.0,1017.3
2025-08-18 22:00:00+00:00,19.4,68,13.4,97,0.0,0.0,0.0,0.0,13.3,30.6,0.0,1017.3
2025-08-18 23:00:00+00:00,18.5,71,13.2,82,0.0,0.0,0.0,0.0,12.6,29.2,0.0,1017.2
2025-08-19 00:00:00+00:00,17.9,76,13.6,87,0.0,0.0,0.0,0.0,11.9,27.4,0.0,1017.4
2025-08-19 01:00:00+00:00,17.6,77,13.5,95,0.0,0.0,0.0,0.0,10.4,23.4,0.0,1017.3
2025-08-19 02:00:00+00:00,17.3,79,13.7,100,0.0,0.0,0.0,0.0,11.5,25.6,0.0,1016.7
2025-08-19 03:00:00+00:00,17.1,79,13.5,89,0.0,0.0,0.0,0.0,15.5,33.8,0.0,1016.5
2025-08-19 04:00:00+00:00,16.7,79,13.0,77,0.0,0.0,0.0,0.0,15.1,33.5,0.0,1016.3
2025-08-19 05:00:00+00:00,16.4,81,13.2,81,4.0,0.0,0.0,4.0,10.8,23.8,0.0,1016.5
2025-08-19 06:00:00+00:00,16.8,82,13.7,100,20.0,0.0,0.0,20.0,4.3,10.1,0.0,1016.7
2025-08-19 07:00:00+00:00,17.5,80,14.0,94,124.0,22.0,97.5,102.0,12.2,27.4,0.0,1016.3
2025-08-19 08:00:00+00:00,18.5,77,14.4,100,91.0,0.0,0.0,91.0,10.8,24.5,0.0,1016.5
2025-08-19 09:00:00+00:00,20.8,68,14.7,45,495.0,380.0,726.0,115.0,17.3,39.6,0.0,1015.8
2025-08-19 10:00:00+00:00,22.4,60,14.3,68,532.0,336.0,524.2,196.0,15.8,36.7,0.0,1015.7
2025-08-19 11:00:00+00:00,23.9,54,14.1,60,648.0,401.0,552.0,247.0,15.5,37.8,0.0,1015.4
2025-08-19 12:00:00+00:00,24.7,50,13.6,73,582.0,338.0,436.7,244.0,14.4,36.4,0.0,1015.1
2025-08-19 13:00:00+00:00,24.9,48,13.2,100,238.0,0.0,0.0,238.0,13.7,33.5,0.0,1015.1
2025-08-19 14:00:00+00:00,26.0,44,12.8,97,367.0,47.0,63.1,320.0,12.2,31.7,0.0,1014.3
2025-08-19 15:00:00+00:00,25.6,44,12.4,77,387.0,138.0,205.8,249.0,17.3,40.7,0.0,1014.0
2025-08-19 16:00:00+00:00,25.7,42,11.8,65,359.0,140.0,249.3,219.0,16.6,39.2,0.0,1013.7
2025-08-19 17:00:00+00:00,25.1,42,11.3,89,224.0,44.0,103.3,180.0,15.8,37.8,0.0,1013.7
2025-08-19 18:00:00+00:00,24.3,45,11.6,98,62.0,0.0,0.0,62.0,15.8,36.0,0.0,1013.2
2025-08-19 19:00:00+00:00,22.7,54,12.9,54,4.0,0.0,0.0,4.0,15.5,35.3,0.0,1013.6
2025-08-19 20:00:00+00:00,21.4,60,13.3,88,0.0,0.0,0.0,0.0,14.8,33.8,0.0,1014.0
2025-08-19 21:00:00+00:00,20.3,60,12.3,82,0.0,0.0,0.0,0.0,18.7,41.8,0.0,1015.0
2025-08-19 22:00:00+00:00,18.9,65,12.2,55,0.0,0.0,0.0,0.0,19.1,42.5,0.0,1015.2
2025-08-19 23:00:00+00:00,17.6,69,11.9,45,0.0,0.0,0.0,0.0,19.1,42.5,0.0,1015.3
2025-08-20 00:00:00+00:00,17.3,72,12.2,89,0.0,0.0,0.0,0.0,17.3,38.5,0.0,1015.7
2025-08-20 01:00:00+00:00,16.7,68,10.8,97,0.0,0.0,0.0,0.0,16.6,37.1,0.0,1016.0
2025-08-20 02:00:00+00:00,16.3,71,11.0,98,0.0,0.0,0.0,0.0,15.8,34.6,0.0,1015.7
2025-08-20 03:00:00+00:00,16.0,74,11.3,90,0.0,0.0,0.0,0.0,15.5,34.2,0.0,1015.9
2025-08-20 04:00:00+00:00,15.8,75,11.4,73,0.0,0.0,0.0,0.0,14.0,31.0,0.0,1015.8
2025-08-20 05:00:00+00:00,15.7,75,11.3,97,2.0,0.0,0.0,2.0,14.8,32.8,0.0,1015.9
2025-08-20 06:00:00+00:00,15.7,74,11.1,100,30.0,1.0,11.6,29.0,14.0,30.6,0.0,1015.9
2025-08-20 07:00:00+00:00,16.2,72,11.1,98,131.0,18.0,81.1,113.0,15.1,33.8,0.0,1015.9
2025-08-20 08:00:00+00:00,17.0,68,11.0,87,250.0,57.0,150.7,193.0,16.9,37.4,0.0,1016.0
2025-08-20 09:00:00+00:00,17.7,65,11.1,92,302.0,15.0,28.8,287.0,18.0,40.3,0.0,1016.1
2025-08-20 10:00:00+00:00,18.6,59,10.5,92,402.0,123.0,192.9,279.0,16.6,38.2,0.0,1016.4
2025-08-20 11:00:00+00:00,19.6,53,9.7,100,435.0,70.0,96.8,365.0,15.5,36.4,0.0,1016.4
2025-08-20 12:00:00+00:00,19.4,50,8.7,100,406.0,61.0,79.2,345.0,15.5,36.7,0.0,1016.5
2025-08-20 13:00:00+00:00,20.3,45,8.0,100,413.0,55.0,70.8,358.0,14.4,34.2,0.0,1016.1
2025-08-20 14:00:00+00:00,21.6,40,7.4,95,657.0,453.0,611.2,204.0,13.3,33.5,0.0,1015.4
2025-08-20 15:00:00+00:00,22.7,36,6.9,100,425.0,113.0,169.6,312.0,14.0,33.5,0.0,1015.2
2025-08-20 16:00:00+00:00,22.8,36,6.9,100,287.0,30.0,53.8,257.0,15.8,36.7,0.0,1014.9
2025-08-20 17:00:00+00:00,22.5,35,6.3,100,223.0,48.0,113.9,175.0,15.1,35.3,0.0,1014.9
2025-08-20 18:00:00+00:00,21.7,35,5.6,100,118.0,20.0,74.7,98.0,14.8,33.5,0.0,1014.8
2025-08-20 19:00:00+00:00,20.4,38,5.6,98,3.0,0.0,0.0,3.0,14.8,32.8,0.0,1015.3
2025-08-20 20:00:00+00:00,19.1,42,5.9,97,0.0,0.0,0.0,0.0,15.1,33.5,0.0,1015.8
2025-08-20 21:00:00+00:00,17.4,50,6.9,45,0.0,0.0,0.0,0.0,16.6,36.4,0.0,1016.3
2025-08-20 22:00:00+00:00,16.4,56,7.6,74,0.0,0.0,0.0,0.0,16.6,36.4,0.0,1016.6
2025-08-20 23:00:00+00:00,15.6,61,8.1,9,0.0,0.0,0.0,0.0,14.0,31.3,0.0,1016.7
2025-08-21 00:00:00+00:00,15.0,65,8.5,11,0.0,0.0,0.0,0.0,13.0,28.4,0.0,1016.9
2025-08-21 01:00:00+00:00,14.3,67,8.3,8,0.0,0.0,0.0,0.0,13.3,28.8,0.0,1016.9
2025-08-21 02:00:00+00:00,13.8,70,8.4,2,0.0,0.0,0.0,0.0,13.7,29.9,0.0,1016.7
2025-08-21 03:00:00+00:00,13.3,76,9.2,9,0.0,0.0,0.0,0.0,12.6,27.4,0.0,1016.2
2025-08-21 04:00:00+00:00,13.2,77,9.2,0,0.0,0.0,0.0,0.0,13.3,28.8,0.0,1016.1
2025-08-21 05:00:00+00:00,12.8,77,8.8,2,3.0,0.0,0.0,3.0,12.6,27.4,0.0,1016.6
2025-08-21 06:00:00+00:00,13.0,76,8.8,32,43.0,15.0,177.7,28.0,13.0,27.7,0.0,1017.1
2025-08-21 07:00:00+00:00,14.3,70,8.9,11,189.0,118.0,540.7,71.0,14.8,32.8,0.0,1017.4
2025-08-21 08:00:00+00:00,15.9,64,9.1,0,357.0,270.0,720.6,87.0,15.5,33.8,0.0,1017.6
2025-08-21 09:00:00+00:00,18.0,57,9.4,13,498.0,358.0,693.0,140.0,15.8,37.1,0.0,1017.5
2025-08-21 10:00:00+00:00,19.0,51,8.7,18,605.0,440.0,693.7,165.0,13.7,33.5,0.0,1017.8
2025-08-21 11:00:00+00:00,19.8,45,7.5,90,498.0,127.0,176.5,371.0,13.7,34.2,0.0,1018.0
2025-08-21 12:00:00+00:00,21.0,40,6.9,58,647.0,375.0,488.9,272.0,12.6,33.1,0.0,1018.1
2025-08-21 13:00:00+00:00,21.8,37,6.4,72,651.0,333.0,430.8,318.0,12.2,33.5,0.0,1018.1
2025-08-21 14:00:00+00:00,22.2,35,6.0,30,683.0,519.0,704.0,164.0,11.2,31.7,0.0,1018.1
2025-08-21 15:00:00+00:00,22.6,35,6.3,14,596.0,479.0,723.5,117.0,11.9,32.0,0.0,1017.9
2025-08-21 16:00:00+00:00,22.5,35,6.3,26,442.0,323.0,584.4,119.0,11.9,31.3,0.0,1017.9
2025-08-21 17:00:00+00:00,22.2,36,6.4,59,248.0,110.0,264.1,138.0,11.9,29.9,0.0,1018.2
2025-08-21 18:00:00+00:00,21.6,37,6.3,72,103.0,18.0,68.5,85.0,11.2,27.0,0.0,1018.5
2025-08-21 19:00:00+00:00,21.0,38,6.1,96,1.0,0.0,0.0,1.0,11.9,27.7,0.0,1019.1
2025-08-21 20:00:00+00:00,19.9,41,6.2,97,0.0,0.0,0.0,0.0,14.0,31.7,0.0,1019.9
2025-08-21 21:00:00+00:00,18.2,46,6.4,45,0.0,0.0,0.0,0.0,15.1,34.2,0.0,1020.6
2025-08-21 22:00:00+00:00,17.1,49,6.3,30,0.0,0.0,0.0,0.0,12.2,28.4,0.0,1021.1
2025-08-21 23:00:00+00:00,16.4,52,6.5,27,0.0,0.0,0.0,0.0,10.1,22.7,0.0,1021.4
2025-08-22 00:00:00+00:00,15.3,58,7.1,21,0.0,0.0,0.0,0.0,5.0,12.2,0.0,1021.6
2025-08-22 01:00:00+00:00,14.2,63,7.3,0,0.0,0.0,0.0,0.0,4.0,9.7,0.0,1021.7
2025-08-22 02:00:00+00:00,13.7,65,7.3,0,0.0,0.0,0.0,0.0,4.7,10.4,0.0,1021.8
2025-08-22 03:00:00+00:00,12.9,69,7.4,0,0.0,0.0,0.0,0.0,3.6,8.3,0.0,1021.8
2025-08-22 04:00:00+00:00,12.4,71,7.3,0,0.0,0.0,0.0,0.0,3.2,7.9,0.0,1021.8
2025-08-22 05:00:00+00:00,12.0,73,7.3,4,2.0,0.0,0.0,2.0,3.2,8.3,0.0,1022.1
2025-08-22 06:00:00+00:00,13.0,69,7.5,20,43.0,17.0,205.8,26.0,3.2,7.9,0.0,1022.4
2025-08-22 07:00:00+00:00,14.5,62,7.3,33,172.0,89.0,414.9,83.0,2.9,6.8,0.0,1022.7
2025-08-22 08:00:00+00:00,16.1,57,7.6,52,315.0,192.0,517.4,123.0,5.8,13.7,0.0,1022.7
2025-08-22 09:00:00+00:00,17.5,46,5.8,99,281.0,58.0,113.0,223.0,1.4,14.0,0.0,1023.2
2025-08-22 10:00:00+00:00,18.3,42,5.1,100,366.0,31.0,49.1,335.0,2.9,16.6,0.0,1022.9
2025-08-22 11:00:00+00:00,18.9,42,5.7,100,411.0,30.0,41.9,381.0,5.0,20.5,0.0,1022.6
2025-08-22 12:00:00+00:00,19.8,39,5.4,95,524.0,119.0,155.9,405.0,6.8,23.8,0.0,1022.5
2025-08-22 13:00:00+00:00,20.5,38,5.7,86,574.0,197.0,256.1,377.0,7.6,25.2,0.0,1022.3
2025-08-22 14:00:00+00:00,21.1,38,6.2,83,540.0,205.0,279.6,335.0,8.6,28.1,0.0,1021.7
2025-08-22 15:00:00+00:00,21.4,39,6.9,100,208.0,0.0,0.0,208.0,6.1,19.8,0.0,1021.3
2025-08-22 16:00:00+00:00,20.1,46,8.1,100,160.0,0.0,0.0,160.0,12.6,29.2,0.0,1021.3
2025-08-22 17:00:00+00:00,19.7,50,9.0,100,114.0,0.0,0.0,114.0,13.0,30.2,0.0,1021.2
2025-08-22 18:00:00+00:00,19.0,55,9.7,91,68.0,10.0,38.8,58.0,13.0,29.5,0.0,1021.2
2025-08-22 19:00:00+00:00,18.5,60,10.6,99,0.0,0.0,0.0,0.0,11.9,26.3,0.0,1021.1
2025-08-22 20:00:00+00:00,18.1,64,11.2,100,0.0,0.0,0.0,0.0,9.4,21.2,0.0,1021.3
2025-08-22 21:00:00+00:00,17.6,73,12.7,76,0.0,0.0,0.0,0.0,7.2,16.6,0.0,1021.2
2025-08-22 22:00:00+00:00,17.3,73,12.4,86,0.0,0.0,0.0,0.0,6.5,15.5,0.0,1021.1
2025-08-22 23:00:00+00:00,17.2,71,11.9,94,0.0,0.0,0.0,0.0,5.8,13.7,0.0,1021.0
2025-08-23 00:00:00+00:00,15.8,79,12.2,53,0.0,0.0,0.0,0.0,5.0,11.9,0.0,1021.0
2025-08-23 01:00:00+00:00,15.5,81,12.2,53,0.0,0.0,0.0,0.0,5.8,14.0,0.0,1020.9
2025-08-23 02:00:00+00:00,15.6,81,12.3,95,0.0,0.0,0.0,0.0,4.3,10.4,0.0,1020.7
2025-08-23 03:00:00+00:00,16.7,72,11.6,85,0.0,0.0,0.0,0.0,4.3,9.7,0.0,1020.2
2025-08-23 04:00:00+00:00,17.0,69,11.3,98,0.0,0.0,0.0,0.0,4.0,9.7,0.0,1020.1
2025-08-23 05:00:00+00:00,16.8,73,11.9,100,1.0,0.0,0.0,1.0,2.5,5.0,0.0,1020.3
2025-08-23 06:00:00+00:00,16.2,74,11.6,98,20.0,1.0,12.4,19.0,0.7,2.5,0.0,1020.8
2025-08-23 07:00:00+00:00,16.8,71,11.5,87,108.0,20.0,94.9,88.0,2.5,6.8,0.0,1021.1
2025-08-23 08:00:00+00:00,17.6,67,11.4,88,202.0,46.0,125.2,156.0,5.4,13.7,0.0,1021.2
2025-08-23 09:00:00+00:00,19.3,63,12.1,47,437.0,276.0,541.6,161.0,4.0,14.0,0.0,1021.0
2025-08-23 10:00:00+00:00,20.7,55,11.3,36,578.0,414.0,660.0,164.0,4.7,18.4,0.0,1020.9
2025-08-23 11:00:00+00:00,21.8,51,11.2,45,581.0,368.0,516.4,213.0,9.0,27.0,0.0,1020.8
2025-08-23 12:00:00+00:00,21.9,49,10.7,99,224.0,8.0,10.5,216.0,4.7,16.6,0.0,1020.6
2025-08-23 13:00:00+00:00,21.9,50,11.0,100,230.0,20.0,26.1,210.0,1.4,13.0,0.0,1020.3
2025-08-23 14:00:00+00:00,22.6,47,10.7,52,509.0,284.0,389.5,225.0,6.8,22.3,0.0,1019.9
2025-08-23 15:00:00+00:00,21.2,52,11.0,100,103.0,0.0,0.0,103.0,9.7,22.7,0.0,1020.1
2025-08-23 16:00:00+00:00,20.9,54,11.2,100,86.0,0.0,0.0,86.0,8.6,19.4,0.0,1020.0
2025-08-23 17:00:00+00:00,20.4,59,12.1,100,55.0,0.0,0.0,55.0,9.4,21.2,0.0,1020.0
2025-08-23 18:00:00+00:00,20.3,61,12.5,100,47.0,0.0,0.0,47.0,7.6,17.6,0.0,1019.7
2025-08-23 19:00:00+00:00,19.7,64,12.7,100,0.0,0.0,0.0,0.0,8.3,18.7,0.0,1019.8
2025-08-23 20:00:00+00:00,19.3,68,13.2,100,0.0,0.0,0.0,0.0,6.5,14.4,0.0,1020.2
2025-08-23 21:00:00+00:00,18.8,71,13.4,100,0.0,0.0,0.0,0.0,5.0,12.2,0.0,1020.5
2025-08-23 22:00:00+00:00,18.8,70,13.2,85,0.0,0.0,0.0,0.0,7.6,17.3,0.0,1020.8
2025-08-23 23:00:00+00:00,18.6,74,13.9,91,0.0,0.0,0.0,0.0,11.9,26.3,0.0,1020.9
2025-08-24 00:00:00+00:00,18.4,74,13.7,98,0.0,0.0,0.0,0.0,11.2,24.8,0.0,1020.8
2025-08-24 01:00:00+00:00,18.2,72,13.1,87,0.0,0.0,0.0,0.0,10.1,23.0,0.0,1020.4
2025-08-24 02:00:00+00:00,18.1,70,12.6,97,0.0,0.0,0.0,0.0,7.6,17.3,0.0,1020.2
2025-08-24 03:00:00+00:00,18.3,69,12.5,98,0.0,0.0,0.0,0.0,9.4,21.2,0.0,1019.9
2025-08-24 04:00:00+00:00,18.1,71,12.8,55,0.0,0.0,0.0,0.0,9.7,22.0,0.0,1019.9
2025-08-24 05:00:00+00:00,18.1,75,13.6,62,1.0,0.0,0.0,1.0,11.2,24.5,0.0,1020.1
2025-08-24 06:00:00+00:00,17.0,83,14.1,34,37.0,11.0,139.4,26.0,3.2,7.6,0.0,1020.3
2025-08-24 07:00:00+00:00,18.2,74,13.5,67,146.0,52.0,251.2,94.0,7.9,16.9,0.0,1020.5
2025-08-24 08:00:00+00:00,19.2,66,12.7,41,315.0,201.0,552.4,114.0,12.6,29.2,0.0,1020.7
2025-08-24 09:00:00+00:00,20.2,63,12.9,27,475.0,351.0,693.6,124.0,13.0,30.6,0.0,1021.1
2025-08-24 10:00:00+00:00,21.2,57,12.4,38,598.0,441.0,707.0,157.0,14.0,33.8,0.0,1021.1
2025-08-24 11:00:00+00:00,21.9,53,11.9,59,584.0,322.0,454.2,262.0,13.7,33.1,0.0,1021.1
2025-08-24 12:00:00+00:00,22.2,52,11.9,70,582.0,335.0,443.2,247.0,19.4,45.0,0.0,1021.2
2025-08-24 13:00:00+00:00,22.6,51,11.9,41,698.0,530.0,696.1,168.0,19.4,46.4,0.0,1021.0
2025-08-24 14:00:00+00:00,22.7,49,11.5,65,586.0,371.0,511.8,215.0,18.4,42.8,0.0,1020.5
2025-08-24 15:00:00+00:00,22.6,42,9.1,26,562.0,437.0,673.4,125.0,17.3,40.7,0.0,1020.7
2025-08-24 16:00:00+00:00,21.5,50,10.7,3,447.0,369.0,684.9,78.0,18.4,42.1,0.0,1020.5
2025-08-24 17:00:00+00:00,20.7,52,10.5,0,287.0,224.0,557.4,63.0,16.9,38.2,0.0,1020.3
2025-08-24 18:00:00+00:00,20.2,54,10.6,0,118.0,75.0,303.2,43.0,15.5,34.2,0.0,1019.9
2025-08-24 19:00:00+00:00,19.4,58,10.9,0,0.0,0.0,0.0,0.0,12.2,27.7,0.0,1020.1
2025-08-24 20:00:00+00:00,18.9,61,11.2,0,0.0,0.0,0.0,0.0,8.3,19.1,0.0,1020.2
2025-08-24 21:00:00+00:00,18.1,59,10.0,0,0.0,0.0,0.0,0.0,7.2,17.3,0.0,1020.5
2025-08-24 22:00:00+00:00,17.5,62,10.2,0,0.0,0.0,0.0,0.0,7.2,17.3,0.0,1020.3
2025-08-24 23:00:00+00:00,17.2,67,11.0,0,0.0,0.0,0.0,0.0,7.9,18.4,0.0,1020.1
2025-08-25 00:00:00+00:00,17.0,75,12.5,8,0.0,0.0,0.0,0.0,8.3,19.1,0.0,1019.5
2025-08-25 01:00:00+00:00,16.5,79,12.9,28,0.0,0.0,0.0,0.0,8.3,19.1,0.0,1019.2
2025-08-25 02:00:00+00:00,16.3,83,13.4,2,0.0,0.0,0.0,0.0,7.2,17.3,0.0,1018.9
2025-08-25 03:00:00+00:00,15.9,86,13.5,0,0.0,0.0,0.0,0.0,6.8,15.5,0.0,1018.2
2025-08-25 04:00:00+00:00,15.4,88,13.4,0,0.0,0.0,0.0,0.0,5.8,13.0,0.0,1018.1
2025-08-25 05:00:00+00:00,15.5,90,13.8,0,0.0,0.0,0.0,0.0,6.5,13.7,0.0,1018.2
2025-08-25 06:00:00+00:00,16.2,80,12.8,5,40.0,16.0,207.8,24.0,7.6,16.9,0.0,1018.0
2025-08-25 07:00:00+00:00,17.9,73,13.0,2,176.0,114.0,561.0,62.0,9.4,20.9,0.0,1017.8
2025-08-25 08:00:00+00:00,19.4,64,12.4,0,337.0,253.0,702.4,84.0,13.0,29.2,0.0,1017.6
2025-08-25 09:00:00+00:00,20.6,58,12.0,0,491.0,394.0,784.2,97.0,16.6,37.1,0.0,1017.5
2025-08-25 10:00:00+00:00,21.5,54,11.8,3,619.0,513.0,827.2,106.0,17.6,40.0,0.0,1017.2
2025-08-25 11:00:00+00:00,22.3,50,11.4,16,701.0,577.0,818.1,124.0,18.7,42.5,0.0,1016.8
2025-08-25 12:00:00+00:00,22.7,48,11.2,56,610.0,354.0,470.7,256.0,19.4,44.3,0.0,1016.0
2025-08-25 13:00:00+00:00,23.0,48,11.4,2,743.0,641.0,846.3,102.0,20.2,46.1,0.0,1015.4
2025-08-25 14:00:00+00:00,23.2,47,11.2,0,686.0,592.0,821.5,94.0,20.9,46.8,0.0,1014.6
2025-08-25 15:00:00+00:00,23.3,45,10.7,0,586.0,500.0,775.8,86.0,19.1,42.8,0.0,1014.1
2025-08-25 16:00:00+00:00,23.1,46,10.9,5,443.0,370.0,692.9,73.0,16.6,37.4,0.0,1013.6
2025-08-25 17:00:00+00:00,22.8,47,10.9,1,282.0,222.0,559.5,60.0,13.7,31.0,0.0,1012.8
2025-08-25 18:00:00+00:00,21.9,50,11.0,0,113.0,72.0,297.4,41.0,14.0,31.7,0.0,1012.1
2025-08-25 19:00:00+00:00,20.7,55,11.3,0,0.0,0.0,0.0,0.0,13.0,29.9,0.0,1011.7
2025-08-25 20:00:00+00:00,20.2,56,11.1,0,0.0,0.0,0.0,0.0,9.7,22.7,0.0,1011.5
2025-08-25 21:00:00+00:00,19.4,61,11.7,70,0.0,0.0,0.0,0.0,8.6,20.2,0.0,1011.3
2025-08-25 22:00:00+00:00,19.0,68,13.0,64,0.0,0.0,0.0,0.0,8.3,18.7,0.0,1010.8
2025-08-25 23:00:00+00:00,18.5,75,14.0,66,0.0,0.0,0.0,0.0,6.5,14.8,0.0,1010.2
2025-08-26 00:00:00+00:00,18.4,82,15.3,64,0.0,0.0,0.0,0.0,6.5,14.4,0.0,1009.3
2025-08-26 01:00:00+00:00,18.4,84,15.6,41,0.0,0.0,0.0,0.0,6.5,14.4,0.0,1008.3
2025-08-26 02:00:00+00:00,17.5,86,15.2,72,0.0,0.0,0.0,0.0,4.0,10.1,0.0,1007.8
2025-08-26 03:00:00+00:00,16.8,85,14.3,84,0.0,0.0,0.0,0.0,7.2,16.6,0.0,1008.1
2025-08-26 04:00:00+00:00,16.3,89,14.5,90,0.0,0.0,0.0,0.0,6.5,15.8,0.0,1008.1
2025-08-26 05:00:00+00:00,16.1,92,14.8,51,0.0,0.0,0.0,0.0,7.6,17.6,0.0,1008.2
2025-08-26 06:00:00+00:00,16.6,91,15.2,84,21.0,3.0,39.9,18.0,7.6,16.2,0.0,1008.2
2025-08-26 07:00:00+00:00,17.4,92,16.1,100,17.0,0.0,0.0,17.0,6.8,15.5,0.0,1008.1
2025-08-26 08:00:00+00:00,18.0,94,17.0,100,81.0,0.0,0.0,81.0,10.8,25.6,0.1,1008.0
2025-08-26 09:00:00+00:00,20.3,64,13.2,21,475.0,355.0,711.7,120.0,16.2,37.8,0.0,1008.7
2025-08-26 10:00:00+00:00,21.7,49,10.5,0,621.0,516.0,837.0,105.0,15.8,38.2,0.0,1008.8
2025-08-26 11:00:00+00:00,23.5,40,9.1,2,711.0,602.0,858.0,109.0,15.1,38.5,0.0,1008.5
2025-08-26 12:00:00+00:00,24.7,37,9.0,39,732.0,510.0,681.6,222.0,14.0,37.1,0.0,1008.3
2025-08-26 13:00:00+00:00,25.2,38,9.9,37,729.0,600.0,796.5,129.0,19.4,47.9,0.0,1008.1
2025-08-26 14:00:00+00:00,24.2,44,11.2,27,673.0,559.0,780.3,114.0,24.1,56.2,0.0,1008.0
2025-08-26 15:00:00+00:00,23.8,45,11.1,55,491.0,301.0,470.4,190.0,23.0,55.4,0.0,1008.0
2025-08-26 16:00:00+00:00,22.1,52,11.8,42,408.0,300.0,566.9,108.0,24.8,56.5,0.0,1008.2
2025-08-26 17:00:00+00:00,21.6,52,11.4,64,213.0,131.0,334.5,82.0,22.0,50.0,0.0,1008.2
2025-08-26 18:00:00+00:00,20.9,55,11.5,38,100.0,47.0,198.5,53.0,18.0,41.0,0.0,1008.0
2025-08-26 19:00:00+00:00,19.9,61,12.1,98,0.0,0.0,0.0,0.0,14.0,32.4,0.0,1008.2
2025-08-26 20:00:00+00:00,19.1,65,12.4,98,0.0,0.0,0.0,0.0,12.6,29.5,0.0,1008.5
2025-08-26 21:00:00+00:00,17.9,74,13.2,72,0.0,0.0,0.0,0.0,9.0,20.2,0.0,1008.2
2025-08-26 22:00:00+00:00,17.7,77,13.6,47,0.0,0.0,0.0,0.0,10.1,23.0,0.0,1008.0
2025-08-26 23:00:00+00:00,17.5,79,13.8,74,0.0,0.0,0.0,0.0,10.4,23.0,0.0,1007.8
2025-08-27 00:00:00+00:00,17.0,84,14.3,57,0.0,0.0,0.0,0.0,10.4,23.0,0.0,1007.6
2025-08-27 01:00:00+00:00,17.3,78,13.5,77,0.0,0.0,0.0,0.0,9.0,20.2,0.0,1007.4
2025-08-27 02:00:00+00:00,16.7,84,14.0,11,0.0,0.0,0.0,0.0,10.4,24.1,0.0,1006.8
2025-08-27 03:00:00+00:00,16.4,83,13.5,83,0.0,0.0,0.0,0.0,9.4,20.2,0.0,1006.9
2025-08-27 04:00:00+00:00,16.5,84,13.8,88,0.0,0.0,0.0,0.0,5.4,12.2,0.0,1006.4
2025-08-27 05:00:00+00:00,16.7,83,13.8,73,0.0,0.0,0.0,0.0,7.9,17.6,0.0,1006.2
2025-08-27 06:00:00+00:00,16.9,83,14.0,100,3.0,0.0,0.0,3.0,9.0,19.4,1.1,1006.2
2025-08-27 07:00:00+00:00,16.8,90,15.2,63,158.0,85.0,434.7,73.0,11.9,24.8,2.9,1005.9
2025-08-27 08:00:00+00:00,17.7,77,13.6,96,216.0,19.0,53.9,197.0,17.6,37.4,0.0,1005.7
2025-08-27 09:00:00+00:00,19.3,62,11.8,100,348.0,111.0,224.2,237.0,20.5,45.7,0.0,1005.8
2025-08-27 10:00:00+00:00,20.1,62,12.6,100,286.0,16.0,26.1,270.0,23.4,49.0,0.0,1005.4
2025-08-27 11:00:00+00:00,20.4,59,12.1,100,378.0,114.0,163.4,264.0,27.0,59.8,0.0,1005.2
2025-08-27 12:00:00+00:00,18.6,77,14.5,96,404.0,0.0,0.0,404.0,19.1,41.8,0.2,1005.1
2025-08-27 13:00:00+00:00,18.7,79,15.0,100,181.0,0.0,0.0,181.0,23.8,51.5,0.0,1004.8
2025-08-27 14:00:00+00:00,19.3,77,15.1,100,103.0,30.0,42.1,73.0,24.8,52.2,0.0,1004.2
2025-08-27 15:00:00+00:00,19.8,71,14.4,100,129.0,0.0,0.0,129.0,24.8,52.9,0.0,1003.5
2025-08-27 16:00:00+00:00,19.5,77,15.4,95,255.0,28.0,53.4,227.0,20.5,43.6,0.0,1003.5
2025-08-27 17:00:00+00:00,19.8,69,13.9,100,115.0,0.0,0.0,115.0,18.4,40.7,0.0,1003.4
2025-08-27 18:00:00+00:00,18.6,76,14.3,66,85.0,0.0,0.0,85.0,17.3,38.2,0.0,1003.4
2025-08-27 19:00:00+00:00,17.9,79,14.2,2,0.0,0.0,0.0,0.0,13.7,31.0,0.0,1003.6
2025-08-27 20:00:00+00:00,17.2,79,13.5,16,0.0,0.0,0.0,0.0,11.2,25.6,0.0,1003.8
2025-08-27 21:00:00+00:00,16.4,70,10.9,0,0.0,0.0,0.0,0.0,11.2,25.6,0.0,1004.1
2025-08-27 22:00:00+00:00,15.2,76,11.0,11,0.0,0.0,0.0,0.0,4.7,11.5,0.0,1004.2
2025-08-27 23:00:00+00:00,14.4,80,11.0,19,0.0,0.0,0.0,0.0,3.2,8.3,0.0,1004.4
2025-08-28 00:00:00+00:00,14.1,82,11.1,2,0.0,0.0,0.0,0.0,5.0,12.2,0.0,1004.4
2025-08-28 01:00:00+00:00,13.5,83,10.7,23,0.0,0.0,0.0,0.0,4.7,11.2,0.0,1004.3
2025-08-28 02:00:00+00:00,13.6,79,10.1,34,0.0,0.0,0.0,0.0,5.4,12.2,0.0,1004.1
2025-08-28 03:00:00+00:00,12.9,83,10.1,2,0.0,0.0,0.0,0.0,3.2,7.9,0.0,1003.8
2025-08-28 04:00:00+00:00,12.1,87,10.0,11,0.0,0.0,0.0,0.0,2.2,5.8,0.0,1003.8
2025-08-28 05:00:00+00:00,13.0,86,10.7,48,0.0,0.0,0.0,0.0,2.9,5.8,0.0,1003.8
2025-08-28 06:00:00+00:00,14.6,84,12.0,84,21.0,1.0,14.0,20.0,6.5,13.7,0.0,1003.6
2025-08-28 07:00:00+00:00,15.1,89,13.3,100,20.0,0.0,0.0,20.0,6.8,15.5,3.4,1003.6
2025-08-28 08:00:00+00:00,15.8,88,13.8,38,296.0,184.0,527.2,112.0,8.3,18.7,0.2,1003.5
2025-08-28 09:00:00+00:00,15.6,90,14.0,100,35.0,0.0,0.0,35.0,14.8,32.8,1.5,1003.8
2025-08-28 10:00:00+00:00,16.8,81,13.5,100,32.0,0.0,0.0,32.0,11.2,24.8,0.2,1003.4
2025-08-28 11:00:00+00:00,16.9,87,14.7,100,10.0,0.0,0.0,10.0,13.3,29.9,6.5,1003.0
2025-08-28 12:00:00+00:00,16.8,85,14.2,73,530.0,316.0,426.8,214.0,15.1,33.8,1.9,1002.9
2025-08-28 13:00:00+00:00,17.7,83,14.8,24,689.0,446.0,598.6,243.0,20.2,43.2,3.9,1002.3
2025-08-28 14:00:00+00:00,18.9,67,12.7,66,506.0,443.0,626.1,63.0,24.5,53.3,0.0,1002.0
2025-08-28 15:00:00+00:00,19.3,63,12.1,83,351.0,289.0,458.3,62.0,23.4,51.5,0.0,1001.5
2025-08-28 16:00:00+00:00,18.8,59,10.6,57,319.0,124.0,238.8,195.0,22.7,49.7,0.0,1001.3
2025-08-28 17:00:00+00:00,18.9,63,11.7,66,185.0,211.0,553.4,0.0,22.7,49.0,0.0,1000.8
2025-08-28 18:00:00+00:00,18.4,63,11.3,24,89.0,22.0,97.4,67.0,19.1,41.8,0.0,1000.9
2025-08-28 19:00:00+00:00,17.3,71,12.0,25,0.0,0.0,0.0,0.0,18.4,40.7,0.0,1001.0
2025-08-28 20:00:00+00:00,16.5,73,11.7,32,0.0,0.0,0.0,0.0,15.5,35.3,0.0,1000.9
2025-08-28 21:00:00+00:00,16.4,73,11.6,71,0.0,0.0,0.0,0.0,15.8,35.3,0.0,1000.7
2025-08-28 22:00:00+00:00,16.3,73,11.4,100,0.0,0.0,0.0,0.0,14.8,33.5,0.0,1000.2
2025-08-28 23:00:00+00:00,15.9,75,11.5,95,0.0,0.0,0.0,0.0,11.5,25.9,0.0,999.8
2025-08-29 00:00:00+00:00,15.8,76,11.6,96,0.0,0.0,0.0,0.0,12.6,28.4,0.0,999.3
2025-08-29 01:00:00+00:00,15.5,80,12.1,86,0.0,0.0,0.0,0.0,7.6,17.3,0.0,998.3
2025-08-29 02:00:00+00:00,15.5,73,10.7,100,0.0,0.0,0.0,0.0,14.0,31.3,0.0,997.7
2025-08-29 03:00:00+00:00,15.4,84,12.7,100,0.0,0.0,0.0,0.0,13.3,29.2,0.0,996.5
2025-08-29 04:00:00+00:00,15.2,85,12.7,100,0.0,0.0,0.0,0.0,7.9,18.4,0.0,996.4
2025-08-29 05:00:00+00:00,15.2,84,12.5,100,0.0,0.0,0.0,0.0,5.4,12.2,0.0,996.0
2025-08-29 06:00:00+00:00,14.7,94,13.7,100,0.0,0.0,0.0,0.0,6.8,15.8,6.6,995.6
2025-08-29 07:00:00+00:00,14.8,92,13.5,100,4.0,0.0,0.0,4.0,1.1,6.8,9.0,995.3
2025-08-29 08:00:00+00:00,14.6,96,14.0,100,72.0,0.0,0.0,72.0,7.6,17.3,0.1,995.9
2025-08-29 09:00:00+00:00,15.3,92,14.0,100,173.0,1.0,2.1,172.0,6.8,15.8,0.0,996.4
2025-08-29 10:00:00+00:00,17.3,86,15.0,92,390.0,73.0,120.6,317.0,6.8,16.6,0.0,996.4
2025-08-29 11:00:00+00:00,17.6,81,14.3,100,33.0,0.0,0.0,33.0,8.6,21.2,2.1,996.6
2025-08-29 12:00:00+00:00,19.0,65,12.3,99,311.0,7.0,9.5,304.0,18.4,41.4,0.1,996.8
2025-08-29 13:00:00+00:00,20.3,59,12.0,96,411.0,22.0,29.7,389.0,14.8,34.6,0.0,996.6
2025-08-29 14:00:00+00:00,18.7,73,13.7,60,521.0,214.0,304.4,307.0,19.1,42.1,0.0,996.9
2025-08-29 15:00:00+00:00,18.7,73,13.8,100,106.0,0.0,0.0,106.0,19.1,42.1,0.3,997.4
2025-08-29 16:00:00+00:00,18.5,77,14.4,35,379.0,200.0,388.9,179.0,15.5,35.3,0.5,997.6
2025-08-29 17:00:00+00:00,19.4,63,12.2,59,205.0,144.0,383.0,61.0,17.3,39.2,0.0,998.0
2025-08-29 18:00:00+00:00,18.8,56,9.8,5,93.0,51.0,231.3,42.0,15.5,36.4,0.0,998.6
2025-08-29 19:00:00+00:00,17.6,63,10.5,6,0.0,0.0,0.0,0.0,13.7,32.0,0.0,999.6
2025-08-29 20:00:00+00:00,16.8,68,10.8,33,0.0,0.0,0.0,0.0,14.0,32.4,0.0,1000.5
2025-08-29 21:00:00+00:00,16.4,72,11.4,51,0.0,0.0,0.0,0.0,13.0,29.9,0.0,1001.2
2025-08-29 22:00:00+00:00,15.7,79,12.1,20,0.0,0.0,0.0,0.0,13.0,30.2,0.0,1001.7
2025-08-29 23:00:00+00:00,15.1,83,12.3,2,0.0,0.0,0.0,0.0,11.9,28.1,0.0,1002.1
2025-08-30 00:00:00+00:00,14.6,85,12.1,12,0.0,0.0,0.0,0.0,10.8,25.2,0.0,1002.6
2025-08-30 01:00:00+00:00,14.2,88,12.3,6,0.0,0.0,0.0,0.0,9.4,21.6,0.0,1002.8
2025-08-30 02:00:00+00:00,13.8,90,12.2,5,0.0,0.0,0.0,0.0,9.4,21.6,0.0,1003.2
2025-08-30 03:00:00+00:00,13.4,92,12.1,27,0.0,0.0,0.0,0.0,7.6,17.6,0.0,1003.4
2025-08-30 04:00:00+00:00,13.2,92,11.9,19,0.0,0.0,0.0,0.0,7.9,18.4,0.0,1003.7
2025-08-30 05:00:00+00:00,13.2,92,11.9,2,0.0,0.0,0.0,0.0,10.8,24.8,0.0,1004.1
2025-08-30 06:00:00+00:00,13.5,90,11.9,9,33.0,12.0,178.0,21.0,6.5,14.0,0.0,1004.7
2025-08-30 07:00:00+00:00,15.0,85,12.5,9,156.0,93.0,505.8,63.0,9.7,22.0,0.0,1005.0
2025-08-30 08:00:00+00:00,16.7,78,12.8,30,293.0,174.0,509.6,119.0,10.1,22.7,0.0,1005.0
2025-08-30 09:00:00+00:00,18.6,65,11.9,45,409.0,322.0,665.4,87.0,15.5,35.6,0.0,1005.1
2025-08-30 10:00:00+00:00,18.5,69,12.7,66,450.0,195.0,324.2,255.0,17.6,39.2,0.0,1005.1
2025-08-30 11:00:00+00:00,19.1,72,13.9,93,317.0,101.0,147.2,216.0,17.3,38.2,0.0,1004.7
2025-08-30 12:00:00+00:00,19.3,70,13.7,96,296.0,21.0,28.7,275.0,21.6,48.2,0.0,1004.6
2025-08-30 13:00:00+00:00,18.9,73,14.0,100,85.0,1.0,1.4,84.0,23.0,51.1,0.0,1004.3
2025-08-30 14:00:00+00:00,17.6,88,15.6,100,77.0,0.0,0.0,77.0,23.0,50.4,0.3,1003.9
2025-08-30 15:00:00+00:00,17.3,91,15.8,100,75.0,0.0,0.0,75.0,19.4,43.2,0.4,1003.1
2025-08-30 16:00:00+00:00,17.5,93,16.3,100,28.0,0.0,0.0,28.0,20.2,44.3,0.6,1002.6
2025-08-30 17:00:00+00:00,17.8,94,16.8,100,34.0,0.0,0.0,34.0,20.9,46.1,0.5,1001.7
2025-08-30 18:00:00+00:00,17.9,95,17.1,100,8.0,0.0,0.0,8.0,22.3,49.0,1.5,1001.1
2025-08-30 19:00:00+00:00,18.1,94,17.1,100,0.0,0.0,0.0,0.0,20.9,46.4,1.2,1001.1
2025-08-30 20:00:00+00:00,18.2,94,17.2,85,0.0,0.0,0.0,0.0,20.2,45.0,0.0,1001.6
2025-08-30 21:00:00+00:00,17.5,94,16.6,69,0.0,0.0,0.0,0.0,15.8,36.4,0.6,1001.8
2025-08-30 22:00:00+00:00,17.0,91,15.5,63,0.0,0.0,0.0,0.0,12.2,27.7,0.0,1002.4
2025-08-30 23:00:00+00:00,16.1,92,14.8,1,0.0,0.0,0.0,0.0,11.9,26.6,0.0,1002.6
2025-08-31 00:00:00+00:00,15.6,85,13.1,0,0.0,0.0,0.0,0.0,11.9,27.4,0.0,1003.0
2025-08-31 01:00:00+00:00,15.2,85,12.7,16,0.0,0.0,0.0,0.0,8.6,20.2,0.0,1003.3
2025-08-31 02:00:00+00:00,15.1,87,13.0,23,0.0,0.0,0.0,0.0,9.4,21.2,0.1,1003.4
2025-08-31 03:00:00+00:00,14.8,79,11.2,3,0.0,0.0,0.0,0.0,11.5,25.6,0.0,1003.4
2025-08-31 04:00:00+00:00,15.0,80,11.6,41,0.0,0.0,0.0,0.0,9.4,20.9,0.0,1003.4
2025-08-31 05:00:00+00:00,15.0,76,10.8,22,0.0,0.0,0.0,0.0,13.7,29.9,0.0,1003.7
2025-08-31 06:00:00+00:00,15.0,79,11.4,17,30.0,18.0,275.0,12.0,10.4,23.0,0.0,1004.1
2025-08-31 07:00:00+00:00,16.1,77,12.0,16,150.0,96.0,533.6,54.0,9.7,21.2,0.0,1004.3
2025-08-31 08:00:00+00:00,16.6,83,13.7,20,293.0,186.0,550.9,107.0,14.8,32.4,0.9,1004.4
2025-08-31 09:00:00+00:00,18.1,62,10.7,9,465.0,378.0,787.3,87.0,19.8,44.3,0.0,1004.6
2025-08-31 10:00:00+00:00,19.3,53,9.5,20,577.0,354.0,592.3,223.0,21.6,49.0,0.0,1004.6
2025-08-31 11:00:00+00:00,18.3,71,12.9,14,659.0,0.0,0.0,659.0,24.5,52.6,0.6,1004.4
2025-08-31 12:00:00+00:00,19.5,66,13.0,41,622.0,516.0,708.6,106.0,24.5,53.6,0.1,1004.2
2025-08-31 13:00:00+00:00,20.3,58,11.8,19,680.0,438.0,598.2,242.0,22.3,49.0,0.0,1004.0
2025-08-31 14:00:00+00:00,20.5,53,10.6,52,519.0,521.0,750.7,0.0,25.9,58.7,0.0,1003.6
2025-08-31 15:00:00+00:00,20.0,57,11.3,5,554.0,479.0,777.3,75.0,20.9,47.5,0.0,1003.5
2025-08-31 16:00:00+00:00,19.5,61,11.8,56,338.0,308.0,611.0,30.0,23.4,50.8,0.0,1003.5
2025-08-31 17:00:00+00:00,18.9,67,12.6,92,122.0,0.0,0.0,122.0,20.9,45.0,0.0,1003.6
2025-08-31 18:00:00+00:00,17.9,68,11.9,14,81.0,44.0,210.2,37.0,15.5,33.5,0.0,1003.4
2025-08-31 19:00:00+00:00,17.1,71,11.8,3,0.0,0.0,0.0,0.0,15.8,34.9,0.0,1003.5
2025-08-31 20:00:00+00:00,16.7,70,11.2,42,0.0,0.0,0.0,0.0,12.2,26.3,0.0,1003.5
2025-08-31 21:00:00+00:00,16.2,71,10.9,37,0.0,0.0,0.0,0.0,13.0,28.4,0.0,1003.0
2025-08-31 22:00:00+00:00,15.9,75,11.5,2,0.0,0.0,0.0,0.0,13.3,29.2,0.0,1002.6
2025-08-31 23:00:00+00:00,15.7,73,10.9,89,0.0,0.0,0.0,0.0,10.1,21.6,0.0,1002.6
2025-09-01 00:00:00+00:00,15.7,74,11.1,69,0.0,0.0,0.0,0.0,11.2,24.8,0.0,1002.1
2025-09-01 01:00:00+00:00,15.4,79,11.8,12,0.0,0.0,0.0,0.0,13.0,27.7,0.5,1001.6
2025-09-01 02:00:00+00:00,14.7,85,12.2,59,0.0,0.0,0.0,0.0,12.2,26.3,1.1,1001.4
2025-09-01 03:00:00+00:00,15.1,79,11.5,100,0.0,0.0,0.0,0.0,15.1,32.8,0.1,1001.5
2025-09-01 04:00:00+00:00,14.5,87,12.3,78,0.0,0.0,0.0,0.0,9.4,20.2,0.9,1001.2
2025-09-01 05:00:00+00:00,14.7,88,12.8,100,0.0,0.0,0.0,0.0,13.7,30.2,0.5,1001.3
2025-09-01 06:00:00+00:00,15.0,87,12.9,12,29.0,9.0,141.8,20.0,13.3,28.4,1.5,1001.4
2025-09-01 07:00:00+00:00,15.4,90,13.8,79,73.0,78.0,443.2,0.0,14.8,32.0,0.4,1001.5
2025-09-01 08:00:00+00:00,16.8,85,14.2,34,279.0,161.0,482.4,118.0,16.2,33.8,0.0,1001.7
2025-09-01 09:00:00+00:00,15.8,89,14.0,100,104.0,1.0,2.1,103.0,13.0,29.9,1.7,1002.5
2025-09-01 10:00:00+00:00,17.3,90,15.6,78,410.0,421.0,708.9,0.0,14.0,29.2,0.2,1002.6
2025-09-01 11:00:00+00:00,18.1,78,14.2,14,656.0,521.0,768.0,135.0,19.4,41.0,0.1,1002.6
2025-09-01 12:00:00+00:00,19.4,56,10.4,26,675.0,461.0,636.7,214.0,16.6,38.2,0.0,1002.7
2025-09-01 13:00:00+00:00,20.0,54,10.4,94,313.0,540.0,741.9,0.0,22.7,52.6,0.0,1002.8
2025-09-01 14:00:00+00:00,19.1,67,12.8,35,537.0,0.0,0.0,537.0,24.5,52.6,0.1,1003.0
2025-09-01 15:00:00+00:00,19.5,56,10.5,91,256.0,136.0,222.5,120.0,17.6,39.2,0.0,1003.2
2025-09-01 16:00:00+00:00,19.5,50,8.8,43,329.0,188.0,376.8,141.0,21.2,49.7,0.0,1003.8
2025-09-01 17:00:00+00:00,17.7,61,10.1,66,171.0,96.0,266.7,75.0,15.1,34.9,0.0,1004.1
2025-09-01 18:00:00+00:00,18.0,64,11.1,87,43.0,7.0,34.4,36.0,13.7,30.2,0.0,1004.6
2025-09-01 19:00:00+00:00,17.0,70,11.5,26,0.0,0.0,0.0,0.0,12.6,28.8,0.0,1005.1
2025-09-01 20:00:00+00:00,16.5,73,11.6,63,0.0,0.0,0.0,0.0,12.2,27.4,0.0,1005.5
2025-09-01 21:00:00+00:00,15.6,82,12.6,66,0.0,0.0,0.0,0.0,8.6,20.2,0.0,1006.0
2025-09-01 22:00:00+00:00,15.3,82,12.3,87,0.0,0.0,0.0,0.0,7.9,18.0,0.0,1006.3
2025-09-01 23:00:00+00:00,15.2,84,12.5,78,0.0,0.0,0.0,0.0,10.1,22.3,0.0,1006.3
2025-09-02 00:00:00+00:00,14.3,91,12.8,62,0.0,0.0,0.0,0.0,8.6,19.4,0.0,1006.2
2025-09-02 01:00:00+00:00,13.7,90,12.1,0,0.0,0.0,0.0,0.0,6.8,15.5,0.0,1005.9
2025-09-02 02:00:00+00:00,13.1,90,11.5,1,0.0,0.0,0.0,0.0,5.0,11.2,0.0,1005.4
2025-09-02 03:00:00+00:00,14.0,90,12.4,21,0.0,0.0,0.0,0.0,6.8,14.4,2.1,1005.3
2025-09-02 04:00:00+00:00,14.3,90,12.7,32,0.0,0.0,0.0,0.0,8.3,17.6,0.0,1004.8
2025-09-02 05:00:00+00:00,13.5,93,12.4,27,0.0,0.0,0.0,0.0,5.4,11.9,0.2,1004.6
2025-09-02 06:00:00+00:00,14.5,92,13.2,100,1.0,0.0,0.0,1.0,7.2,15.5,1.9,1004.2
2025-09-02 07:00:00+00:00,14.9,90,13.3,100,29.0,0.0,0.0,29.0,7.6,15.8,1.8,1003.8
2025-09-02 08:00:00+00:00,16.0,85,13.5,95,99.0,41.0,124.3,58.0,11.5,24.8,0.0,1003.1
2025-09-02 09:00:00+00:00,16.2,90,14.5,100,97.0,6.0,12.7,91.0,11.9,26.3,0.1,1002.3
2025-09-02 10:00:00+00:00,15.2,92,13.9,100,64.0,0.0,0.0,64.0,19.1,42.1,3.6,1001.6
2025-09-02 11:00:00+00:00,15.5,94,14.6,100,113.0,0.0,0.0,113.0,20.2,43.2,1.5,1000.7
2025-09-02 12:00:00+00:00,17.5,94,16.5,46,546.0,247.0,343.1,299.0,19.1,38.9,5.1,1000.0
2025-09-02 13:00:00+00:00,19.0,78,15.1,37,602.0,399.0,551.5,203.0,20.5,44.6,0.0,999.6
2025-09-02 14:00:00+00:00,19.1,75,14.5,100,232.0,15.0,21.9,217.0,22.0,47.2,0.0,999.4
2025-09-02 15:00:00+00:00,19.2,69,13.4,53,430.0,256.0,422.1,174.0,18.7,42.1,0.1,1000.3
2025-09-02 16:00:00+00:00,18.8,74,14.1,98,216.0,16.0,32.4,200.0,18.4,40.7,0.0,1000.6
2025-09-02 17:00:00+00:00,18.3,79,14.6,78,115.0,49.0,138.2,66.0,17.6,38.2,0.1,1000.4
2025-09-02 18:00:00+00:00,18.0,78,14.1,98,33.0,1.0,5.0,32.0,17.3,38.5,0.0,1000.6
2025-09-02 19:00:00+00:00,17.6,82,14.5,96,0.0,0.0,0.0,0.0,12.2,27.4,0.0,1000.7
2025-09-02 20:00:00+00:00,17.6,88,15.6,88,0.0,0.0,0.0,0.0,10.4,23.8,0.0,1000.9
2025-09-02 21:00:00+00:00,17.4,90,15.7,80,0.0,0.0,0.0,0.0,9.0,20.5,0.0,1000.8
2025-09-02 22:00:00+00:00,17.1,82,14.0,96,0.0,0.0,0.0,0.0,14.0,32.4,0.0,1001.1
2025-09-02 23:00:00+00:00,16.8,77,12.7,98,0.0,0.0,0.0,0.0,9.4,21.2,0.0,1001.4
2025-09-03 00:00:00+00:00,16.8,90,15.2,100,0.0,0.0,0.0,0.0,9.4,20.9,0.2,1000.7
2025-09-03 01:00:00+00:00,16.0,90,14.4,100,0.0,0.0,0.0,0.0,9.7,21.2,0.5,999.9
2025-09-03 02:00:00+00:00,15.8,94,14.8,100,0.0,0.0,0.0,0.0,16.6,36.0,2.3,998.4
2025-09-03 03:00:00+00:00,17.4,93,16.2,100,0.0,0.0,0.0,0.0,30.2,67.3,3.8,997.1
2025-09-03 04:00:00+00:00,18.1,91,16.6,100,0.0,0.0,0.0,0.0,32.8,73.4,0.3,996.4
2025-09-03 05:00:00+00:00,18.1,93,17.0,100,0.0,0.0,0.0,0.0,33.5,74.2,1.2,996.5
2025-09-03 06:00:00+00:00,18.1,92,16.8,100,3.0,0.0,0.0,3.0,32.0,71.6,0.2,996.2
2025-09-03 07:00:00+00:00,18.5,86,16.1,99,28.0,2.0,11.9,26.0,30.2,67.7,0.0,996.0
2025-09-03 08:00:00+00:00,17.8,91,16.3,100,8.0,1.0,3.1,7.0,31.7,69.8,2.4,996.0
2025-09-03 09:00:00+00:00,18.7,85,16.1,98,149.0,40.0,85.4,109.0,28.8,63.4,0.1,995.9
2025-09-03 10:00:00+00:00,18.9,86,16.5,100,69.0,24.0,41.0,45.0,26.3,56.9,0.0,995.6
2025-09-03 11:00:00+00:00,19.8,78,15.9,48,575.0,378.0,563.9,197.0,24.5,52.9,0.0,995.9
2025-09-03 12:00:00+00:00,21.6,63,14.2,55,551.0,569.0,795.1,0.0,27.4,59.4,0.0,996.3
2025-09-03 13:00:00+00:00,20.4,65,13.6,2,703.0,597.0,830.3,106.0,26.3,57.2,0.0,997.1
2025-09-03 14:00:00+00:00,20.0,67,13.7,3,640.0,447.0,657.3,193.0,27.0,59.4,0.0,997.4
2025-09-03 15:00:00+00:00,20.0,68,13.9,100,164.0,16.0,26.6,148.0,22.0,47.2,0.0,997.3
2025-09-03 16:00:00+00:00,20.2,59,12.0,52,297.0,124.0,253.8,173.0,22.7,52.6,0.1,998.2
2025-09-03 17:00:00+00:00,19.7,59,11.4,13,223.0,191.0,547.1,32.0,21.2,49.3,0.0,999.8
2025-09-03 18:00:00+00:00,18.6,63,11.4,29,61.0,27.0,140.2,34.0,15.8,37.1,0.0,1000.8
2025-09-03 19:00:00+00:00,17.4,64,10.5,33,0.0,0.0,0.0,0.0,17.6,41.4,0.0,1002.2
2025-09-03 20:00:00+00:00,16.4,70,10.9,20,0.0,0.0,0.0,0.0,9.7,22.7,0.0,1003.3
2025-09-03 21:00:00+00:00,16.0,74,11.3,57,0.0,0.0,0.0,0.0,11.9,27.4,0.0,1003.5
2025-09-03 22:00:00+00:00,15.8,77,11.8,48,0.0,0.0,0.0,0.0,12.6,29.2,0.0,1004.1
2025-09-03 23:00:00+00:00,15.2,79,11.6,41,0.0,0.0,0.0,0.0,11.5,26.3,0.0,1004.4
2025-09-04 00:00:00+00:00,15.2,80,11.8,3,0.0,0.0,0.0,0.0,10.4,24.5,0.0,1004.4
2025-09-04 01:00:00+00:00,15.2,80,11.8,38,0.0,0.0,0.0,0.0,10.4,23.0,0.0,1004.5
2025-09-04 02:00:00+00:00,15.1,84,12.4,13,0.0,0.0,0.0,0.0,8.3,18.4,0.0,1004.2
2025-09-04 03:00:00+00:00,15.2,83,12.4,60,0.0,0.0,0.0,0.0,10.4,23.4,0.0,1004.3
2025-09-04 04:00:00+00:00,15.9,83,13.0,100,0.0,0.0,0.0,0.0,14.0,30.2,0.0,1003.7
2025-09-04 05:00:00+00:00,16.5,80,13.0,100,0.0,0.0,0.0,0.0,17.6,38.2,0.0,1003.2
2025-09-04 06:00:00+00:00,14.5,90,12.9,93,14.0,0.0,0.0,14.0,14.8,33.1,6.5,1003.2
2025-09-04 07:00:00+00:00,15.2,91,13.7,100,26.0,0.0,0.0,26.0,10.4,23.8,0.2,1004.0
2025-09-04 08:00:00+00:00,15.3,79,11.7,100,64.0,0.0,0.0,64.0,11.2,24.8,0.0,1004.4
2025-09-04 09:00:00+00:00,14.3,83,11.4,59,349.0,22.0,47.3,327.0,9.7,21.2,3.1,1005.2
2025-09-04 10:00:00+00:00,16.2,75,11.7,65,476.0,187.0,321.3,289.0,13.0,31.0,0.0,1005.6
2025-09-04 11:00:00+00:00,17.5,60,9.7,87,370.0,132.0,198.1,238.0,14.0,34.2,0.0,1005.7
2025-09-04 12:00:00+00:00,18.1,60,10.2,100,185.0,5.0,7.0,180.0,17.3,40.0,0.0,1005.5
2025-09-04 13:00:00+00:00,19.2,57,10.5,80,453.0,25.0,35.0,428.0,17.6,41.8,0.0,1006.1
2025-09-04 14:00:00+00:00,19.9,48,8.6,88,397.0,88.0,130.3,309.0,19.4,45.7,0.0,1006.8
2025-09-04 15:00:00+00:00,19.6,48,8.3,46,436.0,324.0,543.2,112.0,19.1,45.4,0.0,1007.8
2025-09-04 16:00:00+00:00,19.9,51,9.4,87,199.0,67.0,138.6,132.0,17.3,40.3,0.0,1008.3
2025-09-04 17:00:00+00:00,19.4,54,9.9,7,225.0,156.0,454.0,69.0,16.6,37.1,0.0,1009.3
2025-09-04 18:00:00+00:00,18.3,54,8.9,71,40.0,2.0,10.7,38.0,14.0,32.8,0.0,1010.5
2025-09-04 19:00:00+00:00,16.5,72,11.4,13,0.0,0.0,0.0,0.0,9.0,22.0,0.2,1011.5
2025-09-04 20:00:00+00:00,15.7,76,11.5,13,0.0,0.0,0.0,0.0,8.6,20.5,0.0,1012.5
2025-09-04 21:00:00+00:00,14.9,79,11.3,35,0.0,0.0,0.0,0.0,10.1,23.0,0.0,1013.1
2025-09-04 22:00:00+00:00,14.3,81,11.1,7,0.0,0.0,0.0,0.0,10.4,24.5,0.0,1013.7
2025-09-04 23:00:00+00:00,14.0,82,11.0,38,0.0,0.0,0.0,0.0,9.4,21.2,0.0,1014.3
2025-09-05 00:00:00+00:00,13.1,87,11.0,6,0.0,0.0,0.0,0.0,7.6,18.0,0.0,1014.9
2025-09-05 01:00:00+00:00,12.7,87,10.6,0,0.0,0.0,0.0,0.0,6.5,15.5,0.0,1015.4
2025-09-05 02:00:00+00:00,12.4,88,10.5,2,0.0,0.0,0.0,0.0,6.5,15.5,0.0,1015.8
2025-09-05 03:00:00+00:00,12.1,90,10.5,4,0.0,0.0,0.0,0.0,6.1,14.8,0.0,1016.5
2025-09-05 04:00:00+00:00,12.5,89,10.7,66,0.0,0.0,0.0,0.0,4.7,11.2,0.0,1017.1
2025-09-05 05:00:00+00:00,11.8,91,10.4,11,0.0,0.0,0.0,0.0,4.7,11.2,0.0,1018.0
2025-09-05 06:00:00+00:00,11.7,93,10.6,21,23.0,6.0,108.0,17.0,4.3,10.4,0.0,1018.8
2025-09-05 07:00:00+00:00,12.9,89,11.2,73,76.0,15.0,93.7,61.0,3.6,8.6,0.0,1019.3
2025-09-05 08:00:00+00:00,14.4,84,11.8,2,297.0,236.0,741.7,61.0,4.0,10.1,0.0,1020.0
2025-09-05 09:00:00+00:00,17.0,71,11.7,15,429.0,309.0,670.6,120.0,6.5,16.6,0.0,1020.6
2025-09-05 10:00:00+00:00,18.3,58,9.9,41,475.0,360.0,622.8,115.0,5.0,18.7,0.0,1021.0
2025-09-05 11:00:00+00:00,18.9,53,9.1,84,354.0,100.0,151.0,254.0,3.2,14.8,0.0,1021.1
2025-09-05 12:00:00+00:00,20.3,45,8.0,7,697.0,572.0,809.0,125.0,10.8,28.8,0.0,1021.0
2025-09-05 13:00:00+00:00,19.9,54,10.3,83,407.0,118.0,166.2,289.0,13.0,30.2,0.0,1020.9
2025-09-05 14:00:00+00:00,20.2,52,10.0,40,554.0,397.0,592.1,157.0,18.7,44.3,0.0,1021.1
2025-09-05 15:00:00+00:00,19.6,54,10.0,41,444.0,358.0,605.3,86.0,12.6,30.2,0.0,1022.0
2025-09-05 16:00:00+00:00,18.9,58,10.4,100,55.0,0.0,0.0,55.0,14.8,33.5,0.0,1021.8
2025-09-05 17:00:00+00:00,18.7,59,10.6,59,184.0,97.0,286.9,87.0,13.0,29.2,0.0,1021.9
2025-09-05 18:00:00+00:00,18.0,66,11.5,69,57.0,16.0,88.3,41.0,9.4,22.0,0.0,1021.9
2025-09-05 19:00:00+00:00,16.7,74,12.1,77,0.0,0.0,0.0,0.0,6.8,16.2,0.0,1022.1
2025-09-05 20:00:00+00:00,15.9,78,12.1,33,0.0,0.0,0.0,0.0,6.1,14.8,0.0,1022.2
2025-09-05 21:00:00+00:00,14.7,83,11.9,8,0.0,0.0,0.0,0.0,4.0,10.1,0.0,1022.2
2025-09-05 22:00:00+00:00,13.6,87,11.5,34,0.0,0.0,0.0,0.0,1.8,5.0,0.0,1022.2
2025-09-05 23:00:00+00:00,13.1,88,11.2,59,0.0,0.0,0.0,0.0,1.4,4.7,0.0,1022.0
2025-09-06 00:00:00+00:00,13.7,88,11.7,61,0.0,0.0,0.0,0.0,2.9,6.1,0.0,1021.9
2025-09-06 01:00:00+00:00,13.9,89,12.1,81,0.0,0.0,0.0,0.0,4.3,9.4,0.0,1021.7
2025-09-06 02:00:00+00:00,13.9,90,12.3,90,0.0,0.0,0.0,0.0,4.0,8.6,0.0,1021.3
2025-09-06 03:00:00+00:00,14.5,87,12.4,86,0.0,0.0,0.0,0.0,5.4,13.0,0.0,1021.3
2025-09-06 04:00:00+00:00,14.6,85,12.1,97,0.0,0.0,0.0,0.0,6.1,14.0,0.0,1020.9
2025-09-06 05:00:00+00:00,14.4,86,12.1,85,0.0,0.0,0.0,0.0,6.1,14.0,0.0,1020.6
2025-09-06 06:00:00+00:00,14.6,86,12.3,76,20.0,3.0,56.0,17.0,8.6,20.2,0.0,1020.3
2025-09-06 07:00:00+00:00,15.7,83,12.8,95,113.0,47.0,301.2,66.0,11.2,24.8,0.0,1019.9
2025-09-06 08:00:00+00:00,16.9,79,13.3,91,229.0,89.0,283.2,140.0,11.2,25.6,0.0,1019.7
2025-09-06 09:00:00+00:00,18.8,72,13.7,88,382.0,239.0,523.2,143.0,19.1,42.8,0.0,1019.1
2025-09-06 10:00:00+00:00,19.7,65,12.9,86,558.0,418.0,728.2,140.0,20.9,47.2,0.0,1018.3
2025-09-06 11:00:00+00:00,20.5,59,12.2,22,662.0,554.0,842.1,108.0,21.2,49.3,0.0,1018.0
2025-09-06 12:00:00+00:00,21.0,54,11.3,49,697.0,587.0,835.4,110.0,21.6,50.0,0.0,1017.4
2025-09-06 13:00:00+00:00,20.9,54,11.3,100,629.0,353.0,500.5,276.0,23.8,53.6,0.0,1016.4
2025-09-06 14:00:00+00:00,20.8,54,11.1,92,613.0,509.0,764.7,104.0,24.1,54.7,0.0,1015.6
2025-09-06 15:00:00+00:00,21.0,53,11.0,93,428.0,330.0,562.9,98.0,25.2,57.2,0.0,1014.6
2025-09-06 16:00:00+00:00,21.2,51,10.7,100,285.0,135.0,285.6,150.0,23.0,53.3,0.0,1013.4
2025-09-06 17:00:00+00:00,21.0,52,10.8,100,204.0,132.0,397.0,72.0,20.9,48.2,0.0,1012.8
2025-09-06 18:00:00+00:00,20.5,56,11.4,100,39.0,1.0,5.7,38.0,19.1,43.9,0.0,1012.2
2025-09-06 19:00:00+00:00,20.1,60,12.1,100,0.0,0.0,0.0,0.0,19.8,45.4,0.0,1011.6
2025-09-06 20:00:00+00:00,19.8,64,12.8,100,0.0,0.0,0.0,0.0,17.3,39.2,0.0,1011.4
2025-09-06 21:00:00+00:00,19.9,67,13.6,41,0.0,0.0,0.0,0.0,18.4,41.4,0.0,1011.5
2025-09-06 22:00:00+00:00,19.7,68,13.7,41,0.0,0.0,0.0,0.0,19.4,43.2,0.0,1011.0
2025-09-06 23:00:00+00:00,19.5,69,13.6,20,0.0,0.0,0.0,0.0,19.1,42.8,0.0,1010.5
2025-09-07 00:00:00+00:00,19.0,71,13.6,17,0.0,0.0,0.0,0.0,18.4,41.8,0.0,1010.4
2025-09-07 01:00:00+00:00,18.6,72,13.4,28,0.0,0.0,0.0,0.0,17.6,40.3,0.0,1009.7
2025-09-07 02:00:00+00:00,18.2,75,13.7,25,0.0,0.0,0.0,0.0,15.1,34.6,0.0,1009.4
2025-09-07 03:00:00+00:00,18.0,77,13.9,100,0.0,0.0,0.0,0.0,16.2,37.1,0.0,1008.8
2025-09-07 04:00:00+00:00,17.8,79,14.1,100,0.0,0.0,0.0,0.0,14.8,33.1,0.0,1008.0
2025-09-07 05:00:00+00:00,17.6,80,14.1,100,0.0,0.0,0.0,0.0,13.7,31.7,0.0,1007.3
2025-09-07 06:00:00+00:00,17.8,81,14.5,100,20.0,3.0,57.3,17.0,15.8,37.1,0.0,1006.3
2025-09-07 07:00:00+00:00,18.5,79,14.8,98,67.0,6.0,39.5,61.0,18.0,40.7,0.0,1005.9
2025-09-07 08:00:00+00:00,19.3,76,14.9,100,96.0,4.0,12.9,92.0,19.1,42.8,0.0,1005.6
2025-09-07 09:00:00+00:00,20.6,72,15.4,45,379.0,231.0,510.2,148.0,22.0,49.7,0.0,1006.1
2025-09-07 10:00:00+00:00,22.1,64,15.0,51,460.0,307.0,538.7,153.0,18.7,42.5,0.0,1006.1
2025-09-07 11:00:00+00:00,22.7,61,14.8,55,608.0,467.0,714.5,141.0,19.4,44.3,0.0,1005.6
2025-09-07 12:00:00+00:00,23.1,63,15.7,57,593.0,478.0,684.6,115.0,21.2,48.2,0.0,1006.2
2025-09-07 13:00:00+00:00,22.3,68,16.1,66,565.0,234.0,334.0,331.0,21.6,48.6,0.0,1006.8
2025-09-07 14:00:00+00:00,21.7,71,16.2,100,177.0,2.0,3.0,175.0,24.5,55.1,0.0,1007.1
2025-09-07 15:00:00+00:00,20.1,85,17.5,98,215.0,2.0,3.4,213.0,21.6,48.6,0.0,1007.7
2025-09-07 16:00:00+00:00,20.7,73,15.7,56,283.0,77.0,164.8,206.0,17.3,38.9,0.0,1008.3
2025-09-07 17:00:00+00:00,20.3,63,13.0,18,195.0,143.0,437.7,52.0,17.6,40.3,0.0,1008.9
2025-09-07 18:00:00+00:00,19.1,67,12.9,0,48.0,22.0,129.9,26.0,15.5,35.3,0.0,1010.1
2025-09-07 19:00:00+00:00,17.7,74,13.0,0,0.0,0.0,0.0,0.0,13.3,29.9,0.0,1010.9
2025-09-07 20:00:00+00:00,16.8,78,13.0,0,0.0,0.0,0.0,0.0,10.4,24.5,0.0,1011.6
2025-09-07 21:00:00+00:00,16.3,82,13.2,14,0.0,0.0,0.0,0.0,10.8,24.8,0.0,1012.1
2025-09-07 22:00:00+00:00,16.1,81,12.9,38,0.0,0.0,0.0,0.0,10.4,23.8,0.0,1012.5
2025-09-07 23:00:00+00:00,15.8,83,12.9,3,0.0,0.0,0.0,0.0,9.0,20.9,0.0,1012.9
2025-09-08 00:00:00+00:00,15.8,81,12.6,80,0.0,0.0,0.0,0.0,9.0,20.5,0.0,1013.5
2025-09-08 01:00:00+00:00,15.5,83,12.7,38,0.0,0.0,0.0,0.0,8.3,19.1,0.0,1013.9
2025-09-08 02:00:00+00:00,15.1,84,12.4,27,0.0,0.0,0.0,0.0,8.3,19.4,0.0,1014.2
2025-09-08 03:00:00+00:00,14.0,89,12.2,0,0.0,0.0,0.0,0.0,6.8,16.6,0.0,1014.3
2025-09-08 04:00:00+00:00,13.6,88,11.7,5,0.0,0.0,0.0,0.0,8.3,19.4,0.0,1014.7
2025-09-08 05:00:00+00:00,13.5,87,11.4,33,0.0,0.0,0.0,0.0,6.8,15.5,0.0,1015.2
2025-09-08 06:00:00+00:00,14.2,83,11.3,60,17.0,3.0,57.3,14.0,7.6,17.3,0.0,1015.7
2025-09-08 07:00:00+00:00,14.7,79,11.1,18,122.0,73.0,493.5,49.0,5.4,12.2,0.0,1016.3
2025-09-08 08:00:00+00:00,16.2,67,10.0,0,290.0,210.0,685.9,80.0,8.3,19.8,0.0,1016.8
2025-09-08 09:00:00+00:00,17.4,58,9.1,2,442.0,360.0,802.3,82.0,10.1,24.8,0.0,1017.6
2025-09-08 10:00:00+00:00,18.3,50,7.7,86,233.0,19.0,33.6,214.0,6.5,18.0,0.0,1017.4
2025-09-08 11:00:00+00:00,19.9,40,5.9,15,633.0,443.0,682.3,190.0,14.8,37.1,0.0,1017.4
2025-09-08 12:00:00+00:00,18.8,56,9.9,69,530.0,379.0,546.4,151.0,15.8,37.1,0.0,1017.6
2025-09-08 13:00:00+00:00,20.2,46,8.2,1,689.0,595.0,855.1,94.0,17.6,42.5,0.0,1017.3
2025-09-08 14:00:00+00:00,19.9,51,9.4,8,618.0,523.0,797.7,95.0,15.8,37.4,0.0,1017.3
2025-09-08 15:00:00+00:00,20.1,48,8.7,12,506.0,242.0,420.4,264.0,13.7,34.2,0.0,1016.9
2025-09-08 16:00:00+00:00,18.8,51,8.5,5,373.0,293.0,634.8,80.0,18.4,40.7,0.0,1017.0
2025-09-08 17:00:00+00:00,18.3,54,8.8,62,133.0,44.0,137.1,89.0,16.2,36.7,0.0,1017.3
2025-09-08 18:00:00+00:00,17.3,57,8.7,12,44.0,17.0,104.0,27.0,13.0,29.9,0.0,1017.2
2025-09-08 19:00:00+00:00,16.2,64,9.4,0,0.0,0.0,0.0,0.0,9.7,23.0,0.0,1017.5
2025-09-08 20:00:00+00:00,15.4,70,10.0,0,0.0,0.0,0.0,0.0,9.4,21.2,0.0,1017.6
2025-09-08 21:00:00+00:00,14.5,76,10.3,0,0.0,0.0,0.0,0.0,5.0,12.2,0.0,1017.8
2025-09-08 22:00:00+00:00,13.8,80,10.4,0,0.0,0.0,0.0,0.0,5.0,11.9,0.0,1017.7
2025-09-08 23:00:00+00:00,13.8,80,10.4,12,0.0,0.0,0.0,0.0,5.0,11.5,0.0,1017.3
2025-09-09 00:00:00+00:00,13.3,84,10.7,0,0.0,0.0,0.0,0.0,5.8,13.0,0.0,1017.2
2025-09-09 01:00:00+00:00,12.7,83,9.9,0,0.0,0.0,0.0,0.0,4.3,9.4,0.0,1016.8
2025-09-09 02:00:00+00:00,13.0,82,10.0,48,0.0,0.0,0.0,0.0,3.2,8.3,0.0,1016.5
2025-09-09 03:00:00+00:00,12.8,83,10.0,15,0.0,0.0,0.0,0.0,3.2,7.9,0.0,1016.2
2025-09-09 04:00:00+00:00,12.3,85,9.8,20,0.0,0.0,0.0,0.0,1.1,4.0,0.0,1016.1
2025-09-09 05:00:00+00:00,12.5,84,9.8,27,0.0,0.0,0.0,0.0,2.2,6.1,0.0,1016.2
2025-09-09 06:00:00+00:00,13.2,82,10.2,12,18.0,6.0,114.6,12.0,5.8,13.7,0.0,1016.5
2025-09-09 07:00:00+00:00,14.6,79,11.0,10,121.0,74.0,514.6,47.0,5.8,13.0,0.0,1016.6
2025-09-09 08:00:00+00:00,16.3,69,10.6,23,267.0,179.0,592.5,88.0,6.8,14.8,0.0,1016.5
2025-09-09 09:00:00+00:00,17.0,66,10.6,11,428.0,337.0,758.0,91.0,11.5,25.6,0.0,1016.2
2025-09-09 10:00:00+00:00,17.5,60,9.6,100,53.0,0.0,0.0,53.0,7.6,19.1,0.0,1015.7
2025-09-09 11:00:00+00:00,16.3,73,11.4,100,65.0,0.0,0.0,65.0,17.3,40.7,1.1,1015.5
2025-09-09 12:00:00+00:00,19.3,48,8.0,63,560.0,327.0,474.5,233.0,19.1,44.3,0.0,1015.2
2025-09-09 13:00:00+00:00,19.0,52,8.9,90,352.0,85.0,123.0,267.0,14.8,35.3,0.0,1015.0
2025-09-09 14:00:00+00:00,17.7,56,8.8,100,106.0,0.0,0.0,106.0,15.5,34.2,0.0,1014.6
2025-09-09 15:00:00+00:00,18.0,59,9.9,88,283.0,24.0,42.1,259.0,19.4,41.8,0.8,1013.7
2025-09-09 16:00:00+00:00,18.2,56,9.3,88,194.0,29.0,63.6,165.0,16.2,35.3,0.0,1013.0
2025-09-09 17:00:00+00:00,18.0,56,9.1,92,87.0,11.0,34.9,76.0,14.0,31.0,0.0,1012.4
2025-09-09 18:00:00+00:00,18.1,59,10.0,100,4.0,0.0,0.0,4.0,20.5,45.7,0.0,1011.5
2025-09-09 19:00:00+00:00,16.1,79,12.4,98,0.0,0.0,0.0,0.0,14.8,32.8,0.3,1011.6
2025-09-09 20:00:00+00:00,16.2,82,13.1,100,0.0,0.0,0.0,0.0,12.2,27.0,0.0,1011.3
2025-09-09 21:00:00+00:00,16.3,80,12.8,100,0.0,0.0,0.0,0.0,10.8,23.4,0.1,1010.8
2025-09-09 22:00:00+00:00,15.3,88,13.3,98,0.0,0.0,0.0,0.0,9.4,19.4,0.6,1010.0
2025-09-09 23:00:00+00:00,15.8,79,12.2,100,0.0,0.0,0.0,0.0,12.2,27.4,0.0,1009.5
2025-09-10 00:00:00+00:00,14.7,85,12.2,100,0.0,0.0,0.0,0.0,17.6,38.9,0.1,1008.7
2025-09-10 01:00:00+00:00,14.6,92,13.3,99,0.0,0.0,0.0,0.0,16.6,36.7,1.5,1007.6
2025-09-10 02:00:00+00:00,15.1,89,13.3,49,0.0,0.0,0.0,0.0,20.2,44.3,0.0,1006.3
2025-09-10 03:00:00+00:00,15.2,92,13.9,95,0.0,0.0,0.0,0.0,15.5,34.6,0.6,1005.1
2025-09-10 04:00:00+00:00,15.4,90,13.7,97,0.0,0.0,0.0,0.0,15.1,33.5,0.0,1004.6
2025-09-10 05:00:00+00:00,14.5,92,13.2,28,0.0,0.0,0.0,0.0,6.8,16.6,0.0,1004.3
2025-09-10 06:00:00+00:00,14.5,92,13.2,100,1.0,0.0,0.0,1.0,7.6,16.9,0.2,1004.5
2025-09-10 07:00:00+00:00,14.9,90,13.3,73,87.0,25.0,179.0,62.0,5.4,11.2,2.2,1004.1
2025-09-10 08:00:00+00:00,15.9,87,13.7,62,220.0,110.0,369.1,110.0,8.6,18.7,0.0,1003.9
2025-09-10 09:00:00+00:00,16.2,86,13.8,97,163.0,4.0,9.1,159.0,8.3,18.4,0.0,1003.4
2025-09-10 10:00:00+00:00,16.6,89,14.8,94,216.0,2.0,3.6,214.0,14.4,30.2,0.0,1003.1
2025-09-10 11:00:00+00:00,17.0,81,13.7,100,39.0,0.0,0.0,39.0,15.1,32.8,0.0,1002.7
2025-09-10 12:00:00+00:00,16.3,86,13.9,100,29.0,0.0,0.0,29.0,15.1,32.0,0.4,1002.2
2025-09-10 13:00:00+00:00,16.0,92,14.7,100,84.0,0.0,0.0,84.0,14.4,31.7,3.4,1002.1
2025-09-10 14:00:00+00:00,16.0,90,14.3,100,126.0,0.0,0.0,126.0,17.6,37.8,0.0,1001.6
2025-09-10 15:00:00+00:00,16.3,90,14.6,97,130.0,0.0,0.0,130.0,15.5,34.6,0.0,1000.5
2025-09-10 16:00:00+00:00,16.5,88,14.5,100,71.0,2.0,4.4,69.0,17.3,38.9,0.0,1000.1
2025-09-10 17:00:00+00:00,16.6,92,15.3,100,31.0,0.0,0.0,31.0,14.8,31.7,0.1,999.5
2025-09-10 18:00:00+00:00,16.3,93,15.2,98,14.0,0.0,0.0,14.0,16.6,36.4,0.8,999.5
2025-09-10 19:00:00+00:00,16.1,93,15.0,52,0.0,0.0,0.0,0.0,12.2,29.2,0.0,1000.0
2025-09-10 20:00:00+00:00,14.8,84,12.1,4,0.0,0.0,0.0,0.0,13.3,31.0,0.0,1000.7
2025-09-10 21:00:00+00:00,14.3,88,12.3,62,0.0,0.0,0.0,0.0,13.7,31.3,0.0,1001.5
2025-09-10 22:00:00+00:00,13.6,86,11.3,12,0.0,0.0,0.0,0.0,12.6,29.2,0.0,1002.3
2025-09-10 23:00:00+00:00,12.9,84,10.3,0,0.0,0.0,0.0,0.0,15.5,35.6,0.0,1002.8
2025-09-11 00:00:00+00:00,13.0,80,9.7,58,0.0,0.0,0.0,0.0,14.0,32.8,0.0,1003.7
2025-09-11 01:00:00+00:00,12.6,82,9.6,0,0.0,0.0,0.0,0.0,10.1,24.1,0.0,1004.2
2025-09-11 02:00:00+00:00,11.8,83,9.0,3,0.0,0.0,0.0,0.0,6.8,15.8,0.0,1004.4
2025-09-11 03:00:00+00:00,11.4,84,8.8,0,0.0,0.0,0.0,0.0,7.9,18.4,0.0,1004.1
2025-09-11 04:00:00+00:00,11.4,86,9.1,1,0.0,0.0,0.0,0.0,7.6,16.6,0.0,1004.4
2025-09-11 05:00:00+00:00,11.6,84,9.0,2,0.0,0.0,0.0,0.0,10.1,22.7,0.0,1004.4
2025-09-11 06:00:00+00:00,12.3,82,9.3,40,14.0,3.0,57.3,11.0,11.2,24.8,0.0,1004.8
2025-09-11 07:00:00+00:00,13.2,76,9.0,54,92.0,22.0,162.3,70.0,14.0,31.7,0.0,1004.9
2025-09-11 08:00:00+00:00,14.2,77,10.2,94,128.0,15.0,51.0,113.0,13.0,28.4,0.1,1005.0
2025-09-11 09:00:00+00:00,16.0,68,10.1,2,431.0,296.0,678.5,135.0,18.7,40.7,0.0,1005.3
2025-09-11 10:00:00+00:00,17.2,54,7.8,5,558.0,462.0,835.5,96.0,21.6,49.0,0.0,1005.1
2025-09-11 11:00:00+00:00,18.5,44,6.0,27,605.0,391.0,614.7,214.0,21.2,50.0,0.0,1004.9
2025-09-11 12:00:00+00:00,18.2,45,6.0,96,359.0,147.0,216.3,212.0,21.6,50.8,0.0,1005.1
2025-09-11 13:00:00+00:00,17.6,49,6.8,100,89.0,0.0,0.0,89.0,27.0,58.3,0.0,1005.1
2025-09-11 14:00:00+00:00,14.7,82,11.7,74,445.0,0.0,0.0,445.0,13.7,31.0,2.0,1005.6
2025-09-11 15:00:00+00:00,17.7,53,8.0,100,49.0,260.0,464.8,0.0,22.7,50.8,0.0,1005.3
2025-09-11 16:00:00+00:00,16.3,56,7.5,100,24.0,5.0,11.2,19.0,17.6,40.3,0.0,1005.9
2025-09-11 17:00:00+00:00,14.5,70,9.1,44,145.0,168.0,554.0,0.0,19.4,44.3,0.8,1006.1
2025-09-11 18:00:00+00:00,14.0,77,10.0,34,26.0,3.0,20.6,23.0,13.0,29.2,0.0,1006.5
2025-09-11 19:00:00+00:00,13.5,73,8.7,23,0.0,0.0,0.0,0.0,13.3,30.2,0.0,1006.8
2025-09-11 20:00:00+00:00,13.3,70,7.9,66,0.0,0.0,0.0,0.0,15.5,36.0,0.0,1007.3
2025-09-11 21:00:00+00:00,12.6,70,7.3,5,0.0,0.0,0.0,0.0,12.2,28.4,0.0,1007.6
2025-09-11 22:00:00+00:00,12.0,75,7.7,1,0.0,0.0,0.0,0.0,11.9,27.7,0.0,1007.8
2025-09-11 23:00:00+00:00,12.0,75,7.7,0,0.0,0.0,0.0,0.0,14.0,32.8,0.0,1008.1
2025-09-12 00:00:00+00:00,12.1,76,8.0,0,0.0,0.0,0.0,0.0,13.3,31.0,0.0,1008.3
2025-09-12 01:00:00+00:00,11.9,78,8.2,0,0.0,0.0,0.0,0.0,13.3,31.0,0.0,1008.7
2025-09-12 02:00:00+00:00,11.8,77,7.9,19,0.0,0.0,0.0,0.0,13.0,30.2,0.0,1008.7
2025-09-12 03:00:00+00:00,11.8,78,8.1,33,0.0,0.0,0.0,0.0,14.8,33.5,0.0,1008.9
2025-09-12 04:00:00+00:00,11.6,80,8.2,12,0.0,0.0,0.0,0.0,11.9,27.4,0.0,1009.4
2025-09-12 05:00:00+00:00,11.6,80,8.3,66,0.0,0.0,0.0,0.0,10.8,24.5,0.0,1010.0
2025-09-12 06:00:00+00:00,11.2,79,7.7,21,13.0,3.0,57.3,10.0,10.1,22.7,0.0,1010.7
2025-09-12 07:00:00+00:00,12.3,76,8.2,20,108.0,69.0,525.2,39.0,14.0,32.0,0.0,1011.3
2025-09-12 08:00:00+00:00,13.8,71,8.6,11,268.0,181.0,624.7,87.0,15.1,34.6,0.0,1011.9
2025-09-12 09:00:00+00:00,15.6,61,8.1,23,400.0,300.0,694.3,100.0,15.5,34.6,0.0,1011.9
2025-09-12 10:00:00+00:00,16.8,54,7.4,15,538.0,434.0,791.0,104.0,22.7,50.0,0.0,1011.7
2025-09-12 11:00:00+00:00,16.6,62,9.3,5,637.0,581.0,920.0,56.0,20.2,45.0,0.3,1012.1
2025-09-12 12:00:00+00:00,16.3,60,8.5,95,295.0,28.0,41.5,267.0,20.2,45.7,0.4,1012.6
2025-09-12 13:00:00+00:00,17.9,47,6.4,40,576.0,127.0,187.8,449.0,23.0,52.6,0.0,1012.5
2025-09-12 14:00:00+00:00,14.7,75,10.3,98,229.0,1.0,1.6,228.0,12.2,28.1,1.0,1013.2
2025-09-12 15:00:00+00:00,17.3,56,8.4,41,427.0,329.0,594.0,98.0,19.1,43.6,0.0,1012.6
2025-09-12 16:00:00+00:00,15.5,69,9.8,100,45.0,0.0,0.0,45.0,22.0,49.7,0.2,1013.0
2025-09-12 17:00:00+00:00,13.5,83,10.7,100,40.0,0.0,0.0,40.0,10.1,23.0,3.0,1012.8
2025-09-12 18:00:00+00:00,15.3,64,8.5,31,23.0,3.0,21.6,20.0,14.8,33.8,0.0,1012.7
2025-09-12 19:00:00+00:00,14.8,67,8.7,95,0.0,0.0,0.0,0.0,13.7,31.0,0.0,1012.8
2025-09-12 20:00:00+00:00,14.4,71,9.2,96,0.0,0.0,0.0,0.0,10.4,24.5,0.0,1012.8
2025-09-12 21:00:00+00:00,14.2,72,9.2,100,0.0,0.0,0.0,0.0,9.4,20.5,0.0,1012.2
2025-09-12 22:00:00+00:00,13.3,84,10.6,100,0.0,0.0,0.0,0.0,15.5,35.3,3.0,1012.4
2025-09-12 23:00:00+00:00,13.1,83,10.3,100,0.0,0.0,0.0,0.0,6.1,13.7,2.0,1011.0
2025-09-13 00:00:00+00:00,12.4,89,10.7,80,0.0,0.0,0.0,0.0,11.5,25.6,1.8,1010.6
2025-09-13 01:00:00+00:00,12.3,89,10.5,96,0.0,0.0,0.0,0.0,9.4,20.2,0.0,1009.8
2025-09-13 02:00:00+00:00,13.1,89,11.4,100,0.0,0.0,0.0,0.0,12.6,28.1,0.3,1009.4
2025-09-13 03:00:00+00:00,12.9,89,11.2,100,0.0,0.0,0.0,0.0,12.6,28.1,0.1,1009.3
2025-09-13 04:00:00+00:00,12.5,87,10.4,100,0.0,0.0,0.0,0.0,9.7,22.0,0.4,1009.3
2025-09-13 05:00:00+00:00,12.5,89,10.8,98,0.0,0.0,0.0,0.0,8.6,19.4,0.4,1009.0
2025-09-13 06:00:00+00:00,12.6,86,10.3,77,11.0,3.0,57.3,8.0,11.2,24.8,0.0,1009.0
2025-09-13 07:00:00+00:00,13.0,87,10.9,0,112.0,67.0,526.7,45.0,13.7,30.2,0.0,1009.0
2025-09-13 08:00:00+00:00,14.1,76,9.9,4,270.0,186.0,651.3,84.0,14.8,33.5,0.0,1009.6
2025-09-13 09:00:00+00:00,15.8,64,9.0,35,383.0,238.0,556.3,145.0,17.3,38.5,0.0,1009.1
2025-09-13 10:00:00+00:00,17.3,48,6.2,99,250.0,325.0,597.1,0.0,19.4,44.3,0.0,1008.9
2025-09-13 11:00:00+00:00,16.4,57,7.9,94,218.0,100.0,159.5,118.0,23.0,51.1,0.0,1009.1
2025-09-13 12:00:00+00:00,18.0,43,5.3,27,623.0,533.0,795.3,90.0,19.1,47.2,0.0,1009.1
2025-09-13 13:00:00+00:00,17.4,53,7.7,96,268.0,119.0,177.3,149.0,13.3,31.7,0.0,1009.3
2025-09-13 14:00:00+00:00,17.1,47,5.7,97,272.0,24.0,38.1,248.0,30.6,69.8,0.0,1009.7
2025-09-13 15:00:00+00:00,16.9,52,7.0,74,318.0,180.0,328.3,138.0,16.6,37.4,0.0,1010.0
2025-09-13 16:00:00+00:00,17.1,50,6.6,31,305.0,151.0,348.8,154.0,16.6,37.4,0.0,1010.0
2025-09-13 17:00:00+00:00,16.9,50,6.4,98,54.0,0.0,0.0,54.0,13.0,30.6,0.0,1010.2
2025-09-13 18:00:00+00:00,15.4,65,8.8,6,19.0,6.0,45.1,13.0,10.8,25.2,0.0,1010.6
2025-09-13 19:00:00+00:00,14.8,68,8.9,88,0.0,0.0,0.0,0.0,10.1,23.0,0.0,1011.1
2025-09-13 20:00:00+00:00,13.6,71,8.5,18,0.0,0.0,0.0,0.0,6.8,16.9,0.0,1011.7
2025-09-13 21:00:00+00:00,12.8,80,9.4,1,0.0,0.0,0.0,0.0,7.9,18.4,0.0,1011.8
2025-09-13 22:00:00+00:00,11.8,81,8.6,0,0.0,0.0,0.0,0.0,5.4,13.3,0.0,1012.0
2025-09-13 23:00:00+00:00,10.6,83,7.9,0,0.0,0.0,0.0,0.0,2.2,5.8,0.0,1012.4
2025-09-14 00:00:00+00:00,9.5,87,7.5,0,0.0,0.0,0.0,0.0,2.5,5.4,0.0,1012.6
2025-09-14 01:00:00+00:00,9.4,87,7.3,0,0.0,0.0,0.0,0.0,2.5,6.5,0.0,1012.9
2025-09-14 02:00:00+00:00,9.0,87,7.0,13,0.0,0.0,0.0,0.0,1.8,5.8,0.0,1012.9
2025-09-14 03:00:00+00:00,9.4,89,7.7,39,0.0,0.0,0.0,0.0,1.8,4.7,0.0,1012.9
2025-09-14 04:00:00+00:00,9.0,90,7.5,26,0.0,0.0,0.0,0.0,1.1,2.9,0.0,1012.6
2025-09-14 05:00:00+00:00,9.5,88,7.6,9,0.0,0.0,0.0,0.0,3.6,7.9,0.0,1012.6
2025-09-14 06:00:00+00:00,9.1,88,7.2,20,12.0,2.0,38.2,10.0,4.0,8.6,0.0,1012.7
2025-09-14 07:00:00+00:00,11.1,82,8.2,67,83.0,24.0,195.1,59.0,5.4,11.9,0.0,1012.7
2025-09-14 08:00:00+00:00,12.9,78,9.2,87,208.0,32.0,113.7,176.0,6.1,14.4,0.0,1012.3
2025-09-14 09:00:00+00:00,14.5,78,10.7,90,255.0,66.0,155.8,189.0,8.6,20.2,0.0,1012.5
2025-09-14 10:00:00+00:00,16.7,55,7.6,99,236.0,37.0,68.5,199.0,16.6,36.7,0.0,1011.9
2025-09-14 11:00:00+00:00,16.7,63,9.6,100,130.0,0.0,0.0,130.0,16.9,37.1,0.0,1011.3
2025-09-14 12:00:00+00:00,16.5,61,8.9,100,232.0,0.0,0.0,232.0,16.2,35.3,0.0,1011.0
2025-09-14 13:00:00+00:00,16.8,66,10.4,98,258.0,46.0,69.1,212.0,21.2,46.4,0.1,1009.4
2025-09-14 14:00:00+00:00,17.0,71,11.7,100,103.0,0.0,0.0,103.0,24.8,55.1,0.0,1008.1
2025-09-14 15:00:00+00:00,16.3,91,14.9,100,44.0,0.0,0.0,44.0,21.2,47.2,0.6,1006.2
2025-09-14 16:00:00+00:00,16.6,95,15.8,100,37.0,0.0,0.0,37.0,26.6,58.3,0.4,1004.5
2025-09-14 17:00:00+00:00,17.6,96,17.0,100,11.0,0.0,0.0,11.0,29.5,66.2,0.3,1003.9
2025-09-14 18:00:00+00:00,17.7,94,16.7,100,3.0,0.0,0.0,3.0,33.5,75.6,2.9,1002.8
2025-09-14 19:00:00+00:00,17.4,93,16.2,63,0.0,0.0,0.0,0.0,25.6,59.0,0.2,1003.2
2025-09-14 20:00:00+00:00,16.4,89,14.6,27,0.0,0.0,0.0,0.0,17.3,39.2,0.0,1003.9
2025-09-14 21:00:00+00:00,15.7,82,12.7,53,0.0,0.0,0.0,0.0,19.1,43.6,0.0,1003.8
2025-09-14 22:00:00+00:00,15.9,77,11.9,76,0.0,0.0,0.0,0.0,22.0,50.8,0.0,1003.5
2025-09-14 23:00:00+00:00,15.2,77,11.2,0,0.0,0.0,0.0,0.0,23.0,53.3,0.0,1003.8
2025-09-15 00:00:00+00:00,14.9,74,10.3,32,0.0,0.0,0.0,0.0,25.2,57.2,0.0,1004.1
2025-09-15 01:00:00+00:00,14.9,77,10.9,32,0.0,0.0,0.0,0.0,25.6,59.0,0.0,1004.3
2025-09-15 02:00:00+00:00,14.8,79,11.2,29,0.0,0.0,0.0,0.0,26.6,61.2,0.1,1004.5
2025-09-15 03:00:00+00:00,14.5,74,9.9,3,0.0,0.0,0.0,0.0,26.6,61.2,0.0,1004.6
2025-09-15 04:00:00+00:00,14.3,76,10.1,70,0.0,0.0,0.0,0.0,20.9,47.9,0.0,1004.8
2025-09-15 05:00:00+00:00,14.0,74,9.4,31,0.0,0.0,0.0,0.0,20.5,47.5,0.0,1005.3
2025-09-15 06:00:00+00:00,13.8,75,9.5,33,9.0,1.0,19.1,8.0,22.0,50.8,0.0,1006.0
2025-09-15 07:00:00+00:00,14.3,73,9.5,34,89.0,38.0,319.9,51.0,20.2,47.2,0.0,1006.2
2025-09-15 08:00:00+00:00,15.3,70,9.8,47,216.0,119.0,429.4,97.0,24.8,56.2,0.0,1006.6
2025-09-15 09:00:00+00:00,16.3,62,9.0,48,335.0,256.0,610.6,79.0,26.6,60.5,0.0,1007.1
2025-09-15 10:00:00+00:00,17.2,59,9.1,13,525.0,293.0,547.2,232.0,29.2,66.2,0.0,1007.1
2025-09-15 11:00:00+00:00,16.6,57,8.0,75,409.0,0.0,0.0,409.0,32.4,73.4,0.0,1007.5
2025-09-15 12:00:00+00:00,17.6,55,8.4,90,397.0,230.0,348.2,167.0,30.2,69.1,0.0,1007.8
2025-09-15 13:00:00+00:00,16.8,68,10.8,5,647.0,564.0,853.5,83.0,27.7,61.6,0.2,1007.5
2025-09-15 14:00:00+00:00,17.3,59,9.2,59,445.0,0.0,0.0,445.0,29.9,65.9,0.0,1007.3
2025-09-15 15:00:00+00:00,17.2,59,9.1,30,415.0,62.0,115.5,353.0,26.3,59.0,0.1,1008.3
2025-09-15 16:00:00+00:00,17.2,56,8.3,27,296.0,241.0,572.3,55.0,27.7,63.0,0.0,1008.6
2025-09-15 17:00:00+00:00,16.5,58,8.2,17,155.0,60.0,215.0,95.0,26.6,61.6,0.0,1009.0
2025-09-15 18:00:00+00:00,15.5,62,8.3,16,10.0,1.0,8.3,9.0,21.6,50.4,0.0,1009.9
2025-09-15 19:00:00+00:00,14.8,65,8.3,3,0.0,0.0,0.0,0.0,24.5,56.9,0.0,1010.8
2025-09-15 20:00:00+00:00,14.4,68,8.5,34,0.0,0.0,0.0,0.0,20.2,47.9,0.0,1011.9
2025-09-15 21:00:00+00:00,14.1,70,8.7,2,0.0,0.0,0.0,0.0,21.2,49.7,0.0,1012.7
2025-09-15 22:00:00+00:00,13.8,71,8.6,27,0.0,0.0,0.0,0.0,18.7,44.3,0.0,1013.6
2025-09-15 23:00:00+00:00,13.5,73,8.8,80,0.0,0.0,0.0,0.0,15.8,37.4,0.0,1014.0
2025-09-16 00:00:00+00:00,13.7,73,8.9,84,0.0,0.0,0.0,0.0,17.3,40.3,0.0,1014.8
2025-09-16 01:00:00+00:00,13.3,76,9.1,98,0.0,0.0,0.0,0.0,16.6,38.2,0.0,1015.2
2025-09-16 02:00:00+00:00,12.9,75,8.6,100,0.0,0.0,0.0,0.0,15.8,37.1,0.0,1015.7
2025-09-16 03:00:00+00:00,12.5,76,8.4,6,0.0,0.0,0.0,0.0,17.3,40.0,0.0,1016.0
2025-09-16 04:00:00+00:00,12.7,76,8.6,43,0.0,0.0,0.0,0.0,16.6,38.2,0.0,1016.5
2025-09-16 05:00:00+00:00,12.4,79,8.8,89,0.0,0.0,0.0,0.0,15.5,35.6,0.0,1017.0
2025-09-16 06:00:00+00:00,12.3,79,8.8,70,6.0,0.0,0.0,6.0,14.8,34.6,0.0,1017.7
2025-09-16 07:00:00+00:00,12.8,77,8.9,66,71.0,13.0,113.3,58.0,16.6,37.4,0.0,1018.5
2025-09-16 08:00:00+00:00,13.8,73,9.0,28,228.0,173.0,633.9,55.0,18.7,42.8,0.0,1019.1
2025-09-16 09:00:00+00:00,15.2,63,8.2,51,342.0,96.0,231.4,246.0,18.4,42.5,0.0,1019.8
2025-09-16 10:00:00+00:00,16.6,56,7.8,85,423.0,240.0,452.0,183.0,14.8,35.6,0.0,1020.0
2025-09-16 11:00:00+00:00,16.3,57,7.7,91,430.0,4.0,6.5,426.0,16.9,40.0,0.0,1020.7
2025-09-16 12:00:00+00:00,17.2,54,7.8,93,416.0,138.0,210.5,278.0,13.7,33.5,0.0,1020.5
2025-09-16 13:00:00+00:00,17.7,49,6.8,97,329.0,72.0,109.8,257.0,11.9,29.9,0.0,1020.4
2025-09-16 14:00:00+00:00,18.2,47,6.7,97,352.0,140.0,228.3,212.0,15.5,36.7,0.0,1020.1
2025-09-16 15:00:00+00:00,18.1,51,7.8,81,352.0,187.0,352.0,165.0,15.8,38.2,0.0,1020.1
2025-09-16 16:00:00+00:00,17.6,54,8.2,100,69.0,1.0,2.4,68.0,12.2,28.8,0.0,1020.0
2025-09-16 17:00:00+00:00,17.3,54,7.9,88,78.0,9.0,33.0,69.0,11.9,28.4,0.0,1019.9
2025-09-16 18:00:00+00:00,16.5,60,8.7,92,3.0,0.0,0.0,3.0,10.1,23.8,0.0,1020.2
2025-09-16 19:00:00+00:00,15.6,71,10.4,97,0.0,0.0,0.0,0.0,11.2,25.9,0.0,1020.6
2025-09-16 20:00:00+00:00,15.3,73,10.5,100,0.0,0.0,0.0,0.0,11.2,26.3,0.0,1020.8
2025-09-16 21:00:00+00:00,14.9,77,10.9,98,0.0,0.0,0.0,0.0,9.4,22.0,0.0,1020.8
2025-09-16 22:00:00+00:00,14.8,75,10.4,100,0.0,0.0,0.0,0.0,11.2,25.6,0.0,1020.6
2025-09-16 23:00:00+00:00,14.3,86,12.0,100,0.0,0.0,0.0,0.0,10.1,22.0,0.3,1020.5
2025-09-17 00:00:00+00:00,14.0,91,12.6,100,0.0,0.0,0.0,0.0,7.2,16.2,0.3,1019.6
2025-09-17 01:00:00+00:00,13.9,94,13.0,100,0.0,0.0,0.0,0.0,7.9,17.3,1.4,1019.0
2025-09-17 02:00:00+00:00,14.0,93,12.9,100,0.0,0.0,0.0,0.0,11.5,25.6,0.1,1018.5
2025-09-17 03:00:00+00:00,14.3,91,12.9,100,0.0,0.0,0.0,0.0,12.2,27.0,0.3,1018.2
2025-09-17 04:00:00+00:00,14.4,95,13.6,100,0.0,0.0,0.0,0.0,15.1,33.1,0.4,1017.2
2025-09-17 05:00:00+00:00,14.9,93,13.8,99,0.0,0.0,0.0,0.0,16.6,37.1,0.1,1017.4
2025-09-17 06:00:00+00:00,15.0,95,14.2,100,1.0,0.0,0.0,1.0,17.6,39.2,1.1,1017.3
2025-09-17 07:00:00+00:00,15.4,93,14.3,100,14.0,0.0,0.0,14.0,17.6,40.0,0.3,1017.3
2025-09-17 08:00:00+00:00,15.8,89,14.0,100,34.0,0.0,0.0,34.0,20.9,46.4,0.0,1017.3
2025-09-17 09:00:00+00:00,16.4,86,14.1,97,111.0,11.0,26.8,100.0,25.9,58.0,0.0,1016.7
2025-09-17 10:00:00+00:00,16.8,86,14.5,100,121.0,1.0,1.9,120.0,24.8,55.8,0.0,1016.9
2025-09-17 11:00:00+00:00,17.2,86,14.8,100,124.0,0.0,0.0,124.0,24.1,54.0,0.0,1017.2
2025-09-17 12:00:00+00:00,17.2,88,15.2,99,108.0,2.0,3.1,106.0,22.7,51.5,0.1,1017.2
2025-09-17 13:00:00+00:00,17.2,91,15.7,99,166.0,7.0,10.8,159.0,24.5,56.2,0.2,1017.0
2025-09-17 14:00:00+00:00,17.2,92,15.9,100,109.0,0.0,0.0,109.0,22.3,50.8,0.1,1017.0
2025-09-17 15:00:00+00:00,17.3,90,15.7,98,79.0,4.0,7.6,75.0,22.7,51.1,0.1,1017.3
2025-09-17 16:00:00+00:00,17.0,94,16.1,98,58.0,3.0,7.3,55.0,20.5,46.4,0.7,1017.3
2025-09-17 17:00:00+00:00,17.0,95,16.2,100,25.0,0.0,0.0,25.0,18.7,42.8,0.2,1017.4
2025-09-17 18:00:00+00:00,17.0,95,16.2,100,1.0,0.0,0.0,1.0,18.4,41.8,0.1,1017.6
2025-09-17 19:00:00+00:00,16.9,96,16.3,100,0.0,0.0,0.0,0.0,19.1,43.2,0.3,1017.8
2025-09-17 20:00:00+00:00,16.9,97,16.4,100,0.0,0.0,0.0,0.0,17.6,40.0,0.3,1017.8
2025-09-17 21:00:00+00:00,17.2,92,15.9,98,0.0,0.0,0.0,0.0,16.2,36.4,0.0,1017.9
2025-09-17 22:00:00+00:00,17.3,92,16.0,100,0.0,0.0,0.0,0.0,15.5,35.3,0.0,1017.9
2025-09-17 23:00:00+00:00,17.3,92,16.0,98,0.0,0.0,0.0,0.0,14.8,34.2,0.0,1018.2
2025-09-18 00:00:00+00:00,17.4,91,15.9,100,0.0,0.0,0.0,0.0,13.7,31.7,0.0,1018.3
2025-09-18 01:00:00+00:00,17.3,92,16.0,100,0.0,0.0,0.0,0.0,15.5,35.3,0.0,1018.1
2025-09-18 02:00:00+00:00,17.3,93,16.1,100,0.0,0.0,0.0,0.0,15.8,36.4,0.0,1017.9
2025-09-18 03:00:00+00:00,17.3,90,15.6,95,0.0,0.0,0.0,0.0,14.0,31.7,0.0,1018.3
2025-09-18 04:00:00+00:00,17.2,92,15.9,99,0.0,0.0,0.0,0.0,16.6,37.1,0.0,1018.1
2025-09-18 05:00:00+00:00,17.2,93,16.1,100,0.0,0.0,0.0,0.0,14.0,31.3,0.0,1018.2
2025-09-18 06:00:00+00:00,17.2,94,16.3,100,1.0,0.0,0.0,1.0,13.7,30.6,0.0,1018.5
2025-09-18 07:00:00+00:00,17.3,94,16.4,100,15.0,0.0,0.0,15.0,15.5,35.3,0.0,1019.0
2025-09-18 08:00:00+00:00,17.5,94,16.6,100,54.0,0.0,0.0,54.0,16.6,37.4,0.0,1019.6
2025-09-18 09:00:00+00:00,18.3,88,16.3,98,111.0,5.0,12.3,106.0,17.3,39.2,0.0,1020.0
2025-09-18 10:00:00+00:00,18.5,86,16.1,99,134.0,1.0,1.9,133.0,18.0,40.7,0.0,1020.3
2025-09-18 11:00:00+00:00,19.2,81,15.8,98,189.0,7.0,11.6,182.0,18.4,41.8,0.0,1020.5
2025-09-18 12:00:00+00:00,19.8,74,15.1,95,257.0,41.0,63.5,216.0,21.2,47.9,0.0,1020.8
2025-09-18 13:00:00+00:00,20.0,73,15.0,88,294.0,80.0,124.0,214.0,21.6,49.3,0.0,1020.8
2025-09-18 14:00:00+00:00,19.4,78,15.4,100,111.0,0.0,0.0,111.0,17.6,41.0,0.0,1020.7
2025-09-18 15:00:00+00:00,18.8,81,15.4,98,120.0,0.0,0.0,120.0,16.9,39.2,0.0,1021.0
2025-09-18 16:00:00+00:00,18.9,78,15.0,100,75.0,0.0,0.0,75.0,16.6,37.4,0.0,1021.1
2025-09-18 17:00:00+00:00,18.6,80,15.1,98,53.0,19.0,72.9,34.0,12.2,28.4,0.0,1021.2
2025-09-18 18:00:00+00:00,18.0,82,14.9,95,2.0,0.0,0.0,2.0,11.5,25.9,0.0,1021.1
2025-09-18 19:00:00+00:00,17.7,85,15.1,88,0.0,0.0,0.0,0.0,8.3,17.6,0.0,1021.4
2025-09-18 20:00:00+00:00,17.7,85,15.1,100,0.0,0.0,0.0,0.0,8.6,19.4,0.0,1021.6
2025-09-18 21:00:00+00:00,17.5,89,15.6,100,0.0,0.0,0.0,0.0,9.4,20.9,0.0,1021.5
2025-09-18 22:00:00+00:00,17.4,90,15.7,98,0.0,0.0,0.0,0.0,7.6,17.3,0.0,1021.5
2025-09-18 23:00:00+00:00,17.3,91,15.8,98,0.0,0.0,0.0,0.0,7.6,16.6,0.0,1021.5
2025-09-19 00:00:00+00:00,17.4,90,15.7,95,0.0,0.0,0.0,0.0,10.1,22.0,0.0,1021.0
2025-09-19 01:00:00+00:00,17.5,87,15.3,94,0.0,0.0,0.0,0.0,7.6,16.6,0.0,1020.3
2025-09-19 02:00:00+00:00,17.4,89,15.5,100,0.0,0.0,0.0,0.0,8.3,17.6,0.0,1019.6
2025-09-19 03:00:00+00:00,16.8,91,15.4,69,0.0,0.0,0.0,0.0,5.8,13.0,0.0,1019.2
2025-09-19 04:00:00+00:00,16.9,91,15.4,89,0.0,0.0,0.0,0.0,7.9,17.6,0.0,1018.6
2025-09-19 05:00:00+00:00,16.8,93,15.6,96,0.0,0.0,0.0,0.0,5.4,12.2,0.0,1018.5
2025-09-19 06:00:00+00:00,17.0,93,15.8,91,2.0,0.0,0.0,2.0,5.4,12.2,0.0,1018.7
2025-09-19 07:00:00+00:00,17.3,90,15.6,84,58.0,6.0,55.4,52.0,6.8,15.8,0.0,1018.7
2025-09-19 08:00:00+00:00,17.9,85,15.3,48,204.0,109.0,419.2,95.0,6.8,15.8,0.0,1018.7
2025-09-19 09:00:00+00:00,18.3,84,15.6,49,332.0,168.0,418.2,164.0,8.3,19.1,0.0,1019.0
2025-09-19 10:00:00+00:00,19.4,81,16.0,20,494.0,348.0,672.7,146.0,9.4,21.6,0.0,1018.6
2025-09-19 11:00:00+00:00,20.9,74,16.1,4,596.0,492.0,821.7,104.0,9.4,22.7,0.0,1017.9
2025-09-19 12:00:00+00:00,21.7,67,15.3,0,636.0,536.0,836.7,100.0,13.0,29.9,0.0,1017.2
2025-09-19 13:00:00+00:00,21.5,67,15.1,0,624.0,528.0,825.2,96.0,13.0,29.9,0.0,1016.6
2025-09-19 14:00:00+00:00,20.6,72,15.4,34,532.0,403.0,675.4,129.0,14.0,32.0,0.0,1016.3
2025-09-19 15:00:00+00:00,20.2,67,13.9,5,443.0,362.0,704.4,81.0,14.0,32.8,0.0,1016.7
2025-09-19 16:00:00+00:00,19.8,68,13.7,9,298.0,233.0,586.5,65.0,13.0,29.5,0.0,1016.2
2025-09-19 17:00:00+00:00,18.1,73,13.2,42,131.0,71.0,278.9,60.0,11.9,27.4,0.0,1015.8
2025-09-19 18:00:00+00:00,16.6,80,13.1,34,1.0,0.0,0.0,1.0,12.2,27.4,0.0,1015.8
2025-09-19 19:00:00+00:00,15.8,84,13.1,26,0.0,0.0,0.0,0.0,9.0,20.9,0.0,1015.9
2025-09-19 20:00:00+00:00,15.3,86,13.0,55,0.0,0.0,0.0,0.0,3.2,8.6,0.0,1015.6
2025-09-19 21:00:00+00:00,15.8,84,13.1,88,0.0,0.0,0.0,0.0,5.8,13.3,0.0,1014.6
2025-09-19 22:00:00+00:00,15.6,85,13.1,34,0.0,0.0,0.0,0.0,6.5,14.8,0.0,1014.6
2025-09-19 23:00:00+00:00,15.0,87,12.9,50,0.0,0.0,0.0,0.0,5.4,13.3,0.0,1014.4
2025-09-20 00:00:00+00:00,15.2,87,13.1,73,0.0,0.0,0.0,0.0,7.6,18.4,0.0,1014.1
2025-09-20 01:00:00+00:00,14.9,89,13.1,66,0.0,0.0,0.0,0.0,5.4,13.0,0.0,1013.6
2025-09-20 02:00:00+00:00,15.2,89,13.4,91,0.0,0.0,0.0,0.0,7.2,17.3,0.0,1013.0
2025-09-20 03:00:00+00:00,15.2,91,13.8,100,0.0,0.0,0.0,0.0,5.8,13.0,0.0,1012.0
2025-09-20 04:00:00+00:00,15.6,87,13.4,100,0.0,0.0,0.0,0.0,9.4,21.6,0.0,1011.8
2025-09-20 05:00:00+00:00,15.7,82,12.7,54,0.0,0.0,0.0,0.0,8.6,19.1,0.0,1010.7
2025-09-20 06:00:00+00:00,15.7,88,13.7,98,0.0,0.0,0.0,0.0,8.3,18.7,0.0,1010.5
2025-09-20 07:00:00+00:00,16.0,81,12.8,98,39.0,1.0,9.4,38.0,11.9,25.9,0.0,1010.7
2025-09-20 08:00:00+00:00,16.8,77,12.7,95,152.0,36.0,140.8,116.0,12.2,28.1,0.0,1011.4
2025-09-20 09:00:00+00:00,17.7,70,12.1,98,276.0,64.0,161.1,212.0,17.3,38.2,0.0,1010.7
2025-09-20 10:00:00+00:00,17.5,73,12.6,100,105.0,1.0,2.0,104.0,14.8,32.8,0.0,1010.5
2025-09-20 11:00:00+00:00,17.6,77,13.5,100,175.0,13.0,21.9,162.0,20.9,46.1,0.0,1010.0
2025-09-20 12:00:00+00:00,16.5,90,14.8,100,53.0,1.0,1.6,52.0,21.2,47.2,1.3,1009.8
2025-09-20 13:00:00+00:00,16.2,94,15.3,100,59.0,2.0,3.2,57.0,17.6,38.9,1.2,1008.6
2025-09-20 14:00:00+00:00,16.9,94,15.9,100,81.0,0.0,0.0,81.0,21.2,46.4,2.9,1007.7
2025-09-20 15:00:00+00:00,16.4,95,15.6,100,57.0,0.0,0.0,57.0,17.3,37.8,0.2,1007.8
2025-09-20 16:00:00+00:00,16.5,96,15.9,93,82.0,3.0,7.7,79.0,15.5,31.0,0.5,1006.7
2025-09-20 17:00:00+00:00,16.6,91,15.2,100,40.0,0.0,0.0,40.0,19.8,44.6,0.0,1007.1
2025-09-20 18:00:00+00:00,14.8,82,11.7,59,0.0,0.0,0.0,0.0,15.5,35.6,0.4,1008.8
2025-09-20 19:00:00+00:00,14.0,84,11.4,70,0.0,0.0,0.0,0.0,13.7,32.0,0.0,1010.3
2025-09-20 20:00:00+00:00,13.4,86,11.1,0,0.0,0.0,0.0,0.0,12.2,28.1,0.0,1011.1
2025-09-20 21:00:00+00:00,13.9,81,10.7,0,0.0,0.0,0.0,0.0,14.8,34.2,0.0,1012.0
2025-09-20 22:00:00+00:00,13.2,84,10.6,0,0.0,0.0,0.0,0.0,15.8,36.4,0.0,1012.5
2025-09-20 23:00:00+00:00,12.7,84,10.1,0,0.0,0.0,0.0,0.0,12.2,28.1,0.0,1012.9
2025-09-21 00:00:00+00:00,12.3,84,9.7,14,0.0,0.0,0.0,0.0,9.4,22.0,0.0,1013.3
2025-09-21 01:00:00+00:00,11.7,87,9.6,3,0.0,0.0,0.0,0.0,6.8,16.2,0.0,1013.3
2025-09-21 02:00:00+00:00,11.6,86,9.4,16,0.0,0.0,0.0,0.0,6.8,16.6,0.0,1013.3
2025-09-21 03:00:00+00:00,11.5,90,9.9,55,0.0,0.0,0.0,0.0,5.8,13.0,0.0,1013.3
2025-09-21 04:00:00+00:00,11.4,91,10.0,52,0.0,0.0,0.0,0.0,5.8,13.0,0.0,1013.5
2025-09-21 05:00:00+00:00,11.7,88,9.8,91,0.0,0.0,0.0,0.0,7.6,16.2,0.0,1014.0
2025-09-21 06:00:00+00:00,11.7,80,8.3,90,10.0,0.0,0.0,10.0,7.2,16.2,0.0,1015.4
2025-09-21 07:00:00+00:00,11.9,74,7.4,56,63.0,27.0,259.4,36.0,8.6,19.1,0.0,1016.1
2025-09-21 08:00:00+00:00,12.4,69,6.8,80,156.0,32.0,127.3,124.0,10.1,22.0,0.0,1016.8
2025-09-21 09:00:00+00:00,12.5,63,5.7,30,368.0,263.0,669.4,105.0,14.8,33.5,0.0,1017.2
2025-09-21 10:00:00+00:00,13.7,55,4.8,55,453.0,269.0,529.4,184.0,14.0,32.0,0.0,1017.8
2025-09-21 11:00:00+00:00,14.8,49,4.2,53,539.0,406.0,689.2,133.0,13.7,33.1,0.0,1018.1
2025-09-21 12:00:00+00:00,15.1,47,3.9,97,336.0,11.0,17.4,325.0,11.9,29.5,0.0,1018.5
2025-09-21 13:00:00+00:00,15.5,43,3.0,100,164.0,0.0,0.0,164.0,14.0,32.8,0.0,1018.5
2025-09-21 14:00:00+00:00,16.3,38,1.9,60,473.0,246.0,420.1,227.0,14.4,34.6,0.0,1018.6
2025-09-21 15:00:00+00:00,16.1,37,1.4,37,382.0,256.0,509.6,126.0,14.4,34.2,0.0,1019.2
2025-09-21 16:00:00+00:00,16.1,36,1.0,64,225.0,142.0,368.5,83.0,13.3,31.0,0.0,1019.4
2025-09-21 17:00:00+00:00,15.5,34,-0.3,29,119.0,60.0,247.5,59.0,15.8,34.9,0.0,1019.9
2025-09-21 18:00:00+00:00,14.4,39,0.6,71,0.0,0.0,0.0,0.0,14.8,32.0,0.0,1020.5
2025-09-21 19:00:00+00:00,13.4,42,0.7,45,0.0,0.0,0.0,0.0,14.8,32.0,0.0,1021.3
2025-09-21 20:00:00+00:00,12.5,44,0.6,2,0.0,0.0,0.0,0.0,17.3,37.4,0.0,1022.1
2025-09-21 21:00:00+00:00,11.8,48,1.2,4,0.0,0.0,0.0,0.0,15.5,33.8,0.0,1022.8
2025-09-21 22:00:00+00:00,11.0,52,1.5,14,0.0,0.0,0.0,0.0,13.7,29.9,0.0,1023.5
2025-09-21 23:00:00+00:00,10.4,55,1.8,1,0.0,0.0,0.0,0.0,14.0,31.0,0.0,1024.0
2025-09-22 00:00:00+00:00,10.1,59,2.5,0,0.0,0.0,0.0,0.0,13.0,28.4,0.0,1024.1
2025-09-22 01:00:00+00:00,9.5,64,3.1,0,0.0,0.0,0.0,0.0,14.0,31.3,0.0,1024.5
2025-09-22 02:00:00+00:00,8.9,71,4.0,0,0.0,0.0,0.0,0.0,14.8,31.7,0.0,1024.7
2025-09-22 03:00:00+00:00,9.1,72,4.3,0,0.0,0.0,0.0,0.0,13.7,29.9,0.0,1024.9
2025-09-22 04:00:00+00:00,8.6,74,4.3,0,0.0,0.0,0.0,0.0,14.4,31.7,0.0,1025.2
2025-09-22 05:00:00+00:00,8.2,76,4.2,0,0.0,0.0,0.0,0.0,14.8,31.7,0.0,1025.7
2025-09-22 06:00:00+00:00,7.8,78,4.2,0,17.0,0.0,0.0,17.0,14.4,31.3,0.0,1026.5
2025-09-22 07:00:00+00:00,8.2,76,4.2,0,79.0,42.0,412.2,37.0,14.8,31.7,0.0,1027.0
2025-09-22 08:00:00+00:00,9.6,69,4.2,0,239.0,167.0,676.0,72.0,15.5,33.5,0.0,1027.6
2025-09-22 09:00:00+00:00,11.4,63,4.6,0,394.0,303.0,780.1,91.0,16.6,36.4,0.0,1028.1
2025-09-22 10:00:00+00:00,13.0,55,4.2,0,521.0,422.0,838.2,99.0,16.6,37.4,0.0,1028.2
2025-09-22 11:00:00+00:00,14.6,45,2.8,5,602.0,499.0,854.1,103.0,15.8,37.4,0.0,1028.0
2025-09-22 12:00:00+00:00,16.0,38,1.7,22,618.0,500.0,799.5,118.0,15.8,38.2,0.0,1027.5
2025-09-22 13:00:00+00:00,16.9,34,1.0,13,606.0,463.0,742.1,143.0,15.8,39.2,0.0,1027.1
2025-09-22 14:00:00+00:00,17.1,30,-0.6,27,530.0,428.0,738.0,102.0,14.8,35.6,0.0,1027.0
2025-09-22 15:00:00+00:00,17.2,32,0.4,8,434.0,328.0,660.5,106.0,15.8,37.8,0.0,1026.9
2025-09-22 16:00:00+00:00,16.7,34,0.8,13,279.0,206.0,543.0,73.0,15.5,35.3,0.0,1026.8
2025-09-22 17:00:00+00:00,16.1,34,0.2,0,126.0,87.0,368.2,39.0,17.3,38.2,0.0,1027.1
2025-09-22 18:00:00+00:00,14.7,38,0.5,5,0.0,0.0,0.0,0.0,11.2,25.2,0.0,1027.7
2025-09-22 19:00:00+00:00,13.5,44,1.5,34,0.0,0.0,0.0,0.0,11.5,25.2,0.0,1028.4
2025-09-22 20:00:00+00:00,13.1,45,1.4,40,0.0,0.0,0.0,0.0,13.3,29.2,0.0,1028.7
2025-09-22 21:00:00+00:00,11.9,47,1.0,0,0.0,0.0,0.0,0.0,11.9,26.3,0.0,1028.8
2025-09-22 22:00:00+00:00,11.2,51,1.5,0,0.0,0.0,0.0,0.0,10.8,24.5,0.0,1028.8
2025-09-22 23:00:00+00:00,10.4,57,2.3,0,0.0,0.0,0.0,0.0,8.3,18.4,0.0,1028.9
2025-09-23 00:00:00+00:00,9.5,63,2.8,0,0.0,0.0,0.0,0.0,7.6,17.6,0.0,1029.2
2025-09-23 01:00:00+00:00,8.7,66,2.7,0,0.0,0.0,0.0,0.0,7.2,16.6,0.0,1029.0
2025-09-23 02:00:00+00:00,8.0,69,2.6,0,0.0,0.0,0.0,0.0,4.7,11.5,0.0,1028.8
2025-09-23 03:00:00+00:00,7.4,74,3.0,0,0.0,0.0,0.0,0.0,4.7,11.2,0.0,1028.6
2025-09-23 04:00:00+00:00,6.8,77,3.0,0,0.0,0.0,0.0,0.0,4.3,10.4,0.0,1028.6
2025-09-23 05:00:00+00:00,6.7,77,2.9,0,0.0,0.0,0.0,0.0,5.0,12.2,0.0,1028.9
2025-09-23 06:00:00+00:00,7.9,74,3.5,46,13.0,0.0,0.0,13.0,6.8,16.2,0.0,1028.9
2025-09-23 07:00:00+00:00,8.7,70,3.5,42,61.0,22.0,220.6,39.0,9.0,20.2,0.0,1029.0
2025-09-23 08:00:00+00:00,10.1,65,3.8,34,196.0,105.0,432.7,91.0,10.1,22.3,0.0,1029.2
2025-09-23 09:00:00+00:00,11.9,59,4.1,51,313.0,160.0,416.8,153.0,13.0,28.4,0.0,1029.2
2025-09-23 10:00:00+00:00,13.5,55,4.7,43,441.0,273.0,547.3,168.0,14.0,31.7,0.0,1029.1
2025-09-23 11:00:00+00:00,14.9,49,4.3,27,534.0,373.0,643.8,161.0,14.8,33.8,0.0,1028.9
2025-09-23 12:00:00+00:00,16.4,47,5.0,60,507.0,352.0,567.5,155.0,14.0,33.8,0.0,1028.6
2025-09-23 13:00:00+00:00,17.1,44,4.7,58,468.0,258.0,417.1,210.0,14.8,35.3,0.0,1028.1
2025-09-23 14:00:00+00:00,17.4,44,5.0,48,429.0,259.0,450.9,170.0,15.8,37.1,0.0,1027.6
2025-09-23 15:00:00+00:00,17.2,44,4.9,84,248.0,82.0,167.1,166.0,14.0,32.4,0.0,1027.8
2025-09-23 16:00:00+00:00,17.1,45,5.1,18,260.0,192.0,514.2,68.0,14.4,32.8,0.0,1027.4
2025-09-23 17:00:00+00:00,16.5,49,5.8,13,110.0,61.0,264.9,49.0,13.7,31.0,0.0,1027.3
2025-09-23 18:00:00+00:00,15.6,52,5.8,70,0.0,0.0,0.0,0.0,9.4,20.5,0.0,1027.6
2025-09-23 19:00:00+00:00,14.3,60,6.7,8,0.0,0.0,0.0,0.0,9.4,20.5,0.0,1028.0
2025-09-23 20:00:00+00:00,13.7,64,7.0,24,0.0,0.0,0.0,0.0,9.4,20.9,0.0,1028.5
2025-09-23 21:00:00+00:00,13.4,67,7.4,9,0.0,0.0,0.0,0.0,14.0,31.0,0.0,1028.8
2025-09-23 22:00:00+00:00,12.6,73,7.9,0,0.0,0.0,0.0,0.0,14.8,32.4,0.0,1028.7
2025-09-23 23:00:00+00:00,12.0,78,8.3,5,0.0,0.0,0.0,0.0,13.7,29.9,0.0,1028.7
2025-09-24 00:00:00+00:00,11.3,83,8.5,9,0.0,0.0,0.0,0.0,13.0,28.1,0.0,1028.5
2025-09-24 01:00:00+00:00,11.1,85,8.7,7,0.0,0.0,0.0,0.0,14.8,32.0,0.0,1028.2
2025-09-24 02:00:00+00:00,10.6,87,8.6,2,0.0,0.0,0.0,0.0,11.9,26.3,0.0,1028.0
2025-09-24 03:00:00+00:00,10.7,88,8.8,14,0.0,0.0,0.0,0.0,15.1,33.5,0.0,1027.3
2025-09-24 04:00:00+00:00,10.5,89,8.7,16,0.0,0.0,0.0,0.0,14.4,31.0,0.0,1027.2
2025-09-24 05:00:00+00:00,10.6,89,8.9,91,0.0,0.0,0.0,0.0,13.7,29.9,0.0,1027.5
2025-09-24 06:00:00+00:00,10.4,90,8.9,56,11.0,0.0,0.0,11.0,14.4,31.3,0.0,1027.8
2025-09-24 07:00:00+00:00,10.8,86,8.5,57,54.0,13.0,133.3,41.0,13.0,28.1,0.0,1028.0
2025-09-24 08:00:00+00:00,12.2,77,8.3,13,219.0,140.0,587.5,79.0,14.0,31.0,0.0,1028.1
2025-09-24 09:00:00+00:00,14.2,60,6.5,0,379.0,289.0,761.7,90.0,16.6,36.4,0.0,1028.4
2025-09-24 10:00:00+00:00,15.9,53,6.4,2,500.0,398.0,805.5,102.0,15.8,36.4,0.0,1028.0
2025-09-24 11:00:00+00:00,16.6,44,4.3,0,590.0,488.0,849.4,102.0,18.4,41.8,0.0,1027.6
2025-09-24 12:00:00+00:00,17.0,47,5.6,42,538.0,640.0,1040.4,0.0,9.4,26.3,0.0,1026.6
2025-09-24 13:00:00+00:00,17.2,43,4.5,81,421.0,64.0,104.4,357.0,9.7,26.3,0.0,1026.1
2025-09-24 14:00:00+00:00,17.3,39,3.2,98,337.0,31.0,54.5,306.0,13.7,32.0,0.0,1025.7
2025-09-24 15:00:00+00:00,18.3,33,1.7,100,273.0,18.0,37.1,255.0,13.0,31.7,0.0,1025.6
2025-09-24 16:00:00+00:00,18.1,35,2.4,100,196.0,23.0,62.6,173.0,14.0,33.5,0.0,1025.5
2025-09-24 17:00:00+00:00,17.4,36,2.2,100,75.0,2.0,8.9,73.0,11.5,27.4,0.0,1025.8
2025-09-24 18:00:00+00:00,15.8,42,2.9,52,0.0,0.0,0.0,0.0,12.2,29.2,0.0,1026.0
2025-09-24 19:00:00+00:00,14.4,50,4.1,41,0.0,0.0,0.0,0.0,9.4,22.3,0.0,1026.6
2025-09-24 20:00:00+00:00,13.3,55,4.5,62,0.0,0.0,0.0,0.0,10.1,23.0,0.0,1026.9
2025-09-24 21:00:00+00:00,12.7,59,4.9,98,0.0,0.0,0.0,0.0,9.7,22.7,0.0,1027.2
2025-09-24 22:00:00+00:00,11.9,63,5.1,83,0.0,0.0,0.0,0.0,9.7,22.0,0.0,1027.2
2025-09-24 23:00:00+00:00,11.5,64,5.0,77,0.0,0.0,0.0,0.0,10.8,23.8,0.0,1026.8
2025-09-25 00:00:00+00:00,11.3,63,4.5,70,0.0,0.0,0.0,0.0,12.2,26.6,0.0,1026.6
2025-09-25 01:00:00+00:00,10.9,66,4.8,63,0.0,0.0,0.0,0.0,13.0,28.1,0.0,1026.4
2025-09-25 02:00:00+00:00,10.4,68,4.7,89,0.0,0.0,0.0,0.0,13.0,28.1,0.0,1026.1
2025-09-25 03:00:00+00:00,9.9,71,4.9,85,0.0,0.0,0.0,0.0,14.8,32.0,0.0,1025.8
2025-09-25 04:00:00+00:00,9.9,73,5.3,53,0.0,0.0,0.0,0.0,14.4,31.7,0.0,1025.7
2025-09-25 05:00:00+00:00,9.7,74,5.3,33,0.0,0.0,0.0,0.0,14.0,30.2,0.0,1025.9
2025-09-25 06:00:00+00:00,10.0,73,5.4,79,9.0,0.0,0.0,9.0,12.2,26.6,0.0,1026.1
2025-09-25 07:00:00+00:00,10.3,72,5.5,54,57.0,18.0,188.8,39.0,13.7,29.2,0.0,1026.4
2025-09-25 08:00:00+00:00,11.6,68,5.9,46,198.0,108.0,461.8,90.0,15.5,33.8,0.0,1026.5
2025-09-25 09:00:00+00:00,13.3,60,5.7,0,375.0,287.0,765.6,88.0,14.0,30.2,0.0,1025.9
2025-09-25 10:00:00+00:00,15.3,51,5.2,2,500.0,403.0,823.5,97.0,14.8,33.8,0.0,1025.4
2025-09-25 11:00:00+00:00,16.8,43,4.2,0,585.0,485.0,851.5,100.0,15.5,36.4,0.0,1024.8
2025-09-25 12:00:00+00:00,17.7,39,3.6,6,619.0,521.0,854.1,98.0,15.1,37.1,0.0,1024.4
2025-09-25 13:00:00+00:00,18.5,36,3.2,5,603.0,507.0,834.2,96.0,15.5,37.1,0.0,1023.7
2025-09-25 14:00:00+00:00,19.0,32,1.9,3,536.0,449.0,797.2,87.0,15.8,38.2,0.0,1023.2
2025-09-25 15:00:00+00:00,19.0,31,1.5,0,422.0,345.0,720.0,77.0,15.5,36.7,0.0,1023.4
2025-09-25 16:00:00+00:00,18.6,31,1.1,0,273.0,210.0,580.9,63.0,15.5,36.4,0.0,1023.4
2025-09-25 17:00:00+00:00,17.7,33,1.2,0,107.0,66.0,302.6,41.0,13.3,31.3,0.0,1023.5
2025-09-25 18:00:00+00:00,16.2,38,1.8,0,0.0,0.0,0.0,0.0,10.4,24.5,0.0,1023.8
2025-09-25 19:00:00+00:00,14.8,42,2.0,0,0.0,0.0,0.0,0.0,12.2,29.2,0.0,1024.3
2025-09-25 20:00:00+00:00,13.6,48,2.8,0,0.0,0.0,0.0,0.0,9.4,22.3,0.0,1024.5
2025-09-25 21:00:00+00:00,12.3,53,3.0,0,0.0,0.0,0.0,0.0,6.8,15.5,0.0,1024.1
2025-09-25 22:00:00+00:00,11.9,55,3.1,0,0.0,0.0,0.0,0.0,9.0,20.2,0.0,1024.0
2025-09-25 23:00:00+00:00,11.4,59,3.6,0,0.0,0.0,0.0,0.0,11.2,24.5,0.0,1023.7
2025-09-26 00:00:00+00:00,10.7,64,4.2,0,0.0,0.0,0.0,0.0,12.2,27.0,0.0,1023.0
2025-09-26 01:00:00+00:00,10.2,68,4.5,0,0.0,0.0,0.0,0.0,12.2,27.4,0.0,1022.6
2025-09-26 02:00:00+00:00,9.8,71,4.8,36,0.0,0.0,0.0,0.0,11.2,24.5,0.0,1022.2
2025-09-26 03:00:00+00:00,9.6,71,4.6,0,0.0,0.0,0.0,0.0,11.5,24.8,0.0,1022.7
2025-09-26 04:00:00+00:00,9.3,73,4.7,14,0.0,0.0,0.0,0.0,10.8,23.8,0.0,1022.5
2025-09-26 05:00:00+00:00,9.0,74,4.6,9,0.0,0.0,0.0,0.0,10.4,23.4,0.0,1022.2
2025-09-26 06:00:00+00:00,9.4,73,4.8,14,8.0,0.0,0.0,8.0,12.6,27.7,0.0,1022.2
2025-09-26 07:00:00+00:00,10.0,71,5.0,80,34.0,8.0,85.9,26.0,12.2,26.6,0.0,1022.3
2025-09-26 08:00:00+00:00,11.2,67,5.3,38,181.0,102.0,444.5,79.0,10.8,24.1,0.0,1022.4
2025-09-26 09:00:00+00:00,12.7,63,5.8,61,245.0,113.0,305.1,132.0,10.1,22.3,0.0,1022.3
2025-09-26 10:00:00+00:00,14.1,60,6.5,82,244.0,73.0,150.6,171.0,10.1,23.8,0.0,1022.0
2025-09-26 11:00:00+00:00,14.6,60,6.9,81,320.0,89.0,157.6,231.0,9.7,24.1,0.0,1021.7
2025-09-26 12:00:00+00:00,14.7,60,7.0,100,157.0,0.0,0.0,157.0,6.8,18.4,0.0,1021.6
2025-09-26 13:00:00+00:00,14.7,63,7.8,100,119.0,0.0,0.0,119.0,7.6,19.4,0.0,1021.4
2025-09-26 14:00:00+00:00,14.9,62,7.7,100,101.0,0.0,0.0,101.0,8.3,20.2,0.0,1021.1
2025-09-26 15:00:00+00:00,14.6,66,8.3,85,193.0,70.0,147.9,123.0,9.4,22.0,0.0,1020.9
2025-09-26 16:00:00+00:00,14.7,65,8.2,77,155.0,44.0,123.8,111.0,7.6,18.4,0.0,1021.1
2025-09-26 17:00:00+00:00,14.8,62,7.6,95,46.0,0.0,0.0,46.0,4.7,11.5,0.0,1021.3
2025-09-26 18:00:00+00:00,14.3,63,7.3,95,0.0,0.0,0.0,0.0,8.6,20.2,0.0,1021.3
2025-09-26 19:00:00+00:00,13.8,65,7.4,75,0.0,0.0,0.0,0.0,7.6,18.0,0.0,1021.1
2025-09-26 20:00:00+00:00,12.9,69,7.4,45,0.0,0.0,0.0,0.0,6.1,14.8,0.0,1021.2
2025-09-26 21:00:00+00:00,13.0,69,7.4,80,0.0,0.0,0.0,0.0,8.6,20.5,0.0,1020.7
2025-09-26 22:00:00+00:00,12.5,72,7.6,77,0.0,0.0,0.0,0.0,7.6,17.6,0.0,1020.8
2025-09-26 23:00:00+00:00,12.3,74,7.8,100,0.0,0.0,0.0,0.0,3.2,8.6,0.0,1021.0
2025-09-27 00:00:00+00:00,11.7,75,7.4,41,0.0,0.0,0.0,0.0,8.6,20.2,0.0,1020.6
2025-09-27 01:00:00+00:00,12.0,77,8.1,96,0.0,0.0,0.0,0.0,7.2,16.6,0.0,1020.4
2025-09-27 02:00:00+00:00,12.1,79,8.6,95,0.0,0.0,0.0,0.0,8.3,19.1,0.0,1020.1
2025-09-27 03:00:00+00:00,11.9,84,9.3,45,0.0,0.0,0.0,0.0,6.8,16.2,0.0,1019.8
2025-09-27 04:00:00+00:00,12.3,85,9.8,100,0.0,0.0,0.0,0.0,9.0,19.8,0.0,1019.7
2025-09-27 05:00:00+00:00,12.1,86,9.9,91,0.0,0.0,0.0,0.0,3.2,6.8,0.0,1019.5
2025-09-27 06:00:00+00:00,12.3,86,10.0,100,3.0,0.0,0.0,3.0,4.7,11.2,0.0,1019.7
2025-09-27 07:00:00+00:00,12.2,86,9.9,74,39.0,4.0,44.0,35.0,5.0,11.9,0.0,1019.8
2025-09-27 08:00:00+00:00,13.3,81,10.1,89,119.0,14.0,62.2,105.0,6.1,14.0,0.0,1019.8
2025-09-27 09:00:00+00:00,14.6,67,8.6,94,194.0,80.0,218.8,114.0,11.5,26.3,0.0,1019.4
2025-09-27 10:00:00+00:00,15.5,59,7.5,92,288.0,69.0,143.8,219.0,14.0,31.7,0.0,1019.5
2025-09-27 11:00:00+00:00,15.2,62,8.0,100,100.0,0.0,0.0,100.0,18.0,40.0,0.0,1019.3
2025-09-27 12:00:00+00:00,15.8,62,8.5,100,276.0,18.0,30.0,258.0,15.5,34.6,0.0,1019.3
2025-09-27 13:00:00+00:00,15.1,70,9.6,100,93.0,2.0,3.4,91.0,18.0,39.2,0.0,1019.3
2025-09-27 14:00:00+00:00,14.9,74,10.3,99,132.0,10.0,18.1,122.0,14.4,31.7,0.0,1018.8
2025-09-27 15:00:00+00:00,14.4,81,11.2,100,71.0,0.0,0.0,71.0,11.9,25.6,0.3,1018.5
2025-09-27 16:00:00+00:00,14.7,79,11.1,100,62.0,0.0,0.0,62.0,11.9,26.3,0.2,1018.5
2025-09-27 17:00:00+00:00,15.0,73,10.2,95,62.0,1.0,4.9,61.0,13.3,29.2,0.0,1018.5
2025-09-27 18:00:00+00:00,15.0,71,9.8,98,0.0,0.0,0.0,0.0,13.0,28.1,0.0,1018.5
2025-09-27 19:00:00+00:00,14.9,72,9.9,100,0.0,0.0,0.0,0.0,14.0,31.3,0.0,1018.4
2025-09-27 20:00:00+00:00,14.9,72,9.9,98,0.0,0.0,0.0,0.0,11.5,24.8,0.0,1018.6
2025-09-27 21:00:00+00:00,15.0,73,10.2,100,0.0,0.0,0.0,0.0,11.5,24.8,0.0,1018.9
2025-09-27 22:00:00+00:00,15.1,70,9.6,100,0.0,0.0,0.0,0.0,11.2,24.1,0.0,1018.9
2025-09-27 23:00:00+00:00,15.2,71,10.0,100,0.0,0.0,0.0,0.0,11.2,24.1,0.0,1018.8
2025-09-28 00:00:00+00:00,15.1,73,10.3,100,0.0,0.0,0.0,0.0,10.8,23.0,0.0,1019.1
2025-09-28 01:00:00+00:00,15.2,77,11.2,100,0.0,0.0,0.0,0.0,9.4,20.2,0.0,1019.0
2025-09-28 02:00:00+00:00,15.2,79,11.6,100,0.0,0.0,0.0,0.0,8.6,19.1,0.0,1019.0
2025-09-28 03:00:00+00:00,14.9,80,11.5,98,0.0,0.0,0.0,0.0,8.3,18.4,0.0,1019.0
2025-09-28 04:00:00+00:00,14.5,87,12.3,100,0.0,0.0,0.0,0.0,6.5,14.8,0.0,1019.1
2025-09-28 05:00:00+00:00,14.3,94,13.3,100,0.0,0.0,0.0,0.0,8.3,17.6,0.3,1019.3
2025-09-28 06:00:00+00:00,13.5,94,12.6,100,2.0,0.0,0.0,2.0,8.3,18.7,1.0,1019.8
2025-09-28 07:00:00+00:00,13.0,93,11.9,100,28.0,0.0,0.0,28.0,8.3,18.0,0.0,1020.7
2025-09-28 08:00:00+00:00,13.0,93,11.9,98,119.0,6.0,27.2,113.0,10.1,22.0,0.0,1021.2
2025-09-28 09:00:00+00:00,14.0,89,12.2,100,48.0,0.0,0.0,48.0,7.9,18.0,0.0,1021.3
2025-09-28 10:00:00+00:00,14.2,89,12.4,100,54.0,0.0,0.0,54.0,6.8,15.1,0.0,1021.5
2025-09-28 11:00:00+00:00,14.3,90,12.7,100,89.0,0.0,0.0,89.0,5.8,13.3,0.2,1021.8
2025-09-28 12:00:00+00:00,15.3,79,11.7,93,247.0,39.0,65.6,208.0,6.5,16.6,0.0,1022.0
2025-09-28 13:00:00+00:00,15.7,77,11.7,95,247.0,41.0,69.3,206.0,4.7,14.0,0.0,1021.9
2025-09-28 14:00:00+00:00,16.2,73,11.4,99,187.0,1.0,1.8,186.0,2.5,11.2,0.0,1022.0
2025-09-28 15:00:00+00:00,17.9,62,10.5,62,281.0,126.0,273.1,155.0,4.7,14.0,0.0,1021.1
2025-09-28 16:00:00+00:00,18.3,58,9.9,41,203.0,141.0,410.7,62.0,4.7,14.0,0.0,1021.3
2025-09-28 17:00:00+00:00,17.7,64,10.8,53,71.0,10.0,50.1,61.0,5.8,15.5,0.0,1021.8
2025-09-28 18:00:00+00:00,16.6,52,6.7,8,0.0,0.0,0.0,0.0,9.4,20.9,0.0,1022.1
2025-09-28 19:00:00+00:00,15.7,54,6.4,0,0.0,0.0,0.0,0.0,10.4,23.0,0.0,1022.6
2025-09-28 20:00:00+00:00,14.5,60,6.9,0,0.0,0.0,0.0,0.0,7.9,17.6,0.0,1023.0
2025-09-28 21:00:00+00:00,13.5,65,7.0,0,0.0,0.0,0.0,0.0,6.8,15.8,0.0,1023.6
2025-09-28 22:00:00+00:00,12.5,71,7.4,0,0.0,0.0,0.0,0.0,7.2,16.9,0.0,1024.0
2025-09-28 23:00:00+00:00,11.9,74,7.4,0,0.0,0.0,0.0,0.0,7.6,17.3,0.0,1024.1
2025-09-29 00:00:00+00:00,11.4,71,6.3,0,0.0,0.0,0.0,0.0,7.6,16.9,0.0,1024.3
2025-09-29 01:00:00+00:00,10.9,73,6.2,0,0.0,0.0,0.0,0.0,6.8,15.5,0.0,1024.5
2025-09-29 02:00:00+00:00,10.0,77,6.2,0,0.0,0.0,0.0,0.0,4.7,11.2,0.0,1024.4
2025-09-29 03:00:00+00:00,9.8,80,6.5,0,0.0,0.0,0.0,0.0,4.3,10.1,0.0,1024.9
2025-09-29 04:00:00+00:00,9.3,82,6.4,0,0.0,0.0,0.0,0.0,3.6,9.0,0.0,1024.8
2025-09-29 05:00:00+00:00,8.9,83,6.2,0,0.0,0.0,0.0,0.0,3.6,8.6,0.0,1025.0
2025-09-29 06:00:00+00:00,8.5,84,6.0,0,4.0,0.0,0.0,4.0,5.0,11.2,0.0,1025.2
2025-09-29 07:00:00+00:00,9.2,83,6.4,0,54.0,26.0,300.9,28.0,4.0,9.4,0.0,1025.5
2025-09-29 08:00:00+00:00,10.6,78,7.0,0,202.0,136.0,629.5,66.0,3.2,8.6,0.0,1025.8
2025-09-29 09:00:00+00:00,13.0,71,7.9,2,351.0,265.0,743.5,86.0,2.5,7.6,0.0,1026.1
2025-09-29 10:00:00+00:00,15.1,64,8.3,5,474.0,377.0,801.9,97.0,1.1,7.2,0.0,1026.2
2025-09-29 11:00:00+00:00,16.8,50,6.3,3,557.0,458.0,833.6,99.0,1.1,12.2,0.0,1025.9
2025-09-29 12:00:00+00:00,17.4,48,6.3,29,585.0,474.0,805.0,111.0,1.1,13.3,0.0,1025.5
2025-09-29 13:00:00+00:00,18.1,44,5.6,56,548.0,416.0,710.3,132.0,1.8,15.1,0.0,1025.2
2025-09-29 14:00:00+00:00,18.5,43,5.7,13,498.0,407.0,753.4,91.0,2.2,15.1,0.0,1024.8
2025-09-29 15:00:00+00:00,18.5,44,6.0,80,273.0,89.0,195.4,184.0,2.9,14.8,0.0,1024.5
2025-09-29 16:00:00+00:00,18.5,44,6.0,78,172.0,48.0,142.4,124.0,5.0,16.2,0.0,1024.6
2025-09-29 17:00:00+00:00,17.9,48,6.8,77,55.0,11.0,56.9,44.0,4.7,14.8,0.0,1024.9
2025-09-29 18:00:00+00:00,15.7,63,8.7,98,0.0,0.0,0.0,0.0,7.9,18.7,0.0,1025.1
2025-09-29 19:00:00+00:00,15.3,69,9.7,100,0.0,0.0,0.0,0.0,6.8,15.8,0.0,1025.1
2025-09-29 20:00:00+00:00,15.1,71,9.9,100,0.0,0.0,0.0,0.0,6.8,15.8,0.0,1025.2
2025-09-29 21:00:00+00:00,14.1,75,9.7,64,0.0,0.0,0.0,0.0,4.7,11.2,0.0,1025.3
2025-09-29 22:00:00+00:00,13.7,77,9.8,67,0.0,0.0,0.0,0.0,4.0,10.1,0.0,1025.4
2025-09-29 23:00:00+00:00,12.8,79,9.3,19,0.0,0.0,0.0,0.0,4.0,9.7,0.0,1025.5
2025-09-30 00:00:00+00:00,12.1,81,8.9,24,0.0,0.0,0.0,0.0,4.7,11.2,0.0,1025.4
2025-09-30 01:00:00+00:00,11.6,81,8.5,16,0.0,0.0,0.0,0.0,4.7,11.2,0.0,1025.2
2025-09-30 02:00:00+00:00,11.1,82,8.2,12,0.0,0.0,0.0,0.0,5.0,11.2,0.0,1025.0
2025-09-30 03:00:00+00:00,11.1,83,8.3,33,0.0,0.0,0.0,0.0,5.8,13.0,0.0,1025.0
2025-09-30 04:00:00+00:00,11.4,82,8.4,46,0.0,0.0,0.0,0.0,5.8,12.6,0.0,1025.1
2025-09-30 05:00:00+00:00,11.1,81,8.0,48,0.0,0.0,0.0,0.0,5.4,11.9,0.0,1025.3
2025-09-30 06:00:00+00:00,11.9,77,8.0,87,3.0,0.0,0.0,3.0,5.0,11.2,0.0,1025.6
2025-09-30 07:00:00+00:00,12.6,74,8.1,97,34.0,0.0,0.0,34.0,3.2,7.6,0.0,1025.9
2025-09-30 08:00:00+00:00,13.2,71,8.0,59,153.0,72.0,340.4,81.0,3.6,8.6,0.0,1026.3
2025-09-30 09:00:00+00:00,13.6,69,8.0,23,327.0,223.0,634.0,104.0,1.8,7.2,0.0,1026.7
2025-09-30 10:00:00+00:00,15.2,65,8.6,50,413.0,259.0,556.7,154.0,2.2,8.3,0.0,1026.7
2025-09-30 11:00:00+00:00,16.4,58,8.1,55,497.0,405.0,744.1,92.0,2.2,12.2,0.0,1026.7
2025-09-30 12:00:00+00:00,18.1,50,7.5,73,519.0,319.0,546.7,200.0,1.4,14.4,0.0,1026.4
2025-09-30 13:00:00+00:00,18.9,47,7.3,37,499.0,285.0,491.3,214.0,2.9,16.9,0.0,1026.3
2025-09-30 14:00:00+00:00,19.3,47,7.7,70,361.0,152.0,284.4,209.0,5.0,19.8,0.0,1026.1
2025-09-30 15:00:00+00:00,19.2,48,7.9,88,239.0,62.0,138.0,177.0,9.0,23.0,0.0,1025.9
2025-09-30 16:00:00+00:00,18.5,53,8.7,60,193.0,80.0,241.7,113.0,12.2,29.2,0.0,1025.9
2025-09-30 17:00:00+00:00,17.2,61,9.6,16,72.0,39.0,208.3,33.0,11.2,25.6,0.0,1026.2
2025-09-30 18:00:00+00:00,15.7,69,10.1,29,0.0,0.0,0.0,0.0,9.4,22.0,0.0,1026.5
2025-09-30 19:00:00+00:00,14.7,71,9.5,2,0.0,0.0,0.0,0.0,6.8,16.6,0.0,1026.8
2025-09-30 20:00:00+00:00,13.9,74,9.4,12,0.0,0.0,0.0,0.0,6.1,14.8,0.0,1026.8
2025-09-30 21:00:00+00:00,13.1,79,9.6,27,0.0,0.0,0.0,0.0,4.7,11.5,0.0,1027.2
2025-09-30 22:00:00+00:00,12.2,83,9.4,13,0.0,0.0,0.0,0.0,2.9,7.6,0.0,1027.2
2025-09-30 23:00:00+00:00,12.8,81,9.6,94,0.0,0.0,0.0,0.0,3.6,8.6,0.0,1027.2
2025-10-01 00:00:00+00:00,12.9,81,9.7,84,0.0,0.0,0.0,0.0,4.0,9.0,0.0,1027.1
2025-10-01 01:00:00+00:00,13.0,82,10.0,100,0.0,0.0,0.0,0.0,2.9,6.8,0.0,1027.0
2025-10-01 02:00:00+00:00,12.4,84,9.8,78,0.0,0.0,0.0,0.0,0.4,2.2,0.0,1026.7
2025-10-01 03:00:00+00:00,12.4,83,9.6,77,0.0,0.0,0.0,0.0,2.2,5.8,0.0,1026.9
2025-10-01 04:00:00+00:00,12.7,85,10.3,86,0.0,0.0,0.0,0.0,3.6,8.6,0.0,1027.0
2025-10-01 05:00:00+00:00,12.8,85,10.3,83,0.0,0.0,0.0,0.0,2.9,6.8,0.0,1027.4
2025-10-01 06:00:00+00:00,12.3,85,9.9,88,2.0,0.0,0.0,2.0,2.9,6.8,0.0,1027.5
2025-10-01 07:00:00+00:00,13.2,81,10.0,92,33.0,2.0,24.4,31.0,4.0,9.4,0.0,1027.7
2025-10-01 08:00:00+00:00,14.0,82,11.0,84,127.0,37.0,178.8,90.0,5.4,12.2,0.0,1027.7
2025-10-01 09:00:00+00:00,15.3,82,12.3,90,197.0,45.0,129.7,152.0,7.2,16.6,0.0,1028.0
2025-10-01 10:00:00+00:00,16.1,79,12.5,95,207.0,29.0,63.0,178.0,6.5,15.8,0.0,1028.2
2025-10-01 11:00:00+00:00,17.3,65,10.6,98,233.0,22.0,40.8,211.0,7.2,18.4,0.0,1028.2
2025-10-01 12:00:00+00:00,17.5,60,9.7,100,194.0,22.0,38.1,172.0,10.4,24.5,0.0,1028.1
2025-10-01 13:00:00+00:00,17.9,59,9.8,74,455.0,281.0,489.2,174.0,9.7,23.8,0.0,1028.0
2025-10-01 14:00:00+00:00,18.6,55,9.4,77,444.0,297.0,562.0,147.0,10.1,24.8,0.0,1027.6
2025-10-01 15:00:00+00:00,18.8,52,8.7,64,357.0,259.0,584.1,98.0,12.2,28.8,0.0,1027.1
2025-10-01 16:00:00+00:00,18.1,57,9.4,60,215.0,132.0,406.3,83.0,11.5,26.3,0.0,1027.0
2025-10-01 17:00:00+00:00,16.9,70,11.4,60,66.0,26.0,143.6,40.0,10.8,24.5,0.0,1027.2
2025-10-01 18:00:00+00:00,15.7,75,11.3,87,0.0,0.0,0.0,0.0,8.6,19.4,0.0,1027.3
2025-10-01 19:00:00+00:00,15.2,80,11.8,88,0.0,0.0,0.0,0.0,7.6,17.3,0.0,1027.4
2025-10-01 20:00:00+00:00,14.9,83,12.1,91,0.0,0.0,0.0,0.0,6.8,15.5,0.0,1027.4
2025-10-01 21:00:00+00:00,14.3,86,12.0,60,0.0,0.0,0.0,0.0,6.1,14.0,0.0,1027.3
2025-10-01 22:00:00+00:00,14.0,88,12.1,70,0.0,0.0,0.0,0.0,4.7,11.2,0.0,1027.1
2025-10-01 23:00:00+00:00,13.7,89,11.9,98,0.0,0.0,0.0,0.0,3.2,8.3,0.0,1026.8
2025-10-02 00:00:00+00:00,13.3,89,11.5,75,0.0,0.0,0.0,0.0,2.5,6.1,0.0,1026.2
2025-10-02 01:00:00+00:00,12.6,92,11.3,74,0.0,0.0,0.0,0.0,2.2,6.5,0.0,1026.0
2025-10-02 02:00:00+00:00,12.4,92,11.2,80,0.0,0.0,0.0,0.0,1.4,4.3,0.0,1025.7
2025-10-02 03:00:00+00:00,12.1,93,11.0,94,0.0,0.0,0.0,0.0,1.8,4.3,0.0,1025.4
2025-10-02 04:00:00+00:00,11.8,94,10.9,92,0.0,0.0,0.0,0.0,1.1,4.0,0.0,1025.1
2025-10-02 05:00:00+00:00,12.0,95,11.2,94,0.0,0.0,0.0,0.0,0.4,2.2,0.0,1025.3
2025-10-02 06:00:00+00:00,13.1,92,11.8,91,1.0,0.0,0.0,1.0,6.1,13.7,0.0,1025.0
2025-10-02 07:00:00+00:00,13.8,89,12.0,96,30.0,1.0,12.6,29.0,7.2,15.8,0.0,1025.1
2025-10-02 08:00:00+00:00,14.4,88,12.5,97,107.0,12.0,59.3,95.0,6.8,15.5,0.0,1025.3
2025-10-02 09:00:00+00:00,16.3,86,13.9,100,174.0,10.0,29.2,164.0,8.3,18.4,0.0,1024.7
2025-10-02 10:00:00+00:00,17.1,79,13.4,98,295.0,70.0,153.7,225.0,11.9,26.3,0.0,1024.3
2025-10-02 11:00:00+00:00,18.3,73,13.4,99,284.0,38.0,71.2,246.0,12.2,28.4,0.0,1023.6
2025-10-02 12:00:00+00:00,17.7,79,14.0,100,94.0,2.0,3.5,92.0,12.2,27.4,0.0,1023.3
2025-10-02 13:00:00+00:00,19.3,64,12.3,69,488.0,280.0,492.3,208.0,18.4,41.8,0.0,1022.8
2025-10-02 14:00:00+00:00,18.8,60,10.9,98,283.0,5.0,9.6,278.0,17.3,39.2,0.0,1022.3
2025-10-02 15:00:00+00:00,18.4,58,10.0,100,231.0,17.0,38.9,214.0,19.4,42.8,0.0,1020.9
2025-10-02 16:00:00+00:00,17.6,61,10.0,100,123.0,1.0,3.1,122.0,18.4,40.7,0.0,1020.2
2025-10-02 17:00:00+00:00,17.1,64,10.3,100,30.0,0.0,0.0,30.0,15.1,33.5,0.0,1019.7
2025-10-02 18:00:00+00:00,16.6,67,10.5,100,0.0,0.0,0.0,0.0,13.0,28.4,0.0,1019.1
2025-10-02 19:00:00+00:00,16.7,67,10.6,100,0.0,0.0,0.0,0.0,15.8,35.3,0.0,1018.4
2025-10-02 20:00:00+00:00,16.9,67,10.7,100,0.0,0.0,0.0,0.0,15.8,35.6,0.0,1017.6
2025-10-02 21:00:00+00:00,16.7,69,11.0,100,0.0,0.0,0.0,0.0,17.6,38.9,0.0,1016.8
2025-10-02 22:00:00+00:00,16.8,68,10.8,100,0.0,0.0,0.0,0.0,18.4,40.7,0.0,1016.0
2025-10-02 23:00:00+00:00,16.7,73,11.8,100,0.0,0.0,0.0,0.0,15.5,34.6,0.0,1015.3
2025-10-03 00:00:00+00:00,16.5,75,12.1,100,0.0,0.0,0.0,0.0,16.2,35.6,0.3,1015.2
2025-10-03 01:00:00+00:00,14.9,93,13.8,100,0.0,0.0,0.0,0.0,17.6,38.9,5.9,1014.7
2025-10-03 02:00:00+00:00,15.0,95,14.2,100,0.0,0.0,0.0,0.0,16.6,36.4,4.2,1013.9
2025-10-03 03:00:00+00:00,15.6,96,15.0,100,0.0,0.0,0.0,0.0,13.0,28.4,4.0,1013.0
2025-10-03 04:00:00+00:00,15.7,98,15.4,100,0.0,0.0,0.0,0.0,16.6,38.2,0.3,1012.5
2025-10-03 05:00:00+00:00,15.7,99,15.6,100,0.0,0.0,0.0,0.0,13.0,29.2,0.0,1012.5
2025-10-03 06:00:00+00:00,15.9,100,15.9,100,0.0,0.0,0.0,0.0,11.9,26.6,0.0,1012.5
2025-10-03 07:00:00+00:00,16.0,99,15.9,100,5.0,0.0,0.0,5.0,9.4,21.2,0.0,1012.7
2025-10-03 08:00:00+00:00,16.2,99,16.1,100,25.0,0.0,0.0,25.0,10.1,23.4,0.0,1012.9
2025-10-03 09:00:00+00:00,16.3,100,16.3,100,29.0,0.0,0.0,29.0,14.4,32.8,0.0,1012.2
2025-10-03 10:00:00+00:00,16.4,100,16.4,100,33.0,0.0,0.0,33.0,14.4,32.0,0.0,1011.6
2025-10-03 11:00:00+00:00,16.7,97,16.2,100,38.0,0.0,0.0,38.0,15.1,33.8,0.5,1010.8
2025-10-03 12:00:00+00:00,16.9,96,16.3,100,62.0,0.0,0.0,62.0,19.1,42.5,0.2,1009.8
2025-10-03 13:00:00+00:00,16.7,99,16.6,100,44.0,0.0,0.0,44.0,20.5,45.7,0.0,1008.6
2025-10-03 14:00:00+00:00,16.8,99,16.6,100,29.0,0.0,0.0,29.0,22.0,50.0,0.1,1008.4
2025-10-03 15:00:00+00:00,16.7,93,15.6,100,60.0,0.0,0.0,60.0,20.2,46.1,0.0,1008.1
2025-10-03 16:00:00+00:00,16.5,93,15.3,100,20.0,0.0,0.0,20.0,20.9,47.2,0.3,1007.0
2025-10-03 17:00:00+00:00,16.4,93,15.2,100,6.0,0.0,0.0,6.0,22.0,48.6,0.1,1005.7
2025-10-03 18:00:00+00:00,16.8,96,16.2,100,0.0,0.0,0.0,0.0,29.2,65.5,0.0,1004.8
2025-10-03 19:00:00+00:00,17.0,97,16.5,100,0.0,0.0,0.0,0.0,33.5,76.0,0.1,1003.5
2025-10-03 20:00:00+00:00,17.0,97,16.5,100,0.0,0.0,0.0,0.0,30.2,68.4,0.2,1002.6
2025-10-03 21:00:00+00:00,17.2,96,16.5,100,0.0,0.0,0.0,0.0,28.8,66.2,0.3,1000.7
2025-10-03 22:00:00+00:00,17.2,94,16.3,100,0.0,0.0,0.0,0.0,24.8,56.5,2.4,999.7
2025-10-03 23:00:00+00:00,17.1,95,16.3,100,0.0,0.0,0.0,0.0,29.9,68.8,0.8,998.7
2025-10-04 00:00:00+00:00,15.3,89,13.5,100,0.0,0.0,0.0,0.0,30.2,68.4,2.7,998.8
2025-10-04 01:00:00+00:00,13.6,91,12.2,100,0.0,0.0,0.0,0.0,17.6,41.0,0.9,999.1
2025-10-04 02:00:00+00:00,13.0,92,11.8,100,0.0,0.0,0.0,0.0,14.0,33.1,0.7,999.0
2025-10-04 03:00:00+00:00,12.7,91,11.3,100,0.0,0.0,0.0,0.0,20.2,46.4,0.7,999.9
2025-10-04 04:00:00+00:00,12.4,80,9.0,95,0.0,0.0,0.0,0.0,24.5,56.9,0.0,1000.2
2025-10-04 05:00:00+00:00,11.4,72,6.5,1,0.0,0.0,0.0,0.0,20.5,47.9,0.0,1001.1
2025-10-04 06:00:00+00:00,10.6,67,4.8,0,1.0,0.0,0.0,1.0,23.8,56.2,0.0,1002.1
2025-10-04 07:00:00+00:00,10.5,66,4.4,30,42.0,20.0,266.5,22.0,22.0,50.8,0.0,1002.9
2025-10-04 08:00:00+00:00,10.9,62,3.9,0,183.0,121.0,626.1,62.0,26.6,62.3,0.0,1003.2
2025-10-04 09:00:00+00:00,11.4,56,3.0,0,332.0,251.0,754.3,81.0,31.0,72.0,0.0,1003.9
2025-10-04 10:00:00+00:00,12.2,55,3.4,71,329.0,341.0,765.7,0.0,34.2,77.8,0.0,1004.1
2025-10-04 11:00:00+00:00,13.4,54,4.3,6,533.0,416.0,794.7,117.0,33.5,75.2,0.0,1003.7
2025-10-04 12:00:00+00:00,12.5,68,6.8,85,337.0,443.0,788.7,0.0,21.2,47.9,0.4,1004.8
2025-10-04 13:00:00+00:00,14.4,47,3.3,99,236.0,308.0,552.6,0.0,28.4,65.9,0.0,1004.6
2025-10-04 14:00:00+00:00,14.6,45,2.8,95,247.0,316.0,618.6,0.0,31.0,71.6,0.0,1005.3
2025-10-04 15:00:00+00:00,14.2,45,2.4,55,257.0,125.0,293.9,132.0,30.2,69.8,0.0,1006.9
2025-10-04 16:00:00+00:00,13.0,61,5.7,91,73.0,0.0,0.0,73.0,25.6,59.8,0.0,1007.7
2025-10-04 17:00:00+00:00,12.1,69,6.6,42,46.0,13.0,80.0,33.0,20.5,47.9,0.0,1008.4
2025-10-04 18:00:00+00:00,11.8,71,6.7,7,0.0,0.0,0.0,0.0,18.7,43.9,0.0,1009.0
2025-10-04 19:00:00+00:00,11.9,68,6.2,0,0.0,0.0,0.0,0.0,19.8,46.1,0.0,1009.8
2025-10-04 20:00:00+00:00,11.6,74,7.1,34,0.0,0.0,0.0,0.0,15.5,35.3,0.0,1011.0
2025-10-04 21:00:00+00:00,11.3,78,7.6,52,0.0,0.0,0.0,0.0,16.2,37.4,0.0,1011.7
2025-10-04 22:00:00+00:00,11.7,71,6.6,13,0.0,0.0,0.0,0.0,18.4,42.5,0.0,1012.4
2025-10-04 23:00:00+00:00,11.6,71,6.5,67,0.0,0.0,0.0,0.0,20.2,46.4,0.0,1013.1
2025-10-05 00:00:00+00:00,11.5,68,5.8,45,0.0,0.0,0.0,0.0,19.1,44.3,0.0,1013.9
2025-10-05 01:00:00+00:00,11.4,72,6.5,21,0.0,0.0,0.0,0.0,18.7,43.6,0.0,1014.5
2025-10-05 02:00:00+00:00,10.9,75,6.7,0,0.0,0.0,0.0,0.0,16.2,37.8,0.0,1014.9
2025-10-05 03:00:00+00:00,10.6,73,5.9,0,0.0,0.0,0.0,0.0,17.6,41.0,0.0,1015.3
2025-10-05 04:00:00+00:00,10.4,71,5.3,2,0.0,0.0,0.0,0.0,15.8,36.4,0.0,1016.0
2025-10-05 05:00:00+00:00,10.0,75,5.8,0,0.0,0.0,0.0,0.0,10.8,25.9,0.0,1016.7
2025-10-05 06:00:00+00:00,9.4,79,6.0,1,0.0,0.0,0.0,0.0,11.2,26.6,0.0,1017.3
2025-10-05 07:00:00+00:00,9.9,77,6.0,2,42.0,17.0,233.7,25.0,13.7,31.7,0.0,1018.1
2025-10-05 08:00:00+00:00,10.9,75,6.7,0,176.0,114.0,604.2,62.0,15.8,36.4,0.0,1018.8
2025-10-05 09:00:00+00:00,13.2,64,6.5,4,319.0,239.0,728.8,80.0,20.5,46.4,0.0,1019.2
2025-10-05 10:00:00+00:00,14.4,55,5.5,19,412.0,338.0,767.6,74.0,20.9,48.2,0.0,1019.5
2025-10-05 11:00:00+00:00,14.9,53,5.4,100,165.0,19.0,36.7,146.0,21.6,49.7,0.0,1019.8
2025-10-05 12:00:00+00:00,14.9,53,5.4,100,121.0,0.0,0.0,121.0,18.4,42.8,0.0,1020.0
2025-10-05 13:00:00+00:00,14.9,55,6.0,100,174.0,0.0,0.0,174.0,19.4,44.3,0.0,1020.4
2025-10-05 14:00:00+00:00,14.0,68,8.2,90,167.0,0.0,0.0,167.0,15.5,35.6,0.0,1020.8
2025-10-05 15:00:00+00:00,15.0,58,6.8,90,161.0,3.0,7.2,158.0,17.6,40.7,0.0,1021.2
2025-10-05 16:00:00+00:00,15.0,56,6.3,100,52.0,0.0,0.0,52.0,15.8,36.4,0.0,1021.8
2025-10-05 17:00:00+00:00,14.5,58,6.3,91,31.0,2.0,12.8,29.0,15.5,36.4,0.0,1022.4
2025-10-05 18:00:00+00:00,14.0,64,7.3,70,0.0,0.0,0.0,0.0,13.7,31.7,0.0,1023.0
2025-10-05 19:00:00+00:00,12.9,69,7.4,11,0.0,0.0,0.0,0.0,12.6,29.2,0.0,1023.7
2025-10-05 20:00:00+00:00,12.2,73,7.5,0,0.0,0.0,0.0,0.0,11.9,27.4,0.0,1024.3
2025-10-05 21:00:00+00:00,11.3,77,7.4,0,0.0,0.0,0.0,0.0,9.0,20.9,0.0,1024.5
2025-10-05 22:00:00+00:00,10.8,78,7.1,11,0.0,0.0,0.0,0.0,8.3,19.1,0.0,1025.1
2025-10-05 23:00:00+00:00,10.5,81,7.4,31,0.0,0.0,0.0,0.0,6.1,14.8,0.0,1025.4
2025-10-06 00:00:00+00:00,11.1,83,8.3,91,0.0,0.0,0.0,0.0,5.4,13.0,0.0,1025.5
2025-10-06 01:00:00+00:00,11.1,86,8.9,84,0.0,0.0,0.0,0.0,5.8,14.0,0.0,1025.4
2025-10-06 02:00:00+00:00,10.8,90,9.2,74,0.0,0.0,0.0,0.0,6.1,14.4,0.0,1025.4
2025-10-06 03:00:00+00:00,12.0,88,10.1,70,0.0,0.0,0.0,0.0,9.4,22.0,0.0,1025.1
2025-10-06 04:00:00+00:00,11.7,90,10.1,41,0.0,0.0,0.0,0.0,7.9,18.0,0.0,1025.1
2025-10-06 05:00:00+00:00,11.4,92,10.1,30,0.0,0.0,0.0,0.0,5.8,13.3,0.0,1025.4
2025-10-06 06:00:00+00:00,11.0,90,9.4,34,0.0,0.0,0.0,0.0,4.0,9.7,0.0,1025.9
2025-10-06 07:00:00+00:00,11.3,89,9.5,23,35.0,13.0,184.6,22.0,5.4,12.6,0.0,1026.1
2025-10-06 08:00:00+00:00,12.2,84,9.6,26,151.0,83.0,450.9,68.0,7.2,16.6,0.0,1026.5
2025-10-06 09:00:00+00:00,14.0,77,10.1,15,292.0,197.0,609.6,95.0,11.9,27.0,0.0,1026.2
2025-10-06 10:00:00+00:00,15.3,72,10.3,24,390.0,272.0,624.8,118.0,11.9,28.1,0.0,1026.3
2025-10-06 11:00:00+00:00,16.5,65,9.9,80,384.0,141.0,274.9,243.0,11.9,28.4,0.0,1026.2
2025-10-06 12:00:00+00:00,17.1,64,10.3,88,381.0,117.0,212.5,264.0,12.2,29.2,0.0,1025.9
2025-10-06 13:00:00+00:00,17.8,61,10.2,70,384.0,148.0,271.1,236.0,10.4,26.3,0.0,1025.7
2025-10-06 14:00:00+00:00,18.1,60,10.2,88,284.0,65.0,130.3,219.0,11.2,27.4,0.0,1025.5
2025-10-06 15:00:00+00:00,17.4,64,10.5,100,140.0,0.0,0.0,140.0,10.1,24.5,0.0,1025.3
2025-10-06 16:00:00+00:00,16.6,69,10.9,98,73.0,2.0,6.8,71.0,15.1,34.2,0.0,1025.4
2025-10-06 17:00:00+00:00,15.8,76,11.6,94,22.0,1.0,6.7,21.0,12.6,28.4,0.0,1025.4
2025-10-06 18:00:00+00:00,15.4,78,11.6,84,0.0,0.0,0.0,0.0,10.1,23.0,0.0,1025.5
2025-10-06 19:00:00+00:00,15.1,78,11.3,100,0.0,0.0,0.0,0.0,10.1,23.0,0.0,1025.5
2025-10-06 20:00:00+00:00,14.8,78,11.0,100,0.0,0.0,0.0,0.0,10.4,23.8,0.0,1025.7
2025-10-06 21:00:00+00:00,14.7,77,10.7,99,0.0,0.0,0.0,0.0,8.6,19.4,0.0,1025.7
2025-10-06 22:00:00+00:00,14.5,79,10.9,100,0.0,0.0,0.0,0.0,7.6,16.9,0.0,1025.6
2025-10-06 23:00:00+00:00,14.2,79,10.6,84,0.0,0.0,0.0,0.0,7.9,17.3,0.0,1025.4
2025-10-07 00:00:00+00:00,14.4,84,11.7,100,0.0,0.0,0.0,0.0,5.0,11.9,0.0,1025.2
2025-10-07 01:00:00+00:00,14.2,85,11.7,100,0.0,0.0,0.0,0.0,5.4,12.2,0.0,1025.2
2025-10-07 02:00:00+00:00,14.2,78,10.4,100,0.0,0.0,0.0,0.0,7.6,17.3,0.0,1025.1
2025-10-07 03:00:00+00:00,13.9,87,11.8,100,0.0,0.0,0.0,0.0,6.5,15.8,0.0,1025.1
2025-10-07 04:00:00+00:00,13.8,80,10.4,91,0.0,0.0,0.0,0.0,9.0,21.2,0.0,1025.2
2025-10-07 05:00:00+00:00,13.4,81,10.2,86,0.0,0.0,0.0,0.0,8.6,20.5,0.0,1025.4
2025-10-07 06:00:00+00:00,12.9,81,9.7,41,0.0,0.0,0.0,0.0,6.8,16.9,0.0,1025.6
2025-10-07 07:00:00+00:00,13.1,77,9.1,77,28.0,7.0,102.7,21.0,6.5,14.8,0.0,1025.7
2025-10-07 08:00:00+00:00,13.9,70,8.5,60,138.0,63.0,351.1,75.0,7.2,17.6,0.0,1025.8
2025-10-07 09:00:00+00:00,14.6,69,9.0,75,262.0,76.0,238.7,186.0,5.4,13.7,0.0,1026.2
2025-10-07 10:00:00+00:00,15.7,63,8.7,91,274.0,52.0,120.8,222.0,9.4,23.4,0.0,1026.1
2025-10-07 11:00:00+00:00,16.5,59,8.5,94,372.0,116.0,228.5,256.0,9.0,23.8,0.0,1025.8
2025-10-07 12:00:00+00:00,16.9,61,9.4,99,256.0,26.0,47.7,230.0,9.4,23.8,0.0,1025.4
2025-10-07 13:00:00+00:00,17.1,59,9.0,100,210.0,1.0,1.9,209.0,10.1,24.8,0.0,1025.0
2025-10-07 14:00:00+00:00,17.3,58,9.0,99,231.0,17.0,34.5,214.0,10.4,26.3,0.0,1024.7
2025-10-07 15:00:00+00:00,17.4,57,8.8,100,177.0,9.0,22.1,168.0,11.5,27.4,0.0,1024.5
2025-10-07 16:00:00+00:00,16.9,58,8.6,84,127.0,28.0,97.2,99.0,11.5,27.7,0.0,1024.5
2025-10-07 17:00:00+00:00,16.3,60,8.5,90,30.0,1.0,6.9,29.0,9.4,22.7,0.0,1024.5
2025-10-07 18:00:00+00:00,15.2,67,9.1,84,0.0,0.0,0.0,0.0,7.2,17.6,0.0,1024.5
2025-10-07 19:00:00+00:00,14.7,71,9.5,92,0.0,0.0,0.0,0.0,7.9,16.9,0.0,1024.5
2025-10-07 20:00:00+00:00,14.6,70,9.2,100,0.0,0.0,0.0,0.0,8.6,19.8,0.0,1024.5
2025-10-07 21:00:00+00:00,14.0,73,9.3,100,0.0,0.0,0.0,0.0,5.0,12.2,0.0,1024.8
2025-10-07 22:00:00+00:00,14.0,74,9.4,99,0.0,0.0,0.0,0.0,5.0,11.9,0.0,1024.9
2025-10-07 23:00:00+00:00,13.9,76,9.8,100,0.0,0.0,0.0,0.0,4.0,9.4,0.0,1024.7
2025-10-08 00:00:00+00:00,13.2,81,10.0,81,0.0,0.0,0.0,0.0,4.0,10.4,0.0,1024.7
2025-10-08 01:00:00+00:00,12.8,84,10.1,60,0.0,0.0,0.0,0.0,4.7,11.5,0.0,1024.4
2025-10-08 02:00:00+00:00,12.3,87,10.2,71,0.0,0.0,0.0,0.0,3.6,8.6,0.0,1023.9
2025-10-08 03:00:00+00:00,12.5,88,10.6,84,0.0,0.0,0.0,0.0,2.5,6.5,0.0,1023.6
2025-10-08 04:00:00+00:00,12.7,88,10.8,96,0.0,0.0,0.0,0.0,2.2,5.8,0.0,1023.7
2025-10-08 05:00:00+00:00,12.7,88,10.7,84,0.0,0.0,0.0,0.0,2.2,5.8,0.0,1023.9
2025-10-08 06:00:00+00:00,13.4,85,11.0,97,0.0,0.0,0.0,0.0,4.0,9.0,0.0,1024.2
2025-10-08 07:00:00+00:00,13.6,84,11.0,96,9.0,1.0,15.2,8.0,3.2,7.9,0.0,1024.4
2025-10-08 08:00:00+00:00,14.1,82,11.1,100,26.0,0.0,0.0,26.0,3.6,8.3,0.0,1024.7
2025-10-08 09:00:00+00:00,14.0,86,11.7,100,37.0,0.0,0.0,37.0,3.2,7.6,0.0,1024.9
2025-10-08 10:00:00+00:00,14.0,89,12.2,100,46.0,0.0,0.0,46.0,3.6,9.0,0.1,1025.0
2025-10-08 11:00:00+00:00,14.2,91,12.8,98,98.0,11.0,21.9,87.0,4.7,11.5,0.1,1025.0
2025-10-08 12:00:00+00:00,15.3,87,13.2,100,95.0,1.0,1.9,94.0,5.8,13.7,0.0,1025.0
2025-10-08 13:00:00+00:00,15.7,86,13.4,100,115.0,2.0,3.7,113.0,4.7,11.2,0.0,1024.7
2025-10-08 14:00:00+00:00,16.0,85,13.5,100,73.0,0.0,0.0,73.0,6.5,15.1,0.0,1024.7
2025-10-08 15:00:00+00:00,16.0,85,13.5,100,53.0,0.0,0.0,53.0,6.5,15.1,0.0,1024.4
2025-10-08 16:00:00+00:00,16.5,81,13.3,89,67.0,25.0,88.6,42.0,4.0,10.1,0.0,1024.5
2025-10-08 17:00:00+00:00,16.3,83,13.4,85,15.0,1.0,7.2,14.0,4.7,11.9,0.0,1024.7
2025-10-08 18:00:00+00:00,15.7,83,12.8,64,0.0,0.0,0.0,0.0,2.9,6.8,0.0,1025.0
2025-10-08 19:00:00+00:00,15.4,87,13.3,91,0.0,0.0,0.0,0.0,4.3,10.4,0.0,1025.3
2025-10-08 20:00:00+00:00,14.9,85,12.4,47,0.0,0.0,0.0,0.0,7.9,18.4,0.0,1025.7
2025-10-08 21:00:00+00:00,14.2,92,12.9,55,0.0,0.0,0.0,0.0,5.8,13.7,0.0,1026.3
2025-10-08 22:00:00+00:00,13.5,86,11.2,42,0.0,0.0,0.0,0.0,5.4,12.6,0.0,1026.5
2025-10-08 23:00:00+00:00,13.4,82,10.4,85,0.0,0.0,0.0,0.0,6.8,15.5,0.0,1026.7
2025-10-09 00:00:00+00:00,12.4,89,10.6,16,0.0,0.0,0.0,0.0,4.7,11.9,0.0,1026.6
2025-10-09 01:00:00+00:00,11.5,89,9.7,6,0.0,0.0,0.0,0.0,4.0,9.4,0.0,1026.6
2025-10-09 02:00:00+00:00,11.4,83,8.6,16,0.0,0.0,0.0,0.0,6.1,13.7,0.0,1026.5
2025-10-09 03:00:00+00:00,11.4,82,8.4,38,0.0,0.0,0.0,0.0,5.8,13.7,0.0,1026.5
2025-10-09 04:00:00+00:00,11.0,82,8.1,45,0.0,0.0,0.0,0.0,6.8,15.5,0.0,1026.7
2025-10-09 05:00:00+00:00,10.9,80,7.6,82,0.0,0.0,0.0,0.0,6.8,15.1,0.0,1027.2
2025-10-09 06:00:00+00:00,10.5,81,7.4,38,0.0,0.0,0.0,0.0,6.8,15.5,0.0,1027.5
2025-10-09 07:00:00+00:00,10.2,82,7.3,22,31.0,10.0,157.5,21.0,4.7,11.2,0.0,1027.9
2025-10-09 08:00:00+00:00,10.9,78,7.2,6,150.0,94.0,552.2,56.0,5.0,11.2,0.0,1028.5
2025-10-09 09:00:00+00:00,12.5,72,7.6,2,293.0,213.0,690.0,80.0,2.2,7.6,0.0,1029.1
2025-10-09 10:00:00+00:00,14.4,62,7.2,2,409.0,316.0,752.0,93.0,6.5,16.2,0.0,1029.5
2025-10-09 11:00:00+00:00,15.6,58,7.3,2,489.0,392.0,788.6,97.0,5.8,17.3,0.0,1029.5
2025-10-09 12:00:00+00:00,16.3,55,7.3,8,515.0,414.0,775.1,101.0,5.4,18.0,0.0,1029.2
2025-10-09 13:00:00+00:00,17.1,52,7.1,10,494.0,401.0,758.3,93.0,6.1,19.1,0.0,1029.1
2025-10-09 14:00:00+00:00,17.6,51,7.4,12,420.0,327.0,679.2,93.0,7.6,21.2,0.0,1029.1
2025-10-09 15:00:00+00:00,18.1,50,7.5,13,304.0,219.0,554.1,85.0,9.0,23.0,0.0,1029.1
2025-10-09 16:00:00+00:00,17.7,54,8.3,45,144.0,63.0,228.2,81.0,8.6,22.0,0.0,1029.1
2025-10-09 17:00:00+00:00,17.1,57,8.5,66,22.0,2.0,15.1,20.0,7.9,18.7,0.0,1029.5
2025-10-09 18:00:00+00:00,16.7,64,9.9,87,0.0,0.0,0.0,0.0,10.4,23.4,0.0,1030.0
2025-10-09 19:00:00+00:00,16.5,68,10.6,100,0.0,0.0,0.0,0.0,5.4,12.2,0.0,1030.5
2025-10-09 20:00:00+00:00,16.1,72,11.1,100,0.0,0.0,0.0,0.0,5.0,12.2,0.0,1031.0
2025-10-09 21:00:00+00:00,15.4,74,10.8,100,0.0,0.0,0.0,0.0,8.3,19.1,0.0,1031.4
2025-10-09 22:00:00+00:00,15.3,77,11.3,99,0.0,0.0,0.0,0.0,5.8,13.3,0.0,1031.8
2025-10-09 23:00:00+00:00,15.2,77,11.2,98,0.0,0.0,0.0,0.0,6.8,15.8,0.0,1032.1
2025-10-10 00:00:00+00:00,14.9,77,10.9,95,0.0,0.0,0.0,0.0,6.8,15.5,0.0,1032.5
2025-10-10 01:00:00+00:00,14.8,76,10.6,100,0.0,0.0,0.0,0.0,6.8,15.5,0.0,1032.5
2025-10-10 02:00:00+00:00,14.5,77,10.5,99,0.0,0.0,0.0,0.0,5.0,11.5,0.0,1032.5
2025-10-10 03:00:00+00:00,14.3,81,11.1,100,0.0,0.0,0.0,0.0,6.5,15.1,0.0,1032.3
2025-10-10 04:00:00+00:00,14.3,79,10.7,100,0.0,0.0,0.0,0.0,5.4,12.2,0.0,1032.6
2025-10-10 05:00:00+00:00,14.2,82,11.1,100,0.0,0.0,0.0,0.0,7.6,17.3,0.0,1032.9
2025-10-10 06:00:00+00:00,14.0,81,10.8,100,0.0,0.0,0.0,0.0,5.4,13.0,0.0,1033.3
2025-10-10 07:00:00+00:00,14.1,80,10.7,100,12.0,0.0,0.0,12.0,4.7,11.2,0.0,1033.8
2025-10-10 08:00:00+00:00,14.2,80,10.8,100,50.0,0.0,0.0,50.0,4.0,9.0,0.0,1034.4
2025-10-10 09:00:00+00:00,15.0,74,10.4,100,86.0,0.0,0.0,86.0,5.0,11.9,0.0,1035.0
2025-10-10 10:00:00+00:00,15.9,66,9.5,86,230.0,101.0,243.3,129.0,5.8,15.5,0.0,1035.0
2025-10-10 11:00:00+00:00,16.6,60,8.8,100,216.0,2.0,4.1,214.0,4.7,14.8,0.0,1034.9
2025-10-10 12:00:00+00:00,16.3,65,9.7,100,152.0,0.0,0.0,152.0,3.2,13.3,0.0,1034.8
2025-10-10 13:00:00+00:00,16.5,64,9.7,100,176.0,0.0,0.0,176.0,2.5,12.2,0.0,1034.6
2025-10-10 14:00:00+00:00,16.8,63,9.7,100,134.0,0.0,0.0,134.0,2.9,11.5,0.0,1034.6
2025-10-10 15:00:00+00:00,16.3,66,10.0,100,96.0,0.0,0.0,96.0,1.8,9.4,0.0,1034.5
2025-10-10 16:00:00+00:00,16.3,66,10.0,100,54.0,0.0,0.0,54.0,2.2,9.0,0.0,1034.5
2025-10-10 17:00:00+00:00,16.1,68,10.2,100,9.0,0.0,0.0,9.0,3.2,13.0,0.0,1034.5
2025-10-10 18:00:00+00:00,15.9,68,10.0,98,0.0,0.0,0.0,0.0,6.1,14.8,0.0,1034.6
2025-10-10 19:00:00+00:00,15.4,71,10.2,78,0.0,0.0,0.0,0.0,5.8,13.7,0.0,1034.5
2025-10-10 20:00:00+00:00,15.2,72,10.2,85,0.0,0.0,0.0,0.0,4.7,10.4,0.0,1034.5
2025-10-10 21:00:00+00:00,15.3,75,10.9,100,0.0,0.0,0.0,0.0,0.4,7.6,0.0,1034.7
2025-10-10 22:00:00+00:00,14.9,77,10.9,98,0.0,0.0,0.0,0.0,2.5,7.9,0.0,1034.8
2025-10-10 23:00:00+00:00,14.8,79,11.2,98,0.0,0.0,0.0,0.0,1.1,6.5,0.0,1034.9
2025-10-11 00:00:00+00:00,14.7,80,11.3,100,0.0,0.0,0.0,0.0,2.2,6.5,0.0,1035.0
2025-10-11 01:00:00+00:00,14.4,83,11.6,98,0.0,0.0,0.0,0.0,1.4,4.7,0.0,1034.7
2025-10-11 02:00:00+00:00,14.4,82,11.4,100,0.0,0.0,0.0,0.0,2.9,7.6,0.0,1034.4
2025-10-11 03:00:00+00:00,14.9,72,9.9,100,0.0,0.0,0.0,0.0,4.3,10.4,0.0,1034.8
2025-10-11 04:00:00+00:00,14.7,72,9.7,100,0.0,0.0,0.0,0.0,5.0,13.0,0.0,1034.7
2025-10-11 05:00:00+00:00,14.7,72,9.7,100,0.0,0.0,0.0,0.0,5.4,13.7,0.0,1034.7
2025-10-11 06:00:00+00:00,14.5,71,9.3,100,0.0,0.0,0.0,0.0,5.8,14.4,0.0,1034.8
2025-10-11 07:00:00+00:00,14.2,74,9.6,100,16.0,0.0,0.0,16.0,6.5,14.0,0.0,1035.0
2025-10-11 08:00:00+00:00,14.3,73,9.5,98,70.0,4.0,24.8,66.0,5.0,11.2,0.0,1035.2
2025-10-11 09:00:00+00:00,14.6,69,9.0,100,105.0,0.0,0.0,105.0,4.0,12.2,0.0,1035.6
2025-10-11 10:00:00+00:00,14.8,69,9.2,98,190.0,10.0,24.4,180.0,3.2,12.2,0.0,1035.7
2025-10-11 11:00:00+00:00,15.1,67,9.0,100,183.0,1.0,2.1,182.0,5.0,15.5,0.0,1035.5
2025-10-11 12:00:00+00:00,15.2,64,8.5,100,254.0,8.0,15.3,246.0,2.5,12.2,0.0,1035.2
2025-10-11 13:00:00+00:00,15.5,64,8.7,99,254.0,14.0,27.1,240.0,2.5,13.0,0.0,1034.7
2025-10-11 14:00:00+00:00,15.8,63,8.8,100,217.0,8.0,17.0,209.0,4.7,15.5,0.0,1034.3
2025-10-11 15:00:00+00:00,16.6,60,8.8,94,197.0,37.0,96.5,160.0,5.8,18.0,0.0,1033.9
2025-10-11 16:00:00+00:00,16.4,60,8.6,94,103.0,12.0,45.4,91.0,4.7,14.4,0.0,1033.6
2025-10-11 17:00:00+00:00,15.9,64,9.1,89,14.0,0.0,0.0,14.0,3.6,11.2,0.0,1033.4
2025-10-11 18:00:00+00:00,15.1,71,9.9,95,0.0,0.0,0.0,0.0,4.7,11.9,0.0,1033.5
2025-10-11 19:00:00+00:00,14.9,71,9.7,87,0.0,0.0,0.0,0.0,5.8,14.0,0.0,1033.5
2025-10-11 20:00:00+00:00,14.2,74,9.7,88,0.0,0.0,0.0,0.0,4.0,10.4,0.0,1033.7
2025-10-11 21:00:00+00:00,13.0,79,9.5,80,0.0,0.0,0.0,0.0,5.0,12.2,0.0,1033.7
2025-10-11 22:00:00+00:00,13.2,79,9.7,75,0.0,0.0,0.0,0.0,5.0,12.2,0.0,1033.7
2025-10-11 23:00:00+00:00,13.0,80,9.6,93,0.0,0.0,0.0,0.0,6.1,14.0,0.0,1033.7
2025-10-12 00:00:00+00:00,12.0,84,9.4,23,0.0,0.0,0.0,0.0,7.6,17.6,0.0,1033.3
2025-10-12 01:00:00+00:00,11.6,86,9.3,26,0.0,0.0,0.0,0.0,7.9,18.0,0.0,1033.0
2025-10-12 02:00:00+00:00,11.3,87,9.2,34,0.0,0.0,0.0,0.0,8.3,18.4,0.0,1032.7
2025-10-12 03:00:00+00:00,11.3,88,9.4,44,0.0,0.0,0.0,0.0,7.6,16.9,0.0,1032.5
2025-10-12 04:00:00+00:00,11.0,89,9.3,32,0.0,0.0,0.0,0.0,8.3,18.4,0.0,1032.3
2025-10-12 05:00:00+00:00,10.7,90,9.2,45,0.0,0.0,0.0,0.0,7.2,16.6,0.0,1032.2
2025-10-12 06:00:00+00:00,12.3,81,9.2,98,0.0,0.0,0.0,0.0,7.6,17.3,0.0,1032.3
2025-10-12 07:00:00+00:00,12.2,80,8.9,97,16.0,0.0,0.0,16.0,7.6,17.3,0.0,1032.6
2025-10-12 08:00:00+00:00,12.7,78,9.0,75,100.0,41.0,262.2,59.0,10.1,22.3,0.0,1032.9
2025-10-12 09:00:00+00:00,13.5,74,8.9,95,157.0,14.0,47.6,143.0,10.1,23.0,0.0,1032.9
2025-10-12 10:00:00+00:00,14.4,68,8.6,86,270.0,58.0,143.2,212.0,9.4,23.0,0.0,1032.6
2025-10-12 11:00:00+00:00,15.1,66,8.8,73,362.0,125.0,259.7,237.0,10.1,25.6,0.0,1032.5
2025-10-12 12:00:00+00:00,15.6,64,8.8,69,413.0,189.0,365.1,224.0,9.7,24.5,0.0,1032.0
2025-10-12 13:00:00+00:00,16.3,62,9.0,42,441.0,276.0,539.2,165.0,8.6,22.7,0.0,1031.6
2025-10-12 14:00:00+00:00,16.8,60,9.0,41,370.0,218.0,469.8,152.0,9.7,24.8,0.0,1031.3
2025-10-12 15:00:00+00:00,16.8,61,9.3,56,247.0,116.0,307.2,131.0,10.1,24.8,0.0,1030.8
2025-10-12 16:00:00+00:00,16.5,63,9.5,36,143.0,75.0,290.2,68.0,11.2,26.3,0.0,1030.7
2025-10-12 17:00:00+00:00,16.0,66,9.7,44,13.0,1.0,8.7,12.0,10.1,24.5,0.0,1030.6
2025-10-12 18:00:00+00:00,15.5,69,9.9,76,0.0,0.0,0.0,0.0,7.6,18.4,0.0,1030.5
2025-10-12 19:00:00+00:00,14.7,73,9.9,48,0.0,0.0,0.0,0.0,11.5,26.3,0.0,1030.6
2025-10-12 20:00:00+00:00,13.8,76,9.6,50,0.0,0.0,0.0,0.0,12.2,28.8,0.0,1030.7
2025-10-12 21:00:00+00:00,13.5,79,10.0,99,0.0,0.0,0.0,0.0,12.2,28.1,0.0,1030.9
2025-10-12 22:00:00+00:00,13.5,82,10.5,100,0.0,0.0,0.0,0.0,11.9,27.4,0.0,1031.0
2025-10-12 23:00:00+00:00,13.6,84,10.9,100,0.0,0.0,0.0,0.0,11.9,27.4,0.0,1030.9
2025-10-13 00:00:00+00:00,13.5,86,11.2,100,0.0,0.0,0.0,0.0,9.4,21.2,0.0,1030.7
2025-10-13 01:00:00+00:00,13.6,88,11.6,100,0.0,0.0,0.0,0.0,10.1,23.0,0.0,1030.4
2025-10-13 02:00:00+00:00,13.7,87,11.6,94,0.0,0.0,0.0,0.0,10.4,23.4,0.0,1030.0
2025-10-13 03:00:00+00:00,13.9,85,11.4,91,0.0,0.0,0.0,0.0,9.7,22.3,0.0,1029.7
2025-10-13 04:00:00+00:00,13.9,87,11.8,100,0.0,0.0,0.0,0.0,9.4,21.2,0.0,1029.6
2025-10-13 05:00:00+00:00,13.8,88,11.9,100,0.0,0.0,0.0,0.0,8.6,19.4,0.0,1029.5
2025-10-13 06:00:00+00:00,13.9,92,12.6,100,0.0,0.0,0.0,0.0,11.2,24.8,0.0,1029.4
2025-10-13 07:00:00+00:00,14.1,91,12.7,99,12.0,0.0,0.0,12.0,10.1,22.7,0.0,1029.6
2025-10-13 08:00:00+00:00,14.6,88,12.6,100,44.0,0.0,0.0,44.0,10.8,24.8,0.0,1029.9
2025-10-13 09:00:00+00:00,15.3,84,12.6,98,123.0,6.0,20.7,117.0,12.2,28.1,0.0,1030.0
2025-10-13 10:00:00+00:00,16.0,80,12.6,88,217.0,41.0,102.5,176.0,12.2,28.4,0.0,1030.0
2025-10-13 11:00:00+00:00,16.7,74,12.1,71,351.0,147.0,308.8,204.0,13.0,29.9,0.0,1029.8
2025-10-13 12:00:00+00:00,16.7,74,12.1,100,153.0,3.0,5.9,150.0,13.7,31.0,0.0,1029.7
2025-10-13 13:00:00+00:00,17.3,69,11.6,99,177.0,4.0,7.9,173.0,14.0,32.0,0.0,1029.3
2025-10-13 14:00:00+00:00,18.0,63,10.9,100,177.0,4.0,8.7,173.0,11.9,27.7,0.0,1029.1
2025-10-13 15:00:00+00:00,17.8,64,10.9,100,87.0,0.0,0.0,87.0,13.7,31.0,0.0,1028.8
2025-10-13 16:00:00+00:00,17.6,65,11.0,80,83.0,21.0,83.1,62.0,13.0,29.9,0.0,1028.6
2025-10-13 17:00:00+00:00,17.1,66,10.7,87,6.0,1.0,9.2,5.0,13.0,29.5,0.0,1028.6
2025-10-13 18:00:00+00:00,16.4,69,10.7,100,0.0,0.0,0.0,0.0,10.4,24.5,0.0,1028.9
2025-10-13 19:00:00+00:00,16.0,71,10.8,100,0.0,0.0,0.0,0.0,10.1,23.4,0.0,1028.9
2025-10-13 20:00:00+00:00,15.5,74,10.9,95,0.0,0.0,0.0,0.0,11.9,27.4,0.0,1029.2
2025-10-13 21:00:00+00:00,15.1,76,10.9,91,0.0,0.0,0.0,0.0,10.1,23.8,0.0,1029.0
2025-10-13 22:00:00+00:00,14.4,79,10.8,79,0.0,0.0,0.0,0.0,9.4,21.2,0.0,1029.1
2025-10-13 23:00:00+00:00,14.2,81,11.0,77,0.0,0.0,0.0,0.0,9.4,21.2,0.0,1029.3
2025-10-14 00:00:00+00:00,14.0,78,10.2,85,0.0,0.0,0.0,0.0,11.9,25.9,0.0,1029.3
2025-10-14 01:00:00+00:00,13.5,81,10.3,45,0.0,0.0,0.0,0.0,12.2,27.4,0.0,1029.2
2025-10-14 02:00:00+00:00,13.3,82,10.3,41,0.0,0.0,0.0,0.0,13.7,30.2,0.0,1029.0
2025-10-14 03:00:00+00:00,12.7,87,10.6,17,0.0,0.0,0.0,0.0,12.2,27.4,0.0,1028.8
2025-10-14 04:00:00+00:00,12.2,88,10.3,86,0.0,0.0,0.0,0.0,10.4,22.7,0.0,1029.0
2025-10-14 05:00:00+00:00,12.1,87,10.0,57,0.0,0.0,0.0,0.0,12.2,27.0,0.0,1029.3
2025-10-14 06:00:00+00:00,12.6,85,10.2,96,0.0,0.0,0.0,0.0,12.6,27.7,0.0,1029.2
2025-10-14 07:00:00+00:00,12.6,84,9.9,100,11.0,0.0,0.0,11.0,11.2,24.8,0.0,1029.7
2025-10-14 08:00:00+00:00,13.0,79,9.4,96,65.0,3.0,20.4,62.0,12.2,27.4,0.0,1030.1
2025-10-14 09:00:00+00:00,14.0,77,10.0,77,162.0,0.0,0.0,162.0,11.9,26.3,0.0,1030.8
2025-10-14 10:00:00+00:00,14.7,68,8.8,100,148.0,0.0,0.0,148.0,11.9,28.1,0.0,1030.8
2025-10-14 11:00:00+00:00,15.3,62,8.0,98,254.0,20.0,42.5,234.0,9.7,24.1,0.0,1030.6
2025-10-14 12:00:00+00:00,15.9,60,8.1,100,240.0,5.0,9.9,235.0,11.9,28.1,0.0,1030.6
2025-10-14 13:00:00+00:00,15.8,60,8.1,98,246.0,15.0,30.0,231.0,11.9,28.4,0.0,1030.5
2025-10-14 14:00:00+00:00,15.6,61,8.1,100,173.0,1.0,2.2,172.0,11.2,26.3,0.0,1030.5
2025-10-14 15:00:00+00:00,14.5,69,8.9,100,79.0,0.0,0.0,79.0,13.0,29.9,0.0,1030.5
2025-10-14 16:00:00+00:00,14.4,70,9.0,100,35.0,0.0,0.0,35.0,11.2,25.9,0.0,1030.1
2025-10-14 17:00:00+00:00,13.9,74,9.3,95,5.0,0.0,0.0,5.0,11.2,24.5,0.0,1030.1
2025-10-14 18:00:00+00:00,13.3,75,8.9,95,0.0,0.0,0.0,0.0,12.2,26.6,0.0,1030.1
2025-10-14 19:00:00+00:00,13.0,78,9.3,100,0.0,0.0,0.0,0.0,10.1,22.3,0.0,1029.9
2025-10-14 20:00:00+00:00,12.8,80,9.4,85,0.0,0.0,0.0,0.0,9.4,20.9,0.0,1029.9
2025-10-14 21:00:00+00:00,11.9,83,9.1,40,0.0,0.0,0.0,0.0,13.3,29.2,0.0,1030.5
2025-10-14 22:00:00+00:00,11.5,84,8.9,34,0.0,0.0,0.0,0.0,10.8,23.8,0.0,1030.6
2025-10-14 23:00:00+00:00,11.7,82,8.7,80,0.0,0.0,0.0,0.0,11.5,24.8,0.0,1030.9
2025-10-15 00:00:00+00:00,11.4,83,8.6,85,0.0,0.0,0.0,0.0,12.2,27.0,0.0,1031.0
2025-10-15 01:00:00+00:00,11.2,81,8.1,34,0.0,0.0,0.0,0.0,13.3,29.2,0.0,1030.8
2025-10-15 02:00:00+00:00,10.9,84,8.3,47,0.0,0.0,0.0,0.0,11.9,25.9,0.0,1030.5
2025-10-15 03:00:00+00:00,10.1,79,6.6,4,0.0,0.0,0.0,0.0,11.2,23.8,0.0,1030.2
2025-10-15 04:00:00+00:00,9.8,81,6.7,0,0.0,0.0,0.0,0.0,10.1,22.0,0.0,1029.9
2025-10-15 05:00:00+00:00,9.3,83,6.6,1,0.0,0.0,0.0,0.0,7.6,17.3,0.0,1029.9
2025-10-15 06:00:00+00:00,9.4,81,6.3,1,0.0,0.0,0.0,0.0,9.4,19.8,0.0,1030.1
2025-10-15 07:00:00+00:00,9.2,80,6.0,6,23.0,7.0,133.8,16.0,9.0,20.2,0.0,1030.3
2025-10-15 08:00:00+00:00,10.1,78,6.4,31,120.0,58.0,406.9,62.0,11.9,25.6,0.0,1030.2
2025-10-15 09:00:00+00:00,11.4,78,7.7,61,215.0,100.0,357.4,115.0,13.3,29.5,0.0,1030.4
2025-10-15 10:00:00+00:00,12.7,74,8.2,97,228.0,28.0,71.8,200.0,11.2,25.6,0.0,1030.4
2025-10-15 11:00:00+00:00,14.3,67,8.2,44,389.0,193.0,414.5,196.0,10.4,24.5,0.0,1030.1
2025-10-15 12:00:00+00:00,15.3,61,7.8,50,395.0,271.0,540.4,124.0,10.1,24.8,0.0,1029.7
2025-10-15 13:00:00+00:00,15.6,59,7.6,100,217.0,3.0,6.1,214.0,9.4,23.4,0.0,1029.4
2025-10-15 14:00:00+00:00,15.9,59,7.9,100,144.0,0.0,0.0,144.0,7.6,19.4,0.0,1029.0
2025-10-15 15:00:00+00:00,15.9,58,7.7,100,117.0,0.0,0.0,117.0,11.5,26.3,0.0,1028.5
2025-10-15 16:00:00+00:00,15.6,59,7.6,63,100.0,38.0,157.5,62.0,11.9,27.0,0.0,1028.3
2025-10-15 17:00:00+00:00,14.7,63,7.7,16,5.0,0.0,0.0,5.0,10.4,24.1,0.0,1028.5
2025-10-15 18:00:00+00:00,13.6,63,6.7,98,0.0,0.0,0.0,0.0,12.6,27.7,0.0,1028.9
2025-10-15 19:00:00+00:00,12.7,67,6.7,45,0.0,0.0,0.0,0.0,13.3,29.2,0.0,1028.6
2025-10-15 20:00:00+00:00,12.0,70,6.7,59,0.0,0.0,0.0,0.0,13.0,28.8,0.0,1028.6
2025-10-15 21:00:00+00:00,11.9,72,7.0,64,0.0,0.0,0.0,0.0,11.5,25.9,0.0,1028.7
2025-10-15 22:00:00+00:00,11.3,77,7.4,44,0.0,0.0,0.0,0.0,11.9,26.6,0.0,1028.8
2025-10-15 23:00:00+00:00,10.9,78,7.2,38,0.0,0.0,0.0,0.0,9.7,22.0,0.0,1028.9
2025-10-16 00:00:00+00:00,10.8,78,7.1,65,0.0,0.0,0.0,0.0,11.2,24.5,0.0,1028.7
2025-10-16 01:00:00+00:00,10.8,79,7.3,91,0.0,0.0,0.0,0.0,8.3,20.2,0.0,1028.3
2025-10-16 02:00:00+00:00,10.9,78,7.2,91,0.0,0.0,0.0,0.0,4.3,10.1,0.0,1028.3
2025-10-16 03:00:00+00:00,10.4,83,7.6,98,0.0,0.0,0.0,0.0,4.7,10.4,0.0,1028.3
2025-10-16 04:00:00+00:00,10.1,84,7.5,44,0.0,0.0,0.0,0.0,6.8,15.8,0.0,1028.0
2025-10-16 05:00:00+00:00,9.8,87,7.7,42,0.0,0.0,0.0,0.0,11.2,24.5,0.0,1027.9
2025-10-16 06:00:00+00:00,10.4,85,8.0,98,0.0,0.0,0.0,0.0,10.4,22.7,0.0,1028.0
2025-10-16 07:00:00+00:00,10.4,86,8.1,81,16.0,2.0,38.2,14.0,11.2,24.5,0.0,1028.1
2025-10-16 08:00:00+00:00,10.9,84,8.3,68,89.0,32.0,232.0,57.0,10.4,23.4,0.0,1028.2
2025-10-16 09:00:00+00:00,12.4,80,9.0,96,152.0,25.0,90.9,127.0,11.2,24.8,0.0,1028.3
2025-10-16 10:00:00+00:00,13.8,72,8.9,73,302.0,134.0,348.2,168.0,13.0,29.9,0.0,1028.2
2025-10-16 11:00:00+00:00,14.8,68,8.9,49,375.0,206.0,447.5,169.0,10.1,22.7,0.0,1028.2
2025-10-16 12:00:00+00:00,15.7,62,8.4,85,227.0,38.0,76.6,189.0,8.6,22.0,0.0,1027.9
2025-10-16 13:00:00+00:00,16.3,59,8.3,88,252.0,69.0,140.9,183.0,9.7,24.5,0.0,1027.5
2025-10-16 14:00:00+00:00,16.4,61,8.8,91,175.0,12.0,27.2,163.0,10.4,25.2,0.0,1027.2
2025-10-16 15:00:00+00:00,16.1,63,9.1,98,86.0,2.0,5.6,84.0,10.8,25.6,0.0,1027.0
2025-10-16 16:00:00+00:00,15.7,66,9.3,90,66.0,7.0,29.7,59.0,11.2,25.2,0.0,1027.0
2025-10-16 17:00:00+00:00,15.3,68,9.4,76,2.0,0.0,0.0,2.0,7.6,17.6,0.0,1026.9
2025-10-16 18:00:00+00:00,14.9,74,10.3,98,0.0,0.0,0.0,0.0,8.6,19.1,0.0,1026.9
2025-10-16 19:00:00+00:00,14.6,76,10.4,100,0.0,0.0,0.0,0.0,9.7,22.0,0.0,1026.9
2025-10-16 20:00:00+00:00,14.2,79,10.6,90,0.0,0.0,0.0,0.0,9.7,22.3,0.0,1027.0
2025-10-16 21:00:00+00:00,13.9,80,10.5,98,0.0,0.0,0.0,0.0,11.2,25.6,0.0,1027.0
2025-10-16 22:00:00+00:00,13.4,81,10.2,92,0.0,0.0,0.0,0.0,10.4,24.1,0.0,1026.9
2025-10-16 23:00:00+00:00,13.4,80,10.0,87,0.0,0.0,0.0,0.0,9.7,22.3,0.0,1026.7
2025-10-17 00:00:00+00:00,13.4,77,9.4,100,0.0,0.0,0.0,0.0,7.6,17.3,0.0,1026.7
2025-10-17 01:00:00+00:00,13.3,78,9.6,100,0.0,0.0,0.0,0.0,8.3,19.1,0.0,1026.5
2025-10-17 02:00:00+00:00,13.2,78,9.5,100,0.0,0.0,0.0,0.0,7.6,17.3,0.0,1026.2
2025-10-17 03:00:00+00:00,12.9,78,9.2,100,0.0,0.0,0.0,0.0,8.3,18.4,0.0,1026.2
2025-10-17 04:00:00+00:00,12.8,79,9.2,100,0.0,0.0,0.0,0.0,6.8,15.5,0.0,1026.1
2025-10-17 05:00:00+00:00,12.7,78,9.0,100,0.0,0.0,0.0,0.0,6.8,15.8,0.0,1026.1
2025-10-17 06:00:00+00:00,12.3,78,8.6,98,0.0,0.0,0.0,0.0,4.7,11.2,0.0,1026.4
2025-10-17 07:00:00+00:00,12.2,79,8.6,78,16.0,2.0,38.2,14.0,6.1,13.7,0.0,1026.4
2025-10-17 08:00:00+00:00,12.7,74,8.2,60,108.0,47.0,352.7,61.0,10.1,23.0,0.0,1026.6
2025-10-17 09:00:00+00:00,13.7,75,9.4,82,188.0,79.0,292.5,109.0,11.9,27.0,0.0,1026.6
2025-10-17 10:00:00+00:00,14.5,69,8.9,73,272.0,110.0,289.6,162.0,11.2,25.6,0.0,1026.6
2025-10-17 11:00:00+00:00,15.6,62,8.4,63,344.0,196.0,430.8,148.0,9.7,24.5,0.0,1026.5
2025-10-17 12:00:00+00:00,16.1,60,8.3,49,365.0,188.0,383.3,177.0,9.4,24.1,0.0,1026.2
2025-10-17 13:00:00+00:00,16.3,59,8.3,99,126.0,2.0,4.1,124.0,7.2,21.2,0.0,1025.8
2025-10-17 14:00:00+00:00,16.0,65,9.4,86,204.0,45.0,103.3,159.0,11.2,25.2,0.0,1025.6
2025-10-17 15:00:00+00:00,15.8,69,10.1,80,160.0,34.0,97.4,126.0,12.2,27.0,0.0,1025.0
2025-10-17 16:00:00+00:00,15.8,65,9.2,61,90.0,35.0,152.2,55.0,10.4,25.2,0.0,1024.8
2025-10-17 17:00:00+00:00,15.3,68,9.5,91,0.0,0.0,0.0,0.0,11.2,25.6,0.0,1024.6
2025-10-17 18:00:00+00:00,14.6,73,9.8,88,0.0,0.0,0.0,0.0,10.4,23.8,0.0,1025.0
2025-10-17 19:00:00+00:00,14.2,70,8.8,75,0.0,0.0,0.0,0.0,10.4,24.5,0.0,1025.5
2025-10-17 20:00:00+00:00,13.8,68,8.0,85,0.0,0.0,0.0,0.0,10.8,25.6,0.0,1025.8
2025-10-17 21:00:00+00:00,13.5,72,8.5,65,0.0,0.0,0.0,0.0,10.1,23.4,0.0,1026.1
2025-10-17 22:00:00+00:00,13.0,73,8.3,80,0.0,0.0,0.0,0.0,10.1,23.0,0.0,1025.9
2025-10-17 23:00:00+00:00,12.9,75,8.6,74,0.0,0.0,0.0,0.0,10.4,23.8,0.0,1025.9
2025-10-18 00:00:00+00:00,12.8,72,7.9,89,0.0,0.0,0.0,0.0,11.9,27.4,0.0,1025.8
2025-10-18 01:00:00+00:00,12.8,72,7.9,100,0.0,0.0,0.0,0.0,11.9,27.0,0.0,1025.5
2025-10-18 02:00:00+00:00,12.5,70,7.2,100,0.0,0.0,0.0,0.0,13.7,31.0,0.0,1025.3
2025-10-18 03:00:00+00:00,12.6,74,8.1,100,0.0,0.0,0.0,0.0,12.2,28.4,0.0,1024.7
2025-10-18 04:00:00+00:00,12.2,77,8.3,97,0.0,0.0,0.0,0.0,11.9,28.1,0.0,1024.7
2025-10-18 05:00:00+00:00,12.3,76,8.2,99,0.0,0.0,0.0,0.0,11.5,26.6,0.0,1024.5
2025-10-18 06:00:00+00:00,12.6,81,9.4,99,0.0,0.0,0.0,0.0,10.4,23.8,0.0,1024.6
2025-10-18 07:00:00+00:00,12.5,79,9.0,100,4.0,0.0,0.0,4.0,10.4,24.5,0.0,1024.9
2025-10-18 08:00:00+00:00,12.8,78,9.1,100,57.0,0.0,0.0,57.0,11.5,26.3,0.0,1024.9
2025-10-18 09:00:00+00:00,13.9,75,9.5,100,144.0,14.0,52.8,130.0,12.2,28.1,0.0,1024.5
2025-10-18 10:00:00+00:00,15.0,59,7.0,100,118.0,0.0,0.0,118.0,19.1,43.2,0.0,1024.1
2025-10-18 11:00:00+00:00,14.9,60,7.2,99,142.0,0.0,0.0,142.0,19.8,43.6,0.0,1023.6
2025-10-18 12:00:00+00:00,15.1,57,6.7,96,383.0,206.0,424.7,177.0,21.2,48.2,0.0,1023.4
2025-10-18 13:00:00+00:00,14.8,60,7.1,100,199.0,31.0,64.8,168.0,20.9,47.2,0.0,1022.6
2025-10-18 14:00:00+00:00,14.9,58,6.7,100,183.0,21.0,48.8,162.0,20.2,45.4,0.0,1021.9
2025-10-18 15:00:00+00:00,14.4,60,6.8,100,97.0,2.0,5.8,95.0,19.4,43.9,0.0,1020.7
2025-10-18 16:00:00+00:00,14.6,64,7.8,100,28.0,0.0,0.0,28.0,17.3,38.9,0.0,1020.3
2025-10-18 17:00:00+00:00,14.5,62,7.3,100,0.0,0.0,0.0,0.0,17.6,39.2,0.0,1019.6
2025-10-18 18:00:00+00:00,14.4,64,7.7,100,0.0,0.0,0.0,0.0,15.8,35.3,0.0,1019.3
2025-10-18 19:00:00+00:00,14.3,67,8.3,100,0.0,0.0,0.0,0.0,13.7,30.6,0.0,1018.6
2025-10-18 20:00:00+00:00,14.4,63,7.4,100,0.0,0.0,0.0,0.0,15.1,33.8,0.0,1018.1
2025-10-18 21:00:00+00:00,14.3,67,8.3,98,0.0,0.0,0.0,0.0,14.0,31.7,0.0,1017.4
2025-10-18 22:00:00+00:00,14.2,68,8.4,98,0.0,0.0,0.0,0.0,10.4,23.8,0.0,1016.5
2025-10-18 23:00:00+00:00,14.4,69,8.8,100,0.0,0.0,0.0,0.0,16.2,36.4,0.0,1015.1
2025-10-19 00:00:00+00:00,14.1,73,9.3,91,0.0,0.0,0.0,0.0,15.5,35.3,0.0,1013.7
2025-10-19 01:00:00+00:00,14.1,72,9.1,98,0.0,0.0,0.0,0.0,15.5,34.9,0.0,1012.9
2025-10-19 02:00:00+00:00,13.8,75,9.4,100,0.0,0.0,0.0,0.0,11.9,26.3,0.0,1012.4
2025-10-19 03:00:00+00:00,14.0,78,10.3,98,0.0,0.0,0.0,0.0,13.7,30.2,0.0,1011.1
2025-10-19 04:00:00+00:00,14.0,81,10.8,92,0.0,0.0,0.0,0.0,14.0,32.0,0.0,1009.9
2025-10-19 05:00:00+00:00,14.2,84,11.5,98,0.0,0.0,0.0,0.0,15.8,35.6,0.0,1009.0
2025-10-19 06:00:00+00:00,14.2,83,11.4,100,0.0,0.0,0.0,0.0,16.6,37.4,0.0,1008.2
2025-10-19 07:00:00+00:00,14.5,83,11.6,100,5.0,0.0,0.0,5.0,16.2,36.7,0.0,1007.3
2025-10-19 08:00:00+00:00,14.8,82,11.8,100,30.0,0.0,0.0,30.0,16.6,37.4,0.0,1006.9
2025-10-19 09:00:00+00:00,14.6,87,12.4,100,32.0,0.0,0.0,32.0,18.0,40.0,0.2,1006.0
2025-10-19 10:00:00+00:00,14.6,92,13.3,100,45.0,0.0,0.0,45.0,19.8,43.6,0.2,1004.9
2025-10-19 11:00:00+00:00,14.8,93,13.7,100,74.0,1.0,2.3,73.0,21.2,46.8,0.7,1003.8
2025-10-19 12:00:00+00:00,14.8,94,13.9,100,35.0,0.0,0.0,35.0,23.0,51.1,2.5,1002.7
2025-10-19 13:00:00+00:00,15.1,92,13.8,100,45.0,0.0,0.0,45.0,25.2,55.8,2.0,1001.1
2025-10-19 14:00:00+00:00,15.0,93,13.9,100,3.0,0.0,0.0,3.0,25.6,56.9,4.4,1000.1
2025-10-19 15:00:00+00:00,14.9,94,13.9,100,19.0,0.0,0.0,19.0,22.7,49.7,3.2,999.6
2025-10-19 16:00:00+00:00,14.9,95,14.1,100,1.0,0.0,0.0,1.0,19.4,43.2,2.0,998.8
2025-10-19 17:00:00+00:00,14.8,95,14.0,100,0.0,0.0,0.0,0.0,19.4,42.8,1.5,998.4
2025-10-19 18:00:00+00:00,14.8,97,14.3,100,0.0,0.0,0.0,0.0,19.8,43.2,0.8,997.6
2025-10-19 19:00:00+00:00,15.1,99,15.0,100,0.0,0.0,0.0,0.0,14.8,32.8,0.2,997.0
2025-10-19 20:00:00+00:00,14.8,94,13.9,98,0.0,0.0,0.0,0.0,12.2,28.1,0.0,997.1
2025-10-19 21:00:00+00:00,12.5,95,11.7,7,0.0,0.0,0.0,0.0,8.6,18.7,0.0,997.6
2025-10-19 22:00:00+00:00,12.1,96,11.5,24,0.0,0.0,0.0,0.0,6.1,13.0,0.0,997.4
2025-10-19 23:00:00+00:00,12.8,93,11.7,45,0.0,0.0,0.0,0.0,10.4,22.0,0.0,996.8
2025-10-20 00:00:00+00:00,13.3,92,12.0,47,0.0,0.0,0.0,0.0,9.7,20.9,0.0,995.9
2025-10-20 01:00:00+00:00,13.9,89,12.1,99,0.0,0.0,0.0,0.0,11.9,25.9,0.0,994.9
2025-10-20 02:00:00+00:00,14.3,94,13.3,89,0.0,0.0,0.0,0.0,15.5,33.8,1.8,993.5
2025-10-20 03:00:00+00:00,14.2,92,12.9,91,0.0,0.0,0.0,0.0,15.5,34.6,0.3,993.3
2025-10-20 04:00:00+00:00,14.0,92,12.7,96,0.0,0.0,0.0,0.0,15.8,34.9,0.0,992.1
2025-10-20 05:00:00+00:00,13.7,93,12.6,87,0.0,0.0,0.0,0.0,13.0,28.1,0.5,991.3
2025-10-20 06:00:00+00:00,14.0,93,12.9,90,0.0,0.0,0.0,0.0,16.2,36.0,0.2,990.4
2025-10-20 07:00:00+00:00,14.0,92,12.7,100,3.0,0.0,0.0,3.0,28.1,62.3,1.3,990.0
2025-10-20 08:00:00+00:00,13.9,92,12.6,100,17.0,0.0,0.0,17.0,19.8,43.6,1.0,989.7
2025-10-20 09:00:00+00:00,13.9,90,12.3,99,76.0,1.0,3.9,75.0,22.0,48.2,1.8,988.8
2025-10-20 10:00:00+00:00,14.2,90,12.6,100,119.0,14.0,38.4,105.0,22.3,49.0,0.2,987.6
2025-10-20 11:00:00+00:00,13.6,94,12.6,100,23.0,0.0,0.0,23.0,15.8,34.6,2.8,986.7
2025-10-20 12:00:00+00:00,14.7,88,12.7,98,121.0,92.0,194.0,29.0,25.6,55.4,0.3,985.7
2025-10-20 13:00:00+00:00,14.3,88,12.4,100,122.0,0.0,0.0,122.0,25.9,57.6,2.2,984.9
2025-10-20 14:00:00+00:00,14.5,84,11.9,99,132.0,14.0,33.4,118.0,24.1,52.6,0.0,984.1
2025-10-20 15:00:00+00:00,14.1,89,12.3,100,24.0,0.0,0.0,24.0,23.4,52.6,0.1,983.0
2025-10-20 16:00:00+00:00,13.6,93,12.5,98,40.0,3.0,14.1,37.0,23.0,53.6,1.6,983.3
2025-10-20 17:00:00+00:00,13.8,91,12.4,85,0.0,0.0,0.0,0.0,19.4,45.0,0.0,984.7
2025-10-20 18:00:00+00:00,13.8,90,12.2,100,0.0,0.0,0.0,0.0,16.9,40.0,0.0,986.2
2025-10-20 19:00:00+00:00,13.4,91,12.0,67,0.0,0.0,0.0,0.0,14.8,34.6,0.2,987.0
2025-10-20 20:00:00+00:00,13.3,90,11.7,48,0.0,0.0,0.0,0.0,15.5,35.6,0.0,988.1
2025-10-20 21:00:00+00:00,13.2,91,11.7,50,0.0,0.0,0.0,0.0,15.5,35.3,0.0,988.9
2025-10-20 22:00:00+00:00,12.8,90,11.2,18,0.0,0.0,0.0,0.0,14.4,33.8,0.0,989.9
2025-10-20 23:00:00+00:00,12.4,91,11.0,59,0.0,0.0,0.0,0.0,13.0,30.2,0.0,990.5
2025-10-21 00:00:00+00:00,12.9,89,11.1,85,0.0,0.0,0.0,0.0,17.6,41.0,0.0,990.9
2025-10-21 01:00:00+00:00,12.8,87,10.7,80,0.0,0.0,0.0,0.0,15.8,36.4,0.0,991.1
2025-10-21 02:00:00+00:00,12.6,86,10.3,98,0.0,0.0,0.0,0.0,14.8,33.8,0.0,991.5
2025-10-21 03:00:00+00:00,12.8,83,10.0,100,0.0,0.0,0.0,0.0,15.5,35.6,0.0,992.0
2025-10-21 04:00:00+00:00,12.0,84,9.4,46,0.0,0.0,0.0,0.0,11.9,27.7,0.0,992.4
2025-10-21 05:00:00+00:00,11.3,88,9.4,7,0.0,0.0,0.0,0.0,11.9,27.4,0.0,992.6
2025-10-21 06:00:00+00:00,11.2,89,9.4,46,0.0,0.0,0.0,0.0,10.1,23.8,0.0,993.1
2025-10-21 07:00:00+00:00,10.9,90,9.3,41,11.0,2.0,38.2,9.0,6.8,15.8,0.0,993.5
2025-10-21 08:00:00+00:00,12.0,89,10.3,97,25.0,0.0,0.0,25.0,14.0,32.0,0.0,993.9
2025-10-21 09:00:00+00:00,13.1,83,10.3,63,161.0,74.0,295.4,87.0,13.7,30.2,0.0,994.4
2025-10-21 10:00:00+00:00,14.3,75,10.0,79,218.0,78.0,217.0,140.0,16.6,38.2,0.0,994.4
2025-10-21 11:00:00+00:00,14.6,75,10.2,96,136.0,24.0,55.3,112.0,17.3,39.2,0.0,994.4
2025-10-21 12:00:00+00:00,15.2,77,11.2,94,148.0,54.0,115.2,94.0,15.5,35.3,0.0,994.2
2025-10-21 13:00:00+00:00,15.9,69,10.2,41,355.0,197.0,426.8,158.0,17.6,40.0,0.0,994.0
2025-10-21 14:00:00+00:00,15.7,71,10.4,55,284.0,251.0,607.6,33.0,17.6,39.6,0.0,994.1
2025-10-21 15:00:00+00:00,14.7,84,12.1,82,132.0,5.0,15.3,127.0,11.9,26.6,0.0,994.3
2025-10-21 16:00:00+00:00,14.4,82,11.4,14,105.0,78.0,375.9,27.0,12.2,28.8,0.0,994.7
2025-10-21 17:00:00+00:00,13.5,82,10.5,13,0.0,0.0,0.0,0.0,8.6,20.2,0.0,995.3
2025-10-21 18:00:00+00:00,13.0,79,9.5,23,0.0,0.0,0.0,0.0,10.1,24.1,0.0,995.8
2025-10-21 19:00:00+00:00,12.5,83,9.7,22,0.0,0.0,0.0,0.0,8.6,20.9,0.0,996.3
2025-10-21 20:00:00+00:00,11.7,87,9.6,1,0.0,0.0,0.0,0.0,8.6,20.2,0.0,996.8
2025-10-21 21:00:00+00:00,11.0,88,9.1,0,0.0,0.0,0.0,0.0,8.3,19.4,0.0,996.7
2025-10-21 22:00:00+00:00,10.6,89,8.8,10,0.0,0.0,0.0,0.0,7.2,17.3,0.0,997.1
2025-10-21 23:00:00+00:00,10.2,91,8.8,30,0.0,0.0,0.0,0.0,7.6,18.0,0.0,997.3
2025-10-22 00:00:00+00:00,10.1,90,8.6,14,0.0,0.0,0.0,0.0,7.6,18.0,0.0,997.5
2025-10-22 01:00:00+00:00,10.3,88,8.4,92,0.0,0.0,0.0,0.0,6.1,14.4,0.0,997.6
2025-10-22 02:00:00+00:00,10.0,90,8.5,27,0.0,0.0,0.0,0.0,5.8,13.3,0.0,997.6
2025-10-22 03:00:00+00:00,9.6,92,8.4,48,0.0,0.0,0.0,0.0,5.8,13.0,0.0,998.2
2025-10-22 04:00:00+00:00,9.5,92,8.2,32,0.0,0.0,0.0,0.0,6.5,14.0,0.0,998.4
2025-10-22 05:00:00+00:00,9.3,92,8.0,79,0.0,0.0,0.0,0.0,5.0,11.9,0.0,998.7
2025-10-22 06:00:00+00:00,9.7,94,8.8,76,0.0,0.0,0.0,0.0,3.2,7.6,0.0,998.7
2025-10-22 07:00:00+00:00,10.4,92,9.1,93,6.0,1.0,19.1,5.0,2.2,5.4,0.0,999.0
2025-10-22 08:00:00+00:00,10.8,90,9.3,80,62.0,14.0,127.4,48.0,1.8,5.0,0.0,999.5
2025-10-22 09:00:00+00:00,11.5,87,9.4,91,162.0,31.0,126.2,131.0,3.2,8.3,0.0,999.8
2025-10-22 10:00:00+00:00,12.6,83,9.8,59,320.0,213.0,601.2,107.0,5.0,13.0,0.0,999.7
2025-10-22 11:00:00+00:00,13.8,75,9.4,90,298.0,72.0,168.0,226.0,6.8,16.6,0.0,999.5
2025-10-22 12:00:00+00:00,14.5,62,7.3,60,391.0,240.0,518.1,151.0,4.7,14.0,0.0,999.0
2025-10-22 13:00:00+00:00,15.1,60,7.4,52,323.0,100.0,219.3,223.0,5.0,15.8,0.0,998.2
2025-10-22 14:00:00+00:00,15.4,63,8.4,96,207.0,45.0,110.4,162.0,11.9,26.6,0.0,997.4
2025-10-22 15:00:00+00:00,14.7,62,7.5,94,168.0,61.0,190.1,107.0,8.6,20.2,0.0,996.1
2025-10-22 16:00:00+00:00,14.1,68,8.3,100,54.0,0.0,0.0,54.0,8.3,18.7,0.0,994.9
2025-10-22 17:00:00+00:00,13.9,72,8.9,100,0.0,0.0,0.0,0.0,7.6,17.6,0.0,993.8
2025-10-22 18:00:00+00:00,13.7,73,9.0,100,0.0,0.0,0.0,0.0,10.8,24.5,0.0,992.0
2025-10-22 19:00:00+00:00,13.0,82,10.0,100,0.0,0.0,0.0,0.0,10.8,24.8,0.4,990.4
2025-10-22 20:00:00+00:00,12.1,94,11.2,100,0.0,0.0,0.0,0.0,12.2,28.1,5.8,988.0
2025-10-22 21:00:00+00:00,11.7,95,11.0,100,0.0,0.0,0.0,0.0,13.3,29.9,0.5,985.4
2025-10-22 22:00:00+00:00,11.5,95,10.7,100,0.0,0.0,0.0,0.0,11.9,26.3,2.1,984.0
2025-10-22 23:00:00+00:00,11.4,95,10.6,100,0.0,0.0,0.0,0.0,15.5,33.8,2.8,982.2
2025-10-23 00:00:00+00:00,10.9,95,10.2,100,0.0,0.0,0.0,0.0,15.1,32.8,1.2,981.6
2025-10-23 01:00:00+00:00,10.8,95,10.0,100,0.0,0.0,0.0,0.0,13.3,28.4,0.5,980.2
2025-10-23 02:00:00+00:00,10.8,94,9.9,100,0.0,0.0,0.0,0.0,14.0,31.0,0.4,978.8
2025-10-23 03:00:00+00:00,10.1,93,9.0,100,0.0,0.0,0.0,0.0,13.0,29.2,0.2,977.5
2025-10-23 04:00:00+00:00,9.8,94,8.9,100,0.0,0.0,0.0,0.0,14.4,32.0,0.6,977.5
2025-10-23 05:00:00+00:00,9.7,94,8.8,100,0.0,0.0,0.0,0.0,16.9,38.5,0.6,977.9
2025-10-23 06:00:00+00:00,9.4,90,7.8,100,0.0,0.0,0.0,0.0,20.5,47.2,0.0,978.1
2025-10-23 07:00:00+00:00,9.2,89,7.5,100,2.0,0.0,0.0,2.0,24.5,56.2,0.1,979.7
2025-10-23 08:00:00+00:00,9.0,85,6.6,100,20.0,1.0,9.5,19.0,25.2,57.2,0.0,981.6
2025-10-23 09:00:00+00:00,9.7,83,7.0,100,45.0,1.0,4.2,44.0,25.6,57.2,0.0,984.6
2025-10-23 10:00:00+00:00,10.1,80,6.8,99,69.0,4.0,11.5,65.0,24.8,56.9,0.0,986.8
2025-10-23 11:00:00+00:00,10.8,76,6.8,94,205.0,28.0,66.2,177.0,24.5,55.1,0.0,988.7
2025-10-23 12:00:00+00:00,12.2,65,5.8,70,295.0,211.0,460.9,84.0,27.7,62.6,0.0,989.6
2025-10-23 13:00:00+00:00,13.0,63,6.1,35,364.0,6.0,13.3,358.0,25.6,57.2,0.0,990.5
2025-10-23 14:00:00+00:00,12.6,63,5.7,38,313.0,216.0,537.4,97.0,32.4,73.4,0.0,991.9
2025-10-23 15:00:00+00:00,9.2,77,5.4,100,71.0,1.0,3.2,70.0,25.9,58.7,0.1,996.0
2025-10-23 16:00:00+00:00,9.5,75,5.3,73,63.0,44.0,223.9,19.0,25.2,56.5,0.0,996.4
2025-10-23 17:00:00+00:00,9.2,68,3.6,0,0.0,0.0,0.0,0.0,20.9,48.2,0.0,997.2
2025-10-23 18:00:00+00:00,8.1,67,2.4,0,0.0,0.0,0.0,0.0,18.4,42.5,0.0,998.8
2025-10-23 19:00:00+00:00,7.5,67,1.8,0,0.0,0.0,0.0,0.0,15.8,37.1,0.0,999.5
2025-10-23 20:00:00+00:00,7.1,73,2.6,36,0.0,0.0,0.0,0.0,17.3,40.0,0.0,1000.2
2025-10-23 21:00:00+00:00,6.6,78,3.1,0,0.0,0.0,0.0,0.0,17.3,40.0,0.0,1000.7
2025-10-23 22:00:00+00:00,6.5,80,3.3,0,0.0,0.0,0.0,0.0,19.8,45.4,0.0,1001.2
2025-10-23 23:00:00+00:00,6.3,82,3.5,0,0.0,0.0,0.0,0.0,15.1,34.6,0.0,1001.2
2025-10-24 00:00:00+00:00,6.5,83,3.8,0,0.0,0.0,0.0,0.0,16.6,38.5,0.0,1001.2
2025-10-24 01:00:00+00:00,6.4,82,3.5,44,0.0,0.0,0.0,0.0,11.5,27.0,0.0,1001.2
2025-10-24 02:00:00+00:00,6.1,81,3.1,4,0.0,0.0,0.0,0.0,14.4,33.5,0.0,1001.2
2025-10-24 03:00:00+00:00,6.3,82,3.5,24,0.0,0.0,0.0,0.0,14.0,33.1,0.0,1000.8
2025-10-24 04:00:00+00:00,6.6,81,3.6,59,0.0,0.0,0.0,0.0,19.8,45.4,0.0,1001.0
2025-10-24 05:00:00+00:00,6.7,83,4.0,52,0.0,0.0,0.0,0.0,15.5,34.6,0.0,1001.1
2025-10-24 06:00:00+00:00,5.8,85,3.5,5,0.0,0.0,0.0,0.0,10.1,23.0,0.0,1001.2
2025-10-24 07:00:00+00:00,6.1,83,3.4,18,7.0,1.0,0.0,6.0,15.1,34.6,0.0,1001.4
2025-10-24 08:00:00+00:00,7.2,81,4.1,41,77.0,27.0,262.3,50.0,15.1,34.6,0.0,1001.6
2025-10-24 09:00:00+00:00,9.2,73,4.6,37,199.0,14.0,59.4,185.0,20.2,46.1,0.0,1000.9
2025-10-24 10:00:00+00:00,10.4,69,5.0,3,341.0,229.0,665.6,112.0,22.0,51.1,0.0,1000.6
2025-10-24 11:00:00+00:00,11.5,63,4.7,43,356.0,101.0,241.7,255.0,25.6,59.4,0.0,1000.4
2025-10-24 12:00:00+00:00,12.3,56,3.8,23,421.0,305.0,674.2,116.0,24.1,55.4,0.0,1000.3
2025-10-24 13:00:00+00:00,12.7,54,3.6,76,303.0,237.0,532.5,66.0,24.1,56.2,0.0,999.9
2025-10-24 14:00:00+00:00,12.7,61,5.4,99,138.0,84.0,211.9,54.0,22.7,51.1,0.0,999.5
2025-10-24 15:00:00+00:00,12.7,57,4.4,96,102.0,3.0,9.7,99.0,23.8,53.3,0.0,999.1
2025-10-24 16:00:00+00:00,12.1,58,4.1,64,73.0,4.0,20.9,69.0,17.3,40.7,0.0,998.7
2025-10-24 17:00:00+00:00,11.3,66,5.2,47,0.0,0.0,0.0,0.0,24.5,56.9,0.0,998.2
2025-10-24 18:00:00+00:00,11.1,69,5.6,66,0.0,0.0,0.0,0.0,18.7,43.2,0.0,998.0
2025-10-24 19:00:00+00:00,11.1,70,5.9,96,0.0,0.0,0.0,0.0,21.2,49.7,0.0,997.3
2025-10-24 20:00:00+00:00,10.5,78,6.9,48,0.0,0.0,0.0,0.0,18.7,43.6,0.0,996.5
2025-10-24 21:00:00+00:00,10.0,86,7.7,88,0.0,0.0,0.0,0.0,14.0,32.0,0.0,996.7
2025-10-24 22:00:00+00:00,9.8,82,6.9,77,0.0,0.0,0.0,0.0,17.6,41.0,0.0,997.1
2025-10-24 23:00:00+00:00,9.1,83,6.4,13,0.0,0.0,0.0,0.0,16.6,38.5,0.0,997.9
2025-10-25 00:00:00+00:00,9.0,86,6.8,11,0.0,0.0,0.0,0.0,15.5,34.9,0.0,998.1
2025-10-25 01:00:00+00:00,8.3,86,6.1,12,0.0,0.0,0.0,0.0,14.4,33.1,0.0,999.0
2025-10-25 02:00:00+00:00,8.5,83,5.8,88,0.0,0.0,0.0,0.0,13.7,31.7,0.0,999.6
2025-10-25 03:00:00+00:00,9.7,82,6.8,90,0.0,0.0,0.0,0.0,18.0,41.0,0.0,999.9
2025-10-25 04:00:00+00:00,9.8,83,7.1,100,0.0,0.0,0.0,0.0,13.7,31.3,0.0,1000.8
2025-10-25 05:00:00+00:00,10.0,81,6.9,66,0.0,0.0,0.0,0.0,17.3,38.9,0.0,1001.8
2025-10-25 06:00:00+00:00,9.5,84,7.0,77,0.0,0.0,0.0,0.0,16.2,37.1,0.0,1002.2
2025-10-25 07:00:00+00:00,9.5,81,6.4,61,3.0,1.0,0.0,2.0,17.6,40.0,0.0,1003.7
2025-10-25 08:00:00+00:00,9.6,80,6.3,48,61.0,5.0,49.8,56.0,16.2,36.4,0.0,1004.8
2025-10-25 09:00:00+00:00,10.0,75,5.8,87,96.0,20.0,86.6,76.0,14.8,33.5,0.0,1005.5
2025-10-25 10:00:00+00:00,10.8,60,3.3,71,246.0,132.0,389.4,114.0,20.5,46.1,0.0,1006.3
2025-10-25 11:00:00+00:00,10.9,56,2.5,66,306.0,177.0,428.9,129.0,21.2,48.2,0.0,1007.2
2025-10-25 12:00:00+00:00,11.7,47,0.7,10,435.0,313.0,700.2,122.0,23.0,52.6,0.0,1007.3
2025-10-25 13:00:00+00:00,11.9,43,-0.3,22,399.0,301.0,684.7,98.0,21.2,49.0,0.0,1007.5
2025-10-25 14:00:00+00:00,11.7,48,1.0,34,307.0,247.0,631.8,60.0,17.6,40.3,0.0,1007.7
2025-10-25 15:00:00+00:00,9.9,64,3.4,0,234.0,169.0,555.2,65.0,17.3,39.2,0.0,1008.4
2025-10-25 16:00:00+00:00,9.8,56,1.4,6,93.0,58.0,312.2,35.0,22.3,50.8,0.0,1008.8
2025-10-25 17:00:00+00:00,8.8,62,1.9,0,0.0,0.0,0.0,0.0,16.6,38.2,0.0,1009.2
2025-10-25 18:00:00+00:00,8.1,67,2.3,0,0.0,0.0,0.0,0.0,15.5,35.6,0.0,1009.9
2025-10-25 19:00:00+00:00,7.4,71,2.5,0,0.0,0.0,0.0,0.0,13.7,31.3,0.0,1010.2
2025-10-25 20:00:00+00:00,7.0,73,2.5,0,0.0,0.0,0.0,0.0,15.5,35.6,0.0,1010.7
2025-10-25 21:00:00+00:00,7.5,74,3.1,100,0.0,0.0,0.0,0.0,13.7,31.3,0.0,1010.0
2025-10-25 22:00:00+00:00,7.2,84,4.7,100,0.0,0.0,0.0,0.0,15.1,35.6,0.3,1009.9
2025-10-25 23:00:00+00:00,7.0,91,5.7,70,0.0,0.0,0.0,0.0,13.0,29.5,0.3,1009.2
2025-10-26 00:00:00+00:00,7.9,80,4.7,100,0.0,0.0,0.0,0.0,16.6,37.4,0.0,1009.3
2025-10-26 01:00:00+00:00,7.4,79,4.0,5,0.0,0.0,0.0,0.0,14.0,32.0,0.0,1009.4
2025-10-26 02:00:00+00:00,6.7,81,3.6,0,0.0,0.0,0.0,0.0,14.0,32.4,0.0,1009.9
2025-10-26 03:00:00+00:00,5.7,79,2.4,0,0.0,0.0,0.0,0.0,13.0,30.2,0.0,1010.8
2025-10-26 04:00:00+00:00,5.4,79,2.0,0,0.0,0.0,0.0,0.0,11.9,27.4,0.0,1011.1
2025-10-26 05:00:00+00:00,5.0,79,1.7,0,0.0,0.0,0.0,0.0,13.7,31.3,0.0,1011.6
2025-10-26 06:00:00+00:00,4.9,80,1.7,0,0.0,0.0,0.0,0.0,12.6,28.8,0.0,1012.2
2025-10-26 07:00:00+00:00,4.6,83,1.9,0,2.0,0.0,0.0,2.0,10.1,23.8,0.0,1012.7
2025-10-26 08:00:00+00:00,5.5,81,2.5,0,84.0,46.0,469.8,38.0,14.0,31.7,0.0,1013.2
2025-10-26 09:00:00+00:00,7.3,72,2.6,0,219.0,155.0,685.6,64.0,15.5,35.6,0.0,1014.1
2025-10-26 10:00:00+00:00,8.8,68,3.2,2,331.0,265.0,793.6,66.0,17.3,39.6,0.0,1014.3
2025-10-26 11:00:00+00:00,9.7,63,3.0,70,297.0,101.0,247.9,196.0,17.3,40.0,0.0,1014.3
2025-10-26 12:00:00+00:00,10.7,54,1.8,94,237.0,55.0,124.5,182.0,18.4,41.8,0.0,1014.0
2025-10-26 13:00:00+00:00,11.2,51,1.5,77,277.0,85.0,195.8,192.0,17.6,41.0,0.0,1013.5
2025-10-26 14:00:00+00:00,11.2,51,1.4,98,124.0,3.0,7.8,121.0,18.4,42.5,0.0,1013.3
2025-10-26 15:00:00+00:00,9.2,68,3.6,98,52.0,2.0,6.7,50.0,14.8,33.8,0.0,1013.0
2025-10-26 16:00:00+00:00,9.7,67,3.8,95,21.0,1.0,5.5,20.0,12.6,28.8,0.0,1012.2
2025-10-26 17:00:00+00:00,9.7,70,4.5,100,0.0,0.0,0.0,0.0,17.6,40.3,0.0,1011.5
2025-10-26 18:00:00+00:00,9.6,86,7.4,100,0.0,0.0,0.0,0.0,15.8,36.4,0.0,1010.6
2025-10-26 19:00:00+00:00,10.0,91,8.6,100,0.0,0.0,0.0,0.0,17.6,40.3,0.1,1009.5
2025-10-26 20:00:00+00:00,10.6,92,9.3,100,0.0,0.0,0.0,0.0,17.3,39.6,0.1,1008.6
2025-10-26 21:00:00+00:00,10.8,93,9.7,100,0.0,0.0,0.0,0.0,16.2,37.4,0.0,1008.2
2025-10-26 22:00:00+00:00,11.0,94,10.1,100,0.0,0.0,0.0,0.0,13.3,30.2,0.0,1007.8
2025-10-26 23:00:00+00:00,11.6,92,10.3,100,0.0,0.0,0.0,0.0,13.0,29.9,0.1,1007.5
2025-10-27 00:00:00+00:00,11.4,85,9.0,100,0.0,0.0,0.0,0.0,15.1,34.9,0.0,1007.0
2025-10-27 01:00:00+00:00,10.7,85,8.3,85,0.0,0.0,0.0,0.0,14.4,33.5,0.0,1007.0
2025-10-27 02:00:00+00:00,10.5,83,7.8,98,0.0,0.0,0.0,0.0,14.4,33.8,0.0,1006.9
2025-10-27 03:00:00+00:00,10.5,80,7.2,84,0.0,0.0,0.0,0.0,18.4,42.8,0.0,1006.8
2025-10-27 04:00:00+00:00,10.2,77,6.4,55,0.0,0.0,0.0,0.0,20.2,47.2,0.0,1006.4
2025-10-27 05:00:00+00:00,9.7,77,5.9,0,0.0,0.0,0.0,0.0,18.0,41.8,0.0,1006.3
2025-10-27 06:00:00+00:00,9.7,76,5.7,0,0.0,0.0,0.0,0.0,22.7,52.6,0.0,1006.7
2025-10-27 07:00:00+00:00,9.6,77,5.7,0,23.0,3.0,0.0,20.0,21.2,49.7,0.0,1007.5
2025-10-27 08:00:00+00:00,10.0,75,5.8,86,43.0,0.0,0.0,43.0,18.0,42.1,0.0,1008.0
2025-10-27 09:00:00+00:00,10.9,69,5.4,2,212.0,144.0,650.8,68.0,19.8,45.7,0.0,1008.6
2025-10-27 10:00:00+00:00,11.7,64,5.1,25,296.0,161.0,489.5,135.0,22.7,52.9,0.0,1009.3
2025-10-27 11:00:00+00:00,12.6,58,4.5,11,385.0,272.0,676.1,113.0,25.9,59.0,0.0,1009.9
2025-10-27 12:00:00+00:00,12.9,59,5.1,49,339.0,168.0,385.0,171.0,24.1,55.4,0.0,1010.3
2025-10-27 13:00:00+00:00,13.2,53,3.9,50,325.0,160.0,373.1,165.0,24.1,55.1,0.0,1010.9
2025-10-27 14:00:00+00:00,13.3,56,4.7,41,278.0,109.0,286.7,169.0,24.1,54.7,0.0,1011.4
2025-10-27 15:00:00+00:00,13.1,57,4.8,15,206.0,105.0,357.5,101.0,20.2,46.4,0.0,1012.3
2025-10-27 16:00:00+00:00,12.4,60,4.8,19,76.0,39.0,222.4,37.0,16.6,38.2,0.0,1012.9
2025-10-27 17:00:00+00:00,11.1,69,5.7,6,0.0,0.0,0.0,0.0,13.7,32.0,0.0,1013.3
2025-10-27 18:00:00+00:00,10.6,71,5.6,49,0.0,0.0,0.0,0.0,12.2,28.4,0.0,1013.6
2025-10-27 19:00:00+00:00,10.3,74,5.8,52,0.0,0.0,0.0,0.0,9.0,20.9,0.0,1013.6
2025-10-27 20:00:00+00:00,10.3,74,5.8,76,0.0,0.0,0.0,0.0,11.9,26.6,0.0,1013.3
2025-10-27 21:00:00+00:00,11.0,79,7.5,91,0.0,0.0,0.0,0.0,12.2,27.7,0.0,1012.6
2025-10-27 22:00:00+00:00,11.7,87,9.6,73,0.0,0.0,0.0,0.0,16.2,37.8,0.0,1012.5
2025-10-27 23:00:00+00:00,11.9,86,9.6,88,0.0,0.0,0.0,0.0,17.6,41.0,0.0,1012.3
2025-10-28 00:00:00+00:00,11.2,86,8.9,70,0.0,0.0,0.0,0.0,15.5,35.3,0.0,1012.0
2025-10-28 01:00:00+00:00,11.0,88,9.1,75,0.0,0.0,0.0,0.0,15.8,36.4,0.0,1011.5
2025-10-28 02:00:00+00:00,11.1,88,9.2,86,0.0,0.0,0.0,0.0,16.2,37.1,0.0,1011.1
2025-10-28 03:00:00+00:00,11.6,86,9.3,92,0.0,0.0,0.0,0.0,17.3,40.0,0.0,1010.4
2025-10-28 04:00:00+00:00,11.8,83,9.0,98,0.0,0.0,0.0,0.0,19.1,43.6,0.0,1010.1
2025-10-28 05:00:00+00:00,11.9,82,9.0,100,0.0,0.0,0.0,0.0,17.3,39.2,0.0,1010.1
2025-10-28 06:00:00+00:00,12.0,84,9.4,30,0.0,0.0,0.0,0.0,17.6,40.3,0.0,1009.9
2025-10-28 07:00:00+00:00,11.9,85,9.4,72,16.0,0.0,0.0,16.0,16.2,37.1,0.0,1009.9
2025-10-28 08:00:00+00:00,12.4,84,9.8,91,33.0,18.0,193.7,15.0,17.6,40.0,0.0,1010.1
2025-10-28 09:00:00+00:00,12.5,86,10.2,59,167.0,77.0,355.7,90.0,13.0,29.9,0.0,1010.7
2025-10-28 10:00:00+00:00,13.4,79,9.8,74,250.0,75.0,231.5,175.0,16.6,37.8,0.0,1010.6
2025-10-28 11:00:00+00:00,14.1,66,7.8,27,364.0,254.0,639.6,110.0,18.0,41.8,0.0,1010.4
2025-10-28 12:00:00+00:00,14.8,57,6.4,13,403.0,249.0,577.6,154.0,18.7,44.3,0.0,1010.1
2025-10-28 13:00:00+00:00,15.3,54,6.0,3,392.0,312.0,736.7,80.0,20.5,47.9,0.0,1009.8
2025-10-28 14:00:00+00:00,15.3,62,8.1,87,163.0,16.0,42.7,147.0,16.2,38.2,0.0,1009.4
2025-10-28 15:00:00+00:00,14.6,69,9.0,33,176.0,88.0,305.0,88.0,18.4,42.8,0.0,1009.1
2025-10-28 16:00:00+00:00,14.0,71,8.8,13,72.0,22.0,129.2,50.0,14.8,33.8,0.0,1009.1
2025-10-28 17:00:00+00:00,12.9,83,10.1,25,0.0,0.0,0.0,0.0,13.0,29.5,0.0,1008.9
2025-10-28 18:00:00+00:00,12.5,84,9.8,19,0.0,0.0,0.0,0.0,13.0,29.5,0.0,1009.0
2025-10-28 19:00:00+00:00,12.1,87,10.0,57,0.0,0.0,0.0,0.0,12.2,28.1,0.0,1008.8
2025-10-28 20:00:00+00:00,12.3,85,9.8,84,0.0,0.0,0.0,0.0,11.9,27.0,0.0,1008.4
2025-10-28 21:00:00+00:00,11.9,89,10.2,97,0.0,0.0,0.0,0.0,9.0,19.8,0.0,1008.2
2025-10-28 22:00:00+00:00,12.1,87,10.0,98,0.0,0.0,0.0,0.0,8.3,18.4,0.0,1008.0
2025-10-28 23:00:00+00:00,12.4,87,10.3,84,0.0,0.0,0.0,0.0,11.5,25.9,0.0,1007.4
2025-10-29 00:00:00+00:00,12.4,84,9.8,97,0.0,0.0,0.0,0.0,14.0,31.0,0.0,1006.7
2025-10-29 01:00:00+00:00,12.4,81,9.2,93,0.0,0.0,0.0,0.0,16.6,37.1,0.0,1005.9
2025-10-29 02:00:00+00:00,11.8,85,9.4,81,0.0,0.0,0.0,0.0,10.4,23.8,0.0,1005.2
2025-10-29 03:00:00+00:00,11.9,84,9.3,100,0.0,0.0,0.0,0.0,9.4,20.9,0.0,1004.6
2025-10-29 04:00:00+00:00,11.8,83,9.0,100,0.0,0.0,0.0,0.0,6.8,15.1,0.0,1003.8
2025-10-29 05:00:00+00:00,11.8,85,9.3,99,0.0,0.0,0.0,0.0,5.8,13.0,0.0,1003.1
2025-10-29 06:00:00+00:00,11.7,85,9.2,100,0.0,0.0,0.0,0.0,7.2,16.2,0.0,1002.9
2025-10-29 07:00:00+00:00,11.8,87,9.7,96,11.0,0.0,0.0,11.0,8.3,18.4,0.0,1002.9
2025-10-29 08:00:00+00:00,12.2,88,10.3,99,26.0,0.0,0.0,26.0,7.9,16.6,0.0,1002.6
2025-10-29 09:00:00+00:00,12.2,86,9.9,88,105.0,23.0,108.7,82.0,6.5,14.8,0.0,1002.3
2025-10-29 10:00:00+00:00,13.4,76,9.3,91,180.0,31.0,97.2,149.0,11.2,25.2,0.0,1001.7
2025-10-29 11:00:00+00:00,13.4,78,9.7,100,124.0,6.0,15.3,118.0,10.1,24.1,0.0,1001.5
2025-10-29 12:00:00+00:00,13.8,72,8.9,97,179.0,16.0,37.6,163.0,8.6,21.2,0.0,1000.8
2025-10-29 13:00:00+00:00,13.3,74,8.8,100,59.0,0.0,0.0,59.0,10.4,24.5,0.0,1000.4
2025-10-29 14:00:00+00:00,12.9,74,8.4,100,30.0,0.0,0.0,30.0,9.4,22.0,0.0,1000.2
2025-10-29 15:00:00+00:00,11.7,80,8.4,100,42.0,1.0,3.5,41.0,11.2,24.8,0.0,999.8
2025-10-29 16:00:00+00:00,11.5,78,7.8,99,22.0,0.0,0.0,22.0,7.6,17.3,0.0,999.8
2025-10-29 17:00:00+00:00,11.5,79,8.0,88,0.0,0.0,0.0,0.0,7.6,17.6,0.0,1000.2
2025-10-29 18:00:00+00:00,10.0,90,8.5,0,0.0,0.0,0.0,0.0,7.6,18.0,0.0,1000.7
2025-10-29 19:00:00+00:00,9.5,83,6.8,0,0.0,0.0,0.0,0.0,9.4,22.0,0.0,1001.4
2025-10-29 20:00:00+00:00,8.9,83,6.2,6,0.0,0.0,0.0,0.0,10.8,24.8,0.0,1001.8
2025-10-29 21:00:00+00:00,8.6,79,5.1,6,0.0,0.0,0.0,0.0,11.2,26.3,0.0,1001.3
2025-10-29 22:00:00+00:00,8.2,78,4.6,0,0.0,0.0,0.0,0.0,12.2,28.1,0.0,1002.0
2025-10-29 23:00:00+00:00,8.0,79,4.6,0,0.0,0.0,0.0,0.0,13.7,30.6,0.0,1002.5
2025-10-30 00:00:00+00:00,8.2,79,4.8,13,0.0,0.0,0.0,0.0,16.6,37.4,0.0,1003.0
2025-10-30 01:00:00+00:00,8.0,81,4.9,0,0.0,0.0,0.0,0.0,14.0,32.4,0.0,1003.4
2025-10-30 02:00:00+00:00,7.8,82,4.9,18,0.0,0.0,0.0,0.0,10.1,22.7,0.0,1004.1
2025-10-30 03:00:00+00:00,7.5,83,4.8,80,0.0,0.0,0.0,0.0,8.3,18.0,0.0,1004.4
2025-10-30 04:00:00+00:00,6.7,86,4.5,20,0.0,0.0,0.0,0.0,4.7,11.2,0.0,1004.9
2025-10-30 05:00:00+00:00,6.1,88,4.3,3,0.0,0.0,0.0,0.0,4.7,9.7,0.0,1005.6
2025-10-30 06:00:00+00:00,5.8,90,4.3,58,0.0,0.0,0.0,0.0,4.0,8.6,0.0,1006.4
2025-10-30 07:00:00+00:00,5.2,92,4.0,49,16.0,0.0,0.0,16.0,2.9,5.8,0.0,1007.3
2025-10-30 08:00:00+00:00,7.0,88,5.1,40,64.0,33.0,374.9,31.0,2.2,4.0,0.0,1007.8
2025-10-30 09:00:00+00:00,8.5,81,5.4,98,135.0,19.0,91.8,116.0,5.0,11.2,0.0,1008.7
2025-10-30 10:00:00+00:00,10.3,78,6.6,97,232.0,65.0,207.0,167.0,5.0,11.9,0.0,1008.8
2025-10-30 11:00:00+00:00,11.7,75,7.4,98,210.0,18.0,46.5,192.0,10.1,23.0,0.0,1008.6
2025-10-30 12:00:00+00:00,13.7,63,6.8,98,218.0,38.0,90.3,180.0,19.1,41.0,0.0,1008.0
2025-10-30 13:00:00+00:00,13.3,60,5.7,100,166.0,10.0,24.2,156.0,20.2,44.3,0.0,1007.9
2025-10-30 14:00:00+00:00,13.1,59,5.3,100,132.0,9.0,24.7,123.0,18.7,41.8,0.0,1007.0
2025-10-30 15:00:00+00:00,12.9,65,6.5,98,103.0,26.0,93.4,77.0,16.6,37.1,0.0,1006.4
2025-10-30 16:00:00+00:00,12.6,71,7.5,100,29.0,0.0,0.0,29.0,17.6,38.9,0.0,1006.1
2025-10-30 17:00:00+00:00,12.8,72,7.9,100,0.0,0.0,0.0,0.0,19.1,42.8,0.0,1005.3
2025-10-30 18:00:00+00:00,12.9,79,9.3,100,0.0,0.0,0.0,0.0,23.0,51.1,0.0,1004.3
2025-10-30 19:00:00+00:00,13.3,82,10.3,100,0.0,0.0,0.0,0.0,24.8,55.4,0.0,1003.8
2025-10-30 20:00:00+00:00,13.7,81,10.5,100,0.0,0.0,0.0,0.0,26.6,59.0,0.0,1003.2
2025-10-30 21:00:00+00:00,14.2,82,11.1,100,0.0,0.0,0.0,0.0,26.6,59.0,0.0,1002.8
2025-10-30 22:00:00+00:00,14.3,82,11.3,100,0.0,0.0,0.0,0.0,29.9,65.9,0.0,1002.1
2025-10-30 23:00:00+00:00,13.7,92,12.4,100,0.0,0.0,0.0,0.0,29.9,65.9,1.4,1001.9
2025-10-31 00:00:00+00:00,13.7,92,12.5,100,0.0,0.0,0.0,0.0,27.4,60.1,1.2,1001.9
2025-10-31 01:00:00+00:00,14.1,92,12.8,98,0.0,0.0,0.0,0.0,24.1,53.3,0.7,1002.1
2025-10-31 02:00:00+00:00,14.2,90,12.6,91,0.0,0.0,0.0,0.0,21.6,47.5,0.0,1002.2
2025-10-31 03:00:00+00:00,14.1,91,12.7,91,0.0,0.0,0.0,0.0,20.5,45.0,0.0,1002.1
2025-10-31 04:00:00+00:00,14.1,90,12.5,89,0.0,0.0,0.0,0.0,20.2,44.6,0.0,1001.8
2025-10-31 05:00:00+00:00,14.1,89,12.3,100,0.0,0.0,0.0,0.0,20.9,45.4,0.0,1001.3
2025-10-31 06:00:00+00:00,13.9,92,12.6,100,0.0,0.0,0.0,0.0,22.3,49.0,0.2,1001.0
2025-10-31 07:00:00+00:00,14.2,90,12.6,100,6.0,0.0,0.0,6.0,23.0,50.8,0.0,1001.4
2025-10-31 08:00:00+00:00,14.2,90,12.6,100,17.0,0.0,0.0,17.0,20.2,44.6,0.0,1001.0
2025-10-31 09:00:00+00:00,14.1,93,13.0,100,7.0,0.0,0.0,7.0,25.2,55.4,0.6,1001.2
2025-10-31 10:00:00+00:00,13.9,95,13.1,100,6.0,0.0,0.0,6.0,23.0,50.4,3.3,1001.3
2025-10-31 11:00:00+00:00,13.7,89,11.9,100,132.0,0.0,0.0,132.0,27.4,60.5,1.2,1000.3
2025-10-31 12:00:00+00:00,14.4,90,12.8,99,94.0,1.0,2.4,93.0,31.0,68.8,0.0,999.8
2025-10-31 13:00:00+00:00,15.2,88,13.3,82,167.0,46.0,112.7,121.0,27.4,60.5,0.0,999.8
2025-10-31 14:00:00+00:00,15.7,86,13.4,69,189.0,39.0,108.5,150.0,25.9,53.6,0.0,999.7
2025-10-31 15:00:00+00:00,15.8,86,13.5,98,103.0,2.0,7.3,101.0,24.5,54.0,0.0,999.6
2025-10-31 16:00:00+00:00,15.4,89,13.6,100,29.0,0.0,0.0,29.0,19.4,42.5,0.4,999.2
2025-10-31 17:00:00+00:00,15.2,88,13.2,76,0.0,0.0,0.0,0.0,24.8,55.1,0.0,999.6
2025-10-31 18:00:00+00:00,15.2,87,13.1,34,0.0,0.0,0.0,0.0,25.6,56.9,0.0,999.8
2025-10-31 19:00:00+00:00,15.0,88,13.1,40,0.0,0.0,0.0,0.0,22.0,48.2,0.0,1000.0
2025-10-31 20:00:00+00:00,14.5,85,12.0,0,0.0,0.0,0.0,0.0,16.6,36.7,0.0,999.9
2025-10-31 21:00:00+00:00,14.6,92,13.3,21,0.0,0.0,0.0,0.0,15.1,33.5,0.0,1000.1
2025-10-31 22:00:00+00:00,14.9,92,13.6,100,0.0,0.0,0.0,0.0,27.0,58.3,5.3,999.6
2025-10-31 23:00:00+00:00,15.1,89,13.3,63,0.0,0.0,0.0,0.0,29.9,65.9,0.0,999.3
2025-11-01 00:00:00+00:00,14.9,88,13.0,100,0.0,0.0,0.0,0.0,29.5,65.2,0.7,998.3
2025-11-01 01:00:00+00:00,14.7,90,13.1,100,0.0,0.0,0.0,0.0,27.7,61.2,3.4,997.5
2025-11-01 02:00:00+00:00,14.4,91,12.9,100,0.0,0.0,0.0,0.0,36.4,81.0,4.5,997.8
2025-11-01 03:00:00+00:00,13.3,82,10.3,100,0.0,0.0,0.0,0.0,24.5,55.4,0.2,999.4
2025-11-01 04:00:00+00:00,13.3,75,9.0,100,0.0,0.0,0.0,0.0,18.0,41.0,0.0,999.3
2025-11-01 05:00:00+00:00,13.0,72,8.1,37,0.0,0.0,0.0,0.0,19.8,45.4,0.0,1000.0
2025-11-01 06:00:00+00:00,12.1,79,8.6,95,0.0,0.0,0.0,0.0,11.5,25.6,0.0,1000.5
2025-11-01 07:00:00+00:00,11.8,74,7.3,71,9.0,0.0,0.0,9.0,10.8,24.5,0.0,1001.0
2025-11-01 08:00:00+00:00,12.0,74,7.5,90,35.0,0.0,0.0,35.0,10.4,24.1,0.0,1001.7
2025-11-01 09:00:00+00:00,12.9,64,6.2,20,169.0,43.0,217.7,126.0,21.6,49.0,0.0,1002.3
2025-11-01 10:00:00+00:00,13.7,61,6.3,6,293.0,226.0,742.6,67.0,23.0,52.6,0.0,1002.7
2025-11-01 11:00:00+00:00,14.5,63,7.5,13,356.0,294.0,779.8,62.0,22.0,48.2,0.0,1003.4
2025-11-01 12:00:00+00:00,14.4,63,7.5,64,309.0,221.0,538.1,88.0,18.4,41.4,0.0,1003.7
2025-11-01 13:00:00+00:00,14.5,60,6.8,12,360.0,237.0,588.1,123.0,22.0,49.3,0.0,1004.1
2025-11-01 14:00:00+00:00,14.2,56,5.6,21,286.0,234.0,660.0,52.0,19.1,43.6,0.0,1004.4
2025-11-01 15:00:00+00:00,13.5,66,7.3,68,138.0,3.0,11.2,135.0,16.9,38.2,0.0,1005.0
2025-11-01 16:00:00+00:00,12.2,66,6.0,91,29.0,0.0,0.0,29.0,13.0,30.2,0.0,1005.6
2025-11-01 17:00:00+00:00,11.7,65,5.3,47,0.0,0.0,0.0,0.0,14.4,32.8,0.0,1006.1
2025-11-01 18:00:00+00:00,9.6,87,7.6,84,0.0,0.0,0.0,0.0,12.2,27.4,0.8,1006.8
2025-11-01 19:00:00+00:00,9.1,91,7.7,84,0.0,0.0,0.0,0.0,8.6,19.1,0.0,1007.4
2025-11-01 20:00:00+00:00,8.9,91,7.5,39,0.0,0.0,0.0,0.0,7.2,16.9,0.0,1007.8
2025-11-01 21:00:00+00:00,8.7,82,5.8,0,0.0,0.0,0.0,0.0,9.4,21.2,0.0,1008.3
2025-11-01 22:00:00+00:00,8.5,85,6.1,0,0.0,0.0,0.0,0.0,8.6,19.1,0.0,1008.5
2025-11-01 23:00:00+00:00,8.3,83,5.6,2,0.0,0.0,0.0,0.0,7.9,17.3,0.0,1008.5
2025-11-02 00:00:00+00:00,8.4,84,5.8,76,0.0,0.0,0.0,0.0,6.5,14.0,0.0,1008.2
2025-11-02 01:00:00+00:00,8.3,84,5.8,38,0.0,0.0,0.0,0.0,7.2,14.8,0.0,1007.6
2025-11-02 02:00:00+00:00,8.9,81,5.8,38,0.0,0.0,0.0,0.0,8.3,17.6,0.0,1007.1
2025-11-02 03:00:00+00:00,9.5,82,6.6,85,0.0,0.0,0.0,0.0,12.2,26.6,0.0,1006.4
2025-11-02 04:00:00+00:00,9.8,78,6.1,100,0.0,0.0,0.0,0.0,11.9,25.9,0.0,1005.7
2025-11-02 05:00:00+00:00,9.3,89,7.6,100,0.0,0.0,0.0,0.0,15.8,35.3,2.5,1005.9
2025-11-02 06:00:00+00:00,9.5,93,8.4,100,0.0,0.0,0.0,0.0,13.7,31.0,4.4,1005.3
2025-11-02 07:00:00+00:00,9.2,93,8.2,84,9.0,0.0,0.0,9.0,10.8,25.6,0.5,1005.9
2025-11-02 08:00:00+00:00,8.9,90,7.4,46,46.0,8.0,99.0,38.0,11.5,26.6,0.0,1006.8
2025-11-02 09:00:00+00:00,9.0,84,6.5,27,166.0,95.0,492.4,71.0,15.5,36.0,0.0,1008.4
2025-11-02 10:00:00+00:00,9.6,79,6.2,14,284.0,200.0,667.7,84.0,13.7,31.7,0.0,1009.2
2025-11-02 11:00:00+00:00,10.7,75,6.5,52,284.0,180.0,483.7,104.0,14.0,32.0,0.0,1010.0
2025-11-02 12:00:00+00:00,11.2,70,5.9,61,286.0,63.0,155.3,223.0,12.2,29.2,0.0,1010.3
2025-11-02 13:00:00+00:00,11.9,55,3.1,10,367.0,261.0,655.6,106.0,17.3,40.7,0.0,1010.9
2025-11-02 14:00:00+00:00,11.3,61,4.0,49,232.0,46.0,131.6,186.0,15.8,36.0,0.0,1011.3
2025-11-02 15:00:00+00:00,11.9,58,3.9,91,99.0,3.0,11.4,96.0,16.6,38.5,0.0,1011.1
2025-11-02 16:00:00+00:00,10.8,67,4.9,16,54.0,31.0,211.9,23.0,13.7,32.4,0.0,1011.7
2025-11-02 17:00:00+00:00,9.6,75,5.4,2,0.0,0.0,0.0,0.0,9.4,22.0,0.0,1012.4
2025-11-02 18:00:00+00:00,9.1,78,5.4,1,0.0,0.0,0.0,0.0,10.4,24.1,0.0,1013.1
2025-11-02 19:00:00+00:00,8.4,83,5.7,0,0.0,0.0,0.0,0.0,7.9,18.4,0.0,1013.5
2025-11-02 20:00:00+00:00,8.4,81,5.4,79,0.0,0.0,0.0,0.0,10.1,22.3,0.0,1013.8
2025-11-02 21:00:00+00:00,8.8,83,6.1,85,0.0,0.0,0.0,0.0,7.2,15.8,0.0,1014.5
2025-11-02 22:00:00+00:00,8.9,88,7.0,22,0.0,0.0,0.0,0.0,7.6,16.6,0.0,1014.4
2025-11-02 23:00:00+00:00,10.0,88,8.1,96,0.0,0.0,0.0,0.0,8.3,17.6,0.0,1014.3
2025-11-03 00:00:00+00:00,11.3,88,9.4,100,0.0,0.0,0.0,0.0,12.2,27.7,0.0,1013.9
2025-11-03 01:00:00+00:00,12.2,91,10.8,100,0.0,0.0,0.0,0.0,15.5,34.9,0.0,1013.5
2025-11-03 02:00:00+00:00,12.7,91,11.3,100,0.0,0.0,0.0,0.0,17.3,40.0,0.0,1013.0
2025-11-03 03:00:00+00:00,11.8,95,11.1,71,0.0,0.0,0.0,0.0,11.9,26.3,0.1,1013.5
2025-11-03 04:00:00+00:00,12.4,93,11.3,100,0.0,0.0,0.0,0.0,14.4,32.0,0.0,1013.4
2025-11-03 05:00:00+00:00,12.7,93,11.6,95,0.0,0.0,0.0,0.0,16.6,37.1,0.7,1013.2
2025-11-03 06:00:00+00:00,13.2,88,11.2,100,0.0,0.0,0.0,0.0,18.7,42.5,0.0,1013.2
2025-11-03 07:00:00+00:00,13.6,87,11.5,100,2.0,0.0,0.0,2.0,17.6,40.3,0.0,1013.4
2025-11-03 08:00:00+00:00,13.8,88,11.8,98,11.0,0.0,0.0,11.0,19.1,43.9,0.0,1013.8
2025-11-03 09:00:00+00:00,13.8,91,12.4,98,71.0,3.0,15.9,68.0,19.1,43.2,0.1,1014.0
2025-11-03 10:00:00+00:00,14.4,87,12.3,97,123.0,0.0,0.0,123.0,19.1,43.6,0.0,1014.2
2025-11-03 11:00:00+00:00,15.0,84,12.3,93,226.0,41.0,111.6,185.0,21.6,48.2,0.0,1014.0
2025-11-03 12:00:00+00:00,15.3,81,12.0,91,250.0,59.0,147.2,191.0,23.0,50.8,0.0,1013.8
2025-11-03 13:00:00+00:00,15.4,80,11.9,82,234.0,61.0,155.1,173.0,23.8,52.6,0.0,1013.9
2025-11-03 14:00:00+00:00,15.4,82,12.3,75,183.0,28.0,81.2,155.0,21.6,48.2,0.0,1013.8
2025-11-03 15:00:00+00:00,15.4,80,11.9,75,120.0,31.0,119.6,89.0,21.2,47.5,0.0,1013.8
2025-11-03 16:00:00+00:00,14.9,82,11.9,51,39.0,11.0,77.5,28.0,21.2,47.9,0.0,1013.7
2025-11-03 17:00:00+00:00,14.8,84,12.1,93,0.0,0.0,0.0,0.0,18.7,41.8,0.0,1014.0
2025-11-03 18:00:00+00:00,14.5,84,11.9,53,0.0,0.0,0.0,0.0,19.1,42.8,0.0,1013.8
2025-11-03 19:00:00+00:00,14.4,85,11.9,64,0.0,0.0,0.0,0.0,17.6,40.3,0.0,1013.9
2025-11-03 20:00:00+00:00,14.4,85,11.9,97,0.0,0.0,0.0,0.0,17.6,40.7,0.0,1014.0
2025-11-03 21:00:00+00:00,14.7,83,11.9,98,0.0,0.0,0.0,0.0,18.7,42.1,0.0,1014.3
2025-11-03 22:00:00+00:00,14.6,85,12.1,54,0.0,0.0,0.0,0.0,20.2,45.4,0.0,1014.1
2025-11-03 23:00:00+00:00,14.2,87,12.1,35,0.0,0.0,0.0,0.0,20.2,44.6,0.0,1013.9
2025-11-04 00:00:00+00:00,14.3,86,12.0,65,0.0,0.0,0.0,0.0,20.9,46.1,0.0,1013.5
2025-11-04 01:00:00+00:00,14.1,87,12.0,66,0.0,0.0,0.0,0.0,20.5,46.1,0.0,1013.4
2025-11-04 02:00:00+00:00,14.1,87,12.0,80,0.0,0.0,0.0,0.0,20.2,45.4,0.0,1013.0
2025-11-04 03:00:00+00:00,13.9,87,11.8,91,0.0,0.0,0.0,0.0,20.2,44.6,0.0,1013.0
2025-11-04 04:00:00+00:00,14.0,86,11.7,91,0.0,0.0,0.0,0.0,19.4,43.6,0.0,1012.8
2025-11-04 05:00:00+00:00,14.1,87,11.9,99,0.0,0.0,0.0,0.0,17.3,37.4,0.0,1012.3
2025-11-04 06:00:00+00:00,13.9,85,11.4,100,0.0,0.0,0.0,0.0,18.0,40.3,0.0,1012.3
2025-11-04 07:00:00+00:00,14.0,85,11.5,100,3.0,0.0,0.0,3.0,19.8,44.3,0.0,1012.5
2025-11-04 08:00:00+00:00,14.0,85,11.5,100,17.0,0.0,0.0,17.0,17.6,39.6,0.0,1012.3
2025-11-04 09:00:00+00:00,13.8,84,11.2,91,79.0,13.0,70.7,66.0,19.1,41.8,0.0,1012.3
2025-11-04 10:00:00+00:00,13.9,82,10.9,96,128.0,19.0,65.5,109.0,16.9,37.1,0.0,1011.6
2025-11-04 11:00:00+00:00,13.6,81,10.4,100,65.0,0.0,0.0,65.0,18.0,39.2,0.0,1011.0
2025-11-04 12:00:00+00:00,13.9,79,10.3,92,189.0,59.0,149.0,130.0,17.3,37.4,0.0,1010.1
2025-11-04 13:00:00+00:00,14.2,79,10.6,88,206.0,64.0,164.8,142.0,17.3,37.4,0.0,1009.7
2025-11-04 14:00:00+00:00,13.8,80,10.4,100,36.0,0.0,0.0,36.0,18.7,40.7,0.0,1009.2
2025-11-04 15:00:00+00:00,13.9,82,10.9,100,34.0,0.0,0.0,34.0,15.8,35.6,0.0,1009.9
2025-11-04 16:00:00+00:00,13.7,84,11.0,98,15.0,0.0,0.0,15.0,15.5,34.9,0.0,1009.2
2025-11-04 17:00:00+00:00,13.3,88,11.3,100,0.0,0.0,0.0,0.0,14.8,32.8,0.1,1008.8
2025-11-04 18:00:00+00:00,13.3,94,12.4,98,0.0,0.0,0.0,0.0,15.5,33.8,0.6,1008.3
2025-11-04 19:00:00+00:00,14.5,93,13.4,100,0.0,0.0,0.0,0.0,22.0,48.2,0.6,1008.1
2025-11-04 20:00:00+00:00,14.2,95,13.4,100,0.0,0.0,0.0,0.0,14.0,31.0,0.9,1008.0
2025-11-04 21:00:00+00:00,14.0,82,11.0,80,0.0,0.0,0.0,0.0,19.4,42.5,0.0,1007.4
2025-11-04 22:00:00+00:00,14.3,80,10.9,98,0.0,0.0,0.0,0.0,18.4,40.0,0.0,1007.6
2025-11-04 23:00:00+00:00,14.5,79,10.9,94,0.0,0.0,0.0,0.0,19.4,42.5,0.0,1007.2
2025-11-05 00:00:00+00:00,14.7,84,12.0,100,0.0,0.0,0.0,0.0,21.2,47.2,0.0,1006.8
2025-11-05 01:00:00+00:00,14.5,93,13.4,100,0.0,0.0,0.0,0.0,14.8,32.8,0.2,1006.6
2025-11-05 02:00:00+00:00,14.6,88,12.6,98,0.0,0.0,0.0,0.0,16.9,37.1,0.0,1006.3
2025-11-05 03:00:00+00:00,14.7,83,11.9,13,0.0,0.0,0.0,0.0,16.6,36.0,0.0,1006.9
2025-11-05 04:00:00+00:00,14.8,82,11.7,84,0.0,0.0,0.0,0.0,16.6,36.7,0.0,1006.6
2025-11-05 05:00:00+00:00,14.8,80,11.4,98,0.0,0.0,0.0,0.0,16.9,37.1,0.0,1006.7
2025-11-05 06:00:00+00:00,14.7,79,11.1,100,0.0,0.0,0.0,0.0,13.0,29.2,0.0,1006.9
2025-11-05 07:00:00+00:00,14.8,77,10.8,100,1.0,0.0,0.0,1.0,13.3,29.2,0.0,1007.1
2025-11-05 08:00:00+00:00,14.9,77,10.9,98,10.0,1.0,13.6,9.0,13.0,28.8,0.0,1007.2
2025-11-05 09:00:00+00:00,14.9,79,11.3,100,29.0,0.0,0.0,29.0,10.1,23.4,0.0,1008.0
2025-11-05 10:00:00+00:00,15.1,77,11.1,100,46.0,0.0,0.0,46.0,13.0,30.2,0.0,1007.9
2025-11-05 11:00:00+00:00,15.5,76,11.3,98,149.0,33.0,92.2,116.0,12.2,28.4,0.0,1007.5
2025-11-05 12:00:00+00:00,15.8,74,11.2,100,96.0,1.0,2.6,95.0,9.7,22.7,0.0,1006.8
2025-11-05 13:00:00+00:00,16.1,72,11.0,98,137.0,13.0,33.9,124.0,10.8,24.5,0.0,1006.7
2025-11-05 14:00:00+00:00,16.7,70,11.2,73,184.0,93.0,277.2,91.0,13.0,28.4,0.0,1006.1
2025-11-05 15:00:00+00:00,16.1,74,11.4,100,52.0,1.0,4.0,51.0,9.7,22.0,0.0,1006.0
2025-11-05 16:00:00+00:00,15.8,76,11.6,95,24.0,1.0,7.5,23.0,9.0,21.2,0.0,1005.7
2025-11-05 17:00:00+00:00,15.5,78,11.7,100,0.0,0.0,0.0,0.0,11.2,25.6,0.0,1005.4
2025-11-05 18:00:00+00:00,15.4,80,11.9,98,0.0,0.0,0.0,0.0,11.2,26.3,0.0,1005.8
2025-11-05 19:00:00+00:00,15.3,80,11.9,99,0.0,0.0,0.0,0.0,10.1,23.8,0.0,1005.5
2025-11-05 20:00:00+00:00,15.2,79,11.6,88,0.0,0.0,0.0,0.0,10.4,25.2,0.0,1005.3
2025-11-05 21:00:00+00:00,15.2,82,12.1,91,0.0,0.0,0.0,0.0,11.9,27.4,0.0,1005.1
2025-11-05 22:00:00+00:00,15.2,80,11.8,33,0.0,0.0,0.0,0.0,10.8,24.8,0.0,1004.9
2025-11-05 23:00:00+00:00,15.0,83,12.1,84,0.0,0.0,0.0,0.0,8.6,20.9,0.0,1004.5
2025-11-06 00:00:00+00:00,15.2,83,12.4,95,0.0,0.0,0.0,0.0,9.7,22.3,0.0,1004.4
2025-11-06 01:00:00+00:00,15.7,81,12.4,97,0.0,0.0,0.0,0.0,12.6,26.6,0.0,1004.0
2025-11-06 02:00:00+00:00,15.5,84,12.8,95,0.0,0.0,0.0,0.0,8.6,19.1,0.0,1004.5
2025-11-06 03:00:00+00:00,15.0,85,12.5,73,0.0,0.0,0.0,0.0,6.1,13.7,0.0,1004.2
2025-11-06 04:00:00+00:00,15.2,85,12.7,91,0.0,0.0,0.0,0.0,7.9,18.4,0.0,1004.2
2025-11-06 05:00:00+00:00,15.1,86,12.8,100,0.0,0.0,0.0,0.0,7.9,18.4,0.0,1004.2
2025-11-06 06:00:00+00:00,15.2,86,12.9,96,0.0,0.0,0.0,0.0,8.6,20.2,0.0,1004.2
2025-11-06 07:00:00+00:00,14.9,90,13.3,97,1.0,0.0,0.0,1.0,8.6,20.2,0.2,1004.5
2025-11-06 08:00:00+00:00,15.2,90,13.5,98,20.0,1.0,14.0,19.0,11.2,25.6,0.0,1004.7
2025-11-06 09:00:00+00:00,15.4,88,13.5,97,53.0,3.0,17.2,50.0,13.0,29.9,0.0,1005.0
2025-11-06 10:00:00+00:00,15.5,88,13.5,100,45.0,0.0,0.0,45.0,11.2,25.9,0.0,1005.3
2025-11-06 11:00:00+00:00,16.0,85,13.5,100,68.0,0.0,0.0,68.0,13.7,30.2,0.0,1005.3
2025-11-06 12:00:00+00:00,15.9,86,13.6,99,70.0,0.0,0.0,70.0,14.0,31.0,0.0,1005.0
2025-11-06 13:00:00+00:00,16.4,82,13.3,88,165.0,29.0,76.5,136.0,12.6,27.0,0.0,1004.8
2025-11-06 14:00:00+00:00,16.4,79,12.7,91,126.0,15.0,45.3,111.0,11.9,26.3,0.0,1005.1
2025-11-06 15:00:00+00:00,16.0,85,13.5,98,27.0,5.0,20.4,22.0,7.6,16.9,0.0,1005.3
2025-11-06 16:00:00+00:00,15.5,89,13.7,100,7.0,0.0,0.0,7.0,7.2,16.2,0.0,1005.4
2025-11-06 17:00:00+00:00,15.2,92,13.9,100,0.0,0.0,0.0,0.0,8.3,18.4,0.1,1005.5
2025-11-06 18:00:00+00:00,14.9,93,13.8,74,0.0,0.0,0.0,0.0,8.6,20.2,0.0,1005.7
2025-11-06 19:00:00+00:00,14.8,96,14.2,100,0.0,0.0,0.0,0.0,5.8,13.3,1.0,1005.7
2025-11-06 20:00:00+00:00,14.7,96,14.1,100,0.0,0.0,0.0,0.0,6.8,15.8,0.0,1005.5
2025-11-06 21:00:00+00:00,14.7,94,13.7,91,0.0,0.0,0.0,0.0,7.6,17.3,0.0,1006.2
2025-11-06 22:00:00+00:00,14.7,95,13.9,100,0.0,0.0,0.0,0.0,9.4,20.9,0.0,1005.9
2025-11-06 23:00:00+00:00,14.7,95,13.9,100,0.0,0.0,0.0,0.0,8.3,18.7,0.0,1005.7
2025-11-07 00:00:00+00:00,14.5,96,13.8,100,0.0,0.0,0.0,0.0,7.9,17.6,0.0,1005.7
2025-11-07 01:00:00+00:00,14.3,98,14.0,100,0.0,0.0,0.0,0.0,5.0,11.5,2.5,1005.0
2025-11-07 02:00:00+00:00,14.3,97,13.9,100,0.0,0.0,0.0,0.0,6.5,14.0,0.2,1004.4
2025-11-07 03:00:00+00:00,14.0,98,13.7,99,0.0,0.0,0.0,0.0,6.8,15.8,0.0,1004.9
2025-11-07 04:00:00+00:00,14.2,96,13.5,100,0.0,0.0,0.0,0.0,7.2,16.6,0.0,1004.6
2025-11-07 05:00:00+00:00,14.1,94,13.2,99,0.0,0.0,0.0,0.0,8.3,18.4,0.0,1004.3
2025-11-07 06:00:00+00:00,13.9,96,13.3,100,0.0,0.0,0.0,0.0,9.4,21.2,0.0,1004.4
2025-11-07 07:00:00+00:00,13.8,96,13.2,100,0.0,0.0,0.0,0.0,8.3,19.1,0.0,1004.3
2025-11-07 08:00:00+00:00,13.6,91,12.1,100,11.0,0.0,0.0,11.0,7.6,16.6,0.0,1004.3
2025-11-07 09:00:00+00:00,14.3,90,12.7,38,134.0,65.0,382.0,69.0,9.4,20.9,0.0,1004.5
2025-11-07 10:00:00+00:00,14.6,83,11.7,56,198.0,108.0,391.2,90.0,12.6,28.1,0.0,1004.2
2025-11-07 11:00:00+00:00,14.3,84,11.6,100,47.0,21.0,60.3,26.0,14.0,31.3,0.0,1003.9
2025-11-07 12:00:00+00:00,14.2,84,11.5,76,185.0,28.0,73.4,157.0,13.3,29.2,0.0,1003.9
2025-11-07 13:00:00+00:00,14.6,79,11.0,75,218.0,164.0,438.2,54.0,16.2,35.6,0.0,1003.6
2025-11-07 14:00:00+00:00,15.0,74,10.4,67,176.0,17.0,52.1,159.0,19.1,41.8,0.0,1003.4
2025-11-07 15:00:00+00:00,14.8,77,10.8,96,64.0,0.0,0.0,64.0,14.0,31.7,0.0,1003.8
2025-11-07 16:00:00+00:00,14.5,82,11.5,79,26.0,3.0,24.1,23.0,13.7,29.9,0.0,1003.7
2025-11-07 17:00:00+00:00,14.2,86,11.9,92,0.0,0.0,0.0,0.0,13.0,28.8,0.0,1003.5
2025-11-07 18:00:00+00:00,14.4,83,11.5,100,0.0,0.0,0.0,0.0,13.7,31.0,0.0,1003.7
2025-11-07 19:00:00+00:00,14.2,83,11.3,100,0.0,0.0,0.0,0.0,14.8,33.8,0.0,1003.7
2025-11-07 20:00:00+00:00,13.6,92,12.3,100,0.0,0.0,0.0,0.0,13.7,30.2,0.3,1004.0
2025-11-07 21:00:00+00:00,13.3,95,12.5,100,0.0,0.0,0.0,0.0,15.1,33.8,0.0,1004.3
2025-11-07 22:00:00+00:00,13.3,97,12.9,100,0.0,0.0,0.0,0.0,13.7,30.2,0.0,1004.4
2025-11-07 23:00:00+00:00,13.7,97,13.3,100,0.0,0.0,0.0,0.0,8.6,19.4,0.0,1005.0
2025-11-08 00:00:00+00:00,12.9,93,11.8,96,0.0,0.0,0.0,0.0,14.0,32.8,0.0,1006.0
2025-11-08 01:00:00+00:00,12.7,90,11.1,100,0.0,0.0,0.0,0.0,11.2,25.6,0.0,1006.8
2025-11-08 02:00:00+00:00,12.2,90,10.6,100,0.0,0.0,0.0,0.0,10.1,23.4,0.0,1007.5
2025-11-08 03:00:00+00:00,10.3,94,9.4,86,0.0,0.0,0.0,0.0,6.1,14.4,0.0,1009.3
2025-11-08 04:00:00+00:00,10.1,94,9.2,55,0.0,0.0,0.0,0.0,5.8,13.3,0.0,1009.9
2025-11-08 05:00:00+00:00,9.9,94,9.0,75,0.0,0.0,0.0,0.0,6.1,14.0,0.0,1010.5
2025-11-08 06:00:00+00:00,9.4,94,8.5,29,0.0,0.0,0.0,0.0,5.0,11.9,0.0,1011.5
2025-11-08 07:00:00+00:00,9.3,93,8.2,46,1.0,0.0,0.0,1.0,4.0,9.0,0.0,1012.6
2025-11-08 08:00:00+00:00,9.7,93,8.6,18,38.0,15.0,224.9,23.0,4.7,11.2,0.0,1013.4
2025-11-08 09:00:00+00:00,10.4,91,9.0,2,153.0,99.0,597.6,54.0,5.0,11.9,0.0,1014.6
2025-11-08 10:00:00+00:00,11.8,86,9.5,1,260.0,186.0,685.2,74.0,6.8,16.6,0.0,1015.0
2025-11-08 11:00:00+00:00,12.7,79,9.2,5,329.0,246.0,716.1,83.0,9.0,20.9,0.0,1015.4
2025-11-08 12:00:00+00:00,14.1,69,8.5,21,335.0,216.0,572.9,119.0,10.4,24.5,0.0,1015.3
2025-11-08 13:00:00+00:00,14.5,60,6.9,13,329.0,251.0,679.1,78.0,12.2,28.4,0.0,1015.8
2025-11-08 14:00:00+00:00,14.5,57,6.1,12,261.0,183.0,568.7,78.0,12.2,28.4,0.0,1016.2
2025-11-08 15:00:00+00:00,14.2,62,7.0,21,145.0,76.0,320.9,69.0,9.7,23.0,0.0,1016.1
2025-11-08 16:00:00+00:00,13.5,68,7.7,20,31.0,10.0,83.0,21.0,8.6,21.2,0.0,1016.4
2025-11-08 17:00:00+00:00,12.2,76,8.1,9,0.0,0.0,0.0,0.0,5.8,14.0,0.0,1016.9
2025-11-08 18:00:00+00:00,11.5,83,8.7,25,0.0,0.0,0.0,0.0,5.8,13.3,0.0,1017.5
2025-11-08 19:00:00+00:00,10.6,87,8.5,61,0.0,0.0,0.0,0.0,3.6,8.6,0.0,1017.7
2025-11-08 20:00:00+00:00,10.4,87,8.4,32,0.0,0.0,0.0,0.0,5.0,11.2,0.0,1017.9
2025-11-08 21:00:00+00:00,8.8,92,7.6,17,0.0,0.0,0.0,0.0,2.2,6.1,0.0,1018.3
2025-11-08 22:00:00+00:00,8.4,92,7.2,5,0.0,0.0,0.0,0.0,2.2,5.8,0.0,1018.4
2025-11-08 23:00:00+00:00,8.5,93,7.4,25,0.0,0.0,0.0,0.0,1.8,5.4,0.0,1018.3
2025-11-09 00:00:00+00:00,8.6,92,7.4,9,0.0,0.0,0.0,0.0,2.2,5.8,0.0,1018.1
2025-11-09 01:00:00+00:00,8.0,94,7.1,22,0.0,0.0,0.0,0.0,1.4,4.3,0.0,1017.9
2025-11-09 02:00:00+00:00,8.4,94,7.5,25,0.0,0.0,0.0,0.0,2.2,5.0,0.0,1017.5
2025-11-09 03:00:00+00:00,8.0,94,7.1,12,0.0,0.0,0.0,0.0,3.6,7.6,0.0,1017.0
2025-11-09 04:00:00+00:00,8.3,94,7.4,21,0.0,0.0,0.0,0.0,4.3,8.3,0.0,1016.7
2025-11-09 05:00:00+00:00,9.5,93,8.5,91,0.0,0.0,0.0,0.0,4.0,6.8,0.0,1016.4
2025-11-09 06:00:00+00:00,10.0,93,8.9,100,0.0,0.0,0.0,0.0,5.0,9.4,0.0,1016.1
2025-11-09 07:00:00+00:00,10.6,91,9.2,67,1.0,0.0,0.0,1.0,6.5,12.2,0.0,1016.1
2025-11-09 08:00:00+00:00,11.1,87,9.0,95,32.0,15.0,233.0,17.0,7.9,15.8,0.0,1016.3
2025-11-09 09:00:00+00:00,12.4,83,9.6,64,112.0,54.0,335.0,58.0,8.6,18.0,0.0,1016.1
2025-11-09 10:00:00+00:00,13.7,73,8.9,77,170.0,69.0,258.6,101.0,12.6,27.7,0.0,1015.9
2025-11-09 11:00:00+00:00,14.3,73,9.5,98,196.0,61.0,180.0,135.0,16.2,35.3,0.0,1015.5
2025-11-09 12:00:00+00:00,14.3,78,10.5,100,61.0,0.0,0.0,61.0,17.3,38.2,0.0,1014.6
2025-11-09 13:00:00+00:00,14.4,81,11.2,94,175.0,56.0,153.4,119.0,17.6,38.5,0.0,1013.9
2025-11-09 14:00:00+00:00,14.0,81,10.8,98,56.0,0.0,0.0,56.0,18.4,40.0,0.0,1013.5
2025-11-09 15:00:00+00:00,14.2,79,10.6,96,74.0,4.0,17.2,70.0,17.3,37.1,0.0,1013.3
2025-11-09 16:00:00+00:00,14.0,81,10.8,100,9.0,0.0,0.0,9.0,15.8,34.6,0.0,1012.7
2025-11-09 17:00:00+00:00,13.8,82,10.8,100,0.0,0.0,0.0,0.0,15.8,35.3,0.0,1012.1
2025-11-09 18:00:00+00:00,13.9,81,10.7,98,0.0,0.0,0.0,0.0,19.1,42.5,0.0,1011.9
2025-11-09 19:00:00+00:00,13.9,82,10.9,100,0.0,0.0,0.0,0.0,20.5,45.4,0.0,1011.5
2025-11-09 20:00:00+00:00,13.1,91,11.7,100,0.0,0.0,0.0,0.0,20.2,45.0,1.3,1011.0
2025-11-09 21:00:00+00:00,13.3,81,10.1,100,0.0,0.0,0.0,0.0,22.0,47.9,0.0,1010.7
2025-11-09 22:00:00+00:00,12.8,89,11.1,100,0.0,0.0,0.0,0.0,23.0,51.5,0.5,1010.1
2025-11-09 23:00:00+00:00,12.3,94,11.4,100,0.0,0.0,0.0,0.0,24.8,55.1,3.8,1009.1
2025-11-10 00:00:00+00:00,12.6,91,11.2,100,0.0,0.0,0.0,0.0,27.4,59.8,1.8,1008.4
2025-11-10 01:00:00+00:00,12.6,91,11.2,81,0.0,0.0,0.0,0.0,24.1,52.9,0.0,1007.4
2025-11-10 02:00:00+00:00,13.1,90,11.5,94,0.0,0.0,0.0,0.0,24.1,53.3,0.0,1007.1
2025-11-10 03:00:00+00:00,13.3,92,12.1,100,0.0,0.0,0.0,0.0,17.3,38.2,0.0,1007.4
2025-11-10 04:00:00+00:00,13.2,92,12.0,88,0.0,0.0,0.0,0.0,16.2,35.3,0.0,1006.7
2025-11-10 05:00:00+00:00,13.1,93,12.0,97,0.0,0.0,0.0,0.0,15.5,33.8,0.0,1006.2
2025-11-10 06:00:00+00:00,13.0,93,11.9,58,0.0,0.0,0.0,0.0,12.6,28.1,0.0,1005.7
2025-11-10 07:00:00+00:00,13.1,92,11.9,98,0.0,0.0,0.0,0.0,12.2,26.6,0.0,1005.4
2025-11-10 08:00:00+00:00,12.9,90,11.3,98,13.0,1.0,16.1,12.0,14.8,33.5,0.0,1005.1
2025-11-10 09:00:00+00:00,13.6,91,12.1,100,52.0,4.0,25.5,48.0,12.6,26.6,0.0,1005.1
2025-11-10 10:00:00+00:00,13.1,95,12.3,100,16.0,0.0,0.0,16.0,15.8,33.8,2.8,1004.6
2025-11-10 11:00:00+00:00,13.5,95,12.7,83,177.0,108.0,323.1,69.0,17.3,35.3,0.5,1003.7
2025-11-10 12:00:00+00:00,12.1,93,11.0,100,40.0,0.0,0.0,40.0,11.5,24.8,3.5,1003.6
2025-11-10 13:00:00+00:00,12.3,89,10.6,100,55.0,0.0,0.0,55.0,19.1,42.1,0.0,1003.4
2025-11-10 14:00:00+00:00,12.3,90,10.7,100,75.0,56.0,178.9,19.0,15.8,33.5,0.0,1003.5
2025-11-10 15:00:00+00:00,12.6,87,10.5,59,111.0,52.0,227.7,59.0,14.4,32.0,0.0,1003.2
2025-11-10 16:00:00+00:00,11.6,86,9.3,0,27.0,8.0,71.1,19.0,11.5,26.3,0.0,1003.5
2025-11-10 17:00:00+00:00,10.9,84,8.3,13,0.0,0.0,0.0,0.0,12.6,28.4,0.0,1004.1
2025-11-10 18:00:00+00:00,10.7,87,8.6,86,0.0,0.0,0.0,0.0,10.1,23.4,0.0,1004.3
2025-11-10 19:00:00+00:00,10.5,88,8.6,60,0.0,0.0,0.0,0.0,10.4,24.5,0.0,1004.9
2025-11-10 20:00:00+00:00,10.3,86,8.0,16,0.0,0.0,0.0,0.0,9.4,21.2,0.0,1005.3
2025-11-10 21:00:00+00:00,10.2,84,7.6,27,0.0,0.0,0.0,0.0,10.4,23.8,0.0,1006.0
2025-11-10 22:00:00+00:00,10.4,85,8.0,48,0.0,0.0,0.0,0.0,11.2,25.2,0.0,1006.5
2025-11-10 23:00:00+00:00,10.4,85,8.0,80,0.0,0.0,0.0,0.0,10.1,22.3,0.0,1006.7
2025-11-11 00:00:00+00:00,10.0,92,8.7,85,0.0,0.0,0.0,0.0,8.6,19.1,0.0,1006.9
2025-11-11 01:00:00+00:00,10.0,91,8.6,57,0.0,0.0,0.0,0.0,8.3,18.4,0.0,1006.8
2025-11-11 02:00:00+00:00,9.8,91,8.4,66,0.0,0.0,0.0,0.0,7.6,15.5,0.0,1006.8
2025-11-11 03:00:00+00:00,10.9,92,9.6,80,0.0,0.0,0.0,0.0,6.8,14.4,0.0,1006.8
2025-11-11 04:00:00+00:00,11.7,89,9.9,77,0.0,0.0,0.0,0.0,13.0,28.4,0.0,1006.5
2025-11-11 05:00:00+00:00,12.0,92,10.8,97,0.0,0.0,0.0,0.0,12.2,26.3,0.0,1006.4
2025-11-11 06:00:00+00:00,12.4,93,11.3,98,0.0,0.0,0.0,0.0,15.5,33.8,0.0,1006.4
2025-11-11 07:00:00+00:00,12.8,91,11.4,100,0.0,0.0,0.0,0.0,17.6,38.2,0.0,1006.4
2025-11-11 08:00:00+00:00,13.2,90,11.6,99,15.0,1.0,16.7,14.0,18.4,40.0,0.0,1006.6
2025-11-11 09:00:00+00:00,13.3,89,11.6,100,25.0,1.0,6.6,24.0,20.2,44.3,0.0,1006.6
2025-11-11 10:00:00+00:00,13.7,89,11.9,100,80.0,5.0,19.4,75.0,21.2,46.8,0.0,1006.2
2025-11-11 11:00:00+00:00,13.7,88,11.8,100,31.0,0.0,0.0,31.0,22.7,50.0,0.0,1006.2
2025-11-11 12:00:00+00:00,14.2,87,12.0,99,95.0,4.0,11.0,91.0,22.7,50.0,0.0,1005.6
2025-11-11 13:00:00+00:00,14.5,87,12.4,100,119.0,8.0,22.5,111.0,24.5,52.6,0.0,1004.9
2025-11-11 14:00:00+00:00,14.5,85,12.0,100,39.0,0.0,0.0,39.0,22.0,49.0,0.0,1004.5
2025-11-11 15:00:00+00:00,14.8,84,12.2,100,66.0,3.0,13.4,63.0,21.6,47.2,0.0,1004.6
2025-11-11 16:00:00+00:00,14.8,81,11.6,100,11.0,0.0,0.0,11.0,22.0,48.6,0.0,1003.8
2025-11-11 17:00:00+00:00,14.8,81,11.5,100,0.0,0.0,0.0,0.0,25.6,56.2,0.0,1003.2
2025-11-11 18:00:00+00:00,14.8,80,11.4,100,0.0,0.0,0.0,0.0,25.2,55.4,0.0,1002.6
2025-11-11 19:00:00+00:00,14.8,79,11.2,100,0.0,0.0,0.0,0.0,25.6,56.2,0.0,1002.3
2025-11-11 20:00:00+00:00,15.0,77,11.0,100,0.0,0.0,0.0,0.0,28.8,63.7,0.0,1002.1
2025-11-11 21:00:00+00:00,14.7,76,10.5,100,0.0,0.0,0.0,0.0,27.4,59.8,0.0,1001.8
2025-11-11 22:00:00+00:00,13.5,91,12.0,100,0.0,0.0,0.0,0.0,27.4,60.5,2.2,1002.3
2025-11-11 23:00:00+00:00,13.4,91,11.9,100,0.0,0.0,0.0,0.0,17.3,37.8,3.8,1002.0
2025-11-12 00:00:00+00:00,13.4,91,11.9,100,0.0,0.0,0.0,0.0,19.4,42.8,3.7,1002.4
2025-11-12 01:00:00+00:00,13.5,91,12.1,100,0.0,0.0,0.0,0.0,19.1,42.1,1.6,1002.2
2025-11-12 02:00:00+00:00,13.5,93,12.4,100,0.0,0.0,0.0,0.0,21.6,47.5,3.1,1001.9
2025-11-12 03:00:00+00:00,14.3,89,12.5,100,0.0,0.0,0.0,0.0,21.2,46.8,0.0,1002.4
2025-11-12 04:00:00+00:00,14.6,90,13.0,100,0.0,0.0,0.0,0.0,20.9,46.4,0.0,1002.5
2025-11-12 05:00:00+00:00,14.7,89,12.9,100,0.0,0.0,0.0,0.0,19.1,41.8,0.0,1003.0
2025-11-12 06:00:00+00:00,14.5,92,13.2,100,0.0,0.0,0.0,0.0,22.0,49.0,0.0,1003.4
2025-11-12 07:00:00+00:00,14.3,93,13.2,100,0.0,0.0,0.0,0.0,19.1,42.5,0.1,1003.7
2025-11-12 08:00:00+00:00,14.0,95,13.2,100,8.0,0.0,0.0,8.0,13.7,29.9,0.7,1003.9
2025-11-12 09:00:00+00:00,13.7,91,12.2,98,40.0,0.0,0.0,40.0,13.7,29.5,0.1,1004.6
2025-11-12 10:00:00+00:00,13.7,89,11.9,97,60.0,3.0,11.8,57.0,15.8,34.6,0.0,1004.5
2025-11-12 11:00:00+00:00,13.9,88,11.9,95,189.0,61.0,187.6,128.0,15.5,33.8,0.1,1004.2
2025-11-12 12:00:00+00:00,14.4,86,12.1,100,117.0,19.0,53.0,98.0,16.6,36.4,0.0,1004.0
2025-11-12 13:00:00+00:00,14.9,83,12.0,100,163.0,24.0,68.2,139.0,16.9,36.7,0.0,1003.6
2025-11-12 14:00:00+00:00,14.9,80,11.5,100,97.0,1.0,3.3,96.0,16.6,36.4,0.0,1003.6
2025-11-12 15:00:00+00:00,15.3,77,11.3,84,110.0,24.0,108.9,86.0,17.6,39.2,0.0,1003.2
2025-11-12 16:00:00+00:00,14.6,81,11.4,56,20.0,2.0,19.1,18.0,14.0,31.0,0.0,1003.3
2025-11-12 17:00:00+00:00,14.1,84,11.4,69,0.0,0.0,0.0,0.0,14.8,31.7,0.0,1003.0
2025-11-12 18:00:00+00:00,13.9,82,10.9,78,0.0,0.0,0.0,0.0,14.8,31.7,0.0,1002.8
2025-11-12 19:00:00+00:00,13.9,83,11.0,94,0.0,0.0,0.0,0.0,13.7,29.5,0.0,1002.9
2025-11-12 20:00:00+00:00,13.9,86,11.6,70,0.0,0.0,0.0,0.0,11.5,24.8,0.0,1002.9
2025-11-12 21:00:00+00:00,14.0,85,11.5,98,0.0,0.0,0.0,0.0,13.0,28.1,0.0,1002.6
2025-11-12 22:00:00+00:00,14.7,84,12.0,86,0.0,0.0,0.0,0.0,15.8,34.9,0.0,1003.0
2025-11-12 23:00:00+00:00,14.4,86,12.1,69,0.0,0.0,0.0,0.0,16.2,35.3,0.0,1003.1
2025-11-13 00:00:00+00:00,14.5,87,12.3,86,0.0,0.0,0.0,0.0,15.8,34.6,0.0,1003.3
2025-11-13 01:00:00+00:00,14.4,88,12.5,96,0.0,0.0,0.0,0.0,14.0,30.6,0.0,1003.4
2025-11-13 02:00:00+00:00,14.6,87,12.4,100,0.0,0.0,0.0,0.0,13.3,29.2,0.0,1003.7
2025-11-13 03:00:00+00:00,14.3,93,13.2,100,0.0,0.0,0.0,0.0,16.6,36.4,0.6,1003.7
2025-11-13 04:00:00+00:00,14.2,94,13.3,100,0.0,0.0,0.0,0.0,15.8,34.9,0.0,1004.1
2025-11-13 05:00:00+00:00,14.1,95,13.3,100,0.0,0.0,0.0,0.0,13.3,29.2,0.0,1004.1
2025-11-13 06:00:00+00:00,14.2,96,13.5,100,0.0,0.0,0.0,0.0,13.0,29.2,0.0,1004.4
2025-11-13 07:00:00+00:00,14.4,95,13.6,100,0.0,0.0,0.0,0.0,12.2,27.4,0.0,1005.4
2025-11-13 08:00:00+00:00,14.4,93,13.3,94,12.0,2.0,36.2,10.0,10.4,23.8,0.0,1006.2
2025-11-13 09:00:00+00:00,14.5,94,13.6,98,62.0,5.0,34.8,57.0,8.3,17.3,0.0,1007.3
2025-11-13 10:00:00+00:00,15.0,93,13.9,100,108.0,3.0,12.1,105.0,8.3,17.6,0.0,1007.8
2025-11-13 11:00:00+00:00,15.4,88,13.5,63,245.0,134.0,417.8,111.0,7.6,17.3,0.0,1008.1
2025-11-13 12:00:00+00:00,16.4,82,13.3,51,301.0,189.0,533.4,112.0,8.6,20.2,0.0,1007.9
2025-11-13 13:00:00+00:00,16.5,72,11.5,29,289.0,188.0,541.2,101.0,6.8,16.9,0.0,1007.8
2025-11-13 14:00:00+00:00,16.5,69,10.8,33,214.0,139.0,462.8,75.0,2.2,7.9,0.0,1007.8
2025-11-13 15:00:00+00:00,15.2,84,12.5,100,21.0,0.0,0.0,21.0,6.8,16.2,0.0,1006.4
2025-11-13 16:00:00+00:00,14.5,90,12.9,100,0.0,0.0,0.0,0.0,8.6,20.5,0.0,1006.1
2025-11-13 17:00:00+00:00,14.1,96,13.5,100,0.0,0.0,0.0,0.0,8.6,20.5,5.1,1006.3
2025-11-13 18:00:00+00:00,13.8,96,13.2,100,0.0,0.0,0.0,0.0,6.8,15.8,4.0,1005.9
2025-11-13 19:00:00+00:00,13.8,96,13.2,100,0.0,0.0,0.0,0.0,7.6,17.6,1.1,1005.6
2025-11-13 20:00:00+00:00,13.8,96,13.2,100,0.0,0.0,0.0,0.0,9.7,22.0,5.1,1005.5
2025-11-13 21:00:00+00:00,13.4,95,12.6,100,0.0,0.0,0.0,0.0,9.7,22.3,2.0,1006.5
2025-11-13 22:00:00+00:00,13.3,96,12.7,100,0.0,0.0,0.0,0.0,11.9,26.6,1.0,1005.9
2025-11-13 23:00:00+00:00,13.1,95,12.3,100,0.0,0.0,0.0,0.0,13.0,29.2,0.1,1005.4
2025-11-14 00:00:00+00:00,12.4,92,11.1,100,0.0,0.0,0.0,0.0,15.1,34.2,0.0,1004.9
2025-11-14 01:00:00+00:00,12.4,93,11.3,100,0.0,0.0,0.0,0.0,14.8,33.8,0.0,1004.6
2025-11-14 02:00:00+00:00,12.6,93,11.5,100,0.0,0.0,0.0,0.0,14.8,33.5,0.0,1003.9
2025-11-14 03:00:00+00:00,14.0,92,12.7,97,0.0,0.0,0.0,0.0,8.6,20.5,0.0,1002.7
2025-11-14 04:00:00+00:00,14.1,91,12.6,100,0.0,0.0,0.0,0.0,9.7,22.3,0.0,1002.3
2025-11-14 05:00:00+00:00,14.1,91,12.7,98,0.0,0.0,0.0,0.0,9.7,22.0,0.0,1001.8
2025-11-14 06:00:00+00:00,14.5,90,12.9,100,0.0,0.0,0.0,0.0,10.1,23.4,0.0,1001.4
2025-11-14 07:00:00+00:00,14.5,92,13.2,100,0.0,0.0,0.0,0.0,9.7,22.7,0.0,1001.3
2025-11-14 08:00:00+00:00,14.5,94,13.6,100,9.0,0.0,0.0,9.0,9.4,21.6,0.4,1001.2
2025-11-14 09:00:00+00:00,14.5,91,13.0,100,18.0,0.0,0.0,18.0,15.1,34.9,0.1,1000.3
2025-11-14 10:00:00+00:00,14.4,95,13.6,100,36.0,0.0,0.0,36.0,8.6,20.2,0.7,999.0
2025-11-14 11:00:00+00:00,14.5,93,13.4,100,32.0,0.0,0.0,32.0,17.6,40.0,0.0,999.3
2025-11-14 12:00:00+00:00,14.5,92,13.2,100,36.0,0.0,0.0,36.0,20.2,46.1,0.5,998.7
2025-11-14 13:00:00+00:00,14.7,90,13.1,100,80.0,6.0,17.5,74.0,19.4,44.6,0.2,998.1
2025-11-14 14:00:00+00:00,15.5,84,12.8,66,148.0,55.0,185.6,93.0,17.6,40.0,0.0,997.8
2025-11-14 15:00:00+00:00,15.2,86,12.9,97,49.0,6.0,28.2,43.0,15.5,34.6,0.0,997.5
2025-11-14 16:00:00+00:00,14.4,92,13.1,91,7.0,0.0,0.0,7.0,12.2,26.6,0.3,998.0
2025-11-14 17:00:00+00:00,14.4,93,13.3,88,0.0,0.0,0.0,0.0,5.8,13.3,0.0,998.1
2025-11-14 18:00:00+00:00,14.7,92,13.4,92,0.0,0.0,0.0,0.0,9.7,22.0,0.0,998.8
2025-11-14 19:00:00+00:00,14.7,91,13.2,84,0.0,0.0,0.0,0.0,12.2,27.4,0.0,998.6
2025-11-14 20:00:00+00:00,14.9,91,13.4,100,0.0,0.0,0.0,0.0,13.0,28.4,0.0,999.6
2025-11-14 21:00:00+00:00,14.6,88,12.7,98,0.0,0.0,0.0,0.0,14.8,32.8,0.0,1000.4
2025-11-14 22:00:00+00:00,14.2,86,11.9,48,0.0,0.0,0.0,0.0,15.8,35.6,0.0,1001.2
2025-11-14 23:00:00+00:00,14.3,87,12.2,86,0.0,0.0,0.0,0.0,16.6,37.1,0.0,1002.2
2025-11-15 00:00:00+00:00,13.8,87,11.7,64,0.0,0.0,0.0,0.0,11.5,25.6,0.0,1002.7
2025-11-15 01:00:00+00:00,13.5,89,11.7,46,0.0,0.0,0.0,0.0,9.0,19.4,0.0,1003.3
2025-11-15 02:00:00+00:00,13.6,90,12.0,73,0.0,0.0,0.0,0.0,8.6,18.4,0.0,1003.8
2025-11-15 03:00:00+00:00,13.0,96,12.4,73,0.0,0.0,0.0,0.0,5.0,11.2,0.0,1004.6
2025-11-15 04:00:00+00:00,12.7,97,12.2,64,0.0,0.0,0.0,0.0,4.7,10.4,0.0,1005.0
2025-11-15 05:00:00+00:00,12.8,97,12.3,84,0.0,0.0,0.0,0.0,3.2,7.9,0.0,1005.7
2025-11-15 06:00:00+00:00,12.0,100,12.0,98,0.0,0.0,0.0,0.0,1.4,4.0,0.0,1006.3
2025-11-15 07:00:00+00:00,12.2,100,12.2,100,0.0,0.0,0.0,0.0,5.8,12.2,0.0,1006.7
2025-11-15 08:00:00+00:00,12.1,100,12.1,100,14.0,0.0,0.0,14.0,2.9,6.8,0.0,1007.7
2025-11-15 09:00:00+00:00,12.9,95,12.1,89,69.0,11.0,81.4,58.0,6.5,14.8,0.0,1007.9
2025-11-15 10:00:00+00:00,13.4,92,12.1,96,97.0,8.0,33.3,89.0,6.8,15.5,0.0,1008.1
2025-11-15 11:00:00+00:00,14.3,86,12.0,74,177.0,83.0,266.0,94.0,8.3,19.4,0.0,1008.0
2025-11-15 12:00:00+00:00,14.6,80,11.2,51,238.0,140.0,404.9,98.0,7.2,16.9,0.0,1008.1
2025-11-15 13:00:00+00:00,15.2,74,10.6,43,239.0,154.0,454.2,85.0,6.8,17.6,0.0,1007.8
2025-11-15 14:00:00+00:00,15.3,75,10.9,67,146.0,32.0,109.5,114.0,5.8,14.8,0.0,1007.7
2025-11-15 15:00:00+00:00,14.9,75,10.5,93,73.0,11.0,52.7,62.0,10.1,22.7,0.0,1007.4
2025-11-15 16:00:00+00:00,14.5,77,10.5,99,7.0,0.0,0.0,7.0,11.9,27.0,0.0,1007.6
2025-11-15 17:00:00+00:00,14.1,78,10.3,99,0.0,0.0,0.0,0.0,11.5,25.9,0.0,1007.8
2025-11-15 18:00:00+00:00,12.8,85,10.4,91,0.0,0.0,0.0,0.0,15.8,35.3,0.0,1007.8
2025-11-15 19:00:00+00:00,12.5,87,10.4,100,0.0,0.0,0.0,0.0,15.5,34.6,0.0,1008.2
2025-11-15 20:00:00+00:00,12.3,87,10.2,99,0.0,0.0,0.0,0.0,14.8,33.5,0.0,1008.5
2025-11-15 21:00:00+00:00,11.8,94,10.9,100,0.0,0.0,0.0,0.0,13.7,31.3,0.0,1009.5
2025-11-15 22:00:00+00:00,11.4,92,10.2,100,0.0,0.0,0.0,0.0,13.3,30.2,0.0,1009.9
2025-11-15 23:00:00+00:00,11.0,91,9.6,100,0.0,0.0,0.0,0.0,14.0,31.7,0.0,1009.9
2025-11-16 00:00:00+00:00,11.1,92,9.8,100,0.0,0.0,0.0,0.0,14.0,32.0,0.0,1009.3
2025-11-16 01:00:00+00:00,10.7,91,9.3,100,0.0,0.0,0.0,0.0,15.5,34.6,0.0,1009.2
2025-11-16 02:00:00+00:00,10.6,88,8.7,99,0.0,0.0,0.0,0.0,15.1,34.2,0.0,1009.3
2025-11-16 03:00:00+00:00,10.7,90,9.1,95,0.0,0.0,0.0,0.0,15.8,35.3,0.0,1008.8
2025-11-16 04:00:00+00:00,10.3,92,9.0,100,0.0,0.0,0.0,0.0,15.8,35.6,0.0,1009.1
2025-11-16 05:00:00+00:00,10.2,89,8.5,100,0.0,0.0,0.0,0.0,17.6,39.2,0.0,1009.2
2025-11-16 06:00:00+00:00,10.1,88,8.2,100,0.0,0.0,0.0,0.0,15.5,35.3,0.0,1009.5
2025-11-16 07:00:00+00:00,10.1,86,7.9,100,0.0,0.0,0.0,0.0,15.5,34.2,0.0,1010.2
2025-11-16 08:00:00+00:00,10.1,83,7.4,99,8.0,0.0,0.0,8.0,14.4,32.0,0.0,1010.8
2025-11-16 09:00:00+00:00,10.4,83,7.6,97,37.0,1.0,7.6,36.0,16.6,36.7,0.0,1011.9
2025-11-16 10:00:00+00:00,10.2,83,7.5,100,33.0,0.0,0.0,33.0,15.1,34.2,0.0,1012.5
2025-11-16 11:00:00+00:00,10.1,82,7.2,100,41.0,0.0,0.0,41.0,15.5,34.9,0.0,1012.8
2025-11-16 12:00:00+00:00,10.5,77,6.6,95,86.0,14.0,41.0,72.0,15.5,34.9,0.0,1012.2
2025-11-16 13:00:00+00:00,10.6,74,6.1,100,74.0,0.0,0.0,74.0,15.8,35.3,0.0,1012.2
2025-11-16 14:00:00+00:00,10.5,71,5.5,97,76.0,4.0,13.9,72.0,15.8,35.6,0.0,1012.4
2025-11-16 15:00:00+00:00,9.9,69,4.5,100,33.0,0.0,0.0,33.0,18.7,41.8,0.0,1012.5
2025-11-16 16:00:00+00:00,9.7,68,4.1,100,4.0,0.0,0.0,4.0,17.3,38.2,0.0,1013.2
2025-11-16 17:00:00+00:00,9.4,66,3.4,100,0.0,0.0,0.0,0.0,16.6,37.1,0.0,1014.1
2025-11-16 18:00:00+00:00,8.1,65,1.9,2,0.0,0.0,0.0,0.0,16.6,36.0,0.0,1015.1
2025-11-16 19:00:00+00:00,7.4,69,2.1,0,0.0,0.0,0.0,0.0,14.8,32.0,0.0,1016.0
2025-11-16 20:00:00+00:00,6.9,69,1.6,0,0.0,0.0,0.0,0.0,13.7,30.2,0.0,1016.9
2025-11-16 21:00:00+00:00,6.6,72,1.9,2,0.0,0.0,0.0,0.0,11.2,24.5,0.0,1017.6
2025-11-16 22:00:00+00:00,6.2,75,2.1,13,0.0,0.0,0.0,0.0,12.2,27.0,0.0,1017.8
2025-11-16 23:00:00+00:00,6.0,75,1.9,57,0.0,0.0,0.0,0.0,12.2,26.3,0.0,1018.0
2025-11-17 00:00:00+00:00,6.2,81,3.2,78,0.0,0.0,0.0,0.0,13.3,28.4,0.0,1018.1
2025-11-17 01:00:00+00:00,6.2,81,3.2,17,0.0,0.0,0.0,0.0,14.0,30.2,0.0,1018.6
2025-11-17 02:00:00+00:00,5.7,81,2.7,35,0.0,0.0,0.0,0.0,13.7,29.5,0.0,1019.1
2025-11-17 03:00:00+00:00,5.5,80,2.4,59,0.0,0.0,0.0,0.0,13.7,29.9,0.0,1018.8
2025-11-17 04:00:00+00:00,5.4,81,2.4,38,0.0,0.0,0.0,0.0,13.7,29.5,0.0,1019.6
2025-11-17 05:00:00+00:00,5.1,82,2.3,0,0.0,0.0,0.0,0.0,13.7,29.9,0.0,1020.5
2025-11-17 06:00:00+00:00,4.8,82,2.0,2,0.0,0.0,0.0,0.0,11.9,26.3,0.0,1021.1
2025-11-17 07:00:00+00:00,4.5,81,1.5,5,0.0,0.0,0.0,0.0,13.0,28.8,0.0,1022.2
2025-11-17 08:00:00+00:00,4.4,80,1.2,1,25.0,8.0,152.9,17.0,15.8,34.6,0.0,1023.1
2025-11-17 09:00:00+00:00,4.8,74,0.6,0,121.0,72.0,567.9,49.0,16.6,36.4,0.0,1023.9
2025-11-17 10:00:00+00:00,5.6,69,0.3,0,228.0,158.0,681.7,70.0,17.6,38.9,0.0,1024.6
2025-11-17 11:00:00+00:00,6.4,63,-0.2,0,301.0,223.0,734.4,78.0,16.6,36.4,0.0,1025.2
2025-11-17 12:00:00+00:00,7.2,58,-0.5,0,328.0,250.0,740.6,78.0,16.6,37.1,0.0,1025.1
2025-11-17 13:00:00+00:00,7.7,56,-0.6,0,306.0,232.0,700.7,74.0,15.1,33.8,0.0,1025.3
2025-11-17 14:00:00+00:00,7.7,56,-0.5,25,218.0,126.0,442.4,92.0,13.7,29.9,0.0,1025.8
2025-11-17 15:00:00+00:00,7.7,57,-0.3,2,130.0,83.0,411.4,47.0,13.0,28.1,0.0,1026.4
2025-11-17 16:00:00+00:00,7.0,61,0.0,4,10.0,1.0,11.1,9.0,10.4,23.0,0.0,1027.0
2025-11-17 17:00:00+00:00,6.1,68,0.7,0,0.0,0.0,0.0,0.0,8.6,19.1,0.0,1027.4
2025-11-17 18:00:00+00:00,5.7,71,0.8,0,0.0,0.0,0.0,0.0,9.4,21.2,0.0,1027.4
2025-11-17 19:00:00+00:00,5.0,75,0.9,0,0.0,0.0,0.0,0.0,7.6,16.9,0.0,1027.6
2025-11-17 20:00:00+00:00,4.4,76,0.5,0,0.0,0.0,0.0,0.0,6.5,15.5,0.0,1027.8
2025-11-17 21:00:00+00:00,4.0,78,0.5,0,0.0,0.0,0.0,0.0,8.3,18.4,0.0,1027.4
2025-11-17 22:00:00+00:00,3.4,81,0.5,0,0.0,0.0,0.0,0.0,6.5,15.1,0.0,1027.3
2025-11-17 23:00:00+00:00,3.0,83,0.4,0,0.0,0.0,0.0,0.0,6.1,13.7,0.0,1026.9
2025-11-18 00:00:00+00:00,3.3,83,0.7,99,0.0,0.0,0.0,0.0,5.0,11.9,0.0,1026.1
2025-11-18 01:00:00+00:00,3.3,83,0.7,34,0.0,0.0,0.0,0.0,4.0,9.4,0.0,1025.7
2025-11-18 02:00:00+00:00,3.8,80,0.6,100,0.0,0.0,0.0,0.0,4.7,11.2,0.0,1025.5
2025-11-18 03:00:00+00:00,3.5,82,0.7,90,0.0,0.0,0.0,0.0,5.0,12.6,0.0,1024.9
2025-11-18 04:00:00+00:00,3.1,84,0.7,70,0.0,0.0,0.0,0.0,5.0,12.6,0.0,1024.4
2025-11-18 05:00:00+00:00,3.0,84,0.6,79,0.0,0.0,0.0,0.0,4.7,10.8,0.0,1023.8
2025-11-18 06:00:00+00:00,3.3,84,0.8,98,0.0,0.0,0.0,0.0,2.2,5.4,0.0,1023.4
2025-11-18 07:00:00+00:00,3.7,81,0.8,100,0.0,0.0,0.0,0.0,3.6,8.6,0.0,1022.9
2025-11-18 08:00:00+00:00,4.2,79,0.9,98,5.0,0.0,0.0,5.0,4.7,10.4,0.0,1022.7
2025-11-18 09:00:00+00:00,5.3,75,1.3,94,67.0,2.0,16.3,65.0,7.6,17.3,0.0,1022.1
2025-11-18 10:00:00+00:00,6.3,77,2.6,22,204.0,102.0,448.0,102.0,11.2,24.8,0.0,1021.5
2025-11-18 11:00:00+00:00,7.7,72,2.9,11,279.0,186.0,620.8,93.0,13.0,29.9,0.0,1020.5
2025-11-18 12:00:00+00:00,8.6,67,2.8,13,305.0,214.0,641.5,91.0,14.4,33.5,0.0,1019.4
2025-11-18 13:00:00+00:00,9.1,64,2.6,72,207.0,65.0,198.6,142.0,13.3,31.3,0.0,1018.4
2025-11-18 14:00:00+00:00,9.2,64,2.7,41,191.0,100.0,355.6,91.0,13.0,29.9,0.0,1017.3
2025-11-18 15:00:00+00:00,8.4,76,4.4,89,78.0,9.0,45.4,69.0,11.9,27.0,0.0,1015.7
2025-11-18 16:00:00+00:00,7.7,82,4.8,90,5.0,0.0,0.0,5.0,7.6,18.4,0.0,1014.6
2025-11-18 17:00:00+00:00,7.6,84,5.1,69,0.0,0.0,0.0,0.0,10.1,23.0,0.0,1013.9
2025-11-18 18:00:00+00:00,6.5,86,4.3,95,0.0,0.0,0.0,0.0,5.0,11.9,0.0,1013.6
2025-11-18 19:00:00+00:00,6.2,87,4.2,31,0.0,0.0,0.0,0.0,8.3,19.4,0.0,1012.9
2025-11-18 20:00:00+00:00,6.4,84,3.9,70,0.0,0.0,0.0,0.0,10.4,24.5,0.0,1012.1
2025-11-18 21:00:00+00:00,5.7,87,3.7,4,0.0,0.0,0.0,0.0,9.4,22.0,0.0,1012.3
2025-11-18 22:00:00+00:00,5.4,87,3.4,26,0.0,0.0,0.0,0.0,7.2,16.9,0.0,1011.7
2025-11-18 23:00:00+00:00,5.3,88,3.5,25,0.0,0.0,0.0,0.0,8.6,20.2,0.0,1011.0
2025-11-19 00:00:00+00:00,6.3,83,3.6,59,0.0,0.0,0.0,0.0,13.0,29.9,0.0,1009.8
2025-11-19 01:00:00+00:00,5.8,87,3.8,23,0.0,0.0,0.0,0.0,12.6,29.2,0.0,1008.9
2025-11-19 02:00:00+00:00,5.3,90,3.8,20,0.0,0.0,0.0,0.0,10.4,24.5,0.0,1008.2
2025-11-19 03:00:00+00:00,5.9,85,3.6,94,0.0,0.0,0.0,0.0,15.8,36.7,0.0,1006.9
2025-11-19 04:00:00+00:00,5.6,75,1.5,55,0.0,0.0,0.0,0.0,21.2,47.9,0.0,1007.0
2025-11-19 05:00:00+00:00,5.2,80,2.1,84,0.0,0.0,0.0,0.0,20.9,46.1,0.0,1007.5
2025-11-19 06:00:00+00:00,4.8,85,2.5,100,0.0,0.0,0.0,0.0,20.2,45.0,0.0,1007.0
2025-11-19 07:00:00+00:00,3.8,88,2.0,100,0.0,0.0,0.0,0.0,24.5,53.6,0.3,1008.1
2025-11-19 08:00:00+00:00,2.7,86,0.6,100,5.0,0.0,0.0,5.0,26.6,58.7,0.0,1009.0
2025-11-19 09:00:00+00:00,2.5,95,1.8,100,17.0,0.0,0.0,17.0,26.3,58.0,0.3,1007.7
2025-11-19 10:00:00+00:00,3.7,83,1.1,100,53.0,0.0,0.0,53.0,25.9,57.2,0.0,1008.7
2025-11-19 11:00:00+00:00,3.6,79,0.3,100,90.0,5.0,16.9,85.0,24.5,54.0,0.0,1009.5
2025-11-19 12:00:00+00:00,4.3,76,0.5,83,206.0,53.0,160.7,153.0,27.7,60.8,0.0,1009.8
2025-11-19 13:00:00+00:00,4.5,70,-0.5,47,244.0,66.0,204.0,178.0,27.4,60.8,0.0,1010.4
2025-11-19 14:00:00+00:00,4.7,66,-1.1,37,203.0,89.0,320.5,114.0,25.2,55.4,0.0,1011.0
2025-11-19 15:00:00+00:00,4.5,62,-2.1,20,115.0,59.0,302.4,56.0,22.7,50.0,0.0,1012.1
2025-11-19 16:00:00+00:00,3.9,64,-2.3,37,6.0,0.0,0.0,6.0,19.8,43.9,0.0,1012.8
2025-11-19 17:00:00+00:00,3.4,64,-2.7,62,0.0,0.0,0.0,0.0,22.7,50.0,0.0,1013.3
2025-11-19 18:00:00+00:00,2.5,66,-3.2,54,0.0,0.0,0.0,0.0,16.6,37.1,0.0,1014.0
2025-11-19 19:00:00+00:00,2.1,66,-3.6,11,0.0,0.0,0.0,0.0,19.4,42.8,0.0,1014.1
2025-11-19 20:00:00+00:00,1.8,68,-3.5,9,0.0,0.0,0.0,0.0,18.4,41.0,0.0,1014.7
2025-11-19 21:00:00+00:00,0.9,69,-4.1,0,0.0,0.0,0.0,0.0,14.0,31.7,0.0,1014.8
2025-11-19 22:00:00+00:00,0.6,70,-4.3,0,0.0,0.0,0.0,0.0,13.7,30.6,0.0,1014.9
2025-11-19 23:00:00+00:00,0.3,70,-4.5,0,0.0,0.0,0.0,0.0,14.0,32.0,0.0,1014.9
2025-11-20 00:00:00+00:00,-0.1,72,-4.5,0,0.0,0.0,0.0,0.0,14.0,31.7,0.0,1014.9
2025-11-20 01:00:00+00:00,-0.4,74,-4.4,0,0.0,0.0,0.0,0.0,14.0,31.7,0.0,1014.9
2025-11-20 02:00:00+00:00,-0.4,74,-4.5,0,0.0,0.0,0.0,0.0,14.8,33.1,0.0,1015.1
2025-11-20 03:00:00+00:00,-0.7,79,-3.9,0,0.0,0.0,0.0,0.0,9.4,22.0,0.0,1014.8
2025-11-20 04:00:00+00:00,-0.7,79,-3.9,0,0.0,0.0,0.0,0.0,9.7,22.3,0.0,1014.6
2025-11-20 05:00:00+00:00,-0.7,78,-4.1,0,0.0,0.0,0.0,0.0,10.8,25.2,0.0,1014.6
2025-11-20 06:00:00+00:00,-0.7,78,-4.1,0,0.0,0.0,0.0,0.0,11.2,24.8,0.0,1015.2
2025-11-20 07:00:00+00:00,-0.6,76,-4.3,0,0.0,0.0,0.0,0.0,12.6,28.4,0.0,1015.4
2025-11-20 08:00:00+00:00,-0.6,77,-4.1,0,20.0,6.0,114.6,14.0,11.5,25.6,0.0,1015.8
2025-11-20 09:00:00+00:00,0.4,72,-4.1,77,83.0,25.0,217.5,58.0,14.8,32.8,0.0,1016.5
2025-11-20 10:00:00+00:00,1.6,66,-4.1,57,178.0,131.0,596.0,47.0,16.9,37.4,0.0,1016.7
2025-11-20 11:00:00+00:00,2.8,59,-4.4,1,288.0,211.0,723.1,77.0,19.4,42.8,0.0,1016.6
2025-11-20 12:00:00+00:00,3.8,59,-3.5,0,315.0,238.0,730.2,77.0,17.3,37.8,0.0,1016.2
2025-11-20 13:00:00+00:00,4.2,58,-3.3,54,253.0,79.0,246.9,174.0,19.4,42.8,0.0,1016.2
2025-11-20 14:00:00+00:00,4.6,59,-2.8,67,163.0,32.0,116.7,131.0,18.4,40.3,0.0,1016.2
2025-11-20 15:00:00+00:00,4.7,59,-2.6,14,116.0,62.0,322.9,54.0,15.8,36.4,0.0,1016.2
2025-11-20 16:00:00+00:00,4.1,62,-2.6,0,5.0,0.0,0.0,5.0,14.0,31.7,0.0,1016.5
2025-11-20 17:00:00+00:00,3.3,67,-2.3,0,0.0,0.0,0.0,0.0,13.7,30.2,0.0,1017.0
2025-11-20 18:00:00+00:00,2.4,72,-2.2,0,0.0,0.0,0.0,0.0,11.5,25.9,0.0,1017.8
2025-11-20 19:00:00+00:00,1.9,73,-2.4,0,0.0,0.0,0.0,0.0,11.9,27.0,0.0,1018.3
2025-11-20 20:00:00+00:00,1.6,74,-2.6,11,0.0,0.0,0.0,0.0,14.4,32.0,0.0,1018.6
2025-11-20 21:00:00+00:00,1.2,79,-2.0,20,0.0,0.0,0.0,0.0,11.5,25.9,0.0,1018.9
2025-11-20 22:00:00+00:00,1.3,78,-2.1,10,0.0,0.0,0.0,0.0,13.7,30.2,0.0,1019.1
2025-11-20 23:00:00+00:00,1.8,79,-1.5,41,0.0,0.0,0.0,0.0,14.4,31.7,0.0,1019.8
2025-11-21 00:00:00+00:00,1.8,78,-1.6,99,0.0,0.0,0.0,0.0,12.6,28.4,0.0,1020.3
2025-11-21 01:00:00+00:00,2.1,80,-1.0,88,0.0,0.0,0.0,0.0,11.2,24.8,0.0,1020.9
2025-11-21 02:00:00+00:00,2.3,82,-0.5,90,0.0,0.0,0.0,0.0,11.2,24.5,0.0,1021.5
2025-11-21 03:00:00+00:00,1.9,86,-0.2,62,0.0,0.0,0.0,0.0,13.0,28.4,0.0,1021.6
2025-11-21 04:00:00+00:00,2.1,88,0.3,65,0.0,0.0,0.0,0.0,13.0,28.1,0.0,1022.2
2025-11-21 05:00:00+00:00,2.0,88,0.2,34,0.0,0.0,0.0,0.0,13.7,30.2,0.0,1022.9
2025-11-21 06:00:00+00:00,1.2,89,-0.4,34,0.0,0.0,0.0,0.0,13.7,29.5,0.0,1023.9
2025-11-21 07:00:00+00:00,0.9,90,-0.6,81,0.0,0.0,0.0,0.0,13.7,29.9,0.0,1025.0
2025-11-21 08:00:00+00:00,0.6,92,-0.5,96,12.0,0.0,0.0,12.0,11.2,25.2,0.0,1026.3
2025-11-21 09:00:00+00:00,-0.6,93,-1.6,100,62.0,1.0,9.0,61.0,8.6,19.1,0.0,1027.5
2025-11-21 10:00:00+00:00,0.1,89,-1.5,89,157.0,40.0,185.2,117.0,10.4,22.7,0.0,1028.1
2025-11-21 11:00:00+00:00,0.9,85,-1.3,52,260.0,148.0,513.8,112.0,10.1,22.7,0.0,1028.6
2025-11-21 12:00:00+00:00,2.6,79,-0.7,8,310.0,233.0,722.9,77.0,8.6,19.1,0.0,1028.4
2025-11-21 13:00:00+00:00,3.9,75,-0.1,6,289.0,217.0,685.6,72.0,6.5,14.8,0.0,1028.1
2025-11-21 14:00:00+00:00,4.8,71,-0.0,6,222.0,159.0,586.6,63.0,4.0,10.1,0.0,1028.0
2025-11-21 15:00:00+00:00,5.6,65,-0.5,42,112.0,54.0,285.7,58.0,7.6,18.0,0.0,1028.3
2025-11-21 16:00:00+00:00,4.1,73,-0.3,28,4.0,0.0,0.0,4.0,5.0,11.9,0.0,1028.4
2025-11-21 17:00:00+00:00,2.7,80,-0.4,11,0.0,0.0,0.0,0.0,4.0,9.4,0.0,1028.6
2025-11-21 18:00:00+00:00,2.2,84,-0.2,3,0.0,0.0,0.0,0.0,5.0,12.2,0.0,1028.7
2025-11-21 19:00:00+00:00,0.9,89,-0.7,29,0.0,0.0,0.0,0.0,2.5,6.5,0.0,1028.8
2025-11-21 20:00:00+00:00,0.5,91,-0.8,50,0.0,0.0,0.0,0.0,3.2,6.8,0.0,1028.7
2025-11-21 21:00:00+00:00,-0.5,94,-1.3,62,0.0,0.0,0.0,0.0,0.4,2.2,0.0,1028.4
2025-11-21 22:00:00+00:00,-0.0,90,-1.5,62,0.0,0.0,0.0,0.0,1.4,4.7,0.0,1027.8
2025-11-21 23:00:00+00:00,-0.0,92,-1.2,58,0.0,0.0,0.0,0.0,2.9,4.3,0.0,1027.1
2025-11-22 00:00:00+00:00,2.4,86,0.3,86,0.0,0.0,0.0,0.0,6.5,13.3,0.0,1026.1
2025-11-22 01:00:00+00:00,2.3,88,0.5,80,0.0,0.0,0.0,0.0,6.1,11.9,0.0,1025.5
2025-11-22 02:00:00+00:00,3.4,85,1.1,100,0.0,0.0,0.0,0.0,5.8,10.1,0.0,1024.8
2025-11-22 03:00:00+00:00,3.6,79,0.3,100,0.0,0.0,0.0,0.0,5.8,9.4,0.0,1024.8
2025-11-22 04:00:00+00:00,4.9,69,-0.3,98,0.0,0.0,0.0,0.0,9.7,19.4,0.0,1023.8
2025-11-22 05:00:00+00:00,6.6,69,1.3,100,0.0,0.0,0.0,0.0,10.4,22.0,0.0,1022.8
2025-11-22 06:00:00+00:00,7.5,77,3.7,100,0.0,0.0,0.0,0.0,14.4,32.0,0.1,1022.0
2025-11-22 07:00:00+00:00,7.4,73,2.9,100,0.0,0.0,0.0,0.0,13.7,29.9,0.0,1021.4
2025-11-22 08:00:00+00:00,7.9,79,4.5,100,3.0,0.0,0.0,3.0,18.7,41.0,0.1,1020.7
2025-11-22 09:00:00+00:00,7.5,88,5.6,100,12.0,0.0,0.0,12.0,19.1,41.4,0.3,1020.4
2025-11-22 10:00:00+00:00,7.8,91,6.5,100,22.0,0.0,0.0,22.0,19.4,42.8,0.1,1019.4
2025-11-22 11:00:00+00:00,7.9,92,6.7,100,26.0,0.0,0.0,26.0,23.8,52.2,0.2,1018.2
2025-11-22 12:00:00+00:00,7.9,94,7.0,100,33.0,0.0,0.0,33.0,26.6,58.7,0.8,1016.8
2025-11-22 13:00:00+00:00,8.1,94,7.2,100,32.0,0.0,0.0,32.0,26.3,57.6,0.8,1015.4
2025-11-22 14:00:00+00:00,7.8,94,6.9,100,25.0,0.0,0.0,25.0,27.4,59.8,0.7,1013.9
2025-11-22 15:00:00+00:00,8.1,95,7.3,100,9.0,0.0,0.0,9.0,26.3,57.2,1.8,1012.1
2025-11-22 16:00:00+00:00,8.2,95,7.4,100,0.0,0.0,0.0,0.0,24.8,55.1,2.1,1011.2
2025-11-22 17:00:00+00:00,8.8,95,8.0,100,0.0,0.0,0.0,0.0,23.8,52.6,1.0,1010.1
2025-11-22 18:00:00+00:00,8.9,97,8.4,100,0.0,0.0,0.0,0.0,20.2,44.3,0.5,1009.1
2025-11-22 19:00:00+00:00,9.5,97,9.0,95,0.0,0.0,0.0,0.0,9.4,19.8,0.0,1008.2
2025-11-22 20:00:00+00:00,8.9,96,8.3,93,0.0,0.0,0.0,0.0,11.9,27.0,0.0,1008.1
2025-11-22 21:00:00+00:00,7.4,94,6.5,96,0.0,0.0,0.0,0.0,11.9,27.4,0.0,1009.2
2025-11-22 22:00:00+00:00,6.9,94,6.0,84,0.0,0.0,0.0,0.0,11.9,27.0,0.0,1009.1
2025-11-22 23:00:00+00:00,6.2,94,5.3,83,0.0,0.0,0.0,0.0,9.4,22.0,0.0,1009.0
2025-11-23 00:00:00+00:00,5.7,95,5.0,31,0.0,0.0,0.0,0.0,6.5,15.1,0.0,1009.1
2025-11-23 01:00:00+00:00,5.2,94,4.3,70,0.0,0.0,0.0,0.0,4.7,11.2,0.0,1008.6
2025-11-23 02:00:00+00:00,5.0,94,4.1,66,0.0,0.0,0.0,0.0,4.3,10.4,0.0,1008.1
2025-11-23 03:00:00+00:00,5.3,96,4.7,52,0.0,0.0,0.0,0.0,3.2,6.8,0.0,1007.4
2025-11-23 04:00:00+00:00,6.5,94,5.6,69,0.0,0.0,0.0,0.0,6.8,14.8,0.0,1006.0
2025-11-23 05:00:00+00:00,7.5,92,6.3,93,0.0,0.0,0.0,0.0,8.6,18.7,0.0,1004.4
2025-11-23 06:00:00+00:00,8.7,92,7.5,100,0.0,0.0,0.0,0.0,11.2,22.7,0.5,1003.2
2025-11-23 07:00:00+00:00,9.9,95,9.2,100,0.0,0.0,0.0,0.0,20.5,44.6,2.0,1001.5
2025-11-23 08:00:00+00:00,10.9,92,9.6,100,6.0,2.0,38.2,4.0,17.3,39.2,0.3,1000.9
2025-11-23 09:00:00+00:00,9.9,86,7.6,77,59.0,5.0,48.1,54.0,19.1,44.3,0.0,1000.1
2025-11-23 10:00:00+00:00,9.7,81,6.6,81,104.0,18.0,86.2,86.0,18.4,41.8,0.0,1000.4
2025-11-23 11:00:00+00:00,9.5,73,4.9,22,249.0,143.0,509.2,106.0,16.6,37.8,0.0,1000.4
2025-11-23 12:00:00+00:00,9.9,71,4.9,2,297.0,225.0,713.4,72.0,16.9,38.9,0.0,999.8
2025-11-23 13:00:00+00:00,9.9,66,3.9,74,158.0,17.0,54.8,141.0,19.8,45.4,0.0,999.2
2025-11-23 14:00:00+00:00,9.3,64,2.9,7,210.0,188.0,709.5,22.0,22.0,50.0,0.0,998.8
2025-11-23 15:00:00+00:00,9.3,63,2.6,0,111.0,67.0,365.3,44.0,16.9,40.0,0.0,999.7
2025-11-23 16:00:00+00:00,8.3,69,2.9,20,2.0,0.0,0.0,2.0,16.6,38.2,0.0,999.4
2025-11-23 17:00:00+00:00,7.4,71,2.5,0,0.0,0.0,0.0,0.0,15.1,35.3,0.0,999.0
2025-11-23 18:00:00+00:00,6.7,78,3.1,0,0.0,0.0,0.0,0.0,13.7,31.0,0.0,999.3
2025-11-23 19:00:00+00:00,6.2,79,2.8,27,0.0,0.0,0.0,0.0,11.9,27.7,0.0,998.7
2025-11-23 20:00:00+00:00,5.9,80,2.7,23,0.0,0.0,0.0,0.0,11.2,25.6,0.0,998.1
2025-11-23 21:00:00+00:00,6.0,82,3.1,65,0.0,0.0,0.0,0.0,9.4,22.3,0.0,998.0
2025-11-23 22:00:00+00:00,5.9,84,3.4,0,0.0,0.0,0.0,0.0,13.0,29.5,0.0,996.7
2025-11-23 23:00:00+00:00,6.2,83,3.6,27,0.0,0.0,0.0,0.0,15.8,36.0,0.0,995.7
2025-11-24 00:00:00+00:00,6.4,81,3.4,0,0.0,0.0,0.0,0.0,16.6,38.2,0.0,994.4
2025-11-24 01:00:00+00:00,6.5,80,3.3,20,0.0,0.0,0.0,0.0,18.4,41.4,0.0,993.1
2025-11-24 02:00:00+00:00,6.8,79,3.4,54,0.0,0.0,0.0,0.0,19.4,43.9,0.0,991.9
2025-11-24 03:00:00+00:00,6.4,78,2.9,59,0.0,0.0,0.0,0.0,17.3,39.2,0.0,992.2
2025-11-24 04:00:00+00:00,7.4,74,3.0,100,0.0,0.0,0.0,0.0,17.3,38.9,0.0,990.7
2025-11-24 05:00:00+00:00,7.4,82,4.5,100,0.0,0.0,0.0,0.0,22.3,51.5,0.1,989.6
2025-11-24 06:00:00+00:00,7.0,89,5.3,100,0.0,0.0,0.0,0.0,19.1,44.3,1.0,990.2
2025-11-24 07:00:00+00:00,6.8,92,5.6,100,0.0,0.0,0.0,0.0,16.6,38.2,1.2,989.5
2025-11-24 08:00:00+00:00,6.2,94,5.3,56,10.0,3.0,57.3,7.0,12.6,28.8,0.3,988.9
2025-11-24 09:00:00+00:00,6.3,91,4.9,100,16.0,0.0,0.0,16.0,11.9,27.4,0.0,988.5
2025-11-24 10:00:00+00:00,6.5,94,5.6,100,28.0,0.0,0.0,28.0,11.2,25.6,0.3,988.8
2025-11-24 11:00:00+00:00,7.2,87,5.2,91,115.0,35.0,126.2,80.0,15.5,33.5,0.0,989.5
2025-11-24 12:00:00+00:00,7.0,89,5.3,100,70.0,0.0,0.0,70.0,17.6,38.9,0.0,990.1
2025-11-24 13:00:00+00:00,7.0,89,5.3,100,39.0,0.0,0.0,39.0,17.6,38.9,0.0,991.1
2025-11-24 14:00:00+00:00,7.0,77,3.3,88,104.0,0.0,0.0,104.0,21.2,47.2,0.0,992.7
2025-11-24 15:00:00+00:00,7.4,77,3.6,77,63.0,30.0,165.9,33.0,19.8,42.8,0.0,993.9
2025-11-24 16:00:00+00:00,7.1,76,3.2,90,1.0,0.0,0.0,1.0,18.4,41.0,0.0,995.4
2025-11-24 17:00:00+00:00,7.2,81,4.1,98,0.0,0.0,0.0,0.0,18.4,40.7,0.0,996.7
2025-11-24 18:00:00+00:00,7.5,83,4.8,96,0.0,0.0,0.0,0.0,18.0,40.0,0.0,998.1
2025-11-24 19:00:00+00:00,7.6,78,4.0,74,0.0,0.0,0.0,0.0,20.2,44.6,0.0,999.6
2025-11-24 20:00:00+00:00,7.1,75,2.9,27,0.0,0.0,0.0,0.0,22.3,49.3,0.0,1001.2
2025-11-24 21:00:00+00:00,6.5,73,2.0,12,0.0,0.0,0.0,0.0,23.8,52.6,0.0,1002.1
2025-11-24 22:00:00+00:00,6.1,76,2.2,69,0.0,0.0,0.0,0.0,21.2,47.5,0.0,1003.3
2025-11-24 23:00:00+00:00,6.2,74,1.9,82,0.0,0.0,0.0,0.0,22.7,50.0,0.0,1004.2
2025-11-25 00:00:00+00:00,5.1,79,1.8,18,0.0,0.0,0.0,0.0,20.5,45.4,0.0,1005.4
2025-11-25 01:00:00+00:00,5.0,79,1.7,17,0.0,0.0,0.0,0.0,21.2,47.2,0.0,1006.3
2025-11-25 02:00:00+00:00,4.8,79,1.5,32,0.0,0.0,0.0,0.0,20.2,44.6,0.0,1007.4
2025-11-25 03:00:00+00:00,4.4,80,1.3,14,0.0,0.0,0.0,0.0,18.4,40.7,0.0,1007.8
2025-11-25 04:00:00+00:00,4.1,80,0.9,0,0.0,0.0,0.0,0.0,18.0,39.6,0.0,1008.6
2025-11-25 05:00:00+00:00,3.7,83,1.1,0,0.0,0.0,0.0,0.0,17.3,38.2,0.0,1009.5
2025-11-25 06:00:00+00:00,3.6,88,1.8,2,0.0,0.0,0.0,0.0,16.9,37.4,0.0,1010.9
2025-11-25 07:00:00+00:00,3.5,89,1.9,2,0.0,0.0,0.0,0.0,13.0,28.4,0.0,1012.1
2025-11-25 08:00:00+00:00,3.6,89,1.9,29,10.0,2.0,38.2,8.0,11.5,25.9,0.0,1013.1
2025-11-25 09:00:00+00:00,4.1,87,2.1,29,81.0,38.0,392.3,43.0,13.0,28.4,0.0,1013.9
2025-11-25 10:00:00+00:00,5.4,82,2.6,16,184.0,127.0,629.7,57.0,15.8,34.6,0.0,1014.6
2025-11-25 11:00:00+00:00,6.3,77,2.5,59,221.0,160.0,584.0,61.0,16.6,36.4,0.0,1015.0
2025-11-25 12:00:00+00:00,7.0,71,2.1,34,251.0,158.0,511.6,93.0,15.5,34.2,0.0,1015.0
2025-11-25 13:00:00+00:00,7.3,68,1.8,54,208.0,92.0,302.8,116.0,14.0,31.7,0.0,1015.5
2025-11-25 14:00:00+00:00,7.6,69,2.3,81,120.0,4.0,15.4,116.0,14.0,31.7,0.0,1016.1
2025-11-25 15:00:00+00:00,7.3,69,2.0,60,77.0,40.0,224.3,37.0,13.7,31.0,0.0,1017.3
2025-11-25 16:00:00+00:00,6.5,74,2.2,30,0.0,0.0,0.0,0.0,10.4,23.0,0.0,1018.1
2025-11-25 17:00:00+00:00,6.0,77,2.3,48,0.0,0.0,0.0,0.0,10.4,23.8,0.0,1018.8
2025-11-25 18:00:00+00:00,5.2,79,1.8,19,0.0,0.0,0.0,0.0,9.7,22.3,0.0,1019.3
2025-11-25 19:00:00+00:00,4.8,81,1.8,5,0.0,0.0,0.0,0.0,11.2,24.8,0.0,1020.0
2025-11-25 20:00:00+00:00,4.6,82,1.8,16,0.0,0.0,0.0,0.0,11.2,25.6,0.0,1020.9
2025-11-25 21:00:00+00:00,4.1,83,1.5,1,0.0,0.0,0.0,0.0,9.4,22.0,0.0,1021.2
2025-11-25 22:00:00+00:00,3.6,86,1.5,0,0.0,0.0,0.0,0.0,9.4,21.6,0.0,1021.3
2025-11-25 23:00:00+00:00,3.2,87,1.2,0,0.0,0.0,0.0,0.0,9.4,21.2,0.0,1021.4
2025-11-26 00:00:00+00:00,2.8,88,1.0,0,0.0,0.0,0.0,0.0,7.6,17.6,0.0,1021.6
2025-11-26 01:00:00+00:00,2.4,89,0.8,0,0.0,0.0,0.0,0.0,8.6,19.4,0.0,1022.0
2025-11-26 02:00:00+00:00,2.2,89,0.6,0,0.0,0.0,0.0,0.0,7.6,17.3,0.0,1022.3
2025-11-26 03:00:00+00:00,1.4,90,-0.0,0,0.0,0.0,0.0,0.0,5.4,12.6,0.0,1022.8
2025-11-26 04:00:00+00:00,1.3,90,-0.2,0,0.0,0.0,0.0,0.0,6.5,14.8,0.0,1022.9
2025-11-26 05:00:00+00:00,1.2,91,-0.1,0,0.0,0.0,0.0,0.0,6.8,15.8,0.0,1023.2
2025-11-26 06:00:00+00:00,0.7,91,-0.6,0,0.0,0.0,0.0,0.0,5.8,13.0,0.0,1023.4
2025-11-26 07:00:00+00:00,0.3,91,-1.0,0,0.0,0.0,0.0,0.0,5.0,11.5,0.0,1023.8
2025-11-26 08:00:00+00:00,0.1,92,-1.0,8,10.0,2.0,38.2,8.0,4.0,8.6,0.0,1024.0
2025-11-26 09:00:00+00:00,2.0,87,0.0,48,76.0,25.0,267.7,51.0,0.4,2.5,0.0,1023.9
2025-11-26 10:00:00+00:00,3.3,83,0.7,77,153.0,59.0,297.6,94.0,2.5,6.8,0.0,1024.0
2025-11-26 11:00:00+00:00,4.4,81,1.4,66,210.0,83.0,306.7,127.0,3.2,8.3,0.0,1023.7
2025-11-26 12:00:00+00:00,5.2,79,1.8,83,199.0,50.0,163.6,149.0,5.0,11.9,0.0,1023.2
2025-11-26 13:00:00+00:00,6.3,79,3.0,50,243.0,153.0,508.5,90.0,6.1,13.3,0.0,1022.6
2025-11-26 14:00:00+00:00,7.2,81,4.1,100,55.0,0.0,0.0,55.0,5.8,13.3,0.0,1022.1
2025-11-26 15:00:00+00:00,7.6,80,4.3,78,73.0,8.0,45.5,65.0,7.6,16.2,0.0,1022.1
2025-11-26 16:00:00+00:00,7.4,80,4.2,84,0.0,0.0,0.0,0.0,6.8,14.8,0.0,1021.7
2025-11-26 17:00:00+00:00,7.7,76,3.7,95,0.0,0.0,0.0,0.0,8.3,17.3,0.0,1021.1
2025-11-26 18:00:00+00:00,8.1,77,4.3,100,0.0,0.0,0.0,0.0,9.4,19.8,0.0,1021.0
2025-11-26 19:00:00+00:00,8.8,78,5.2,100,0.0,0.0,0.0,0.0,9.0,19.1,0.0,1020.6
2025-11-26 20:00:00+00:00,8.9,93,7.9,100,0.0,0.0,0.0,0.0,13.0,27.4,0.6,1020.0
2025-11-26 21:00:00+00:00,9.1,96,8.5,100,0.0,0.0,0.0,0.0,14.0,30.2,0.8,1019.0
2025-11-26 22:00:00+00:00,9.7,96,9.1,100,0.0,0.0,0.0,0.0,16.6,36.0,1.2,1018.5
2025-11-26 23:00:00+00:00,10.1,98,9.8,100,0.0,0.0,0.0,0.0,14.8,31.7,2.5,1017.8
2025-11-27 00:00:00+00:00,10.9,97,10.4,100,0.0,0.0,0.0,0.0,13.0,29.2,1.1,1017.0
2025-11-27 01:00:00+00:00,10.8,99,10.7,100,0.0,0.0,0.0,0.0,10.4,23.8,0.2,1016.7
2025-11-27 02:00:00+00:00,11.0,99,10.9,100,0.0,0.0,0.0,0.0,10.1,23.0,0.0,1016.4
2025-11-27 03:00:00+00:00,11.0,98,10.7,100,0.0,0.0,0.0,0.0,10.1,22.0,0.0,1016.4
2025-11-27 04:00:00+00:00,10.9,98,10.6,100,0.0,0.0,0.0,0.0,8.3,19.4,0.0,1016.3
2025-11-27 05:00:00+00:00,10.9,98,10.6,98,0.0,0.0,0.0,0.0,9.4,21.2,0.0,1016.1
2025-11-27 06:00:00+00:00,10.8,98,10.5,98,0.0,0.0,0.0,0.0,7.6,17.3,0.0,1016.0
2025-11-27 07:00:00+00:00,10.9,97,10.4,98,0.0,0.0,0.0,0.0,8.3,18.4,0.0,1016.0
2025-11-27 08:00:00+00:00,11.1,97,10.7,100,3.0,0.0,0.0,3.0,10.8,24.1,0.0,1016.0
2025-11-27 09:00:00+00:00,11.9,96,11.3,98,40.0,3.0,33.3,37.0,12.2,28.1,0.0,1016.2
2025-11-27 10:00:00+00:00,12.3,94,11.4,95,103.0,18.0,92.4,85.0,14.0,32.0,0.0,1016.3
2025-11-27 11:00:00+00:00,12.8,92,11.6,96,148.0,30.0,112.2,118.0,15.1,33.5,0.0,1015.9
2025-11-27 12:00:00+00:00,13.2,88,11.2,100,111.0,6.0,19.8,105.0,15.5,34.9,0.0,1015.2
2025-11-27 13:00:00+00:00,13.1,89,11.3,100,48.0,0.0,0.0,48.0,18.4,42.1,0.0,1014.8
2025-11-27 14:00:00+00:00,12.9,90,11.3,100,24.0,0.0,0.0,24.0,19.4,44.6,0.0,1014.3
2025-11-27 15:00:00+00:00,12.5,97,12.1,100,8.0,0.0,0.0,8.0,18.7,42.5,0.4,1013.6
2025-11-27 16:00:00+00:00,12.7,97,12.2,100,0.0,0.0,0.0,0.0,16.6,37.4,0.5,1013.5
2025-11-27 17:00:00+00:00,12.7,98,12.4,100,0.0,0.0,0.0,0.0,14.8,33.5,0.2,1013.5
2025-11-27 18:00:00+00:00,12.8,99,12.7,100,0.0,0.0,0.0,0.0,15.5,35.6,0.0,1013.5
2025-11-27 19:00:00+00:00,13.1,96,12.5,95,0.0,0.0,0.0,0.0,13.7,31.7,0.0,1013.7
2025-11-27 20:00:00+00:00,12.9,95,12.1,100,0.0,0.0,0.0,0.0,14.8,33.5,0.0,1013.8
2025-11-27 21:00:00+00:00,12.9,96,12.3,100,0.0,0.0,0.0,0.0,15.5,34.9,0.6,1014.0
2025-11-27 22:00:00+00:00,12.9,96,12.3,97,0.0,0.0,0.0,0.0,10.4,23.8,0.0,1014.1
2025-11-27 23:00:00+00:00,12.5,95,11.7,88,0.0,0.0,0.0,0.0,10.4,23.8,0.0,1014.2
2025-11-28 00:00:00+00:00,11.5,94,10.5,28,0.0,0.0,0.0,0.0,9.4,21.2,0.0,1014.4
2025-11-28 01:00:00+00:00,10.5,93,9.4,54,0.0,0.0,0.0,0.0,8.3,18.7,0.0,1014.3
2025-11-28 02:00:00+00:00,9.8,94,8.9,51,0.0,0.0,0.0,0.0,7.6,17.3,0.0,1013.9
2025-11-28 03:00:00+00:00,8.9,95,8.1,50,0.0,0.0,0.0,0.0,6.8,15.8,0.0,1014.2
2025-11-28 04:00:00+00:00,8.9,94,8.0,80,0.0,0.0,0.0,0.0,11.2,24.8,0.0,1013.9
2025-11-28 05:00:00+00:00,8.8,94,7.9,59,0.0,0.0,0.0,0.0,9.4,20.9,0.0,1013.6
2025-11-28 06:00:00+00:00,8.3,96,7.7,64,0.0,0.0,0.0,0.0,9.0,19.8,0.0,1013.6
2025-11-28 07:00:00+00:00,8.1,96,7.5,47,0.0,0.0,0.0,0.0,8.3,17.3,0.0,1013.6
2025-11-28 08:00:00+00:00,8.5,94,7.6,45,6.0,1.0,0.0,5.0,10.1,22.3,0.0,1013.6
2025-11-28 09:00:00+00:00,9.3,91,7.9,67,67.0,17.0,194.6,50.0,10.4,22.7,0.0,1013.8
2025-11-28 10:00:00+00:00,10.8,85,8.4,9,173.0,98.0,511.5,75.0,13.0,28.8,0.0,1013.5
2025-11-28 11:00:00+00:00,11.6,81,8.4,66,185.0,24.0,90.8,161.0,14.0,31.7,0.0,1012.8
2025-11-28 12:00:00+00:00,12.4,72,7.5,15,259.0,271.0,904.6,0.0,19.4,43.9,0.0,1012.0
2025-11-28 13:00:00+00:00,12.5,69,7.0,52,194.0,4.0,13.5,190.0,20.5,46.1,0.0,1011.3
2025-11-28 14:00:00+00:00,12.5,75,8.2,27,166.0,14.0,55.7,152.0,19.4,43.2,0.0,1010.8
2025-11-28 15:00:00+00:00,12.4,75,8.1,98,26.0,6.0,35.0,20.0,19.4,43.6,0.0,1010.6
2025-11-28 16:00:00+00:00,11.9,76,7.8,55,0.0,0.0,0.0,0.0,19.1,44.3,0.0,1010.6
2025-11-28 17:00:00+00:00,11.2,81,8.1,62,0.0,0.0,0.0,0.0,14.4,33.5,0.0,1011.0
2025-11-28 18:00:00+00:00,11.1,82,8.1,63,0.0,0.0,0.0,0.0,14.0,32.0,0.0,1011.3
2025-11-28 19:00:00+00:00,10.4,85,8.0,52,0.0,0.0,0.0,0.0,10.1,23.8,0.0,1011.5
2025-11-28 20:00:00+00:00,10.0,88,8.1,61,0.0,0.0,0.0,0.0,10.4,23.8,0.0,1011.6
2025-11-28 21:00:00+00:00,9.9,86,7.7,31,0.0,0.0,0.0,0.0,10.1,22.7,0.0,1011.7
2025-11-28 22:00:00+00:00,9.5,88,7.6,62,0.0,0.0,0.0,0.0,10.4,22.7,0.0,1011.0
2025-11-28 23:00:00+00:00,9.8,90,8.3,85,0.0,0.0,0.0,0.0,10.4,23.8,0.0,1010.3
2025-11-29 00:00:00+00:00,10.8,89,9.1,98,0.0,0.0,0.0,0.0,12.2,28.1,0.0,1009.3
2025-11-29 01:00:00+00:00,11.6,86,9.3,97,0.0,0.0,0.0,0.0,17.6,40.0,0.0,1008.7
2025-11-29 02:00:00+00:00,11.6,88,9.7,91,0.0,0.0,0.0,0.0,16.9,37.4,0.0,1007.9
2025-11-29 03:00:00+00:00,11.2,93,10.1,100,0.0,0.0,0.0,0.0,19.1,42.5,1.4,1006.7
2025-11-29 04:00:00+00:00,11.2,89,9.5,100,0.0,0.0,0.0,0.0,21.2,47.2,0.0,1005.4
2025-11-29 05:00:00+00:00,10.8,91,9.4,100,0.0,0.0,0.0,0.0,23.0,51.1,1.0,1004.1
2025-11-29 06:00:00+00:00,11.2,91,9.8,100,0.0,0.0,0.0,0.0,27.4,60.8,0.6,1003.0
2025-11-29 07:00:00+00:00,11.5,87,9.4,100,0.0,0.0,0.0,0.0,28.1,61.6,0.1,1002.0
2025-11-29 08:00:00+00:00,11.8,85,9.4,100,0.0,0.0,0.0,0.0,28.4,63.0,0.0,1001.2
2025-11-29 09:00:00+00:00,11.1,94,10.2,100,4.0,0.0,0.0,4.0,21.6,49.3,2.1,1000.8
2025-11-29 10:00:00+00:00,10.3,89,8.5,98,91.0,2.0,10.6,89.0,15.5,35.6,0.9,1001.4
2025-11-29 11:00:00+00:00,9.7,85,7.3,88,184.0,0.0,0.0,184.0,16.6,38.2,0.0,1001.7
2025-11-29 12:00:00+00:00,9.9,72,5.1,79,209.0,103.0,347.2,106.0,19.4,45.0,0.0,1001.7
2025-11-29 13:00:00+00:00,9.6,68,4.0,98,175.0,51.0,174.3,124.0,20.9,47.9,0.0,1002.0
2025-11-29 14:00:00+00:00,9.1,68,3.5,98,88.0,2.0,8.0,86.0,16.9,39.2,0.0,1002.4
2025-11-29 15:00:00+00:00,9.0,70,3.8,100,73.0,1.0,5.9,72.0,12.6,29.9,0.0,1002.0
2025-11-29 16:00:00+00:00,8.5,75,4.3,81,0.0,0.0,0.0,0.0,9.7,22.7,0.0,1002.5
2025-11-29 17:00:00+00:00,7.8,76,3.9,74,0.0,0.0,0.0,0.0,10.1,23.8,0.0,1003.0
2025-11-29 18:00:00+00:00,7.3,80,4.1,38,0.0,0.0,0.0,0.0,8.3,19.1,0.0,1003.5
2025-11-29 19:00:00+00:00,6.7,84,4.2,6,0.0,0.0,0.0,0.0,9.4,22.0,0.0,1004.1
2025-11-29 20:00:00+00:00,6.3,86,4.1,18,0.0,0.0,0.0,0.0,7.9,18.4,0.0,1004.8
2025-11-29 21:00:00+00:00,5.9,87,3.9,13,0.0,0.0,0.0,0.0,8.6,20.2,0.0,1005.5
2025-11-29 22:00:00+00:00,5.5,87,3.5,14,0.0,0.0,0.0,0.0,10.4,24.5,0.0,1005.9
2025-11-29 23:00:00+00:00,5.6,87,3.6,84,0.0,0.0,0.0,0.0,9.7,22.7,0.0,1006.5
2025-11-30 00:00:00+00:00,6.0,88,4.1,32,0.0,0.0,0.0,0.0,9.4,22.3,0.0,1007.0
2025-11-30 01:00:00+00:00,6.4,83,3.8,98,0.0,0.0,0.0,0.0,12.2,27.4,0.0,1007.9
2025-11-30 02:00:00+00:00,6.1,81,3.1,94,0.0,0.0,0.0,0.0,14.0,31.7,0.0,1009.0
2025-11-30 03:00:00+00:00,6.2,80,3.0,95,0.0,0.0,0.0,0.0,14.8,32.8,0.0,1010.2
2025-11-30 04:00:00+00:00,6.0,81,3.0,14,0.0,0.0,0.0,0.0,14.4,32.8,0.0,1011.0
2025-11-30 05:00:00+00:00,5.1,81,2.1,0,0.0,0.0,0.0,0.0,11.9,27.4,0.0,1011.9
2025-11-30 06:00:00+00:00,5.0,83,2.4,0,0.0,0.0,0.0,0.0,10.1,23.0,0.0,1012.9
2025-11-30 07:00:00+00:00,4.5,83,1.8,0,0.0,0.0,0.0,0.0,10.1,23.4,0.0,1013.7
2025-11-30 08:00:00+00:00,4.0,78,0.5,0,3.0,1.0,0.0,2.0,10.4,23.8,0.0,1014.8
2025-11-30 09:00:00+00:00,4.6,75,0.6,5,73.0,42.0,501.0,31.0,10.1,22.3,0.0,1015.5
2025-11-30 10:00:00+00:00,5.8,71,0.9,0,177.0,115.0,620.9,62.0,11.9,27.0,0.0,1016.2
2025-11-30 11:00:00+00:00,6.9,65,0.8,0,249.0,178.0,689.7,71.0,14.4,32.8,0.0,1016.6
2025-11-30 12:00:00+00:00,7.9,60,0.6,0,277.0,204.0,694.2,73.0,13.7,30.2,0.0,1016.4
2025-11-30 13:00:00+00:00,8.2,59,0.6,0,259.0,190.0,655.1,69.0,10.4,24.8,0.0,1016.3
2025-11-30 14:00:00+00:00,8.3,59,0.8,0,195.0,137.0,554.8,58.0,10.1,23.0,0.0,1016.8
2025-11-30 15:00:00+00:00,7.8,72,3.0,10,95.0,51.0,304.6,44.0,7.2,17.3,0.0,1017.0
2025-11-30 16:00:00+00:00,6.6,80,3.4,14,0.0,0.0,0.0,0.0,6.5,14.8,0.0,1017.0
2025-11-30 17:00:00+00:00,5.7,82,2.9,22,0.0,0.0,0.0,0.0,6.5,13.7,0.0,1017.0
2025-11-30 18:00:00+00:00,4.7,87,2.7,36,0.0,0.0,0.0,0.0,4.0,8.3,0.0,1016.8
2025-11-30 19:00:00+00:00,4.4,86,2.2,41,0.0,0.0,0.0,0.0,4.7,9.4,0.0,1016.7
2025-11-30 20:00:00+00:00,5.5,84,3.0,86,0.0,0.0,0.0,0.0,6.8,13.7,0.0,1016.5
2025-11-30 21:00:00+00:00,6.6,81,3.6,80,0.0,0.0,0.0,0.0,9.0,19.1,0.0,1015.9
2025-11-30 22:00:00+00:00,6.7,83,4.0,79,0.0,0.0,0.0,0.0,8.3,17.3,0.0,1015.1
2025-11-30 23:00:00+00:00,8.2,78,4.6,100,0.0,0.0,0.0,0.0,11.9,25.6,0.0,1014.4
2025-12-01 00:00:00+00:00,8.1,82,5.2,98,0.0,0.0,0.0,0.0,12.2,26.6,0.0,1013.7
2025-12-01 01:00:00+00:00,9.1,79,5.7,100,0.0,0.0,0.0,0.0,17.6,38.5,0.0,1012.6
2025-12-01 02:00:00+00:00,9.8,73,5.2,100,0.0,0.0,0.0,0.0,17.3,37.8,0.0,1011.8
2025-12-01 03:00:00+00:00,9.6,88,7.7,100,0.0,0.0,0.0,0.0,23.0,51.8,0.2,1009.7
2025-12-01 04:00:00+00:00,9.3,92,8.1,100,0.0,0.0,0.0,0.0,26.6,59.0,1.3,1008.8
2025-12-01 05:00:00+00:00,9.7,92,8.4,100,0.0,0.0,0.0,0.0,27.7,60.8,1.0,1007.9
2025-12-01 06:00:00+00:00,10.1,93,9.0,100,0.0,0.0,0.0,0.0,29.9,65.9,0.7,1006.9
2025-12-01 07:00:00+00:00,10.4,93,9.3,100,0.0,0.0,0.0,0.0,31.7,69.8,1.1,1006.2
2025-12-01 08:00:00+00:00,10.6,93,9.5,100,0.0,0.0,0.0,0.0,29.2,65.2,0.7,1005.7
2025-12-01 09:00:00+00:00,10.9,94,10.0,100,7.0,0.0,0.0,7.0,31.7,71.3,0.5,1004.8
2025-12-01 10:00:00+00:00,11.3,95,10.5,100,22.0,0.0,0.0,22.0,28.8,64.1,0.6,1004.3
2025-12-01 11:00:00+00:00,11.7,92,10.4,100,23.0,0.0,0.0,23.0,29.9,65.9,0.2,1003.7
2025-12-01 12:00:00+00:00,11.9,91,10.5,100,22.0,0.0,0.0,22.0,31.3,69.5,0.5,1002.7
2025-12-01 13:00:00+00:00,11.6,93,10.5,100,21.0,0.0,0.0,21.0,31.7,70.2,1.2,1001.5
2025-12-01 14:00:00+00:00,11.9,90,10.3,100,25.0,0.0,0.0,25.0,34.6,76.3,0.2,1000.5
2025-12-01 15:00:00+00:00,12.1,90,10.5,100,8.0,0.0,0.0,8.0,34.6,76.7,0.0,999.4
2025-12-01 16:00:00+00:00,12.1,88,10.2,100,0.0,0.0,0.0,0.0,34.6,76.7,0.0,998.6
2025-12-01 17:00:00+00:00,12.0,89,10.2,100,0.0,0.0,0.0,0.0,37.4,82.8,0.1,998.0
2025-12-01 18:00:00+00:00,11.8,88,9.9,100,0.0,0.0,0.0,0.0,38.5,85.0,0.0,997.1
2025-12-01 19:00:00+00:00,11.7,87,9.6,100,0.0,0.0,0.0,0.0,38.5,85.0,0.1,996.3
2025-12-01 20:00:00+00:00,11.1,93,10.0,100,0.0,0.0,0.0,0.0,24.8,55.4,5.7,997.0
2025-12-01 21:00:00+00:00,9.9,93,8.8,100,0.0,0.0,0.0,0.0,19.8,44.6,0.8,998.2
2025-12-01 22:00:00+00:00,9.3,92,8.1,100,0.0,0.0,0.0,0.0,16.9,38.2,0.6,998.3
2025-12-01 23:00:00+00:00,9.2,92,7.9,100,0.0,0.0,0.0,0.0,13.7,31.0,0.0,998.7
2025-12-02 00:00:00+00:00,8.7,90,7.1,92,0.0,0.0,0.0,0.0,12.2,27.4,0.0,999.4
2025-12-02 01:00:00+00:00,8.3,91,6.9,6,0.0,0.0,0.0,0.0,10.1,23.0,0.0,999.8
2025-12-02 02:00:00+00:00,7.7,92,6.5,0,0.0,0.0,0.0,0.0,8.6,19.8,0.0,1000.4
2025-12-02 03:00:00+00:00,8.0,90,6.4,91,0.0,0.0,0.0,0.0,6.8,14.8,0.0,1000.2
2025-12-02 04:00:00+00:00,8.0,84,5.5,20,0.0,0.0,0.0,0.0,10.1,22.7,0.0,1000.4
2025-12-02 05:00:00+00:00,7.2,87,5.2,40,0.0,0.0,0.0,0.0,7.6,15.8,0.0,1000.7
2025-12-02 06:00:00+00:00,6.9,91,5.6,19,0.0,0.0,0.0,0.0,4.7,7.9,0.0,1001.3
2025-12-02 07:00:00+00:00,5.9,92,4.7,9,0.0,0.0,0.0,0.0,1.4,3.2,0.0,1002.2
2025-12-02 08:00:00+00:00,7.7,88,5.8,85,17.0,0.0,0.0,17.0,5.4,10.8,0.0,1002.8
2025-12-02 09:00:00+00:00,8.1,87,6.1,100,20.0,0.0,0.0,20.0,6.1,13.0,0.0,1003.4
2025-12-02 10:00:00+00:00,9.1,81,6.0,83,96.0,47.0,262.3,49.0,10.1,21.2,0.0,1004.0
2025-12-02 11:00:00+00:00,9.9,80,6.6,90,144.0,3.0,11.9,141.0,9.4,20.2,0.0,1003.9
2025-12-02 12:00:00+00:00,9.9,77,6.1,100,54.0,0.0,0.0,54.0,18.7,39.6,0.0,1003.8
2025-12-02 13:00:00+00:00,9.5,80,6.2,63,180.0,116.0,406.7,64.0,11.9,26.3,0.1,1003.4
2025-12-02 14:00:00+00:00,8.9,79,5.4,100,3.0,0.0,0.0,3.0,20.9,48.2,0.4,1003.9
2025-12-02 15:00:00+00:00,9.8,80,6.5,92,44.0,0.0,0.0,44.0,9.4,21.2,0.0,1003.2
2025-12-02 16:00:00+00:00,9.2,76,5.2,99,0.0,0.0,0.0,0.0,11.5,25.2,0.0,1003.5
2025-12-02 17:00:00+00:00,8.8,83,6.1,100,0.0,0.0,0.0,0.0,11.2,24.8,0.2,1003.9
2025-12-02 18:00:00+00:00,8.0,91,6.6,100,0.0,0.0,0.0,0.0,6.5,15.1,0.3,1004.5
2025-12-02 19:00:00+00:00,7.5,92,6.3,76,0.0,0.0,0.0,0.0,4.7,10.4,2.8,1004.8
2025-12-02 20:00:00+00:00,6.5,92,5.3,10,0.0,0.0,0.0,0.0,4.7,10.1,0.0,1005.1
2025-12-02 21:00:00+00:00,7.2,91,5.9,21,0.0,0.0,0.0,0.0,7.2,15.5,0.0,1005.7
2025-12-02 22:00:00+00:00,7.2,92,6.0,100,0.0,0.0,0.0,0.0,5.8,12.2,0.0,1006.2
2025-12-02 23:00:00+00:00,6.8,88,5.0,62,0.0,0.0,0.0,0.0,6.1,12.2,0.0,1006.6
2025-12-03 00:00:00+00:00,6.4,89,4.7,16,0.0,0.0,0.0,0.0,2.9,6.5,0.0,1007.2
2025-12-03 01:00:00+00:00,6.2,89,4.5,23,0.0,0.0,0.0,0.0,1.1,1.4,0.0,1007.3
2025-12-03 02:00:00+00:00,7.3,82,4.5,97,0.0,0.0,0.0,0.0,5.8,12.6,0.4,1008.0
2025-12-03 03:00:00+00:00,7.3,91,5.9,97,0.0,0.0,0.0,0.0,3.6,7.6,0.9,1007.9
2025-12-03 04:00:00+00:00,7.0,93,5.9,100,0.0,0.0,0.0,0.0,5.0,11.5,0.5,1008.2
2025-12-03 05:00:00+00:00,6.9,92,5.7,52,0.0,0.0,0.0,0.0,6.1,14.0,0.0,1008.4
2025-12-03 06:00:00+00:00,6.9,93,5.9,99,0.0,0.0,0.0,0.0,1.4,4.0,0.0,1008.9
2025-12-03 07:00:00+00:00,6.3,94,5.4,71,0.0,0.0,0.0,0.0,2.9,5.4,0.0,1009.3
2025-12-03 08:00:00+00:00,5.6,95,4.8,48,19.0,1.0,0.0,18.0,2.2,5.8,0.0,1009.6
2025-12-03 09:00:00+00:00,7.5,92,6.3,6,62.0,35.0,443.8,27.0,3.2,6.5,0.0,1009.5
2025-12-03 10:00:00+00:00,8.5,88,6.6,70,129.0,43.0,244.0,86.0,4.0,8.6,0.0,1009.8
2025-12-03 11:00:00+00:00,9.1,85,6.7,16,218.0,159.0,637.0,59.0,4.3,10.1,0.0,1009.6
2025-12-03 12:00:00+00:00,8.9,83,6.1,100,58.0,0.0,0.0,58.0,11.2,24.8,0.3,1009.5
2025-12-03 13:00:00+00:00,9.8,80,6.5,79,130.0,35.0,123.7,95.0,8.6,19.1,0.0,1008.9
2025-12-03 14:00:00+00:00,9.6,85,7.2,41,155.0,65.0,269.9,90.0,9.0,20.2,0.0,1008.7
2025-12-03 15:00:00+00:00,9.5,84,6.9,55,69.0,14.0,86.3,55.0,7.6,17.3,0.0,1007.4
2025-12-03 16:00:00+00:00,8.6,83,5.9,36,0.0,0.0,0.0,0.0,7.6,17.6,0.0,1007.2
2025-12-03 17:00:00+00:00,8.0,89,6.3,17,0.0,0.0,0.0,0.0,4.7,10.4,0.1,1007.0
2025-12-03 18:00:00+00:00,8.6,84,6.0,99,0.0,0.0,0.0,0.0,15.5,34.2,0.0,1007.1
2025-12-03 19:00:00+00:00,8.2,82,5.3,88,0.0,0.0,0.0,0.0,11.9,27.0,0.0,1006.7
2025-12-03 20:00:00+00:00,8.2,90,6.7,100,0.0,0.0,0.0,0.0,11.9,26.3,0.2,1005.9
2025-12-03 21:00:00+00:00,8.3,86,6.1,100,0.0,0.0,0.0,0.0,5.0,11.5,1.4,1005.2
2025-12-03 22:00:00+00:00,8.5,91,7.1,100,0.0,0.0,0.0,0.0,9.7,20.5,2.7,1004.2
2025-12-03 23:00:00+00:00,8.9,92,7.6,95,0.0,0.0,0.0,0.0,14.8,32.8,0.0,1003.0
2025-12-04 00:00:00+00:00,8.9,92,7.6,100,0.0,0.0,0.0,0.0,14.4,31.7,0.0,1001.6
2025-12-04 01:00:00+00:00,8.7,90,7.1,87,0.0,0.0,0.0,0.0,15.5,33.8,0.0,1000.6
2025-12-04 02:00:00+00:00,8.6,90,7.0,90,0.0,0.0,0.0,0.0,15.8,35.6,0.0,999.9
2025-12-04 03:00:00+00:00,8.8,89,7.1,100,0.0,0.0,0.0,0.0,18.4,41.0,0.0,998.1
2025-12-04 04:00:00+00:00,8.8,90,7.3,100,0.0,0.0,0.0,0.0,22.7,50.0,0.4,997.1
2025-12-04 05:00:00+00:00,8.2,92,7.0,100,0.0,0.0,0.0,0.0,24.8,55.1,1.8,995.9
2025-12-04 06:00:00+00:00,8.3,94,7.4,100,0.0,0.0,0.0,0.0,25.6,56.5,1.4,995.3
2025-12-04 07:00:00+00:00,8.1,92,6.9,98,0.0,0.0,0.0,0.0,13.7,31.3,0.1,995.8
2025-12-04 08:00:00+00:00,7.2,89,5.5,90,15.0,1.0,0.0,14.0,15.5,35.3,0.0,996.6
2025-12-04 09:00:00+00:00,6.5,88,4.6,100,18.0,0.0,0.0,18.0,9.7,22.0,0.0,998.8
2025-12-04 10:00:00+00:00,6.8,85,4.4,82,106.0,27.0,155.7,79.0,9.0,20.9,0.0,999.2
2025-12-04 11:00:00+00:00,7.0,83,4.3,80,147.0,34.0,137.7,113.0,10.8,24.8,0.0,999.6
2025-12-04 12:00:00+00:00,7.4,78,3.8,37,248.0,165.0,581.7,83.0,10.1,22.7,0.0,999.5
2025-12-04 13:00:00+00:00,8.1,74,3.7,20,229.0,146.0,519.7,83.0,8.6,20.5,0.0,999.6
2025-12-04 14:00:00+00:00,8.3,69,2.9,34,164.0,69.0,288.7,95.0,9.0,20.2,0.0,999.8
2025-12-04 15:00:00+00:00,7.8,73,3.2,80,63.0,0.0,0.0,63.0,6.5,14.8,0.0,999.7
2025-12-04 16:00:00+00:00,7.2,79,3.8,91,0.0,0.0,0.0,0.0,5.0,11.9,0.0,1000.3
2025-12-04 17:00:00+00:00,6.8,80,3.6,82,0.0,0.0,0.0,0.0,6.8,16.2,0.0,1000.9
2025-12-04 18:00:00+00:00,5.8,83,3.1,23,0.0,0.0,0.0,0.0,5.8,14.4,0.0,1001.3
2025-12-04 19:00:00+00:00,5.0,85,2.7,41,0.0,0.0,0.0,0.0,5.0,13.0,0.0,1002.1
2025-12-04 20:00:00+00:00,4.1,89,2.5,9,0.0,0.0,0.0,0.0,4.7,11.2,0.0,1003.0
2025-12-04 21:00:00+00:00,4.0,91,2.7,16,0.0,0.0,0.0,0.0,6.1,14.8,0.0,1003.3
2025-12-04 22:00:00+00:00,3.5,91,2.1,2,0.0,0.0,0.0,0.0,5.0,11.9,0.0,1004.0
2025-12-04 23:00:00+00:00,2.7,92,1.5,4,0.0,0.0,0.0,0.0,3.2,7.6,0.0,1004.5
2025-12-05 00:00:00+00:00,2.1,93,1.1,5,0.0,0.0,0.0,0.0,2.2,6.5,0.0,1005.1
2025-12-05 01:00:00+00:00,1.7,94,0.8,21,0.0,0.0,0.0,0.0,2.9,6.8,0.0,1005.8
2025-12-05 02:00:00+00:00,1.2,96,0.6,15,0.0,0.0,0.0,0.0,2.2,5.8,0.0,1006.4
2025-12-05 03:00:00+00:00,1.5,96,0.9,0,0.0,0.0,0.0,0.0,3.2,6.8,0.0,1006.6
2025-12-05 04:00:00+00:00,1.2,95,0.5,0,0.0,0.0,0.0,0.0,2.9,6.5,0.0,1006.8
2025-12-05 05:00:00+00:00,1.7,94,0.8,0,0.0,0.0,0.0,0.0,4.7,10.1,0.0,1006.9
2025-12-05 06:00:00+00:00,1.0,96,0.4,21,0.0,0.0,0.0,0.0,2.9,5.0,0.0,1007.3
2025-12-05 07:00:00+00:00,1.2,95,0.5,70,0.0,0.0,0.0,0.0,2.9,6.5,0.0,1007.4
2025-12-05 08:00:00+00:00,2.6,94,1.7,68,16.0,0.0,0.0,16.0,5.8,12.6,0.0,1007.7
2025-12-05 09:00:00+00:00,5.2,90,3.7,79,42.0,4.0,52.8,38.0,7.2,15.8,0.0,1007.5
2025-12-05 10:00:00+00:00,6.7,87,4.7,92,92.0,19.0,111.3,73.0,8.6,19.1,0.0,1007.2
2025-12-05 11:00:00+00:00,7.9,84,5.4,84,122.0,1.0,4.1,121.0,11.2,24.8,0.2,1006.2
2025-12-05 12:00:00+00:00,8.5,83,5.8,100,44.0,0.0,0.0,44.0,11.9,26.6,0.2,1005.0
2025-12-05 13:00:00+00:00,9.5,72,4.7,90,119.0,21.0,75.3,98.0,23.0,50.4,0.0,1003.9
2025-12-05 14:00:00+00:00,9.0,67,3.2,100,24.0,0.0,0.0,24.0,23.0,50.4,0.0,1002.5
2025-12-05 15:00:00+00:00,8.6,78,5.0,100,8.0,0.0,0.0,8.0,28.4,63.7,0.1,1001.0
2025-12-05 16:00:00+00:00,7.7,92,6.5,100,0.0,0.0,0.0,0.0,26.3,58.0,2.0,999.3
2025-12-05 17:00:00+00:00,7.8,93,6.7,100,0.0,0.0,0.0,0.0,30.2,68.0,4.3,996.8
2025-12-05 18:00:00+00:00,8.2,93,7.2,100,0.0,0.0,0.0,0.0,33.1,73.8,3.9,995.5
2025-12-05 19:00:00+00:00,9.0,94,8.1,98,0.0,0.0,0.0,0.0,30.6,67.7,1.4,994.4
2025-12-05 20:00:00+00:00,9.8,95,9.0,100,0.0,0.0,0.0,0.0,19.1,41.8,0.0,993.6
2025-12-05 21:00:00+00:00,10.9,93,9.8,27,0.0,0.0,0.0,0.0,16.6,36.7,0.0,994.1
2025-12-05 22:00:00+00:00,10.8,90,9.3,58,0.0,0.0,0.0,0.0,18.4,41.4,0.0,993.8
2025-12-05 23:00:00+00:00,10.3,86,8.1,100,0.0,0.0,0.0,0.0,15.8,37.4,0.1,994.0
2025-12-06 00:00:00+00:00,10.5,90,9.0,80,0.0,0.0,0.0,0.0,15.5,35.3,0.1,993.6
2025-12-06 01:00:00+00:00,9.5,90,8.0,77,0.0,0.0,0.0,0.0,14.8,33.5,0.0,993.9
2025-12-06 02:00:00+00:00,9.1,90,7.6,95,0.0,0.0,0.0,0.0,17.3,38.9,0.5,994.0
2025-12-06 03:00:00+00:00,9.2,92,7.9,80,0.0,0.0,0.0,0.0,15.8,35.3,0.0,993.8
2025-12-06 04:00:00+00:00,9.8,86,7.5,96,0.0,0.0,0.0,0.0,19.4,44.6,0.0,993.7
2025-12-06 05:00:00+00:00,10.0,88,8.1,96,0.0,0.0,0.0,0.0,19.1,43.6,0.0,993.9
2025-12-06 06:00:00+00:00,10.3,83,7.5,95,0.0,0.0,0.0,0.0,20.2,46.1,0.0,994.1
2025-12-06 07:00:00+00:00,10.3,83,7.5,95,0.0,0.0,0.0,0.0,21.2,49.0,0.0,994.7
2025-12-06 08:00:00+00:00,10.3,83,7.6,33,14.0,0.0,0.0,14.0,21.2,48.6,0.0,995.2
2025-12-06 09:00:00+00:00,10.5,86,8.3,100,14.0,0.0,0.0,14.0,19.4,45.4,0.1,995.5
2025-12-06 10:00:00+00:00,10.6,85,8.2,40,129.0,105.0,624.3,24.0,17.6,41.0,0.0,996.2
2025-12-06 11:00:00+00:00,11.3,79,7.8,27,196.0,105.0,433.8,91.0,18.4,42.5,0.0,996.7
2025-12-06 12:00:00+00:00,11.3,79,7.8,100,94.0,0.0,0.0,94.0,19.4,44.3,0.0,997.3
2025-12-06 13:00:00+00:00,11.1,84,8.5,100,44.0,0.0,0.0,44.0,20.5,47.2,0.3,997.9
2025-12-06 14:00:00+00:00,10.6,85,8.2,100,13.0,0.0,0.0,13.0,22.7,52.9,0.8,998.8
2025-12-06 15:00:00+00:00,10.6,87,8.5,99,18.0,1.0,6.3,17.0,16.6,38.2,0.1,1000.5
2025-12-06 16:00:00+00:00,10.3,84,7.7,100,0.0,0.0,0.0,0.0,16.6,38.5,0.0,1001.2
2025-12-06 17:00:00+00:00,9.9,83,7.2,95,0.0,0.0,0.0,0.0,15.8,36.4,0.0,1002.0
2025-12-06 18:00:00+00:00,9.4,82,6.5,24,0.0,0.0,0.0,0.0,14.8,33.8,0.0,1002.8
2025-12-06 19:00:00+00:00,9.3,83,6.5,63,0.0,0.0,0.0,0.0,14.0,31.7,0.0,1003.3
2025-12-06 20:00:00+00:00,8.9,87,6.9,9,0.0,0.0,0.0,0.0,12.6,28.4,0.0,1003.6
2025-12-06 21:00:00+00:00,8.9,86,6.7,2,0.0,0.0,0.0,0.0,12.2,28.1,0.0,1003.4
2025-12-06 22:00:00+00:00,8.7,89,7.0,47,0.0,0.0,0.0,0.0,10.8,24.5,0.0,1003.9
2025-12-06 23:00:00+00:00,8.9,91,7.5,97,0.0,0.0,0.0,0.0,10.4,22.7,0.0,1004.0
2025-12-07 00:00:00+00:00,9.1,93,8.0,100,0.0,0.0,0.0,0.0,5.4,11.2,0.0,1003.8
2025-12-07 01:00:00+00:00,9.6,95,8.9,100,0.0,0.0,0.0,0.0,7.6,16.2,0.0,1003.5
2025-12-07 02:00:00+00:00,9.9,95,9.2,100,0.0,0.0,0.0,0.0,6.8,14.0,0.0,1003.4
2025-12-07 03:00:00+00:00,11.0,96,10.4,100,0.0,0.0,0.0,0.0,10.1,22.3,0.0,1003.8
2025-12-07 04:00:00+00:00,11.3,96,10.7,100,0.0,0.0,0.0,0.0,10.1,22.0,0.0,1003.1
2025-12-07 05:00:00+00:00,11.4,96,10.8,100,0.0,0.0,0.0,0.0,13.3,29.2,0.0,1002.6
2025-12-07 06:00:00+00:00,11.4,97,11.0,100,0.0,0.0,0.0,0.0,14.4,32.0,0.1,1002.0
2025-12-07 07:00:00+00:00,11.3,97,10.8,100,0.0,0.0,0.0,0.0,13.0,29.5,0.2,1001.2
2025-12-07 08:00:00+00:00,11.3,98,11.0,100,2.0,0.0,0.0,2.0,10.1,23.0,2.5,1000.9
2025-12-07 09:00:00+00:00,12.6,99,12.4,100,10.0,0.0,0.0,10.0,12.6,28.1,0.0,1001.0
2025-12-07 10:00:00+00:00,13.1,98,12.8,100,13.0,0.0,0.0,13.0,16.9,38.5,0.1,1001.2
2025-12-07 11:00:00+00:00,13.6,96,13.0,100,23.0,0.0,0.0,23.0,21.2,47.9,0.2,1000.6
2025-12-07 12:00:00+00:00,13.6,96,13.0,100,15.0,0.0,0.0,15.0,23.4,52.6,0.3,1000.0
2025-12-07 13:00:00+00:00,13.5,96,12.9,100,20.0,0.0,0.0,20.0,24.8,56.2,1.4,999.3
2025-12-07 14:00:00+00:00,13.6,96,13.0,100,26.0,0.0,0.0,26.0,27.4,62.6,0.8,999.1
2025-12-07 15:00:00+00:00,13.7,96,13.1,100,11.0,0.0,0.0,11.0,26.3,59.8,0.3,999.0
2025-12-07 16:00:00+00:00,13.8,95,13.0,100,0.0,0.0,0.0,0.0,24.8,58.0,0.1,999.6
2025-12-07 17:00:00+00:00,13.7,92,12.5,95,0.0,0.0,0.0,0.0,20.9,49.0,0.0,1000.4
2025-12-07 18:00:00+00:00,13.3,90,11.7,63,0.0,0.0,0.0,0.0,20.5,47.2,0.0,1001.5
2025-12-07 19:00:00+00:00,12.5,90,10.9,19,0.0,0.0,0.0,0.0,19.1,43.6,0.0,1002.6
2025-12-07 20:00:00+00:00,11.7,84,9.1,86,0.0,0.0,0.0,0.0,16.6,39.2,0.0,1004.3
2025-12-07 21:00:00+00:00,11.5,93,10.4,21,0.0,0.0,0.0,0.0,14.8,33.8,0.0,1004.9
2025-12-07 22:00:00+00:00,11.4,93,10.3,40,0.0,0.0,0.0,0.0,14.0,32.4,0.0,1005.6
2025-12-07 23:00:00+00:00,11.5,92,10.2,23,0.0,0.0,0.0,0.0,15.5,34.6,0.0,1006.2
2025-12-08 00:00:00+00:00,11.1,91,9.7,35,0.0,0.0,0.0,0.0,15.5,34.6,0.0,1006.6
2025-12-08 01:00:00+00:00,11.3,92,10.1,59,0.0,0.0,0.0,0.0,14.4,32.8,0.0,1006.8
2025-12-08 02:00:00+00:00,11.2,92,10.0,80,0.0,0.0,0.0,0.0,12.2,27.7,0.0,1007.2
2025-12-08 03:00:00+00:00,11.7,90,10.1,87,0.0,0.0,0.0,0.0,14.0,31.7,0.0,1007.2
2025-12-08 04:00:00+00:00,12.0,89,10.3,59,0.0,0.0,0.0,0.0,15.5,34.9,0.0,1007.4
2025-12-08 05:00:00+00:00,12.4,90,10.8,95,0.0,0.0,0.0,0.0,17.6,40.0,0.0,1007.3
2025-12-08 06:00:00+00:00,12.5,89,10.7,100,0.0,0.0,0.0,0.0,17.3,38.9,0.0,1007.3
2025-12-08 07:00:00+00:00,12.5,89,10.8,100,0.0,0.0,0.0,0.0,20.5,46.1,0.0,1007.7
2025-12-08 08:00:00+00:00,12.7,88,10.8,100,5.0,0.0,0.0,5.0,22.0,49.7,0.0,1008.2
2025-12-08 09:00:00+00:00,13.0,88,11.0,100,25.0,1.0,14.0,24.0,19.4,44.6,0.0,1009.0
2025-12-08 10:00:00+00:00,13.3,87,11.2,100,82.0,16.0,98.0,66.0,19.8,44.3,0.0,1009.6
2025-12-08 11:00:00+00:00,13.7,86,11.4,100,132.0,26.0,109.4,106.0,20.9,46.1,0.0,1009.9
2025-12-08 12:00:00+00:00,13.7,86,11.4,100,98.0,0.0,0.0,98.0,17.3,37.8,0.0,1009.4
2025-12-08 13:00:00+00:00,13.8,86,11.5,100,96.0,4.0,14.6,92.0,18.4,40.0,0.0,1009.6
2025-12-08 14:00:00+00:00,13.6,88,11.7,100,44.0,0.0,0.0,44.0,17.6,39.2,0.0,1010.0
2025-12-08 15:00:00+00:00,12.9,86,10.6,100,23.0,0.0,0.0,23.0,21.6,47.9,0.0,1009.8
2025-12-08 16:00:00+00:00,12.3,88,10.4,100,0.0,0.0,0.0,0.0,18.7,42.1,0.0,1010.1
2025-12-08 17:00:00+00:00,12.2,92,10.9,100,0.0,0.0,0.0,0.0,15.5,34.2,0.0,1009.8
2025-12-08 18:00:00+00:00,12.3,95,11.5,100,0.0,0.0,0.0,0.0,11.9,25.6,0.0,1009.5
2025-12-08 19:00:00+00:00,12.2,97,11.8,100,0.0,0.0,0.0,0.0,14.0,31.0,0.0,1009.0
2025-12-08 20:00:00+00:00,12.5,98,12.2,100,0.0,0.0,0.0,0.0,14.8,32.8,0.0,1008.9
2025-12-08 21:00:00+00:00,12.2,97,11.7,100,0.0,0.0,0.0,0.0,14.4,31.7,0.7,1008.6
2025-12-08 22:00:00+00:00,12.6,95,11.8,100,0.0,0.0,0.0,0.0,19.4,43.9,1.0,1008.4
2025-12-08 23:00:00+00:00,12.5,92,11.3,100,0.0,0.0,0.0,0.0,20.2,44.6,0.1,1007.8
2025-12-09 00:00:00+00:00,12.3,91,10.9,100,0.0,0.0,0.0,0.0,22.3,49.7,0.7,1007.0
2025-12-09 01:00:00+00:00,11.9,92,10.6,100,0.0,0.0,0.0,0.0,26.6,59.0,3.0,1006.2
2025-12-09 02:00:00+00:00,11.8,93,10.7,100,0.0,0.0,0.0,0.0,29.9,65.9,4.2,1005.4
2025-12-09 03:00:00+00:00,11.8,91,10.4,100,0.0,0.0,0.0,0.0,27.4,60.5,3.7,1005.6
2025-12-09 04:00:00+00:00,11.8,92,10.5,100,0.0,0.0,0.0,0.0,29.2,64.8,4.9,1004.5
2025-12-09 05:00:00+00:00,12.1,90,10.5,100,0.0,0.0,0.0,0.0,29.2,65.2,2.6,1004.1
2025-12-09 06:00:00+00:00,12.5,86,10.2,100,0.0,0.0,0.0,0.0,30.2,66.2,0.1,1003.6
2025-12-09 07:00:00+00:00,12.9,85,10.5,100,0.0,0.0,0.0,0.0,30.2,67.0,0.0,1003.1
2025-12-09 08:00:00+00:00,13.1,84,10.5,97,5.0,0.0,0.0,5.0,31.0,68.8,0.0,1002.8
2025-12-09 09:00:00+00:00,13.3,82,10.3,100,10.0,0.0,0.0,10.0,26.3,58.0,0.0,1003.1
2025-12-09 10:00:00+00:00,13.7,79,10.1,100,23.0,0.0,0.0,23.0,26.3,58.0,0.0,1002.9
2025-12-09 11:00:00+00:00,13.6,82,10.6,100,19.0,0.0,0.0,19.0,28.1,62.3,0.1,1002.8
2025-12-09 12:00:00+00:00,12.7,92,11.4,100,19.0,0.0,0.0,19.0,33.5,74.9,2.1,1002.2
2025-12-09 13:00:00+00:00,12.5,93,11.4,100,13.0,0.0,0.0,13.0,32.0,71.3,2.9,1002.1
2025-12-09 14:00:00+00:00,12.6,94,11.6,100,14.0,0.0,0.0,14.0,31.3,69.5,2.5,1001.8
2025-12-09 15:00:00+00:00,13.3,93,12.2,100,18.0,0.0,0.0,18.0,34.6,77.0,0.3,1000.8
2025-12-09 16:00:00+00:00,13.6,89,11.8,86,0.0,0.0,0.0,0.0,28.8,65.5,0.0,1001.5
2025-12-09 17:00:00+00:00,13.0,84,10.3,58,0.0,0.0,0.0,0.0,22.0,50.4,0.0,1002.4
2025-12-09 18:00:00+00:00,12.4,82,9.4,74,0.0,0.0,0.0,0.0,21.2,48.2,0.0,1003.7
2025-12-09 19:00:00+00:00,12.0,86,9.8,7,0.0,0.0,0.0,0.0,19.8,45.4,0.0,1004.8
2025-12-09 20:00:00+00:00,11.6,83,8.8,9,0.0,0.0,0.0,0.0,17.3,40.0,0.0,1006.0
2025-12-09 21:00:00+00:00,11.2,88,9.3,15,0.0,0.0,0.0,0.0,13.7,31.0,0.0,1007.3
2025-12-09 22:00:00+00:00,11.0,87,8.9,20,0.0,0.0,0.0,0.0,12.2,27.4,0.0,1008.2
2025-12-09 23:00:00+00:00,11.1,88,9.2,23,0.0,0.0,0.0,0.0,12.6,28.4,0.0,1008.8
2025-12-10 00:00:00+00:00,11.2,90,9.6,94,0.0,0.0,0.0,0.0,12.6,28.1,0.0,1009.1
2025-12-10 01:00:00+00:00,11.4,89,9.7,27,0.0,0.0,0.0,0.0,16.2,36.4,0.0,1009.6
2025-12-10 02:00:00+00:00,11.5,88,9.6,65,0.0,0.0,0.0,0.0,13.7,31.0,0.0,1010.3
2025-12-10 03:00:00+00:00,11.2,90,9.6,59,0.0,0.0,0.0,0.0,13.0,29.9,0.0,1010.7
2025-12-10 04:00:00+00:00,11.2,90,9.6,48,0.0,0.0,0.0,0.0,11.9,27.4,0.0,1011.0
2025-12-10 05:00:00+00:00,11.0,90,9.5,41,0.0,0.0,0.0,0.0,10.4,24.5,0.0,1011.5
2025-12-10 06:00:00+00:00,10.9,93,9.8,64,0.0,0.0,0.0,0.0,10.1,22.3,0.0,1012.1
2025-12-10 07:00:00+00:00,10.8,93,9.7,24,0.0,0.0,0.0,0.0,13.7,30.2,0.0,1012.7
2025-12-10 08:00:00+00:00,10.8,92,9.5,5,11.0,0.0,0.0,11.0,15.5,35.3,0.0,1013.5
2025-12-10 09:00:00+00:00,11.5,87,9.4,3,45.0,21.0,303.3,24.0,14.8,33.5,0.0,1015.1
2025-12-10 10:00:00+00:00,12.0,82,9.0,18,134.0,88.0,553.5,46.0,15.1,33.8,0.0,1016.1
2025-12-10 11:00:00+00:00,12.6,78,8.9,28,193.0,108.0,462.2,85.0,16.2,35.3,0.0,1016.9
2025-12-10 12:00:00+00:00,12.6,76,8.5,0,246.0,176.0,647.5,70.0,15.8,34.9,0.0,1017.4
2025-12-10 13:00:00+00:00,12.7,72,7.8,2,230.0,160.0,590.7,70.0,15.1,33.8,0.0,1017.8
2025-12-10 14:00:00+00:00,12.5,70,7.2,53,139.0,47.0,203.6,92.0,15.8,35.3,0.0,1018.8
2025-12-10 15:00:00+00:00,11.9,77,8.0,0,82.0,44.0,284.9,38.0,13.0,29.2,0.0,1018.9
2025-12-10 16:00:00+00:00,10.8,81,7.7,0,0.0,0.0,0.0,0.0,10.1,23.4,0.0,1019.9
2025-12-10 17:00:00+00:00,9.7,87,7.6,0,0.0,0.0,0.0,0.0,7.2,15.8,0.0,1020.8
2025-12-10 18:00:00+00:00,9.4,87,7.4,0,0.0,0.0,0.0,0.0,9.0,20.2,0.0,1021.5
2025-12-10 19:00:00+00:00,9.0,88,7.1,0,0.0,0.0,0.0,0.0,8.6,19.4,0.0,1022.0
2025-12-10 20:00:00+00:00,8.5,89,6.8,0,0.0,0.0,0.0,0.0,7.2,15.8,0.0,1022.4
2025-12-10 21:00:00+00:00,8.6,90,7.1,0,0.0,0.0,0.0,0.0,8.3,18.4,0.0,1022.9
2025-12-10 22:00:00+00:00,8.4,91,7.0,0,0.0,0.0,0.0,0.0,8.3,18.0,0.0,1023.1
2025-12-10 23:00:00+00:00,8.3,90,6.7,5,0.0,0.0,0.0,0.0,7.9,17.3,0.0,1023.2
2025-12-11 00:00:00+00:00,8.0,92,6.8,4,0.0,0.0,0.0,0.0,7.2,15.1,0.0,1022.9
2025-12-11 01:00:00+00:00,7.8,90,6.2,7,0.0,0.0,0.0,0.0,6.8,13.7,0.0,1022.3
2025-12-11 02:00:00+00:00,7.7,90,6.1,0,0.0,0.0,0.0,0.0,6.8,14.0,0.0,1021.7
2025-12-11 03:00:00+00:00,8.2,92,7.0,52,0.0,0.0,0.0,0.0,7.2,14.8,0.0,1021.5
2025-12-11 04:00:00+00:00,8.6,92,7.4,13,0.0,0.0,0.0,0.0,10.1,20.9,0.0,1020.7
2025-12-11 05:00:00+00:00,8.9,88,7.0,8,0.0,0.0,0.0,0.0,10.1,21.6,0.0,1020.3
2025-12-11 06:00:00+00:00,9.2,92,8.0,17,0.0,0.0,0.0,0.0,12.2,27.0,0.0,1020.0
2025-12-11 07:00:00+00:00,9.0,93,8.0,29,0.0,0.0,0.0,0.0,11.5,24.8,0.0,1019.9
2025-12-11 08:00:00+00:00,9.2,91,7.8,35,9.0,0.0,0.0,9.0,13.7,29.9,0.0,1019.2
2025-12-11 09:00:00+00:00,10.2,90,8.6,81,25.0,3.0,44.0,22.0,13.7,30.2,0.0,1019.2
2025-12-11 10:00:00+00:00,10.7,86,8.5,66,98.0,28.0,178.3,70.0,14.8,32.0,0.0,1019.0
2025-12-11 11:00:00+00:00,10.9,87,8.8,88,112.0,18.0,77.6,94.0,13.3,29.9,0.0,1018.6
2025-12-11 12:00:00+00:00,11.1,85,8.7,92,107.0,25.0,92.5,82.0,15.5,33.8,0.0,1017.9
2025-12-11 13:00:00+00:00,11.3,86,9.0,95,71.0,2.0,7.4,69.0,13.7,30.2,0.0,1017.4
2025-12-11 14:00:00+00:00,11.3,85,8.9,87,73.0,19.0,82.6,54.0,13.0,28.1,0.0,1016.9
2025-12-11 15:00:00+00:00,10.5,88,8.6,86,36.0,9.0,58.5,27.0,16.6,36.7,0.0,1016.4
2025-12-11 16:00:00+00:00,10.7,88,8.8,91,0.0,0.0,0.0,0.0,15.5,34.6,0.0,1016.2
2025-12-11 17:00:00+00:00,11.1,88,9.2,89,0.0,0.0,0.0,0.0,14.0,31.7,0.0,1016.1
2025-12-11 18:00:00+00:00,11.1,90,9.5,97,0.0,0.0,0.0,0.0,15.1,33.8,0.0,1015.4
2025-12-11 19:00:00+00:00,11.1,88,9.2,90,0.0,0.0,0.0,0.0,15.8,35.6,0.0,1015.1
2025-12-11 20:00:00+00:00,11.1,86,8.9,86,0.0,0.0,0.0,0.0,17.6,39.2,0.0,1014.8
2025-12-11 21:00:00+00:00,11.1,88,9.2,100,0.0,0.0,0.0,0.0,15.8,35.3,0.0,1014.9
2025-12-11 22:00:00+00:00,11.1,87,9.0,100,0.0,0.0,0.0,0.0,14.4,31.7,0.0,1014.8
2025-12-11 23:00:00+00:00,11.2,87,9.1,100,0.0,0.0,0.0,0.0,16.6,36.4,0.0,1014.4
2025-12-12 00:00:00+00:00,10.8,93,9.7,98,0.0,0.0,0.0,0.0,17.3,37.8,1.4,1013.9
2025-12-12 01:00:00+00:00,10.8,93,9.7,100,0.0,0.0,0.0,0.0,14.8,33.1,0.0,1013.7
2025-12-12 02:00:00+00:00,10.6,93,9.5,91,0.0,0.0,0.0,0.0,11.9,26.3,0.0,1013.2
2025-12-12 03:00:00+00:00,10.7,92,9.4,100,0.0,0.0,0.0,0.0,14.0,31.0,0.0,1014.1
2025-12-12 04:00:00+00:00,10.7,92,9.4,100,0.0,0.0,0.0,0.0,13.0,28.4,0.0,1013.9
2025-12-12 05:00:00+00:00,10.9,92,9.6,100,0.0,0.0,0.0,0.0,13.0,28.4,0.0,1013.9
2025-12-12 06:00:00+00:00,11.1,92,9.8,100,0.0,0.0,0.0,0.0,14.0,30.6,0.0,1014.3
2025-12-12 07:00:00+00:00,11.2,92,10.0,100,0.0,0.0,0.0,0.0,11.2,24.8,0.0,1014.8
2025-12-12 08:00:00+00:00,11.2,93,10.1,100,1.0,0.0,0.0,1.0,10.1,22.0,0.0,1015.2
2025-12-12 09:00:00+00:00,10.9,93,9.8,100,10.0,0.0,0.0,10.0,13.0,28.4,0.0,1015.9
2025-12-12 10:00:00+00:00,10.8,93,9.7,100,18.0,0.0,0.0,18.0,13.7,30.6,0.0,1016.4
2025-12-12 11:00:00+00:00,11.2,92,9.9,96,77.0,7.0,30.4,70.0,14.4,31.7,0.0,1016.4
2025-12-12 12:00:00+00:00,11.7,89,10.0,100,62.0,2.0,7.4,60.0,13.3,29.5,0.0,1016.6
2025-12-12 13:00:00+00:00,11.6,90,10.0,100,24.0,0.0,0.0,24.0,13.3,29.5,0.0,1016.7
2025-12-12 14:00:00+00:00,11.6,93,10.5,100,21.0,0.0,0.0,21.0,12.2,27.0,0.0,1017.0
2025-12-12 15:00:00+00:00,11.2,82,8.2,97,46.0,2.0,13.0,44.0,9.4,22.3,0.0,1018.5
2025-12-12 16:00:00+00:00,10.5,81,7.4,92,0.0,0.0,0.0,0.0,10.4,24.1,0.0,1019.4
2025-12-12 17:00:00+00:00,9.9,77,6.0,98,0.0,0.0,0.0,0.0,9.4,21.2,0.0,1020.3
2025-12-12 18:00:00+00:00,9.0,78,5.4,96,0.0,0.0,0.0,0.0,6.5,15.1,0.0,1021.5
2025-12-12 19:00:00+00:00,8.0,80,4.7,74,0.0,0.0,0.0,0.0,5.4,13.0,0.0,1022.6
2025-12-12 20:00:00+00:00,6.9,83,4.2,64,0.0,0.0,0.0,0.0,4.7,11.9,0.0,1023.7
2025-12-12 21:00:00+00:00,8.5,86,6.3,95,0.0,0.0,0.0,0.0,4.0,9.4,0.0,1024.7
2025-12-12 22:00:00+00:00,8.3,88,6.4,100,0.0,0.0,0.0,0.0,4.0,9.7,0.0,1025.3
2025-12-12 23:00:00+00:00,7.9,86,5.7,34,0.0,0.0,0.0,0.0,4.3,10.1,0.0,1025.8
2025-12-13 00:00:00+00:00,5.9,94,5.0,24,0.0,0.0,0.0,0.0,1.8,5.0,0.0,1026.0
2025-12-13 01:00:00+00:00,5.6,94,4.7,3,0.0,0.0,0.0,0.0,2.9,6.1,0.0,1026.2
2025-12-13 02:00:00+00:00,4.9,94,4.0,0,0.0,0.0,0.0,0.0,2.9,7.2,0.0,1026.7
2025-12-13 03:00:00+00:00,4.5,94,3.6,0,0.0,0.0,0.0,0.0,2.2,5.8,0.0,1027.1
2025-12-13 04:00:00+00:00,3.8,95,3.1,0,0.0,0.0,0.0,0.0,0.4,2.2,0.0,1027.3
2025-12-13 05:00:00+00:00,3.8,95,3.1,0,0.0,0.0,0.0,0.0,1.1,4.3,0.0,1027.6
2025-12-13 06:00:00+00:00,3.8,95,3.1,0,0.0,0.0,0.0,0.0,2.9,6.8,0.0,1027.9
2025-12-13 07:00:00+00:00,3.4,95,2.7,0,0.0,0.0,0.0,0.0,2.9,6.8,0.0,1028.5
2025-12-13 08:00:00+00:00,3.4,95,2.7,2,8.0,0.0,0.0,8.0,3.2,7.6,0.0,1029.2
2025-12-13 09:00:00+00:00,4.5,96,3.9,14,42.0,19.0,287.4,23.0,1.4,5.0,0.0,1029.6
2025-12-13 10:00:00+00:00,5.8,91,4.5,0,140.0,86.0,560.5,54.0,0.4,2.9,0.0,1029.8
2025-12-13 11:00:00+00:00,7.2,85,4.9,0,212.0,146.0,638.2,66.0,1.1,4.0,0.0,1029.6
2025-12-13 12:00:00+00:00,8.7,84,6.1,22,226.0,143.0,534.1,83.0,2.9,6.8,0.0,1028.7
2025-12-13 13:00:00+00:00,9.2,85,6.8,69,168.0,32.0,119.6,136.0,4.0,9.0,0.0,1028.3
2025-12-13 14:00:00+00:00,9.8,86,7.5,30,154.0,85.0,372.0,69.0,5.0,11.5,0.0,1027.9
2025-12-13 15:00:00+00:00,9.9,83,7.2,41,74.0,33.0,215.7,41.0,6.1,13.0,0.0,1027.7
2025-12-13 16:00:00+00:00,9.0,86,6.8,66,0.0,0.0,0.0,0.0,6.5,13.7,0.0,1027.8
2025-12-13 17:00:00+00:00,8.8,85,6.4,54,0.0,0.0,0.0,0.0,5.8,12.2,0.0,1027.8
2025-12-13 18:00:00+00:00,7.4,88,5.6,21,0.0,0.0,0.0,0.0,6.5,12.6,0.0,1027.4
2025-12-13 19:00:00+00:00,7.5,89,5.8,73,0.0,0.0,0.0,0.0,6.8,14.0,0.0,1027.3
2025-12-13 20:00:00+00:00,7.3,87,5.3,54,0.0,0.0,0.0,0.0,4.7,9.4,0.0,1027.2
2025-12-13 21:00:00+00:00,7.3,86,5.1,51,0.0,0.0,0.0,0.0,8.6,17.3,0.0,1027.2
2025-12-13 22:00:00+00:00,8.1,80,4.8,98,0.0,0.0,0.0,0.0,7.9,16.2,0.0,1026.8
2025-12-13 23:00:00+00:00,8.4,81,5.3,58,0.0,0.0,0.0,0.0,10.4,22.7,0.0,1026.3
2025-12-14 00:00:00+00:00,8.6,81,5.5,30,0.0,0.0,0.0,0.0,9.4,20.2,0.0,1025.5
2025-12-14 01:00:00+00:00,8.1,84,5.6,66,0.0,0.0,0.0,0.0,8.3,17.3,0.0,1025.3
2025-12-14 02:00:00+00:00,8.2,80,5.0,81,0.0,0.0,0.0,0.0,8.6,18.0,0.0,1025.0
2025-12-14 03:00:00+00:00,8.2,81,5.2,59,0.0,0.0,0.0,0.0,10.8,23.0,0.0,1024.3
2025-12-14 04:00:00+00:00,8.7,79,5.3,63,0.0,0.0,0.0,0.0,10.8,23.4,0.0,1023.4
2025-12-14 05:00:00+00:00,9.1,80,5.8,84,0.0,0.0,0.0,0.0,9.7,21.2,0.0,1023.1
2025-12-14 06:00:00+00:00,8.9,83,6.2,82,0.0,0.0,0.0,0.0,9.4,20.2,0.0,1022.4
2025-12-14 07:00:00+00:00,8.9,82,6.0,87,0.0,0.0,0.0,0.0,9.7,21.2,0.0,1022.2
2025-12-14 08:00:00+00:00,8.8,83,6.1,86,7.0,0.0,0.0,7.0,10.1,22.0,0.0,1022.0
2025-12-14 09:00:00+00:00,9.5,82,6.6,70,30.0,6.0,92.0,24.0,11.5,24.8,0.0,1021.6
2025-12-14 10:00:00+00:00,10.4,78,6.7,90,92.0,12.0,79.0,80.0,14.8,32.8,0.0,1021.4
2025-12-14 11:00:00+00:00,10.9,75,6.6,95,136.0,26.0,114.3,110.0,17.3,38.9,0.0,1020.6
2025-12-14 12:00:00+00:00,11.2,78,7.5,95,169.0,48.0,180.0,121.0,18.0,40.7,0.0,1019.5
2025-12-14 13:00:00+00:00,11.3,77,7.4,94,159.0,55.0,206.1,104.0,19.1,42.1,0.0,1018.6
2025-12-14 14:00:00+00:00,11.2,76,7.1,91,118.0,19.0,83.3,99.0,18.4,41.4,0.0,1017.9
2025-12-14 15:00:00+00:00,11.1,82,8.1,87,59.0,3.0,19.6,56.0,18.4,40.3,0.0,1017.5
2025-12-14 16:00:00+00:00,10.7,83,7.9,94,0.0,0.0,0.0,0.0,15.5,34.6,0.0,1016.6
2025-12-14 17:00:00+00:00,10.6,86,8.3,92,0.0,0.0,0.0,0.0,14.8,32.8,0.0,1015.8
2025-12-14 18:00:00+00:00,10.7,87,8.6,95,0.0,0.0,0.0,0.0,16.6,37.1,0.0,1015.3
2025-12-14 19:00:00+00:00,10.9,87,8.8,95,0.0,0.0,0.0,0.0,18.4,41.0,0.0,1014.7
2025-12-14 20:00:00+00:00,11.1,87,9.0,94,0.0,0.0,0.0,0.0,18.4,41.0,0.0,1013.9
2025-12-14 21:00:00+00:00,11.1,87,9.0,100,0.0,0.0,0.0,0.0,21.2,47.2,0.0,1013.5
2025-12-14 22:00:00+00:00,11.3,83,8.5,100,0.0,0.0,0.0,0.0,23.0,51.5,0.0,1013.0
2025-12-14 23:00:00+00:00,10.9,82,8.0,93,0.0,0.0,0.0,0.0,22.3,49.0,0.0,1012.3
2025-12-15 00:00:00+00:00,10.6,86,8.4,100,0.0,0.0,0.0,0.0,19.1,42.8,0.0,1011.5
2025-12-15 01:00:00+00:00,10.4,85,8.0,99,0.0,0.0,0.0,0.0,17.3,38.2,0.0,1010.6
2025-12-15 02:00:00+00:00,10.1,82,7.1,100,0.0,0.0,0.0,0.0,18.4,40.0,0.0,1009.8
2025-12-15 03:00:00+00:00,10.4,83,7.6,98,0.0,0.0,0.0,0.0,19.1,42.1,0.0,1009.0
2025-12-15 04:00:00+00:00,10.5,83,7.7,98,0.0,0.0,0.0,0.0,18.7,41.0,0.0,1008.2
2025-12-15 05:00:00+00:00,10.6,85,8.2,95,0.0,0.0,0.0,0.0,17.3,38.2,0.0,1007.5
2025-12-15 06:00:00+00:00,10.5,84,7.9,100,0.0,0.0,0.0,0.0,18.4,40.7,0.0,1007.0
2025-12-15 07:00:00+00:00,10.5,85,8.1,100,0.0,0.0,0.0,0.0,19.4,42.5,0.0,1006.8
2025-12-15 08:00:00+00:00,10.7,87,8.6,91,2.0,0.0,0.0,2.0,18.7,41.8,0.0,1006.7
2025-12-15 09:00:00+00:00,11.1,87,9.0,87,23.0,6.0,93.3,17.0,17.6,38.9,0.0,1006.9
2025-12-15 10:00:00+00:00,11.3,86,9.0,73,73.0,27.0,179.6,46.0,19.1,41.4,0.0,1006.9
2025-12-15 11:00:00+00:00,11.3,87,9.2,100,46.0,0.0,0.0,46.0,19.4,43.9,0.0,1006.2
2025-12-15 12:00:00+00:00,11.6,84,9.0,98,111.0,6.0,22.6,105.0,20.5,45.4,0.0,1005.3
2025-12-15 13:00:00+00:00,11.5,84,8.9,100,80.0,0.0,0.0,80.0,20.2,44.3,0.0,1004.8
2025-12-15 14:00:00+00:00,11.6,82,8.7,75,112.0,28.0,123.0,84.0,21.2,46.8,0.0,1004.5
2025-12-15 15:00:00+00:00,11.3,84,8.7,90,34.0,0.0,0.0,34.0,19.1,42.1,0.0,1004.8
2025-12-15 16:00:00+00:00,11.2,85,8.7,100,0.0,0.0,0.0,0.0,19.1,41.8,0.0,1004.6
2025-12-15 17:00:00+00:00,11.1,86,8.9,98,0.0,0.0,0.0,0.0,18.0,39.2,0.0,1004.2
2025-12-15 18:00:00+00:00,11.0,88,9.1,48,0.0,0.0,0.0,0.0,17.6,39.2,0.0,1003.8
2025-12-15 19:00:00+00:00,10.8,88,8.9,66,0.0,0.0,0.0,0.0,17.6,38.9,0.0,1003.8
2025-12-15 20:00:00+00:00,10.9,86,8.7,64,0.0,0.0,0.0,0.0,17.6,39.2,0.0,1003.9
2025-12-15 21:00:00+00:00,11.3,82,8.3,100,0.0,0.0,0.0,0.0,19.1,42.5,0.0,1003.0
2025-12-15 22:00:00+00:00,11.3,86,9.1,99,0.0,0.0,0.0,0.0,21.6,47.9,0.0,1002.6
2025-12-15 23:00:00+00:00,11.4,85,9.0,100,0.0,0.0,0.0,0.0,21.6,47.9,0.0,1002.1
2025-12-16 00:00:00+00:00,11.4,87,9.3,100,0.0,0.0,0.0,0.0,22.7,50.0,0.0,1001.6
2025-12-16 01:00:00+00:00,11.6,88,9.7,99,0.0,0.0,0.0,0.0,21.2,47.2,0.0,1001.7
2025-12-16 02:00:00+00:00,10.6,86,8.4,100,0.0,0.0,0.0,0.0,20.2,44.3,0.0,1002.1
2025-12-16 03:00:00+00:00,10.0,97,9.5,100,0.0,0.0,0.0,0.0,7.6,17.6,1.1,1006.1
2025-12-16 04:00:00+00:00,9.9,95,9.1,100,0.0,0.0,0.0,0.0,8.6,19.4,0.7,1006.4
2025-12-16 05:00:00+00:00,9.0,93,8.0,100,0.0,0.0,0.0,0.0,12.6,27.4,0.6,1007.1
2025-12-16 06:00:00+00:00,8.7,88,6.9,99,0.0,0.0,0.0,0.0,12.2,27.4,0.0,1008.4
2025-12-16 07:00:00+00:00,8.2,87,6.2,100,0.0,0.0,0.0,0.0,9.0,20.2,0.0,1009.6
2025-12-16 08:00:00+00:00,8.0,86,5.8,100,2.0,0.0,0.0,2.0,11.2,24.1,0.0,1010.9
2025-12-16 09:00:00+00:00,8.2,85,5.8,95,15.0,1.0,15.7,14.0,9.4,20.2,0.0,1012.2
2025-12-16 10:00:00+00:00,8.3,82,5.4,94,65.0,5.0,33.6,60.0,10.1,22.0,0.0,1013.0
2025-12-16 11:00:00+00:00,8.7,80,5.5,88,133.0,13.0,57.8,120.0,10.4,22.7,0.0,1013.1
2025-12-16 12:00:00+00:00,9.7,74,5.3,84,159.0,41.0,154.9,118.0,11.5,25.2,0.0,1012.9
2025-12-16 13:00:00+00:00,10.0,72,5.2,98,130.0,7.0,26.4,123.0,10.1,22.7,0.0,1013.4
2025-12-16 14:00:00+00:00,10.0,72,5.2,96,69.0,2.0,8.8,67.0,9.4,20.9,0.0,1014.0
2025-12-16 15:00:00+00:00,9.7,73,5.1,47,70.0,23.0,150.5,47.0,10.1,22.7,0.0,1013.4
2025-12-16 16:00:00+00:00,8.9,78,5.3,76,0.0,0.0,0.0,0.0,7.9,18.0,0.0,1014.1
2025-12-16 17:00:00+00:00,8.3,81,5.3,70,0.0,0.0,0.0,0.0,9.4,20.9,0.0,1014.7
2025-12-16 18:00:00+00:00,7.5,86,5.3,25,0.0,0.0,0.0,0.0,7.6,17.3,0.0,1015.2
2025-12-16 19:00:00+00:00,7.1,86,4.9,55,0.0,0.0,0.0,0.0,7.6,18.0,0.0,1015.7
2025-12-16 20:00:00+00:00,6.6,88,4.8,36,0.0,0.0,0.0,0.0,6.8,15.8,0.0,1016.4
2025-12-16 21:00:00+00:00,6.0,88,4.1,0,0.0,0.0,0.0,0.0,7.6,17.6,0.0,1017.2
2025-12-16 22:00:00+00:00,5.4,89,3.7,0,0.0,0.0,0.0,0.0,6.8,16.6,0.0,1017.8
2025-12-16 23:00:00+00:00,4.7,92,3.5,11,0.0,0.0,0.0,0.0,6.1,14.0,0.0,1017.9
2025-12-17 00:00:00+00:00,4.3,91,2.9,3,0.0,0.0,0.0,0.0,6.1,14.0,0.0,1017.6
2025-12-17 01:00:00+00:00,3.4,92,2.3,2,0.0,0.0,0.0,0.0,4.7,10.8,0.0,1017.9
2025-12-17 02:00:00+00:00,2.9,92,1.8,1,0.0,0.0,0.0,0.0,4.0,10.1,0.0,1018.3
2025-12-17 03:00:00+00:00,2.7,94,1.8,1,0.0,0.0,0.0,0.0,4.0,10.1,0.0,1017.8
2025-12-17 04:00:00+00:00,2.0,95,1.3,18,0.0,0.0,0.0,0.0,2.5,6.5,0.0,1017.9
2025-12-17 05:00:00+00:00,1.9,96,1.4,73,0.0,0.0,0.0,0.0,2.9,6.8,0.0,1018.1
2025-12-17 06:00:00+00:00,2.2,95,1.5,77,0.0,0.0,0.0,0.0,4.7,11.2,0.0,1018.4
2025-12-17 07:00:00+00:00,3.0,92,1.8,92,0.0,0.0,0.0,0.0,5.0,10.4,0.0,1018.3
2025-12-17 08:00:00+00:00,4.1,94,3.2,97,5.0,0.0,0.0,5.0,6.5,13.7,0.0,1018.5
2025-12-17 09:00:00+00:00,6.0,88,4.2,97,21.0,1.0,15.9,20.0,5.8,10.4,0.0,1018.3
2025-12-17 10:00:00+00:00,7.9,85,5.6,98,60.0,2.0,13.5,58.0,8.6,18.0,0.0,1017.7
2025-12-17 11:00:00+00:00,9.6,81,6.5,98,77.0,0.0,0.0,77.0,12.6,27.4,0.0,1017.4
2025-12-17 12:00:00+00:00,10.0,75,5.8,100,41.0,0.0,0.0,41.0,16.6,36.4,0.0,1016.5
2025-12-17 13:00:00+00:00,10.0,74,5.6,100,42.0,0.0,0.0,42.0,16.6,36.4,0.0,1015.6
2025-12-17 14:00:00+00:00,10.2,74,5.8,100,23.0,0.0,0.0,23.0,19.4,43.6,0.0,1014.9
2025-12-17 15:00:00+00:00,10.3,74,5.9,100,11.0,0.0,0.0,11.0,20.9,46.1,0.0,1014.4
2025-12-17 16:00:00+00:00,10.4,78,6.7,100,0.0,0.0,0.0,0.0,21.2,46.8,0.0,1014.0
2025-12-17 17:00:00+00:00,10.5,79,7.0,100,0.0,0.0,0.0,0.0,22.0,48.6,0.0,1013.5
2025-12-17 18:00:00+00:00,10.3,83,7.5,99,0.0,0.0,0.0,0.0,24.5,54.0,0.0,1012.7
2025-12-17 19:00:00+00:00,10.2,89,8.4,100,0.0,0.0,0.0,0.0,28.1,62.3,0.2,1012.2
2025-12-17 20:00:00+00:00,10.2,89,8.4,100,0.0,0.0,0.0,0.0,29.9,65.5,0.3,1011.5
2025-12-17 21:00:00+00:00,10.4,86,8.1,100,0.0,0.0,0.0,0.0,24.1,53.3,0.1,1011.1
2025-12-17 22:00:00+00:00,10.6,86,8.3,100,0.0,0.0,0.0,0.0,26.6,59.8,0.1,1010.8
2025-12-17 23:00:00+00:00,10.8,87,8.7,100,0.0,0.0,0.0,0.0,26.3,58.3,0.2,1010.0
2025-12-18 00:00:00+00:00,10.6,93,9.5,100,0.0,0.0,0.0,0.0,28.1,62.6,1.9,1009.5
2025-12-18 01:00:00+00:00,10.7,94,9.8,100,0.0,0.0,0.0,0.0,27.4,60.8,4.4,1009.3
2025-12-18 02:00:00+00:00,11.0,95,10.3,100,0.0,0.0,0.0,0.0,25.6,58.0,1.7,1009.5
2025-12-18 03:00:00+00:00,11.2,98,10.9,100,0.0,0.0,0.0,0.0,23.4,53.3,0.4,1009.1
2025-12-18 04:00:00+00:00,11.2,97,10.8,100,0.0,0.0,0.0,0.0,11.5,25.6,0.0,1008.9
2025-12-18 05:00:00+00:00,11.0,97,10.5,100,0.0,0.0,0.0,0.0,10.1,22.0,0.0,1009.1
2025-12-18 06:00:00+00:00,10.7,98,10.4,100,0.0,0.0,0.0,0.0,8.3,18.4,0.0,1009.3
2025-12-18 07:00:00+00:00,10.8,99,10.7,98,0.0,0.0,0.0,0.0,10.4,23.0,0.0,1009.4
2025-12-18 08:00:00+00:00,11.3,97,10.9,100,1.0,0.0,0.0,1.0,11.2,24.1,0.0,1009.6
2025-12-18 09:00:00+00:00,11.0,97,10.6,100,2.0,0.0,0.0,2.0,19.4,42.8,0.0,1007.2
2025-12-18 10:00:00+00:00,11.2,95,10.4,100,10.0,0.0,0.0,10.0,24.5,53.6,0.5,1006.0
2025-12-18 11:00:00+00:00,11.4,94,10.5,100,19.0,0.0,0.0,19.0,29.2,64.1,0.2,1004.1
2025-12-18 12:00:00+00:00,11.4,93,10.3,100,6.0,0.0,0.0,6.0,33.5,74.2,1.4,1002.6
2025-12-18 13:00:00+00:00,11.4,92,10.1,100,18.0,0.0,0.0,18.0,35.6,78.5,3.2,1001.0
2025-12-18 14:00:00+00:00,11.9,77,8.0,100,9.0,0.0,0.0,9.0,35.6,78.5,0.0,999.7
2025-12-18 15:00:00+00:00,11.1,85,8.7,100,4.0,0.0,0.0,4.0,31.3,68.8,2.6,999.5
2025-12-18 16:00:00+00:00,11.4,89,9.7,100,0.0,0.0,0.0,0.0,38.9,86.0,2.8,998.9
2025-12-18 17:00:00+00:00,11.9,88,10.0,100,0.0,0.0,0.0,0.0,42.8,95.4,0.2,998.4
2025-12-18 18:00:00+00:00,12.2,89,10.4,100,0.0,0.0,0.0,0.0,31.7,71.3,0.0,1000.1
2025-12-18 19:00:00+00:00,11.5,87,9.4,100,0.0,0.0,0.0,0.0,22.0,49.0,0.0,1001.6
2025-12-18 20:00:00+00:00,11.0,87,8.9,100,0.0,0.0,0.0,0.0,19.8,44.3,0.0,1002.6
2025-12-18 21:00:00+00:00,11.4,94,10.5,100,0.0,0.0,0.0,0.0,17.3,39.2,1.2,1003.4
2025-12-18 22:00:00+00:00,11.0,89,9.3,100,0.0,0.0,0.0,0.0,15.1,34.9,0.0,1004.8
2025-12-18 23:00:00+00:00,9.7,89,8.0,68,0.0,0.0,0.0,0.0,13.7,32.0,0.0,1006.5
2025-12-19 00:00:00+00:00,9.2,83,6.5,80,0.0,0.0,0.0,0.0,14.0,32.0,0.0,1008.1
2025-12-19 01:00:00+00:00,8.4,82,5.5,100,0.0,0.0,0.0,0.0,10.8,24.8,0.0,1009.4
2025-12-19 02:00:00+00:00,7.8,82,4.9,96,0.0,0.0,0.0,0.0,9.4,21.2,0.0,1010.7
2025-12-19 03:00:00+00:00,6.9,84,4.4,73,0.0,0.0,0.0,0.0,8.3,18.4,0.0,1012.1
2025-12-19 04:00:00+00:00,6.9,81,3.9,64,0.0,0.0,0.0,0.0,10.1,22.3,0.0,1012.8
2025-12-19 05:00:00+00:00,6.8,79,3.4,67,0.0,0.0,0.0,0.0,9.7,22.0,0.0,1013.3
2025-12-19 06:00:00+00:00,6.8,79,3.4,59,0.0,0.0,0.0,0.0,7.6,16.6,0.0,1014.2
2025-12-19 07:00:00+00:00,6.6,80,3.4,20,0.0,0.0,0.0,0.0,7.9,16.9,0.0,1015.0
2025-12-19 08:00:00+00:00,6.4,83,3.8,5,4.0,0.0,0.0,4.0,8.3,18.0,0.0,1016.0
2025-12-19 09:00:00+00:00,7.1,81,4.0,2,37.0,16.0,260.5,21.0,6.8,15.1,0.0,1017.1
2025-12-19 10:00:00+00:00,8.3,78,4.7,0,132.0,80.0,550.5,52.0,11.9,26.3,0.0,1017.9
2025-12-19 11:00:00+00:00,9.4,74,5.0,0,206.0,140.0,630.1,66.0,12.2,27.4,0.0,1018.1
2025-12-19 12:00:00+00:00,10.1,72,5.3,0,239.0,170.0,646.6,69.0,13.7,31.7,0.0,1017.7
2025-12-19 13:00:00+00:00,10.6,69,5.2,0,227.0,161.0,608.2,66.0,13.0,29.9,0.0,1017.9
2025-12-19 14:00:00+00:00,10.5,70,5.2,0,172.0,116.0,509.8,56.0,11.5,26.3,0.0,1018.2
2025-12-19 15:00:00+00:00,10.0,76,6.0,8,81.0,24.0,156.0,57.0,7.6,17.6,0.0,1018.6
2025-12-19 16:00:00+00:00,8.8,81,5.7,5,0.0,0.0,0.0,0.0,7.2,16.2,0.0,1018.8
2025-12-19 17:00:00+00:00,8.2,81,5.1,1,0.0,0.0,0.0,0.0,8.3,18.0,0.0,1019.0
2025-12-19 18:00:00+00:00,7.6,87,5.6,73,0.0,0.0,0.0,0.0,6.5,13.0,0.0,1019.2
2025-12-19 19:00:00+00:00,6.8,92,5.6,2,0.0,0.0,0.0,0.0,5.8,11.2,0.0,1019.3
2025-12-19 20:00:00+00:00,6.7,91,5.3,33,0.0,0.0,0.0,0.0,3.2,6.8,0.0,1019.2
2025-12-19 21:00:00+00:00,5.3,95,4.5,8,0.0,0.0,0.0,0.0,3.2,6.5,0.0,1018.9
2025-12-19 22:00:00+00:00,5.6,96,5.0,51,0.0,0.0,0.0,0.0,1.1,2.2,0.0,1018.6
2025-12-19 23:00:00+00:00,5.7,95,4.9,23,0.0,0.0,0.0,0.0,3.6,6.5,0.0,1018.1
2025-12-20 00:00:00+00:00,5.8,95,5.1,1,0.0,0.0,0.0,0.0,4.7,9.7,0.0,1017.6
2025-12-20 01:00:00+00:00,6.0,93,5.0,6,0.0,0.0,0.0,0.0,5.8,11.9,0.0,1017.2
2025-12-20 02:00:00+00:00,8.3,82,5.4,69,0.0,0.0,0.0,0.0,13.7,29.9,0.0,1016.5
2025-12-20 03:00:00+00:00,7.1,92,5.9,45,0.0,0.0,0.0,0.0,6.1,13.3,0.0,1015.7
2025-12-20 04:00:00+00:00,7.7,92,6.5,47,0.0,0.0,0.0,0.0,7.6,16.2,0.0,1014.9
2025-12-20 05:00:00+00:00,7.5,87,5.5,5,0.0,0.0,0.0,0.0,9.4,19.4,0.0,1014.3
2025-12-20 06:00:00+00:00,7.5,90,5.9,2,0.0,0.0,0.0,0.0,8.6,19.1,0.2,1013.6
2025-12-20 07:00:00+00:00,7.3,88,5.4,2,0.0,0.0,0.0,0.0,9.0,19.8,0.0,1013.4
2025-12-20 08:00:00+00:00,7.3,84,4.8,13,4.0,0.0,0.0,4.0,11.2,24.5,0.0,1013.1
2025-12-20 09:00:00+00:00,7.4,89,5.7,2,37.0,15.0,246.6,22.0,8.6,19.4,0.0,1012.4
2025-12-20 10:00:00+00:00,8.2,87,6.2,12,126.0,69.0,478.1,57.0,10.4,23.0,0.0,1011.8
2025-12-20 11:00:00+00:00,8.9,79,5.5,1,207.0,142.0,641.2,65.0,11.9,26.3,0.0,1010.8
2025-12-20 12:00:00+00:00,9.6,74,5.2,65,164.0,83.0,316.2,81.0,14.0,31.0,0.0,1009.8
2025-12-20 13:00:00+00:00,9.8,69,4.4,85,105.0,10.0,37.8,95.0,14.8,33.5,0.0,1008.9
2025-12-20 14:00:00+00:00,9.7,65,3.4,32,164.0,97.0,425.7,67.0,16.9,37.4,0.0,1008.2
2025-12-20 15:00:00+00:00,9.5,72,4.7,26,76.0,29.0,187.8,47.0,15.5,34.6,0.0,1008.0
2025-12-20 16:00:00+00:00,9.1,79,5.6,67,0.0,0.0,0.0,0.0,12.2,28.1,0.0,1007.3
2025-12-20 17:00:00+00:00,9.0,82,6.1,65,0.0,0.0,0.0,0.0,14.0,32.0,0.0,1006.7
2025-12-20 18:00:00+00:00,9.5,85,7.1,100,0.0,0.0,0.0,0.0,20.2,44.6,0.0,1006.2
2025-12-20 19:00:00+00:00,9.5,85,7.1,92,0.0,0.0,0.0,0.0,20.2,45.4,0.0,1006.1
2025-12-20 20:00:00+00:00,9.5,83,6.7,95,0.0,0.0,0.0,0.0,18.7,42.1,0.0,1005.6
2025-12-20 21:00:00+00:00,9.3,93,8.2,99,0.0,0.0,0.0,0.0,22.7,50.4,0.3,1005.2
2025-12-20 22:00:00+00:00,9.6,93,8.6,100,0.0,0.0,0.0,0.0,18.4,41.8,0.0,1004.9
2025-12-20 23:00:00+00:00,9.8,90,8.3,100,0.0,0.0,0.0,0.0,15.5,34.6,0.0,1004.8
2025-12-21 00:00:00+00:00,9.6,94,8.7,97,0.0,0.0,0.0,0.0,11.9,26.6,0.7,1004.8
2025-12-21 01:00:00+00:00,9.3,94,8.4,68,0.0,0.0,0.0,0.0,9.4,20.5,0.0,1005.0
2025-12-21 02:00:00+00:00,9.1,94,8.2,70,0.0,0.0,0.0,0.0,7.2,15.8,0.0,1005.4
2025-12-21 03:00:00+00:00,9.2,92,7.9,98,0.0,0.0,0.0,0.0,7.6,16.6,0.0,1006.1
2025-12-21 04:00:00+00:00,9.4,93,8.3,100,0.0,0.0,0.0,0.0,7.6,17.3,0.0,1006.1
2025-12-21 05:00:00+00:00,9.3,94,8.4,95,0.0,0.0,0.0,0.0,5.0,11.2,0.0,1006.1
2025-12-21 06:00:00+00:00,8.5,95,7.8,88,0.0,0.0,0.0,0.0,5.0,11.2,0.0,1006.4
2025-12-21 07:00:00+00:00,8.5,95,7.7,97,0.0,0.0,0.0,0.0,6.5,15.5,0.0,1006.9
2025-12-21 08:00:00+00:00,8.7,94,7.8,98,2.0,0.0,0.0,2.0,8.3,19.4,0.0,1007.0
2025-12-21 09:00:00+00:00,8.7,92,7.5,82,28.0,5.0,82.9,23.0,8.3,19.1,0.0,1007.0
2025-12-21 10:00:00+00:00,9.5,91,8.1,98,50.0,0.0,0.0,50.0,10.1,23.0,0.0,1007.1
2025-12-21 11:00:00+00:00,10.0,92,8.8,100,84.0,4.0,18.1,80.0,9.4,21.2,0.0,1007.0
2025-12-21 12:00:00+00:00,10.6,89,8.8,98,110.0,10.0,38.1,100.0,12.2,28.4,0.0,1006.3
2025-12-21 13:00:00+00:00,10.6,84,8.0,100,98.0,0.0,0.0,98.0,13.7,31.0,0.0,1006.0
2025-12-21 14:00:00+00:00,10.5,82,7.6,100,70.0,3.0,13.1,67.0,14.0,32.4,0.0,1006.2
2025-12-21 15:00:00+00:00,10.2,85,7.8,100,29.0,0.0,0.0,29.0,13.7,31.7,0.0,1005.5
2025-12-21 16:00:00+00:00,9.9,88,8.0,100,0.0,0.0,0.0,0.0,14.0,32.8,0.0,1005.3
2025-12-21 17:00:00+00:00,9.6,91,8.2,100,0.0,0.0,0.0,0.0,13.3,29.9,0.0,1004.6
2025-12-21 18:00:00+00:00,9.8,89,8.1,100,0.0,0.0,0.0,0.0,14.0,32.0,0.0,1004.2
2025-12-21 19:00:00+00:00,9.9,93,8.8,100,0.0,0.0,0.0,0.0,17.3,39.6,0.5,1003.8
2025-12-21 20:00:00+00:00,10.7,94,9.8,100,0.0,0.0,0.0,0.0,17.6,40.7,1.0,1003.7
2025-12-21 21:00:00+00:00,10.6,94,9.7,100,0.0,0.0,0.0,0.0,20.2,46.4,0.7,1002.9
2025-12-21 22:00:00+00:00,10.8,94,9.9,100,0.0,0.0,0.0,0.0,20.2,46.8,0.7,1002.7
2025-12-21 23:00:00+00:00,10.7,93,9.6,100,0.0,0.0,0.0,0.0,16.6,38.2,0.8,1002.5
2025-12-22 00:00:00+00:00,10.8,91,9.4,100,0.0,0.0,0.0,0.0,20.9,49.0,0.2,1002.0
2025-12-22 01:00:00+00:00,11.2,88,9.3,100,0.0,0.0,0.0,0.0,23.0,54.0,0.0,1001.7
2025-12-22 02:00:00+00:00,11.3,87,9.2,100,0.0,0.0,0.0,0.0,22.0,50.8,0.0,1001.8
2025-12-22 03:00:00+00:00,11.3,87,9.2,98,0.0,0.0,0.0,0.0,19.8,46.1,0.0,1002.7
2025-12-22 04:00:00+00:00,11.1,88,9.2,100,0.0,0.0,0.0,0.0,16.6,37.4,0.0,1003.0
2025-12-22 05:00:00+00:00,11.0,89,9.3,100,0.0,0.0,0.0,0.0,12.2,28.1,0.0,1003.2
2025-12-22 06:00:00+00:00,10.8,90,9.3,100,0.0,0.0,0.0,0.0,8.6,20.9,0.0,1004.4
2025-12-22 07:00:00+00:00,9.9,90,8.3,95,0.0,0.0,0.0,0.0,6.8,15.8,0.0,1004.6
2025-12-22 08:00:00+00:00,10.0,89,8.3,100,2.0,0.0,0.0,2.0,6.5,14.8,0.0,1005.7
2025-12-22 09:00:00+00:00,9.3,85,6.9,95,28.0,2.0,33.4,26.0,7.6,16.9,0.0,1007.4
2025-12-22 10:00:00+00:00,9.8,84,7.3,29,115.0,65.0,455.5,50.0,6.8,15.8,0.0,1007.6
2025-12-22 11:00:00+00:00,10.5,81,7.4,26,186.0,128.0,580.7,58.0,9.4,20.9,0.0,1007.5
2025-12-22 12:00:00+00:00,10.7,78,7.0,81,167.0,65.0,248.0,102.0,13.3,30.2,0.0,1007.5
2025-12-22 13:00:00+00:00,10.5,78,6.9,100,72.0,0.0,0.0,72.0,10.4,24.5,0.0,1007.9
2025-12-22 14:00:00+00:00,10.7,79,7.2,100,53.0,0.0,0.0,53.0,9.7,23.0,0.0,1007.9
2025-12-22 15:00:00+00:00,10.1,76,6.1,100,54.0,1.0,6.4,53.0,12.6,28.8,0.0,1007.9
2025-12-22 16:00:00+00:00,10.0,80,6.7,100,0.0,0.0,0.0,0.0,10.4,24.5,0.0,1008.4
2025-12-22 17:00:00+00:00,10.0,81,6.9,98,0.0,0.0,0.0,0.0,10.1,23.8,0.0,1008.9
2025-12-22 18:00:00+00:00,9.8,84,7.3,100,0.0,0.0,0.0,0.0,8.6,20.5,0.0,1009.4
2025-12-22 19:00:00+00:00,9.8,84,7.3,99,0.0,0.0,0.0,0.0,9.7,22.7,0.0,1009.7
2025-12-22 20:00:00+00:00,9.8,89,8.1,92,0.0,0.0,0.0,0.0,10.1,23.4,0.0,1010.3
2025-12-22 21:00:00+00:00,10.3,86,8.0,100,0.0,0.0,0.0,0.0,10.1,23.0,0.0,1010.9
2025-12-22 22:00:00+00:00,10.3,87,8.2,100,0.0,0.0,0.0,0.0,11.5,26.6,0.0,1011.2
2025-12-22 23:00:00+00:00,10.3,87,8.3,100,0.0,0.0,0.0,0.0,13.0,29.5,0.0,1011.2
2025-12-23 00:00:00+00:00,10.7,87,8.6,100,0.0,0.0,0.0,0.0,11.9,27.4,0.0,1011.4
2025-12-23 01:00:00+00:00,10.4,87,8.4,100,0.0,0.0,0.0,0.0,10.8,24.8,0.0,1011.9
2025-12-23 02:00:00+00:00,10.2,88,8.3,99,0.0,0.0,0.0,0.0,11.2,25.2,0.0,1012.3
2025-12-23 03:00:00+00:00,9.9,90,8.3,94,0.0,0.0,0.0,0.0,11.2,25.6,0.0,1012.4
2025-12-23 04:00:00+00:00,9.6,90,8.0,97,0.0,0.0,0.0,0.0,11.2,25.9,0.0,1012.5
2025-12-23 05:00:00+00:00,9.1,92,7.8,95,0.0,0.0,0.0,0.0,13.3,30.2,0.0,1012.7
2025-12-23 06:00:00+00:00,8.6,91,7.2,98,0.0,0.0,0.0,0.0,14.0,32.0,0.0,1013.3
2025-12-23 07:00:00+00:00,8.6,91,7.2,100,0.0,0.0,0.0,0.0,15.5,35.6,0.0,1014.1
2025-12-23 08:00:00+00:00,8.7,90,7.1,100,2.0,0.0,0.0,2.0,13.7,30.6,0.0,1015.1
2025-12-23 09:00:00+00:00,8.6,90,7.1,96,22.0,1.0,16.8,21.0,12.6,28.4,0.0,1016.0
2025-12-23 10:00:00+00:00,8.7,85,6.3,90,85.0,18.0,126.7,67.0,12.2,28.1,0.0,1017.0
2025-12-23 11:00:00+00:00,9.0,78,5.4,73,162.0,72.0,327.2,90.0,14.0,32.0,0.0,1017.6
2025-12-23 12:00:00+00:00,8.9,76,4.9,100,119.0,3.0,11.4,116.0,14.0,32.0,0.0,1017.8
2025-12-23 13:00:00+00:00,8.6,74,4.3,98,126.0,8.0,30.2,118.0,15.8,35.6,0.0,1018.2
2025-12-23 14:00:00+00:00,7.9,75,3.7,97,95.0,4.0,17.4,91.0,19.1,42.1,0.0,1019.0
2025-12-23 15:00:00+00:00,7.4,73,2.9,99,33.0,0.0,0.0,33.0,15.8,36.4,0.0,1019.0
2025-12-23 16:00:00+00:00,7.1,72,2.4,100,0.0,0.0,0.0,0.0,16.6,37.1,0.0,1019.8
2025-12-23 17:00:00+00:00,6.9,74,2.6,99,0.0,0.0,0.0,0.0,17.6,40.3,0.0,1020.4
2025-12-23 18:00:00+00:00,6.6,74,2.3,100,0.0,0.0,0.0,0.0,17.3,39.2,0.0,1021.0
2025-12-23 19:00:00+00:00,6.5,76,2.6,100,0.0,0.0,0.0,0.0,18.0,41.0,0.0,1021.8
2025-12-23 20:00:00+00:00,6.3,77,2.5,100,0.0,0.0,0.0,0.0,18.0,41.0,0.0,1022.6
2025-12-23 21:00:00+00:00,6.1,79,2.7,100,0.0,0.0,0.0,0.0,17.3,39.6,0.0,1023.2
2025-12-23 22:00:00+00:00,5.9,79,2.5,100,0.0,0.0,0.0,0.0,17.3,39.2,0.0,1023.8
2025-12-23 23:00:00+00:00,5.8,79,2.5,100,0.0,0.0,0.0,0.0,16.6,38.2,0.0,1024.3
2025-12-24 00:00:00+00:00,5.7,78,2.1,100,0.0,0.0,0.0,0.0,17.6,40.7,0.0,1024.9
2025-12-24 01:00:00+00:00,5.5,76,1.6,100,0.0,0.0,0.0,0.0,18.4,42.1,0.0,1025.7
2025-12-24 02:00:00+00:00,5.3,76,1.4,100,0.0,0.0,0.0,0.0,20.5,46.8,0.0,1026.4
2025-12-24 03:00:00+00:00,5.0,78,1.5,100,0.0,0.0,0.0,0.0,19.1,43.9,0.0,1026.8
2025-12-24 04:00:00+00:00,4.9,77,1.2,100,0.0,0.0,0.0,0.0,19.8,45.4,0.0,1027.1
2025-12-24 05:00:00+00:00,4.7,77,1.0,100,0.0,0.0,0.0,0.0,20.5,47.2,0.0,1027.5
2025-12-24 06:00:00+00:00,4.7,76,0.9,98,0.0,0.0,0.0,0.0,21.6,49.7,0.0,1027.9
2025-12-24 07:00:00+00:00,4.7,74,0.4,89,0.0,0.0,0.0,0.0,22.7,51.5,0.0,1028.8
2025-12-24 08:00:00+00:00,4.0,71,-0.8,67,2.0,0.0,0.0,2.0,22.7,51.8,0.0,1030.0
2025-12-24 09:00:00+00:00,4.2,70,-0.8,93,23.0,0.0,0.0,23.0,21.2,48.6,0.0,1031.1
2025-12-24 10:00:00+00:00,4.2,67,-1.4,41,112.0,56.0,395.7,56.0,19.8,45.7,0.0,1031.8
2025-12-24 11:00:00+00:00,4.6,63,-1.8,31,192.0,99.0,450.3,93.0,19.4,45.4,0.0,1031.9
2025-12-24 12:00:00+00:00,5.2,57,-2.6,5,248.0,174.0,663.5,74.0,19.4,44.6,0.0,1031.7
2025-12-24 13:00:00+00:00,5.5,53,-3.4,0,239.0,172.0,647.2,67.0,22.7,51.5,0.0,1031.5
2025-12-24 14:00:00+00:00,5.2,52,-3.9,0,184.0,126.0,547.3,58.0,23.0,52.6,0.0,1031.6
2025-12-24 15:00:00+00:00,4.6,60,-2.5,2,90.0,52.0,329.0,38.0,22.3,50.8,0.0,1031.8
2025-12-24 16:00:00+00:00,4.1,62,-2.5,0,0.0,0.0,0.0,0.0,23.8,53.3,0.0,1031.9
2025-12-24 17:00:00+00:00,3.6,63,-2.8,0,0.0,0.0,0.0,0.0,24.5,55.8,0.0,1032.1
2025-12-24 18:00:00+00:00,3.2,64,-3.0,0,0.0,0.0,0.0,0.0,28.1,63.0,0.0,1032.1
2025-12-24 19:00:00+00:00,2.7,66,-3.0,0,0.0,0.0,0.0,0.0,27.4,60.8,0.0,1032.2
2025-12-24 20:00:00+00:00,2.8,67,-2.7,0,0.0,0.0,0.0,0.0,24.8,55.4,0.0,1032.1
2025-12-24 21:00:00+00:00,3.0,69,-2.1,1,0.0,0.0,0.0,0.0,25.6,57.2,0.0,1031.8
2025-12-24 22:00:00+00:00,3.1,69,-2.1,8,0.0,0.0,0.0,0.0,24.5,54.4,0.0,1031.6
2025-12-24 23:00:00+00:00,3.1,70,-1.8,0,0.0,0.0,0.0,0.0,24.8,55.4,0.0,1031.1
2025-12-25 00:00:00+00:00,2.9,72,-1.6,9,0.0,0.0,0.0,0.0,23.0,51.8,0.0,1030.7
2025-12-25 01:00:00+00:00,2.8,73,-1.5,16,0.0,0.0,0.0,0.0,22.7,50.0,0.0,1030.3
2025-12-25 02:00:00+00:00,3.0,71,-1.8,37,0.0,0.0,0.0,0.0,23.8,52.6,0.0,1029.6
2025-12-25 03:00:00+00:00,3.0,68,-2.4,24,0.0,0.0,0.0,0.0,21.6,49.0,0.0,1028.8
2025-12-25 04:00:00+00:00,2.8,68,-2.5,13,0.0,0.0,0.0,0.0,25.6,57.6,0.0,1028.1
2025-12-25 05:00:00+00:00,2.6,68,-2.7,21,0.0,0.0,0.0,0.0,27.0,60.8,0.0,1027.9
2025-12-25 06:00:00+00:00,2.4,71,-2.3,5,0.0,0.0,0.0,0.0,27.7,62.3,0.0,1027.2
2025-12-25 07:00:00+00:00,2.3,73,-2.0,9,0.0,0.0,0.0,0.0,24.8,56.9,0.0,1027.3
2025-12-25 08:00:00+00:00,2.3,73,-2.0,2,3.0,0.0,0.0,3.0,25.6,57.2,0.0,1027.0
2025-12-25 09:00:00+00:00,2.6,69,-2.5,0,36.0,15.0,255.1,21.0,25.6,58.0,0.0,1027.6
2025-12-25 10:00:00+00:00,3.3,65,-2.7,0,130.0,79.0,559.9,51.0,23.8,53.6,0.0,1027.5
2025-12-25 11:00:00+00:00,4.1,58,-3.5,0,206.0,140.0,637.1,66.0,22.7,52.2,0.0,1027.1
2025-12-25 12:00:00+00:00,4.9,52,-4.2,0,241.0,172.0,655.3,69.0,20.9,48.6,0.0,1026.8
2025-12-25 13:00:00+00:00,5.3,46,-5.4,0,232.0,166.0,623.3,66.0,23.0,53.6,0.0,1026.3
2025-12-25 14:00:00+00:00,5.2,49,-4.7,0,177.0,120.0,519.2,57.0,22.7,52.2,0.0,1026.1
2025-12-25 15:00:00+00:00,4.7,49,-5.1,0,89.0,49.0,307.8,40.0,21.6,49.7,0.0,1026.0
2025-12-25 16:00:00+00:00,3.9,56,-4.1,0,0.0,0.0,0.0,0.0,20.9,47.2,0.0,1025.8
2025-12-25 17:00:00+00:00,3.3,62,-3.3,0,0.0,0.0,0.0,0.0,19.1,43.2,0.0,1025.8
2025-12-25 18:00:00+00:00,2.7,73,-1.6,12,0.0,0.0,0.0,0.0,18.4,41.8,0.0,1026.1
2025-12-25 19:00:00+00:00,2.9,75,-1.1,89,0.0,0.0,0.0,0.0,15.1,34.9,0.0,1026.6
2025-12-25 20:00:00+00:00,2.7,76,-1.1,83,0.0,0.0,0.0,0.0,18.7,43.2,0.0,1026.7
2025-12-25 21:00:00+00:00,2.4,76,-1.4,28,0.0,0.0,0.0,0.0,17.6,41.0,0.0,1027.1
2025-12-25 22:00:00+00:00,2.0,74,-2.1,16,0.0,0.0,0.0,0.0,14.8,33.8,0.0,1027.3
2025-12-25 23:00:00+00:00,1.5,75,-2.4,2,0.0,0.0,0.0,0.0,14.0,32.0,0.0,1027.4
2025-12-26 00:00:00+00:00,1.3,76,-2.4,0,0.0,0.0,0.0,0.0,14.0,32.0,0.0,1027.4
2025-12-26 01:00:00+00:00,1.0,77,-2.6,0,0.0,0.0,0.0,0.0,12.2,28.4,0.0,1027.7
2025-12-26 02:00:00+00:00,0.8,78,-2.6,0,0.0,0.0,0.0,0.0,11.2,25.6,0.0,1027.9
2025-12-26 03:00:00+00:00,0.9,80,-2.2,0,0.0,0.0,0.0,0.0,11.9,26.6,0.0,1027.8
2025-12-26 04:00:00+00:00,1.3,83,-1.3,37,0.0,0.0,0.0,0.0,11.5,25.6,0.0,1027.5
2025-12-26 05:00:00+00:00,1.7,85,-0.5,63,0.0,0.0,0.0,0.0,11.9,26.6,0.0,1027.5
2025-12-26 06:00:00+00:00,1.9,86,-0.2,89,0.0,0.0,0.0,0.0,12.2,27.0,0.0,1027.9
2025-12-26 07:00:00+00:00,2.4,86,0.3,99,0.0,0.0,0.0,0.0,13.7,31.0,0.0,1027.9
2025-12-26 08:00:00+00:00,2.6,86,0.5,98,2.0,0.0,0.0,2.0,12.2,27.4,0.0,1028.2
2025-12-26 09:00:00+00:00,3.3,83,0.7,100,16.0,1.0,17.1,15.0,11.9,26.6,0.0,1029.0
2025-12-26 10:00:00+00:00,3.9,81,1.0,98,73.0,6.0,42.6,67.0,14.8,33.8,0.0,1028.9
2025-12-26 11:00:00+00:00,4.8,77,1.1,91,123.0,40.0,182.0,83.0,13.7,31.0,0.0,1028.9
2025-12-26 12:00:00+00:00,5.3,74,1.0,88,142.0,22.0,83.7,120.0,14.4,33.1,0.0,1028.7
2025-12-26 13:00:00+00:00,5.7,72,1.1,72,158.0,67.0,250.9,91.0,16.9,38.2,0.0,1028.5
2025-12-26 14:00:00+00:00,5.8,72,1.2,45,149.0,73.0,314.5,76.0,16.6,37.8,0.0,1028.7
2025-12-26 15:00:00+00:00,5.8,72,1.1,65,70.0,11.0,68.5,59.0,15.5,34.9,0.0,1028.7
2025-12-26 16:00:00+00:00,5.0,75,0.9,43,0.0,0.0,0.0,0.0,14.4,32.8,0.0,1029.1
2025-12-26 17:00:00+00:00,4.5,79,1.2,58,0.0,0.0,0.0,0.0,14.8,33.8,0.0,1029.6
2025-12-26 18:00:00+00:00,4.1,82,1.3,58,0.0,0.0,0.0,0.0,13.3,30.2,0.0,1030.0
2025-12-26 19:00:00+00:00,3.9,85,1.6,22,0.0,0.0,0.0,0.0,12.2,28.1,0.0,1030.6
2025-12-26 20:00:00+00:00,3.5,86,1.4,13,0.0,0.0,0.0,0.0,11.5,26.3,0.0,1031.1
2025-12-26 21:00:00+00:00,2.9,87,1.0,1,0.0,0.0,0.0,0.0,12.2,27.7,0.0,1031.3
2025-12-26 22:00:00+00:00,2.8,88,1.0,30,0.0,0.0,0.0,0.0,12.6,28.4,0.0,1031.9
2025-12-26 23:00:00+00:00,2.8,90,1.4,30,0.0,0.0,0.0,0.0,12.2,28.1,0.0,1032.0
2025-12-27 00:00:00+00:00,2.7,91,1.4,32,0.0,0.0,0.0,0.0,9.7,21.6,0.0,1032.2
2025-12-27 01:00:00+00:00,2.5,92,1.3,2,0.0,0.0,0.0,0.0,7.9,17.3,0.0,1032.4
2025-12-27 02:00:00+00:00,2.7,91,1.4,6,0.0,0.0,0.0,0.0,10.1,22.3,0.0,1032.8
2025-12-27 03:00:00+00:00,2.3,93,1.3,23,0.0,0.0,0.0,0.0,11.5,25.6,0.0,1032.9
2025-12-27 04:00:00+00:00,2.7,93,1.7,18,0.0,0.0,0.0,0.0,10.1,22.0,0.0,1032.6
2025-12-27 05:00:00+00:00,2.7,93,1.7,41,0.0,0.0,0.0,0.0,12.2,27.0,0.0,1032.5
2025-12-27 06:00:00+00:00,3.1,94,2.3,100,0.0,0.0,0.0,0.0,15.5,33.8,0.0,1032.8
2025-12-27 07:00:00+00:00,3.4,92,2.3,96,0.0,0.0,0.0,0.0,15.5,34.2,0.0,1033.3
2025-12-27 08:00:00+00:00,3.2,91,1.9,100,2.0,0.0,0.0,2.0,14.8,32.8,0.0,1033.6
2025-12-27 09:00:00+00:00,3.8,87,1.9,92,22.0,0.0,0.0,22.0,15.8,34.9,0.0,1033.7
2025-12-27 10:00:00+00:00,4.5,83,1.8,4,128.0,82.0,583.0,46.0,15.5,34.9,0.0,1033.6
2025-12-27 11:00:00+00:00,5.7,71,0.8,0,204.0,139.0,632.1,65.0,17.6,40.3,0.0,1033.3
2025-12-27 12:00:00+00:00,7.1,54,-1.6,0,241.0,172.0,653.2,69.0,18.7,42.5,0.0,1032.6
2025-12-27 13:00:00+00:00,7.7,55,-0.8,0,232.0,165.0,616.0,67.0,17.3,39.2,0.0,1032.8
2025-12-27 14:00:00+00:00,8.0,63,1.4,0,178.0,121.0,518.7,57.0,16.6,38.2,0.0,1033.0
2025-12-27 15:00:00+00:00,7.4,75,3.3,16,85.0,42.0,259.4,43.0,18.7,42.8,0.0,1033.0
2025-12-27 16:00:00+00:00,6.9,78,3.4,82,0.0,0.0,0.0,0.0,19.8,45.4,0.0,1032.9
2025-12-27 17:00:00+00:00,6.7,79,3.3,87,0.0,0.0,0.0,0.0,20.5,46.8,0.0,1033.0
2025-12-27 18:00:00+00:00,6.8,80,3.6,94,0.0,0.0,0.0,0.0,20.5,47.2,0.0,1033.0
2025-12-27 19:00:00+00:00,6.8,82,3.9,100,0.0,0.0,0.0,0.0,20.2,46.4,0.0,1033.3
2025-12-27 20:00:00+00:00,6.8,83,4.1,100,0.0,0.0,0.0,0.0,19.1,43.9,0.0,1033.6
2025-12-27 21:00:00+00:00,7.3,82,4.5,100,0.0,0.0,0.0,0.0,16.2,37.4,0.0,1034.2
2025-12-27 22:00:00+00:00,7.3,84,4.8,100,0.0,0.0,0.0,0.0,15.1,35.3,0.0,1034.4
2025-12-27 23:00:00+00:00,7.6,81,4.6,95,0.0,0.0,0.0,0.0,14.8,34.6,0.0,1034.3
2025-12-28 00:00:00+00:00,7.5,80,4.3,100,0.0,0.0,0.0,0.0,15.5,36.0,0.0,1034.0
2025-12-28 01:00:00+00:00,7.4,84,4.9,100,0.0,0.0,0.0,0.0,14.8,34.2,0.0,1033.8
2025-12-28 02:00:00+00:00,7.4,84,4.9,100,0.0,0.0,0.0,0.0,13.7,31.7,0.0,1033.7
2025-12-28 03:00:00+00:00,7.5,81,4.4,99,0.0,0.0,0.0,0.0,11.9,28.1,0.0,1033.0
2025-12-28 04:00:00+00:00,7.6,81,4.5,100,0.0,0.0,0.0,0.0,11.9,27.4,0.0,1032.7
2025-12-28 05:00:00+00:00,7.1,90,5.6,100,0.0,0.0,0.0,0.0,15.8,36.4,0.0,1032.9
2025-12-28 06:00:00+00:00,6.9,88,5.0,100,0.0,0.0,0.0,0.0,15.5,35.3,0.0,1032.9
2025-12-28 07:00:00+00:00,6.8,80,3.6,100,0.0,0.0,0.0,0.0,14.0,32.4,0.0,1032.9
2025-12-28 08:00:00+00:00,6.7,76,2.7,100,1.0,0.0,0.0,1.0,15.1,34.9,0.0,1032.6
2025-12-28 09:00:00+00:00,5.9,76,2.0,48,29.0,7.0,120.0,22.0,13.0,29.2,0.0,1032.8
2025-12-28 10:00:00+00:00,6.4,75,2.3,46,108.0,66.0,469.4,42.0,11.9,26.3,0.0,1032.7
2025-12-28 11:00:00+00:00,7.1,73,2.6,55,167.0,91.0,413.3,76.0,13.0,29.9,0.0,1032.6
2025-12-28 12:00:00+00:00,7.5,68,2.0,88,152.0,36.0,136.4,116.0,14.4,32.8,0.0,1031.7
2025-12-28 13:00:00+00:00,7.9,66,1.9,80,164.0,25.0,93.0,139.0,14.8,33.5,0.0,1031.1
2025-12-28 14:00:00+00:00,7.9,67,2.2,75,118.0,28.0,119.4,90.0,15.8,35.6,0.0,1031.0
2025-12-28 15:00:00+00:00,8.2,67,2.4,90,56.0,4.0,24.5,52.0,14.0,32.4,0.0,1030.0
2025-12-28 16:00:00+00:00,7.8,70,2.6,70,0.0,0.0,0.0,0.0,13.7,32.0,0.0,1029.8
2025-12-28 17:00:00+00:00,7.4,71,2.5,97,0.0,0.0,0.0,0.0,10.4,24.5,0.0,1029.6
2025-12-28 18:00:00+00:00,7.2,73,2.7,98,0.0,0.0,0.0,0.0,9.4,21.2,0.0,1029.3
2025-12-28 19:00:00+00:00,7.0,73,2.5,91,0.0,0.0,0.0,0.0,14.8,34.2,0.0,1029.1
2025-12-28 20:00:00+00:00,6.5,76,2.6,98,0.0,0.0,0.0,0.0,15.8,36.0,0.0,1029.2
2025-12-28 21:00:00+00:00,6.3,77,2.5,99,0.0,0.0,0.0,0.0,15.8,36.7,0.0,1028.7
2025-12-28 22:00:00+00:00,6.0,76,2.1,98,0.0,0.0,0.0,0.0,13.7,32.0,0.0,1028.6
2025-12-28 23:00:00+00:00,5.7,76,1.8,100,0.0,0.0,0.0,0.0,14.0,32.0,0.0,1028.4
2025-12-29 00:00:00+00:00,6.0,76,2.1,100,0.0,0.0,0.0,0.0,12.2,28.4,0.0,1027.9
2025-12-29 01:00:00+00:00,5.7,77,2.0,99,0.0,0.0,0.0,0.0,12.2,28.1,0.0,1028.0
2025-12-29 02:00:00+00:00,5.4,77,1.7,86,0.0,0.0,0.0,0.0,11.2,25.6,0.0,1027.7
2025-12-29 03:00:00+00:00,4.4,83,1.8,50,0.0,0.0,0.0,0.0,13.0,28.8,0.0,1027.4
2025-12-29 04:00:00+00:00,3.9,86,1.8,60,0.0,0.0,0.0,0.0,13.7,30.2,0.0,1027.3
2025-12-29 05:00:00+00:00,3.7,88,1.9,95,0.0,0.0,0.0,0.0,13.7,30.6,0.0,1027.4
2025-12-29 06:00:00+00:00,4.0,86,1.9,85,0.0,0.0,0.0,0.0,12.2,28.4,0.0,1027.7
2025-12-29 07:00:00+00:00,4.0,86,1.9,78,0.0,0.0,0.0,0.0,12.2,28.1,0.0,1027.7
2025-12-29 08:00:00+00:00,4.0,86,1.9,67,2.0,0.0,0.0,2.0,10.4,23.8,0.0,1028.1
2025-12-29 09:00:00+00:00,3.4,86,1.3,5,35.0,14.0,240.0,21.0,10.4,23.0,0.0,1028.9
2025-12-29 10:00:00+00:00,4.2,84,1.7,3,129.0,78.0,554.3,51.0,11.9,26.3,0.0,1028.8
2025-12-29 11:00:00+00:00,5.3,78,1.8,14,200.0,125.0,566.7,75.0,14.0,31.7,0.0,1028.2
2025-12-29 12:00:00+00:00,6.3,75,2.2,32,215.0,111.0,419.4,104.0,12.2,28.1,0.0,1027.6
2025-12-29 13:00:00+00:00,6.8,72,2.1,27,211.0,120.0,444.7,91.0,13.7,30.6,0.0,1027.5
2025-12-29 14:00:00+00:00,7.0,69,1.7,57,143.0,72.0,305.2,71.0,13.7,31.0,0.0,1027.6
2025-12-29 15:00:00+00:00,6.9,66,1.0,53,76.0,25.0,151.5,51.0,13.3,29.9,0.0,1028.4
2025-12-29 16:00:00+00:00,6.5,67,0.8,96,0.0,0.0,0.0,0.0,11.5,26.6,0.0,1028.5
2025-12-29 17:00:00+00:00,6.1,70,1.1,93,0.0,0.0,0.0,0.0,10.4,23.0,0.0,1028.9
2025-12-29 18:00:00+00:00,5.6,72,1.0,95,0.0,0.0,0.0,0.0,8.6,20.2,0.0,1029.6
2025-12-29 19:00:00+00:00,5.6,74,1.3,94,0.0,0.0,0.0,0.0,7.2,16.9,0.0,1030.1
2025-12-29 20:00:00+00:00,5.8,74,1.5,100,0.0,0.0,0.0,0.0,7.6,17.3,0.0,1030.2
2025-12-29 21:00:00+00:00,5.9,79,2.6,93,0.0,0.0,0.0,0.0,11.5,25.2,0.0,1030.3
2025-12-29 22:00:00+00:00,6.1,82,3.2,77,0.0,0.0,0.0,0.0,10.4,23.8,0.0,1030.4
2025-12-29 23:00:00+00:00,5.7,86,3.6,39,0.0,0.0,0.0,0.0,11.9,26.6,0.0,1030.7
2025-12-30 00:00:00+00:00,5.3,90,3.8,12,0.0,0.0,0.0,0.0,11.2,24.8,0.0,1031.1
2025-12-30 01:00:00+00:00,5.1,90,3.6,4,0.0,0.0,0.0,0.0,12.6,27.4,0.0,1031.5
2025-12-30 02:00:00+00:00,4.8,90,3.3,1,0.0,0.0,0.0,0.0,12.6,28.1,0.0,1031.8
2025-12-30 03:00:00+00:00,5.3,88,3.5,17,0.0,0.0,0.0,0.0,12.6,28.1,0.0,1031.2
2025-12-30 04:00:00+00:00,5.1,87,3.1,78,0.0,0.0,0.0,0.0,13.7,30.2,0.0,1031.3
2025-12-30 05:00:00+00:00,5.6,80,2.4,100,0.0,0.0,0.0,0.0,13.0,29.5,0.0,1031.6
2025-12-30 06:00:00+00:00,3.8,82,1.0,7,0.0,0.0,0.0,0.0,13.0,28.4,0.0,1032.5
2025-12-30 07:00:00+00:00,3.6,82,0.8,46,0.0,0.0,0.0,0.0,13.7,30.2,0.0,1033.1
2025-12-30 08:00:00+00:00,3.5,80,0.4,77,2.0,0.0,0.0,2.0,13.3,29.5,0.0,1033.9
2025-12-30 09:00:00+00:00,3.3,77,-0.3,2,35.0,16.0,274.0,19.0,12.2,27.0,0.0,1034.3
2025-12-30 10:00:00+00:00,4.0,74,-0.2,0,130.0,79.0,560.5,51.0,12.6,28.1,0.0,1034.7
2025-12-30 11:00:00+00:00,4.9,72,0.3,14,206.0,135.0,610.5,71.0,13.3,29.9,0.0,1034.9
2025-12-30 12:00:00+00:00,5.8,62,-0.9,39,245.0,169.0,636.5,76.0,16.2,36.4,0.0,1034.5
2025-12-30 13:00:00+00:00,6.4,58,-1.3,52,236.0,159.0,586.6,77.0,16.2,36.4,0.0,1034.2
2025-12-30 14:00:00+00:00,6.4,56,-1.7,46,184.0,119.0,501.3,65.0,14.0,31.7,0.0,1034.3
2025-12-30 15:00:00+00:00,6.2,58,-1.4,39,97.0,52.0,311.8,45.0,14.4,32.8,0.0,1034.5
2025-12-30 16:00:00+00:00,5.3,63,-1.2,27,1.0,0.0,0.0,1.0,13.3,29.9,0.0,1034.4
2025-12-30 17:00:00+00:00,4.4,71,-0.4,17,0.0,0.0,0.0,0.0,10.8,23.4,0.0,1034.4
2025-12-30 18:00:00+00:00,4.0,74,-0.2,13,0.0,0.0,0.0,0.0,10.1,22.7,0.0,1034.5
2025-12-30 19:00:00+00:00,3.5,79,0.2,17,0.0,0.0,0.0,0.0,10.4,22.7,0.0,1034.7
2025-12-30 20:00:00+00:00,3.2,83,0.6,19,0.0,0.0,0.0,0.0,10.8,23.8,0.0,1034.7
2025-12-30 21:00:00+00:00,3.2,86,1.1,12,0.0,0.0,0.0,0.0,10.4,23.4,0.0,1034.4
2025-12-30 22:00:00+00:00,2.8,88,1.0,5,0.0,0.0,0.0,0.0,10.4,23.0,0.0,1034.4
2025-12-30 23:00:00+00:00,2.4,89,0.8,2,0.0,0.0,0.0,0.0,11.2,24.8,0.0,1034.0
2025-12-31 00:00:00+00:00,2.2,91,0.9,77,0.0,0.0,0.0,0.0,13.0,28.4,0.0,1033.8
2025-12-31 01:00:00+00:00,1.8,92,0.7,95,0.0,0.0,0.0,0.0,12.2,27.4,0.0,1033.5
2025-12-31 02:00:00+00:00,1.6,93,0.6,84,0.0,0.0,0.0,0.0,9.4,20.9,0.0,1033.3
2025-12-31 03:00:00+00:00,1.5,94,0.6,98,0.0,0.0,0.0,0.0,8.6,19.1,0.0,1033.2
2025-12-31 04:00:00+00:00,1.1,98,0.8,100,0.0,0.0,0.0,0.0,9.0,20.2,0.0,1032.7
2025-12-31 05:00:00+00:00,1.5,95,0.8,93,0.0,0.0,0.0,0.0,7.6,16.6,0.0,1032.4
2025-12-31 06:00:00+00:00,0.6,98,0.3,100,0.0,0.0,0.0,0.0,8.6,19.4,0.0,1032.3
2025-12-31 07:00:00+00:00,0.5,97,0.1,100,0.0,0.0,0.0,0.0,8.6,19.4,0.0,1032.2
2025-12-31 08:00:00+00:00,0.4,98,0.1,100,1.0,0.0,0.0,1.0,8.3,18.4,0.0,1032.3
2025-12-31 09:00:00+00:00,0.9,96,0.4,100,18.0,0.0,0.0,18.0,8.6,19.1,0.0,1032.4
2025-12-31 10:00:00+00:00,1.3,93,0.3,100,72.0,0.0,0.0,72.0,5.8,13.0,0.0,1032.3
2025-12-31 11:00:00+00:00,2.1,88,0.3,80,164.0,55.0,248.0,109.0,5.8,14.0,0.0,1031.7
2025-12-31 12:00:00+00:00,2.4,90,1.0,100,136.0,3.0,11.3,133.0,5.0,13.0,0.0,1030.8
2025-12-31 13:00:00+00:00,2.8,88,1.0,98,143.0,10.0,36.7,133.0,6.5,15.8,0.0,1030.0
2025-12-31 14:00:00+00:00,3.2,84,0.7,75,141.0,42.0,175.8,99.0,6.1,14.8,0.0,1029.5
2025-12-31 15:00:00+00:00,4.0,83,1.4,47,86.0,29.0,172.0,57.0,7.6,17.6,0.0,1028.7
2025-12-31 16:00:00+00:00,3.3,86,1.2,23,1.0,0.0,0.0,1.0,7.9,18.4,0.0,1028.1
2025-12-31 17:00:00+00:00,2.6,87,0.7,12,0.0,0.0,0.0,0.0,7.9,17.6,0.0,1027.7
2025-12-31 18:00:00+00:00,1.6,89,0.0,0,0.0,0.0,0.0,0.0,5.4,13.0,0.0,1027.0
2025-12-31 19:00:00+00:00,1.0,91,-0.3,0,0.0,0.0,0.0,0.0,4.7,11.5,0.0,1026.6
2025-12-31 20:00:00+00:00,0.4,93,-0.6,11,0.0,0.0,0.0,0.0,4.7,11.9,0.0,1026.0
2025-12-31 21:00:00+00:00,-0.6,95,-1.3,38,0.0,0.0,0.0,0.0,5.4,13.0,0.0,1025.6
2025-12-31 22:00:00+00:00,-1.1,95,-1.8,33,0.0,0.0,0.0,0.0,4.7,11.2,0.0,1024.8
2025-12-31 23:00:00+00:00,-1.5,95,-2.2,66,0.0,0.0,0.0,0.0,4.0,9.7,0.0,1023.7
2026-01-01 00:00:00+00:00,-1.8,96,-2.3,89,0.0,0.0,0.0,0.0,5.4,13.3,0.0,1022.7
2026-01-01 01:00:00+00:00,-2.0,97,-2.4,91,0.0,0.0,0.0,0.0,5.4,12.6,0.0,1022.0
2026-01-01 02:00:00+00:00,-2.2,97,-2.6,95,0.0,0.0,0.0,0.0,5.4,13.0,0.0,1021.5
2026-01-01 03:00:00+00:00,0.0,87,-1.9,100,0.0,0.0,0.0,0.0,7.6,16.9,0.0,1020.3
2026-01-01 04:00:00+00:00,0.9,81,-2.0,100,0.0,0.0,0.0,0.0,6.5,14.0,0.0,1019.0
2026-01-01 05:00:00+00:00,1.3,79,-1.9,100,0.0,0.0,0.0,0.0,8.3,19.1,0.0,1018.0
2026-01-01 06:00:00+00:00,2.0,80,-1.1,100,0.0,0.0,0.0,0.0,10.8,24.5,0.0,1017.1
2026-01-01 07:00:00+00:00,2.3,81,-0.6,94,0.0,0.0,0.0,0.0,10.4,24.5,0.0,1016.6
2026-01-01 08:00:00+00:00,2.0,85,-0.3,90,2.0,0.0,0.0,2.0,10.8,24.5,0.0,1016.0
2026-01-01 09:00:00+00:00,2.5,86,0.4,99,18.0,0.0,0.0,18.0,8.3,18.0,0.0,1015.2
2026-01-01 10:00:00+00:00,3.4,82,0.6,100,26.0,0.0,0.0,26.0,11.9,27.4,0.0,1014.5
2026-01-01 11:00:00+00:00,4.4,78,0.9,94,172.0,79.0,354.9,93.0,13.7,31.3,0.0,1013.7
2026-01-01 12:00:00+00:00,6.0,75,1.9,77,173.0,77.0,287.7,96.0,16.2,37.8,0.0,1012.7
2026-01-01 13:00:00+00:00,6.6,75,2.5,100,94.0,6.0,21.9,88.0,14.8,34.6,0.0,1012.0
2026-01-01 14:00:00+00:00,6.8,75,2.7,100,56.0,3.0,12.5,53.0,14.8,33.8,0.0,1011.6
2026-01-01 15:00:00+00:00,6.4,71,1.5,100,82.0,12.0,70.4,70.0,13.0,29.9,0.0,1012.1
2026-01-01 16:00:00+00:00,5.7,77,2.0,98,2.0,0.0,0.0,2.0,9.7,22.7,0.0,1011.7
2026-01-01 17:00:00+00:00,4.5,81,1.5,28,0.0,0.0,0.0,0.0,10.8,25.2,0.0,1011.5
2026-01-01 18:00:00+00:00,3.8,77,0.2,0,0.0,0.0,0.0,0.0,10.8,24.5,0.0,1011.6
2026-01-01 19:00:00+00:00,3.3,78,-0.2,31,0.0,0.0,0.0,0.0,11.5,26.6,0.0,1011.7
2026-01-01 20:00:00+00:00,2.6,82,-0.1,12,0.0,0.0,0.0,0.0,8.3,19.4,0.0,1012.0
2026-01-01 21:00:00+00:00,1.8,84,-0.6,70,0.0,0.0,0.0,0.0,6.8,15.8,0.0,1012.7
2026-01-01 22:00:00+00:00,1.4,86,-0.7,1,0.0,0.0,0.0,0.0,6.8,16.2,0.0,1012.7
2026-01-01 23:00:00+00:00,0.8,87,-1.1,0,0.0,0.0,0.0,0.0,6.8,15.8,0.0,1012.3
2026-01-02 00:00:00+00:00,0.7,85,-1.6,0,0.0,0.0,0.0,0.0,6.8,16.2,0.0,1011.8
2026-01-02 01:00:00+00:00,0.4,87,-1.5,0,0.0,0.0,0.0,0.0,7.2,17.3,0.0,1011.6
2026-01-02 02:00:00+00:00,0.6,88,-1.2,4,0.0,0.0,0.0,0.0,10.4,24.5,0.0,1011.2
2026-01-02 03:00:00+00:00,1.6,84,-0.8,7,0.0,0.0,0.0,0.0,10.1,24.1,0.0,1011.2
2026-01-02 04:00:00+00:00,1.2,88,-0.5,52,0.0,0.0,0.0,0.0,11.2,25.9,0.0,1010.3
2026-01-02 05:00:00+00:00,1.5,86,-0.6,31,0.0,0.0,0.0,0.0,13.0,29.9,0.0,1009.5
2026-01-02 06:00:00+00:00,1.9,85,-0.4,58,0.0,0.0,0.0,0.0,13.7,31.7,0.0,1009.1
2026-01-02 07:00:00+00:00,3.1,80,0.0,100,0.0,0.0,0.0,0.0,16.6,38.2,0.0,1009.2
2026-01-02 08:00:00+00:00,2.8,94,1.9,100,1.0,0.0,0.0,1.0,14.8,32.8,0.5,1010.0
2026-01-02 09:00:00+00:00,2.1,96,1.6,100,9.0,0.0,0.0,9.0,17.3,37.4,0.2,1009.6
2026-01-02 10:00:00+00:00,2.3,89,0.7,34,120.0,89.0,624.9,31.0,10.1,22.3,0.0,1009.5
2026-01-02 11:00:00+00:00,3.1,82,0.3,12,211.0,147.0,657.7,64.0,14.8,33.5,0.0,1009.4
2026-01-02 12:00:00+00:00,3.7,78,0.2,19,242.0,177.0,658.4,65.0,15.8,35.6,0.0,1009.3
2026-01-02 13:00:00+00:00,4.2,71,-0.6,54,195.0,65.0,236.1,130.0,16.6,37.1,0.0,1009.1
2026-01-02 14:00:00+00:00,4.2,61,-2.7,0,198.0,149.0,614.6,49.0,17.6,40.0,0.0,1009.3
2026-01-02 15:00:00+00:00,3.8,59,-3.5,0,107.0,64.0,371.0,43.0,13.7,31.0,0.0,1010.0
2026-01-02 16:00:00+00:00,2.8,60,-4.2,0,3.0,0.0,0.0,3.0,11.9,28.1,0.0,1009.8
2026-01-02 17:00:00+00:00,1.9,67,-3.6,0,0.0,0.0,0.0,0.0,11.5,26.6,0.0,1009.9
2026-01-02 18:00:00+00:00,2.2,65,-3.7,78,0.0,0.0,0.0,0.0,12.6,29.2,0.0,1010.0
2026-01-02 19:00:00+00:00,1.7,68,-3.6,24,0.0,0.0,0.0,0.0,12.2,28.4,0.0,1010.2
2026-01-02 20:00:00+00:00,1.4,73,-2.9,2,0.0,0.0,0.0,0.0,13.0,29.9,0.0,1010.4
2026-01-02 21:00:00+00:00,0.8,80,-2.2,2,0.0,0.0,0.0,0.0,13.0,29.2,0.0,1011.2
2026-01-02 22:00:00+00:00,0.5,82,-2.2,0,0.0,0.0,0.0,0.0,11.9,27.0,0.0,1011.2
2026-01-02 23:00:00+00:00,0.3,84,-2.1,0,0.0,0.0,0.0,0.0,12.6,28.8,0.0,1011.2
2026-01-03 00:00:00+00:00,0.3,84,-2.1,0,0.0,0.0,0.0,0.0,11.2,25.9,0.0,1011.0
2026-01-03 01:00:00+00:00,0.2,84,-2.2,0,0.0,0.0,0.0,0.0,11.5,25.6,0.0,1011.2
2026-01-03 02:00:00+00:00,0.2,83,-2.4,0,0.0,0.0,0.0,0.0,13.0,28.4,0.0,1011.7
2026-01-03 03:00:00+00:00,-0.2,85,-2.4,0,0.0,0.0,0.0,0.0,12.2,28.1,0.0,1011.7
2026-01-03 04:00:00+00:00,-0.6,86,-2.7,0,0.0,0.0,0.0,0.0,10.8,24.5,0.0,1011.6
2026-01-03 05:00:00+00:00,-0.9,85,-3.1,0,0.0,0.0,0.0,0.0,10.8,24.5,0.0,1011.6
2026-01-03 06:00:00+00:00,-1.1,80,-4.1,0,0.0,0.0,0.0,0.0,11.9,26.6,0.0,1011.8
2026-01-03 07:00:00+00:00,-1.3,80,-4.3,0,0.0,0.0,0.0,0.0,11.2,25.2,0.0,1012.1
2026-01-03 08:00:00+00:00,-1.3,80,-4.3,0,2.0,0.0,0.0,2.0,11.5,26.6,0.0,1012.8
2026-01-03 09:00:00+00:00,-0.6,76,-4.3,0,38.0,16.0,269.6,22.0,13.0,28.8,0.0,1013.0
2026-01-03 10:00:00+00:00,0.3,71,-4.3,0,137.0,84.0,586.6,53.0,14.4,32.4,0.0,1013.5
2026-01-03 11:00:00+00:00,1.3,62,-5.2,0,220.0,153.0,681.2,67.0,17.6,40.0,0.0,1013.4
2026-01-03 12:00:00+00:00,2.2,58,-5.2,0,261.0,190.0,703.1,71.0,17.6,40.0,0.0,1012.9
2026-01-03 13:00:00+00:00,2.9,56,-5.0,0,255.0,186.0,671.5,69.0,19.1,42.1,0.0,1012.8
2026-01-03 14:00:00+00:00,3.2,55,-5.0,0,202.0,142.0,581.0,60.0,19.1,42.1,0.0,1013.1
2026-01-03 15:00:00+00:00,3.0,56,-5.0,0,110.0,67.0,383.5,43.0,15.8,35.3,0.0,1013.0
2026-01-03 16:00:00+00:00,2.2,62,-4.4,4,4.0,0.0,0.0,4.0,12.2,28.1,0.0,1013.2
2026-01-03 17:00:00+00:00,1.5,66,-4.2,8,0.0,0.0,0.0,0.0,12.2,27.4,0.0,1013.8
2026-01-03 18:00:00+00:00,0.5,68,-4.7,0,0.0,0.0,0.0,0.0,11.2,24.8,0.0,1014.2
2026-01-03 19:00:00+00:00,0.1,70,-4.7,0,0.0,0.0,0.0,0.0,14.0,31.3,0.0,1014.8
2026-01-03 20:00:00+00:00,-0.4,72,-4.9,0,0.0,0.0,0.0,0.0,13.0,29.2,0.0,1015.4
2026-01-03 21:00:00+00:00,-0.9,74,-5.0,0,0.0,0.0,0.0,0.0,12.2,27.4,0.0,1015.4
2026-01-03 22:00:00+00:00,-1.2,74,-5.2,0,0.0,0.0,0.0,0.0,11.9,26.3,0.0,1015.6
2026-01-03 23:00:00+00:00,-1.8,77,-5.3,0,0.0,0.0,0.0,0.0,9.7,21.6,0.0,1016.0
2026-01-04 00:00:00+00:00,-1.6,77,-5.1,0,0.0,0.0,0.0,0.0,12.6,28.1,0.0,1015.6
2026-01-04 01:00:00+00:00,-2.1,77,-5.6,0,0.0,0.0,0.0,0.0,11.2,25.2,0.0,1015.8
2026-01-04 02:00:00+00:00,-2.5,76,-6.1,0,0.0,0.0,0.0,0.0,10.1,23.0,0.0,1016.1
2026-01-04 03:00:00+00:00,-2.9,79,-6.0,0,0.0,0.0,0.0,0.0,8.3,19.1,0.0,1015.9
2026-01-04 04:00:00+00:00,-2.9,80,-5.8,0,0.0,0.0,0.0,0.0,9.4,21.6,0.0,1015.8
2026-01-04 05:00:00+00:00,-2.9,80,-5.9,0,0.0,0.0,0.0,0.0,9.4,21.2,0.0,1015.7
2026-01-04 06:00:00+00:00,-3.0,83,-5.5,0,0.0,0.0,0.0,0.0,8.6,20.5,0.0,1015.6
2026-01-04 07:00:00+00:00,-3.0,82,-5.6,0,0.0,0.0,0.0,0.0,8.6,20.2,0.0,1016.1
2026-01-04 08:00:00+00:00,-2.8,82,-5.5,0,2.0,0.0,0.0,2.0,9.7,22.0,0.0,1016.4
2026-01-04 09:00:00+00:00,-2.2,82,-4.9,0,37.0,16.0,267.7,21.0,8.6,19.4,0.0,1016.9
2026-01-04 10:00:00+00:00,-1.0,77,-4.5,0,137.0,84.0,583.0,53.0,9.7,22.0,0.0,1017.1
2026-01-04 11:00:00+00:00,0.4,71,-4.3,0,219.0,151.0,668.7,68.0,11.2,25.2,0.0,1016.8
2026-01-04 12:00:00+00:00,1.6,63,-4.7,0,261.0,189.0,695.5,72.0,11.2,25.6,0.0,1016.3
2026-01-04 13:00:00+00:00,2.6,57,-5.1,0,255.0,186.0,667.1,69.0,13.7,30.6,0.0,1015.9
2026-01-04 14:00:00+00:00,2.9,56,-5.0,0,201.0,141.0,572.1,60.0,13.0,29.2,0.0,1015.7
2026-01-04 15:00:00+00:00,2.8,58,-4.7,0,111.0,67.0,378.6,44.0,10.8,24.8,0.0,1015.1
2026-01-04 16:00:00+00:00,1.5,67,-4.0,0,5.0,0.0,0.0,5.0,7.2,17.6,0.0,1015.0
2026-01-04 17:00:00+00:00,0.3,73,-3.9,27,0.0,0.0,0.0,0.0,6.8,15.5,0.0,1015.0
2026-01-04 18:00:00+00:00,-0.3,76,-4.0,0,0.0,0.0,0.0,0.0,5.4,13.0,0.0,1014.9
2026-01-04 19:00:00+00:00,-1.0,80,-4.0,0,0.0,0.0,0.0,0.0,5.8,13.3,0.0,1015.0
2026-01-04 20:00:00+00:00,-1.5,85,-3.7,2,0.0,0.0,0.0,0.0,5.4,12.6,0.0,1015.1
2026-01-04 21:00:00+00:00,-1.9,89,-3.4,12,0.0,0.0,0.0,0.0,4.3,10.1,0.0,1014.7
2026-01-04 22:00:00+00:00,-2.2,92,-3.3,0,0.0,0.0,0.0,0.0,5.0,11.2,0.0,1014.4
2026-01-04 23:00:00+00:00,-2.7,95,-3.4,2,0.0,0.0,0.0,0.0,4.7,10.1,0.0,1014.0
2026-01-05 00:00:00+00:00,-2.7,94,-3.6,3,0.0,0.0,0.0,0.0,4.0,9.0,0.0,1013.1
2026-01-05 01:00:00+00:00,-2.1,97,-2.5,50,0.0,0.0,0.0,0.0,6.1,14.0,0.0,1013.0
2026-01-05 02:00:00+00:00,-1.7,97,-2.1,94,0.0,0.0,0.0,0.0,4.7,10.4,0.0,1013.0
2026-01-05 03:00:00+00:00,-1.0,95,-1.7,79,0.0,0.0,0.0,0.0,6.5,14.0,0.0,1012.6
2026-01-05 04:00:00+00:00,-0.4,93,-1.4,83,0.0,0.0,0.0,0.0,8.6,19.4,0.0,1012.5
2026-01-05 05:00:00+00:00,-0.4,93,-1.4,27,0.0,0.0,0.0,0.0,8.6,19.4,0.0,1012.5
2026-01-05 06:00:00+00:00,-1.9,100,-1.9,58,0.0,0.0,0.0,0.0,6.5,14.8,0.0,1013.0
2026-01-05 07:00:00+00:00,-2.0,100,-2.0,67,0.0,0.0,0.0,0.0,6.5,14.0,0.0,1013.5
2026-01-05 08:00:00+00:00,-2.4,100,-2.4,17,3.0,0.0,0.0,3.0,7.6,17.6,0.0,1014.3
2026-01-05 09:00:00+00:00,-1.6,87,-3.5,0,38.0,17.0,282.1,21.0,8.6,19.8,0.0,1014.0
2026-01-05 10:00:00+00:00,-0.7,74,-4.8,0,139.0,86.0,592.6,53.0,11.2,24.8,0.0,1014.3
2026-01-05 11:00:00+00:00,0.7,66,-4.9,0,222.0,154.0,678.0,68.0,13.0,29.2,0.0,1014.4
2026-01-05 12:00:00+00:00,1.7,60,-5.2,0,264.0,193.0,705.9,71.0,14.0,31.3,0.0,1013.8
2026-01-05 13:00:00+00:00,2.3,60,-4.7,0,258.0,189.0,673.2,69.0,13.7,30.6,0.0,1013.6
2026-01-05 14:00:00+00:00,2.6,59,-4.6,5,205.0,143.0,575.0,62.0,17.6,39.2,0.0,1013.7
2026-01-05 15:00:00+00:00,2.5,60,-4.5,0,115.0,70.0,390.2,45.0,15.1,33.8,0.0,1014.1
2026-01-05 16:00:00+00:00,1.7,65,-4.2,5,7.0,0.0,0.0,7.0,10.8,24.8,0.0,1014.7
2026-01-05 17:00:00+00:00,1.5,67,-4.0,66,0.0,0.0,0.0,0.0,11.2,24.5,0.0,1015.5
2026-01-05 18:00:00+00:00,-0.2,75,-4.1,0,0.0,0.0,0.0,0.0,9.4,21.6,0.0,1016.2
2026-01-05 19:00:00+00:00,-0.8,78,-4.2,0,0.0,0.0,0.0,0.0,8.6,19.8,0.0,1016.8
2026-01-05 20:00:00+00:00,-1.4,80,-4.4,0,0.0,0.0,0.0,0.0,8.6,19.8,0.0,1017.5
2026-01-05 21:00:00+00:00,-1.5,83,-4.0,0,0.0,0.0,0.0,0.0,8.6,19.8,0.0,1018.6
2026-01-05 22:00:00+00:00,-1.9,86,-4.0,0,0.0,0.0,0.0,0.0,8.3,18.4,0.0,1019.2
2026-01-05 23:00:00+00:00,-2.1,88,-3.8,0,0.0,0.0,0.0,0.0,9.0,20.2,0.0,1019.5
2026-01-06 00:00:00+00:00,-2.8,89,-4.4,0,0.0,0.0,0.0,0.0,7.9,18.0,0.0,1019.5
2026-01-06 01:00:00+00:00,-3.2,91,-4.4,0,0.0,0.0,0.0,0.0,7.6,17.6,0.0,1019.8
2026-01-06 02:00:00+00:00,-3.3,92,-4.4,0,0.0,0.0,0.0,0.0,8.3,18.0,0.0,1020.0
2026-01-06 03:00:00+00:00,-3.5,97,-3.9,8,0.0,0.0,0.0,0.0,6.8,15.8,0.0,1019.9
2026-01-06 04:00:00+00:00,-3.4,97,-3.8,2,0.0,0.0,0.0,0.0,8.6,19.4,0.0,1020.0
2026-01-06 05:00:00+00:00,-3.2,95,-3.9,1,0.0,0.0,0.0,0.0,10.1,22.0,0.0,1020.2
2026-01-06 06:00:00+00:00,-3.2,92,-4.3,9,0.0,0.0,0.0,0.0,7.6,16.6,0.0,1020.1
2026-01-06 07:00:00+00:00,-3.4,93,-4.3,7,0.0,0.0,0.0,0.0,7.2,15.1,0.0,1020.4
2026-01-06 08:00:00+00:00,-3.4,93,-4.3,7,3.0,0.0,0.0,3.0,6.8,14.8,0.0,1020.7
2026-01-06 09:00:00+00:00,-3.7,98,-4.0,9,37.0,16.0,263.1,21.0,3.2,7.9,0.0,1020.5
2026-01-06 10:00:00+00:00,-2.1,89,-3.7,9,136.0,81.0,553.7,55.0,3.6,8.3,0.0,1020.3
2026-01-06 11:00:00+00:00,-1.0,83,-3.5,9,217.0,148.0,647.3,69.0,1.4,5.0,0.0,1020.0
2026-01-06 12:00:00+00:00,0.9,79,-2.3,44,233.0,115.0,417.9,118.0,2.9,7.6,0.0,1018.5
2026-01-06 13:00:00+00:00,2.6,75,-1.4,45,230.0,136.0,480.8,94.0,5.8,13.0,0.0,1017.7
2026-01-06 14:00:00+00:00,3.3,76,-0.5,71,141.0,38.0,151.4,103.0,6.1,13.7,0.0,1017.2
2026-01-06 15:00:00+00:00,3.9,76,0.1,57,86.0,25.0,137.4,61.0,7.6,17.3,0.0,1016.7
2026-01-06 16:00:00+00:00,2.8,81,-0.1,3,8.0,1.0,12.1,7.0,7.6,16.9,0.0,1015.8
2026-01-06 17:00:00+00:00,2.2,80,-0.9,5,0.0,0.0,0.0,0.0,9.0,20.2,0.0,1015.3
2026-01-06 18:00:00+00:00,2.7,84,0.3,78,0.0,0.0,0.0,0.0,9.7,20.2,0.0,1014.0
2026-01-06 19:00:00+00:00,3.9,79,0.6,100,0.0,0.0,0.0,0.0,10.4,22.7,0.0,1013.1
2026-01-06 20:00:00+00:00,4.7,84,2.3,100,0.0,0.0,0.0,0.0,12.2,26.6,0.0,1012.2
2026-01-06 21:00:00+00:00,4.3,84,1.9,100,0.0,0.0,0.0,0.0,11.5,25.9,0.0,1012.0
2026-01-06 22:00:00+00:00,4.9,89,3.2,100,0.0,0.0,0.0,0.0,18.0,41.0,0.0,1010.9
2026-01-06 23:00:00+00:00,5.3,94,4.4,100,0.0,0.0,0.0,0.0,17.6,40.0,0.4,1009.2
2026-01-07 00:00:00+00:00,5.6,93,4.6,100,0.0,0.0,0.0,0.0,25.6,58.3,0.7,1007.2
2026-01-07 01:00:00+00:00,5.9,95,5.1,97,0.0,0.0,0.0,0.0,12.6,29.5,1.0,1006.2
2026-01-07 02:00:00+00:00,5.1,92,3.9,66,0.0,0.0,0.0,0.0,14.4,33.1,0.0,1006.5
2026-01-07 03:00:00+00:00,4.4,92,3.2,99,0.0,0.0,0.0,0.0,13.7,31.0,0.0,1006.3
2026-01-07 04:00:00+00:00,3.6,93,2.6,37,0.0,0.0,0.0,0.0,11.9,26.6,0.0,1006.6
2026-01-07 05:00:00+00:00,2.9,92,1.8,0,0.0,0.0,0.0,0.0,10.4,24.8,0.0,1006.7
2026-01-07 06:00:00+00:00,2.2,88,0.4,0,0.0,0.0,0.0,0.0,11.9,28.1,0.0,1007.5
2026-01-07 07:00:00+00:00,2.0,88,0.2,7,0.0,0.0,0.0,0.0,14.0,32.8,0.0,1008.1
2026-01-07 08:00:00+00:00,1.7,88,-0.0,0,3.0,0.0,0.0,3.0,13.3,30.2,0.0,1008.7
2026-01-07 09:00:00+00:00,1.8,84,-0.6,3,38.0,16.0,260.4,22.0,15.8,37.1,0.0,1008.8
2026-01-07 10:00:00+00:00,2.5,83,-0.1,11,134.0,78.0,528.6,56.0,13.0,29.9,0.0,1009.0
2026-01-07 11:00:00+00:00,3.6,78,0.1,57,174.0,50.0,217.2,124.0,15.5,36.0,0.0,1009.2
2026-01-07 12:00:00+00:00,4.7,71,-0.1,13,257.0,173.0,624.3,84.0,20.9,47.9,0.0,1008.1
2026-01-07 13:00:00+00:00,5.3,64,-1.0,5,253.0,184.0,645.4,69.0,21.2,50.0,0.0,1007.9
2026-01-07 14:00:00+00:00,5.5,62,-1.2,28,186.0,91.0,358.9,95.0,22.0,50.4,0.0,1008.1
2026-01-07 15:00:00+00:00,5.5,63,-1.0,13,111.0,63.0,341.2,48.0,19.1,44.6,0.0,1008.4
2026-01-07 16:00:00+00:00,5.1,64,-1.1,35,9.0,1.0,11.8,8.0,17.3,40.7,0.0,1008.9
2026-01-07 17:00:00+00:00,4.2,67,-1.4,12,0.0,0.0,0.0,0.0,14.0,33.5,0.0,1009.2
2026-01-07 18:00:00+00:00,3.4,77,-0.2,45,0.0,0.0,0.0,0.0,10.1,24.1,0.0,1009.5
2026-01-07 19:00:00+00:00,3.3,79,-0.0,91,0.0,0.0,0.0,0.0,7.6,17.6,0.0,1009.6
2026-01-07 20:00:00+00:00,3.5,79,0.2,100,0.0,0.0,0.0,0.0,5.8,13.0,0.0,1009.3
2026-01-07 21:00:00+00:00,4.2,81,1.3,100,0.0,0.0,0.0,0.0,3.6,7.9,0.0,1008.9
2026-01-07 22:00:00+00:00,4.4,83,1.8,100,0.0,0.0,0.0,0.0,3.2,6.8,0.0,1008.2
2026-01-07 23:00:00+00:00,4.6,89,2.9,100,0.0,0.0,0.0,0.0,5.0,11.2,0.1,1007.4
2026-01-08 00:00:00+00:00,4.6,93,3.6,100,0.0,0.0,0.0,0.0,4.7,10.4,0.3,1006.3
2026-01-08 01:00:00+00:00,4.6,97,4.2,100,0.0,0.0,0.0,0.0,5.0,11.2,0.2,1006.1
2026-01-08 02:00:00+00:00,4.8,99,4.7,100,0.0,0.0,0.0,0.0,5.0,11.5,0.0,1006.2
2026-01-08 03:00:00+00:00,4.7,97,4.2,100,0.0,0.0,0.0,0.0,5.8,13.0,0.1,1007.1
2026-01-08 04:00:00+00:00,4.8,98,4.5,100,0.0,0.0,0.0,0.0,7.6,16.2,0.0,1006.5
2026-01-08 05:00:00+00:00,4.6,97,4.1,98,0.0,0.0,0.0,0.0,6.1,13.7,0.0,1006.1
2026-01-08 06:00:00+00:00,5.2,93,4.2,94,0.0,0.0,0.0,0.0,10.4,23.8,0.0,1005.8
2026-01-08 07:00:00+00:00,5.1,94,4.2,97,0.0,0.0,0.0,0.0,7.9,17.6,0.0,1005.8
2026-01-08 08:00:00+00:00,4.7,94,3.8,87,2.0,0.0,0.0,2.0,6.8,16.2,0.0,1005.7
2026-01-08 09:00:00+00:00,5.1,93,4.0,93,16.0,2.0,32.2,14.0,7.6,17.3,0.0,1004.8
2026-01-08 10:00:00+00:00,5.4,91,4.1,62,109.0,52.0,349.0,57.0,6.8,15.1,0.0,1004.4
2026-01-08 11:00:00+00:00,5.9,88,4.1,90,125.0,23.0,99.2,102.0,6.5,14.0,0.0,1003.4
2026-01-08 12:00:00+00:00,6.2,86,4.1,100,40.0,0.0,0.0,40.0,3.2,7.6,0.0,1001.6
2026-01-08 13:00:00+00:00,6.2,86,4.1,100,14.0,0.0,0.0,14.0,5.8,12.6,0.0,1000.3
2026-01-08 14:00:00+00:00,5.2,89,3.5,100,9.0,0.0,0.0,9.0,4.0,10.1,1.2,998.4
2026-01-08 15:00:00+00:00,4.9,96,4.3,100,10.0,0.0,0.0,10.0,13.0,29.9,0.9,996.4
2026-01-08 16:00:00+00:00,5.2,97,4.8,100,2.0,0.0,0.0,2.0,18.4,42.8,0.2,993.3
2026-01-08 17:00:00+00:00,6.5,96,5.9,100,0.0,0.0,0.0,0.0,19.4,44.3,3.8,989.6
2026-01-08 18:00:00+00:00,9.3,94,8.4,100,0.0,0.0,0.0,0.0,27.7,59.8,7.5,986.0
2026-01-08 19:00:00+00:00,9.9,92,8.6,91,0.0,0.0,0.0,0.0,33.8,75.2,0.5,982.8
2026-01-08 20:00:00+00:00,8.2,81,5.2,100,0.0,0.0,0.0,0.0,26.6,60.1,0.0,980.7
2026-01-08 21:00:00+00:00,6.2,86,4.1,100,0.0,0.0,0.0,0.0,31.3,69.8,0.1,974.6
2026-01-08 22:00:00+00:00,4.6,94,3.7,100,0.0,0.0,0.0,0.0,25.2,58.3,3.2,968.5
2026-01-08 23:00:00+00:00,4.3,93,3.3,100,0.0,0.0,0.0,0.0,29.9,65.9,2.3,971.3
2026-01-09 00:00:00+00:00,5.3,92,4.1,93,0.0,0.0,0.0,0.0,22.0,50.0,0.0,975.7
2026-01-09 01:00:00+00:00,3.9,96,3.3,100,0.0,0.0,0.0,0.0,30.2,69.1,0.0,978.6
2026-01-09 02:00:00+00:00,1.0,100,1.0,100,0.0,0.0,0.0,0.0,31.0,71.3,0.4,982.1
2026-01-09 03:00:00+00:00,2.0,94,1.2,100,0.0,0.0,0.0,0.0,32.8,74.9,0.0,983.3
2026-01-09 04:00:00+00:00,2.4,93,1.4,100,0.0,0.0,0.0,0.0,35.3,79.6,0.2,985.2
2026-01-09 05:00:00+00:00,2.9,92,1.7,100,0.0,0.0,0.0,0.0,33.8,77.0,0.2,987.2
2026-01-09 06:00:00+00:00,2.6,94,1.8,100,0.0,0.0,0.0,0.0,32.4,74.2,0.2,988.3
2026-01-09 07:00:00+00:00,3.1,91,1.8,100,0.0,0.0,0.0,0.0,32.0,73.1,0.0,989.9
2026-01-09 08:00:00+00:00,3.4,91,2.0,100,1.0,0.0,0.0,1.0,31.7,71.6,0.0,991.2
2026-01-09 09:00:00+00:00,3.1,93,2.1,100,5.0,0.0,0.0,5.0,29.9,68.4,0.2,991.0
2026-01-09 10:00:00+00:00,3.3,92,2.1,100,18.0,0.0,0.0,18.0,28.4,64.8,0.2,992.0
2026-01-09 11:00:00+00:00,3.5,92,2.4,100,20.0,0.0,0.0,20.0,32.0,73.1,0.2,993.2
2026-01-09 12:00:00+00:00,4.9,81,1.9,91,125.0,23.0,81.7,102.0,26.6,59.8,0.0,995.4
2026-01-09 13:00:00+00:00,5.0,79,1.7,99,65.0,7.0,24.1,58.0,27.4,62.6,0.0,996.6
2026-01-09 14:00:00+00:00,5.0,77,1.3,100,50.0,0.0,0.0,50.0,26.3,59.0,0.0,997.8
2026-01-09 15:00:00+00:00,5.5,73,1.1,96,53.0,4.0,21.0,49.0,23.8,54.0,0.0,999.3
2026-01-09 16:00:00+00:00,5.2,72,0.6,97,7.0,0.0,0.0,7.0,23.0,52.6,0.0,1000.0
2026-01-09 17:00:00+00:00,4.9,75,0.9,98,0.0,0.0,0.0,0.0,22.0,50.4,0.0,1000.8
2026-01-09 18:00:00+00:00,4.3,85,2.0,100,0.0,0.0,0.0,0.0,23.8,54.0,0.1,1001.3
2026-01-09 19:00:00+00:00,4.3,83,1.6,100,0.0,0.0,0.0,0.0,23.4,52.9,0.0,1002.1
2026-01-09 20:00:00+00:00,4.0,87,2.0,100,0.0,0.0,0.0,0.0,22.0,49.3,0.0,1002.9
2026-01-09 21:00:00+00:00,4.1,85,1.8,88,0.0,0.0,0.0,0.0,18.0,40.7,0.0,1004.3
2026-01-09 22:00:00+00:00,3.7,82,0.9,64,0.0,0.0,0.0,0.0,18.7,42.1,0.0,1005.2
2026-01-09 23:00:00+00:00,3.7,81,0.7,71,0.0,0.0,0.0,0.0,17.6,39.2,0.0,1006.2
2026-01-10 00:00:00+00:00,3.0,81,0.0,11,0.0,0.0,0.0,0.0,17.3,39.2,0.0,1007.0
2026-01-10 01:00:00+00:00,2.7,83,0.1,24,0.0,0.0,0.0,0.0,17.3,38.5,0.0,1008.2
2026-01-10 02:00:00+00:00,2.6,84,0.1,30,0.0,0.0,0.0,0.0,14.8,32.4,0.0,1009.3
2026-01-10 03:00:00+00:00,2.3,85,0.0,27,0.0,0.0,0.0,0.0,15.8,36.4,0.0,1010.4
2026-01-10 04:00:00+00:00,2.0,85,-0.3,70,0.0,0.0,0.0,0.0,14.8,33.1,0.0,1011.3
2026-01-10 05:00:00+00:00,1.4,86,-0.7,2,0.0,0.0,0.0,0.0,11.2,25.2,0.0,1011.9
2026-01-10 06:00:00+00:00,2.5,82,-0.2,91,0.0,0.0,0.0,0.0,10.8,23.8,0.0,1012.9
2026-01-10 07:00:00+00:00,2.5,81,-0.5,65,0.0,0.0,0.0,0.0,8.6,19.4,0.0,1013.4
2026-01-10 08:00:00+00:00,1.6,85,-0.6,2,4.0,0.0,0.0,4.0,7.6,17.6,0.0,1014.1
2026-01-10 09:00:00+00:00,1.6,86,-0.5,66,32.0,4.0,62.8,28.0,5.4,12.6,0.0,1015.2
2026-01-10 10:00:00+00:00,2.3,83,-0.3,40,124.0,76.0,499.4,48.0,6.5,14.8,0.0,1015.9
2026-01-10 11:00:00+00:00,3.1,75,-0.9,12,218.0,142.0,602.2,76.0,7.6,16.9,0.0,1016.2
2026-01-10 12:00:00+00:00,3.7,73,-0.7,59,214.0,92.0,324.3,122.0,5.0,12.6,0.0,1016.6
2026-01-10 13:00:00+00:00,4.3,67,-1.3,70,206.0,73.0,249.6,133.0,4.0,11.9,0.0,1017.0
2026-01-10 14:00:00+00:00,4.6,65,-1.4,88,150.0,32.0,122.3,118.0,4.7,11.9,0.0,1017.6
2026-01-10 15:00:00+00:00,5.1,67,-0.5,42,108.0,44.0,227.6,64.0,7.9,17.3,0.0,1018.6
2026-01-10 16:00:00+00:00,4.2,72,-0.4,6,15.0,3.0,32.6,12.0,6.1,14.0,0.0,1019.3
2026-01-10 17:00:00+00:00,3.4,74,-0.8,7,0.0,0.0,0.0,0.0,6.8,15.5,0.0,1019.5
2026-01-10 18:00:00+00:00,2.4,81,-0.5,26,0.0,0.0,0.0,0.0,6.1,13.7,0.0,1020.5
2026-01-10 19:00:00+00:00,1.9,81,-1.0,38,0.0,0.0,0.0,0.0,7.6,18.0,0.0,1021.0
2026-01-10 20:00:00+00:00,0.9,84,-1.5,64,0.0,0.0,0.0,0.0,4.0,10.4,0.0,1021.8
2026-01-10 21:00:00+00:00,1.0,84,-1.4,91,0.0,0.0,0.0,0.0,5.4,13.0,0.0,1022.1
2026-01-10 22:00:00+00:00,0.9,82,-1.8,92,0.0,0.0,0.0,0.0,5.0,11.9,0.0,1022.3
2026-01-10 23:00:00+00:00,0.9,82,-1.8,78,0.0,0.0,0.0,0.0,5.8,13.7,0.0,1022.2
2026-01-11 00:00:00+00:00,0.7,86,-1.4,75,0.0,0.0,0.0,0.0,6.5,15.1,0.0,1022.2
2026-01-11 01:00:00+00:00,0.9,86,-1.2,77,0.0,0.0,0.0,0.0,7.9,18.4,0.0,1022.0
2026-01-11 02:00:00+00:00,1.3,88,-0.5,80,0.0,0.0,0.0,0.0,8.3,19.1,0.0,1021.8
2026-01-11 03:00:00+00:00,1.7,87,-0.2,98,0.0,0.0,0.0,0.0,8.3,18.7,0.0,1021.5
2026-01-11 04:00:00+00:00,2.7,83,0.1,100,0.0,0.0,0.0,0.0,10.4,23.8,0.0,1020.2
2026-01-11 05:00:00+00:00,3.5,82,0.7,100,0.0,0.0,0.0,0.0,10.4,23.8,0.0,1019.6
2026-01-11 06:00:00+00:00,4.4,80,1.3,100,0.0,0.0,0.0,0.0,14.0,31.3,0.0,1018.7
2026-01-11 07:00:00+00:00,4.9,81,1.9,100,0.0,0.0,0.0,0.0,16.9,37.4,0.0,1018.1
2026-01-11 08:00:00+00:00,5.3,78,1.8,100,1.0,0.0,0.0,1.0,17.6,38.9,0.0,1017.5
2026-01-11 09:00:00+00:00,6.3,82,3.4,100,5.0,0.0,0.0,5.0,19.4,43.6,0.0,1016.1
2026-01-11 10:00:00+00:00,6.2,86,4.0,100,19.0,0.0,0.0,19.0,22.3,49.7,0.2,1015.2
2026-01-11 11:00:00+00:00,6.2,91,4.8,100,26.0,0.0,0.0,26.0,23.8,51.8,0.3,1014.1
2026-01-11 12:00:00+00:00,6.1,94,5.2,100,27.0,0.0,0.0,27.0,24.8,55.1,1.4,1012.6
2026-01-11 13:00:00+00:00,6.5,95,5.7,100,18.0,0.0,0.0,18.0,24.1,52.9,1.4,1011.2
2026-01-11 14:00:00+00:00,7.2,95,6.4,100,14.0,0.0,0.0,14.0,28.8,63.4,0.2,1010.1
2026-01-11 15:00:00+00:00,7.9,94,7.0,100,13.0,0.0,0.0,13.0,27.7,60.8,0.1,1008.9
2026-01-11 16:00:00+00:00,8.3,94,7.4,100,3.0,0.0,0.0,3.0,29.5,64.8,0.0,1007.6
2026-01-11 17:00:00+00:00,8.5,95,7.7,100,0.0,0.0,0.0,0.0,29.2,64.1,0.0,1006.8
2026-01-11 18:00:00+00:00,8.7,95,8.0,100,0.0,0.0,0.0,0.0,31.7,69.8,1.4,1005.5
2026-01-11 19:00:00+00:00,9.3,96,8.7,100,0.0,0.0,0.0,0.0,30.6,67.7,1.9,1004.4
2026-01-11 20:00:00+00:00,9.7,97,9.2,100,0.0,0.0,0.0,0.0,29.2,64.1,0.0,1003.2
2026-01-11 21:00:00+00:00,10.1,96,9.5,100,0.0,0.0,0.0,0.0,25.6,56.2,0.9,1002.3
2026-01-11 22:00:00+00:00,10.7,96,10.1,98,0.0,0.0,0.0,0.0,19.1,42.8,1.6,1002.7
2026-01-11 23:00:00+00:00,10.7,95,9.9,84,0.0,0.0,0.0,0.0,16.9,38.2,0.0,1002.5
2026-01-12 00:00:00+00:00,10.6,94,9.7,82,0.0,0.0,0.0,0.0,15.8,36.7,0.0,1002.2
2026-01-12 01:00:00+00:00,10.3,93,9.2,100,0.0,0.0,0.0,0.0,14.8,33.5,0.0,1002.3
2026-01-12 02:00:00+00:00,10.1,92,8.8,97,0.0,0.0,0.0,0.0,15.5,34.9,0.0,1002.5
2026-01-12 03:00:00+00:00,9.4,91,8.0,57,0.0,0.0,0.0,0.0,14.8,33.5,0.0,1002.9
2026-01-12 04:00:00+00:00,9.6,90,8.0,100,0.0,0.0,0.0,0.0,17.3,38.9,0.0,1002.9
2026-01-12 05:00:00+00:00,9.7,89,8.0,100,0.0,0.0,0.0,0.0,15.5,35.6,0.1,1002.9
2026-01-12 06:00:00+00:00,9.8,92,8.5,100,0.0,0.0,0.0,0.0,16.6,38.2,0.0,1002.8
2026-01-12 07:00:00+00:00,9.7,92,8.5,63,0.0,0.0,0.0,0.0,17.3,39.2,0.0,1002.9
2026-01-12 08:00:00+00:00,10.0,93,8.9,88,3.0,0.0,0.0,3.0,19.1,42.8,0.0,1002.9
2026-01-12 09:00:00+00:00,10.1,92,8.9,86,26.0,4.0,61.1,22.0,18.7,42.5,0.0,1003.3
2026-01-12 10:00:00+00:00,10.3,92,9.0,98,80.0,9.0,57.8,71.0,14.4,32.0,0.0,1003.2
2026-01-12 11:00:00+00:00,10.3,91,8.9,100,45.0,0.0,0.0,45.0,17.6,39.2,0.0,1002.9
2026-01-12 12:00:00+00:00,10.2,86,7.9,100,61.0,0.0,0.0,61.0,17.6,39.2,0.0,1002.4
2026-01-12 13:00:00+00:00,10.0,90,8.4,100,35.0,0.0,0.0,35.0,18.0,39.6,0.0,1002.0
2026-01-12 14:00:00+00:00,9.9,90,8.4,100,22.0,0.0,0.0,22.0,17.3,38.2,0.0,1001.9
2026-01-12 15:00:00+00:00,10.3,89,8.5,88,61.0,6.0,30.1,55.0,16.2,37.1,0.0,1002.2
2026-01-12 16:00:00+00:00,10.3,90,8.7,94,10.0,0.0,0.0,10.0,14.8,33.8,0.0,1002.2
2026-01-12 17:00:00+00:00,10.3,91,8.9,85,0.0,0.0,0.0,0.0,17.6,39.6,0.0,1002.4
2026-01-12 18:00:00+00:00,10.3,93,9.2,98,0.0,0.0,0.0,0.0,17.3,38.9,0.3,1002.8
2026-01-12 19:00:00+00:00,10.3,94,9.4,77,0.0,0.0,0.0,0.0,14.0,32.0,0.0,1003.4
2026-01-12 20:00:00+00:00,9.9,95,9.2,70,0.0,0.0,0.0,0.0,11.2,25.9,0.0,1004.4
2026-01-12 21:00:00+00:00,9.6,96,9.0,59,0.0,0.0,0.0,0.0,10.8,24.5,0.0,1004.7
2026-01-12 22:00:00+00:00,8.9,96,8.3,10,0.0,0.0,0.0,0.0,8.6,19.4,0.0,1005.2
2026-01-12 23:00:00+00:00,8.4,97,8.0,44,0.0,0.0,0.0,0.0,7.9,18.0,0.0,1005.8
2026-01-13 00:00:00+00:00,8.9,96,8.3,98,0.0,0.0,0.0,0.0,7.6,17.3,0.0,1005.9
2026-01-13 01:00:00+00:00,8.8,97,8.3,99,0.0,0.0,0.0,0.0,7.6,16.9,0.0,1006.0
2026-01-13 02:00:00+00:00,8.9,98,8.6,100,0.0,0.0,0.0,0.0,4.3,8.6,0.0,1006.1
2026-01-13 03:00:00+00:00,9.1,98,8.8,100,0.0,0.0,0.0,0.0,6.1,13.0,0.0,1006.2
2026-01-13 04:00:00+00:00,9.5,98,9.2,100,0.0,0.0,0.0,0.0,10.1,22.7,0.0,1005.8
2026-01-13 05:00:00+00:00,9.7,97,9.2,100,0.0,0.0,0.0,0.0,9.0,20.5,0.0,1005.6
2026-01-13 06:00:00+00:00,9.5,97,9.1,100,0.0,0.0,0.0,0.0,10.8,23.8,0.0,1005.4
2026-01-13 07:00:00+00:00,9.3,97,8.9,100,0.0,0.0,0.0,0.0,8.6,19.4,0.0,1005.3
2026-01-13 08:00:00+00:00,9.1,97,8.7,100,2.0,0.0,0.0,2.0,7.6,17.6,0.0,1005.5
2026-01-13 09:00:00+00:00,10.2,95,9.5,100,4.0,0.0,0.0,4.0,22.7,49.3,2.3,1003.9
2026-01-13 10:00:00+00:00,10.4,96,9.8,100,13.0,0.0,0.0,13.0,24.8,56.2,0.9,1004.3
2026-01-13 11:00:00+00:00,10.2,96,9.6,100,20.0,0.0,0.0,20.0,15.5,33.8,2.0,1004.0
2026-01-13 12:00:00+00:00,10.0,96,9.4,100,28.0,0.0,0.0,28.0,23.0,50.8,1.6,1003.2
2026-01-13 13:00:00+00:00,9.8,96,9.2,100,23.0,0.0,0.0,23.0,20.9,46.1,1.4,1002.7
2026-01-13 14:00:00+00:00,10.1,95,9.3,100,35.0,0.0,0.0,35.0,17.3,38.9,0.2,1002.5
2026-01-13 15:00:00+00:00,10.0,96,9.4,100,23.0,0.0,0.0,23.0,12.6,28.1,0.1,1004.0
2026-01-13 16:00:00+00:00,9.9,97,9.5,100,3.0,0.0,0.0,3.0,6.8,15.8,0.0,1004.4
2026-01-13 17:00:00+00:00,9.9,98,9.6,100,0.0,0.0,0.0,0.0,11.5,25.6,0.6,1004.6
2026-01-13 18:00:00+00:00,9.7,98,9.4,100,0.0,0.0,0.0,0.0,8.6,18.7,1.6,1005.1
2026-01-13 19:00:00+00:00,9.7,98,9.4,100,0.0,0.0,0.0,0.0,5.8,13.3,0.0,1005.4
2026-01-13 20:00:00+00:00,9.7,99,9.6,100,0.0,0.0,0.0,0.0,4.0,8.3,0.0,1005.8
2026-01-13 21:00:00+00:00,9.7,98,9.4,100,0.0,0.0,0.0,0.0,6.8,15.8,0.3,1007.1
2026-01-13 22:00:00+00:00,9.5,94,8.6,100,0.0,0.0,0.0,0.0,10.8,24.1,0.0,1007.8
2026-01-13 23:00:00+00:00,8.6,91,7.2,100,0.0,0.0,0.0,0.0,13.0,28.1,0.0,1008.5
2026-01-14 00:00:00+00:00,7.6,95,6.9,100,0.0,0.0,0.0,0.0,11.5,25.9,0.3,1008.7
2026-01-14 01:00:00+00:00,6.9,93,5.9,100,0.0,0.0,0.0,0.0,11.2,24.8,1.0,1009.3
2026-01-14 02:00:00+00:00,6.6,93,5.5,100,0.0,0.0,0.0,0.0,10.1,22.7,0.4,1009.8
2026-01-14 03:00:00+00:00,6.6,85,4.2,100,0.0,0.0,0.0,0.0,8.6,19.1,0.0,1010.8
2026-01-14 04:00:00+00:00,6.3,84,3.8,100,0.0,0.0,0.0,0.0,8.3,19.1,0.0,1011.1
2026-01-14 05:00:00+00:00,6.0,85,3.6,96,0.0,0.0,0.0,0.0,7.2,15.8,0.0,1011.6
2026-01-14 06:00:00+00:00,5.4,77,1.7,95,0.0,0.0,0.0,0.0,7.2,16.6,0.0,1012.2
2026-01-14 07:00:00+00:00,5.3,77,1.6,96,0.0,0.0,0.0,0.0,7.2,16.6,0.0,1012.7
2026-01-14 08:00:00+00:00,5.2,77,1.5,99,3.0,0.0,0.0,3.0,6.5,14.0,0.0,1013.1
2026-01-14 09:00:00+00:00,3.6,87,1.6,21,40.0,16.0,236.7,24.0,4.0,9.0,0.0,1014.1
2026-01-14 10:00:00+00:00,4.6,81,1.6,75,85.0,23.0,143.8,62.0,5.0,11.2,0.0,1014.1
2026-01-14 11:00:00+00:00,5.3,78,1.8,100,51.0,0.0,0.0,51.0,6.1,14.0,0.0,1013.7
2026-01-14 12:00:00+00:00,5.5,80,2.3,100,27.0,0.0,0.0,27.0,7.6,16.9,0.0,1013.2
2026-01-14 13:00:00+00:00,5.8,83,3.2,100,34.0,0.0,0.0,34.0,8.6,20.2,0.0,1012.4
2026-01-14 14:00:00+00:00,6.3,84,3.8,100,36.0,0.0,0.0,36.0,9.0,20.9,0.0,1011.7
2026-01-14 15:00:00+00:00,6.6,86,4.5,100,33.0,0.0,0.0,33.0,11.2,26.3,0.0,1011.4
2026-01-14 16:00:00+00:00,7.0,89,5.3,100,8.0,0.0,0.0,8.0,12.6,28.1,0.0,1010.9
2026-01-14 17:00:00+00:00,7.3,93,6.3,100,0.0,0.0,0.0,0.0,13.0,29.2,0.0,1010.3
2026-01-14 18:00:00+00:00,7.7,99,7.5,100,0.0,0.0,0.0,0.0,9.0,20.5,0.0,1009.4
2026-01-14 19:00:00+00:00,7.9,100,7.9,100,0.0,0.0,0.0,0.0,6.8,15.5,0.1,1008.9
2026-01-14 20:00:00+00:00,9.0,98,8.7,100,0.0,0.0,0.0,0.0,11.2,24.8,0.3,1008.5
2026-01-14 21:00:00+00:00,9.3,96,8.7,99,0.0,0.0,0.0,0.0,13.7,31.0,2.1,1008.1
2026-01-14 22:00:00+00:00,8.4,93,7.4,84,0.0,0.0,0.0,0.0,10.1,23.4,0.0,1008.0
2026-01-14 23:00:00+00:00,7.6,92,6.4,100,0.0,0.0,0.0,0.0,8.3,18.7,0.0,1007.8
2026-01-15 00:00:00+00:00,7.7,85,5.4,100,0.0,0.0,0.0,0.0,9.7,21.6,0.0,1007.2
2026-01-15 01:00:00+00:00,7.9,86,5.7,100,0.0,0.0,0.0,0.0,12.2,27.4,0.0,1006.9
2026-01-15 02:00:00+00:00,8.0,90,6.5,100,0.0,0.0,0.0,0.0,15.5,35.3,0.0,1006.5
2026-01-15 03:00:00+00:00,8.7,93,7.6,100,0.0,0.0,0.0,0.0,14.8,33.5,0.5,1005.5
2026-01-15 04:00:00+00:00,9.0,95,8.3,100,0.0,0.0,0.0,0.0,18.0,40.7,0.4,1005.0
2026-01-15 05:00:00+00:00,9.1,95,8.3,100,0.0,0.0,0.0,0.0,15.8,35.6,0.0,1004.5
2026-01-15 06:00:00+00:00,9.2,92,8.0,100,0.0,0.0,0.0,0.0,16.9,37.4,0.0,1004.0
2026-01-15 07:00:00+00:00,9.0,93,8.0,100,0.0,0.0,0.0,0.0,18.4,39.2,0.0,1003.8
2026-01-15 08:00:00+00:00,8.1,92,6.9,100,1.0,0.0,0.0,1.0,14.0,31.0,1.3,1003.9
2026-01-15 09:00:00+00:00,8.4,95,7.6,100,4.0,0.0,0.0,4.0,9.4,21.2,2.3,1003.5
2026-01-15 10:00:00+00:00,8.5,96,7.9,100,12.0,0.0,0.0,12.0,14.8,32.4,1.9,1002.7
2026-01-15 11:00:00+00:00,8.4,95,7.7,100,13.0,0.0,0.0,13.0,17.6,39.2,1.6,1001.4
2026-01-15 12:00:00+00:00,8.5,95,7.7,100,12.0,0.0,0.0,12.0,22.0,48.2,3.6,999.5
2026-01-15 13:00:00+00:00,8.6,95,7.8,100,9.0,0.0,0.0,9.0,20.5,45.0,4.4,997.4
2026-01-15 14:00:00+00:00,8.9,94,8.0,100,10.0,0.0,0.0,10.0,23.0,51.5,3.6,995.5
2026-01-15 15:00:00+00:00,9.3,92,8.0,100,6.0,0.0,0.0,6.0,33.5,73.4,2.5,994.5
2026-01-15 16:00:00+00:00,9.4,93,8.3,100,3.0,0.0,0.0,3.0,32.8,72.4,1.3,993.9
2026-01-15 17:00:00+00:00,7.2,91,5.8,100,0.0,0.0,0.0,0.0,20.2,47.2,0.0,995.0
2026-01-15 18:00:00+00:00,5.1,88,3.3,80,0.0,0.0,0.0,0.0,20.2,45.4,0.0,996.2
2026-01-15 19:00:00+00:00,5.3,89,3.7,99,0.0,0.0,0.0,0.0,10.1,22.7,0.0,997.6
2026-01-15 20:00:00+00:00,5.5,89,3.8,88,0.0,0.0,0.0,0.0,9.7,23.0,0.0,998.9
2026-01-15 21:00:00+00:00,6.7,95,6.0,67,0.0,0.0,0.0,0.0,7.6,18.0,0.0,1000.0
2026-01-15 22:00:00+00:00,5.8,96,5.2,16,0.0,0.0,0.0,0.0,5.8,13.7,0.0,1001.0
2026-01-15 23:00:00+00:00,5.2,96,4.6,63,0.0,0.0,0.0,0.0,3.2,7.2,0.0,1001.7
2026-01-16 00:00:00+00:00,5.5,98,5.2,95,0.0,0.0,0.0,0.0,4.0,8.6,0.0,1002.4
2026-01-16 01:00:00+00:00,5.4,97,5.0,66,0.0,0.0,0.0,0.0,4.7,11.2,0.0,1002.7
2026-01-16 02:00:00+00:00,5.8,96,5.2,50,0.0,0.0,0.0,0.0,5.4,12.6,0.0,1003.3
2026-01-16 03:00:00+00:00,5.6,95,4.8,63,0.0,0.0,0.0,0.0,5.0,11.2,0.0,1004.0
2026-01-16 04:00:00+00:00,6.3,93,5.2,95,0.0,0.0,0.0,0.0,7.2,15.5,0.0,1004.2
2026-01-16 05:00:00+00:00,6.3,90,4.8,85,0.0,0.0,0.0,0.0,8.3,17.6,0.1,1004.7
2026-01-16 06:00:00+00:00,6.4,90,4.9,98,0.0,0.0,0.0,0.0,9.4,19.4,0.0,1005.2
2026-01-16 07:00:00+00:00,6.3,87,4.3,51,0.0,0.0,0.0,0.0,8.3,17.3,0.0,1005.7
2026-01-16 08:00:00+00:00,6.5,86,4.3,14,7.0,0.0,0.0,7.0,9.4,20.5,0.0,1006.3
2026-01-16 09:00:00+00:00,6.9,87,4.9,95,18.0,1.0,14.3,17.0,7.6,16.6,0.4,1006.5
2026-01-16 10:00:00+00:00,6.9,89,5.2,100,26.0,0.0,0.0,26.0,7.9,17.6,0.6,1007.2
2026-01-16 11:00:00+00:00,7.9,85,5.5,55,189.0,75.0,299.9,114.0,14.8,32.8,0.0,1007.6
2026-01-16 12:00:00+00:00,8.8,86,6.6,86,127.0,20.0,66.7,107.0,12.6,26.6,0.0,1007.3
2026-01-16 13:00:00+00:00,9.3,79,5.8,50,215.0,137.0,441.6,78.0,16.6,35.3,0.0,1007.3
2026-01-16 14:00:00+00:00,9.4,82,6.5,48,187.0,63.0,224.4,124.0,16.2,34.6,0.0,1007.4
2026-01-16 15:00:00+00:00,9.3,81,6.2,97,58.0,0.0,0.0,58.0,13.7,30.6,0.0,1007.9
2026-01-16 16:00:00+00:00,9.0,84,6.4,98,20.0,0.0,0.0,20.0,12.2,28.1,0.0,1007.8
2026-01-16 17:00:00+00:00,8.8,86,6.6,97,0.0,0.0,0.0,0.0,15.1,34.2,0.0,1008.1
2026-01-16 18:00:00+00:00,8.6,86,6.4,97,0.0,0.0,0.0,0.0,13.7,30.6,0.0,1008.1
2026-01-16 19:00:00+00:00,8.6,87,6.5,100,0.0,0.0,0.0,0.0,15.5,35.3,0.0,1008.4
2026-01-16 20:00:00+00:00,8.8,86,6.6,99,0.0,0.0,0.0,0.0,19.1,42.1,0.0,1008.7
2026-01-16 21:00:00+00:00,8.1,84,5.6,96,0.0,0.0,0.0,0.0,14.8,33.5,0.2,1008.0
2026-01-16 22:00:00+00:00,8.0,91,6.6,100,0.0,0.0,0.0,0.0,15.5,34.2,0.0,1008.1
2026-01-16 23:00:00+00:00,8.1,93,7.1,100,0.0,0.0,0.0,0.0,15.1,33.5,0.7,1008.3
2026-01-17 00:00:00+00:00,8.0,92,6.8,100,0.0,0.0,0.0,0.0,16.6,36.4,0.0,1008.2
2026-01-17 01:00:00+00:00,8.0,92,6.8,100,0.0,0.0,0.0,0.0,12.2,27.4,0.0,1008.5
2026-01-17 02:00:00+00:00,7.8,96,7.2,100,0.0,0.0,0.0,0.0,8.6,20.2,1.6,1008.8
2026-01-17 03:00:00+00:00,7.9,86,5.7,48,0.0,0.0,0.0,0.0,14.4,31.7,0.0,1009.7
2026-01-17 04:00:00+00:00,7.5,91,6.1,81,0.0,0.0,0.0,0.0,10.1,22.3,0.0,1009.9
2026-01-17 05:00:00+00:00,7.6,91,6.3,98,0.0,0.0,0.0,0.0,9.4,20.9,0.0,1010.4
2026-01-17 06:00:00+00:00,7.7,90,6.1,98,0.0,0.0,0.0,0.0,7.9,17.6,0.0,1010.8
2026-01-17 07:00:00+00:00,7.7,91,6.3,100,0.0,0.0,0.0,0.0,9.4,20.9,0.0,1011.5
2026-01-17 08:00:00+00:00,7.6,93,6.6,100,2.0,0.0,0.0,2.0,5.8,13.3,0.3,1011.9
2026-01-17 09:00:00+00:00,7.7,94,6.8,50,35.0,13.0,182.7,22.0,6.8,15.8,0.0,1013.1
2026-01-17 10:00:00+00:00,8.0,92,6.8,59,117.0,39.0,233.5,78.0,7.2,16.6,0.0,1013.9
2026-01-17 11:00:00+00:00,8.5,90,6.9,61,178.0,76.0,300.6,102.0,7.2,16.2,0.0,1014.3
2026-01-17 12:00:00+00:00,9.0,81,5.9,88,171.0,28.0,92.5,143.0,11.2,24.5,0.0,1014.6
2026-01-17 13:00:00+00:00,9.0,80,5.8,63,208.0,104.0,331.7,104.0,11.5,26.3,0.0,1014.6
2026-01-17 14:00:00+00:00,9.1,78,5.5,77,148.0,33.0,116.1,115.0,11.9,27.0,0.0,1014.8
2026-01-17 15:00:00+00:00,8.8,84,6.3,87,69.0,9.0,41.5,60.0,9.4,22.0,0.0,1015.1
2026-01-17 16:00:00+00:00,8.7,87,6.7,100,13.0,0.0,0.0,13.0,7.9,17.6,0.0,1015.5
2026-01-17 17:00:00+00:00,8.6,88,6.8,93,0.0,0.0,0.0,0.0,8.3,19.1,0.0,1016.2
2026-01-17 18:00:00+00:00,8.1,86,5.9,84,0.0,0.0,0.0,0.0,5.8,13.7,0.0,1016.9
2026-01-17 19:00:00+00:00,8.2,87,6.2,90,0.0,0.0,0.0,0.0,6.8,15.8,0.0,1017.5
2026-01-17 20:00:00+00:00,8.3,89,6.6,92,0.0,0.0,0.0,0.0,6.8,15.8,0.0,1017.8
2026-01-17 21:00:00+00:00,8.5,93,7.4,96,0.0,0.0,0.0,0.0,6.5,14.8,0.0,1018.0
2026-01-17 22:00:00+00:00,8.5,90,7.0,93,0.0,0.0,0.0,0.0,9.0,21.2,0.0,1018.3
2026-01-17 23:00:00+00:00,8.2,89,6.5,86,0.0,0.0,0.0,0.0,7.9,18.4,0.0,1018.4
2026-01-18 00:00:00+00:00,7.6,91,6.3,76,0.0,0.0,0.0,0.0,8.3,18.7,0.0,1018.3
2026-01-18 01:00:00+00:00,7.2,92,6.0,67,0.0,0.0,0.0,0.0,10.4,24.5,0.0,1018.0
2026-01-18 02:00:00+00:00,7.6,89,5.9,77,0.0,0.0,0.0,0.0,11.9,26.6,0.0,1018.0
2026-01-18 03:00:00+00:00,7.6,92,6.4,100,0.0,0.0,0.0,0.0,13.0,28.8,0.0,1018.0
2026-01-18 04:00:00+00:00,7.7,94,6.8,100,0.0,0.0,0.0,0.0,14.0,31.7,0.5,1017.3
2026-01-18 05:00:00+00:00,7.7,94,6.8,100,0.0,0.0,0.0,0.0,11.9,27.0,0.0,1017.0
2026-01-18 06:00:00+00:00,8.0,93,6.9,100,0.0,0.0,0.0,0.0,7.6,17.3,0.0,1017.2
2026-01-18 07:00:00+00:00,8.2,93,7.1,100,0.0,0.0,0.0,0.0,9.7,22.7,0.0,1017.4
2026-01-18 08:00:00+00:00,8.2,96,7.6,100,1.0,0.0,0.0,1.0,9.7,22.3,0.2,1017.4
2026-01-18 09:00:00+00:00,8.2,96,7.6,100,12.0,0.0,0.0,12.0,8.3,19.1,0.0,1018.1
2026-01-18 10:00:00+00:00,8.8,94,7.9,95,52.0,6.0,35.4,46.0,7.9,18.0,0.0,1017.9
2026-01-18 11:00:00+00:00,8.9,97,8.5,100,43.0,0.0,0.0,43.0,10.4,23.8,0.0,1017.6
2026-01-18 12:00:00+00:00,9.6,94,8.7,98,61.0,4.0,13.1,57.0,10.8,24.5,0.0,1016.8
2026-01-18 13:00:00+00:00,9.7,93,8.6,100,44.0,0.0,0.0,44.0,6.8,15.8,0.0,1016.3
2026-01-18 14:00:00+00:00,9.8,93,8.7,100,47.0,0.0,0.0,47.0,10.4,23.8,0.0,1015.9
2026-01-18 15:00:00+00:00,10.4,90,8.8,84,74.0,12.0,54.4,62.0,7.2,16.9,0.0,1015.7
2026-01-18 16:00:00+00:00,9.9,92,8.6,95,21.0,0.0,0.0,21.0,9.4,21.2,0.0,1015.5
2026-01-18 17:00:00+00:00,9.5,84,7.0,100,0.0,0.0,0.0,0.0,9.0,20.9,0.0,1015.2
2026-01-18 18:00:00+00:00,9.0,93,8.0,99,0.0,0.0,0.0,0.0,6.5,14.8,0.0,1015.7
2026-01-18 19:00:00+00:00,8.8,92,7.6,100,0.0,0.0,0.0,0.0,6.8,15.8,0.0,1015.7
2026-01-18 20:00:00+00:00,8.6,92,7.4,100,0.0,0.0,0.0,0.0,6.8,15.1,0.0,1015.4
2026-01-18 21:00:00+00:00,8.7,95,8.0,100,0.0,0.0,0.0,0.0,9.0,20.9,0.2,1015.3
2026-01-18 22:00:00+00:00,8.7,96,8.1,100,0.0,0.0,0.0,0.0,7.6,17.6,0.2,1014.8
2026-01-18 23:00:00+00:00,8.6,96,8.0,96,0.0,0.0,0.0,0.0,8.6,20.2,0.0,1014.4
2026-01-19 00:00:00+00:00,8.6,95,7.8,93,0.0,0.0,0.0,0.0,7.6,16.6,0.0,1014.0
2026-01-19 01:00:00+00:00,8.6,95,7.8,95,0.0,0.0,0.0,0.0,6.5,15.5,0.0,1014.0
2026-01-19 02:00:00+00:00,8.6,96,8.0,93,0.0,0.0,0.0,0.0,5.0,11.2,0.0,1014.2
2026-01-19 03:00:00+00:00,8.8,93,7.7,98,0.0,0.0,0.0,0.0,9.4,21.2,0.0,1013.9
2026-01-19 04:00:00+00:00,8.8,93,7.7,95,0.0,0.0,0.0,0.0,7.6,17.6,0.0,1013.5
2026-01-19 05:00:00+00:00,8.7,93,7.6,97,0.0,0.0,0.0,0.0,7.2,16.9,0.0,1013.3
2026-01-19 06:00:00+00:00,8.9,94,8.0,100,0.0,0.0,0.0,0.0,6.8,15.1,0.0,1013.3
2026-01-19 07:00:00+00:00,8.8,94,7.9,100,0.0,0.0,0.0,0.0,7.6,17.3,0.0,1013.6
2026-01-19 08:00:00+00:00,8.8,94,7.9,100,2.0,0.0,0.0,2.0,10.4,23.8,0.0,1014.0
2026-01-19 09:00:00+00:00,8.8,94,7.9,100,10.0,0.0,0.0,10.0,6.8,15.8,0.0,1014.5
2026-01-19 10:00:00+00:00,9.2,93,8.2,94,52.0,4.0,23.2,48.0,9.7,22.0,0.0,1014.7
2026-01-19 11:00:00+00:00,9.2,95,8.5,100,46.0,0.0,0.0,46.0,9.7,22.0,0.0,1014.6
2026-01-19 12:00:00+00:00,9.3,98,9.0,100,19.0,0.0,0.0,19.0,9.7,21.2,0.3,1013.9
2026-01-19 13:00:00+00:00,9.3,98,9.0,100,32.0,0.0,0.0,32.0,9.0,19.8,0.2,1013.6
2026-01-19 14:00:00+00:00,9.3,100,9.3,100,25.0,0.0,0.0,25.0,10.4,23.4,0.0,1013.6
2026-01-19 15:00:00+00:00,9.4,98,9.1,100,12.0,0.0,0.0,12.0,12.6,27.7,0.7,1012.9
2026-01-19 16:00:00+00:00,9.3,99,9.1,100,5.0,0.0,0.0,5.0,13.7,30.2,0.1,1013.0
2026-01-19 17:00:00+00:00,8.8,99,8.6,100,0.0,0.0,0.0,0.0,10.1,23.0,0.1,1013.4
2026-01-19 18:00:00+00:00,8.2,94,7.3,68,0.0,0.0,0.0,0.0,9.4,20.2,0.0,1013.8
2026-01-19 19:00:00+00:00,8.2,91,6.8,92,0.0,0.0,0.0,0.0,8.3,18.4,0.0,1014.1
2026-01-19 20:00:00+00:00,8.3,90,6.7,88,0.0,0.0,0.0,0.0,10.8,23.8,0.0,1014.1
2026-01-19 21:00:00+00:00,8.7,94,7.8,97,0.0,0.0,0.0,0.0,10.4,23.4,0.3,1014.2
2026-01-19 22:00:00+00:00,8.5,92,7.3,98,0.0,0.0,0.0,0.0,10.8,24.1,0.0,1014.1
2026-01-19 23:00:00+00:00,8.5,91,7.1,93,0.0,0.0,0.0,0.0,9.7,22.0,0.0,1013.8
2026-01-20 00:00:00+00:00,8.8,92,7.6,86,0.0,0.0,0.0,0.0,11.2,25.2,0.0,1013.4
2026-01-20 01:00:00+00:00,8.5,92,7.3,84,0.0,0.0,0.0,0.0,10.1,22.7,0.0,1013.4
2026-01-20 02:00:00+00:00,8.6,92,7.4,94,0.0,0.0,0.0,0.0,10.8,24.1,0.0,1013.3
2026-01-20 03:00:00+00:00,8.5,94,7.6,99,0.0,0.0,0.0,0.0,12.2,26.6,0.0,1012.8
2026-01-20 04:00:00+00:00,8.5,93,7.4,95,0.0,0.0,0.0,0.0,11.2,25.2,0.0,1012.2
2026-01-20 05:00:00+00:00,8.3,92,7.1,95,0.0,0.0,0.0,0.0,14.0,31.0,0.0,1011.8
2026-01-20 06:00:00+00:00,7.9,92,6.7,83,0.0,0.0,0.0,0.0,13.3,29.9,0.0,1011.7
2026-01-20 07:00:00+00:00,7.8,91,6.5,81,0.0,0.0,0.0,0.0,13.0,28.4,0.0,1011.4
2026-01-20 08:00:00+00:00,7.6,90,6.1,38,10.0,0.0,0.0,10.0,14.0,31.7,0.0,1011.0
2026-01-20 09:00:00+00:00,7.7,85,5.4,58,41.0,7.0,93.1,34.0,19.1,42.5,0.0,1011.1
2026-01-20 10:00:00+00:00,8.1,83,5.4,11,158.0,99.0,565.7,59.0,20.9,46.4,0.0,1010.7
2026-01-20 11:00:00+00:00,8.7,79,5.3,5,245.0,166.0,634.2,79.0,22.0,49.7,0.0,1010.1
2026-01-20 12:00:00+00:00,8.9,76,4.9,66,215.0,82.0,262.4,133.0,24.5,54.7,0.0,1009.5
2026-01-20 13:00:00+00:00,9.0,74,4.6,9,286.0,219.0,676.2,67.0,24.8,56.2,0.0,1008.0
2026-01-20 14:00:00+00:00,9.2,73,4.6,55,232.0,130.0,440.6,102.0,26.6,59.8,0.0,1007.0
2026-01-20 15:00:00+00:00,9.0,74,4.6,94,127.0,36.0,157.9,91.0,28.4,63.4,0.0,1005.6
2026-01-20 16:00:00+00:00,8.8,77,5.0,98,34.0,0.0,0.0,34.0,27.0,60.8,0.0,1005.2
2026-01-20 17:00:00+00:00,8.9,76,4.9,100,0.0,0.0,0.0,0.0,27.4,62.3,0.0,1004.7
2026-01-20 18:00:00+00:00,9.1,77,5.3,100,0.0,0.0,0.0,0.0,26.6,60.8,0.0,1003.6
2026-01-20 19:00:00+00:00,9.1,75,4.9,100,0.0,0.0,0.0,0.0,29.5,66.6,0.0,1002.6
2026-01-20 20:00:00+00:00,8.3,88,6.4,100,0.0,0.0,0.0,0.0,29.2,65.5,1.2,1002.0
2026-01-20 21:00:00+00:00,6.5,94,5.6,100,0.0,0.0,0.0,0.0,11.9,26.3,3.7,1000.8
2026-01-20 22:00:00+00:00,7.0,92,5.8,100,0.0,0.0,0.0,0.0,17.6,39.2,0.0,1000.7
2026-01-20 23:00:00+00:00,7.0,92,5.8,95,0.0,0.0,0.0,0.0,17.6,38.2,0.0,999.8
2026-01-21 00:00:00+00:00,6.7,88,4.9,50,0.0,0.0,0.0,0.0,14.8,32.0,0.1,999.2
2026-01-21 01:00:00+00:00,6.2,86,4.0,99,0.0,0.0,0.0,0.0,10.1,21.6,0.0,999.1
2026-01-21 02:00:00+00:00,6.0,87,4.0,64,0.0,0.0,0.0,0.0,10.8,23.8,0.0,999.0
2026-01-21 03:00:00+00:00,6.4,90,4.9,41,0.0,0.0,0.0,0.0,9.4,20.2,0.0,998.2
2026-01-21 04:00:00+00:00,6.5,91,5.2,39,0.0,0.0,0.0,0.0,12.2,27.4,0.0,997.3
2026-01-21 05:00:00+00:00,6.2,89,4.5,24,0.0,0.0,0.0,0.0,13.7,29.9,0.0,996.1
2026-01-21 06:00:00+00:00,6.5,89,4.8,72,0.0,0.0,0.0,0.0,14.0,32.0,0.0,994.9
2026-01-21 07:00:00+00:00,7.4,91,6.0,100,0.0,0.0,0.0,0.0,18.7,42.5,0.0,993.5
2026-01-21 08:00:00+00:00,7.7,96,7.1,100,1.0,0.0,0.0,1.0,21.6,49.0,0.7,992.0
2026-01-21 09:00:00+00:00,8.9,93,7.8,100,6.0,0.0,0.0,6.0,28.8,64.1,4.3,989.6
2026-01-21 10:00:00+00:00,8.9,93,7.9,100,15.0,0.0,0.0,15.0,32.0,70.9,2.5,989.0
2026-01-21 11:00:00+00:00,9.0,93,8.0,100,17.0,0.0,0.0,17.0,31.0,69.1,2.0,988.4
2026-01-21 12:00:00+00:00,9.4,91,8.0,100,66.0,0.0,0.0,66.0,31.3,69.8,0.1,987.7
2026-01-21 13:00:00+00:00,9.4,90,7.9,100,59.0,0.0,0.0,59.0,31.7,70.2,0.0,986.9
2026-01-21 14:00:00+00:00,9.1,92,7.8,100,22.0,0.0,0.0,22.0,29.9,66.2,0.6,986.3
2026-01-21 15:00:00+00:00,9.0,91,7.6,97,62.0,4.0,17.3,58.0,29.2,65.5,0.1,986.6
2026-01-21 16:00:00+00:00,9.0,88,7.1,96,20.0,1.0,7.6,19.0,28.4,63.4,0.0,986.5
2026-01-21 17:00:00+00:00,9.1,87,7.1,99,0.0,0.0,0.0,0.0,28.1,62.6,0.0,986.5
2026-01-21 18:00:00+00:00,9.1,87,7.1,98,0.0,0.0,0.0,0.0,26.3,59.4,0.0,986.4
2026-01-21 19:00:00+00:00,9.1,88,7.2,98,0.0,0.0,0.0,0.0,25.6,57.2,0.0,986.3
2026-01-21 20:00:00+00:00,9.1,88,7.2,100,0.0,0.0,0.0,0.0,25.9,58.3,0.0,986.3
2026-01-21 21:00:00+00:00,9.4,88,7.5,100,0.0,0.0,0.0,0.0,24.5,55.4,0.0,986.6
2026-01-21 22:00:00+00:00,9.2,91,7.8,100,0.0,0.0,0.0,0.0,22.0,49.0,0.3,986.9
2026-01-21 23:00:00+00:00,9.4,89,7.7,98,0.0,0.0,0.0,0.0,20.9,47.2,0.1,987.0
2026-01-22 00:00:00+00:00,9.5,89,7.8,100,0.0,0.0,0.0,0.0,21.2,48.2,0.0,987.0
2026-01-22 01:00:00+00:00,9.3,91,7.9,100,0.0,0.0,0.0,0.0,18.0,41.0,0.0,987.3
2026-01-22 02:00:00+00:00,9.3,93,8.2,100,0.0,0.0,0.0,0.0,16.2,37.1,0.1,987.4
2026-01-22 03:00:00+00:00,9.2,91,7.8,100,0.0,0.0,0.0,0.0,18.4,41.4,0.0,985.7
2026-01-22 04:00:00+00:00,9.2,94,8.3,100,0.0,0.0,0.0,0.0,17.6,40.0,0.7,985.7
2026-01-22 05:00:00+00:00,9.0,95,8.3,100,0.0,0.0,0.0,0.0,19.4,43.9,1.1,985.5
2026-01-22 06:00:00+00:00,9.0,94,8.1,100,0.0,0.0,0.0,0.0,18.4,42.1,0.0,985.6
2026-01-22 07:00:00+00:00,8.9,94,8.0,100,0.0,0.0,0.0,0.0,18.4,41.4,0.0,985.5
2026-01-22 08:00:00+00:00,8.9,92,7.6,100,3.0,0.0,0.0,3.0,15.5,35.3,0.1,985.6
2026-01-22 09:00:00+00:00,9.1,91,7.7,70,35.0,13.0,166.2,22.0,16.2,36.4,0.0,986.7
2026-01-22 10:00:00+00:00,9.3,89,7.6,92,78.0,6.0,33.2,72.0,17.6,38.9,0.0,986.7
2026-01-22 11:00:00+00:00,9.4,87,7.4,100,46.0,0.0,0.0,46.0,20.5,45.4,0.0,986.2
2026-01-22 12:00:00+00:00,9.0,92,7.8,98,86.0,0.0,0.0,86.0,19.8,43.2,0.1,985.6
2026-01-22 13:00:00+00:00,9.2,94,8.3,100,32.0,0.0,0.0,32.0,19.4,42.5,1.0,985.4
2026-01-22 14:00:00+00:00,9.3,92,8.0,91,127.0,52.0,171.8,75.0,22.0,46.4,0.0,985.0
2026-01-22 15:00:00+00:00,9.6,88,7.7,98,66.0,1.0,4.2,65.0,19.8,43.6,0.0,985.5
2026-01-22 16:00:00+00:00,9.1,86,6.9,98,19.0,1.0,7.4,18.0,15.5,33.8,0.0,986.0
2026-01-22 17:00:00+00:00,8.6,88,6.7,95,0.0,0.0,0.0,0.0,12.6,27.4,0.0,986.3
2026-01-22 18:00:00+00:00,8.6,89,6.9,98,0.0,0.0,0.0,0.0,12.6,28.4,0.0,986.8
2026-01-22 19:00:00+00:00,8.1,90,6.6,34,0.0,0.0,0.0,0.0,11.2,24.5,0.0,987.2
2026-01-22 20:00:00+00:00,7.5,88,5.6,8,0.0,0.0,0.0,0.0,9.4,20.5,0.0,987.7
2026-01-22 21:00:00+00:00,7.0,91,5.6,0,0.0,0.0,0.0,0.0,6.8,15.5,0.0,988.0
2026-01-22 22:00:00+00:00,6.5,93,5.5,16,0.0,0.0,0.0,0.0,5.8,12.6,0.0,987.8
2026-01-22 23:00:00+00:00,7.3,89,5.6,70,0.0,0.0,0.0,0.0,8.6,18.4,0.0,987.7
2026-01-23 00:00:00+00:00,6.6,89,4.9,20,0.0,0.0,0.0,0.0,8.6,17.3,0.0,986.6
2026-01-23 01:00:00+00:00,6.6,89,4.9,82,0.0,0.0,0.0,0.0,7.2,15.5,0.0,986.7
2026-01-23 02:00:00+00:00,6.6,91,5.3,2,0.0,0.0,0.0,0.0,12.2,25.6,0.0,986.2
2026-01-23 03:00:00+00:00,7.2,88,5.4,98,0.0,0.0,0.0,0.0,15.1,32.0,0.0,985.2
2026-01-23 04:00:00+00:00,7.6,88,5.8,99,0.0,0.0,0.0,0.0,18.4,38.9,0.0,984.2
2026-01-23 05:00:00+00:00,7.7,86,5.5,100,0.0,0.0,0.0,0.0,21.2,44.6,0.0,983.2
2026-01-23 06:00:00+00:00,7.1,89,5.4,100,0.0,0.0,0.0,0.0,24.8,52.6,1.5,982.6
2026-01-23 07:00:00+00:00,7.0,91,5.6,100,0.0,0.0,0.0,0.0,26.3,55.1,2.4,982.1
2026-01-23 08:00:00+00:00,7.4,89,5.7,100,0.0,0.0,0.0,0.0,23.0,47.9,1.0,982.2
2026-01-23 09:00:00+00:00,7.7,89,6.0,100,28.0,0.0,0.0,28.0,18.4,38.2,0.0,982.1
2026-01-23 10:00:00+00:00,8.2,87,6.1,56,103.0,37.0,201.1,66.0,19.4,40.0,0.0,982.7
2026-01-23 11:00:00+00:00,8.6,78,5.0,88,164.0,66.0,243.1,98.0,20.9,41.8,0.0,983.0
2026-01-23 12:00:00+00:00,8.8,75,4.6,73,253.0,139.0,430.3,114.0,23.4,46.4,0.0,982.8
2026-01-23 13:00:00+00:00,8.9,76,4.9,43,240.0,132.0,394.1,108.0,25.6,51.5,0.0,982.3
2026-01-23 14:00:00+00:00,9.0,74,4.6,23,239.0,158.0,515.4,81.0,26.3,51.8,0.0,982.2
2026-01-23 15:00:00+00:00,9.0,71,4.0,100,99.0,11.0,45.9,88.0,32.0,64.1,0.0,981.1
2026-01-23 16:00:00+00:00,9.0,69,3.6,93,37.0,1.0,7.2,36.0,33.1,67.3,0.0,980.6
2026-01-23 17:00:00+00:00,8.9,68,3.3,100,0.0,0.0,0.0,0.0,34.9,72.7,0.0,980.3
2026-01-23 18:00:00+00:00,8.5,71,3.5,100,0.0,0.0,0.0,0.0,33.5,69.5,0.0,980.8
2026-01-23 19:00:00+00:00,8.3,73,3.8,100,0.0,0.0,0.0,0.0,33.5,69.5,0.0,981.1
2026-01-23 20:00:00+00:00,8.2,74,3.9,100,0.0,0.0,0.0,0.0,32.0,67.0,0.0,981.6
2026-01-23 21:00:00+00:00,8.5,73,4.0,100,0.0,0.0,0.0,0.0,30.6,63.7,0.0,983.9
2026-01-23 22:00:00+00:00,8.4,73,3.9,100,0.0,0.0,0.0,0.0,28.1,58.0,0.0,984.7
2026-01-23 23:00:00+00:00,8.3,72,3.6,100,0.0,0.0,0.0,0.0,26.6,55.4,0.0,985.2
2026-01-24 00:00:00+00:00,8.0,74,3.7,100,0.0,0.0,0.0,0.0,27.7,57.2,0.0,985.6
2026-01-24 01:00:00+00:00,8.2,72,3.5,100,0.0,0.0,0.0,0.0,26.3,54.0,0.0,986.0
2026-01-24 02:00:00+00:00,7.9,78,4.3,100,0.0,0.0,0.0,0.0,26.6,55.1,0.3,986.6
2026-01-24 03:00:00+00:00,7.4,76,3.5,2,0.0,0.0,0.0,0.0,22.0,46.1,0.0,988.6
2026-01-24 04:00:00+00:00,7.4,76,3.4,25,0.0,0.0,0.0,0.0,22.3,46.4,0.0,988.7
2026-01-24 05:00:00+00:00,7.3,78,3.7,0,0.0,0.0,0.0,0.0,20.9,43.6,0.0,989.1
2026-01-24 06:00:00+00:00,7.2,79,3.8,26,0.0,0.0,0.0,0.0,20.9,43.6,0.0,989.2
2026-01-24 07:00:00+00:00,7.4,78,3.8,95,0.0,0.0,0.0,0.0,22.0,45.4,0.0,989.8
2026-01-24 08:00:00+00:00,7.4,78,3.8,20,0.0,0.0,0.0,0.0,23.4,48.6,0.0,990.4
2026-01-24 09:00:00+00:00,7.5,79,4.1,36,39.0,13.0,159.5,26.0,22.7,47.2,0.0,991.3
2026-01-24 10:00:00+00:00,7.8,78,4.2,100,130.0,55.0,293.8,75.0,23.4,48.2,0.0,991.6
2026-01-24 11:00:00+00:00,8.3,74,3.9,100,219.0,125.0,454.5,94.0,23.0,47.5,0.0,992.0
2026-01-24 12:00:00+00:00,8.4,72,3.6,45,283.0,193.0,590.7,90.0,25.6,52.6,0.0,991.9
2026-01-24 13:00:00+00:00,8.5,71,3.6,52,236.0,89.0,262.6,147.0,26.6,55.4,0.0,991.7
2026-01-24 14:00:00+00:00,8.5,72,3.8,74,206.0,102.0,328.4,104.0,26.3,54.7,0.0,991.7
2026-01-24 15:00:00+00:00,8.3,78,4.7,100,49.0,0.0,0.0,49.0,24.5,49.7,0.3,991.3
2026-01-24 16:00:00+00:00,7.6,89,5.9,100,16.0,0.0,0.0,16.0,23.0,47.9,1.0,991.1
2026-01-24 17:00:00+00:00,8.1,82,5.2,100,0.0,0.0,0.0,0.0,22.7,46.4,0.1,991.1
2026-01-24 18:00:00+00:00,8.0,85,5.6,100,0.0,0.0,0.0,0.0,19.4,40.0,0.0,991.4
2026-01-24 19:00:00+00:00,8.0,87,5.9,100,0.0,0.0,0.0,0.0,20.9,42.8,0.0,991.4
2026-01-24 20:00:00+00:00,8.0,87,6.0,100,0.0,0.0,0.0,0.0,19.8,40.0,0.0,991.5
2026-01-24 21:00:00+00:00,7.9,91,6.5,99,0.0,0.0,0.0,0.0,15.5,31.7,0.6,992.7
2026-01-24 22:00:00+00:00,7.9,92,6.7,95,0.0,0.0,0.0,0.0,15.8,32.8,0.1,993.1
2026-01-24 23:00:00+00:00,7.8,91,6.5,100,0.0,0.0,0.0,0.0,14.0,28.1,0.6,993.3
2026-01-25 00:00:00+00:00,7.0,92,5.8,100,0.0,0.0,0.0,0.0,9.7,19.8,0.1,993.5
2026-01-25 01:00:00+00:00,7.4,93,6.3,100,0.0,0.0,0.0,0.0,8.3,17.3,0.0,993.3
2026-01-25 02:00:00+00:00,7.0,94,6.1,88,0.0,0.0,0.0,0.0,4.7,10.1,0.0,993.1
2026-01-25 03:00:00+00:00,7.4,91,6.1,100,0.0,0.0,0.0,0.0,6.8,14.0,0.1,992.3
2026-01-25 04:00:00+00:00,7.2,89,5.5,66,0.0,0.0,0.0,0.0,9.4,19.1,0.0,991.8
2026-01-25 05:00:00+00:00,7.1,92,5.9,99,0.0,0.0,0.0,0.0,9.4,19.1,0.0,991.5
2026-01-25 06:00:00+00:00,6.8,92,5.6,91,0.0,0.0,0.0,0.0,10.4,22.0,0.0,990.7
2026-01-25 07:00:00+00:00,6.4,91,5.0,100,0.0,0.0,0.0,0.0,11.5,24.1,0.0,990.4
2026-01-25 08:00:00+00:00,6.3,91,5.0,91,1.0,0.0,0.0,1.0,12.2,25.9,0.0,990.6
2026-01-25 09:00:00+00:00,7.4,87,5.4,100,22.0,0.0,0.0,22.0,17.3,35.6,0.0,989.9
2026-01-25 10:00:00+00:00,7.6,87,5.6,100,58.0,1.0,5.2,57.0,17.6,37.4,0.0,990.0
2026-01-25 11:00:00+00:00,7.9,86,5.7,100,92.0,11.0,39.5,81.0,18.4,37.8,0.1,989.9
2026-01-25 12:00:00+00:00,6.9,91,5.6,100,51.0,0.0,0.0,51.0,13.3,27.4,1.7,989.5
2026-01-25 13:00:00+00:00,7.1,94,6.2,100,43.0,0.0,0.0,43.0,10.1,20.2,0.9,989.3
2026-01-25 14:00:00+00:00,7.0,89,5.3,100,89.0,0.0,0.0,89.0,4.7,10.1,0.3,989.9
2026-01-25 15:00:00+00:00,7.7,91,6.4,94,115.0,12.0,48.4,103.0,11.9,24.5,0.0,991.3
2026-01-25 16:00:00+00:00,7.7,92,6.5,92,59.0,4.0,27.2,55.0,8.6,18.4,0.2,992.1
2026-01-25 17:00:00+00:00,7.4,92,6.2,91,0.0,0.0,0.0,0.0,7.9,16.6,0.0,992.8
2026-01-25 18:00:00+00:00,6.8,94,5.9,100,0.0,0.0,0.0,0.0,5.8,12.2,1.0,993.8
2026-01-25 19:00:00+00:00,6.9,92,5.7,98,0.0,0.0,0.0,0.0,11.2,23.4,0.4,994.5
2026-01-25 20:00:00+00:00,6.8,92,5.6,100,0.0,0.0,0.0,0.0,10.1,22.0,0.7,995.4
2026-01-25 21:00:00+00:00,6.8,88,5.0,100,0.0,0.0,0.0,0.0,11.5,24.5,0.0,996.7
2026-01-25 22:00:00+00:00,6.8,87,4.8,94,0.0,0.0,0.0,0.0,10.8,22.7,0.0,997.5
2026-01-25 23:00:00+00:00,6.5,88,4.7,74,0.0,0.0,0.0,0.0,9.7,20.5,0.0,998.1
2026-01-26 00:00:00+00:00,6.9,88,5.1,100,0.0,0.0,0.0,0.0,7.6,16.2,0.0,998.8
2026-01-26 01:00:00+00:00,6.9,86,4.7,100,0.0,0.0,0.0,0.0,8.3,17.6,0.0,999.1
2026-01-26 02:00:00+00:00,6.8,86,4.6,100,0.0,0.0,0.0,0.0,7.6,15.8,0.0,999.6
2026-01-26 03:00:00+00:00,6.5,91,5.2,99,0.0,0.0,0.0,0.0,5.0,10.4,0.0,999.7
2026-01-26 04:00:00+00:00,6.5,91,5.2,100,0.0,0.0,0.0,0.0,2.9,5.8,0.0,1000.0
2026-01-26 05:00:00+00:00,6.5,91,5.2,100,0.0,0.0,0.0,0.0,3.2,6.8,0.0,1000.5
2026-01-26 06:00:00+00:00,5.8,89,4.2,96,0.0,0.0,0.0,0.0,6.5,14.0,0.0,1000.9
2026-01-26 07:00:00+00:00,5.7,89,4.1,95,0.0,0.0,0.0,0.0,8.3,17.3,0.0,1000.8
2026-01-26 08:00:00+00:00,5.7,89,4.0,100,1.0,0.0,0.0,1.0,7.6,15.5,0.0,1000.6
2026-01-26 09:00:00+00:00,5.8,87,3.8,63,58.0,43.0,505.5,15.0,6.8,15.1,0.0,1001.0
2026-01-26 10:00:00+00:00,6.1,86,4.0,100,117.0,28.0,144.3,89.0,9.0,19.1,0.0,1001.2
2026-01-26 11:00:00+00:00,6.9,84,4.4,100,126.0,5.0,17.7,121.0,10.1,20.9,0.0,1001.1
2026-01-26 12:00:00+00:00,7.6,81,4.6,99,217.0,64.0,191.3,153.0,14.8,30.6,0.0,999.9
2026-01-26 13:00:00+00:00,8.3,78,4.7,98,194.0,5.0,14.4,189.0,16.6,33.8,0.0,999.7
2026-01-26 14:00:00+00:00,8.4,78,4.8,100,136.0,3.0,9.4,133.0,19.1,39.2,0.0,999.4
2026-01-26 15:00:00+00:00,8.5,84,6.0,100,83.0,0.0,0.0,83.0,14.4,29.9,0.1,997.9
2026-01-26 16:00:00+00:00,8.2,82,5.3,100,39.0,0.0,0.0,39.0,14.8,30.2,0.0,997.8
2026-01-26 17:00:00+00:00,7.9,85,5.6,100,0.0,0.0,0.0,0.0,13.7,28.4,0.0,997.2
2026-01-26 18:00:00+00:00,7.8,88,6.0,100,0.0,0.0,0.0,0.0,13.7,28.1,0.1,997.1
2026-01-26 19:00:00+00:00,7.9,92,6.7,100,0.0,0.0,0.0,0.0,17.3,36.0,0.3,995.8
2026-01-26 20:00:00+00:00,8.0,92,6.8,100,0.0,0.0,0.0,0.0,19.1,39.2,0.3,994.5
2026-01-26 21:00:00+00:00,7.9,93,6.8,100,0.0,0.0,0.0,0.0,18.7,38.5,0.7,995.1
2026-01-26 22:00:00+00:00,7.7,94,6.8,100,0.0,0.0,0.0,0.0,22.0,45.4,0.7,993.8
2026-01-26 23:00:00+00:00,7.7,94,6.8,100,0.0,0.0,0.0,0.0,24.8,52.6,1.3,992.4
2026-01-27 00:00:00+00:00,7.4,94,6.5,100,0.0,0.0,0.0,0.0,28.4,59.0,1.4,990.4
2026-01-27 01:00:00+00:00,7.5,93,6.4,100,0.0,0.0,0.0,0.0,29.2,61.6,3.0,988.2
2026-01-27 02:00:00+00:00,7.5,92,6.3,100,0.0,0.0,0.0,0.0,30.2,64.1,5.2,986.9
2026-01-27 03:00:00+00:00,7.5,92,6.3,100,0.0,0.0,0.0,0.0,32.8,69.5,4.9,984.6
2026-01-27 04:00:00+00:00,7.2,94,6.3,100,0.0,0.0,0.0,0.0,32.8,69.5,3.7,982.9
2026-01-27 05:00:00+00:00,7.3,95,6.6,100,0.0,0.0,0.0,0.0,31.7,65.9,2.0,981.3
2026-01-27 06:00:00+00:00,7.8,96,7.2,100,0.0,0.0,0.0,0.0,27.0,56.9,4.5,980.3
2026-01-27 07:00:00+00:00,8.6,96,8.0,100,0.0,0.0,0.0,0.0,19.8,40.7,2.3,979.9
2026-01-27 08:00:00+00:00,9.2,95,8.5,100,0.0,0.0,0.0,0.0,17.6,35.6,3.7,980.1
2026-01-27 09:00:00+00:00,9.0,87,7.0,100,11.0,0.0,0.0,11.0,11.2,22.3,1.0,980.7
2026-01-27 10:00:00+00:00,9.2,92,7.9,100,29.0,0.0,0.0,29.0,14.0,28.4,1.2,980.8
2026-01-27 11:00:00+00:00,9.8,81,6.7,100,85.0,0.0,0.0,85.0,18.4,37.4,1.4,981.3
2026-01-27 12:00:00+00:00,10.3,70,5.0,100,174.0,6.0,17.7,168.0,18.0,37.1,0.0,981.8
2026-01-27 13:00:00+00:00,9.7,73,5.1,100,71.0,0.0,0.0,71.0,21.2,43.6,0.3,982.5
2026-01-27 14:00:00+00:00,9.9,75,5.7,100,59.0,0.0,0.0,59.0,14.8,29.9,0.1,982.8
2026-01-27 15:00:00+00:00,9.2,74,4.8,100,47.0,0.0,0.0,47.0,26.6,54.7,0.6,983.7
2026-01-27 16:00:00+00:00,8.7,79,5.2,98,60.0,0.0,0.0,60.0,14.0,28.1,0.4,984.4
2026-01-27 17:00:00+00:00,8.2,83,5.5,100,0.0,0.0,0.0,0.0,11.9,24.5,0.0,985.3
2026-01-27 18:00:00+00:00,7.9,84,5.4,100,0.0,0.0,0.0,0.0,9.4,19.4,0.0,986.3
2026-01-27 19:00:00+00:00,7.2,85,4.9,88,0.0,0.0,0.0,0.0,6.8,13.7,0.0,987.0
2026-01-27 20:00:00+00:00,7.1,84,4.6,100,0.0,0.0,0.0,0.0,5.0,9.7,0.0,987.8
2026-01-27 21:00:00+00:00,6.6,88,4.8,100,0.0,0.0,0.0,0.0,23.8,45.7,0.7,988.8
2026-01-27 22:00:00+00:00,6.2,89,4.5,100,0.0,0.0,0.0,0.0,5.4,10.4,2.6,990.2
2026-01-27 23:00:00+00:00,6.0,92,4.8,100,0.0,0.0,0.0,0.0,4.3,9.0,0.5,990.6
2026-01-28 00:00:00+00:00,5.7,88,3.9,100,0.0,0.0,0.0,0.0,6.8,14.0,0.0,990.6
2026-01-28 01:00:00+00:00,5.9,90,4.4,100,0.0,0.0,0.0,0.0,7.6,15.5,0.0,990.8
2026-01-28 02:00:00+00:00,5.7,93,4.6,89,0.0,0.0,0.0,0.0,5.4,11.5,0.0,991.2
2026-01-28 03:00:00+00:00,5.7,89,4.0,100,0.0,0.0,0.0,0.0,6.5,13.0,0.1,990.7
2026-01-28 04:00:00+00:00,5.6,91,4.3,100,0.0,0.0,0.0,0.0,5.4,10.4,2.6,991.1
2026-01-28 05:00:00+00:00,5.8,88,3.9,100,0.0,0.0,0.0,0.0,4.7,9.4,0.1,991.1
2026-01-28 06:00:00+00:00,5.6,92,4.4,57,0.0,0.0,0.0,0.0,4.7,8.6,0.0,991.5
2026-01-28 07:00:00+00:00,4.5,94,3.6,0,0.0,0.0,0.0,0.0,4.0,7.9,0.0,991.9
2026-01-28 08:00:00+00:00,4.3,95,3.5,34,0.0,0.0,0.0,0.0,3.2,6.5,0.0,992.4
2026-01-28 09:00:00+00:00,4.7,95,4.0,100,33.0,0.0,0.0,33.0,2.5,4.3,0.0,993.1
2026-01-28 10:00:00+00:00,5.6,92,4.4,100,69.0,0.0,0.0,69.0,5.0,10.8,0.0,993.8
2026-01-28 11:00:00+00:00,6.4,89,4.7,100,189.0,48.0,165.4,141.0,4.7,10.1,0.0,994.2
2026-01-28 12:00:00+00:00,8.2,77,4.4,0,311.0,236.0,688.3,75.0,5.4,11.9,0.0,994.2
2026-01-28 13:00:00+00:00,8.6,74,4.3,89,167.0,39.0,109.7,128.0,3.6,8.6,0.0,994.6
2026-01-28 14:00:00+00:00,8.7,72,4.0,57,219.0,101.0,308.2,118.0,4.0,9.4,0.0,995.1
2026-01-28 15:00:00+00:00,8.5,71,3.6,45,171.0,76.0,291.1,95.0,7.9,16.6,0.0,995.1
2026-01-28 16:00:00+00:00,7.7,79,4.3,11,100.0,49.0,305.9,51.0,6.5,13.0,0.0,995.5
2026-01-28 17:00:00+00:00,6.8,82,3.9,0,0.0,0.0,0.0,0.0,4.3,10.1,0.0,995.5
2026-01-28 18:00:00+00:00,6.4,85,4.1,0,0.0,0.0,0.0,0.0,4.3,9.4,0.0,995.8
2026-01-28 19:00:00+00:00,5.7,88,3.9,0,0.0,0.0,0.0,0.0,4.0,9.0,0.0,996.0
2026-01-28 20:00:00+00:00,4.9,91,3.5,0,0.0,0.0,0.0,0.0,2.2,5.0,0.0,996.4
2026-01-28 21:00:00+00:00,4.7,92,3.5,4,0.0,0.0,0.0,0.0,2.2,4.3,0.0,997.5
2026-01-28 22:00:00+00:00,4.9,92,3.7,0,0.0,0.0,0.0,0.0,4.3,9.4,0.0,997.9
2026-01-28 23:00:00+00:00,4.7,92,3.5,57,0.0,0.0,0.0,0.0,4.7,10.4,0.0,997.9
2026-01-29 00:00:00+00:00,4.6,95,3.8,28,0.0,0.0,0.0,0.0,5.8,12.2,0.0,997.8
2026-01-29 01:00:00+00:00,3.9,97,3.5,0,0.0,0.0,0.0,0.0,4.7,9.7,0.0,997.9
2026-01-29 02:00:00+00:00,3.9,98,3.6,0,0.0,0.0,0.0,0.0,5.8,11.5,0.0,998.1
2026-01-29 03:00:00+00:00,4.8,92,3.6,74,0.0,0.0,0.0,0.0,5.8,12.6,0.0,997.9
2026-01-29 04:00:00+00:00,5.2,90,3.7,82,0.0,0.0,0.0,0.0,6.8,14.8,0.0,997.6
2026-01-29 05:00:00+00:00,4.6,91,3.3,0,0.0,0.0,0.0,0.0,5.4,12.2,0.0,997.8
2026-01-29 06:00:00+00:00,3.9,93,2.9,2,0.0,0.0,0.0,0.0,7.9,17.3,0.0,998.0
2026-01-29 07:00:00+00:00,4.0,92,2.8,0,0.0,0.0,0.0,0.0,8.3,18.4,0.0,998.0
2026-01-29 08:00:00+00:00,3.9,93,2.8,0,1.0,0.0,0.0,1.0,7.6,16.6,0.0,998.2
2026-01-29 09:00:00+00:00,4.5,92,3.3,0,62.0,43.0,473.1,19.0,9.4,20.5,0.0,998.2
2026-01-29 10:00:00+00:00,5.6,88,3.8,50,127.0,21.0,102.3,106.0,11.2,23.0,0.0,998.1
2026-01-29 11:00:00+00:00,6.8,86,4.6,78,163.0,45.0,152.9,118.0,13.3,27.7,0.0,997.8
2026-01-29 12:00:00+00:00,7.9,76,4.0,55,246.0,95.0,273.7,151.0,20.5,42.8,0.0,997.0
2026-01-29 13:00:00+00:00,7.7,75,3.6,74,234.0,60.0,166.6,174.0,22.7,46.8,0.0,996.6
2026-01-29 14:00:00+00:00,7.3,77,3.5,78,167.0,44.0,132.4,123.0,22.7,47.2,0.0,996.2
2026-01-29 15:00:00+00:00,6.7,80,3.5,95,98.0,8.0,30.1,90.0,23.4,48.2,0.0,994.6
2026-01-29 16:00:00+00:00,6.5,84,4.0,99,41.0,0.0,0.0,41.0,22.7,47.2,0.0,994.1
2026-01-29 17:00:00+00:00,6.6,82,3.8,98,0.0,0.0,0.0,0.0,19.4,41.0,0.0,993.2
2026-01-29 18:00:00+00:00,7.0,87,5.0,100,0.0,0.0,0.0,0.0,19.4,40.7,0.2,991.9
2026-01-29 19:00:00+00:00,7.4,88,5.5,100,0.0,0.0,0.0,0.0,19.4,41.0,0.2,991.2
2026-01-29 20:00:00+00:00,7.4,91,6.1,100,0.0,0.0,0.0,0.0,19.1,40.3,0.8,990.5
2026-01-29 21:00:00+00:00,7.5,93,6.4,100,0.0,0.0,0.0,0.0,17.3,36.4,0.5,989.9
2026-01-29 22:00:00+00:00,7.5,94,6.6,100,0.0,0.0,0.0,0.0,19.1,39.2,1.3,989.6
2026-01-29 23:00:00+00:00,7.5,95,6.7,98,0.0,0.0,0.0,0.0,20.9,43.2,0.4,989.3
2026-01-30 00:00:00+00:00,7.4,97,7.0,100,0.0,0.0,0.0,0.0,16.6,34.6,1.1,988.9
2026-01-30 01:00:00+00:00,7.7,96,7.1,100,0.0,0.0,0.0,0.0,13.7,28.8,0.6,988.9
2026-01-30 02:00:00+00:00,7.7,97,7.3,100,0.0,0.0,0.0,0.0,11.5,24.1,1.0,988.8
2026-01-30 03:00:00+00:00,7.8,96,7.2,100,0.0,0.0,0.0,0.0,9.0,18.4,0.3,988.6
2026-01-30 04:00:00+00:00,7.8,97,7.3,100,0.0,0.0,0.0,0.0,6.5,13.0,0.9,988.6
2026-01-30 05:00:00+00:00,7.7,97,7.3,100,0.0,0.0,0.0,0.0,6.5,13.3,0.9,988.5
2026-01-30 06:00:00+00:00,7.4,95,6.6,100,0.0,0.0,0.0,0.0,5.8,12.2,0.1,988.5
2026-01-30 07:00:00+00:00,7.5,98,7.2,100,0.0,0.0,0.0,0.0,4.0,8.6,0.8,988.8
2026-01-30 08:00:00+00:00,7.6,95,6.8,100,0.0,0.0,0.0,0.0,5.8,12.2,0.0,988.5
2026-01-30 09:00:00+00:00,7.6,91,6.3,38,45.0,16.0,172.1,29.0,7.9,15.5,0.0,988.7
2026-01-30 10:00:00+00:00,8.7,91,7.3,100,27.0,0.0,0.0,27.0,8.6,17.3,0.0,989.1
2026-01-30 11:00:00+00:00,9.0,86,6.8,95,161.0,11.0,36.8,150.0,7.6,15.1,0.7,988.9
2026-01-30 12:00:00+00:00,9.6,76,5.6,100,259.0,114.0,324.3,145.0,8.3,16.6,0.2,988.2
2026-01-30 13:00:00+00:00,9.8,84,7.3,99,246.0,75.0,205.7,171.0,10.8,22.0,0.0,987.5
2026-01-30 14:00:00+00:00,10.0,80,6.7,65,250.0,114.0,338.5,136.0,13.0,26.6,0.0,987.1
2026-01-30 15:00:00+00:00,8.8,90,7.3,100,77.0,0.0,0.0,77.0,19.4,40.7,0.5,984.9
2026-01-30 16:00:00+00:00,8.6,93,7.6,100,40.0,0.0,0.0,40.0,23.8,49.7,1.3,983.7
2026-01-30 17:00:00+00:00,8.8,91,7.4,98,0.0,0.0,0.0,0.0,24.8,51.1,0.1,982.9
2026-01-30 18:00:00+00:00,9.4,84,6.8,97,0.0,0.0,0.0,0.0,23.0,47.9,0.0,982.1
2026-01-30 19:00:00+00:00,8.9,82,6.0,100,0.0,0.0,0.0,0.0,25.6,52.2,0.2,982.1
2026-01-30 20:00:00+00:00,8.5,84,5.9,100,0.0,0.0,0.0,0.0,24.8,50.4,0.6,982.0
2026-01-30 21:00:00+00:00,8.4,84,5.8,100,0.0,0.0,0.0,0.0,28.1,57.2,0.5,982.3
2026-01-30 22:00:00+00:00,8.6,82,5.7,98,0.0,0.0,0.0,0.0,25.6,51.5,0.1,983.1
2026-01-30 23:00:00+00:00,8.1,82,5.2,77,0.0,0.0,0.0,0.0,25.6,51.5,0.0,984.0
2026-01-31 00:00:00+00:00,8.1,82,5.2,100,0.0,0.0,0.0,0.0,24.5,50.0,0.2,984.4
2026-01-31 01:00:00+00:00,8.0,83,5.3,100,0.0,0.0,0.0,0.0,25.6,51.8,0.3,985.7
2026-01-31 02:00:00+00:00,7.8,88,5.9,100,0.0,0.0,0.0,0.0,20.2,40.7,0.4,986.8
2026-01-31 03:00:00+00:00,7.8,82,4.9,66,0.0,0.0,0.0,0.0,18.7,38.5,0.1,988.6
2026-01-31 04:00:00+00:00,7.8,79,4.4,95,0.0,0.0,0.0,0.0,13.7,28.1,0.0,989.5
2026-01-31 05:00:00+00:00,7.4,82,4.6,60,0.0,0.0,0.0,0.0,14.0,28.1,0.0,990.3
2026-01-31 06:00:00+00:00,7.2,85,4.9,100,0.0,0.0,0.0,0.0,12.2,25.2,0.7,991.0
2026-01-31 07:00:00+00:00,7.6,85,5.3,100,0.0,0.0,0.0,0.0,12.6,25.6,0.0,992.1
2026-01-31 08:00:00+00:00,8.0,82,5.1,100,1.0,0.0,0.0,1.0,14.0,28.4,0.0,993.2
2026-01-31 09:00:00+00:00,7.3,87,5.3,100,48.0,11.0,115.7,37.0,5.8,11.5,0.0,996.7
2026-01-31 10:00:00+00:00,8.4,82,5.5,0,173.0,120.0,562.5,53.0,8.6,17.6,0.0,997.4
2026-01-31 11:00:00+00:00,9.3,83,6.5,95,149.0,52.0,171.7,97.0,16.6,33.5,0.0,998.0
2026-01-31 12:00:00+00:00,10.3,69,4.9,85,247.0,93.0,261.2,154.0,13.7,27.0,0.0,998.0
2026-01-31 13:00:00+00:00,10.5,68,4.8,99,195.0,59.0,159.8,136.0,15.5,30.2,0.0,998.4
2026-01-31 14:00:00+00:00,10.4,64,3.9,100,261.0,125.0,366.1,136.0,14.8,31.0,0.0,998.9
2026-01-31 15:00:00+00:00,9.5,70,4.3,100,178.0,66.0,240.2,112.0,14.4,29.5,0.0,1000.0
2026-01-31 16:00:00+00:00,9.1,74,4.7,23,85.0,25.0,143.9,60.0,12.2,25.2,0.0,1000.3
2026-01-31 17:00:00+00:00,8.4,85,6.0,90,0.0,0.0,0.0,0.0,10.8,22.0,0.0,1000.8
2026-01-31 18:00:00+00:00,7.6,93,6.5,0,0.0,0.0,0.0,0.0,6.8,14.0,0.0,1000.7
2026-01-31 19:00:00+00:00,7.6,92,6.4,95,0.0,0.0,0.0,0.0,7.2,13.7,0.0,1000.9
2026-01-31 20:00:00+00:00,7.5,92,6.3,59,0.0,0.0,0.0,0.0,6.5,13.3,0.0,1001.3
2026-01-31 21:00:00+00:00,7.3,94,6.4,45,0.0,0.0,0.0,0.0,5.4,10.8,0.0,1002.2
2026-01-31 22:00:00+00:00,6.8,94,5.9,48,0.0,0.0,0.0,0.0,5.0,9.4,0.0,1002.5
2026-01-31 23:00:00+00:00,6.9,94,6.0,100,0.0,0.0,0.0,0.0,6.5,11.9,0.0,1002.5
2026-02-01 00:00:00+00:00,7.2,94,6.3,100,0.0,0.0,0.0,0.0,5.8,11.2,0.0,1002.5
2026-02-01 01:00:00+00:00,7.4,94,6.5,100,0.0,0.0,0.0,0.0,7.9,15.5,0.0,1002.3
2026-02-01 02:00:00+00:00,7.7,94,6.8,100,0.0,0.0,0.0,0.0,6.5,13.7,0.0,1002.3
2026-02-01 03:00:00+00:00,7.6,94,6.7,100,0.0,0.0,0.0,0.0,6.1,11.9,0.0,1001.4
2026-02-01 04:00:00+00:00,7.5,98,7.2,100,0.0,0.0,0.0,0.0,2.9,4.7,1.5,1001.2
2026-02-01 05:00:00+00:00,7.7,98,7.4,100,0.0,0.0,0.0,0.0,4.7,8.6,0.5,1001.1
2026-02-01 06:00:00+00:00,7.6,96,7.0,100,0.0,0.0,0.0,0.0,3.6,7.6,0.0,1001.1
2026-02-01 07:00:00+00:00,7.6,96,7.0,100,0.0,0.0,0.0,0.0,10.4,22.0,1.1,1001.3
2026-02-01 08:00:00+00:00,7.5,94,6.6,100,1.0,0.0,0.0,1.0,8.3,16.9,0.5,1001.9
2026-02-01 09:00:00+00:00,7.6,93,6.5,100,18.0,0.0,0.0,18.0,4.7,9.4,0.5,1001.2
2026-02-01 10:00:00+00:00,7.8,94,6.9,100,58.0,0.0,0.0,58.0,6.1,13.0,0.3,1000.9
2026-02-01 11:00:00+00:00,7.8,91,6.5,100,61.0,0.0,0.0,61.0,10.4,22.0,0.5,1000.6
2026-02-01 12:00:00+00:00,7.7,93,6.7,100,33.0,0.0,0.0,33.0,11.2,23.8,0.2,999.2
2026-02-01 13:00:00+00:00,7.7,92,6.5,100,50.0,0.0,0.0,50.0,12.2,25.9,0.3,998.3
2026-02-01 14:00:00+00:00,7.8,93,6.7,100,61.0,0.0,0.0,61.0,11.5,23.8,0.0,998.0
2026-02-01 15:00:00+00:00,8.0,90,6.4,100,48.0,0.0,0.0,48.0,1.8,4.7,0.5,999.5
2026-02-01 16:00:00+00:00,8.1,92,6.9,100,26.0,0.0,0.0,26.0,4.3,9.0,0.5,999.7
2026-02-01 17:00:00+00:00,7.9,93,6.8,100,0.0,0.0,0.0,0.0,4.0,8.3,0.6,999.5
2026-02-01 18:00:00+00:00,7.7,94,6.8,100,0.0,0.0,0.0,0.0,6.1,13.0,0.4,999.1
2026-02-01 19:00:00+00:00,7.7,94,6.8,100,0.0,0.0,0.0,0.0,4.3,9.0,0.6,998.6
2026-02-01 20:00:00+00:00,7.1,92,5.9,100,0.0,0.0,0.0,0.0,13.7,27.4,0.3,998.4
2026-02-01 21:00:00+00:00,5.8,87,3.8,43,0.0,0.0,0.0,0.0,11.2,23.0,0.0,998.7
2026-02-01 22:00:00+00:00,5.0,90,3.5,2,0.0,0.0,0.0,0.0,9.0,18.7,0.0,998.5
2026-02-01 23:00:00+00:00,5.1,89,3.4,91,0.0,0.0,0.0,0.0,6.5,13.7,0.0,998.7
2026-02-02 00:00:00+00:00,4.5,90,3.0,72,0.0,0.0,0.0,0.0,5.8,12.2,0.0,998.6
2026-02-02 01:00:00+00:00,4.7,89,3.1,96,0.0,0.0,0.0,0.0,7.6,15.5,0.0,998.0
2026-02-02 02:00:00+00:00,4.8,89,3.2,70,0.0,0.0,0.0,0.0,6.8,14.8,0.0,997.2
2026-02-02 03:00:00+00:00,4.1,88,2.3,7,0.0,0.0,0.0,0.0,5.0,11.2,0.0,996.7
2026-02-02 04:00:00+00:00,3.3,90,1.8,2,0.0,0.0,0.0,0.0,3.2,7.2,0.0,996.1
2026-02-02 05:00:00+00:00,3.9,89,2.3,99,0.0,0.0,0.0,0.0,1.4,4.3,0.0,995.7
2026-02-02 06:00:00+00:00,6.3,93,5.2,100,0.0,0.0,0.0,0.0,3.6,7.9,0.0,995.3
2026-02-02 07:00:00+00:00,6.6,94,5.7,100,0.0,0.0,0.0,0.0,6.1,13.0,0.0,995.1
2026-02-02 08:00:00+00:00,6.9,94,6.0,100,2.0,0.0,0.0,2.0,7.6,16.2,0.0,995.0
2026-02-02 09:00:00+00:00,7.3,90,5.8,95,32.0,3.0,29.6,29.0,10.4,21.6,0.0,995.7
2026-02-02 10:00:00+00:00,7.8,87,5.8,86,136.0,50.0,225.5,86.0,13.7,28.4,0.0,995.2
2026-02-02 11:00:00+00:00,8.5,83,5.8,98,133.0,0.0,0.0,133.0,15.1,32.4,0.0,994.5
2026-02-02 12:00:00+00:00,9.1,78,5.5,100,125.0,0.0,0.0,125.0,15.1,32.0,0.0,994.1
2026-02-02 13:00:00+00:00,8.9,80,5.7,100,159.0,30.0,79.3,129.0,15.5,32.8,0.0,993.4
2026-02-02 14:00:00+00:00,8.9,76,4.9,100,136.0,4.0,11.4,132.0,18.4,38.9,0.0,992.9
2026-02-02 15:00:00+00:00,8.5,76,4.5,100,72.0,0.0,0.0,72.0,17.6,37.1,0.0,992.8
2026-02-02 16:00:00+00:00,7.9,83,5.2,96,31.0,0.0,0.0,31.0,17.3,36.4,0.0,992.4
2026-02-02 17:00:00+00:00,7.4,79,4.0,74,0.0,0.0,0.0,0.0,16.6,35.3,0.0,991.9
2026-02-02 18:00:00+00:00,7.0,76,3.0,100,0.0,0.0,0.0,0.0,14.8,31.7,0.0,992.1
2026-02-02 19:00:00+00:00,6.8,74,2.5,100,0.0,0.0,0.0,0.0,16.9,36.0,0.0,991.8
2026-02-02 20:00:00+00:00,6.8,74,2.5,100,0.0,0.0,0.0,0.0,17.3,36.7,0.0,991.2
2026-02-02 21:00:00+00:00,6.8,76,2.9,100,0.0,0.0,0.0,0.0,16.6,35.3,0.0,991.2
2026-02-02 22:00:00+00:00,6.9,78,3.4,99,0.0,0.0,0.0,0.0,17.3,37.1,0.0,990.7
2026-02-02 23:00:00+00:00,6.9,80,3.7,100,0.0,0.0,0.0,0.0,16.6,35.6,0.0,990.3
2026-02-03 00:00:00+00:00,7.4,80,4.2,100,0.0,0.0,0.0,0.0,16.9,36.4,0.0,989.8
2026-02-03 01:00:00+00:00,7.3,81,4.3,100,0.0,0.0,0.0,0.0,16.9,36.4,0.0,989.5
2026-02-03 02:00:00+00:00,7.2,85,4.8,100,0.0,0.0,0.0,0.0,16.9,36.0,0.2,989.3
2026-02-03 03:00:00+00:00,7.1,91,5.7,100,0.0,0.0,0.0,0.0,13.0,28.4,0.2,989.3
2026-02-03 04:00:00+00:00,7.0,93,5.9,100,0.0,0.0,0.0,0.0,13.7,28.8,0.4,988.9
2026-02-03 05:00:00+00:00,6.9,93,5.8,100,0.0,0.0,0.0,0.0,13.7,29.2,0.6,988.7
2026-02-03 06:00:00+00:00,6.8,93,5.7,100,0.0,0.0,0.0,0.0,13.0,27.7,0.3,988.9
2026-02-03 07:00:00+00:00,6.6,93,5.5,100,0.0,0.0,0.0,0.0,12.6,26.6,0.7,989.1
2026-02-03 08:00:00+00:00,6.4,94,5.5,100,0.0,0.0,0.0,0.0,11.9,24.8,0.7,989.5
2026-02-03 09:00:00+00:00,6.1,92,4.9,100,9.0,0.0,0.0,9.0,12.2,26.3,0.8,989.6
2026-02-03 10:00:00+00:00,6.1,92,4.9,100,28.0,0.0,0.0,28.0,11.9,24.8,1.2,989.8
2026-02-03 11:00:00+00:00,6.2,92,5.0,100,51.0,0.0,0.0,51.0,10.4,22.0,1.5,990.1
2026-02-03 12:00:00+00:00,6.5,91,5.2,100,85.0,0.0,0.0,85.0,10.1,20.9,1.0,989.7
2026-02-03 13:00:00+00:00,6.8,91,5.4,100,78.0,0.0,0.0,78.0,9.4,19.4,0.8,989.5
2026-02-03 14:00:00+00:00,6.8,92,5.6,100,40.0,0.0,0.0,40.0,6.5,13.3,1.5,989.8
2026-02-03 15:00:00+00:00,6.9,94,6.0,100,32.0,0.0,0.0,32.0,5.8,11.9,0.6,990.7
2026-02-03 16:00:00+00:00,6.9,96,6.3,100,16.0,0.0,0.0,16.0,5.0,10.8,1.3,990.8
2026-02-03 17:00:00+00:00,7.1,97,6.7,100,0.0,0.0,0.0,0.0,4.7,9.4,0.8,990.9
2026-02-03 18:00:00+00:00,6.9,97,6.5,100,0.0,0.0,0.0,0.0,4.7,10.4,0.1,991.1
2026-02-03 19:00:00+00:00,7.1,98,6.8,100,0.0,0.0,0.0,0.0,4.0,7.2,0.4,991.1
2026-02-03 20:00:00+00:00,7.0,97,6.5,84,0.0,0.0,0.0,0.0,6.5,12.2,0.0,991.3
2026-02-03 21:00:00+00:00,6.5,95,5.7,100,0.0,0.0,0.0,0.0,5.0,10.4,0.0,992.6
2026-02-03 22:00:00+00:00,6.5,97,6.0,97,0.0,0.0,0.0,0.0,6.1,12.6,0.0,992.5
2026-02-03 23:00:00+00:00,6.8,97,6.4,100,0.0,0.0,0.0,0.0,5.0,10.1,0.0,992.4
2026-02-04 00:00:00+00:00,6.7,96,6.1,0,0.0,0.0,0.0,0.0,6.5,12.2,0.0,992.0
2026-02-04 01:00:00+00:00,6.5,96,5.9,0,0.0,0.0,0.0,0.0,6.8,13.7,0.0,991.9
2026-02-04 02:00:00+00:00,6.3,97,5.8,0,0.0,0.0,0.0,0.0,6.8,13.7,0.0,991.7
2026-02-04 03:00:00+00:00,7.0,95,6.3,80,0.0,0.0,0.0,0.0,7.6,15.8,0.0,991.6
2026-02-04 04:00:00+00:00,7.0,94,6.1,97,0.0,0.0,0.0,0.0,7.6,15.8,0.0,991.2
2026-02-04 05:00:00+00:00,7.2,94,6.3,96,0.0,0.0,0.0,0.0,8.6,19.1,0.0,991.0
2026-02-04 06:00:00+00:00,6.8,95,6.0,23,0.0,0.0,0.0,0.0,10.4,21.6,0.0,990.6
2026-02-04 07:00:00+00:00,6.5,96,5.9,5,0.0,0.0,0.0,0.0,10.4,22.3,0.0,990.7
2026-02-04 08:00:00+00:00,6.4,97,5.9,62,4.0,0.0,0.0,4.0,10.4,23.0,0.0,990.8
2026-02-04 09:00:00+00:00,6.8,95,6.0,1,77.0,47.0,428.4,30.0,11.9,25.2,0.0,990.7
2026-02-04 10:00:00+00:00,7.9,90,6.3,89,127.0,11.0,47.7,116.0,14.4,30.6,0.0,990.6
2026-02-04 11:00:00+00:00,8.6,86,6.4,92,153.0,1.0,3.1,152.0,16.6,35.3,0.0,990.3
2026-02-04 12:00:00+00:00,8.9,80,5.7,98,136.0,2.0,5.3,134.0,18.7,39.2,0.0,989.7
2026-02-04 13:00:00+00:00,9.4,76,5.4,100,273.0,112.0,288.5,161.0,19.8,41.8,0.0,988.8
2026-02-04 14:00:00+00:00,9.8,68,4.2,77,176.0,42.0,116.5,134.0,17.3,37.1,0.0,988.3
2026-02-04 15:00:00+00:00,10.6,60,3.2,0,239.0,161.0,547.9,78.0,17.6,37.8,0.0,987.6
2026-02-04 16:00:00+00:00,10.0,67,4.1,98,116.0,41.0,213.1,75.0,17.6,37.8,0.0,986.6
2026-02-04 17:00:00+00:00,9.3,71,4.3,100,0.0,0.0,0.0,0.0,16.6,36.0,0.0,986.2
2026-02-04 18:00:00+00:00,9.0,76,5.0,100,0.0,0.0,0.0,0.0,19.1,40.7,0.0,985.9
2026-02-04 19:00:00+00:00,8.7,77,4.9,100,0.0,0.0,0.0,0.0,18.0,38.9,0.0,985.2
2026-02-04 20:00:00+00:00,8.6,78,5.0,100,0.0,0.0,0.0,0.0,18.7,40.3,0.0,984.4
2026-02-04 21:00:00+00:00,8.1,78,4.5,84,0.0,0.0,0.0,0.0,18.7,40.0,0.0,985.0
2026-02-04 22:00:00+00:00,8.0,78,4.4,69,0.0,0.0,0.0,0.0,18.4,39.6,0.0,984.5
2026-02-04 23:00:00+00:00,8.1,76,4.1,86,0.0,0.0,0.0,0.0,18.4,39.2,0.0,984.0
2026-02-05 00:00:00+00:00,7.9,76,4.0,100,0.0,0.0,0.0,0.0,17.6,38.2,0.0,983.5
2026-02-05 01:00:00+00:00,7.9,81,4.9,100,0.0,0.0,0.0,0.0,17.6,38.5,0.4,983.1
2026-02-05 02:00:00+00:00,7.6,84,5.1,100,0.0,0.0,0.0,0.0,18.4,38.9,0.5,982.5
2026-02-05 03:00:00+00:00,7.2,91,5.9,100,0.0,0.0,0.0,0.0,19.4,42.1,0.8,981.6
2026-02-05 04:00:00+00:00,7.2,94,6.3,100,0.0,0.0,0.0,0.0,19.1,41.0,0.7,981.1
2026-02-05 05:00:00+00:00,7.2,95,6.5,100,0.0,0.0,0.0,0.0,18.4,39.2,0.3,980.8
2026-02-05 06:00:00+00:00,7.5,95,6.8,100,0.0,0.0,0.0,0.0,18.4,39.6,0.2,980.2
2026-02-05 07:00:00+00:00,7.6,96,7.0,100,0.0,0.0,0.0,0.0,16.2,35.3,0.0,980.2
2026-02-05 08:00:00+00:00,7.9,96,7.3,100,1.0,0.0,0.0,1.0,13.7,29.5,0.8,980.2
2026-02-05 09:00:00+00:00,8.5,96,7.9,100,18.0,0.0,0.0,18.0,13.3,28.1,0.2,980.8
2026-02-05 10:00:00+00:00,9.0,94,8.1,100,37.0,0.0,0.0,37.0,15.1,31.3,0.0,981.1
2026-02-05 11:00:00+00:00,9.3,92,8.1,99,52.0,0.0,0.0,52.0,14.4,30.2,0.0,981.2
2026-02-05 12:00:00+00:00,9.6,89,7.9,98,129.0,1.0,2.6,128.0,17.6,35.3,0.0,981.3
2026-02-05 13:00:00+00:00,10.0,85,7.6,47,300.0,158.0,402.0,142.0,13.3,27.7,0.0,980.6
2026-02-05 14:00:00+00:00,10.5,81,7.4,91,191.0,26.0,71.1,165.0,12.2,25.6,0.0,980.5
2026-02-05 15:00:00+00:00,9.9,90,8.3,100,49.0,0.0,0.0,49.0,15.8,32.4,0.0,980.5
2026-02-05 16:00:00+00:00,10.0,90,8.4,100,28.0,0.0,0.0,28.0,15.1,32.0,0.1,980.2
2026-02-05 17:00:00+00:00,9.7,92,8.4,100,0.0,0.0,0.0,0.0,15.5,33.5,0.8,980.1
2026-02-05 18:00:00+00:00,9.4,94,8.5,100,0.0,0.0,0.0,0.0,18.0,37.8,1.5,980.5
2026-02-05 19:00:00+00:00,9.0,95,8.2,100,0.0,0.0,0.0,0.0,17.6,36.4,1.1,980.7
2026-02-05 20:00:00+00:00,8.8,96,8.2,100,0.0,0.0,0.0,0.0,14.0,29.5,1.0,981.2
2026-02-05 21:00:00+00:00,9.0,96,8.4,100,0.0,0.0,0.0,0.0,13.7,28.4,0.4,981.4
2026-02-05 22:00:00+00:00,8.9,96,8.3,100,0.0,0.0,0.0,0.0,12.2,25.6,0.6,981.6
2026-02-05 23:00:00+00:00,8.9,96,8.3,100,0.0,0.0,0.0,0.0,10.4,22.0,0.1,981.9
2026-02-06 00:00:00+00:00,8.9,93,7.8,100,0.0,0.0,0.0,0.0,11.9,24.5,0.0,982.0
2026-02-06 01:00:00+00:00,9.0,94,8.1,100,0.0,0.0,0.0,0.0,14.8,30.2,0.0,982.0
2026-02-06 02:00:00+00:00,8.8,95,8.0,100,0.0,0.0,0.0,0.0,15.8,32.8,1.0,982.2
2026-02-06 03:00:00+00:00,8.5,96,7.9,100,0.0,0.0,0.0,0.0,13.0,27.4,0.7,982.4
2026-02-06 04:00:00+00:00,8.5,96,7.9,100,0.0,0.0,0.0,0.0,16.2,33.8,0.7,982.4
2026-02-06 05:00:00+00:00,8.6,94,7.7,100,0.0,0.0,0.0,0.0,14.4,31.0,0.6,982.6
2026-02-06 06:00:00+00:00,8.8,96,8.2,100,0.0,0.0,0.0,0.0,14.4,29.9,0.1,982.9
2026-02-06 07:00:00+00:00,8.7,97,8.3,100,0.0,0.0,0.0,0.0,13.0,27.4,1.0,983.5
2026-02-06 08:00:00+00:00,8.8,96,8.2,100,2.0,0.0,0.0,2.0,14.0,29.2,0.7,984.0
2026-02-06 09:00:00+00:00,9.7,96,9.1,93,52.0,6.0,50.7,46.0,9.4,19.1,0.1,983.4
2026-02-06 10:00:00+00:00,10.1,94,9.2,100,19.0,0.0,0.0,19.0,12.2,24.8,0.0,984.0
2026-02-06 11:00:00+00:00,10.4,94,9.5,100,52.0,0.0,0.0,52.0,14.4,28.1,0.1,984.7
2026-02-06 12:00:00+00:00,11.3,87,9.2,91,200.0,48.0,124.9,152.0,15.8,31.0,0.0,984.9
2026-02-06 13:00:00+00:00,11.1,81,7.9,100,178.0,9.0,22.6,169.0,15.5,30.2,0.0,985.4
2026-02-06 14:00:00+00:00,11.3,83,8.5,77,254.0,123.0,332.0,131.0,13.3,25.9,0.0,985.7
2026-02-06 15:00:00+00:00,11.2,82,8.2,93,127.0,7.0,23.1,120.0,17.3,33.1,0.0,986.3
2026-02-06 16:00:00+00:00,10.5,88,8.6,100,18.0,0.0,0.0,18.0,17.6,33.8,0.3,986.9
2026-02-06 17:00:00+00:00,10.0,88,8.1,100,0.0,0.0,0.0,0.0,13.7,28.1,0.1,987.7
2026-02-06 18:00:00+00:00,9.6,83,6.9,70,0.0,0.0,0.0,0.0,11.2,23.0,0.1,988.6
2026-02-06 19:00:00+00:00,9.2,89,7.5,7,0.0,0.0,0.0,0.0,10.8,22.0,0.0,989.3
2026-02-06 20:00:00+00:00,8.7,91,7.3,14,0.0,0.0,0.0,0.0,7.9,15.8,0.0,989.9
2026-02-06 21:00:00+00:00,9.0,87,7.0,0,0.0,0.0,0.0,0.0,11.2,23.0,0.0,990.2
2026-02-06 22:00:00+00:00,9.0,77,5.2,100,0.0,0.0,0.0,0.0,15.5,31.0,0.0,990.7
2026-02-06 23:00:00+00:00,8.8,71,3.8,100,0.0,0.0,0.0,0.0,11.9,24.8,0.1,990.9
2026-02-07 00:00:00+00:00,8.6,82,5.7,100,0.0,0.0,0.0,0.0,13.7,28.1,0.1,990.3
2026-02-07 01:00:00+00:00,8.4,94,7.5,100,0.0,0.0,0.0,0.0,16.9,34.6,1.8,990.2
2026-02-07 02:00:00+00:00,8.6,92,7.4,100,0.0,0.0,0.0,0.0,15.8,32.4,2.5,989.7
2026-02-07 03:00:00+00:00,9.1,86,6.9,100,0.0,0.0,0.0,0.0,21.2,43.6,0.2,990.4
2026-02-07 04:00:00+00:00,8.8,91,7.4,100,0.0,0.0,0.0,0.0,23.8,48.2,1.9,990.3
2026-02-07 05:00:00+00:00,8.7,92,7.5,100,0.0,0.0,0.0,0.0,24.1,48.2,1.2,990.3
2026-02-07 06:00:00+00:00,8.9,90,7.4,100,0.0,0.0,0.0,0.0,22.0,44.3,0.6,990.9
2026-02-07 07:00:00+00:00,8.6,93,7.6,100,0.0,0.0,0.0,0.0,22.7,45.7,0.6,991.2
2026-02-07 08:00:00+00:00,8.9,92,7.6,100,1.0,0.0,0.0,1.0,23.0,46.8,1.2,991.7
2026-02-07 09:00:00+00:00,9.2,91,7.8,100,25.0,0.0,0.0,25.0,22.0,44.3,1.6,992.5
2026-02-07 10:00:00+00:00,9.4,91,8.0,100,30.0,0.0,0.0,30.0,20.9,42.5,0.1,992.8
2026-02-07 11:00:00+00:00,10.1,91,8.7,91,182.0,28.0,83.6,154.0,21.2,41.0,0.8,993.5
2026-02-07 12:00:00+00:00,10.3,90,8.8,97,155.0,12.0,30.8,143.0,19.4,37.8,0.6,993.6
2026-02-07 13:00:00+00:00,10.8,85,8.4,92,177.0,23.0,57.1,154.0,22.7,42.8,0.0,993.8
2026-02-07 14:00:00+00:00,11.0,83,8.2,80,271.0,134.0,356.9,137.0,22.0,43.6,0.0,994.1
2026-02-07 15:00:00+00:00,11.2,79,7.7,98,152.0,28.0,90.7,124.0,18.4,36.4,0.0,994.7
2026-02-07 16:00:00+00:00,10.8,82,7.9,74,107.0,38.0,183.8,69.0,17.3,33.1,0.0,995.1
2026-02-07 17:00:00+00:00,10.0,86,7.8,0,20.0,0.0,0.0,20.0,15.8,31.7,0.0,995.5
2026-02-07 18:00:00+00:00,9.5,89,7.8,7,0.0,0.0,0.0,0.0,13.0,26.3,0.0,996.3
2026-02-07 19:00:00+00:00,9.2,91,7.8,1,0.0,0.0,0.0,0.0,12.6,25.6,0.0,997.0
2026-02-07 20:00:00+00:00,9.1,90,7.5,0,0.0,0.0,0.0,0.0,12.2,24.8,0.0,997.7
2026-02-07 21:00:00+00:00,9.0,92,7.7,30,0.0,0.0,0.0,0.0,13.0,25.6,0.0,998.8
2026-02-07 22:00:00+00:00,8.7,93,7.7,41,0.0,0.0,0.0,0.0,10.4,21.2,0.0,999.4
2026-02-07 23:00:00+00:00,8.3,95,7.5,2,0.0,0.0,0.0,0.0,8.3,16.6,0.0,999.9
2026-02-08 00:00:00+00:00,8.5,95,7.8,14,0.0,0.0,0.0,0.0,6.5,12.2,0.0,1000.4
2026-02-08 01:00:00+00:00,8.5,87,6.4,74,0.0,0.0,0.0,0.0,7.6,15.5,0.1,1000.9
2026-02-08 02:00:00+00:00,8.0,87,6.0,41,0.0,0.0,0.0,0.0,7.6,14.8,0.0,1001.3
2026-02-08 03:00:00+00:00,8.6,96,8.0,100,0.0,0.0,0.0,0.0,5.8,11.5,0.1,1002.1
2026-02-08 04:00:00+00:00,8.4,97,8.0,93,0.0,0.0,0.0,0.0,5.8,11.5,0.0,1002.3
2026-02-08 05:00:00+00:00,8.5,97,8.0,100,0.0,0.0,0.0,0.0,9.7,19.4,0.0,1002.4
2026-02-08 06:00:00+00:00,7.8,98,7.5,100,0.0,0.0,0.0,0.0,6.8,13.0,0.0,1003.0
2026-02-08 07:00:00+00:00,7.9,98,7.6,100,0.0,0.0,0.0,0.0,5.0,10.1,0.0,1003.6
2026-02-08 08:00:00+00:00,8.1,98,7.8,100,5.0,0.0,0.0,5.0,4.7,9.4,0.0,1004.2
2026-02-08 09:00:00+00:00,8.9,96,8.3,100,29.0,0.0,0.0,29.0,9.0,17.6,0.0,1004.4
2026-02-08 10:00:00+00:00,9.5,93,8.5,100,97.0,1.0,4.0,96.0,10.4,19.8,0.0,1004.7
2026-02-08 11:00:00+00:00,10.0,90,8.4,100,166.0,8.0,23.5,158.0,9.4,18.4,0.0,1004.9
2026-02-08 12:00:00+00:00,10.1,77,6.3,100,73.0,0.0,0.0,73.0,6.8,13.7,0.0,1004.9
2026-02-08 13:00:00+00:00,10.1,88,8.2,100,130.0,1.0,2.5,129.0,10.1,20.2,0.0,1004.8
2026-02-08 14:00:00+00:00,10.3,85,7.9,100,139.0,4.0,10.5,135.0,11.9,23.0,0.0,1004.7
2026-02-08 15:00:00+00:00,9.8,91,8.4,100,80.0,0.0,0.0,80.0,5.8,11.9,0.0,1004.6
2026-02-08 16:00:00+00:00,10.0,91,8.6,100,54.0,0.0,0.0,54.0,10.1,19.4,0.0,1004.7
2026-02-08 17:00:00+00:00,9.7,92,8.4,100,14.0,0.0,0.0,14.0,10.1,19.4,0.0,1004.8
2026-02-08 18:00:00+00:00,9.4,93,8.3,100,0.0,0.0,0.0,0.0,10.8,20.9,0.1,1004.9
2026-02-08 19:00:00+00:00,9.2,95,8.5,100,0.0,0.0,0.0,0.0,8.3,16.2,0.1,1004.8
2026-02-08 20:00:00+00:00,9.1,96,8.5,100,0.0,0.0,0.0,0.0,10.1,19.1,0.4,1004.8
2026-02-08 21:00:00+00:00,8.9,95,8.1,100,0.0,0.0,0.0,0.0,10.1,20.2,0.7,1004.6
2026-02-08 22:00:00+00:00,8.8,96,8.2,51,0.0,0.0,0.0,0.0,9.7,20.2,0.0,1004.4
2026-02-08 23:00:00+00:00,8.6,96,8.0,100,0.0,0.0,0.0,0.0,8.3,16.9,0.2,1004.2
2026-02-09 00:00:00+00:00,8.6,94,7.7,100,0.0,0.0,0.0,0.0,8.3,17.3,0.0,1003.7
2026-02-09 01:00:00+00:00,8.3,93,7.2,100,0.0,0.0,0.0,0.0,10.4,21.6,0.0,1003.3
2026-02-09 02:00:00+00:00,8.2,93,7.1,100,0.0,0.0,0.0,0.0,10.1,20.5,0.0,1002.9
2026-02-09 03:00:00+00:00,8.4,93,7.4,100,0.0,0.0,0.0,0.0,10.8,21.6,0.0,1002.1
2026-02-09 04:00:00+00:00,8.0,95,7.3,77,0.0,0.0,0.0,0.0,9.4,19.4,0.0,1001.8
2026-02-09 05:00:00+00:00,8.1,95,7.4,98,0.0,0.0,0.0,0.0,7.9,15.5,0.0,1001.7
2026-02-09 06:00:00+00:00,7.7,96,7.1,100,0.0,0.0,0.0,0.0,6.8,14.4,0.0,1001.6
2026-02-09 07:00:00+00:00,7.9,95,7.1,100,0.0,0.0,0.0,0.0,8.3,16.6,0.0,1001.5
2026-02-09 08:00:00+00:00,8.1,94,7.2,100,6.0,0.0,0.0,6.0,9.0,18.4,0.0,1001.4
2026-02-09 09:00:00+00:00,8.5,92,7.3,100,59.0,4.0,30.4,55.0,9.0,18.4,0.0,1000.9
2026-02-09 10:00:00+00:00,9.0,89,7.3,98,122.0,11.0,43.4,111.0,11.5,23.4,0.0,1000.7
2026-02-09 11:00:00+00:00,9.5,84,7.0,55,201.0,68.0,197.3,133.0,13.7,27.4,0.0,1000.1
2026-02-09 12:00:00+00:00,10.4,77,6.6,61,279.0,103.0,258.1,176.0,13.7,28.1,0.0,999.5
2026-02-09 13:00:00+00:00,10.5,77,6.6,61,263.0,95.0,230.0,168.0,15.8,31.7,0.0,998.5
2026-02-09 14:00:00+00:00,10.3,76,6.3,87,186.0,22.0,57.1,164.0,17.3,35.3,0.0,997.7
2026-02-09 15:00:00+00:00,9.4,81,6.3,100,36.0,0.0,0.0,36.0,22.3,46.1,0.0,995.2
2026-02-09 16:00:00+00:00,8.9,90,7.4,100,24.0,0.0,0.0,24.0,23.4,49.0,0.9,994.3
2026-02-09 17:00:00+00:00,8.6,93,7.5,100,5.0,0.0,0.0,5.0,24.1,50.4,1.4,993.4
2026-02-09 18:00:00+00:00,8.4,94,7.5,100,0.0,0.0,0.0,0.0,22.3,46.1,1.9,992.6
2026-02-09 19:00:00+00:00,8.3,96,7.7,100,0.0,0.0,0.0,0.0,20.5,42.5,1.5,992.2
2026-02-09 20:00:00+00:00,8.3,96,7.7,100,0.0,0.0,0.0,0.0,19.1,39.2,0.5,991.9
2026-02-09 21:00:00+00:00,8.3,97,7.9,100,0.0,0.0,0.0,0.0,18.0,37.4,1.7,992.1
2026-02-09 22:00:00+00:00,8.5,97,8.1,100,0.0,0.0,0.0,0.0,12.6,26.3,0.3,991.6
2026-02-09 23:00:00+00:00,8.7,97,8.2,100,0.0,0.0,0.0,0.0,9.7,20.2,0.0,991.4
2026-02-10 00:00:00+00:00,8.7,97,8.3,100,0.0,0.0,0.0,0.0,4.3,8.6,0.0,991.2
2026-02-10 01:00:00+00:00,8.9,98,8.6,100,0.0,0.0,0.0,0.0,5.4,11.9,0.0,991.2
2026-02-10 02:00:00+00:00,9.0,98,8.7,100,0.0,0.0,0.0,0.0,5.0,10.8,0.1,991.1
2026-02-10 03:00:00+00:00,9.0,98,8.7,100,0.0,0.0,0.0,0.0,4.0,8.3,0.0,990.2
2026-02-10 04:00:00+00:00,9.1,98,8.8,100,0.0,0.0,0.0,0.0,5.0,10.4,0.0,990.1
2026-02-10 05:00:00+00:00,8.9,99,8.8,100,0.0,0.0,0.0,0.0,6.1,12.2,0.0,990.1
2026-02-10 06:00:00+00:00,8.7,99,8.5,100,0.0,0.0,0.0,0.0,4.0,7.9,0.0,990.4
2026-02-10 07:00:00+00:00,8.7,100,8.7,100,0.0,0.0,0.0,0.0,3.6,7.2,0.0,990.6
2026-02-10 08:00:00+00:00,8.8,99,8.6,100,3.0,0.0,0.0,3.0,5.0,10.1,0.0,990.7
2026-02-10 09:00:00+00:00,9.1,95,8.4,95,44.0,2.0,14.7,42.0,7.9,16.2,0.0,990.0
2026-02-10 10:00:00+00:00,9.7,91,8.3,87,196.0,114.0,441.5,82.0,6.8,13.7,0.0,989.6
2026-02-10 11:00:00+00:00,10.5,88,8.6,100,150.0,14.0,40.0,136.0,10.8,22.3,0.0,989.4
2026-02-10 12:00:00+00:00,10.4,86,8.2,100,107.0,0.0,0.0,107.0,10.1,20.2,0.0,988.7
2026-02-10 13:00:00+00:00,10.6,92,9.4,100,108.0,0.0,0.0,108.0,9.7,19.4,0.1,987.3
2026-02-10 14:00:00+00:00,10.3,94,9.4,100,56.0,0.0,0.0,56.0,14.8,29.5,0.0,986.1
2026-02-10 15:00:00+00:00,10.3,92,9.0,100,33.0,0.0,0.0,33.0,8.6,17.6,0.0,984.8
2026-02-10 16:00:00+00:00,9.7,97,9.3,100,16.0,0.0,0.0,16.0,9.7,20.2,0.5,983.8
2026-02-10 17:00:00+00:00,9.6,99,9.5,100,3.0,0.0,0.0,3.0,8.3,16.9,0.1,983.1
2026-02-10 18:00:00+00:00,9.7,100,9.7,100,0.0,0.0,0.0,0.0,6.8,14.0,0.1,982.7
2026-02-10 19:00:00+00:00,9.8,100,9.8,100,0.0,0.0,0.0,0.0,5.0,10.4,0.1,982.6
2026-02-10 20:00:00+00:00,10.0,99,9.9,100,0.0,0.0,0.0,0.0,6.1,13.0,0.0,982.9
2026-02-10 21:00:00+00:00,10.3,97,9.9,100,0.0,0.0,0.0,0.0,7.2,14.4,0.1,983.2
2026-02-10 22:00:00+00:00,10.3,97,9.8,100,0.0,0.0,0.0,0.0,6.1,12.2,0.0,983.0
2026-02-10 23:00:00+00:00,10.2,97,9.7,100,0.0,0.0,0.0,0.0,6.8,13.7,0.2,982.8
2026-02-11 00:00:00+00:00,10.0,97,9.6,100,0.0,0.0,0.0,0.0,5.8,11.9,0.1,983.0
2026-02-11 01:00:00+00:00,10.0,97,9.6,100,0.0,0.0,0.0,0.0,6.8,14.4,0.2,983.0
2026-02-11 02:00:00+00:00,10.0,97,9.5,100,0.0,0.0,0.0,0.0,6.5,13.0,0.0,983.1
2026-02-11 03:00:00+00:00,10.3,97,9.9,100,0.0,0.0,0.0,0.0,9.4,18.7,0.0,983.3
2026-02-11 04:00:00+00:00,10.2,96,9.6,100,0.0,0.0,0.0,0.0,11.9,24.1,0.0,983.4
2026-02-11 05:00:00+00:00,10.4,95,9.7,100,0.0,0.0,0.0,0.0,11.2,23.0,0.0,983.7
2026-02-11 06:00:00+00:00,10.4,93,9.3,100,0.0,0.0,0.0,0.0,13.0,26.6,0.0,984.0
2026-02-11 07:00:00+00:00,10.5,91,9.1,88,0.0,0.0,0.0,0.0,16.6,34.6,0.2,984.6
2026-02-11 08:00:00+00:00,10.4,90,8.9,91,10.0,4.0,76.4,6.0,17.3,35.6,0.0,985.2
2026-02-11 09:00:00+00:00,10.2,93,9.1,85,39.0,2.0,14.2,37.0,15.8,32.8,0.3,985.2
2026-02-11 10:00:00+00:00,11.0,86,8.7,71,173.0,84.0,319.3,89.0,19.1,39.2,0.0,985.4
2026-02-11 11:00:00+00:00,11.5,80,8.2,76,224.0,77.0,217.2,147.0,19.4,39.2,0.0,985.4
2026-02-11 12:00:00+00:00,12.2,72,7.3,46,341.0,222.0,542.6,119.0,19.4,40.0,0.0,985.2
2026-02-11 13:00:00+00:00,12.6,66,6.4,33,317.0,196.0,463.2,121.0,19.4,40.3,0.0,984.4
2026-02-11 14:00:00+00:00,12.1,70,6.8,100,182.0,18.0,45.5,164.0,18.4,37.8,0.0,983.8
2026-02-11 15:00:00+00:00,11.6,74,7.1,71,229.0,125.0,380.7,104.0,18.7,38.2,0.0,982.3
2026-02-11 16:00:00+00:00,11.1,78,7.4,100,132.0,28.0,123.9,104.0,13.7,28.1,0.0,981.1
2026-02-11 17:00:00+00:00,10.5,88,8.6,100,24.0,0.0,0.0,24.0,11.9,23.4,0.0,979.8
2026-02-11 18:00:00+00:00,10.3,89,8.5,100,0.0,0.0,0.0,0.0,14.0,28.1,0.3,978.4
2026-02-11 19:00:00+00:00,10.0,90,8.4,100,0.0,0.0,0.0,0.0,8.3,16.9,0.0,977.2
2026-02-11 20:00:00+00:00,9.6,93,8.6,100,0.0,0.0,0.0,0.0,8.3,16.6,0.3,976.4
2026-02-11 21:00:00+00:00,9.6,95,8.9,100,0.0,0.0,0.0,0.0,7.6,15.5,1.3,975.8
2026-02-11 22:00:00+00:00,9.4,94,8.5,100,0.0,0.0,0.0,0.0,10.1,20.9,0.5,975.1
2026-02-11 23:00:00+00:00,9.3,93,8.3,100,0.0,0.0,0.0,0.0,10.1,20.9,0.1,975.2
2026-02-12 00:00:00+00:00,8.9,91,7.5,100,0.0,0.0,0.0,0.0,4.3,9.4,0.2,975.8
2026-02-12 01:00:00+00:00,8.8,95,8.0,100,0.0,0.0,0.0,0.0,6.8,14.8,0.2,976.9
2026-02-12 02:00:00+00:00,8.7,93,7.7,100,0.0,0.0,0.0,0.0,7.6,15.5,0.0,977.9
2026-02-12 03:00:00+00:00,8.0,96,7.4,99,0.0,0.0,0.0,0.0,11.5,23.8,0.0,979.1
2026-02-12 04:00:00+00:00,8.4,94,7.5,85,0.0,0.0,0.0,0.0,7.9,16.6,0.0,979.7
2026-02-12 05:00:00+00:00,7.6,94,6.7,0,0.0,0.0,0.0,0.0,7.6,15.8,0.0,980.4
2026-02-12 06:00:00+00:00,8.0,91,6.6,100,0.0,0.0,0.0,0.0,7.9,15.8,0.0,980.8
2026-02-12 07:00:00+00:00,8.0,93,7.0,100,0.0,0.0,0.0,0.0,10.1,20.2,0.0,981.5
2026-02-12 08:00:00+00:00,8.4,95,7.7,100,2.0,0.0,0.0,2.0,11.9,24.5,0.1,982.3
2026-02-12 09:00:00+00:00,9.2,92,8.0,100,19.0,0.0,0.0,19.0,11.5,24.1,0.0,983.0
2026-02-12 10:00:00+00:00,9.3,92,8.1,100,58.0,0.0,0.0,58.0,17.6,36.7,0.7,983.8
2026-02-12 11:00:00+00:00,9.4,87,7.4,100,95.0,0.0,0.0,95.0,18.7,38.9,0.4,984.6
2026-02-12 12:00:00+00:00,9.7,80,6.4,100,90.0,0.0,0.0,90.0,21.6,45.0,0.1,985.9
2026-02-12 13:00:00+00:00,10.0,73,5.4,100,155.0,11.0,25.7,144.0,22.7,47.2,0.0,986.6
2026-02-12 14:00:00+00:00,10.6,63,3.8,94,151.0,13.0,32.4,138.0,22.3,46.4,0.0,987.4
2026-02-12 15:00:00+00:00,10.3,67,4.5,100,168.0,12.0,36.0,156.0,23.8,49.3,0.0,987.8
2026-02-12 16:00:00+00:00,10.1,66,4.1,100,143.0,42.0,181.9,101.0,22.0,45.7,0.0,988.7
2026-02-12 17:00:00+00:00,9.5,68,3.9,100,42.0,0.0,0.0,42.0,17.6,37.4,0.0,989.5
2026-02-12 18:00:00+00:00,9.1,70,3.9,100,0.0,0.0,0.0,0.0,10.4,22.7,0.0,989.7
2026-02-12 19:00:00+00:00,8.9,75,4.7,3,0.0,0.0,0.0,0.0,9.0,18.7,0.0,990.0
2026-02-12 20:00:00+00:00,8.4,77,4.6,100,0.0,0.0,0.0,0.0,9.0,18.4,0.0,990.2
2026-02-12 21:00:00+00:00,8.3,78,4.7,90,0.0,0.0,0.0,0.0,10.1,20.5,0.0,990.2
2026-02-12 22:00:00+00:00,7.9,83,5.2,87,0.0,0.0,0.0,0.0,12.6,25.9,0.0,990.2
2026-02-12 23:00:00+00:00,7.5,87,5.5,100,0.0,0.0,0.0,0.0,10.1,20.5,0.0,989.9
2026-02-13 00:00:00+00:00,7.6,87,5.6,88,0.0,0.0,0.0,0.0,9.4,19.4,0.0,989.4
2026-02-13 01:00:00+00:00,7.4,87,5.4,15,0.0,0.0,0.0,0.0,10.4,21.2,0.0,989.2
2026-02-13 02:00:00+00:00,6.5,91,5.2,62,0.0,0.0,0.0,0.0,5.8,11.5,0.0,988.8
2026-02-13 03:00:00+00:00,6.6,94,5.7,94,0.0,0.0,0.0,0.0,5.0,10.1,0.0,989.0
2026-02-13 04:00:00+00:00,6.4,94,5.5,12,0.0,0.0,0.0,0.0,0.4,1.8,0.0,988.4
2026-02-13 05:00:00+00:00,6.7,94,5.8,93,0.0,0.0,0.0,0.0,2.9,5.8,0.0,988.3
2026-02-13 06:00:00+00:00,6.2,92,5.0,3,0.0,0.0,0.0,0.0,4.0,8.3,0.0,988.7
2026-02-13 07:00:00+00:00,6.2,94,5.3,55,0.0,0.0,0.0,0.0,4.3,9.4,0.0,988.7
2026-02-13 08:00:00+00:00,6.1,94,5.2,55,14.0,1.0,17.9,13.0,4.7,9.0,0.0,989.0
2026-02-13 09:00:00+00:00,7.0,90,5.5,42,101.0,54.0,358.9,47.0,2.2,4.7,0.0,989.2
2026-02-13 10:00:00+00:00,7.8,88,6.0,0,241.0,189.0,692.3,52.0,2.2,5.4,0.0,989.6
2026-02-13 11:00:00+00:00,8.9,83,6.1,0,336.0,262.0,718.3,74.0,1.1,5.4,0.0,990.0
2026-02-13 12:00:00+00:00,9.7,79,6.2,58,281.0,117.0,278.9,164.0,2.5,8.6,0.0,990.4
2026-02-13 13:00:00+00:00,10.4,70,5.2,63,259.0,91.0,209.9,168.0,2.9,10.1,0.0,990.4
2026-02-13 14:00:00+00:00,10.8,66,4.7,75,244.0,89.0,219.3,155.0,7.6,16.6,0.0,990.6
2026-02-13 15:00:00+00:00,10.8,59,3.1,100,185.0,37.0,109.3,148.0,9.0,20.2,0.0,991.3
2026-02-13 16:00:00+00:00,8.9,72,4.1,100,31.0,0.0,0.0,31.0,17.6,37.1,0.0,992.4
2026-02-13 17:00:00+00:00,7.2,84,4.7,98,16.0,0.0,0.0,16.0,19.4,40.0,0.2,993.7
2026-02-13 18:00:00+00:00,6.8,80,3.6,98,0.0,0.0,0.0,0.0,17.3,35.6,0.0,995.2
2026-02-13 19:00:00+00:00,6.3,83,3.7,100,0.0,0.0,0.0,0.0,19.1,38.5,0.0,997.0
2026-02-13 20:00:00+00:00,5.8,71,1.0,99,0.0,0.0,0.0,0.0,19.8,41.0,0.0,998.9
2026-02-13 21:00:00+00:00,5.5,75,1.4,100,0.0,0.0,0.0,0.0,18.0,37.1,0.0,1000.8
2026-02-13 22:00:00+00:00,4.9,75,0.8,70,0.0,0.0,0.0,0.0,17.6,36.7,0.1,1002.2
2026-02-13 23:00:00+00:00,4.5,73,0.1,86,0.0,0.0,0.0,0.0,17.6,36.4,0.0,1003.7
2026-02-14 00:00:00+00:00,4.5,74,0.3,92,0.0,0.0,0.0,0.0,17.6,36.7,0.0,1004.2
2026-02-14 01:00:00+00:00,4.3,76,0.4,100,0.0,0.0,0.0,0.0,19.4,39.2,0.1,1005.7
2026-02-14 02:00:00+00:00,4.0,76,0.2,98,0.0,0.0,0.0,0.0,18.0,36.4,0.0,1007.4
2026-02-14 03:00:00+00:00,3.7,70,-1.3,2,0.0,0.0,0.0,0.0,18.4,37.8,0.0,1008.3
2026-02-14 04:00:00+00:00,3.0,73,-1.4,0,0.0,0.0,0.0,0.0,16.2,33.1,0.0,1009.7
2026-02-14 05:00:00+00:00,2.8,74,-1.4,91,0.0,0.0,0.0,0.0,14.0,29.2,0.0,1011.0
2026-02-14 06:00:00+00:00,2.5,80,-0.6,7,0.0,0.0,0.0,0.0,14.4,29.9,0.2,1012.6
2026-02-14 07:00:00+00:00,2.0,77,-1.6,0,0.0,0.0,0.0,0.0,13.0,27.4,0.0,1014.0
2026-02-14 08:00:00+00:00,1.6,77,-2.0,0,20.0,10.0,171.4,10.0,10.4,21.6,0.0,1015.3
2026-02-14 09:00:00+00:00,1.9,70,-3.0,0,127.0,89.0,572.5,38.0,10.1,19.8,0.0,1016.6
2026-02-14 10:00:00+00:00,3.1,62,-3.5,0,253.0,190.0,683.2,63.0,11.2,22.3,0.0,1017.5
2026-02-14 11:00:00+00:00,4.3,53,-4.5,0,356.0,279.0,754.1,77.0,11.5,24.5,0.0,1018.0
2026-02-14 12:00:00+00:00,5.2,46,-5.5,4,413.0,320.0,753.3,93.0,10.4,23.0,0.0,1017.9
2026-02-14 13:00:00+00:00,5.7,44,-5.6,13,408.0,290.0,660.9,118.0,7.9,19.1,0.0,1018.0
2026-02-14 14:00:00+00:00,6.0,42,-5.9,18,361.0,235.0,571.7,126.0,6.5,16.6,0.0,1017.9
2026-02-14 15:00:00+00:00,6.2,42,-5.8,77,227.0,86.0,250.3,141.0,5.0,14.0,0.0,1018.5
2026-02-14 16:00:00+00:00,6.0,42,-5.9,100,125.0,17.0,70.6,108.0,3.2,10.1,0.0,1018.4
2026-02-14 17:00:00+00:00,5.8,44,-5.5,100,39.0,0.0,0.0,39.0,4.0,10.4,0.0,1018.5
2026-02-14 18:00:00+00:00,5.3,45,-5.7,100,0.0,0.0,0.0,0.0,8.3,17.3,0.0,1018.7
2026-02-14 19:00:00+00:00,5.0,49,-4.9,100,0.0,0.0,0.0,0.0,9.4,19.4,0.0,1018.6
2026-02-14 20:00:00+00:00,5.0,48,-5.1,100,0.0,0.0,0.0,0.0,9.4,19.1,0.0,1018.4
2026-02-14 21:00:00+00:00,5.0,51,-4.3,100,0.0,0.0,0.0,0.0,10.8,21.6,0.0,1018.6
2026-02-14 22:00:00+00:00,4.8,60,-2.3,100,0.0,0.0,0.0,0.0,11.2,22.7,0.0,1018.0
2026-02-14 23:00:00+00:00,5.0,59,-2.3,100,0.0,0.0,0.0,0.0,11.9,23.4,0.0,1017.2
2026-02-15 00:00:00+00:00,5.4,59,-2.0,100,0.0,0.0,0.0,0.0,17.3,34.6,0.0,1016.0
2026-02-15 01:00:00+00:00,5.3,59,-2.1,100,0.0,0.0,0.0,0.0,18.4,37.1,0.1,1015.3
2026-02-15 02:00:00+00:00,4.4,76,0.5,100,0.0,0.0,0.0,0.0,22.0,44.3,0.5,1014.4
2026-02-15 03:00:00+00:00,4.0,85,1.7,100,0.0,0.0,0.0,0.0,22.7,45.7,0.8,1012.9
2026-02-15 04:00:00+00:00,4.3,83,1.7,100,0.0,0.0,0.0,0.0,23.4,47.2,0.2,1011.3
2026-02-15 05:00:00+00:00,4.5,83,1.8,100,0.0,0.0,0.0,0.0,22.0,44.3,0.1,1009.7
2026-02-15 06:00:00+00:00,4.4,89,2.7,100,0.0,0.0,0.0,0.0,21.2,42.5,0.2,1007.7
2026-02-15 07:00:00+00:00,4.4,92,3.2,100,0.0,0.0,0.0,0.0,20.9,42.5,0.5,1006.0
2026-02-15 08:00:00+00:00,4.7,94,3.8,100,2.0,0.0,0.0,2.0,16.6,34.2,1.1,1004.1
2026-02-15 09:00:00+00:00,4.9,96,4.3,100,19.0,0.0,0.0,19.0,11.9,24.5,0.2,1003.6
2026-02-15 10:00:00+00:00,5.6,97,5.2,100,24.0,0.0,0.0,24.0,9.7,20.5,0.5,1001.9
2026-02-15 11:00:00+00:00,6.5,97,6.1,100,64.0,0.0,0.0,64.0,9.7,20.5,1.2,1000.3
2026-02-15 12:00:00+00:00,7.1,98,6.8,100,57.0,0.0,0.0,57.0,5.0,10.1,1.1,999.3
2026-02-15 13:00:00+00:00,7.9,97,7.5,100,102.0,0.0,0.0,102.0,4.7,9.7,0.9,998.9
2026-02-15 14:00:00+00:00,9.0,93,8.0,100,58.0,0.0,0.0,58.0,4.0,7.6,0.1,998.1
2026-02-15 15:00:00+00:00,9.9,89,8.2,100,174.0,11.0,31.5,163.0,15.1,31.7,0.9,996.4
2026-02-15 16:00:00+00:00,9.2,79,5.8,2,179.0,104.0,423.2,75.0,14.8,31.0,0.0,996.3
2026-02-15 17:00:00+00:00,8.8,82,5.9,90,48.0,3.0,26.2,45.0,11.9,25.9,0.0,996.0
2026-02-15 18:00:00+00:00,8.4,77,4.6,100,0.0,0.0,0.0,0.0,22.7,47.2,0.1,996.4
2026-02-15 19:00:00+00:00,7.4,79,4.0,99,0.0,0.0,0.0,0.0,18.0,37.8,0.3,996.3
2026-02-15 20:00:00+00:00,7.4,79,4.0,16,0.0,0.0,0.0,0.0,16.6,34.9,0.0,996.6
2026-02-15 21:00:00+00:00,7.3,80,4.1,76,0.0,0.0,0.0,0.0,15.5,32.0,0.0,998.1
2026-02-15 22:00:00+00:00,7.0,79,3.6,55,0.0,0.0,0.0,0.0,13.0,27.4,0.0,998.5
2026-02-15 23:00:00+00:00,7.0,80,3.8,51,0.0,0.0,0.0,0.0,13.7,28.8,0.0,998.5
2026-02-16 00:00:00+00:00,6.3,83,3.7,49,0.0,0.0,0.0,0.0,12.6,26.6,0.2,998.4
2026-02-16 01:00:00+00:00,6.5,79,3.1,95,0.0,0.0,0.0,0.0,13.7,29.2,0.0,998.5
2026-02-16 02:00:00+00:00,6.4,81,3.4,99,0.0,0.0,0.0,0.0,14.0,29.9,0.0,998.4
2026-02-16 03:00:00+00:00,6.2,81,3.2,51,0.0,0.0,0.0,0.0,14.0,29.9,0.0,997.9
2026-02-16 04:00:00+00:00,6.1,81,3.1,100,0.0,0.0,0.0,0.0,16.6,34.9,0.0,997.6
2026-02-16 05:00:00+00:00,6.0,76,2.1,0,0.0,0.0,0.0,0.0,19.4,40.7,0.0,997.4
2026-02-16 06:00:00+00:00,5.1,82,2.3,1,0.0,0.0,0.0,0.0,14.0,29.2,0.0,997.6
2026-02-16 07:00:00+00:00,5.5,81,2.5,100,0.0,0.0,0.0,0.0,22.0,45.4,0.1,998.0
2026-02-16 08:00:00+00:00,5.7,80,2.5,87,18.0,6.0,94.4,12.0,16.2,33.8,0.0,998.7
2026-02-16 09:00:00+00:00,6.1,76,2.2,31,128.0,85.0,513.1,43.0,16.6,34.6,0.0,999.5
2026-02-16 10:00:00+00:00,7.2,69,1.9,3,229.0,137.0,474.7,92.0,18.4,38.2,0.0,1000.0
2026-02-16 11:00:00+00:00,8.0,66,2.0,99,158.0,25.0,65.7,133.0,22.7,47.2,0.0,1000.3
2026-02-16 12:00:00+00:00,8.8,62,1.9,17,310.0,146.0,335.2,164.0,23.0,47.9,0.0,1000.2
2026-02-16 13:00:00+00:00,9.5,55,0.9,100,281.0,140.0,311.4,141.0,26.3,52.9,0.0,999.9
2026-02-16 14:00:00+00:00,9.6,57,1.5,39,272.0,160.0,379.4,112.0,29.9,59.8,0.0,1000.2
2026-02-16 15:00:00+00:00,8.6,70,3.4,63,80.0,0.0,0.0,80.0,26.3,53.3,0.1,1000.5
2026-02-16 16:00:00+00:00,8.7,66,2.7,45,143.0,64.0,255.2,79.0,27.0,53.6,0.0,1001.1
2026-02-16 17:00:00+00:00,8.1,70,2.9,10,51.0,5.0,41.9,46.0,22.0,45.7,0.0,1001.8
2026-02-16 18:00:00+00:00,8.1,72,3.3,24,0.0,0.0,0.0,0.0,23.8,49.7,0.0,1002.6
2026-02-16 19:00:00+00:00,7.6,73,3.1,0,0.0,0.0,0.0,0.0,19.4,40.7,0.0,1003.8
2026-02-16 20:00:00+00:00,7.0,77,3.3,0,0.0,0.0,0.0,0.0,15.8,33.1,0.0,1004.8
2026-02-16 21:00:00+00:00,7.0,81,4.0,91,0.0,0.0,0.0,0.0,16.2,33.5,0.3,1004.6
2026-02-16 22:00:00+00:00,7.1,75,3.0,61,0.0,0.0,0.0,0.0,11.9,25.2,0.0,1005.3
2026-02-16 23:00:00+00:00,6.7,73,2.2,71,0.0,0.0,0.0,0.0,10.4,22.0,0.0,1006.1
2026-02-17 00:00:00+00:00,6.1,78,2.5,94,0.0,0.0,0.0,0.0,8.3,17.3,0.0,1006.7
2026-02-17 01:00:00+00:00,5.9,79,2.6,36,0.0,0.0,0.0,0.0,10.4,22.3,0.0,1007.6
2026-02-17 02:00:00+00:00,5.5,60,-1.7,1,0.0,0.0,0.0,0.0,15.8,33.5,0.0,1008.7
2026-02-17 03:00:00+00:00,4.0,59,-3.3,0,0.0,0.0,0.0,0.0,10.8,23.8,0.0,1010.3
2026-02-17 04:00:00+00:00,3.5,61,-3.3,0,0.0,0.0,0.0,0.0,10.4,22.0,0.0,1011.0
2026-02-17 05:00:00+00:00,3.1,64,-3.1,0,0.0,0.0,0.0,0.0,10.1,21.6,0.0,1011.7
2026-02-17 06:00:00+00:00,2.7,67,-2.8,0,0.0,0.0,0.0,0.0,10.1,21.2,0.0,1012.4
2026-02-17 07:00:00+00:00,2.5,68,-2.8,0,0.0,0.0,0.0,0.0,11.2,23.0,0.0,1013.0
2026-02-17 08:00:00+00:00,2.5,69,-2.6,0,25.0,10.0,151.0,15.0,8.3,16.6,0.0,1013.8
2026-02-17 09:00:00+00:00,3.6,66,-2.1,73,130.0,75.0,438.8,55.0,10.1,20.9,0.0,1015.1
2026-02-17 10:00:00+00:00,4.9,61,-2.0,95,237.0,125.0,425.2,112.0,10.1,21.2,0.0,1015.7
2026-02-17 11:00:00+00:00,6.0,56,-2.1,100,310.0,141.0,365.2,169.0,11.2,23.4,0.0,1016.1
2026-02-17 12:00:00+00:00,6.4,53,-2.5,100,316.0,83.0,188.2,233.0,8.6,19.1,0.0,1016.2
2026-02-17 13:00:00+00:00,6.9,50,-2.8,100,346.0,124.0,272.5,222.0,5.8,14.0,0.0,1016.0
2026-02-17 14:00:00+00:00,7.1,49,-2.9,100,252.0,22.0,51.5,230.0,5.4,13.7,0.0,1015.3
2026-02-17 15:00:00+00:00,7.0,47,-3.6,100,153.0,1.0,2.8,152.0,1.8,7.9,0.0,1015.6
2026-02-17 16:00:00+00:00,7.1,48,-3.2,100,79.0,0.0,0.0,79.0,4.3,11.5,0.0,1015.4
2026-02-17 17:00:00+00:00,6.8,50,-2.9,100,26.0,0.0,0.0,26.0,6.8,15.5,0.0,1015.3
2026-02-17 18:00:00+00:00,6.3,58,-1.4,100,0.0,0.0,0.0,0.0,8.3,18.0,0.0,1015.2
2026-02-17 19:00:00+00:00,6.1,60,-1.1,100,0.0,0.0,0.0,0.0,7.6,16.6,0.0,1015.0
2026-02-17 20:00:00+00:00,5.9,63,-0.6,100,0.0,0.0,0.0,0.0,9.7,20.9,0.0,1014.6
2026-02-17 21:00:00+00:00,5.9,66,0.0,100,0.0,0.0,0.0,0.0,10.4,21.6,0.0,1014.4
2026-02-17 22:00:00+00:00,5.6,67,-0.0,100,0.0,0.0,0.0,0.0,13.3,27.7,0.0,1013.6
2026-02-17 23:00:00+00:00,5.4,59,-2.0,100,0.0,0.0,0.0,0.0,14.8,31.0,0.0,1012.9
2026-02-18 00:00:00+00:00,5.1,55,-3.2,100,0.0,0.0,0.0,0.0,17.6,37.1,0.0,1012.5
2026-02-18 01:00:00+00:00,4.8,59,-2.5,100,0.0,0.0,0.0,0.0,16.6,34.9,0.0,1011.4
2026-02-18 02:00:00+00:00,4.7,65,-1.3,100,0.0,0.0,0.0,0.0,15.8,33.5,0.1,1010.1
2026-02-18 03:00:00+00:00,4.3,84,1.9,100,0.0,0.0,0.0,0.0,20.9,44.3,0.3,1007.9
2026-02-18 04:00:00+00:00,4.2,87,2.2,100,0.0,0.0,0.0,0.0,20.2,42.8,0.2,1007.2
2026-02-18 05:00:00+00:00,4.2,86,2.0,100,0.0,0.0,0.0,0.0,19.8,42.5,0.0,1006.3
2026-02-18 06:00:00+00:00,4.2,84,1.7,100,0.0,0.0,0.0,0.0,21.2,45.4,0.0,1005.4
2026-02-18 07:00:00+00:00,4.1,82,1.3,100,0.0,0.0,0.0,0.0,22.0,47.2,0.0,1004.3
2026-02-18 08:00:00+00:00,4.4,82,1.6,100,3.0,0.0,0.0,3.0,20.9,45.0,0.0,1004.0
2026-02-18 09:00:00+00:00,5.0,84,2.5,100,14.0,0.0,0.0,14.0,20.9,45.0,0.0,1003.0
2026-02-18 10:00:00+00:00,5.3,82,2.5,100,36.0,0.0,0.0,36.0,23.0,49.7,0.0,1001.9
2026-02-18 11:00:00+00:00,5.4,81,2.4,100,49.0,0.0,0.0,49.0,24.1,51.1,0.0,1000.4
2026-02-18 12:00:00+00:00,5.5,90,4.0,100,43.0,0.0,0.0,43.0,23.0,49.0,0.0,997.8
2026-02-18 13:00:00+00:00,5.6,91,4.3,100,39.0,0.0,0.0,39.0,18.0,38.5,0.1,996.3
2026-02-18 14:00:00+00:00,5.6,92,4.4,100,43.0,0.0,0.0,43.0,18.4,39.2,0.0,995.0
2026-02-18 15:00:00+00:00,5.9,84,3.4,100,31.0,0.0,0.0,31.0,23.8,51.5,0.0,995.2
2026-02-18 16:00:00+00:00,5.7,87,3.7,100,20.0,0.0,0.0,20.0,22.7,48.2,0.1,993.6
2026-02-18 17:00:00+00:00,5.6,89,4.0,100,14.0,0.0,0.0,14.0,19.1,41.0,0.3,992.8
2026-02-18 18:00:00+00:00,4.9,89,3.3,100,0.0,0.0,0.0,0.0,19.4,41.8,1.1,992.0
2026-02-18 19:00:00+00:00,4.5,90,3.0,100,0.0,0.0,0.0,0.0,19.4,41.0,0.5,990.9
2026-02-18 20:00:00+00:00,4.1,91,2.7,100,0.0,0.0,0.0,0.0,20.2,42.5,0.3,989.6
2026-02-18 21:00:00+00:00,5.2,92,4.0,100,0.0,0.0,0.0,0.0,17.6,35.6,0.3,988.8
2026-02-18 22:00:00+00:00,5.2,94,4.3,100,0.0,0.0,0.0,0.0,15.5,31.7,0.5,988.5
2026-02-18 23:00:00+00:00,5.4,95,4.7,100,0.0,0.0,0.0,0.0,13.0,26.3,1.0,988.5
2026-02-19 00:00:00+00:00,5.0,93,3.9,100,0.0,0.0,0.0,0.0,15.8,32.0,0.8,989.4
2026-02-19 01:00:00+00:00,4.8,94,3.9,100,0.0,0.0,0.0,0.0,14.0,29.2,1.2,990.1
2026-02-19 02:00:00+00:00,4.8,93,3.8,100,0.0,0.0,0.0,0.0,14.8,29.9,1.0,990.8
2026-02-19 03:00:00+00:00,7.1,97,6.6,100,0.0,0.0,0.0,0.0,8.6,17.6,0.0,989.2
2026-02-19 04:00:00+00:00,5.8,99,5.7,100,0.0,0.0,0.0,0.0,15.1,30.2,0.0,990.3
2026-02-19 05:00:00+00:00,5.2,97,4.7,100,0.0,0.0,0.0,0.0,16.9,34.2,0.0,991.6
2026-02-19 06:00:00+00:00,6.0,93,4.9,100,0.0,0.0,0.0,0.0,14.4,29.5,0.0,992.4
2026-02-19 07:00:00+00:00,5.3,93,4.3,100,0.0,0.0,0.0,0.0,15.5,31.7,0.0,993.7
2026-02-19 08:00:00+00:00,4.8,92,3.6,100,3.0,0.0,0.0,3.0,14.8,30.6,0.0,995.2
2026-02-19 09:00:00+00:00,5.8,93,4.8,100,25.0,0.0,0.0,25.0,12.2,25.6,0.0,996.8
2026-02-19 10:00:00+00:00,5.7,94,4.8,100,49.0,0.0,0.0,49.0,14.8,30.2,0.0,998.3
2026-02-19 11:00:00+00:00,5.4,93,4.3,100,79.0,0.0,0.0,79.0,15.8,32.8,0.0,999.8
2026-02-19 12:00:00+00:00,6.2,83,3.5,100,201.0,11.0,24.3,190.0,17.3,35.3,0.0,1001.7
2026-02-19 13:00:00+00:00,6.5,79,3.1,95,217.0,29.0,62.2,188.0,19.4,40.0,0.0,1003.2
2026-02-19 14:00:00+00:00,6.5,77,2.7,98,181.0,14.0,32.0,167.0,18.7,38.2,0.0,1004.5
2026-02-19 15:00:00+00:00,6.8,74,2.5,85,205.0,37.0,100.1,168.0,19.1,38.9,0.0,1005.6
2026-02-19 16:00:00+00:00,7.0,71,2.1,80,101.0,30.0,112.8,71.0,16.2,33.5,0.0,1006.9
2026-02-19 17:00:00+00:00,6.8,71,1.9,66,53.0,5.0,37.3,48.0,13.7,28.4,0.0,1008.0
2026-02-19 18:00:00+00:00,6.0,75,1.9,73,0.0,0.0,0.0,0.0,10.1,21.6,0.0,1009.8
2026-02-19 19:00:00+00:00,6.0,75,1.9,88,0.0,0.0,0.0,0.0,7.6,15.5,0.0,1011.2
2026-02-19 20:00:00+00:00,5.8,76,1.9,86,0.0,0.0,0.0,0.0,5.0,11.2,0.0,1012.3
2026-02-19 21:00:00+00:00,5.8,76,1.9,81,0.0,0.0,0.0,0.0,9.4,19.4,0.0,1013.1
2026-02-19 22:00:00+00:00,5.6,83,3.0,76,0.0,0.0,0.0,0.0,8.3,16.6,0.0,1014.0
2026-02-19 23:00:00+00:00,5.8,84,3.3,84,0.0,0.0,0.0,0.0,9.4,19.1,0.0,1014.8
2026-02-20 00:00:00+00:00,5.4,88,3.6,100,0.0,0.0,0.0,0.0,10.1,20.5,0.0,1015.6
2026-02-20 01:00:00+00:00,6.3,85,3.9,100,0.0,0.0,0.0,0.0,11.2,22.7,0.0,1016.3
2026-02-20 02:00:00+00:00,5.9,86,3.7,100,0.0,0.0,0.0,0.0,10.4,22.0,0.0,1016.8
2026-02-20 03:00:00+00:00,5.9,77,2.2,100,0.0,0.0,0.0,0.0,9.7,20.2,0.0,1017.5
2026-02-20 04:00:00+00:00,5.7,79,2.4,100,0.0,0.0,0.0,0.0,10.1,20.9,0.0,1018.2
2026-02-20 05:00:00+00:00,5.8,79,2.4,100,0.0,0.0,0.0,0.0,7.6,15.5,0.0,1018.6
2026-02-20 06:00:00+00:00,5.9,79,2.6,100,0.0,0.0,0.0,0.0,8.3,16.9,0.0,1018.7
2026-02-20 07:00:00+00:00,5.9,82,3.1,100,0.0,0.0,0.0,0.0,8.3,17.3,0.0,1018.8
2026-02-20 08:00:00+00:00,6.8,85,4.5,100,19.0,1.0,13.4,18.0,10.8,21.6,0.0,1019.1
2026-02-20 09:00:00+00:00,8.5,80,5.2,98,124.0,52.0,277.9,72.0,11.9,24.1,0.0,1018.2
2026-02-20 10:00:00+00:00,9.9,75,5.7,100,142.0,8.0,25.8,134.0,19.1,39.2,0.0,1017.8
2026-02-20 11:00:00+00:00,10.3,77,6.5,100,42.0,0.0,0.0,42.0,21.6,44.6,0.0,1017.2
2026-02-20 12:00:00+00:00,9.9,86,7.7,100,39.0,0.0,0.0,39.0,22.0,45.0,0.3,1016.6
2026-02-20 13:00:00+00:00,10.0,92,8.8,100,46.0,0.0,0.0,46.0,25.2,52.2,0.7,1015.6
2026-02-20 14:00:00+00:00,11.3,88,9.4,91,128.0,0.0,0.0,128.0,21.2,43.6,0.1,1014.9
2026-02-20 15:00:00+00:00,12.0,83,9.2,96,158.0,16.0,42.7,142.0,21.6,44.6,0.0,1014.3
2026-02-20 16:00:00+00:00,12.1,81,8.9,84,111.0,16.0,59.0,95.0,20.2,42.1,0.0,1014.0
2026-02-20 17:00:00+00:00,11.1,77,7.2,100,41.0,0.0,0.0,41.0,22.0,45.4,0.9,1015.1
2026-02-20 18:00:00+00:00,9.6,76,5.6,0,0.0,0.0,0.0,0.0,18.7,39.2,0.0,1016.4
2026-02-20 19:00:00+00:00,8.9,79,5.5,1,0.0,0.0,0.0,0.0,11.2,23.8,0.0,1017.0
2026-02-20 20:00:00+00:00,8.9,83,6.1,0,0.0,0.0,0.0,0.0,12.6,26.6,0.0,1017.6
2026-02-20 21:00:00+00:00,8.7,80,5.5,100,0.0,0.0,0.0,0.0,14.0,29.9,0.0,1017.9
2026-02-20 22:00:00+00:00,8.6,84,6.1,100,0.0,0.0,0.0,0.0,13.3,27.7,0.0,1018.3
2026-02-20 23:00:00+00:00,8.7,87,6.7,83,0.0,0.0,0.0,0.0,13.0,27.4,0.0,1018.5
2026-02-21 00:00:00+00:00,9.3,86,7.1,85,0.0,0.0,0.0,0.0,13.7,28.1,0.0,1019.1
2026-02-21 01:00:00+00:00,9.2,88,7.3,89,0.0,0.0,0.0,0.0,11.9,24.5,0.0,1019.2
2026-02-21 02:00:00+00:00,9.4,90,7.9,59,0.0,0.0,0.0,0.0,16.6,33.8,0.0,1019.4
2026-02-21 03:00:00+00:00,9.5,91,8.1,82,0.0,0.0,0.0,0.0,14.8,31.0,0.0,1019.4
2026-02-21 04:00:00+00:00,9.7,90,8.2,80,0.0,0.0,0.0,0.0,13.0,27.4,0.0,1019.4
2026-02-21 05:00:00+00:00,9.7,91,8.3,100,0.0,0.0,0.0,0.0,11.2,23.0,0.0,1020.0
2026-02-21 06:00:00+00:00,9.8,89,8.1,100,0.0,0.0,0.0,0.0,12.2,25.6,0.0,1020.4
2026-02-21 07:00:00+00:00,9.5,90,8.0,100,0.0,0.0,0.0,0.0,8.6,17.6,0.0,1021.0
2026-02-21 08:00:00+00:00,9.5,91,8.1,100,24.0,2.0,25.9,22.0,9.4,19.4,0.0,1021.7
2026-02-21 09:00:00+00:00,10.1,88,8.2,100,90.0,5.0,26.0,85.0,10.1,20.9,0.0,1021.8
2026-02-21 10:00:00+00:00,11.2,85,8.7,100,205.0,56.0,177.1,149.0,12.2,24.8,0.0,1021.9
2026-02-21 11:00:00+00:00,12.3,80,9.0,100,305.0,146.0,357.4,159.0,13.7,28.1,0.0,1021.8
2026-02-21 12:00:00+00:00,13.1,77,9.1,100,133.0,0.0,0.0,133.0,15.5,32.0,0.0,1021.6
2026-02-21 13:00:00+00:00,12.4,90,10.8,100,97.0,0.0,0.0,97.0,17.6,37.1,0.0,1021.0
2026-02-21 14:00:00+00:00,12.1,94,11.1,100,116.0,0.0,0.0,116.0,18.0,37.1,0.0,1020.2
2026-02-21 15:00:00+00:00,11.7,97,11.2,100,78.0,0.0,0.0,78.0,16.2,33.5,0.0,1020.7
2026-02-21 16:00:00+00:00,11.9,96,11.3,100,50.0,0.0,0.0,50.0,17.3,35.3,0.0,1020.4
2026-02-21 17:00:00+00:00,11.9,95,11.1,100,21.0,0.0,0.0,21.0,17.6,35.6,0.3,1020.2
2026-02-21 18:00:00+00:00,11.8,94,10.8,100,0.0,0.0,0.0,0.0,14.4,29.9,0.6,1020.2
2026-02-21 19:00:00+00:00,11.6,94,10.6,100,0.0,0.0,0.0,0.0,17.3,35.3,0.3,1020.1
2026-02-21 20:00:00+00:00,11.5,94,10.5,100,0.0,0.0,0.0,0.0,14.8,30.2,0.0,1020.2
2026-02-21 21:00:00+00:00,11.4,95,10.6,97,0.0,0.0,0.0,0.0,16.6,34.6,0.0,1020.6
2026-02-21 22:00:00+00:00,11.4,93,10.3,94,0.0,0.0,0.0,0.0,18.7,38.9,0.0,1020.5
2026-02-21 23:00:00+00:00,11.4,90,9.8,95,0.0,0.0,0.0,0.0,16.9,35.3,0.0,1020.2
2026-02-22 00:00:00+00:00,11.3,88,9.4,100,0.0,0.0,0.0,0.0,19.4,40.7,0.0,1020.3
2026-02-22 01:00:00+00:00,11.2,90,9.6,100,0.0,0.0,0.0,0.0,22.0,45.7,0.0,1019.7
2026-02-22 02:00:00+00:00,11.1,92,9.8,100,0.0,0.0,0.0,0.0,19.4,40.7,0.0,1019.3
2026-02-22 03:00:00+00:00,11.2,92,10.0,100,0.0,0.0,0.0,0.0,18.4,38.2,0.2,1019.4
2026-02-22 04:00:00+00:00,11.2,92,9.9,100,0.0,0.0,0.0,0.0,19.4,40.3,0.3,1018.7
2026-02-22 05:00:00+00:00,11.1,94,10.1,100,0.0,0.0,0.0,0.0,17.6,36.0,0.0,1018.4
2026-02-22 06:00:00+00:00,11.1,96,10.5,100,0.0,0.0,0.0,0.0,16.6,33.8,0.0,1018.1
2026-02-22 07:00:00+00:00,11.2,95,10.4,100,0.0,0.0,0.0,0.0,16.6,34.6,0.0,1018.2
2026-02-22 08:00:00+00:00,11.3,94,10.3,100,6.0,0.0,0.0,6.0,17.3,35.3,0.2,1017.9
2026-02-22 09:00:00+00:00,11.4,93,10.3,100,26.0,0.0,0.0,26.0,17.6,36.7,0.4,1017.5
2026-02-22 10:00:00+00:00,11.4,93,10.3,100,33.0,0.0,0.0,33.0,17.3,35.3,0.6,1017.4
2026-02-22 11:00:00+00:00,11.8,91,10.4,100,82.0,0.0,0.0,82.0,14.4,29.9,0.2,1017.5
2026-02-22 12:00:00+00:00,12.9,83,10.1,100,346.0,160.0,341.1,186.0,13.0,27.0,0.0,1017.5
2026-02-22 13:00:00+00:00,14.1,66,7.8,100,375.0,231.0,478.5,144.0,14.0,29.2,0.0,1017.2
2026-02-22 14:00:00+00:00,14.5,55,5.6,100,379.0,238.0,523.9,141.0,16.9,35.3,0.0,1017.0
2026-02-22 15:00:00+00:00,14.3,59,6.4,16,310.0,203.0,526.5,107.0,14.0,30.2,0.0,1017.1
2026-02-22 16:00:00+00:00,14.0,59,6.1,2,214.0,136.0,483.4,78.0,15.5,32.4,0.0,1017.3
2026-02-22 17:00:00+00:00,12.5,71,7.4,10,76.0,23.0,154.6,53.0,14.0,29.2,0.0,1017.4
2026-02-22 18:00:00+00:00,11.2,81,8.1,0,0.0,0.0,0.0,0.0,14.0,28.8,0.0,1017.7
2026-02-22 19:00:00+00:00,10.6,83,7.8,0,0.0,0.0,0.0,0.0,11.2,23.0,0.0,1018.1
2026-02-22 20:00:00+00:00,9.9,88,8.0,0,0.0,0.0,0.0,0.0,7.9,16.6,0.0,1018.4
2026-02-22 21:00:00+00:00,10.0,76,6.0,6,0.0,0.0,0.0,0.0,10.1,21.2,0.0,1018.7
2026-02-22 22:00:00+00:00,9.4,82,6.5,44,0.0,0.0,0.0,0.0,11.9,24.5,0.0,1018.9
2026-02-22 23:00:00+00:00,9.2,82,6.3,34,0.0,0.0,0.0,0.0,11.2,23.0,0.0,1018.6
2026-02-23 00:00:00+00:00,8.8,87,6.7,39,0.0,0.0,0.0,0.0,10.4,22.0,0.0,1018.5
2026-02-23 01:00:00+00:00,8.6,92,7.4,16,0.0,0.0,0.0,0.0,11.9,24.8,0.0,1018.2
2026-02-23 02:00:00+00:00,8.6,92,7.4,17,0.0,0.0,0.0,0.0,13.0,27.0,0.0,1018.1
2026-02-23 03:00:00+00:00,8.6,90,7.1,0,0.0,0.0,0.0,0.0,13.0,27.4,0.0,1017.7
2026-02-23 04:00:00+00:00,8.5,91,7.1,24,0.0,0.0,0.0,0.0,13.0,26.3,0.0,1017.5
2026-02-23 05:00:00+00:00,8.6,91,7.2,100,0.0,0.0,0.0,0.0,14.8,30.2,0.0,1017.6
2026-02-23 06:00:00+00:00,8.5,90,7.0,100,0.0,0.0,0.0,0.0,15.5,32.0,0.0,1017.5
2026-02-23 07:00:00+00:00,8.6,92,7.4,100,0.0,0.0,0.0,0.0,14.0,29.2,0.0,1017.6
2026-02-23 08:00:00+00:00,9.1,89,7.4,20,37.0,19.0,228.7,18.0,14.4,29.9,0.0,1017.9
2026-02-23 09:00:00+00:00,10.0,83,7.2,32,140.0,63.0,309.1,77.0,16.6,33.8,0.0,1017.6
2026-02-23 10:00:00+00:00,11.1,76,7.0,100,166.0,29.0,88.5,137.0,17.3,35.3,0.0,1017.8
2026-02-23 11:00:00+00:00,12.3,67,6.4,87,277.0,81.0,192.9,196.0,18.4,38.2,0.0,1017.9
2026-02-23 12:00:00+00:00,12.7,69,7.1,95,195.0,14.0,29.5,181.0,18.4,38.2,0.0,1018.0
2026-02-23 13:00:00+00:00,12.6,73,7.9,100,192.0,8.0,16.4,184.0,18.7,38.2,0.0,1017.6
2026-02-23 14:00:00+00:00,12.2,77,8.3,100,156.0,6.0,13.1,150.0,17.6,36.7,0.0,1017.2
2026-02-23 15:00:00+00:00,11.5,85,9.1,100,51.0,0.0,0.0,51.0,14.8,30.2,0.0,1016.7
2026-02-23 16:00:00+00:00,11.0,95,10.3,100,42.0,0.0,0.0,42.0,17.6,36.4,0.0,1016.3
2026-02-23 17:00:00+00:00,11.7,95,10.9,100,17.0,0.0,0.0,17.0,16.6,34.6,0.0,1016.2
2026-02-23 18:00:00+00:00,11.7,94,10.8,100,0.0,0.0,0.0,0.0,16.9,34.6,0.0,1016.5
2026-02-23 19:00:00+00:00,11.6,94,10.7,100,0.0,0.0,0.0,0.0,15.8,32.4,0.0,1016.8
2026-02-23 20:00:00+00:00,11.5,95,10.8,100,0.0,0.0,0.0,0.0,15.5,31.7,0.0,1017.1
2026-02-23 21:00:00+00:00,11.5,95,10.7,100,0.0,0.0,0.0,0.0,10.4,21.2,0.0,1017.8
2026-02-23 22:00:00+00:00,11.4,94,10.5,100,0.0,0.0,0.0,0.0,11.9,24.5,0.0,1017.9
2026-02-23 23:00:00+00:00,11.4,93,10.3,100,0.0,0.0,0.0,0.0,9.7,20.2,0.0,1018.0
2026-02-24 00:00:00+00:00,11.0,95,10.2,100,0.0,0.0,0.0,0.0,13.0,26.6,0.0,1017.9
2026-02-24 01:00:00+00:00,10.6,97,10.2,100,0.0,0.0,0.0,0.0,14.8,29.9,0.0,1017.7
2026-02-24 02:00:00+00:00,10.7,96,10.1,100,0.0,0.0,0.0,0.0,13.0,26.6,0.0,1017.7
2026-02-24 03:00:00+00:00,10.8,88,8.9,100,0.0,0.0,0.0,0.0,9.0,19.1,0.0,1017.7
2026-02-24 04:00:00+00:00,10.6,91,9.2,99,0.0,0.0,0.0,0.0,12.2,24.8,0.0,1017.4
2026-02-24 05:00:00+00:00,10.6,90,9.0,98,0.0,0.0,0.0,0.0,13.3,27.4,0.0,1017.3
2026-02-24 06:00:00+00:00,10.2,91,8.8,98,0.0,0.0,0.0,0.0,8.3,16.9,0.0,1017.2
2026-02-24 07:00:00+00:00,10.2,94,9.3,98,0.0,0.0,0.0,0.0,9.7,20.2,0.0,1017.3
2026-02-24 08:00:00+00:00,10.3,92,9.1,98,33.0,10.0,116.3,23.0,12.2,24.8,0.0,1017.3
2026-02-24 09:00:00+00:00,10.8,90,9.2,84,101.0,22.0,105.0,79.0,16.6,33.5,0.0,1017.0
2026-02-24 10:00:00+00:00,11.2,82,8.2,60,201.0,70.0,210.0,131.0,19.8,40.0,0.0,1016.7
2026-02-24 11:00:00+00:00,11.6,76,7.5,38,328.0,175.0,411.1,153.0,18.0,37.1,0.0,1016.4
2026-02-24 12:00:00+00:00,12.3,68,6.5,4,464.0,377.0,784.6,87.0,16.9,34.6,0.0,1016.2
2026-02-24 13:00:00+00:00,12.6,68,6.8,1,475.0,381.0,771.2,94.0,15.5,31.7,0.0,1015.7
2026-02-24 14:00:00+00:00,12.8,67,6.9,0,439.0,347.0,745.8,92.0,13.3,27.4,0.0,1015.1
2026-02-24 15:00:00+00:00,12.7,69,7.2,0,353.0,264.0,666.3,89.0,11.9,24.8,0.0,1014.8
2026-02-24 16:00:00+00:00,12.8,70,7.4,3,227.0,147.0,504.1,80.0,10.1,20.9,0.0,1014.4
2026-02-24 17:00:00+00:00,11.8,79,8.3,55,78.0,13.0,82.0,65.0,11.5,23.8,0.0,1014.1
2026-02-24 18:00:00+00:00,11.1,83,8.3,0,0.0,0.0,0.0,0.0,8.3,17.6,0.0,1014.3
2026-02-24 19:00:00+00:00,10.4,87,8.4,0,0.0,0.0,0.0,0.0,6.1,13.0,0.0,1014.4
2026-02-24 20:00:00+00:00,10.3,87,8.2,0,0.0,0.0,0.0,0.0,7.6,15.8,0.0,1014.3
2026-02-24 21:00:00+00:00,10.9,89,9.1,45,0.0,0.0,0.0,0.0,11.2,23.0,0.0,1014.3
2026-02-24 22:00:00+00:00,10.8,90,9.3,0,0.0,0.0,0.0,0.0,10.1,21.2,0.0,1014.3
2026-02-24 23:00:00+00:00,10.8,91,9.4,0,0.0,0.0,0.0,0.0,10.1,20.9,0.0,1014.0
2026-02-25 00:00:00+00:00,10.5,92,9.3,1,0.0,0.0,0.0,0.0,9.4,20.2,0.0,1013.7
2026-02-25 01:00:00+00:00,10.2,93,9.1,2,0.0,0.0,0.0,0.0,8.6,18.4,0.0,1013.6
2026-02-25 02:00:00+00:00,10.0,93,8.9,0,0.0,0.0,0.0,0.0,7.9,16.6,0.0,1013.4
2026-02-25 03:00:00+00:00,9.6,94,8.7,31,0.0,0.0,0.0,0.0,7.6,15.1,0.0,1014.1
2026-02-25 04:00:00+00:00,9.5,94,8.6,0,0.0,0.0,0.0,0.0,7.6,15.1,0.0,1013.8
2026-02-25 05:00:00+00:00,9.3,95,8.6,59,0.0,0.0,0.0,0.0,6.5,12.2,0.0,1014.1
2026-02-25 06:00:00+00:00,8.8,96,8.2,1,0.0,0.0,0.0,0.0,6.1,11.9,0.0,1014.5
2026-02-25 07:00:00+00:00,8.6,98,8.3,11,0.0,0.0,0.0,0.0,6.5,13.7,0.0,1014.8
2026-02-25 08:00:00+00:00,8.9,98,8.6,13,41.0,21.0,236.2,20.0,3.6,6.5,0.0,1015.3
2026-02-25 09:00:00+00:00,9.9,95,9.1,84,112.0,12.0,55.8,100.0,4.3,8.6,0.0,1016.0
2026-02-25 10:00:00+00:00,11.7,84,9.1,13,294.0,222.0,654.8,72.0,8.3,17.3,0.0,1016.4
2026-02-25 11:00:00+00:00,13.1,76,8.9,0,391.0,297.0,688.3,94.0,10.8,22.7,0.0,1016.6
2026-02-25 12:00:00+00:00,14.1,74,9.6,85,275.0,51.0,104.9,224.0,13.7,28.1,0.0,1016.7
2026-02-25 13:00:00+00:00,14.3,73,9.5,70,324.0,119.0,238.2,205.0,15.5,32.0,0.0,1016.7
2026-02-25 14:00:00+00:00,14.3,74,9.7,79,224.0,67.0,142.3,157.0,14.8,31.0,0.0,1016.7
2026-02-25 15:00:00+00:00,14.6,67,8.6,5,344.0,252.0,627.6,92.0,11.2,23.0,0.0,1016.3
2026-02-25 16:00:00+00:00,14.0,70,8.6,26,212.0,117.0,394.3,95.0,10.1,20.5,0.0,1016.7
2026-02-25 17:00:00+00:00,12.9,76,8.8,2,86.0,30.0,183.5,56.0,7.6,15.8,0.0,1017.2
2026-02-25 18:00:00+00:00,12.3,80,8.9,66,0.0,0.0,0.0,0.0,7.9,15.8,0.0,1017.7
2026-02-25 19:00:00+00:00,11.8,84,9.2,91,0.0,0.0,0.0,0.0,7.2,14.0,0.0,1018.2
2026-02-25 20:00:00+00:00,11.4,85,9.0,46,0.0,0.0,0.0,0.0,6.8,14.0,0.0,1018.2
2026-02-25 21:00:00+00:00,10.3,90,8.8,92,0.0,0.0,0.0,0.0,9.0,18.4,0.0,1018.2
2026-02-25 22:00:00+00:00,10.5,90,8.9,95,0.0,0.0,0.0,0.0,6.8,13.7,0.0,1018.0
2026-02-25 23:00:00+00:00,10.6,91,9.2,63,0.0,0.0,0.0,0.0,6.8,14.0,0.0,1018.1
2026-02-26 00:00:00+00:00,10.8,92,9.6,97,0.0,0.0,0.0,0.0,8.6,17.3,0.0,1018.6
2026-02-26 01:00:00+00:00,10.9,93,9.8,98,0.0,0.0,0.0,0.0,8.6,17.3,0.0,1018.7
2026-02-26 02:00:00+00:00,10.9,93,9.8,99,0.0,0.0,0.0,0.0,9.4,19.1,0.0,1018.7
2026-02-26 03:00:00+00:00,10.9,92,9.7,90,0.0,0.0,0.0,0.0,9.0,19.1,0.0,1018.8
2026-02-26 04:00:00+00:00,10.6,92,9.3,88,0.0,0.0,0.0,0.0,8.3,16.6,0.0,1018.8
2026-02-26 05:00:00+00:00,10.4,93,9.3,86,0.0,0.0,0.0,0.0,7.2,15.5,0.0,1019.0
2026-02-26 06:00:00+00:00,10.4,91,9.0,97,0.0,0.0,0.0,0.0,9.7,19.4,0.0,1018.9
2026-02-26 07:00:00+00:00,10.5,92,9.3,100,0.0,0.0,0.0,0.0,12.6,25.6,0.0,1019.3
2026-02-26 08:00:00+00:00,10.8,90,9.3,100,20.0,0.0,0.0,20.0,14.8,30.2,0.0,1019.2
2026-02-26 09:00:00+00:00,11.4,83,8.6,92,115.0,20.0,90.5,95.0,17.6,36.4,0.0,1018.7
2026-02-26 10:00:00+00:00,11.7,83,8.9,100,55.0,5.0,14.5,50.0,20.5,42.1,0.0,1018.6
2026-02-26 11:00:00+00:00,12.0,79,8.5,100,92.0,0.0,0.0,92.0,21.2,42.8,0.0,1018.6
2026-02-26 12:00:00+00:00,12.2,78,8.5,100,121.0,25.0,50.8,96.0,24.1,49.3,0.0,1018.2
2026-02-26 13:00:00+00:00,12.4,77,8.5,95,191.0,40.0,79.2,151.0,25.9,52.6,0.0,1017.6
2026-02-26 14:00:00+00:00,12.5,75,8.2,90,279.0,104.0,218.4,175.0,25.2,51.5,0.0,1017.0
2026-02-26 15:00:00+00:00,12.0,79,8.5,100,89.0,0.0,0.0,89.0,23.0,47.9,0.0,1016.3
2026-02-26 16:00:00+00:00,11.8,79,8.3,100,83.0,0.0,0.0,83.0,20.5,41.8,0.0,1015.9
2026-02-26 17:00:00+00:00,11.8,79,8.3,100,31.0,0.0,0.0,31.0,22.7,46.1,0.0,1015.8
2026-02-26 18:00:00+00:00,11.5,79,8.0,100,0.0,0.0,0.0,0.0,19.4,39.2,0.0,1015.6
2026-02-26 19:00:00+00:00,11.5,79,8.0,100,0.0,0.0,0.0,0.0,23.0,47.2,0.0,1015.3
2026-02-26 20:00:00+00:00,11.3,82,8.4,100,0.0,0.0,0.0,0.0,20.9,42.5,0.2,1015.0
2026-02-26 21:00:00+00:00,11.2,87,9.1,100,0.0,0.0,0.0,0.0,20.2,41.4,0.3,1014.6
2026-02-26 22:00:00+00:00,10.9,89,9.1,100,0.0,0.0,0.0,0.0,21.2,42.8,0.7,1014.1
2026-02-26 23:00:00+00:00,10.6,91,9.2,100,0.0,0.0,0.0,0.0,22.0,45.0,0.8,1013.5
2026-02-27 00:00:00+00:00,10.5,92,9.3,100,0.0,0.0,0.0,0.0,20.9,42.1,1.0,1013.0
2026-02-27 01:00:00+00:00,10.5,92,9.3,100,0.0,0.0,0.0,0.0,23.0,47.2,0.6,1012.3
2026-02-27 02:00:00+00:00,10.5,91,9.1,100,0.0,0.0,0.0,0.0,23.0,46.4,0.5,1011.6
2026-02-27 03:00:00+00:00,10.5,93,9.4,100,0.0,0.0,0.0,0.0,22.7,45.4,0.8,1010.5
2026-02-27 04:00:00+00:00,10.5,93,9.4,100,0.0,0.0,0.0,0.0,23.8,47.9,0.5,1009.9
2026-02-27 05:00:00+00:00,10.7,93,9.6,100,0.0,0.0,0.0,0.0,21.2,43.6,0.2,1009.5
2026-02-27 06:00:00+00:00,10.7,95,9.9,100,0.0,0.0,0.0,0.0,22.0,44.3,0.1,1009.4
2026-02-27 07:00:00+00:00,10.7,96,10.1,100,0.0,0.0,0.0,0.0,18.4,37.4,0.2,1009.4
2026-02-27 08:00:00+00:00,10.8,97,10.3,100,6.0,0.0,0.0,6.0,16.9,34.2,0.3,1009.5
2026-02-27 09:00:00+00:00,11.1,97,10.7,100,34.0,0.0,0.0,34.0,18.7,37.4,0.1,1009.1
2026-02-27 10:00:00+00:00,11.2,98,10.9,100,55.0,0.0,0.0,55.0,15.5,31.7,0.1,1009.2
2026-02-27 11:00:00+00:00,12.4,91,11.0,98,169.0,3.0,6.8,166.0,17.3,34.6,0.0,1009.3
2026-02-27 12:00:00+00:00,12.6,88,10.6,96,157.0,21.0,42.2,136.0,19.4,38.9,0.0,1009.5
2026-02-27 13:00:00+00:00,12.9,85,10.5,98,209.0,12.0,23.5,197.0,19.4,39.2,0.0,1009.2
2026-02-27 14:00:00+00:00,13.0,83,10.2,96,265.0,55.0,114.2,210.0,19.4,38.9,0.0,1009.2
2026-02-27 15:00:00+00:00,13.0,82,10.0,65,211.0,30.0,72.8,181.0,18.0,35.6,0.0,1009.1
2026-02-27 16:00:00+00:00,12.8,83,10.0,99,165.0,30.0,97.7,135.0,16.2,32.8,0.0,1009.1
2026-02-27 17:00:00+00:00,12.2,84,9.6,63,74.0,17.0,98.1,57.0,15.1,30.2,0.0,1009.1
2026-02-27 18:00:00+00:00,11.5,87,9.4,7,0.0,0.0,0.0,0.0,11.9,23.8,0.0,1009.3
2026-02-27 19:00:00+00:00,11.0,86,8.7,100,0.0,0.0,0.0,0.0,9.4,18.7,0.0,1009.5
2026-02-27 20:00:00+00:00,10.7,90,9.1,81,0.0,0.0,0.0,0.0,10.1,19.8,0.0,1009.2
2026-02-27 21:00:00+00:00,9.8,88,7.9,100,0.0,0.0,0.0,0.0,9.0,18.4,1.3,1010.1
2026-02-27 22:00:00+00:00,9.5,91,8.1,100,0.0,0.0,0.0,0.0,1.1,3.2,0.2,1009.9
2026-02-27 23:00:00+00:00,9.7,93,8.6,100,0.0,0.0,0.0,0.0,4.3,8.6,0.4,1009.8
2026-02-28 00:00:00+00:00,9.0,92,7.8,100,0.0,0.0,0.0,0.0,13.0,26.6,0.2,1010.3
2026-02-28 01:00:00+00:00,8.5,90,6.9,100,0.0,0.0,0.0,0.0,13.3,27.4,0.0,1011.1
2026-02-28 02:00:00+00:00,8.0,90,6.5,100,0.0,0.0,0.0,0.0,14.8,31.0,0.1,1011.8
2026-02-28 03:00:00+00:00,8.0,88,6.1,100,0.0,0.0,0.0,0.0,17.6,37.4,0.0,1010.8
2026-02-28 04:00:00+00:00,7.7,85,5.3,100,0.0,0.0,0.0,0.0,18.4,38.5,0.0,1012.0
2026-02-28 05:00:00+00:00,7.4,85,5.0,100,0.0,0.0,0.0,0.0,18.4,38.2,0.1,1013.3
2026-02-28 06:00:00+00:00,7.0,83,4.3,100,0.0,0.0,0.0,0.0,19.1,40.0,0.5,1013.3
2026-02-28 07:00:00+00:00,6.9,83,4.2,100,0.0,0.0,0.0,0.0,19.4,41.0,0.2,1014.4
2026-02-28 08:00:00+00:00,6.9,80,3.7,100,25.0,0.0,0.0,25.0,18.0,38.2,0.0,1015.7
2026-02-28 09:00:00+00:00,7.7,76,3.8,100,96.0,13.0,55.9,83.0,19.8,41.4,0.0,1016.8
2026-02-28 10:00:00+00:00,8.0,73,3.4,100,126.0,6.0,16.8,120.0,17.3,36.0,0.0,1018.0
2026-02-28 11:00:00+00:00,9.2,65,3.0,59,317.0,146.0,325.3,171.0,16.9,35.3,0.0,1018.8
2026-02-28 12:00:00+00:00,10.1,62,3.2,74,349.0,141.0,280.1,208.0,18.0,37.1,0.0,1019.1
2026-02-28 13:00:00+00:00,10.8,49,0.5,21,446.0,299.0,578.9,147.0,18.4,38.9,0.0,1019.5
2026-02-28 14:00:00+00:00,11.0,41,-1.7,31,445.0,334.0,685.7,111.0,17.3,37.1,0.0,1020.0
2026-02-28 15:00:00+00:00,10.6,41,-2.1,52,292.0,173.0,414.5,119.0,16.9,36.4,0.0,1020.5
2026-02-28 16:00:00+00:00,10.2,43,-1.9,42,210.0,119.0,381.4,91.0,14.8,31.0,0.0,1020.6
2026-02-28 17:00:00+00:00,9.7,48,-0.8,17,97.0,35.0,196.4,62.0,11.5,24.5,0.0,1020.9
2026-02-28 18:00:00+00:00,8.8,53,-0.2,0,0.0,0.0,0.0,0.0,6.1,13.3,0.0,1021.1
2026-02-28 19:00:00+00:00,7.7,71,2.8,73,0.0,0.0,0.0,0.0,10.1,20.5,0.0,1021.2
2026-02-28 20:00:00+00:00,7.7,69,2.4,100,0.0,0.0,0.0,0.0,9.4,19.1,0.0,1021.3
2026-02-28 21:00:00+00:00,8.0,74,3.6,78,0.0,0.0,0.0,0.0,8.3,15.8,0.0,1021.3
2026-02-28 22:00:00+00:00,8.3,83,5.6,100,0.0,0.0,0.0,0.0,11.9,23.8,0.3,1021.1
2026-02-28 23:00:00+00:00,8.2,86,6.0,100,0.0,0.0,0.0,0.0,11.2,22.7,0.3,1020.6
2026-03-01 00:00:00+00:00,8.7,81,5.6,80,0.0,0.0,0.0,0.0,13.0,25.9,0.0,1020.0
2026-03-01 01:00:00+00:00,8.8,82,5.9,96,0.0,0.0,0.0,0.0,15.1,30.6,0.0,1019.5
2026-03-01 02:00:00+00:00,8.4,83,5.7,100,0.0,0.0,0.0,0.0,16.2,32.8,0.1,1018.7
2026-03-01 03:00:00+00:00,8.5,87,6.4,100,0.0,0.0,0.0,0.0,15.5,31.0,0.2,1018.4
2026-03-01 04:00:00+00:00,8.5,91,7.1,100,0.0,0.0,0.0,0.0,14.0,28.1,0.1,1017.9
2026-03-01 05:00:00+00:00,8.9,87,6.9,98,0.0,0.0,0.0,0.0,16.9,33.8,0.0,1017.5
2026-03-01 06:00:00+00:00,9.2,86,7.0,100,0.0,0.0,0.0,0.0,17.6,36.4,0.0,1017.1
2026-03-01 07:00:00+00:00,9.2,92,8.0,100,0.0,0.0,0.0,0.0,16.9,34.6,0.0,1016.5
2026-03-01 08:00:00+00:00,9.5,94,8.6,100,12.0,0.0,0.0,12.0,17.6,35.6,0.2,1016.1
2026-03-01 09:00:00+00:00,10.2,93,9.1,100,52.0,0.0,0.0,52.0,17.6,35.6,0.5,1015.9
2026-03-01 10:00:00+00:00,9.8,95,9.1,100,31.0,0.0,0.0,31.0,15.8,32.0,0.5,1015.5
2026-03-01 11:00:00+00:00,10.7,93,9.6,100,80.0,0.0,0.0,80.0,20.9,42.8,0.3,1015.1
2026-03-01 12:00:00+00:00,11.6,83,8.8,100,142.0,0.0,0.0,142.0,19.8,40.7,0.0,1015.7
2026-03-01 13:00:00+00:00,11.9,83,9.1,91,219.0,19.0,36.4,200.0,20.9,41.8,0.0,1015.5
2026-03-01 14:00:00+00:00,12.0,83,9.2,93,222.0,59.0,119.8,163.0,20.2,41.0,0.0,1015.4
2026-03-01 15:00:00+00:00,11.5,83,8.7,100,146.0,6.0,14.2,140.0,23.0,46.4,0.0,1015.5
2026-03-01 16:00:00+00:00,11.3,85,8.9,96,121.0,16.0,50.5,105.0,21.2,42.5,0.0,1015.4
2026-03-01 17:00:00+00:00,11.1,86,8.8,98,56.0,1.0,5.5,55.0,19.8,40.0,0.0,1015.6
2026-03-01 18:00:00+00:00,10.9,86,8.7,100,0.0,0.0,0.0,0.0,18.0,36.0,0.0,1015.6
2026-03-01 19:00:00+00:00,10.7,85,8.3,98,0.0,0.0,0.0,0.0,18.4,37.4,0.0,1015.5
2026-03-01 20:00:00+00:00,10.6,83,7.9,100,0.0,0.0,0.0,0.0,18.0,36.4,0.0,1015.3
2026-03-01 21:00:00+00:00,10.9,82,8.0,100,0.0,0.0,0.0,0.0,20.2,40.0,0.0,1015.1
2026-03-01 22:00:00+00:00,10.4,81,7.3,75,0.0,0.0,0.0,0.0,19.4,39.2,0.0,1015.0
2026-03-01 23:00:00+00:00,10.1,80,6.8,47,0.0,0.0,0.0,0.0,18.4,37.4,0.0,1014.6
2026-03-02 00:00:00+00:00,9.8,79,6.3,100,0.0,0.0,0.0,0.0,16.6,33.5,0.0,1014.0
2026-03-02 01:00:00+00:00,9.5,81,6.4,100,0.0,0.0,0.0,0.0,16.9,34.6,0.0,1013.6
2026-03-02 02:00:00+00:00,9.2,83,6.5,100,0.0,0.0,0.0,0.0,15.5,31.7,0.0,1013.1
2026-03-02 03:00:00+00:00,9.2,79,5.7,100,0.0,0.0,0.0,0.0,14.4,29.2,0.0,1012.3
2026-03-02 04:00:00+00:00,9.0,80,5.7,100,0.0,0.0,0.0,0.0,14.0,29.2,0.0,1011.9
2026-03-02 05:00:00+00:00,8.7,82,5.8,100,0.0,0.0,0.0,0.0,13.7,28.1,0.0,1011.9
2026-03-02 06:00:00+00:00,8.6,83,5.9,9,0.0,0.0,0.0,0.0,12.2,25.9,0.0,1012.1
2026-03-02 07:00:00+00:00,8.4,84,5.9,2,0.0,0.0,0.0,0.0,11.5,23.8,0.0,1012.2
2026-03-02 08:00:00+00:00,8.7,84,6.2,0,64.0,37.0,356.8,27.0,11.5,23.4,0.0,1012.3
2026-03-02 09:00:00+00:00,9.7,78,6.1,0,202.0,148.0,606.7,54.0,11.9,24.5,0.0,1012.5
2026-03-02 10:00:00+00:00,11.0,71,6.0,0,335.0,263.0,714.8,72.0,15.5,32.0,0.0,1012.5
2026-03-02 11:00:00+00:00,12.0,68,6.3,0,437.0,353.0,766.9,84.0,16.2,33.5,0.0,1012.6
2026-03-02 12:00:00+00:00,12.8,65,6.4,0,497.0,407.0,790.7,90.0,17.3,35.3,0.0,1013.2
2026-03-02 13:00:00+00:00,12.6,69,7.0,0,508.0,414.0,784.7,94.0,17.3,34.6,0.0,1013.3
2026-03-02 14:00:00+00:00,13.1,67,7.1,0,469.0,375.0,753.1,94.0,15.8,32.4,0.0,1013.3
2026-03-02 15:00:00+00:00,13.1,68,7.3,0,381.0,291.0,680.2,90.0,15.8,32.0,0.0,1014.3
2026-03-02 16:00:00+00:00,12.3,74,7.8,0,256.0,174.0,540.2,82.0,13.0,26.6,0.0,1014.7
2026-03-02 17:00:00+00:00,11.6,79,8.1,24,102.0,35.0,186.3,67.0,8.6,17.3,0.0,1015.3
2026-03-02 18:00:00+00:00,11.0,82,8.0,21,0.0,0.0,0.0,0.0,6.8,14.4,0.0,1016.0
2026-03-02 19:00:00+00:00,10.4,85,8.0,12,0.0,0.0,0.0,0.0,5.8,11.9,0.0,1016.5
2026-03-02 20:00:00+00:00,10.4,85,8.0,23,0.0,0.0,0.0,0.0,5.4,11.2,0.0,1017.2
2026-03-02 21:00:00+00:00,10.0,85,7.6,0,0.0,0.0,0.0,0.0,4.0,8.6,0.0,1018.5
2026-03-02 22:00:00+00:00,9.8,86,7.5,5,0.0,0.0,0.0,0.0,5.0,11.2,0.0,1019.1
2026-03-02 23:00:00+00:00,9.6,87,7.5,0,0.0,0.0,0.0,0.0,3.6,7.9,0.0,1019.5
2026-03-03 00:00:00+00:00,8.7,91,7.3,36,0.0,0.0,0.0,0.0,2.2,4.7,0.0,1020.0
2026-03-03 01:00:00+00:00,8.3,92,7.1,0,0.0,0.0,0.0,0.0,2.2,4.7,0.0,1020.3
2026-03-03 02:00:00+00:00,8.3,92,7.1,13,0.0,0.0,0.0,0.0,5.0,10.4,0.0,1020.7
2026-03-03 03:00:00+00:00,7.9,91,6.5,11,0.0,0.0,0.0,0.0,3.6,8.3,0.0,1022.0
2026-03-03 04:00:00+00:00,7.7,92,6.5,100,0.0,0.0,0.0,0.0,3.2,7.6,0.0,1022.7
2026-03-03 05:00:00+00:00,8.0,91,6.6,100,0.0,0.0,0.0,0.0,6.1,13.0,0.0,1023.5
2026-03-03 06:00:00+00:00,8.1,91,6.7,100,0.0,0.0,0.0,0.0,9.7,20.9,0.0,1024.2
2026-03-03 07:00:00+00:00,8.2,91,6.8,100,1.0,0.0,0.0,1.0,8.3,17.6,0.0,1025.0
2026-03-03 08:00:00+00:00,8.5,88,6.6,100,54.0,9.0,84.4,45.0,7.9,16.6,0.0,1025.6
2026-03-03 09:00:00+00:00,9.8,85,7.4,30,192.0,122.0,488.6,70.0,8.6,18.0,0.0,1025.8
2026-03-03 10:00:00+00:00,11.4,79,7.9,41,330.0,249.0,666.3,81.0,9.0,19.1,0.0,1026.1
2026-03-03 11:00:00+00:00,12.9,73,8.2,6,437.0,352.0,755.3,85.0,9.4,19.4,0.0,1026.3
2026-03-03 12:00:00+00:00,13.9,69,8.3,76,360.0,100.0,192.2,260.0,11.9,24.8,0.0,1026.6
2026-03-03 13:00:00+00:00,14.7,65,8.2,73,396.0,160.0,300.1,236.0,10.4,23.8,0.0,1026.5
2026-03-03 14:00:00+00:00,15.3,63,8.3,78,286.0,35.0,69.5,251.0,10.1,22.7,0.0,1026.2
2026-03-03 15:00:00+00:00,15.4,60,7.7,44,315.0,178.0,411.0,137.0,11.9,25.6,0.0,1026.4
2026-03-03 16:00:00+00:00,15.3,61,7.8,48,205.0,79.0,241.5,126.0,11.9,25.2,0.0,1026.4
2026-03-03 17:00:00+00:00,14.6,64,7.9,20,102.0,35.0,181.6,67.0,12.2,26.3,0.0,1026.5
2026-03-03 18:00:00+00:00,13.8,68,8.0,9,0.0,0.0,0.0,0.0,10.8,23.8,0.0,1026.5
2026-03-03 19:00:00+00:00,12.3,68,6.5,0,0.0,0.0,0.0,0.0,13.0,27.0,0.0,1027.0
2026-03-03 20:00:00+00:00,10.9,69,5.4,0,0.0,0.0,0.0,0.0,12.2,25.9,0.0,1027.3
2026-03-03 21:00:00+00:00,10.7,71,5.6,41,0.0,0.0,0.0,0.0,9.4,20.2,0.0,1027.5
2026-03-03 22:00:00+00:00,9.9,73,5.3,47,0.0,0.0,0.0,0.0,8.3,17.3,0.0,1027.6
2026-03-03 23:00:00+00:00,9.3,76,5.3,0,0.0,0.0,0.0,0.0,7.6,16.6,0.0,1027.6
2026-03-04 00:00:00+00:00,8.8,74,4.4,0,0.0,0.0,0.0,0.0,6.8,14.8,0.0,1027.2
2026-03-04 01:00:00+00:00,8.3,78,4.7,0,0.0,0.0,0.0,0.0,7.6,16.2,0.0,1026.9
2026-03-04 02:00:00+00:00,7.7,82,4.8,0,0.0,0.0,0.0,0.0,6.8,14.8,0.0,1026.5
2026-03-04 03:00:00+00:00,7.6,84,5.1,0,0.0,0.0,0.0,0.0,6.8,14.8,0.0,1025.9
2026-03-04 04:00:00+00:00,7.1,86,4.9,4,0.0,0.0,0.0,0.0,6.5,13.7,0.0,1025.6
2026-03-04 05:00:00+00:00,6.7,88,4.9,0,0.0,0.0,0.0,0.0,5.8,12.6,0.0,1025.5
2026-03-04 06:00:00+00:00,6.6,90,5.1,0,0.0,0.0,0.0,0.0,6.1,13.3,0.0,1025.5
2026-03-04 07:00:00+00:00,6.3,91,5.0,0,2.0,0.0,0.0,2.0,5.4,11.9,0.0,1025.7
2026-03-04 08:00:00+00:00,6.8,88,5.0,0,74.0,46.0,419.4,28.0,7.2,14.8,0.0,1025.8
2026-03-04 09:00:00+00:00,8.4,81,5.3,0,212.0,157.0,614.4,55.0,6.1,13.0,0.0,1025.5
2026-03-04 10:00:00+00:00,10.1,78,6.5,0,345.0,272.0,716.7,73.0,6.8,14.8,0.0,1025.2
2026-03-04 11:00:00+00:00,11.5,74,7.1,0,448.0,364.0,771.5,84.0,10.1,21.2,0.0,1024.8
2026-03-04 12:00:00+00:00,12.7,71,7.6,0,509.0,417.0,792.6,92.0,10.4,22.0,0.0,1024.4
2026-03-04 13:00:00+00:00,13.3,69,7.7,0,520.0,425.0,789.0,95.0,12.6,25.6,0.0,1023.7
2026-03-04 14:00:00+00:00,13.3,66,7.1,0,481.0,386.0,758.8,95.0,15.8,31.7,0.0,1023.0
2026-03-04 15:00:00+00:00,13.4,65,6.9,0,396.0,304.0,693.7,92.0,14.0,28.4,0.0,1022.4
2026-03-04 16:00:00+00:00,13.2,67,7.2,0,270.0,186.0,560.0,84.0,12.6,25.6,0.0,1021.8
2026-03-04 17:00:00+00:00,12.5,70,7.2,0,121.0,56.0,283.5,65.0,10.1,20.9,0.0,1021.4
2026-03-04 18:00:00+00:00,11.6,73,6.9,0,0.0,0.0,0.0,0.0,10.1,20.9,0.0,1021.2
2026-03-04 19:00:00+00:00,11.1,76,7.1,0,0.0,0.0,0.0,0.0,10.1,20.9,0.0,1020.9
2026-03-04 20:00:00+00:00,10.7,79,7.2,0,0.0,0.0,0.0,0.0,9.4,20.2,0.0,1020.6
2026-03-04 21:00:00+00:00,9.8,83,7.0,0,0.0,0.0,0.0,0.0,9.0,19.4,0.0,1020.4
2026-03-04 22:00:00+00:00,9.8,85,7.4,0,0.0,0.0,0.0,0.0,10.1,21.2,0.0,1019.8
2026-03-04 23:00:00+00:00,9.7,85,7.3,0,0.0,0.0,0.0,0.0,8.3,17.6,0.0,1019.2
2026-03-05 00:00:00+00:00,9.6,85,7.2,9,0.0,0.0,0.0,0.0,8.6,18.7,0.0,1019.0
2026-03-05 01:00:00+00:00,9.6,86,7.4,38,0.0,0.0,0.0,0.0,8.3,17.6,0.0,1018.4
2026-03-05 02:00:00+00:00,9.1,87,7.1,0,0.0,0.0,0.0,0.0,7.6,16.6,0.0,1017.8
2026-03-05 03:00:00+00:00,8.9,89,7.2,0,0.0,0.0,0.0,0.0,6.8,14.8,0.0,1017.2
2026-03-05 04:00:00+00:00,8.6,90,7.1,0,0.0,0.0,0.0,0.0,6.8,14.8,0.0,1016.7
2026-03-05 05:00:00+00:00,8.6,90,7.0,0,0.0,0.0,0.0,0.0,9.0,19.4,0.0,1016.4
2026-03-05 06:00:00+00:00,8.2,91,6.8,0,0.0,0.0,0.0,0.0,8.3,17.6,0.0,1016.4
2026-03-05 07:00:00+00:00,8.0,92,6.8,1,3.0,1.0,19.1,2.0,8.3,18.7,0.0,1016.1
2026-03-05 08:00:00+00:00,8.8,90,7.3,43,70.0,33.0,289.4,37.0,7.9,17.3,0.0,1015.9
2026-03-05 09:00:00+00:00,10.5,83,7.7,0,228.0,186.0,711.6,42.0,9.7,20.5,0.0,1015.8
2026-03-05 10:00:00+00:00,11.6,78,7.9,0,351.0,280.0,726.5,71.0,13.0,25.9,0.0,1015.8
2026-03-05 11:00:00+00:00,12.5,75,8.2,20,406.0,264.0,552.7,142.0,14.0,29.2,0.0,1015.6
2026-03-05 12:00:00+00:00,13.4,72,8.5,52,455.0,267.0,502.1,188.0,14.0,29.2,0.0,1015.4
2026-03-05 13:00:00+00:00,13.6,71,8.5,29,514.0,410.0,753.3,104.0,14.8,29.9,0.0,1015.1
2026-03-05 14:00:00+00:00,13.9,71,8.8,20,468.0,354.0,688.6,114.0,13.7,27.7,0.0,1014.6
2026-03-05 15:00:00+00:00,14.0,70,8.6,2,395.0,303.0,683.3,92.0,12.6,25.6,0.0,1013.7
2026-03-05 16:00:00+00:00,13.4,71,8.3,0,271.0,188.0,557.6,83.0,13.0,26.3,0.0,1013.4
2026-03-05 17:00:00+00:00,12.8,71,7.7,0,124.0,59.0,291.5,65.0,13.7,28.1,0.0,1013.5
2026-03-05 18:00:00+00:00,11.8,77,7.9,0,0.0,0.0,0.0,0.0,11.9,24.5,0.0,1013.7
2026-03-05 19:00:00+00:00,11.5,80,8.2,35,0.0,0.0,0.0,0.0,8.3,16.9,0.0,1014.1
2026-03-05 20:00:00+00:00,11.7,79,8.2,69,0.0,0.0,0.0,0.0,7.6,15.5,0.0,1014.3
2026-03-05 21:00:00+00:00,11.4,81,8.3,6,0.0,0.0,0.0,0.0,7.2,15.5,0.0,1014.9
2026-03-05 22:00:00+00:00,11.3,83,8.5,27,0.0,0.0,0.0,0.0,6.5,14.0,0.0,1015.1
2026-03-05 23:00:00+00:00,11.1,85,8.7,55,0.0,0.0,0.0,0.0,5.0,11.2,0.0,1015.3
2026-03-06 00:00:00+00:00,11.3,85,8.8,95,0.0,0.0,0.0,0.0,3.2,7.6,0.0,1015.5
2026-03-06 01:00:00+00:00,11.2,86,8.9,91,0.0,0.0,0.0,0.0,6.5,13.3,0.0,1015.6
2026-03-06 02:00:00+00:00,10.6,89,8.9,2,0.0,0.0,0.0,0.0,5.0,11.9,0.0,1015.6
2026-03-06 03:00:00+00:00,10.3,88,8.4,60,0.0,0.0,0.0,0.0,5.0,11.2,0.0,1016.0
2026-03-06 04:00:00+00:00,10.1,89,8.3,100,0.0,0.0,0.0,0.0,4.7,10.1,0.0,1016.2
2026-03-06 05:00:00+00:00,10.2,89,8.4,100,0.0,0.0,0.0,0.0,4.0,8.3,0.0,1016.7
2026-03-06 06:00:00+00:00,10.1,90,8.6,97,0.0,0.0,0.0,0.0,2.9,6.5,0.0,1017.5
2026-03-06 07:00:00+00:00,10.2,89,8.4,87,4.0,0.0,0.0,4.0,8.3,17.6,0.0,1018.2
2026-03-06 08:00:00+00:00,9.8,89,8.1,98,32.0,1.0,8.3,31.0,11.9,23.8,0.0,1018.7
2026-03-06 09:00:00+00:00,9.9,85,7.5,100,118.0,5.0,18.7,113.0,10.8,22.0,0.0,1020.1
2026-03-06 10:00:00+00:00,10.4,79,6.9,100,120.0,0.0,0.0,120.0,11.5,23.8,0.0,1020.4
2026-03-06 11:00:00+00:00,10.9,76,6.9,100,234.0,18.0,37.2,216.0,11.9,24.8,0.0,1020.5
2026-03-06 12:00:00+00:00,12.1,79,8.5,100,162.0,1.0,1.9,161.0,10.1,20.9,0.1,1020.4
2026-03-06 13:00:00+00:00,12.3,78,8.6,100,136.0,0.0,0.0,136.0,9.0,19.1,0.1,1020.6
2026-03-06 14:00:00+00:00,12.1,81,9.0,100,78.0,0.0,0.0,78.0,9.7,20.2,0.2,1020.7
2026-03-06 15:00:00+00:00,12.4,84,9.8,100,56.0,0.0,0.0,56.0,8.3,18.0,0.4,1020.9
2026-03-06 16:00:00+00:00,11.5,90,9.9,100,38.0,0.0,0.0,38.0,10.1,21.2,0.5,1021.3
2026-03-06 17:00:00+00:00,10.9,93,9.8,100,31.0,0.0,0.0,31.0,10.4,22.0,0.7,1021.7
2026-03-06 18:00:00+00:00,9.9,93,8.8,100,0.0,0.0,0.0,0.0,11.5,23.0,0.7,1022.6
2026-03-06 19:00:00+00:00,9.8,94,8.9,100,0.0,0.0,0.0,0.0,9.4,19.4,0.2,1023.1
2026-03-06 20:00:00+00:00,9.7,93,8.7,100,0.0,0.0,0.0,0.0,10.1,20.2,0.0,1023.7
2026-03-06 21:00:00+00:00,10.0,92,8.8,100,0.0,0.0,0.0,0.0,9.4,19.1,0.0,1023.7
2026-03-06 22:00:00+00:00,9.9,92,8.7,100,0.0,0.0,0.0,0.0,9.4,19.1,0.0,1023.9
2026-03-06 23:00:00+00:00,9.8,93,8.7,100,0.0,0.0,0.0,0.0,9.4,19.1,0.0,1023.9
2026-03-07 00:00:00+00:00,8.7,94,7.8,100,0.0,0.0,0.0,0.0,9.4,18.7,0.0,1024.4
2026-03-07 01:00:00+00:00,8.8,94,7.9,100,0.0,0.0,0.0,0.0,7.9,15.8,0.0,1024.3
2026-03-07 02:00:00+00:00,8.8,95,8.0,100,0.0,0.0,0.0,0.0,8.3,16.6,0.1,1023.9
2026-03-07 03:00:00+00:00,8.5,92,7.3,100,0.0,0.0,0.0,0.0,8.6,17.6,0.0,1024.9
2026-03-07 04:00:00+00:00,8.3,92,7.1,100,0.0,0.0,0.0,0.0,10.4,22.0,0.0,1024.9
2026-03-07 05:00:00+00:00,8.2,93,7.1,100,0.0,0.0,0.0,0.0,9.4,19.4,0.0,1025.0
2026-03-07 06:00:00+00:00,7.5,92,6.3,100,0.0,0.0,0.0,0.0,10.1,20.5,0.0,1025.5
2026-03-07 07:00:00+00:00,7.5,92,6.3,100,1.0,0.0,0.0,1.0,9.0,18.7,0.0,1025.8
2026-03-07 08:00:00+00:00,7.7,92,6.5,100,18.0,0.0,0.0,18.0,8.6,18.4,0.0,1025.9
2026-03-07 09:00:00+00:00,8.3,92,7.1,100,54.0,0.0,0.0,54.0,7.6,15.5,0.0,1025.8
2026-03-07 10:00:00+00:00,8.8,91,7.4,100,105.0,1.0,2.5,104.0,6.5,13.3,0.0,1026.0
2026-03-07 11:00:00+00:00,9.5,89,7.8,100,79.0,0.0,0.0,79.0,5.4,11.9,0.0,1026.0
2026-03-07 12:00:00+00:00,9.9,86,7.7,100,96.0,0.0,0.0,96.0,5.4,11.9,0.0,1025.8
2026-03-07 13:00:00+00:00,10.4,84,7.8,100,225.0,7.0,12.6,218.0,6.8,14.8,0.0,1025.2
2026-03-07 14:00:00+00:00,11.0,82,8.0,100,202.0,11.0,21.0,191.0,5.4,12.2,0.0,1024.8
2026-03-07 15:00:00+00:00,11.0,85,8.6,100,108.0,0.0,0.0,108.0,6.8,14.8,0.0,1024.8
2026-03-07 16:00:00+00:00,10.4,90,8.9,100,88.0,0.0,0.0,88.0,6.8,14.0,0.0,1024.5
2026-03-07 17:00:00+00:00,10.3,89,8.5,100,48.0,0.0,0.0,48.0,9.0,18.4,0.0,1024.4
2026-03-07 18:00:00+00:00,10.4,86,8.1,100,0.0,0.0,0.0,0.0,12.2,24.8,0.0,1024.7
2026-03-07 19:00:00+00:00,10.2,88,8.3,100,0.0,0.0,0.0,0.0,7.2,14.8,0.0,1024.9
2026-03-07 20:00:00+00:00,10.2,88,8.3,87,0.0,0.0,0.0,0.0,6.5,13.3,0.0,1024.9
2026-03-07 21:00:00+00:00,9.9,88,8.0,98,0.0,0.0,0.0,0.0,6.5,13.3,0.0,1025.5
2026-03-07 22:00:00+00:00,9.9,88,8.0,98,0.0,0.0,0.0,0.0,5.4,11.5,0.0,1025.5
2026-03-07 23:00:00+00:00,9.9,89,8.2,98,0.0,0.0,0.0,0.0,4.0,8.3,0.0,1025.4
2026-03-08 00:00:00+00:00,9.3,86,7.1,95,0.0,0.0,0.0,0.0,7.2,15.5,0.0,1025.0
2026-03-08 01:00:00+00:00,9.1,87,7.0,100,0.0,0.0,0.0,0.0,5.0,10.8,0.0,1024.9
2026-03-08 02:00:00+00:00,8.7,91,7.3,96,0.0,0.0,0.0,0.0,6.8,14.8,0.4,1024.5
2026-03-08 03:00:00+00:00,9.2,88,7.3,95,0.0,0.0,0.0,0.0,8.3,17.6,0.0,1023.8
2026-03-08 04:00:00+00:00,8.8,88,6.9,100,0.0,0.0,0.0,0.0,7.6,15.5,0.0,1023.4
2026-03-08 05:00:00+00:00,8.6,90,7.0,100,0.0,0.0,0.0,0.0,9.0,19.1,0.0,1023.6
2026-03-08 06:00:00+00:00,8.1,90,6.6,100,0.0,0.0,0.0,0.0,8.3,17.3,0.0,1023.5
2026-03-08 07:00:00+00:00,7.8,91,6.5,100,3.0,0.0,0.0,3.0,8.3,17.3,0.0,1023.8
2026-03-08 08:00:00+00:00,7.9,91,6.5,100,35.0,0.0,0.0,35.0,6.5,14.0,0.0,1024.1
2026-03-08 09:00:00+00:00,8.4,91,7.0,100,80.0,0.0,0.0,80.0,9.4,19.4,0.0,1024.0
2026-03-08 10:00:00+00:00,9.3,85,6.9,98,170.0,6.0,14.9,164.0,9.0,19.1,0.0,1023.8
2026-03-08 11:00:00+00:00,10.1,82,7.1,100,283.0,29.0,58.6,254.0,7.6,17.3,0.0,1023.5
2026-03-08 12:00:00+00:00,10.3,80,7.0,85,406.0,146.0,265.9,260.0,13.0,26.3,0.0,1023.2
2026-03-08 13:00:00+00:00,10.8,79,7.3,84,467.0,265.0,472.4,202.0,14.0,28.4,0.0,1022.6
2026-03-08 14:00:00+00:00,10.7,82,7.8,81,339.0,84.0,158.4,255.0,15.5,31.7,0.0,1022.2
2026-03-08 15:00:00+00:00,10.4,82,7.4,80,311.0,98.0,213.5,213.0,15.5,31.0,0.0,1021.7
2026-03-08 16:00:00+00:00,10.1,82,7.2,66,246.0,113.0,320.9,133.0,13.0,26.3,0.0,1021.6
2026-03-08 17:00:00+00:00,9.9,84,7.3,95,70.0,1.0,4.6,69.0,12.2,25.6,0.0,1021.3
2026-03-08 18:00:00+00:00,9.0,85,6.6,100,0.0,0.0,0.0,0.0,11.5,23.8,0.0,1021.2
2026-03-08 19:00:00+00:00,8.9,85,6.5,99,0.0,0.0,0.0,0.0,9.7,20.2,0.0,1021.2
2026-03-08 20:00:00+00:00,8.6,87,6.5,99,0.0,0.0,0.0,0.0,9.4,19.4,0.0,1021.1
2026-03-08 21:00:00+00:00,8.9,89,7.2,100,0.0,0.0,0.0,0.0,8.6,17.6,0.0,1021.1
2026-03-08 22:00:00+00:00,8.8,90,7.3,100,0.0,0.0,0.0,0.0,10.8,22.0,0.0,1021.0
2026-03-08 23:00:00+00:00,8.8,90,7.2,100,0.0,0.0,0.0,0.0,10.4,21.2,0.0,1020.9
2026-03-09 00:00:00+00:00,8.6,90,7.1,100,0.0,0.0,0.0,0.0,9.4,19.4,0.0,1020.5
2026-03-09 01:00:00+00:00,8.5,90,7.0,100,0.0,0.0,0.0,0.0,6.8,14.0,0.0,1020.0
2026-03-09 02:00:00+00:00,8.3,91,6.9,95,0.0,0.0,0.0,0.0,8.6,17.6,0.0,1019.7
2026-03-09 03:00:00+00:00,8.5,93,7.4,100,0.0,0.0,0.0,0.0,7.6,15.8,0.0,1019.3
2026-03-09 04:00:00+00:00,8.3,95,7.5,100,0.0,0.0,0.0,0.0,9.4,19.1,0.0,1018.9
2026-03-09 05:00:00+00:00,8.4,96,7.8,100,0.0,0.0,0.0,0.0,9.4,19.8,0.0,1018.9
2026-03-09 06:00:00+00:00,8.4,95,7.6,98,0.0,0.0,0.0,0.0,9.0,19.1,0.0,1019.0
2026-03-09 07:00:00+00:00,8.9,94,8.0,98,7.0,1.0,19.1,6.0,6.1,13.3,0.0,1019.2
2026-03-09 08:00:00+00:00,9.6,93,8.5,80,80.0,27.0,195.7,53.0,6.8,14.0,0.0,1019.4
2026-03-09 09:00:00+00:00,10.0,96,9.4,99,126.0,6.0,21.0,120.0,9.4,18.7,0.0,1019.3
2026-03-09 10:00:00+00:00,10.5,94,9.6,98,229.0,29.0,70.9,200.0,10.4,21.6,0.0,1019.1
2026-03-09 11:00:00+00:00,11.5,90,9.9,88,288.0,58.0,115.7,230.0,10.4,21.2,0.0,1019.0
2026-03-09 12:00:00+00:00,12.5,88,10.6,59,476.0,281.0,506.4,195.0,9.4,18.4,0.0,1018.6
2026-03-09 13:00:00+00:00,13.2,77,9.2,39,505.0,342.0,603.6,163.0,10.4,22.3,0.0,1018.1
2026-03-09 14:00:00+00:00,13.2,73,8.5,42,487.0,365.0,681.3,122.0,11.9,24.8,0.0,1017.8
2026-03-09 15:00:00+00:00,13.2,69,7.7,60,333.0,179.0,385.5,154.0,10.8,23.4,0.0,1017.5
2026-03-09 16:00:00+00:00,12.4,76,8.3,59,197.0,73.0,204.4,124.0,12.2,26.3,0.0,1017.3
2026-03-09 17:00:00+00:00,11.5,82,8.6,81,98.0,14.0,63.1,84.0,9.4,19.1,0.0,1017.3
2026-03-09 18:00:00+00:00,10.8,87,8.8,37,0.0,0.0,0.0,0.0,7.6,15.8,0.0,1017.4
2026-03-09 19:00:00+00:00,10.3,90,8.8,99,0.0,0.0,0.0,0.0,7.2,14.8,0.0,1017.6
2026-03-09 20:00:00+00:00,10.0,93,8.9,87,0.0,0.0,0.0,0.0,6.8,14.8,0.0,1017.8
2026-03-09 21:00:00+00:00,10.4,91,9.0,94,0.0,0.0,0.0,0.0,7.9,15.8,0.0,1018.0
2026-03-09 22:00:00+00:00,9.5,94,8.6,2,0.0,0.0,0.0,0.0,6.8,14.0,0.0,1017.9
2026-03-09 23:00:00+00:00,8.6,96,8.0,24,0.0,0.0,0.0,0.0,6.5,13.0,0.0,1017.5
2026-03-10 00:00:00+00:00,9.4,96,8.8,75,0.0,0.0,0.0,0.0,7.2,14.0,0.0,1017.3
2026-03-10 01:00:00+00:00,8.4,97,8.0,83,0.0,0.0,0.0,0.0,6.5,13.0,0.0,1017.2
2026-03-10 02:00:00+00:00,8.3,97,7.8,98,0.0,0.0,0.0,0.0,5.8,11.5,0.0,1016.9
2026-03-10 03:00:00+00:00,8.2,96,7.6,98,0.0,0.0,0.0,0.0,7.2,15.1,0.0,1017.1
2026-03-10 04:00:00+00:00,8.0,98,7.7,100,0.0,0.0,0.0,0.0,4.3,8.6,0.0,1017.0
2026-03-10 05:00:00+00:00,8.2,98,7.9,100,0.0,0.0,0.0,0.0,3.2,6.5,0.3,1017.1
2026-03-10 06:00:00+00:00,8.5,93,7.4,98,0.0,0.0,0.0,0.0,5.0,10.4,0.3,1017.1
2026-03-10 07:00:00+00:00,8.1,91,6.7,100,8.0,0.0,0.0,8.0,6.8,14.0,0.0,1017.5
2026-03-10 08:00:00+00:00,7.9,88,6.0,100,63.0,0.0,0.0,63.0,6.5,13.3,0.0,1017.7
2026-03-10 09:00:00+00:00,8.9,78,5.3,100,224.0,119.0,408.2,105.0,8.3,16.6,0.0,1017.5
2026-03-10 10:00:00+00:00,10.3,62,3.4,43,385.0,303.0,729.5,82.0,9.4,20.2,0.0,1017.2
2026-03-10 11:00:00+00:00,11.5,56,3.0,100,371.0,169.0,333.3,202.0,11.5,25.2,0.0,1016.9
2026-03-10 12:00:00+00:00,11.8,57,3.6,89,403.0,213.0,379.9,190.0,14.8,30.2,0.0,1016.6
2026-03-10 13:00:00+00:00,11.8,59,4.1,100,445.0,198.0,346.0,247.0,16.6,34.6,0.0,1016.0
2026-03-10 14:00:00+00:00,11.7,59,3.9,91,355.0,128.0,236.5,227.0,15.8,33.1,0.0,1015.5
2026-03-10 15:00:00+00:00,11.5,67,5.6,86,252.0,99.0,210.9,153.0,17.3,36.0,0.0,1014.5
2026-03-10 16:00:00+00:00,11.3,75,7.1,94,101.0,1.0,2.8,100.0,16.6,33.1,0.0,1013.7
2026-03-10 17:00:00+00:00,10.9,79,7.4,29,139.0,79.0,348.7,60.0,16.9,33.8,0.0,1012.9
2026-03-10 18:00:00+00:00,10.5,84,7.9,76,0.0,0.0,0.0,0.0,16.2,32.4,0.0,1012.5
2026-03-10 19:00:00+00:00,10.0,85,7.6,99,0.0,0.0,0.0,0.0,14.4,29.2,0.0,1012.0
2026-03-10 20:00:00+00:00,10.2,83,7.5,100,0.0,0.0,0.0,0.0,17.6,35.6,0.0,1011.3
2026-03-10 21:00:00+00:00,10.1,87,8.0,100,0.0,0.0,0.0,0.0,20.2,41.0,0.4,1010.6
2026-03-10 22:00:00+00:00,9.8,91,8.4,100,0.0,0.0,0.0,0.0,22.7,45.4,1.4,1009.8
2026-03-10 23:00:00+00:00,9.6,92,8.3,100,0.0,0.0,0.0,0.0,24.5,49.7,1.4,1008.6
2026-03-11 00:00:00+00:00,9.7,94,8.8,100,0.0,0.0,0.0,0.0,24.5,49.7,0.5,1007.5
2026-03-11 01:00:00+00:00,10.1,95,9.4,100,0.0,0.0,0.0,0.0,23.0,47.2,0.6,1006.8
2026-03-11 02:00:00+00:00,10.5,97,10.1,100,0.0,0.0,0.0,0.0,16.6,34.6,0.2,1005.9
2026-03-11 03:00:00+00:00,10.9,93,9.8,100,0.0,0.0,0.0,0.0,13.0,27.0,0.6,1005.8
2026-03-11 04:00:00+00:00,10.7,83,8.0,100,0.0,0.0,0.0,0.0,16.6,34.6,0.0,1006.3
2026-03-11 05:00:00+00:00,9.7,78,6.0,24,0.0,0.0,0.0,0.0,12.6,26.3,0.0,1007.0
2026-03-11 06:00:00+00:00,8.9,76,4.9,0,0.0,0.0,0.0,0.0,14.0,29.5,0.0,1008.2
2026-03-11 07:00:00+00:00,8.2,77,4.4,35,13.0,5.0,95.5,8.0,14.0,29.2,0.0,1009.2
2026-03-11 08:00:00+00:00,8.6,73,4.1,0,113.0,76.0,505.9,37.0,15.5,32.0,0.0,1010.1
2026-03-11 09:00:00+00:00,9.6,67,3.7,21,241.0,157.0,527.5,84.0,18.4,37.1,0.0,1011.2
2026-03-11 10:00:00+00:00,10.5,59,2.8,45,390.0,306.0,726.2,84.0,19.1,40.0,0.0,1011.9
2026-03-11 11:00:00+00:00,11.1,54,2.2,54,381.0,207.0,403.5,174.0,17.3,35.6,0.0,1012.6
2026-03-11 12:00:00+00:00,11.3,52,1.8,86,267.0,13.0,23.0,254.0,19.8,41.0,0.0,1013.4
2026-03-11 13:00:00+00:00,11.8,45,0.3,59,367.0,170.0,294.2,197.0,17.3,37.1,0.0,1013.5
2026-03-11 14:00:00+00:00,11.4,49,1.1,83,207.0,42.0,76.8,165.0,19.1,40.7,0.1,1014.2
2026-03-11 15:00:00+00:00,11.7,45,0.2,46,247.0,97.0,204.4,150.0,17.6,38.2,0.0,1015.4
2026-03-11 16:00:00+00:00,11.5,39,-2.0,1,319.0,231.0,629.1,88.0,20.9,43.6,0.0,1016.2
2026-03-11 17:00:00+00:00,10.9,46,-0.3,2,144.0,64.0,276.6,80.0,17.3,37.1,0.0,1017.0
2026-03-11 18:00:00+00:00,9.7,52,0.3,1,0.0,0.0,0.0,0.0,15.1,32.0,0.0,1018.3
2026-03-11 19:00:00+00:00,9.0,59,1.4,83,0.0,0.0,0.0,0.0,7.6,16.6,0.0,1019.1
2026-03-11 20:00:00+00:00,8.4,62,1.5,0,0.0,0.0,0.0,0.0,10.4,22.0,0.0,1019.5
2026-03-11 21:00:00+00:00,7.8,64,1.4,0,0.0,0.0,0.0,0.0,10.1,20.9,0.0,1019.5
2026-03-11 22:00:00+00:00,7.5,68,2.0,0,0.0,0.0,0.0,0.0,10.4,21.6,0.0,1019.8
2026-03-11 23:00:00+00:00,7.2,72,2.5,0,0.0,0.0,0.0,0.0,9.4,19.1,0.0,1019.7
2026-03-12 00:00:00+00:00,7.3,77,3.5,0,0.0,0.0,0.0,0.0,9.4,19.1,0.0,1019.7
2026-03-12 01:00:00+00:00,7.0,81,3.9,0,0.0,0.0,0.0,0.0,7.9,15.8,0.0,1019.4
2026-03-12 02:00:00+00:00,7.2,77,3.5,0,0.0,0.0,0.0,0.0,10.4,21.2,0.0,1018.7
2026-03-12 03:00:00+00:00,7.9,86,5.7,0,0.0,0.0,0.0,0.0,12.2,25.2,0.0,1017.7
2026-03-12 04:00:00+00:00,8.4,82,5.5,2,0.0,0.0,0.0,0.0,15.5,31.3,0.0,1017.2
2026-03-12 05:00:00+00:00,8.8,80,5.5,96,0.0,0.0,0.0,0.0,15.8,32.8,0.0,1016.8
2026-03-12 06:00:00+00:00,9.5,77,5.6,96,0.0,0.0,0.0,0.0,17.3,35.6,0.0,1016.4
2026-03-12 07:00:00+00:00,9.7,75,5.5,100,11.0,1.0,18.2,10.0,20.2,41.0,0.0,1016.2
2026-03-12 08:00:00+00:00,10.1,77,6.3,92,63.0,4.0,25.6,59.0,21.6,44.3,0.0,1015.6
2026-03-12 09:00:00+00:00,10.3,79,6.8,100,51.0,0.0,0.0,51.0,24.8,51.1,0.0,1015.0
2026-03-12 10:00:00+00:00,10.6,78,7.0,100,87.0,1.0,2.3,86.0,25.9,52.2,0.0,1014.5
2026-03-12 11:00:00+00:00,10.8,78,7.1,100,110.0,0.0,0.0,110.0,30.6,62.3,0.0,1013.8
2026-03-12 12:00:00+00:00,10.7,83,7.9,100,89.0,0.0,0.0,89.0,28.1,57.2,0.0,1012.8
2026-03-12 13:00:00+00:00,10.7,86,8.4,100,69.0,0.0,0.0,69.0,29.5,59.8,0.2,1011.7
2026-03-12 14:00:00+00:00,10.6,88,8.7,100,55.0,0.0,0.0,55.0,29.5,60.1,0.5,1011.0
2026-03-12 15:00:00+00:00,10.8,88,8.9,100,38.0,0.0,0.0,38.0,28.4,58.3,0.1,1010.0
2026-03-12 16:00:00+00:00,10.8,91,9.4,100,43.0,0.0,0.0,43.0,28.4,58.0,0.6,1009.3
2026-03-12 17:00:00+00:00,11.0,91,9.6,100,17.0,0.0,0.0,17.0,29.2,59.8,0.2,1008.2
2026-03-12 18:00:00+00:00,11.4,89,9.6,100,0.0,0.0,0.0,0.0,31.0,63.4,0.1,1007.3
2026-03-12 19:00:00+00:00,11.4,90,9.8,100,0.0,0.0,0.0,0.0,31.7,65.2,0.0,1006.6
2026-03-12 20:00:00+00:00,11.6,88,9.7,100,0.0,0.0,0.0,0.0,32.0,66.2,0.0,1005.6
2026-03-12 21:00:00+00:00,11.5,88,9.6,100,0.0,0.0,0.0,0.0,35.3,72.0,0.0,1004.4
2026-03-12 22:00:00+00:00,11.5,89,9.8,100,0.0,0.0,0.0,0.0,36.4,74.2,0.1,1003.1
2026-03-12 23:00:00+00:00,11.3,93,10.2,100,0.0,0.0,0.0,0.0,33.8,69.5,1.8,1002.2
2026-03-13 00:00:00+00:00,11.4,93,10.3,100,0.0,0.0,0.0,0.0,32.4,66.6,3.5,1001.0
2026-03-13 01:00:00+00:00,11.3,89,9.6,100,0.0,0.0,0.0,0.0,25.2,52.2,2.2,1001.3
2026-03-13 02:00:00+00:00,10.3,83,7.5,100,0.0,0.0,0.0,0.0,20.2,42.5,0.4,1000.8
2026-03-13 03:00:00+00:00,7.1,83,4.4,100,0.0,0.0,0.0,0.0,20.9,43.2,1.3,1002.7
2026-03-13 04:00:00+00:00,6.8,79,3.4,100,0.0,0.0,0.0,0.0,10.4,22.0,0.3,1002.8
2026-03-13 05:00:00+00:00,7.2,75,3.1,100,0.0,0.0,0.0,0.0,11.5,23.8,0.0,1002.9
2026-03-13 06:00:00+00:00,6.9,69,1.6,100,0.0,0.0,0.0,0.0,14.8,30.6,0.0,1003.5
2026-03-13 07:00:00+00:00,6.9,68,1.4,100,11.0,0.0,0.0,11.0,11.2,23.8,0.0,1003.9
2026-03-13 08:00:00+00:00,6.3,69,1.1,100,62.0,0.0,0.0,62.0,12.6,26.3,0.2,1004.3
2026-03-13 09:00:00+00:00,7.0,59,-0.4,100,143.0,4.0,12.9,139.0,15.8,32.8,0.0,1004.7
2026-03-13 10:00:00+00:00,7.7,52,-1.5,100,243.0,24.0,55.4,219.0,16.2,33.5,0.0,1004.3
2026-03-13 11:00:00+00:00,8.3,45,-3.0,100,283.0,18.0,34.3,265.0,19.4,41.0,0.0,1004.0
2026-03-13 12:00:00+00:00,8.3,46,-2.7,100,357.0,52.0,90.0,305.0,20.9,44.3,0.0,1003.6
2026-03-13 13:00:00+00:00,8.7,49,-1.4,100,377.0,77.0,130.7,300.0,17.3,37.1,0.0,1003.1
2026-03-13 14:00:00+00:00,7.9,54,-0.9,100,332.0,44.0,79.0,288.0,15.8,33.5,0.1,1002.7
2026-03-13 15:00:00+00:00,8.4,47,-2.2,100,281.0,24.0,49.5,257.0,19.4,41.8,0.0,1002.2
2026-03-13 16:00:00+00:00,7.8,53,-1.2,85,238.0,91.0,241.3,147.0,15.1,31.7,0.0,1001.4
2026-03-13 17:00:00+00:00,7.4,57,-0.5,100,111.0,16.0,66.4,95.0,13.0,27.0,0.0,1001.3
2026-03-13 18:00:00+00:00,7.5,53,-1.5,98,12.0,0.0,0.0,12.0,11.2,23.0,0.0,1001.1
2026-03-13 19:00:00+00:00,6.8,59,-0.7,98,0.0,0.0,0.0,0.0,10.1,20.9,0.0,1001.4
2026-03-13 20:00:00+00:00,5.8,60,-1.4,73,0.0,0.0,0.0,0.0,13.0,27.7,0.0,1001.7
2026-03-13 21:00:00+00:00,5.4,64,-0.9,98,0.0,0.0,0.0,0.0,11.5,24.5,0.0,1001.9
2026-03-13 22:00:00+00:00,4.5,70,-0.5,2,0.0,0.0,0.0,0.0,7.2,15.1,0.0,1002.0
2026-03-13 23:00:00+00:00,4.0,72,-0.6,23,0.0,0.0,0.0,0.0,7.9,16.6,0.0,1002.2
2026-03-14 00:00:00+00:00,3.4,79,0.1,0,0.0,0.0,0.0,0.0,7.2,15.5,0.0,1001.8
2026-03-14 01:00:00+00:00,2.9,82,0.1,0,0.0,0.0,0.0,0.0,6.5,14.0,0.0,1001.9
2026-03-14 02:00:00+00:00,2.7,82,-0.0,0,0.0,0.0,0.0,0.0,7.9,16.9,0.0,1002.4
2026-03-14 03:00:00+00:00,3.6,84,1.1,0,0.0,0.0,0.0,0.0,10.1,20.9,0.0,1002.1
2026-03-14 04:00:00+00:00,3.3,86,1.2,0,0.0,0.0,0.0,0.0,11.2,23.4,0.0,1002.9
2026-03-14 05:00:00+00:00,3.4,85,1.1,0,0.0,0.0,0.0,0.0,9.4,19.8,0.0,1003.5
2026-03-14 06:00:00+00:00,2.9,86,0.8,59,0.0,0.0,0.0,0.0,8.3,17.6,0.0,1004.3
2026-03-14 07:00:00+00:00,2.8,86,0.7,0,20.0,9.0,147.0,11.0,6.5,13.0,0.0,1005.2
2026-03-14 08:00:00+00:00,3.8,82,1.0,0,133.0,92.0,545.2,41.0,8.3,16.6,0.0,1006.0
2026-03-14 09:00:00+00:00,5.8,73,1.4,0,286.0,222.0,702.4,64.0,10.8,22.3,0.0,1006.1
2026-03-14 10:00:00+00:00,7.6,63,1.0,4,425.0,345.0,784.9,80.0,10.4,21.2,0.0,1006.6
2026-03-14 11:00:00+00:00,8.8,57,0.7,23,464.0,318.0,599.1,146.0,7.9,19.1,0.0,1007.0
2026-03-14 12:00:00+00:00,10.0,45,-1.4,37,461.0,272.0,466.0,189.0,9.0,22.3,0.0,1007.2
2026-03-14 13:00:00+00:00,10.5,41,-2.2,56,414.0,223.0,375.1,191.0,10.1,23.8,0.0,1007.4
2026-03-14 14:00:00+00:00,10.9,38,-2.9,45,415.0,244.0,433.7,171.0,10.8,25.2,0.0,1007.8
2026-03-14 15:00:00+00:00,10.7,38,-3.0,52,324.0,175.0,357.1,149.0,9.0,22.0,0.0,1007.9
2026-03-14 16:00:00+00:00,10.7,36,-3.8,41,251.0,132.0,345.5,119.0,7.2,18.4,0.0,1008.2
2026-03-14 17:00:00+00:00,10.6,38,-3.2,44,137.0,55.0,223.8,82.0,5.8,14.8,0.0,1008.5
2026-03-14 18:00:00+00:00,10.0,42,-2.3,16,27.0,0.0,0.0,27.0,6.8,15.5,0.0,1008.8
2026-03-14 19:00:00+00:00,8.8,53,-0.3,0,0.0,0.0,0.0,0.0,11.5,24.1,0.0,1009.5
2026-03-14 20:00:00+00:00,7.8,59,0.3,0,0.0,0.0,0.0,0.0,9.0,19.1,0.0,1010.4
2026-03-14 21:00:00+00:00,7.3,65,1.2,43,0.0,0.0,0.0,0.0,10.1,21.2,0.0,1011.7
2026-03-14 22:00:00+00:00,6.5,70,1.4,0,0.0,0.0,0.0,0.0,9.4,20.2,0.0,1012.2
2026-03-14 23:00:00+00:00,5.8,72,1.2,0,0.0,0.0,0.0,0.0,7.6,16.6,0.0,1012.5
2026-03-15 00:00:00+00:00,6.0,75,1.9,43,0.0,0.0,0.0,0.0,5.8,12.2,0.0,1012.4
2026-03-15 01:00:00+00:00,5.7,77,2.0,48,0.0,0.0,0.0,0.0,3.6,8.3,0.0,1012.7
2026-03-15 02:00:00+00:00,4.6,83,2.0,0,0.0,0.0,0.0,0.0,2.9,6.5,0.0,1012.7
2026-03-15 03:00:00+00:00,3.4,87,1.4,6,0.0,0.0,0.0,0.0,2.9,6.5,0.0,1013.4
2026-03-15 04:00:00+00:00,3.0,88,1.2,21,0.0,0.0,0.0,0.0,2.9,6.8,0.0,1013.5
2026-03-15 05:00:00+00:00,2.9,88,1.1,100,0.0,0.0,0.0,0.0,3.2,7.6,0.0,1014.1
2026-03-15 06:00:00+00:00,4.4,80,1.2,100,0.0,0.0,0.0,0.0,4.3,8.3,0.0,1014.4
2026-03-15 07:00:00+00:00,4.5,82,1.7,49,24.0,15.0,233.0,9.0,5.0,9.7,0.0,1014.3
2026-03-15 08:00:00+00:00,5.7,81,2.7,55,120.0,70.0,400.1,50.0,6.1,12.2,0.0,1013.9
2026-03-15 09:00:00+00:00,8.1,72,3.4,100,141.0,3.0,9.3,138.0,9.4,18.4,0.0,1014.0
2026-03-15 10:00:00+00:00,9.2,64,2.7,100,99.0,0.0,0.0,99.0,14.4,29.5,0.0,1013.9
2026-03-15 11:00:00+00:00,9.7,62,2.8,99,198.0,5.0,9.3,193.0,19.4,40.0,0.1,1013.5
2026-03-15 12:00:00+00:00,10.8,55,2.1,88,371.0,131.0,222.3,240.0,23.0,47.9,0.0,1012.9
2026-03-15 13:00:00+00:00,11.1,61,3.8,84,385.0,110.0,183.3,275.0,25.9,53.3,0.0,1012.1
2026-03-15 14:00:00+00:00,11.0,67,5.1,100,177.0,1.0,1.8,176.0,24.8,50.8,0.0,1011.7
2026-03-15 15:00:00+00:00,10.4,78,6.8,100,111.0,0.0,0.0,111.0,24.1,49.7,0.0,1010.7
2026-03-15 16:00:00+00:00,10.4,85,8.0,98,78.0,1.0,2.6,77.0,24.1,49.0,0.0,1010.1
2026-03-15 17:00:00+00:00,10.8,89,9.1,93,73.0,19.0,75.9,54.0,19.4,39.6,0.5,1010.0
2026-03-15 18:00:00+00:00,10.2,69,4.7,0,40.0,0.0,0.0,40.0,18.7,39.6,0.3,1010.8
2026-03-15 19:00:00+00:00,9.1,69,3.7,0,0.0,0.0,0.0,0.0,16.9,35.6,0.0,1011.5
2026-03-15 20:00:00+00:00,8.3,70,3.2,0,0.0,0.0,0.0,0.0,14.0,29.5,0.0,1011.7
2026-03-15 21:00:00+00:00,7.8,71,2.8,0,0.0,0.0,0.0,0.0,17.3,36.4,0.0,1013.3
2026-03-15 22:00:00+00:00,7.3,72,2.6,0,0.0,0.0,0.0,0.0,16.6,34.6,0.0,1013.8
2026-03-15 23:00:00+00:00,7.2,70,2.1,33,0.0,0.0,0.0,0.0,16.2,34.2,0.0,1014.1
2026-03-16 00:00:00+00:00,6.7,71,1.8,1,0.0,0.0,0.0,0.0,13.0,27.0,0.0,1014.4
2026-03-16 01:00:00+00:00,6.1,72,1.5,0,0.0,0.0,0.0,0.0,11.9,24.5,0.0,1014.6
2026-03-16 02:00:00+00:00,5.7,75,1.6,3,0.0,0.0,0.0,0.0,11.5,23.8,0.0,1014.9
2026-03-16 03:00:00+00:00,5.6,77,1.9,0,0.0,0.0,0.0,0.0,10.4,21.6,0.0,1014.7
2026-03-16 04:00:00+00:00,5.3,78,1.8,95,0.0,0.0,0.0,0.0,11.9,24.5,0.0,1015.1
2026-03-16 05:00:00+00:00,5.3,78,1.8,97,0.0,0.0,0.0,0.0,13.0,26.3,0.0,1015.5
2026-03-16 06:00:00+00:00,5.4,79,2.1,94,0.0,0.0,0.0,0.0,13.0,25.9,0.0,1016.0
2026-03-16 07:00:00+00:00,5.8,79,2.5,0,23.0,10.0,148.2,13.0,14.0,29.2,0.0,1016.4
2026-03-16 08:00:00+00:00,6.9,78,3.3,5,110.0,30.0,165.6,80.0,11.5,23.4,0.0,1016.8
2026-03-16 09:00:00+00:00,8.5,70,3.4,100,135.0,2.0,6.1,133.0,12.2,26.3,0.0,1016.8
2026-03-16 10:00:00+00:00,9.7,66,3.7,100,138.0,0.0,0.0,138.0,14.4,29.9,0.0,1016.8
2026-03-16 11:00:00+00:00,10.7,61,3.5,96,223.0,20.0,36.9,203.0,14.0,29.2,0.0,1017.0
2026-03-16 12:00:00+00:00,11.1,62,4.1,90,300.0,38.0,63.9,262.0,14.8,31.0,0.0,1016.8
2026-03-16 13:00:00+00:00,11.8,57,3.5,99,225.0,14.0,23.1,211.0,15.1,32.0,0.0,1016.8
2026-03-16 14:00:00+00:00,11.7,60,4.2,99,158.0,0.0,0.0,158.0,14.8,31.3,0.0,1016.8
2026-03-16 15:00:00+00:00,11.2,70,6.0,98,134.0,1.0,2.0,133.0,15.5,31.7,0.0,1017.5
2026-03-16 16:00:00+00:00,11.3,70,6.0,73,173.0,36.0,91.9,137.0,15.8,33.1,0.0,1017.5
2026-03-16 17:00:00+00:00,11.2,72,6.3,86,91.0,17.0,66.6,74.0,17.6,36.4,0.0,1017.3
2026-03-16 18:00:00+00:00,10.7,77,6.8,84,24.0,0.0,0.0,24.0,16.6,34.2,0.0,1017.3
2026-03-16 19:00:00+00:00,10.2,80,6.9,77,0.0,0.0,0.0,0.0,14.8,31.0,0.0,1017.4
2026-03-16 20:00:00+00:00,9.8,84,7.3,34,0.0,0.0,0.0,0.0,14.0,29.9,0.0,1017.2
2026-03-16 21:00:00+00:00,10.0,83,7.2,77,0.0,0.0,0.0,0.0,12.2,25.2,0.0,1017.7
2026-03-16 22:00:00+00:00,10.0,84,7.4,90,0.0,0.0,0.0,0.0,9.4,19.1,0.0,1017.9
2026-03-16 23:00:00+00:00,10.0,86,7.7,100,0.0,0.0,0.0,0.0,10.1,20.9,0.0,1017.6
2026-03-17 00:00:00+00:00,10.0,87,8.0,88,0.0,0.0,0.0,0.0,13.0,25.9,0.0,1017.4
2026-03-17 01:00:00+00:00,10.2,84,7.6,98,0.0,0.0,0.0,0.0,13.7,27.4,0.0,1017.2
2026-03-17 02:00:00+00:00,10.0,80,6.7,94,0.0,0.0,0.0,0.0,11.5,23.8,0.0,1016.6
2026-03-17 03:00:00+00:00,9.9,89,8.2,99,0.0,0.0,0.0,0.0,13.0,25.9,0.0,1016.2
2026-03-17 04:00:00+00:00,9.9,87,7.8,100,0.0,0.0,0.0,0.0,13.7,26.6,0.0,1015.8
2026-03-17 05:00:00+00:00,9.9,81,6.8,100,0.0,0.0,0.0,0.0,12.6,25.6,0.0,1015.5
2026-03-17 06:00:00+00:00,9.8,87,7.8,100,0.0,0.0,0.0,0.0,12.2,24.8,0.0,1015.5
2026-03-17 07:00:00+00:00,9.9,87,7.8,99,10.0,0.0,0.0,10.0,14.0,27.7,0.0,1015.5
2026-03-17 08:00:00+00:00,10.2,84,7.6,99,64.0,0.0,0.0,64.0,16.2,32.8,0.0,1015.6
2026-03-17 09:00:00+00:00,10.6,79,7.1,100,121.0,9.0,26.9,112.0,18.4,36.7,0.0,1015.8
2026-03-17 10:00:00+00:00,10.8,79,7.3,100,191.0,27.0,59.0,164.0,17.6,35.6,0.0,1015.9
2026-03-17 11:00:00+00:00,11.6,71,6.5,58,414.0,201.0,366.5,213.0,17.6,36.7,0.0,1015.8
2026-03-17 12:00:00+00:00,11.9,70,6.6,73,391.0,125.0,208.1,266.0,17.3,35.3,0.0,1015.6
2026-03-17 13:00:00+00:00,12.6,61,5.3,0,619.0,518.0,848.0,101.0,19.1,39.2,0.0,1015.3
2026-03-17 14:00:00+00:00,13.3,57,4.9,0,580.0,480.0,830.0,100.0,17.3,35.6,0.0,1014.6
2026-03-17 15:00:00+00:00,13.3,59,5.5,0,476.0,379.0,750.1,97.0,18.0,37.4,0.0,1015.0
2026-03-17 16:00:00+00:00,12.7,69,7.1,2,346.0,257.0,648.0,89.0,17.6,36.4,0.0,1014.7
2026-03-17 17:00:00+00:00,12.2,70,6.9,0,187.0,111.0,427.1,76.0,15.1,31.0,0.0,1014.5
2026-03-17 18:00:00+00:00,11.5,75,7.2,0,36.0,1.0,9.1,35.0,12.6,26.3,0.0,1014.6
2026-03-17 19:00:00+00:00,11.4,75,7.1,0,0.0,0.0,0.0,0.0,12.6,25.9,0.0,1014.6
2026-03-17 20:00:00+00:00,10.9,80,7.6,0,0.0,0.0,0.0,0.0,13.3,27.7,0.0,1014.7
2026-03-17 21:00:00+00:00,10.8,81,7.7,0,0.0,0.0,0.0,0.0,11.9,24.1,0.0,1014.7
2026-03-17 22:00:00+00:00,10.7,82,7.7,0,0.0,0.0,0.0,0.0,10.1,20.9,0.0,1014.9
2026-03-17 23:00:00+00:00,10.7,80,7.4,0,0.0,0.0,0.0,0.0,10.1,20.9,0.0,1015.2
2026-03-18 00:00:00+00:00,10.4,82,7.5,0,0.0,0.0,0.0,0.0,9.4,19.8,0.0,1015.3
2026-03-18 01:00:00+00:00,10.2,83,7.4,0,0.0,0.0,0.0,0.0,9.4,19.4,0.0,1015.6
2026-03-18 02:00:00+00:00,10.0,84,7.4,0,0.0,0.0,0.0,0.0,9.0,19.4,0.0,1015.7
2026-03-18 03:00:00+00:00,9.7,84,7.2,0,0.0,0.0,0.0,0.0,8.3,17.3,0.0,1015.8
2026-03-18 04:00:00+00:00,9.6,86,7.4,0,0.0,0.0,0.0,0.0,9.4,20.2,0.0,1016.2
2026-03-18 05:00:00+00:00,9.5,85,7.1,0,0.0,0.0,0.0,0.0,10.1,21.2,0.0,1016.8
2026-03-18 06:00:00+00:00,9.1,85,6.7,0,0.0,0.0,0.0,0.0,10.4,23.0,0.0,1017.4
2026-03-18 07:00:00+00:00,9.3,84,6.7,0,27.0,14.0,189.9,13.0,10.4,22.3,0.0,1018.0
2026-03-18 08:00:00+00:00,10.4,79,6.9,0,150.0,106.0,547.9,44.0,11.9,24.8,0.0,1018.5
2026-03-18 09:00:00+00:00,12.0,72,7.1,0,300.0,235.0,690.1,65.0,13.3,28.1,0.0,1019.5
2026-03-18 10:00:00+00:00,13.7,63,6.8,0,436.0,355.0,765.8,81.0,14.8,30.6,0.0,1019.8
2026-03-18 11:00:00+00:00,14.6,58,6.4,0,539.0,448.0,808.4,91.0,15.8,33.5,0.0,1019.8
2026-03-18 12:00:00+00:00,15.0,53,5.5,0,601.0,505.0,833.0,96.0,15.5,32.0,0.0,1020.0
2026-03-18 13:00:00+00:00,15.6,52,5.8,0,609.0,509.0,825.9,100.0,14.8,31.3,0.0,1020.1
2026-03-18 14:00:00+00:00,15.9,47,4.6,0,567.0,466.0,798.6,101.0,16.6,35.3,0.0,1020.1
2026-03-18 15:00:00+00:00,16.0,43,3.4,0,478.0,380.0,744.8,98.0,15.8,33.8,0.0,1020.3
2026-03-18 16:00:00+00:00,15.8,36,0.7,0,348.0,257.0,640.2,91.0,15.8,33.8,0.0,1020.5
2026-03-18 17:00:00+00:00,15.0,30,-2.4,0,193.0,117.0,442.2,76.0,17.3,37.1,0.0,1020.9
2026-03-18 18:00:00+00:00,14.1,36,-0.7,0,40.0,1.0,9.0,39.0,13.0,28.1,0.0,1021.0
2026-03-18 19:00:00+00:00,13.3,38,-0.7,0,0.0,0.0,0.0,0.0,11.9,25.9,0.0,1021.7
2026-03-18 20:00:00+00:00,12.5,43,0.3,0,0.0,0.0,0.0,0.0,9.7,21.6,0.0,1022.3
2026-03-18 21:00:00+00:00,11.7,49,1.3,0,0.0,0.0,0.0,0.0,11.5,24.5,0.0,1023.0
2026-03-18 22:00:00+00:00,11.0,49,0.7,0,0.0,0.0,0.0,0.0,11.9,24.8,0.0,1023.6
2026-03-18 23:00:00+00:00,10.4,49,0.2,0,0.0,0.0,0.0,0.0,11.9,25.2,0.0,1024.0
2026-03-19 00:00:00+00:00,10.0,50,0.0,0,0.0,0.0,0.0,0.0,11.2,23.8,0.0,1023.9
2026-03-19 01:00:00+00:00,9.5,53,0.4,0,0.0,0.0,0.0,0.0,9.4,20.2,0.0,1024.0
2026-03-19 02:00:00+00:00,9.2,54,0.3,0,0.0,0.0,0.0,0.0,10.1,21.2,0.0,1023.9
2026-03-19 03:00:00+00:00,8.5,56,0.2,0,0.0,0.0,0.0,0.0,9.0,19.8,0.0,1024.2
2026-03-19 04:00:00+00:00,8.0,59,0.4,0,0.0,0.0,0.0,0.0,7.9,17.3,0.0,1024.2
2026-03-19 05:00:00+00:00,7.6,63,1.0,0,0.0,0.0,0.0,0.0,8.6,18.4,0.0,1024.7
2026-03-19 06:00:00+00:00,7.1,67,1.4,0,0.0,0.0,0.0,0.0,8.3,18.0,0.0,1025.2
2026-03-19 07:00:00+00:00,6.9,70,1.8,0,31.0,17.0,221.3,14.0,9.4,19.8,0.0,1026.0
2026-03-19 08:00:00+00:00,7.9,67,2.2,0,163.0,117.0,586.2,46.0,9.7,19.4,0.0,1026.2
2026-03-19 09:00:00+00:00,10.1,60,2.7,0,322.0,254.0,732.9,68.0,9.7,19.8,0.0,1026.9
2026-03-19 10:00:00+00:00,12.2,52,2.7,0,463.0,380.0,809.4,83.0,10.8,22.7,0.0,1026.9
2026-03-19 11:00:00+00:00,13.8,43,1.4,0,569.0,476.0,850.1,93.0,12.6,27.4,0.0,1026.2
2026-03-19 12:00:00+00:00,15.1,38,0.9,0,628.0,530.0,866.3,98.0,13.0,28.8,0.0,1026.1
2026-03-19 13:00:00+00:00,15.8,38,1.5,0,637.0,535.0,860.7,102.0,10.8,25.2,0.0,1025.5
2026-03-19 14:00:00+00:00,15.8,41,2.5,0,593.0,491.0,834.1,102.0,10.4,23.8,0.0,1024.9
2026-03-19 15:00:00+00:00,15.4,45,3.5,0,498.0,399.0,774.5,99.0,12.2,25.6,0.0,1024.8
2026-03-19 16:00:00+00:00,15.3,47,4.0,0,362.0,270.0,664.7,92.0,10.1,20.5,0.0,1024.5
2026-03-19 17:00:00+00:00,14.8,49,4.2,0,201.0,123.0,456.8,78.0,8.6,18.0,0.0,1024.6
2026-03-19 18:00:00+00:00,13.7,53,4.3,0,44.0,3.0,26.3,41.0,6.8,14.8,0.0,1024.3
2026-03-19 19:00:00+00:00,12.5,61,5.2,0,0.0,0.0,0.0,0.0,3.6,8.3,0.0,1024.4
2026-03-19 20:00:00+00:00,11.8,60,4.3,0,0.0,0.0,0.0,0.0,2.2,5.8,0.0,1024.7
2026-03-19 21:00:00+00:00,12.0,51,2.1,0,0.0,0.0,0.0,0.0,10.1,22.0,0.0,1025.3
2026-03-19 22:00:00+00:00,10.8,55,2.1,0,0.0,0.0,0.0,0.0,10.1,21.2,0.0,1025.4
2026-03-19 23:00:00+00:00,10.2,56,1.8,0,0.0,0.0,0.0,0.0,8.6,19.1,0.0,1025.2
2026-03-20 00:00:00+00:00,9.4,57,1.3,0,0.0,0.0,0.0,0.0,5.8,13.0,0.0,1024.7
2026-03-20 01:00:00+00:00,8.4,62,1.6,0,0.0,0.0,0.0,0.0,3.2,7.9,0.0,1024.3
2026-03-20 02:00:00+00:00,8.0,62,1.1,100,0.0,0.0,0.0,0.0,4.7,10.1,0.0,1023.9
2026-03-20 03:00:00+00:00,7.4,63,0.8,51,0.0,0.0,0.0,0.0,5.8,13.0,0.0,1023.6
2026-03-20 04:00:00+00:00,6.8,68,1.3,100,0.0,0.0,0.0,0.0,4.0,8.6,0.0,1023.3
2026-03-20 05:00:00+00:00,6.4,71,1.5,0,0.0,0.0,0.0,0.0,5.0,10.8,0.0,1023.1
2026-03-20 06:00:00+00:00,5.9,71,1.0,0,0.0,0.0,0.0,0.0,5.4,11.9,0.0,1023.3
2026-03-20 07:00:00+00:00,6.0,73,1.5,0,33.0,18.0,225.3,15.0,5.8,12.2,0.0,1023.6
2026-03-20 08:00:00+00:00,7.1,71,2.2,0,166.0,119.0,578.6,47.0,7.6,15.1,0.0,1023.5
2026-03-20 09:00:00+00:00,9.2,62,2.3,0,322.0,254.0,720.4,68.0,6.5,13.7,0.0,1023.2
2026-03-20 10:00:00+00:00,11.2,58,3.3,0,459.0,377.0,793.1,82.0,6.5,14.0,0.0,1022.8
2026-03-20 11:00:00+00:00,13.0,54,3.9,1,561.0,469.0,829.2,92.0,6.5,14.8,0.0,1022.4
2026-03-20 12:00:00+00:00,15.1,42,2.3,88,613.0,497.0,805.1,116.0,7.6,19.4,0.0,1021.9
2026-03-20 13:00:00+00:00,15.7,40,2.2,100,597.0,434.0,692.3,163.0,9.7,23.4,0.0,1021.5
2026-03-20 14:00:00+00:00,16.2,36,1.1,0,580.0,468.0,788.3,112.0,9.4,22.3,0.0,1021.0
2026-03-20 15:00:00+00:00,16.1,37,1.4,35,455.0,304.0,584.6,151.0,8.3,22.7,0.0,1020.6
2026-03-20 16:00:00+00:00,15.1,44,2.9,13,339.0,228.0,554.8,111.0,9.4,19.8,0.0,1020.5
2026-03-20 17:00:00+00:00,14.4,46,2.9,99,173.0,60.0,219.1,113.0,8.3,17.3,0.0,1020.3
2026-03-20 18:00:00+00:00,14.0,53,4.5,100,48.0,0.0,0.0,48.0,6.5,15.8,0.0,1020.0
2026-03-20 19:00:00+00:00,12.6,59,4.8,9,0.0,0.0,0.0,0.0,8.6,18.0,0.0,1020.1
2026-03-20 20:00:00+00:00,11.8,67,5.9,68,0.0,0.0,0.0,0.0,5.8,12.2,0.0,1020.3
2026-03-20 21:00:00+00:00,11.5,66,5.3,2,0.0,0.0,0.0,0.0,5.4,11.9,0.0,1020.2
2026-03-20 22:00:00+00:00,11.2,52,1.7,58,0.0,0.0,0.0,0.0,6.5,13.7,0.0,1020.2
2026-03-20 23:00:00+00:00,10.4,57,2.3,53,0.0,0.0,0.0,0.0,5.8,12.6,0.0,1020.0
2026-03-21 00:00:00+00:00,8.9,58,1.1,5,0.0,0.0,0.0,0.0,6.8,14.8,0.0,1020.0
2026-03-21 01:00:00+00:00,8.4,68,2.8,2,0.0,0.0,0.0,0.0,9.0,18.4,0.0,1019.8
2026-03-21 02:00:00+00:00,7.9,79,4.5,0,0.0,0.0,0.0,0.0,10.1,21.2,0.0,1019.5
2026-03-21 03:00:00+00:00,8.5,76,4.5,100,0.0,0.0,0.0,0.0,9.4,19.1,0.0,1019.9
2026-03-21 04:00:00+00:00,8.0,80,4.7,100,0.0,0.0,0.0,0.0,10.8,22.3,0.0,1020.0
2026-03-21 05:00:00+00:00,7.7,80,4.5,100,0.0,0.0,0.0,0.0,12.2,25.2,0.0,1019.7
2026-03-21 06:00:00+00:00,6.9,83,4.2,100,0.0,0.0,0.0,0.0,10.1,20.5,0.0,1019.8
2026-03-21 07:00:00+00:00,6.6,83,3.9,10,36.0,21.0,253.1,15.0,8.6,18.7,0.0,1020.1
2026-03-21 08:00:00+00:00,7.2,80,4.0,0,175.0,127.0,599.8,48.0,11.2,22.7,0.0,1020.4
2026-03-21 09:00:00+00:00,9.0,65,2.7,0,331.0,262.0,730.8,69.0,8.6,17.6,0.0,1020.6
2026-03-21 10:00:00+00:00,10.4,52,1.0,0,473.0,390.0,810.6,83.0,11.5,24.5,0.0,1020.5
2026-03-21 11:00:00+00:00,11.4,41,-1.4,0,580.0,487.0,852.5,93.0,11.9,25.6,0.0,1020.1
2026-03-21 12:00:00+00:00,12.0,38,-1.9,0,635.0,527.0,846.2,108.0,10.8,24.5,0.0,1019.9
2026-03-21 13:00:00+00:00,12.9,36,-1.8,0,644.0,541.0,855.8,103.0,10.1,23.8,0.0,1019.3
2026-03-21 14:00:00+00:00,13.5,32,-2.9,0,599.0,497.0,830.1,102.0,9.4,22.0,0.0,1018.6
2026-03-21 15:00:00+00:00,13.9,32,-2.5,0,504.0,405.0,771.6,99.0,8.3,20.2,0.0,1018.0
2026-03-21 16:00:00+00:00,14.0,30,-3.3,0,370.0,277.0,666.4,93.0,9.4,22.0,0.0,1017.7
2026-03-21 17:00:00+00:00,13.5,33,-2.4,0,208.0,130.0,466.9,78.0,9.4,20.9,0.0,1017.6
2026-03-21 18:00:00+00:00,12.5,42,-0.0,0,50.0,5.0,40.8,45.0,9.0,20.2,0.0,1017.4
2026-03-21 19:00:00+00:00,11.8,46,0.6,0,0.0,0.0,0.0,0.0,7.6,16.9,0.0,1017.7
2026-03-21 20:00:00+00:00,11.2,51,1.5,0,0.0,0.0,0.0,0.0,6.5,13.7,0.0,1017.8
2026-03-21 21:00:00+00:00,10.1,57,2.0,0,0.0,0.0,0.0,0.0,6.8,14.8,0.0,1017.8
2026-03-21 22:00:00+00:00,9.2,63,2.5,0,0.0,0.0,0.0,0.0,5.8,13.3,0.0,1017.8
2026-03-21 23:00:00+00:00,8.4,71,3.4,0,0.0,0.0,0.0,0.0,4.0,9.4,0.0,1017.7
2026-03-22 00:00:00+00:00,7.7,68,2.1,0,0.0,0.0,0.0,0.0,5.4,12.2,0.0,1017.5
2026-03-22 01:00:00+00:00,6.9,72,2.2,0,0.0,0.0,0.0,0.0,4.7,10.8,0.0,1017.0
2026-03-22 02:00:00+00:00,6.4,74,2.1,0,0.0,0.0,0.0,0.0,4.3,10.1,0.0,1016.7
2026-03-22 03:00:00+00:00,6.1,77,2.3,0,0.0,0.0,0.0,0.0,5.0,11.2,0.0,1016.7
2026-03-22 04:00:00+00:00,5.7,78,2.2,0,0.0,0.0,0.0,0.0,5.4,11.5,0.0,1016.7
2026-03-22 05:00:00+00:00,5.6,79,2.3,0,0.0,0.0,0.0,0.0,5.4,11.9,0.0,1016.6
2026-03-22 06:00:00+00:00,4.7,82,1.9,0,0.0,0.0,0.0,0.0,4.7,10.4,0.0,1016.6
2026-03-22 07:00:00+00:00,4.6,82,1.8,0,38.0,22.0,255.8,16.0,4.0,8.6,0.0,1016.8
2026-03-22 08:00:00+00:00,5.6,77,1.9,0,180.0,131.0,601.6,49.0,2.5,6.1,0.0,1017.1
2026-03-22 09:00:00+00:00,7.3,73,2.8,0,337.0,267.0,732.7,70.0,3.6,9.4,0.0,1017.4
2026-03-22 10:00:00+00:00,8.4,68,2.9,0,477.0,393.0,807.1,84.0,1.1,8.3,0.0,1017.2
2026-03-22 11:00:00+00:00,9.9,61,2.7,0,581.0,488.0,846.0,93.0,2.2,10.1,0.0,1017.1
2026-03-22 12:00:00+00:00,11.3,45,-0.2,0,643.0,544.0,866.0,99.0,2.2,11.9,0.0,1016.6
2026-03-22 13:00:00+00:00,12.5,37,-1.8,0,653.0,551.0,864.6,102.0,4.0,14.8,0.0,1016.1
2026-03-22 14:00:00+00:00,13.2,38,-0.8,0,603.0,503.0,833.1,100.0,4.3,14.8,0.0,1015.8
2026-03-22 15:00:00+00:00,14.2,31,-2.7,100,481.0,347.0,655.1,134.0,7.2,19.1,0.0,1015.5
2026-03-22 16:00:00+00:00,14.3,39,0.5,100,314.0,145.0,345.0,169.0,7.6,18.4,0.0,1015.6
2026-03-22 17:00:00+00:00,14.1,40,0.7,100,139.0,10.0,35.3,129.0,7.6,18.0,0.0,1015.8
2026-03-22 18:00:00+00:00,11.3,65,5.0,100,44.0,0.0,0.0,44.0,7.9,16.2,0.0,1016.2
2026-03-22 19:00:00+00:00,10.3,70,5.0,100,0.0,0.0,0.0,0.0,6.5,13.0,0.0,1016.9
2026-03-22 20:00:00+00:00,10.0,71,5.0,100,0.0,0.0,0.0,0.0,4.7,9.4,0.0,1017.4
2026-03-22 21:00:00+00:00,9.6,71,4.6,100,0.0,0.0,0.0,0.0,2.9,7.2,0.0,1018.3
2026-03-22 22:00:00+00:00,9.9,69,4.5,100,0.0,0.0,0.0,0.0,1.1,4.0,0.0,1018.4
2026-03-22 23:00:00+00:00,10.4,66,4.3,100,0.0,0.0,0.0,0.0,5.4,11.5,0.0,1018.7
2026-03-23 00:00:00+00:00,10.1,58,2.2,100,0.0,0.0,0.0,0.0,5.8,12.2,0.0,1019.0
2026-03-23 01:00:00+00:00,9.1,63,2.4,28,0.0,0.0,0.0,0.0,5.8,12.2,0.0,1019.2
2026-03-23 02:00:00+00:00,8.7,63,2.0,0,0.0,0.0,0.0,0.0,5.8,13.3,0.0,1019.4
2026-03-23 03:00:00+00:00,8.3,78,4.7,0,0.0,0.0,0.0,0.0,8.6,18.0,0.0,1019.8
2026-03-23 04:00:00+00:00,7.7,85,5.4,0,0.0,0.0,0.0,0.0,6.8,14.8,0.0,1019.8
2026-03-23 05:00:00+00:00,7.1,89,5.4,0,0.0,0.0,0.0,0.0,5.0,11.9,0.0,1020.4
2026-03-23 06:00:00+00:00,6.7,88,4.9,88,0.0,0.0,0.0,0.0,5.4,12.2,0.0,1021.0
2026-03-23 07:00:00+00:00,6.9,86,4.7,92,37.0,12.0,134.8,25.0,5.8,11.9,0.0,1021.5
2026-03-23 08:00:00+00:00,8.0,83,5.3,100,149.0,52.0,232.4,97.0,6.1,12.6,0.0,1021.8
2026-03-23 09:00:00+00:00,9.3,75,5.1,100,282.0,128.0,345.7,154.0,4.7,9.7,0.0,1021.9
2026-03-23 10:00:00+00:00,10.6,68,4.9,98,445.0,311.0,631.3,134.0,5.0,12.6,0.0,1022.1
2026-03-23 11:00:00+00:00,11.7,62,4.6,16,548.0,404.0,693.7,144.0,4.7,13.7,0.0,1021.8
2026-03-23 12:00:00+00:00,12.7,56,4.1,98,590.0,395.0,623.5,195.0,8.3,19.1,0.0,1021.8
2026-03-23 13:00:00+00:00,13.3,52,3.7,82,623.0,476.0,740.9,147.0,7.6,18.4,0.0,1021.4
2026-03-23 14:00:00+00:00,13.7,54,4.6,95,529.0,348.0,571.7,181.0,8.6,21.6,0.0,1021.2
2026-03-23 15:00:00+00:00,14.3,52,4.6,100,413.0,219.0,409.7,194.0,11.2,24.8,0.0,1021.2
2026-03-23 16:00:00+00:00,13.8,53,4.4,33,358.0,247.0,581.2,111.0,11.9,25.9,0.0,1021.3
2026-03-23 17:00:00+00:00,12.6,59,4.8,100,182.0,62.0,215.6,120.0,11.9,24.5,0.0,1021.5
2026-03-23 18:00:00+00:00,11.4,66,5.3,100,49.0,0.0,0.0,49.0,9.7,19.4,0.0,1021.1
2026-03-23 19:00:00+00:00,10.5,74,6.0,100,0.0,0.0,0.0,0.0,7.9,15.8,0.0,1021.1
2026-03-23 20:00:00+00:00,10.0,80,6.7,100,0.0,0.0,0.0,0.0,8.6,17.6,0.0,1020.8
2026-03-23 21:00:00+00:00,9.9,83,7.1,100,0.0,0.0,0.0,0.0,8.6,17.3,0.0,1020.6
2026-03-23 22:00:00+00:00,9.6,88,7.7,100,0.0,0.0,0.0,0.0,9.0,18.4,0.0,1020.5
2026-03-23 23:00:00+00:00,9.3,92,8.1,100,0.0,0.0,0.0,0.0,8.3,16.6,0.0,1020.6
2026-03-24 00:00:00+00:00,9.1,91,7.7,100,0.0,0.0,0.0,0.0,10.4,21.2,0.0,1020.3
2026-03-24 01:00:00+00:00,9.3,92,8.0,100,0.0,0.0,0.0,0.0,10.1,21.2,0.0,1019.8
2026-03-24 02:00:00+00:00,9.3,93,8.2,100,0.0,0.0,0.0,0.0,9.4,19.1,0.0,1019.5
2026-03-24 03:00:00+00:00,9.2,93,8.1,100,0.0,0.0,0.0,0.0,10.4,21.2,0.0,1019.7
2026-03-24 04:00:00+00:00,8.8,93,7.8,100,0.0,0.0,0.0,0.0,8.3,16.9,0.0,1019.1
2026-03-24 05:00:00+00:00,8.8,94,7.9,100,0.0,0.0,0.0,0.0,9.4,19.1,0.0,1018.8
2026-03-24 06:00:00+00:00,8.2,94,7.3,100,0.0,0.0,0.0,0.0,8.3,17.3,0.0,1018.7
2026-03-24 07:00:00+00:00,8.7,92,7.5,100,32.0,5.0,54.3,27.0,9.4,18.7,0.0,1018.7
2026-03-24 08:00:00+00:00,10.1,86,7.8,100,127.0,21.0,91.4,106.0,12.6,25.6,0.0,1018.6
2026-03-24 09:00:00+00:00,11.3,81,8.2,100,118.0,13.0,34.6,105.0,14.0,28.4,0.0,1018.0
2026-03-24 10:00:00+00:00,12.3,75,8.0,100,161.0,21.0,42.1,140.0,17.6,37.1,0.0,1017.7
2026-03-24 11:00:00+00:00,12.3,77,8.4,100,208.0,11.0,18.7,197.0,19.4,40.3,0.0,1017.0
2026-03-24 12:00:00+00:00,11.7,82,8.8,100,105.0,0.0,0.0,105.0,19.1,39.6,0.0,1016.3
2026-03-24 13:00:00+00:00,11.9,79,8.4,100,122.0,0.0,0.0,122.0,22.0,45.4,0.0,1015.5
2026-03-24 14:00:00+00:00,12.0,76,7.9,100,131.0,0.0,0.0,131.0,23.0,47.9,0.0,1014.2
2026-03-24 15:00:00+00:00,12.2,73,7.5,100,209.0,14.0,26.0,195.0,24.5,50.4,0.0,1013.6
2026-03-24 16:00:00+00:00,11.9,74,7.4,91,114.0,0.0,0.0,114.0,22.3,46.1,0.0,1012.7
2026-03-24 17:00:00+00:00,11.3,82,8.3,100,43.0,1.0,3.4,42.0,21.2,43.9,0.0,1011.7
2026-03-24 18:00:00+00:00,11.1,80,7.8,86,36.0,1.0,7.3,35.0,22.0,45.4,0.0,1010.4
2026-03-24 19:00:00+00:00,11.1,79,7.6,96,0.0,0.0,0.0,0.0,23.8,48.2,0.0,1009.0
2026-03-24 20:00:00+00:00,10.9,80,7.6,90,0.0,0.0,0.0,0.0,26.6,55.4,0.0,1007.2
2026-03-24 21:00:00+00:00,10.3,90,8.8,100,0.0,0.0,0.0,0.0,28.1,58.0,0.4,1005.1
2026-03-24 22:00:00+00:00,10.6,74,6.2,98,0.0,0.0,0.0,0.0,22.7,48.2,0.0,1004.8
2026-03-24 23:00:00+00:00,9.2,70,4.0,23,0.0,0.0,0.0,0.0,23.0,48.2,0.0,1005.1
2026-03-25 00:00:00+00:00,8.5,67,2.7,5,0.0,0.0,0.0,0.0,24.1,50.8,0.0,1005.0
2026-03-25 01:00:00+00:00,7.0,76,3.1,100,0.0,0.0,0.0,0.0,24.8,51.8,0.4,1005.3
2026-03-25 02:00:00+00:00,6.2,86,4.1,1,0.0,0.0,0.0,0.0,20.9,43.2,0.9,1005.2
2026-03-25 03:00:00+00:00,5.9,84,3.4,87,0.0,0.0,0.0,0.0,13.7,28.8,2.2,1005.2
2026-03-25 04:00:00+00:00,5.9,79,2.6,39,0.0,0.0,0.0,0.0,22.7,47.2,0.0,1005.0
2026-03-25 05:00:00+00:00,5.9,79,2.6,95,0.0,0.0,0.0,0.0,18.4,38.5,0.0,1006.0
2026-03-25 06:00:00+00:00,6.2,74,1.9,86,0.0,0.0,0.0,0.0,25.6,53.6,0.0,1007.1
2026-03-25 07:00:00+00:00,5.8,75,1.7,100,31.0,5.0,52.6,26.0,29.9,61.2,0.0,1008.2
2026-03-25 08:00:00+00:00,5.6,77,1.9,84,95.0,36.0,152.8,59.0,26.6,53.6,0.8,1009.4
2026-03-25 09:00:00+00:00,6.1,66,0.2,74,240.0,111.0,290.6,129.0,24.1,49.3,0.1,1011.4
2026-03-25 10:00:00+00:00,7.2,50,-2.5,20,482.0,371.0,736.1,111.0,25.6,52.6,0.0,1011.9
2026-03-25 11:00:00+00:00,8.5,37,-5.4,12,577.0,442.0,744.8,135.0,30.2,62.6,0.0,1012.3
2026-03-25 12:00:00+00:00,8.8,36,-5.4,23,598.0,439.0,681.6,159.0,31.0,65.2,0.0,1012.8
2026-03-25 13:00:00+00:00,9.2,33,-6.2,71,366.0,138.0,211.4,228.0,26.3,54.7,0.0,1013.1
2026-03-25 14:00:00+00:00,9.3,36,-5.0,65,539.0,385.0,622.5,154.0,27.4,56.2,0.0,1013.2
2026-03-25 15:00:00+00:00,9.1,34,-5.9,100,352.0,196.0,360.3,156.0,29.5,61.6,0.0,1013.5
2026-03-25 16:00:00+00:00,6.3,56,-1.8,100,179.0,7.0,16.1,172.0,30.6,62.6,0.3,1014.7
2026-03-25 17:00:00+00:00,7.7,47,-2.9,52,181.0,59.0,198.9,122.0,23.4,47.2,0.0,1014.4
2026-03-25 18:00:00+00:00,6.3,57,-1.6,0,66.0,14.0,99.6,52.0,22.0,46.1,0.0,1014.9
2026-03-25 19:00:00+00:00,6.5,54,-2.2,16,0.0,0.0,0.0,0.0,17.6,36.4,0.0,1015.8
2026-03-25 20:00:00+00:00,5.3,58,-2.3,0,0.0,0.0,0.0,0.0,17.6,37.4,0.0,1016.5
2026-03-25 21:00:00+00:00,5.5,56,-2.6,0,0.0,0.0,0.0,0.0,18.4,38.2,0.0,1017.7
2026-03-25 22:00:00+00:00,5.1,60,-2.1,0,0.0,0.0,0.0,0.0,16.2,33.8,0.0,1018.4
2026-03-25 23:00:00+00:00,4.4,67,-1.2,0,0.0,0.0,0.0,0.0,14.0,29.2,0.0,1019.0
2026-03-26 00:00:00+00:00,4.0,70,-1.0,0,0.0,0.0,0.0,0.0,10.1,21.6,0.0,1019.2
2026-03-26 01:00:00+00:00,4.0,71,-0.8,84,0.0,0.0,0.0,0.0,10.8,22.7,0.0,1019.5
2026-03-26 02:00:00+00:00,4.7,71,-0.1,85,0.0,0.0,0.0,0.0,11.9,24.5,0.0,1019.3
2026-03-26 03:00:00+00:00,4.0,74,-0.2,5,0.0,0.0,0.0,0.0,11.2,23.4,0.0,1020.2
2026-03-26 04:00:00+00:00,4.4,74,0.1,43,0.0,0.0,0.0,0.0,13.7,28.4,0.0,1020.3
2026-03-26 05:00:00+00:00,4.6,75,0.6,39,0.0,0.0,0.0,0.0,11.9,24.5,0.0,1020.9
2026-03-26 06:00:00+00:00,3.2,79,-0.1,0,0.0,0.0,0.0,0.0,7.6,15.8,0.0,1022.0
2026-03-26 07:00:00+00:00,3.3,81,0.4,0,54.0,32.0,326.2,22.0,6.8,14.0,0.0,1022.5
2026-03-26 08:00:00+00:00,4.5,74,0.3,0,149.0,39.0,161.4,110.0,10.4,22.0,0.0,1023.1
2026-03-26 09:00:00+00:00,6.1,60,-1.1,2,364.0,287.0,739.9,77.0,14.0,29.9,0.0,1023.4
2026-03-26 10:00:00+00:00,7.4,46,-3.5,4,501.0,408.0,800.4,93.0,13.0,28.1,0.0,1023.5
2026-03-26 11:00:00+00:00,8.4,37,-5.4,5,603.0,495.0,826.5,108.0,13.3,29.9,0.0,1023.5
2026-03-26 12:00:00+00:00,9.6,36,-4.8,45,548.0,328.0,505.1,220.0,14.8,33.1,0.0,1022.9
2026-03-26 13:00:00+00:00,9.7,36,-4.6,59,461.0,243.0,369.5,218.0,14.0,31.7,0.0,1023.0
2026-03-26 14:00:00+00:00,10.1,33,-5.4,47,435.0,275.0,441.2,160.0,12.2,28.4,0.0,1022.9
2026-03-26 15:00:00+00:00,10.9,31,-5.6,42,462.0,308.0,561.4,154.0,13.7,31.3,0.0,1022.7
2026-03-26 16:00:00+00:00,10.8,31,-5.6,36,323.0,192.0,437.6,131.0,14.0,31.7,0.0,1022.7
2026-03-26 17:00:00+00:00,10.4,33,-5.2,54,163.0,66.0,219.2,97.0,11.5,25.6,0.0,1022.9
2026-03-26 18:00:00+00:00,10.1,37,-3.9,62,54.0,8.0,55.1,46.0,10.4,22.7,0.0,1022.9
2026-03-26 19:00:00+00:00,9.7,41,-3.0,73,0.0,0.0,0.0,0.0,8.3,17.6,0.0,1023.3
2026-03-26 20:00:00+00:00,8.7,59,1.2,100,0.0,0.0,0.0,0.0,11.2,23.8,0.0,1023.5
2026-03-26 21:00:00+00:00,7.6,66,1.7,85,0.0,0.0,0.0,0.0,6.8,14.4,0.0,1024.0
2026-03-26 22:00:00+00:00,7.4,69,2.1,93,0.0,0.0,0.0,0.0,5.0,10.8,0.0,1023.9
2026-03-26 23:00:00+00:00,7.5,70,2.4,77,0.0,0.0,0.0,0.0,5.4,11.2,0.0,1023.6
2026-03-27 00:00:00+00:00,7.5,68,2.0,79,0.0,0.0,0.0,0.0,7.2,15.5,0.0,1023.2
2026-03-27 01:00:00+00:00,7.4,65,1.2,100,0.0,0.0,0.0,0.0,6.5,13.7,0.0,1023.2
2026-03-27 02:00:00+00:00,6.8,67,1.1,88,0.0,0.0,0.0,0.0,5.8,12.2,0.0,1022.8
2026-03-27 03:00:00+00:00,7.3,73,2.8,100,0.0,0.0,0.0,0.0,6.5,13.0,0.0,1022.4
2026-03-27 04:00:00+00:00,7.3,76,3.3,100,0.0,0.0,0.0,0.0,5.8,11.9,0.0,1022.1
2026-03-27 05:00:00+00:00,7.3,78,3.7,100,0.0,0.0,0.0,0.0,5.0,10.4,0.0,1022.0
2026-03-27 06:00:00+00:00,7.6,84,5.0,98,0.0,0.0,0.0,0.0,6.8,14.0,0.0,1021.7
2026-03-27 07:00:00+00:00,8.1,86,5.9,100,17.0,0.0,0.0,17.0,6.5,13.3,0.0,1021.6
2026-03-27 08:00:00+00:00,9.2,84,6.6,100,79.0,4.0,16.2,75.0,10.8,21.2,0.0,1021.5
2026-03-27 09:00:00+00:00,10.4,77,6.6,100,135.0,4.0,10.2,131.0,11.9,23.8,0.0,1021.4
2026-03-27 10:00:00+00:00,10.6,79,7.1,100,103.0,0.0,0.0,103.0,12.2,24.8,0.1,1021.1
2026-03-27 11:00:00+00:00,10.9,82,7.9,100,177.0,1.0,1.7,176.0,11.5,23.8,0.1,1020.8
2026-03-27 12:00:00+00:00,11.2,82,8.2,100,166.0,0.0,0.0,166.0,14.8,30.2,0.2,1020.6
2026-03-27 13:00:00+00:00,11.6,80,8.3,100,232.0,5.0,7.5,227.0,15.5,31.3,0.2,1020.0
2026-03-27 14:00:00+00:00,11.5,81,8.4,100,143.0,0.0,0.0,143.0,15.8,32.0,0.1,1019.4
2026-03-27 15:00:00+00:00,11.4,84,8.8,100,48.0,0.0,0.0,48.0,14.8,30.6,0.0,1018.8
2026-03-27 16:00:00+00:00,11.3,86,9.1,100,44.0,0.0,0.0,44.0,15.5,32.0,0.1,1018.4
2026-03-27 17:00:00+00:00,11.2,90,9.6,100,33.0,0.0,0.0,33.0,14.0,29.2,0.0,1018.3
2026-03-27 18:00:00+00:00,11.4,83,8.6,100,34.0,0.0,0.0,34.0,13.7,28.1,0.1,1018.2
2026-03-27 19:00:00+00:00,10.7,83,8.0,96,0.0,0.0,0.0,0.0,11.2,23.0,0.0,1018.7
2026-03-27 20:00:00+00:00,10.2,82,7.3,100,0.0,0.0,0.0,0.0,11.9,24.1,0.0,1019.2
2026-03-27 21:00:00+00:00,9.2,64,2.8,100,0.0,0.0,0.0,0.0,10.1,20.9,0.0,1019.6
2026-03-27 22:00:00+00:00,8.5,65,2.3,100,0.0,0.0,0.0,0.0,10.1,21.2,0.0,1020.1
2026-03-27 23:00:00+00:00,7.8,79,4.4,98,0.0,0.0,0.0,0.0,11.2,23.8,0.0,1020.6
2026-03-28 00:00:00+00:00,7.8,64,1.4,52,0.0,0.0,0.0,0.0,13.3,28.1,0.0,1021.3
2026-03-28 01:00:00+00:00,7.2,66,1.2,100,0.0,0.0,0.0,0.0,13.3,28.1,0.0,1021.9
2026-03-28 02:00:00+00:00,6.8,67,1.1,49,0.0,0.0,0.0,0.0,13.0,26.6,0.0,1022.2
2026-03-28 03:00:00+00:00,6.1,67,0.4,55,0.0,0.0,0.0,0.0,9.4,19.4,0.0,1023.5
2026-03-28 04:00:00+00:00,5.0,73,0.6,0,0.0,0.0,0.0,0.0,8.6,18.0,0.0,1023.8
2026-03-28 05:00:00+00:00,4.4,72,-0.2,0,0.0,0.0,0.0,0.0,8.3,17.3,0.0,1024.2
2026-03-28 06:00:00+00:00,4.4,66,-1.4,0,3.0,0.0,0.0,3.0,11.9,24.8,0.0,1024.5
2026-03-28 07:00:00+00:00,4.7,62,-2.0,0,64.0,40.0,384.0,24.0,11.9,24.5,0.0,1024.7
2026-03-28 08:00:00+00:00,5.9,59,-1.5,0,216.0,161.0,634.7,55.0,12.6,26.3,0.0,1024.9
2026-03-28 09:00:00+00:00,7.3,54,-1.4,29,285.0,168.0,420.4,117.0,18.4,38.9,0.0,1025.2
2026-03-28 10:00:00+00:00,8.6,43,-3.3,38,449.0,294.0,564.2,155.0,21.2,45.0,0.0,1025.5
2026-03-28 11:00:00+00:00,9.5,37,-4.5,22,589.0,450.0,737.9,139.0,21.6,46.1,0.0,1025.5
2026-03-28 12:00:00+00:00,10.1,38,-3.6,38,571.0,399.0,604.7,172.0,20.9,44.6,0.0,1025.5
2026-03-28 13:00:00+00:00,10.0,42,-2.3,74,336.0,143.0,214.1,193.0,20.2,42.8,0.0,1025.6
2026-03-28 14:00:00+00:00,10.1,46,-1.0,95,346.0,119.0,188.0,227.0,20.2,41.8,0.0,1025.9
2026-03-28 15:00:00+00:00,10.3,35,-4.5,67,192.0,14.0,25.1,178.0,22.0,45.7,0.0,1027.5
2026-03-28 16:00:00+00:00,10.1,37,-4.0,46,340.0,206.0,460.1,134.0,22.3,46.1,0.0,1028.0
2026-03-28 17:00:00+00:00,9.5,39,-3.8,10,238.0,151.0,487.1,87.0,20.2,42.1,0.0,1028.5
2026-03-28 18:00:00+00:00,8.5,43,-3.4,0,78.0,22.0,142.9,56.0,20.2,41.8,0.0,1029.3
2026-03-28 19:00:00+00:00,7.8,47,-2.8,43,0.0,0.0,0.0,0.0,18.4,38.5,0.0,1030.2
2026-03-28 20:00:00+00:00,7.1,48,-3.2,0,0.0,0.0,0.0,0.0,16.9,34.9,0.0,1031.0
2026-03-28 21:00:00+00:00,6.4,52,-2.7,0,0.0,0.0,0.0,0.0,11.2,23.4,0.0,1031.9
2026-03-28 22:00:00+00:00,6.0,53,-2.9,0,0.0,0.0,0.0,0.0,9.4,19.8,0.0,1032.2
2026-03-28 23:00:00+00:00,5.4,59,-2.0,0,0.0,0.0,0.0,0.0,9.7,20.5,0.0,1032.4
2026-03-29 00:00:00+00:00,4.9,62,-1.7,0,0.0,0.0,0.0,0.0,10.1,21.2,0.0,1032.7
2026-03-29 01:00:00+00:00,4.7,65,-1.3,0,0.0,0.0,0.0,0.0,11.2,23.0,0.0,1032.6
2026-03-29 02:00:00+00:00,4.7,68,-0.7,25,0.0,0.0,0.0,0.0,9.4,19.8,0.0,1032.5
2026-03-29 03:00:00+00:00,3.8,72,-0.8,0,0.0,0.0,0.0,0.0,5.4,11.9,0.0,1032.7
2026-03-29 04:00:00+00:00,3.6,74,-0.6,4,0.0,0.0,0.0,0.0,6.5,14.0,0.0,1032.6
2026-03-29 05:00:00+00:00,3.8,77,0.1,0,0.0,0.0,0.0,0.0,6.8,14.8,0.0,1032.1
2026-03-29 06:00:00+00:00,3.6,79,0.3,2,0.0,0.0,0.0,0.0,5.8,12.2,0.0,1032.3
2026-03-29 07:00:00+00:00,4.3,75,0.3,0,65.0,38.0,354.4,27.0,4.7,9.7,0.0,1032.2
2026-03-29 08:00:00+00:00,6.3,66,0.4,84,171.0,69.0,265.7,102.0,7.6,15.5,0.0,1031.8
2026-03-29 09:00:00+00:00,8.0,62,1.1,100,349.0,234.0,577.2,115.0,11.5,23.8,0.0,1032.0
2026-03-29 10:00:00+00:00,9.8,53,0.6,100,376.0,114.0,216.4,262.0,13.7,29.2,0.0,1031.5
2026-03-29 11:00:00+00:00,10.2,53,1.1,100,168.0,4.0,6.5,164.0,16.6,34.6,0.0,1030.7
2026-03-29 12:00:00+00:00,10.1,57,1.9,100,189.0,2.0,3.0,187.0,19.1,38.9,0.0,1029.6
2026-03-29 13:00:00+00:00,10.7,54,1.7,100,225.0,3.0,4.5,222.0,20.2,42.5,0.0,1028.4
2026-03-29 14:00:00+00:00,10.6,60,3.2,100,158.0,1.0,1.6,157.0,21.2,43.9,0.0,1027.2
2026-03-29 15:00:00+00:00,10.9,60,3.5,100,196.0,4.0,7.1,192.0,21.6,44.6,0.0,1026.3
2026-03-29 16:00:00+00:00,10.8,66,4.7,100,121.0,0.0,0.0,121.0,20.9,43.6,0.0,1025.2
2026-03-29 17:00:00+00:00,10.2,71,5.2,100,44.0,0.0,0.0,44.0,22.7,47.2,0.0,1024.4
2026-03-29 18:00:00+00:00,9.6,81,6.5,100,12.0,0.0,0.0,12.0,20.9,43.6,0.0,1023.8
2026-03-29 19:00:00+00:00,9.6,82,6.7,100,0.0,0.0,0.0,0.0,20.9,42.8,0.0,1023.1
2026-03-29 20:00:00+00:00,9.6,86,7.4,100,0.0,0.0,0.0,0.0,18.0,37.4,0.0,1022.9
2026-03-29 21:00:00+00:00,9.5,90,8.0,100,0.0,0.0,0.0,0.0,12.2,25.9,0.0,1024.1
2026-03-29 22:00:00+00:00,9.7,92,8.4,96,0.0,0.0,0.0,0.0,11.5,23.8,0.0,1023.8
2026-03-29 23:00:00+00:00,9.4,93,8.3,5,0.0,0.0,0.0,0.0,11.5,24.5,0.0,1023.3
2026-03-30 00:00:00+00:00,9.0,92,7.8,4,0.0,0.0,0.0,0.0,11.2,23.0,0.0,1023.0
2026-03-30 01:00:00+00:00,8.9,87,6.8,16,0.0,0.0,0.0,0.0,11.9,24.8,0.0,1022.9
2026-03-30 02:00:00+00:00,8.4,84,5.8,13,0.0,0.0,0.0,0.0,12.2,26.3,0.0,1022.8
2026-03-30 03:00:00+00:00,7.5,79,4.1,0,0.0,0.0,0.0,0.0,12.2,25.6,0.0,1024.2
2026-03-30 04:00:00+00:00,7.1,78,3.5,0,0.0,0.0,0.0,0.0,12.6,26.3,0.0,1024.2
2026-03-30 05:00:00+00:00,6.6,82,3.8,0,0.0,0.0,0.0,0.0,11.5,24.1,0.0,1024.5
2026-03-30 06:00:00+00:00,6.2,80,3.0,0,0.0,0.0,0.0,0.0,10.8,23.0,0.0,1025.0
2026-03-30 07:00:00+00:00,6.6,81,3.6,0,72.0,45.0,408.2,27.0,10.1,20.2,0.0,1025.6
2026-03-30 08:00:00+00:00,8.0,74,3.7,0,225.0,169.0,636.2,56.0,13.7,28.1,0.0,1025.9
2026-03-30 09:00:00+00:00,9.7,58,1.9,10,375.0,294.0,714.9,81.0,16.6,34.9,0.0,1026.3
2026-03-30 10:00:00+00:00,10.5,53,1.3,62,347.0,175.0,328.7,172.0,18.4,38.9,0.0,1026.4
2026-03-30 11:00:00+00:00,10.9,52,1.4,86,228.0,7.0,11.3,221.0,17.3,37.1,0.0,1026.3
2026-03-30 12:00:00+00:00,11.7,47,0.7,78,403.0,190.0,283.5,213.0,19.4,41.4,0.0,1026.4
2026-03-30 13:00:00+00:00,12.7,44,0.8,23,552.0,337.0,497.3,215.0,20.2,42.8,0.0,1026.1
2026-03-30 14:00:00+00:00,13.1,42,0.4,61,412.0,191.0,297.3,221.0,18.7,40.0,0.0,1026.0
2026-03-30 15:00:00+00:00,13.5,38,-0.5,57,392.0,180.0,317.4,212.0,19.4,41.8,0.0,1026.3
2026-03-30 16:00:00+00:00,13.4,39,-0.3,45,321.0,176.0,385.4,145.0,19.1,40.7,0.0,1026.8
2026-03-30 17:00:00+00:00,12.7,42,0.1,25,207.0,104.0,326.2,103.0,19.4,41.0,0.0,1027.3
2026-03-30 18:00:00+00:00,11.7,45,0.2,19,78.0,21.0,129.0,57.0,16.6,34.6,0.0,1027.7
2026-03-30 19:00:00+00:00,10.7,51,0.9,24,0.0,0.0,0.0,0.0,13.7,28.4,0.0,1028.2
2026-03-30 20:00:00+00:00,9.8,57,1.7,0,0.0,0.0,0.0,0.0,11.2,23.8,0.0,1028.8
2026-03-30 21:00:00+00:00,9.2,58,1.3,0,0.0,0.0,0.0,0.0,10.1,20.9,0.0,1029.7
2026-03-30 22:00:00+00:00,8.3,63,1.6,1,0.0,0.0,0.0,0.0,10.1,20.9,0.0,1030.2
2026-03-30 23:00:00+00:00,7.9,67,2.2,66,0.0,0.0,0.0,0.0,8.6,17.6,0.0,1030.5
2026-03-31 00:00:00+00:00,8.3,65,2.1,70,0.0,0.0,0.0,0.0,8.6,17.6,0.0,1030.5
2026-03-31 01:00:00+00:00,8.0,68,2.5,68,0.0,0.0,0.0,0.0,10.4,21.2,0.0,1030.5
2026-03-31 02:00:00+00:00,8.0,70,2.9,97,0.0,0.0,0.0,0.0,9.4,19.1,0.0,1030.7
2026-03-31 03:00:00+00:00,8.2,70,3.1,95,0.0,0.0,0.0,0.0,8.3,16.9,0.0,1031.0
2026-03-31 04:00:00+00:00,8.3,74,3.9,92,0.0,0.0,0.0,0.0,5.0,10.4,0.0,1030.9
2026-03-31 05:00:00+00:00,8.2,77,4.4,94,0.0,0.0,0.0,0.0,4.7,9.7,0.0,1030.9
2026-03-31 06:00:00+00:00,8.4,78,4.8,88,1.0,0.0,0.0,1.0,5.0,10.8,0.0,1031.3
2026-03-31 07:00:00+00:00,8.6,78,5.0,81,47.0,7.0,61.8,40.0,7.6,15.8,0.0,1031.3
2026-03-31 08:00:00+00:00,9.4,79,5.9,100,56.0,0.0,0.0,56.0,6.8,14.4,0.0,1031.7
2026-03-31 09:00:00+00:00,9.6,78,5.9,100,82.0,0.0,0.0,82.0,3.6,7.6,0.0,1032.1
2026-03-31 10:00:00+00:00,10.4,79,6.9,93,253.0,48.0,89.2,205.0,4.7,10.1,0.0,1032.1
2026-03-31 11:00:00+00:00,12.3,74,7.8,97,225.0,19.0,30.4,206.0,3.2,8.6,0.0,1031.8
2026-03-31 12:00:00+00:00,14.6,66,8.3,95,289.0,64.0,94.8,225.0,7.9,18.0,0.0,1031.3
2026-03-31 13:00:00+00:00,15.2,64,8.4,97,232.0,26.0,38.1,206.0,11.5,23.8,0.0,1030.9
2026-03-31 14:00:00+00:00,15.4,66,9.1,95,345.0,64.0,98.9,281.0,11.2,23.8,0.0,1030.6
2026-03-31 15:00:00+00:00,15.7,65,9.2,100,218.0,23.0,40.2,195.0,10.4,22.7,0.0,1030.4
2026-03-31 16:00:00+00:00,15.7,65,9.2,99,99.0,0.0,0.0,99.0,8.6,18.4,0.0,1030.2
2026-03-31 17:00:00+00:00,14.4,75,10.1,100,49.0,0.0,0.0,49.0,13.3,28.1,0.0,1030.2
2026-03-31 18:00:00+00:00,14.7,68,8.8,79,55.0,9.0,53.8,46.0,14.0,29.2,0.0,1029.7
2026-03-31 19:00:00+00:00,12.8,71,7.7,0,0.0,0.0,0.0,0.0,14.0,29.9,0.0,1029.8
2026-03-31 20:00:00+00:00,11.6,75,7.3,42,0.0,0.0,0.0,0.0,9.4,20.2,0.0,1030.0
2026-03-31 21:00:00+00:00,10.7,83,8.0,4,0.0,0.0,0.0,0.0,10.1,20.9,0.0,1030.0
2026-03-31 22:00:00+00:00,10.2,84,7.6,55,0.0,0.0,0.0,0.0,9.4,19.8,0.0,1029.9
2026-03-31 23:00:00+00:00,9.5,87,7.4,57,0.0,0.0,0.0,0.0,9.4,19.4,0.0,1029.6
